ISO-10303-21;
HEADER;
FILE_DESCRIPTION (( 'STEP AP203' ),
    '1' );
FILE_NAME ('228-2500-213.step',
    '2022-06-06T19:51:16',
    ( '' ),
    ( '' ),
    'SwSTEP 2.0',
    'SolidWorks 2021',
    '' );
FILE_SCHEMA (( 'CONFIG_CONTROL_DESIGN' ));
ENDSEC;

DATA;
#1 = CARTESIAN_POINT ( 'NONE',  ( -1.244985501274098239, -6.851020669089141535, 2.286000000000000476 ) ) ;
#2 = CARTESIAN_POINT ( 'NONE',  ( -5.022562078130886398, -5.445848997224147503, 2.286000000000000476 ) ) ;
#3 = CARTESIAN_POINT ( 'NONE',  ( -5.753041440904887338, 2.398629593088688949, -2.286000000000000920 ) ) ;
#4 = CARTESIAN_POINT ( 'NONE',  ( 5.904012904798280559, -2.408368181655955897, 2.286000000000000476 ) ) ;
#5 = CARTESIAN_POINT ( 'NONE',  ( -2.572579828584877326, 4.317644004947601921, 2.286000000000000476 ) ) ;
#6 = CARTESIAN_POINT ( 'NONE',  ( -5.025479307074648183, 0.06909748234411594581, -2.285999999999992482 ) ) ;
#7 = ORIENTED_EDGE ( 'NONE', *, *, #2397, .T. ) ;
#8 = CARTESIAN_POINT ( 'NONE',  ( 0.6630252695113231232, -5.531876145198175720, -2.286000000000000920 ) ) ;
#9 = CARTESIAN_POINT ( 'NONE',  ( 4.700943863347386120, 3.538372490040377905, -2.286000000000000920 ) ) ;
#10 = CARTESIAN_POINT ( 'NONE',  ( 4.747678667655629070, -3.569061278851721752, -2.286000000000000920 ) ) ;
#11 = CARTESIAN_POINT ( 'NONE',  ( 4.462463875555762627, 2.347567037772633647, -2.286000000000002697 ) ) ;
#12 = CARTESIAN_POINT ( 'NONE',  ( -4.258722005451611281, -2.993776443851758451, -2.285999999999997812 ) ) ;
#13 = CARTESIAN_POINT ( 'NONE',  ( -2.173665442670349890, -5.025101949511932453, -2.286000000000000920 ) ) ;
#14 = CARTESIAN_POINT ( 'NONE',  ( -3.603620000172907734, 4.819588668520768060, 2.286000000000000476 ) ) ;
#15 = DIRECTION ( 'NONE',  ( -1.000000000000000000, 0.000000000000000000, -0.000000000000000000 ) ) ;
#16 = DIRECTION ( 'NONE',  ( 0.000000000000000000, -0.000000000000000000, 1.000000000000000000 ) ) ;
#17 = CARTESIAN_POINT ( 'NONE',  ( -5.025101949511931565, 2.173665442670349002, -2.285999999999988930 ) ) ;
#18 = CARTESIAN_POINT ( 'NONE',  ( 2.263428084871103696, -4.562280498011125118, 2.286000000000000476 ) ) ;
#19 = CARTESIAN_POINT ( 'NONE',  ( 0.000000000000000000, 0.000000000000000000, -2.286000000000000032 ) ) ;
#20 = CARTESIAN_POINT ( 'NONE',  ( 6.563695275366480786, -1.018960161258258168, -2.285999999999992482 ) ) ;
#21 = VECTOR ( 'NONE', #2472, 1000.000000000000000 ) ;
#22 = CARTESIAN_POINT ( 'NONE',  ( 5.022562078221563198, -5.445848997241720113, -2.285999999999994259 ) ) ;
#23 = CARTESIAN_POINT ( 'NONE',  ( -1.626741853203378829, 7.227524615896121496, 2.286000000000000476 ) ) ;
#24 = CARTESIAN_POINT ( 'NONE',  ( -4.395000467436835478, -3.265033223548865937, 2.286000000000000476 ) ) ;
#25 = CARTESIAN_POINT ( 'NONE',  ( 7.227524615835570820, 1.626741853133643945, 2.286000000000000476 ) ) ;
#26 = CARTESIAN_POINT ( 'NONE',  ( -1.464622183275078537, -7.081653077847822608, 2.286000000000000476 ) ) ;
#27 = CARTESIAN_POINT ( 'NONE',  ( -2.409147001929393461, -5.992287157413079157, 2.286000000000000920 ) ) ;
#28 = CARTESIAN_POINT ( 'NONE',  ( -5.824206007570942312, 2.404730280458375447, -2.286000000000000920 ) ) ;
#29 = CARTESIAN_POINT ( 'NONE',  ( 4.354396715554733177, -2.514012115883947018, -2.285999999999994259 ) ) ;
#30 = CARTESIAN_POINT ( 'NONE',  ( 5.414792396100660099, -2.301950562403212164, 2.286000000000000476 ) ) ;
#31 = CARTESIAN_POINT ( 'NONE',  ( -4.939602216230078113, 5.429769591367954007, 2.286000000000000920 ) ) ;
#32 = PLANE ( 'NONE',  #5038 ) ;
#33 = EDGE_CURVE ( 'NONE', #1188, #3618, #3522, .T. ) ;
#34 = ORIENTED_EDGE ( 'NONE', *, *, #2176, .F. ) ;
#35 = CARTESIAN_POINT ( 'NONE',  ( 4.503699405991244298, -5.310665190646408185, -2.286000000000000920 ) ) ;
#36 = CARTESIAN_POINT ( 'NONE',  ( 5.073758694932547719, -2.181471118769026329, -2.286000000000000920 ) ) ;
#37 = CARTESIAN_POINT ( 'NONE',  ( 5.170712537599048808, 2.204381686920558803, -2.286000000000002697 ) ) ;
#38 = CARTESIAN_POINT ( 'NONE',  ( -6.048454584161420122, 0.7474384492293186799, 2.286000000000000476 ) ) ;
#39 = CARTESIAN_POINT ( 'NONE',  ( -3.476310862236193788, 4.612104495109638158, -2.285999999999990706 ) ) ;
#40 = CARTESIAN_POINT ( 'NONE',  ( -0.9097610735845638175, -6.394046406055662324, 2.286000000000000476 ) ) ;
#41 = CARTESIAN_POINT ( 'NONE',  ( -5.264891270736411499, 0.5330684818325862606, -2.286000000000000920 ) ) ;
#42 = CARTESIAN_POINT ( 'NONE',  ( -4.531605619798376061, 3.410305354818152335, -2.285999999999988930 ) ) ;
#43 = CARTESIAN_POINT ( 'NONE',  ( 4.635926943805797507, -5.352640503693419483, 2.286000000000000476 ) ) ;
#44 = CARTESIAN_POINT ( 'NONE',  ( 5.400580374558709096, 4.809226556556638776, 2.286000000000000476 ) ) ;
#45 = CARTESIAN_POINT ( 'NONE',  ( -2.168461455044144781, 4.976155103217880793, -2.286000000000000920 ) ) ;
#46 = FACE_OUTER_BOUND ( 'NONE', #3727, .T. ) ;
#47 = CARTESIAN_POINT ( 'NONE',  ( -0.5619673642293585569, 5.306777461419535769, -2.285999999999994259 ) ) ;
#48 = CARTESIAN_POINT ( 'NONE',  ( -6.193806931796397741, -2.399402252589303064, 2.286000000000000476 ) ) ;
#49 = CARTESIAN_POINT ( 'NONE',  ( 7.172119510935938358, 1.562936208161180618, 2.286000000000000476 ) ) ;
#50 = CALENDAR_DATE ( 2022, 6, 6 ) ;
#51 = CARTESIAN_POINT ( 'NONE',  ( -1.562936208206573196, -7.172119510977707613, -2.285999999999993371 ) ) ;
#52 = CARTESIAN_POINT ( 'NONE',  ( -2.399402252589303952, 6.193806931796396853, 2.286000000000000476 ) ) ;
#53 = CARTESIAN_POINT ( 'NONE',  ( 4.395000467436835478, -3.265033223548863273, -2.285999999999994259 ) ) ;
#54 = CARTESIAN_POINT ( 'NONE',  ( 2.277692020846679100, 5.365664573546734317, 2.286000000000000476 ) ) ;
#55 = CARTESIAN_POINT ( 'NONE',  ( -3.476310862236193788, 4.612104495109638158, 2.286000000000000476 ) ) ;
#56 = CARTESIAN_POINT ( 'NONE',  ( -5.840323052443586960, 0.7138485327532708702, 2.286000000000000476 ) ) ;
#57 = ORIENTED_EDGE ( 'NONE', *, *, #4977, .T. ) ;
#58 = CARTESIAN_POINT ( 'NONE',  ( 4.069996442506888634, -5.128438219115362351, -2.286000000000000920 ) ) ;
#59 = ADVANCED_FACE ( 'NONE', ( #161 ), #3408, .T. ) ;
#60 = CARTESIAN_POINT ( 'NONE',  ( 4.819588668520770725, -3.603620000172905513, -2.286000000000000920 ) ) ;
#61 = CARTESIAN_POINT ( 'NONE',  ( 4.510804669069874429, 2.301622352330630950, -2.286000000000002697 ) ) ;
#62 = CARTESIAN_POINT ( 'NONE',  ( -5.393707460080332083, 0.6101348444133460891, 2.286000000000000476 ) ) ;
#63 = DIRECTION ( 'NONE',  ( 0.000000000000000000, 0.000000000000000000, 1.000000000000000000 ) ) ;
#64 = CARTESIAN_POINT ( 'NONE',  ( -1.562936208161174623, -7.172119510935933917, 2.286000000000000476 ) ) ;
#65 = CARTESIAN_POINT ( 'NONE',  ( -6.655589417870369395, -1.085587763892387869, -2.286000000000000920 ) ) ;
#66 = CARTESIAN_POINT ( 'NONE',  ( -5.082526083828512675, 3.984899404126266198, 2.286000000000000476 ) ) ;
#67 = CARTESIAN_POINT ( 'NONE',  ( 2.396986420425919917, -4.422841945095524530, 2.286000000000000476 ) ) ;
#68 = DIRECTION ( 'NONE',  ( -1.000000000000000000, 0.000000000000000000, 0.000000000000000000 ) ) ;
#69 = CARTESIAN_POINT ( 'NONE',  ( -3.375777569767200337, 4.494406809309918316, -2.286000000000000920 ) ) ;
#70 = AXIS2_PLACEMENT_3D ( 'NONE', #87, #1601, #863 ) ;
#71 = CARTESIAN_POINT ( 'NONE',  ( 4.069996442506888634, -5.128438219115362351, -2.285999999999994259 ) ) ;
#72 = CARTESIAN_POINT ( 'NONE',  ( -1.562936208206543443, 7.172119510977680079, 2.286000000000000476 ) ) ;
#73 = CARTESIAN_POINT ( 'NONE',  ( -4.317644004947601921, -2.572579828584876882, 2.286000000000000476 ) ) ;
#74 = CARTESIAN_POINT ( 'NONE',  ( -4.864396098905571897, -3.671527976878548483, -2.286000000000000920 ) ) ;
#75 = CARTESIAN_POINT ( 'NONE',  ( 2.317559181621130726, 6.691150755271285000, 2.286000000000000476 ) ) ;
#76 = CARTESIAN_POINT ( 'NONE',  ( -2.272426521261467602, 6.865202557842009057, 2.286000000000000476 ) ) ;
#77 = CARTESIAN_POINT ( 'NONE',  ( 4.292995347704374076, -3.094096482592028963, -2.285999999999994259 ) ) ;
#78 = CARTESIAN_POINT ( 'NONE',  ( 2.204381686920550809, 5.170712537599050584, 2.286000000000000476 ) ) ;
#79 = CARTESIAN_POINT ( 'NONE',  ( -3.140066744230176177, 4.314820411705331260, 2.286000000000000476 ) ) ;
#80 = CARTESIAN_POINT ( 'NONE',  ( -5.732355088791447173, 0.7045212705935068875, 2.286000000000000476 ) ) ;
#81 = ORIENTED_EDGE ( 'NONE', *, *, #1124, .F. ) ;
#82 = CARTESIAN_POINT ( 'NONE',  ( 2.572579828584875550, -4.317644004947602809, -2.286000000000000920 ) ) ;
#83 = CARTESIAN_POINT ( 'NONE',  ( 5.992287157413077381, -2.409147001929393905, -2.286000000000000920 ) ) ;
#84 = ADVANCED_FACE ( 'NONE', ( #3889 ), #1587, .T. ) ;
#85 = CARTESIAN_POINT ( 'NONE',  ( 4.722047456352863826, 2.191273222451030289, -2.286000000000002697 ) ) ;
#86 = CARTESIAN_POINT ( 'NONE',  ( -5.840323052443587848, -0.7138485327532726465, 2.286000000000000476 ) ) ;
#87 = CARTESIAN_POINT ( 'NONE',  ( 0.000000000000000000, 0.000000000000000000, 3.174999999999999822 ) ) ;
#88 = CARTESIAN_POINT ( 'NONE',  ( -6.691150755271285000, 2.317559181621134279, 2.286000000000000476 ) ) ;
#89 = CARTESIAN_POINT ( 'NONE',  ( -3.140066744230174400, -4.314820411705334813, 2.286000000000000476 ) ) ;
#90 = CARTESIAN_POINT ( 'NONE',  ( -5.221115631088431464, 4.267941290503534546, 2.286000000000000476 ) ) ;
#91 = CARTESIAN_POINT ( 'NONE',  ( 4.381051063935448298, -5.266605046998202866, 2.286000000000000476 ) ) ;
#92 = DIRECTION ( 'NONE',  ( -0.000000000000000000, -0.000000000000000000, -1.000000000000000000 ) ) ;
#93 = CARTESIAN_POINT ( 'NONE',  ( -2.690823560815337245, 4.264284629575963770, -2.286000000000000920 ) ) ;
#94 = DIRECTION ( 'NONE',  ( 1.000000000000000000, 0.000000000000000000, 0.000000000000000000 ) ) ;
#95 = CARTESIAN_POINT ( 'NONE',  ( -0.8662984254189470823, 6.317209250654444830, -2.285999999999994259 ) ) ;
#96 = CARTESIAN_POINT ( 'NONE',  ( 3.732199908664467713, 4.916195901929395262, -2.286000000000000920 ) ) ;
#97 = CARTESIAN_POINT ( 'NONE',  ( 6.123650495384040937, 0.7740819819406977720, 2.286000000000000476 ) ) ;
#98 = CALENDAR_DATE ( 2022, 6, 6 ) ;
#99 = CARTESIAN_POINT ( 'NONE',  ( -0.9097610735845638175, -6.394046406055662324, -2.285999999999993371 ) ) ;
#100 = CARTESIAN_POINT ( 'NONE',  ( -2.347321263097901234, 6.555650691920506645, -2.285999999999990706 ) ) ;
#101 = CARTESIAN_POINT ( 'NONE',  ( 0.6101348444133470883, -5.393707460080332083, -2.286000000000000920 ) ) ;
#102 = CARTESIAN_POINT ( 'NONE',  ( 4.386741487291720532, -2.452899478489770857, -2.285999999999994259 ) ) ;
#103 = EDGE_LOOP ( 'NONE', ( #4613, #3421, #969, #2820 ) ) ;
#104 = CARTESIAN_POINT ( 'NONE',  ( 2.272426521261464494, 6.865202557841989517, -2.285999999999991594 ) ) ;
#105 = CARTESIAN_POINT ( 'NONE',  ( -3.094096482592032071, 4.292995347704373188, 2.286000000000000476 ) ) ;
#106 = DIRECTION ( 'NONE',  ( 1.000000000000000000, 0.000000000000000000, 0.000000000000000000 ) ) ;
#107 = EDGE_LOOP ( 'NONE', ( #1161, #727, #3865, #3701, #4533, #1351, #1310, #495, #1592, #906, #1325, #132, #2551, #2575, #1673, #4091, #4741, #57, #2449, #4259, #491, #557, #2155, #1413 ) ) ;
#108 = CARTESIAN_POINT ( 'NONE',  ( -6.751539294367504773, -1.160798993145839564, -2.285999999999992482 ) ) ;
#109 = FACE_OUTER_BOUND ( 'NONE', #1806, .T. ) ;
#110 = CARTESIAN_POINT ( 'NONE',  ( 4.826063829536959560, 2.170794788144384313, 2.286000000000000476 ) ) ;
#111 = CARTESIAN_POINT ( 'NONE',  ( -5.680356212974282393, 0.6970097785450474204, 2.286000000000000476 ) ) ;
#112 = CARTESIAN_POINT ( 'NONE',  ( -2.347567037772633647, 4.462463875555762627, 2.286000000000000476 ) ) ;
#113 = CARTESIAN_POINT ( 'NONE',  ( -5.122257907086416040, 2.191741345851256018, 2.286000000000000476 ) ) ;
#114 = CARTESIAN_POINT ( 'NONE',  ( -2.370488230432056920, -6.427404040144043762, 2.286000000000000476 ) ) ;
#115 = CARTESIAN_POINT ( 'NONE',  ( -5.022562078130826002, 5.445848997224130628, -2.286000000000000476 ) ) ;
#116 = CARTESIAN_POINT ( 'NONE',  ( 6.306703394980817556, 2.387648127366837514, 2.286000000000000476 ) ) ;
#117 = CARTESIAN_POINT ( 'NONE',  ( -2.347567037772633647, 4.462463875555762627, -2.286000000000000920 ) ) ;
#118 = CARTESIAN_POINT ( 'NONE',  ( -4.241326470143099492, 2.819336768032401075, -2.286000000000000920 ) ) ;
#119 = ADVANCED_FACE ( 'NONE', ( #4738 ), #2395, .T. ) ;
#120 = ORIENTED_EDGE ( 'NONE', *, *, #4637, .T. ) ;
#121 = FACE_OUTER_BOUND ( 'NONE', #1184, .T. ) ;
#122 = CARTESIAN_POINT ( 'NONE',  ( -0.5619673642293585569, 5.306777461419535769, 2.286000000000000476 ) ) ;
#123 = CARTESIAN_POINT ( 'NONE',  ( -4.287272105162934999, -2.631800271163147187, 2.286000000000000476 ) ) ;
#124 = CARTESIAN_POINT ( 'NONE',  ( 5.082764852903506103, -0.3209540278680266256, 2.286000000000000476 ) ) ;
#125 = CARTESIAN_POINT ( 'NONE',  ( 2.391450586719564342, 5.690277883870091813, 2.286000000000000476 ) ) ;
#126 = CARTESIAN_POINT ( 'NONE',  ( -2.256044226555254273, -5.316625765703149931, 2.286000000000000920 ) ) ;
#127 = CARTESIAN_POINT ( 'NONE',  ( 0.6763057282891287159, -5.580159256687752922, -2.286000000000000920 ) ) ;
#128 = CARTESIAN_POINT ( 'NONE',  ( 4.459232637575093250, -3.340134799346916594, 2.286000000000000476 ) ) ;
#129 = ORIENTED_EDGE ( 'NONE', *, *, #4316, .F. ) ;
#130 = CARTESIAN_POINT ( 'NONE',  ( 2.168461455044137676, 4.976155103217884346, 2.286000000000000476 ) ) ;
#131 = CARTESIAN_POINT ( 'NONE',  ( 0.000000000000000000, 0.000000000000000000, -2.286000000000000476 ) ) ;
#132 = ORIENTED_EDGE ( 'NONE', *, *, #3142, .T. ) ;
#133 = CARTESIAN_POINT ( 'NONE',  ( -5.680356212974283281, -0.6970097785450484196, -2.285999999999992482 ) ) ;
#134 = CARTESIAN_POINT ( 'NONE',  ( 5.445848997224130628, 5.022562078130826002, -2.286000000000000476 ) ) ;
#135 = CARTESIAN_POINT ( 'NONE',  ( 5.690277883870089148, 2.391450586719571447, 2.286000000000000476 ) ) ;
#136 = CARTESIAN_POINT ( 'NONE',  ( -5.896140974621092212, 0.7170584013211526164, 2.286000000000000476 ) ) ;
#137 = CARTESIAN_POINT ( 'NONE',  ( -2.166053677396904575, 4.926769214355549487, -2.285999999999990706 ) ) ;
#138 = CARTESIAN_POINT ( 'NONE',  ( -5.316625765703149042, 2.256044226555253385, 2.286000000000000476 ) ) ;
#139 = CARTESIAN_POINT ( 'NONE',  ( -3.841545219201187411, -4.994660515912103804, 2.286000000000000476 ) ) ;
#140 = CARTESIAN_POINT ( 'NONE',  ( 2.272426521269206301, -6.865202557812161821, 2.286000000000000476 ) ) ;
#141 = CARTESIAN_POINT ( 'NONE',  ( 4.354396715554731401, 2.514012115883949683, 2.286000000000000476 ) ) ;
#142 = CARTESIAN_POINT ( 'NONE',  ( -2.396986420425921693, 4.422841945095523641, -2.286000000000000920 ) ) ;
#143 = CARTESIAN_POINT ( 'NONE',  ( 0.3209540278680256820, 5.082764852903506103, 2.286000000000000476 ) ) ;
#144 = ORIENTED_EDGE ( 'NONE', *, *, #151, .F. ) ;
#145 = CARTESIAN_POINT ( 'NONE',  ( 3.507955818454325581, -4.655371438823709518, 2.286000000000000476 ) ) ;
#146 = CARTESIAN_POINT ( 'NONE',  ( 0.7102931347230222459, 5.785647839301008233, 2.286000000000000476 ) ) ;
#147 = CARTESIAN_POINT ( 'NONE',  ( -5.219213881833812074, -2.219332909268643572, 2.286000000000000476 ) ) ;
#148 = CARTESIAN_POINT ( 'NONE',  ( 5.896140974621092212, 0.7170584013211535046, 2.286000000000000476 ) ) ;
#149 = CARTESIAN_POINT ( 'NONE',  ( 2.376926607282869419, 5.611834548134894796, 2.286000000000000476 ) ) ;
#150 = CARTESIAN_POINT ( 'NONE',  ( -2.372076222644150967, -5.530620799995805470, 2.286000000000000920 ) ) ;
#151 = EDGE_CURVE ( 'NONE', #2390, #508, #488, .T. ) ;
#152 = CARTESIAN_POINT ( 'NONE',  ( 0.7102931347230235781, -5.785647839301008233, -2.286000000000000920 ) ) ;
#153 = AXIS2_PLACEMENT_3D ( 'NONE', #2824, #2396, #4661 ) ;
#154 = CARTESIAN_POINT ( 'NONE',  ( -7.072590850357789449, -2.204962537704679981, -2.286000000000000476 ) ) ;
#155 = CARTESIAN_POINT ( 'NONE',  ( -5.082526083828512675, 3.984899404126266198, 2.286000000000000476 ) ) ;
#156 = CARTESIAN_POINT ( 'NONE',  ( 1.562936208161143981, 7.172119510935904607, -2.286000000000000920 ) ) ;
#157 = VERTEX_POINT ( 'NONE', #4304 ) ;
#158 = CARTESIAN_POINT ( 'NONE',  ( 2.391450586719564342, 5.690277883870091813, -2.285999999999991594 ) ) ;
#159 = CARTESIAN_POINT ( 'NONE',  ( 4.826063829536962224, -2.170794788144382093, 2.286000000000000476 ) ) ;
#160 = VECTOR ( 'NONE', #1339, 1000.000000000000000 ) ;
#161 = FACE_OUTER_BOUND ( 'NONE', #2169, .T. ) ;
#162 = CARTESIAN_POINT ( 'NONE',  ( -5.438698666219214495, -0.6301014820750951984, 2.286000000000000476 ) ) ;
#163 = CARTESIAN_POINT ( 'NONE',  ( 5.690277883870089148, 2.391450586719571447, -2.286000000000002697 ) ) ;
#164 = LINE ( 'NONE', #2938, #4544 ) ;
#165 = CARTESIAN_POINT ( 'NONE',  ( -2.819336768032405072, 4.241326470143098604, 2.286000000000000476 ) ) ;
#166 = CARTESIAN_POINT ( 'NONE',  ( -2.391450586719567895, -5.690277883870091813, 2.286000000000000476 ) ) ;
#167 = B_SPLINE_CURVE_WITH_KNOTS ( 'NONE', 3,
 ( #627, #2965, #4854, #216, #3673, #268, #2911, #3347, #2505, #4082, #3321, #4879, #939, #1445, #602, #986, #2177, #549, #2153, #2103, #4491, #2558, #3270, #3724, #4467, #2127, #3297, #243, #2887, #1804, #4829, #961, #4517, #4903, #3749, #1421, #1778, #4444, #4057, #1037, #1830, #190, #2531, #652, #4208, #2299, #4261, #2606, #3039, #1494, #725, #2274, #1163, #2709, #4591, #3495, #2989, #1062, #3822, #340, #1878, #9, #2631, #3468, #4615, #1927, #4643, #4159, #4539, #3091, #778, #751, #1111, #1546, #2326, #1137, #2250, #2682, #675 ),
 .UNSPECIFIED., .F., .F.,
 ( 4, 1, 1, 1, 1, 1, 1, 1, 1, 1, 1, 1, 1, 1, 1, 1, 1, 1, 1, 1, 1, 1, 1, 1, 1, 1, 1, 1, 1, 1, 1, 1, 1, 1, 1, 1, 1, 1, 1, 1, 1, 1, 1, 1, 1, 1, 1, 1, 1, 1, 1, 1, 1, 1, 1, 1, 1, 1, 1, 1, 1, 1, 1, 1, 1, 1, 1, 1, 1, 1, 1, 1, 1, 1, 1, 1, 4 ),
 ( 0.01103315320116559153, 0.05345531963080774052, 0.07807290109913944676, 0.1012837636727261792, 0.1230879073546432556, 0.1434853321486017075, 0.1624760380591379061, 0.1800600250918766854, 0.1962372932539097059, 0.2110078425543557845, 0.2243716730052127684, 0.2363287846227128952, 0.2468791774295817643, 0.2560228514590334736, 0.2765703373738779280, 0.2861597148600217855, 0.2955281054245302297, 0.3046873400362805073, 0.3136510682187724219, 0.3224350908376913960, 0.3310577570337658315, 0.3395404348280692819, 0.3479080632824442798, 0.3561897892115020170, 0.3644196805880378642, 0.3726374874240482304, 0.3808893818503648054, 0.3892285417683729598, 0.3977153332009296660, 0.4064166828338137138, 0.4154040162538316094, 0.4247489170962575056, 0.4345155871249806179, 0.4447495655339210874, 0.4554634245512343416, 0.4666225055634414254, 0.4781364573014081909, 0.4871735315700953528, 0.5000000000000000000, 0.5128264684299046472, 0.5218635426985918091, 0.5333774944365585746, 0.5445365754487656584, 0.5552504344660789126, 0.5654844128750193821, 0.5752510829037424944, 0.5845959837461683906, 0.5935833171661862862, 0.6022846667990703340, 0.6107714582316270402, 0.6191106181496351946, 0.6273625125759517696, 0.6355803194119621358, 0.6438102107884979830, 0.6520919367175558312, 0.6604595651719308291, 0.6689422429662341685, 0.6775649091623087150, 0.6863489317812276891, 0.6953126599637196037, 0.7044718945754698813, 0.7138402851399783255, 0.7234296626261221830, 0.7439771485409665264, 0.7531208225704181247, 0.7636712153772871048, 0.7756283269947872316, 0.7889921574456442155, 0.8037627067460902941, 0.8199399749081233146, 0.8375239619408619829, 0.8565146678513981815, 0.8769120926453565223, 0.8987162363272737098, 0.9219270989008604422, 0.9465446803691922595, 0.9889668467988229628 ),
 .UNSPECIFIED. ) ;
#168 = CARTESIAN_POINT ( 'NONE',  ( 2.277692020846683540, -5.365664573546732541, 2.286000000000000476 ) ) ;
#169 = CARTESIAN_POINT ( 'NONE',  ( 4.722047456352863826, 2.191273222451030289, 2.286000000000000476 ) ) ;
#170 = CARTESIAN_POINT ( 'NONE',  ( -3.265033223548863273, -4.395000467436836367, -2.286000000000000920 ) ) ;
#171 = CARTESIAN_POINT ( 'NONE',  ( -0.7110321314750354116, 5.975696222817057368, 2.286000000000000476 ) ) ;
#172 = ORIENTED_EDGE ( 'NONE', *, *, #2860, .F. ) ;
#173 = CARTESIAN_POINT ( 'NONE',  ( 2.938866095189176519, -4.247487361087594948, 2.286000000000000476 ) ) ;
#174 = CARTESIAN_POINT ( 'NONE',  ( 0.1981792459797991346, 5.038390598587966451, -2.285999999999994259 ) ) ;
#175 = CARTESIAN_POINT ( 'NONE',  ( 2.236549931580960493, 5.267837672253024017, -2.286000000000000920 ) ) ;
#176 = CARTESIAN_POINT ( 'NONE',  ( 5.732355088791446285, 0.7045212705935075537, 2.286000000000000476 ) ) ;
#177 = CARTESIAN_POINT ( 'NONE',  ( 3.045439027948416477, 4.274124979574707162, 2.286000000000000476 ) ) ;
#178 = CARTESIAN_POINT ( 'NONE',  ( -2.166053677396901911, -4.926769214355551263, 2.286000000000000920 ) ) ;
#179 = CARTESIAN_POINT ( 'NONE',  ( 6.851020669089140647, 1.244985501274098683, -2.285999999999992482 ) ) ;
#180 = CARTESIAN_POINT ( 'NONE',  ( -4.339242117764197104, 3.183680459516554428, 2.286000000000000476 ) ) ;
#181 = CARTESIAN_POINT ( 'NONE',  ( 0.8295454916588369532, 6.246275499659564190, -2.286000000000000920 ) ) ;
#182 = EDGE_LOOP ( 'NONE', ( #4311, #3971, #3666, #993 ) ) ;
#183 = CARTESIAN_POINT ( 'NONE',  ( 3.303268363099248983, 4.426088753942313936, -2.285999999999991594 ) ) ;
#184 = CARTESIAN_POINT ( 'NONE',  ( 4.241326470143098604, -2.819336768032401963, 2.286000000000000476 ) ) ;
#185 = CARTESIAN_POINT ( 'NONE',  ( 0.6876082620354383446, -5.629638264086795907, -2.285999999999993371 ) ) ;
#186 = CARTESIAN_POINT ( 'NONE',  ( -6.317209250654444830, -0.8662984254189466382, 2.286000000000000476 ) ) ;
#187 = AXIS2_PLACEMENT_3D ( 'NONE', #2436, #1297, #3985 ) ;
#188 = EDGE_CURVE ( 'NONE', #634, #1336, #3820, .T. ) ;
#189 = DIRECTION ( 'NONE',  ( 0.000000000000000000, 0.000000000000000000, -1.000000000000000000 ) ) ;
#190 = CARTESIAN_POINT ( 'NONE',  ( 4.287272105162934999, 2.631800271163147631, -2.286000000000000920 ) ) ;
#191 = CARTESIAN_POINT ( 'NONE',  ( -2.631800271163147631, 4.287272105162934999, 2.286000000000000476 ) ) ;
#192 = CARTESIAN_POINT ( 'NONE',  ( -2.819336768032401963, -4.241326470143099492, 2.286000000000000476 ) ) ;
#193 = DIRECTION ( 'NONE',  ( 0.000000000000000000, 0.000000000000000000, -1.000000000000000000 ) ) ;
#194 = CARTESIAN_POINT ( 'NONE',  ( 4.241326470143098604, 2.819336768032405072, 2.286000000000000476 ) ) ;
#195 = CARTESIAN_POINT ( 'NONE',  ( -2.396986420425919029, -4.422841945095528082, -2.286000000000000920 ) ) ;
#196 = CARTESIAN_POINT ( 'NONE',  ( 1.018960161258256836, 6.563695275366480786, 2.286000000000000476 ) ) ;
#197 = ORIENTED_EDGE ( 'NONE', *, *, #2483, .F. ) ;
#198 = CARTESIAN_POINT ( 'NONE',  ( 3.732199908664472598, -4.916195901929392598, 2.286000000000000476 ) ) ;
#199 = CARTESIAN_POINT ( 'NONE',  ( 0.3209540278680256820, 5.082764852903506103, 2.286000000000000476 ) ) ;
#200 = CARTESIAN_POINT ( 'NONE',  ( 2.204381686920550809, 5.170712537599050584, -2.286000000000000920 ) ) ;
#201 = CARTESIAN_POINT ( 'NONE',  ( 0.000000000000000000, 0.000000000000000000, 2.286000000000000476 ) ) ;
#202 = CARTESIAN_POINT ( 'NONE',  ( 2.166053677396898358, 4.926769214355551263, 2.286000000000000476 ) ) ;
#203 = CARTESIAN_POINT ( 'NONE',  ( -2.301950562403212164, -5.414792396100660987, 2.286000000000000920 ) ) ;
#204 = CARTESIAN_POINT ( 'NONE',  ( 5.025479307074648183, -0.06909748234411655643, 2.286000000000000476 ) ) ;
#205 = CARTESIAN_POINT ( 'NONE',  ( -4.939602216230069232, -5.429769591367957560, 2.286000000000000476 ) ) ;
#206 = CARTESIAN_POINT ( 'NONE',  ( -4.314820411705334813, 3.140066744230173068, 2.286000000000000476 ) ) ;
#207 = CARTESIAN_POINT ( 'NONE',  ( 5.352640503693420371, -4.635926943805795730, 2.286000000000000476 ) ) ;
#208 = ORIENTED_EDGE ( 'NONE', *, *, #4197, .F. ) ;
#209 = CARTESIAN_POINT ( 'NONE',  ( 3.045439027948416477, 4.274124979574707162, 2.286000000000000476 ) ) ;
#210 = CARTESIAN_POINT ( 'NONE',  ( 7.072590850357793002, -2.204962537704674652, 2.286000000000000476 ) ) ;
#211 = CARTESIAN_POINT ( 'NONE',  ( 0.5330684818325873708, -5.264891270736412388, 2.286000000000000476 ) ) ;
#212 = CARTESIAN_POINT ( 'NONE',  ( -6.048454584161421010, -0.7474384492293203452, 2.286000000000000476 ) ) ;
#213 = CARTESIAN_POINT ( 'NONE',  ( -2.399402252589303952, 6.193806931796396853, 2.286000000000000476 ) ) ;
#214 = CARTESIAN_POINT ( 'NONE',  ( 5.464737068976781131, 2.327079695769372680, -2.286000000000002697 ) ) ;
#215 = EDGE_CURVE ( 'NONE', #2203, #1669, #3832, .T. ) ;
#216 = CARTESIAN_POINT ( 'NONE',  ( 6.691150755271281447, 2.317559181621140052, -2.286000000000000920 ) ) ;
#217 = CARTESIAN_POINT ( 'NONE',  ( -3.225246005036193075, 4.366020258804534038, 2.286000000000000476 ) ) ;
#218 = EDGE_LOOP ( 'NONE', ( #3998, #3304, #2981, #4337 ) ) ;
#219 = CARTESIAN_POINT ( 'NONE',  ( -1.626741853133645277, 7.227524615835570820, 2.286000000000000476 ) ) ;
#220 = CARTESIAN_POINT ( 'NONE',  ( 5.122257907086414264, 2.191741345851260903, 2.286000000000000476 ) ) ;
#221 = CARTESIAN_POINT ( 'NONE',  ( -3.908841068998488932, -5.037714479379337362, -2.286000000000000920 ) ) ;
#222 = CARTESIAN_POINT ( 'NONE',  ( -0.2621389074985172596, 5.057282611089283009, 2.286000000000000476 ) ) ;
#223 = ORIENTED_EDGE ( 'NONE', *, *, #4825, .F. ) ;
#224 = CARTESIAN_POINT ( 'NONE',  ( 3.507955818454325581, -4.655371438823709518, -2.285999999999994259 ) ) ;
#225 = CARTESIAN_POINT ( 'NONE',  ( 0.6301014820750935330, 5.438698666219212718, -2.285999999999994259 ) ) ;
#226 = CARTESIAN_POINT ( 'NONE',  ( 7.172119510935933917, -1.562936208161174845, 2.286000000000000476 ) ) ;
#227 = CARTESIAN_POINT ( 'NONE',  ( -5.316625765703149042, 2.256044226555253385, 2.286000000000000476 ) ) ;
#228 = CARTESIAN_POINT ( 'NONE',  ( 2.631800271163140970, 4.287272105162938551, 2.286000000000000476 ) ) ;
#229 = CARTESIAN_POINT ( 'NONE',  ( -2.173665442670349890, -5.025101949511932453, 2.286000000000000920 ) ) ;
#230 = CARTESIAN_POINT ( 'NONE',  ( 5.393707460080332083, 0.6101348444133467552, -2.285999999999992482 ) ) ;
#231 = CARTESIAN_POINT ( 'NONE',  ( -3.984899404126267086, -5.082526083828513563, 2.286000000000000476 ) ) ;
#232 = LINE ( 'NONE', #592, #2541 ) ;
#233 = CARTESIAN_POINT ( 'NONE',  ( 5.174846770538140461, -4.164293022777179942, -2.285999999999994259 ) ) ;
#234 = VERTEX_POINT ( 'NONE', #3001 ) ;
#235 = CARTESIAN_POINT ( 'NONE',  ( 2.880640466208730377, 4.241329277686508803, 2.286000000000000476 ) ) ;
#236 = CARTESIAN_POINT ( 'NONE',  ( 4.774490053667270750, -2.178781297287128105, 2.286000000000000476 ) ) ;
#237 = CARTESIAN_POINT ( 'NONE',  ( 1.018960161258259056, -6.563695275366480786, -2.285999999999993371 ) ) ;
#238 = AXIS2_PLACEMENT_3D ( 'NONE', #4271, #92, #68 ) ;
#239 = CARTESIAN_POINT ( 'NONE',  ( -4.494406809309921869, 3.375777569767196784, -2.286000000000000920 ) ) ;
#240 = AXIS2_PLACEMENT_3D ( 'NONE', #333, #4560, #2316 ) ;
#241 = CARTESIAN_POINT ( 'NONE',  ( -4.462463875555764403, 2.347567037772631426, 2.286000000000000476 ) ) ;
#242 = DIRECTION ( 'NONE',  ( -0.000000000000000000, -0.000000000000000000, -1.000000000000000000 ) ) ;
#243 = CARTESIAN_POINT ( 'NONE',  ( 4.926769214355549487, 2.166053677396904575, -2.286000000000000920 ) ) ;
#244 = CARTESIAN_POINT ( 'NONE',  ( -2.256044226555258270, 5.316625765703147266, 2.286000000000000476 ) ) ;
#245 = EDGE_CURVE ( 'NONE', #4718, #3065, #1659, .T. ) ;
#246 = EDGE_LOOP ( 'NONE', ( #144, #2134, #4746, #2348 ) ) ;
#247 = CARTESIAN_POINT ( 'NONE',  ( -6.306703394980816668, -2.387648127366836626, -2.286000000000000920 ) ) ;
#248 = CARTESIAN_POINT ( 'NONE',  ( -4.700943863347387008, -3.538372490040377016, -2.285999999999997812 ) ) ;
#249 = CARTESIAN_POINT ( 'NONE',  ( -3.908841068998490709, 5.037714479379332033, -2.286000000000000920 ) ) ;
#250 = CARTESIAN_POINT ( 'NONE',  ( 0.7045212705935064434, 5.732355088791447173, 2.286000000000000476 ) ) ;
#251 = VERTEX_POINT ( 'NONE', #1098 ) ;
#252 = CARTESIAN_POINT ( 'NONE',  ( 2.178781297287129437, -4.774490053667271638, 2.286000000000000476 ) ) ;
#253 = CARTESIAN_POINT ( 'NONE',  ( 0.6101348444133457560, 5.393707460080332083, 2.286000000000000476 ) ) ;
#254 = CARTESIAN_POINT ( 'NONE',  ( 7.072590850357791226, -2.204962537704675540, 2.286000000000000476 ) ) ;
#255 = CARTESIAN_POINT ( 'NONE',  ( -5.122257907086416040, 2.191741345851256018, 2.286000000000000476 ) ) ;
#256 = DIRECTION ( 'NONE',  ( 0.000000000000000000, 0.000000000000000000, 1.000000000000000000 ) ) ;
#257 = CARTESIAN_POINT ( 'NONE',  ( -3.225246005036190411, -4.366020258804536702, -2.285999999999990262 ) ) ;
#258 = CARTESIAN_POINT ( 'NONE',  ( 5.224220325235549467, -0.5003650740925666973, 2.286000000000000476 ) ) ;
#259 = CARTESIAN_POINT ( 'NONE',  ( -4.700943863347387897, 3.538372490040373464, 2.286000000000000476 ) ) ;
#260 = CARTESIAN_POINT ( 'NONE',  ( 5.429769591381433891, -4.939602216290268188, 2.286000000000000476 ) ) ;
#261 = ORIENTED_EDGE ( 'NONE', *, *, #911, .F. ) ;
#262 = CARTESIAN_POINT ( 'NONE',  ( 3.340134799346913486, 4.459232637575095026, -2.285999999999991594 ) ) ;
#263 = CARTESIAN_POINT ( 'NONE',  ( 4.426088753942312159, -3.303268363099252536, 2.286000000000000476 ) ) ;
#264 = CARTESIAN_POINT ( 'NONE',  ( 0.5330684818325873708, -5.264891270736412388, -2.285999999999993371 ) ) ;
#265 = CARTESIAN_POINT ( 'NONE',  ( -4.819588668520771613, 3.603620000172904181, -2.286000000000000920 ) ) ;
#266 = MANIFOLD_SOLID_BREP ( '228-2500-213', #1008 ) ;
#267 = LINE ( 'NONE', #1519, #1951 ) ;
#268 = CARTESIAN_POINT ( 'NONE',  ( 6.427404040144038433, 2.370488230432060028, -2.286000000000000920 ) ) ;
#269 = AXIS2_PLACEMENT_3D ( 'NONE', #416, #1233, #3947 ) ;
#270 = CARTESIAN_POINT ( 'NONE',  ( -2.404730280458378999, 5.824206007570938759, -2.285999999999990706 ) ) ;
#271 = ORIENTED_EDGE ( 'NONE', *, *, #284, .T. ) ;
#272 = CIRCLE ( 'NONE', #4828, 3.960097721574094010 ) ;
#273 = CARTESIAN_POINT ( 'NONE',  ( -5.219213881833812074, -2.219332909268643572, -2.286000000000000920 ) ) ;
#274 = CARTESIAN_POINT ( 'NONE',  ( -4.339242117764194440, -3.183680459516557093, 2.286000000000000476 ) ) ;
#275 = CARTESIAN_POINT ( 'NONE',  ( -4.069996442506890411, 5.128438219115360575, -2.286000000000000920 ) ) ;
#276 = CARTESIAN_POINT ( 'NONE',  ( 7.072590850357786785, 2.204962537704679093, 2.286000000000000476 ) ) ;
#277 = CARTESIAN_POINT ( 'NONE',  ( 2.277692020846683540, -5.365664573546732541, -2.285999999999994259 ) ) ;
#278 = CARTESIAN_POINT ( 'NONE',  ( 0.5875270965913548249, -5.349734136913458116, 2.286000000000000476 ) ) ;
#279 = CARTESIAN_POINT ( 'NONE',  ( 6.181594833392607846, -0.7992465585685056828, 2.286000000000000476 ) ) ;
#280 = CARTESIAN_POINT ( 'NONE',  ( -5.690277883870090925, 2.391450586719567450, -2.285999999999988930 ) ) ;
#281 = CARTESIAN_POINT ( 'NONE',  ( -3.960097721574094010, 0.000000000000000000, 3.174999999999999822 ) ) ;
#282 = CARTESIAN_POINT ( 'NONE',  ( -4.267941290503535434, -5.221115631088432352, -2.285999999999990262 ) ) ;
#283 = CARTESIAN_POINT ( 'NONE',  ( 5.147865004549771584, -0.4213890162108053783, 2.286000000000000476 ) ) ;
#284 = EDGE_CURVE ( 'NONE', #829, #2940, #3596, .T. ) ;
#285 = CARTESIAN_POINT ( 'NONE',  ( 6.048454584161420122, -0.7474384492293194571, -2.286000000000000920 ) ) ;
#286 = CARTESIAN_POINT ( 'NONE',  ( -0.7740819819406987712, 6.123650495384040937, -2.286000000000000920 ) ) ;
#287 = CARTESIAN_POINT ( 'NONE',  ( 3.538372490040370799, 4.700943863347389673, 2.286000000000000476 ) ) ;
#288 = CARTESIAN_POINT ( 'NONE',  ( -0.5875270965913541588, -5.349734136913458116, 2.286000000000000476 ) ) ;
#289 = CARTESIAN_POINT ( 'NONE',  ( -5.824206007570938759, -2.404730280458378555, -2.285999999999997812 ) ) ;
#290 = CARTESIAN_POINT ( 'NONE',  ( -5.082526083828512675, 3.984899404126266198, -2.286000000000000920 ) ) ;
#291 = CARTESIAN_POINT ( 'NONE',  ( -5.038390598587966451, 0.1981792459797994121, 2.286000000000000476 ) ) ;
#292 = CARTESIAN_POINT ( 'NONE',  ( 0.4213890162108052118, -5.147865004549772472, -2.286000000000000920 ) ) ;
#293 = CARTESIAN_POINT ( 'NONE',  ( 2.376926607282874748, -5.611834548134892131, -2.286000000000000920 ) ) ;
#294 = CARTESIAN_POINT ( 'NONE',  ( -2.191741345851260903, 5.122257907086414264, -2.285999999999990706 ) ) ;
#295 = CARTESIAN_POINT ( 'NONE',  ( 2.256044226555250276, 5.316625765703149931, -2.286000000000000920 ) ) ;
#296 = CARTESIAN_POINT ( 'NONE',  ( 4.916195901929390821, 3.732199908664473931, -2.286000000000002697 ) ) ;
#297 = CARTESIAN_POINT ( 'NONE',  ( -5.174846770538137797, -4.164293022777182607, 2.286000000000000476 ) ) ;
#298 = CARTESIAN_POINT ( 'NONE',  ( 2.204962537704675984, -7.072590850357789449, -2.286000000000000476 ) ) ;
#299 = CARTESIAN_POINT ( 'NONE',  ( 1.338510251577862187, 6.953486125426932674, 2.286000000000000476 ) ) ;
#300 = CARTESIAN_POINT ( 'NONE',  ( 2.166053677396902799, -4.926769214355549487, 2.286000000000000476 ) ) ;
#301 = CARTESIAN_POINT ( 'NONE',  ( 1.018960161258256836, 6.563695275366480786, -2.285999999999994259 ) ) ;
#302 = CARTESIAN_POINT ( 'NONE',  ( 6.563695275366480786, -1.018960161258258168, 2.286000000000000476 ) ) ;
#303 = CARTESIAN_POINT ( 'NONE',  ( -5.530620799995804582, 2.372076222644150523, -2.285999999999988930 ) ) ;
#304 = CARTESIAN_POINT ( 'NONE',  ( -3.140066744230174400, -4.314820411705334813, 2.286000000000000920 ) ) ;
#305 = CARTESIAN_POINT ( 'NONE',  ( 5.580159256687752922, 0.6763057282891283828, 2.286000000000000476 ) ) ;
#306 = CARTESIAN_POINT ( 'NONE',  ( 5.038390598587967339, 0.1981792459797990791, -2.286000000000000920 ) ) ;
#307 = CARTESIAN_POINT ( 'NONE',  ( -0.5330684818325879260, 5.264891270736412388, -2.286000000000000920 ) ) ;
#308 = CARTESIAN_POINT ( 'NONE',  ( 4.635926943805791289, 5.352640503693422147, 2.286000000000000476 ) ) ;
#309 =( LENGTH_UNIT ( ) NAMED_UNIT ( * ) SI_UNIT ( .MILLI., .METRE. ) );
#310 = APPROVAL ( #696, 'UNSPECIFIED' ) ;
#311 = CARTESIAN_POINT ( 'NONE',  ( -0.4213890162108050452, -5.147865004549771584, 2.286000000000000476 ) ) ;
#312 = CARTESIAN_POINT ( 'NONE',  ( -4.976155103217881681, -2.168461455044143893, 2.286000000000000476 ) ) ;
#313 = CARTESIAN_POINT ( 'NONE',  ( -2.173665442670352554, 5.025101949511928012, 2.286000000000000476 ) ) ;
#314 = CARTESIAN_POINT ( 'NONE',  ( -5.531876145198175720, 0.6630252695113221240, 2.286000000000000476 ) ) ;
#315 = DIRECTION ( 'NONE',  ( -0.000000000000000000, -0.000000000000000000, 1.000000000000000000 ) ) ;
#316 = CARTESIAN_POINT ( 'NONE',  ( 2.204962537704675984, -7.072590850357789449, -2.286000000000000476 ) ) ;
#317 = VECTOR ( 'NONE', #2775, 1000.000000000000000 ) ;
#318 = CARTESIAN_POINT ( 'NONE',  ( 3.340134799346913486, 4.459232637575095026, -2.286000000000000920 ) ) ;
#319 = CARTESIAN_POINT ( 'NONE',  ( 4.864396098905571009, 3.671527976878548927, -2.286000000000002697 ) ) ;
#320 = CARTESIAN_POINT ( 'NONE',  ( -4.747678667655627294, -3.569061278851724417, -2.285999999999997812 ) ) ;
#321 = CARTESIAN_POINT ( 'NONE',  ( -2.327079695769369128, -5.464737068976783796, -2.286000000000000920 ) ) ;
#322 = DIRECTION ( 'NONE',  ( 0.000000000000000000, -0.000000000000000000, -1.000000000000000000 ) ) ;
#323 = CARTESIAN_POINT ( 'NONE',  ( 2.256044226555256049, -5.316625765703148154, -2.285999999999994259 ) ) ;
#324 = CARTESIAN_POINT ( 'NONE',  ( 0.7102931347230235781, -5.785647839301008233, 2.286000000000000476 ) ) ;
#325 = CARTESIAN_POINT ( 'NONE',  ( 5.785647839301008233, -0.7102931347230232451, 2.286000000000000476 ) ) ;
#326 = CARTESIAN_POINT ( 'NONE',  ( -4.241329277686507027, 2.880640466208733041, -2.285999999999988930 ) ) ;
#327 = CARTESIAN_POINT ( 'NONE',  ( 3.507955818454320696, 4.655371438823713071, 2.286000000000000476 ) ) ;
#328 = CARTESIAN_POINT ( 'NONE',  ( -3.410305354818153667, -4.531605619798376949, 2.286000000000000920 ) ) ;
#329 = CARTESIAN_POINT ( 'NONE',  ( 5.264891270736411499, -0.5330684818325869267, -2.285999999999992482 ) ) ;
#330 = CARTESIAN_POINT ( 'NONE',  ( 6.394046406055663212, 0.9097610735845648167, -2.286000000000000920 ) ) ;
#331 = CARTESIAN_POINT ( 'NONE',  ( -1.085587763892388091, 6.655589417870369395, -2.286000000000000920 ) ) ;
#332 = CARTESIAN_POINT ( 'NONE',  ( 4.503699405991239857, 5.310665190646412626, 2.286000000000000476 ) ) ;
#333 = CARTESIAN_POINT ( 'NONE',  ( 0.000000000000000000, 0.000000000000000000, 0.000000000000000000 ) ) ;
#334 = CARTESIAN_POINT ( 'NONE',  ( 0.1981792459797993566, -5.038390598587967339, -2.285999999999993371 ) ) ;
#335 = CARTESIAN_POINT ( 'NONE',  ( -5.414792396100658323, -2.301950562403214384, 2.286000000000000476 ) ) ;
#336 = CARTESIAN_POINT ( 'NONE',  ( -5.025101949511931565, 2.173665442670349002, -2.286000000000000920 ) ) ;
#337 = CARTESIAN_POINT ( 'NONE',  ( 6.865202557841988629, -2.272426521261469823, 2.286000000000000476 ) ) ;
#338 = CARTESIAN_POINT ( 'NONE',  ( -5.264891270736411499, 0.5330684818325862606, 2.286000000000000476 ) ) ;
#339 = DIRECTION ( 'NONE',  ( 1.000000000000000000, 0.000000000000000000, 0.000000000000000000 ) ) ;
#340 = CARTESIAN_POINT ( 'NONE',  ( 4.612104495109638158, 3.476310862236193788, -2.286000000000000920 ) ) ;
#341 = EDGE_CURVE ( 'NONE', #1039, #4509, #1419, .T. ) ;
#342 = VERTEX_POINT ( 'NONE', #3784 ) ;
#343 = CARTESIAN_POINT ( 'NONE',  ( 2.166053677396898358, 4.926769214355551263, -2.286000000000000920 ) ) ;
#344 = CARTESIAN_POINT ( 'NONE',  ( 4.459232637575090585, 3.340134799346919703, -2.286000000000002697 ) ) ;
#345 = CARTESIAN_POINT ( 'NONE',  ( -4.612104495109639934, -3.476310862236192900, -2.285999999999997812 ) ) ;
#346 = VECTOR ( 'NONE', #2194, 1000.000000000000000 ) ;
#347 = CARTESIAN_POINT ( 'NONE',  ( -2.387648127366833073, -6.306703394980819333, -2.286000000000000920 ) ) ;
#348 = CARTESIAN_POINT ( 'NONE',  ( 2.317559181621137832, -6.691150755271283224, -2.285999999999994259 ) ) ;
#349 = CARTESIAN_POINT ( 'NONE',  ( 0.9605012029655741745, 6.476356000746373631, -2.285999999999994259 ) ) ;
#350 = CARTESIAN_POINT ( 'NONE',  ( -5.484739481868279753, -0.6476699409902368920, -2.286000000000000920 ) ) ;
#351 = CARTESIAN_POINT ( 'NONE',  ( -4.366020258804536702, 3.225246005036189523, 2.286000000000000476 ) ) ;
#352 = DIRECTION ( 'NONE',  ( 1.000000000000000000, 0.000000000000000000, 0.000000000000000000 ) ) ;
#353 = CARTESIAN_POINT ( 'NONE',  ( -3.183680459516555317, -4.339242117764197992, -2.285999999999990262 ) ) ;
#354 = CARTESIAN_POINT ( 'NONE',  ( 5.975696222817058256, -0.7110321314750345234, -2.285999999999992482 ) ) ;
#355 = CARTESIAN_POINT ( 'NONE',  ( 5.057282611089283009, 0.2621389074985163714, -2.286000000000000920 ) ) ;
#356 = CARTESIAN_POINT ( 'NONE',  ( -0.3740431840629611093, 5.113419133395583849, -2.286000000000000920 ) ) ;
#357 = CARTESIAN_POINT ( 'NONE',  ( 4.164293022777175501, 5.174846770538143126, 2.286000000000000476 ) ) ;
#358 = APPLICATION_PROTOCOL_DEFINITION ( 'international standard', 'config_control_design', 1994, #5024 ) ;
#359 = CARTESIAN_POINT ( 'NONE',  ( 0.3740431840629604987, -5.113419133395583849, 2.286000000000000476 ) ) ;
#360 = CARTESIAN_POINT ( 'NONE',  ( -4.876787775934690927, -2.166710717189364033, -2.285999999999997812 ) ) ;
#361 = CARTESIAN_POINT ( 'NONE',  ( -1.464622183253452503, 7.081653077825841081, 2.286000000000000476 ) ) ;
#362 = CARTESIAN_POINT ( 'NONE',  ( 5.992287157413077381, -2.409147001929393905, -2.285999999999994259 ) ) ;
#363 = CARTESIAN_POINT ( 'NONE',  ( -5.082764852903506991, -0.3209540278680267922, 2.286000000000000476 ) ) ;
#364 = ORIENTED_EDGE ( 'NONE', *, *, #499, .F. ) ;
#365 = CARTESIAN_POINT ( 'NONE',  ( -0.2621389074985152612, -5.057282611089284785, -2.286000000000000920 ) ) ;
#366 = CARTESIAN_POINT ( 'NONE',  ( 2.301950562403213052, -5.414792396100658323, -2.286000000000000920 ) ) ;
#367 = CARTESIAN_POINT ( 'NONE',  ( 4.247487361087594948, -2.938866095189175631, -2.286000000000000920 ) ) ;
#368 = EDGE_CURVE ( 'NONE', #4076, #1780, #2463, .T. ) ;
#369 = CARTESIAN_POINT ( 'NONE',  ( 7.072590850357723724, -2.204962537704699077, -2.286000000000000476 ) ) ;
#370 = CARTESIAN_POINT ( 'NONE',  ( -4.354396715554731401, -2.514012115883949239, 2.286000000000000476 ) ) ;
#371 = CARTESIAN_POINT ( 'NONE',  ( -2.191741345851257350, -5.122257907086416040, -2.286000000000000920 ) ) ;
#372 = CARTESIAN_POINT ( 'NONE',  ( -3.782965240303920229, 4.953794882336378436, -2.285999999999990706 ) ) ;
#373 = CARTESIAN_POINT ( 'NONE',  ( -0.5330684818325865937, -5.264891270736411499, 2.286000000000000476 ) ) ;
#374 = CARTESIAN_POINT ( 'NONE',  ( -2.347321263097896349, -6.555650691920510198, 2.286000000000000476 ) ) ;
#375 = CARTESIAN_POINT ( 'NONE',  ( -4.426088753942313048, 3.303268363099251204, -2.285999999999988930 ) ) ;
#376 = CARTESIAN_POINT ( 'NONE',  ( 3.671527976878547150, -4.864396098905572785, 2.286000000000000476 ) ) ;
#377 = CARTESIAN_POINT ( 'NONE',  ( 7.072590850357781456, 2.204962537704680869, 2.286000000000000476 ) ) ;
#378 = CARTESIAN_POINT ( 'NONE',  ( 6.048454584161420122, -0.7474384492293194571, -2.285999999999992482 ) ) ;
#379 = CARTESIAN_POINT ( 'NONE',  ( 6.246275499659565966, 0.8295454916588378413, -2.286000000000000920 ) ) ;
#380 = CARTESIAN_POINT ( 'NONE',  ( -0.6970097785450487526, 5.680356212974283281, -2.286000000000000920 ) ) ;
#381 = CARTESIAN_POINT ( 'NONE',  ( -5.266605046998201978, -4.381051063935449186, 2.286000000000000476 ) ) ;
#382 = CARTESIAN_POINT ( 'NONE',  ( -4.241329277686503474, -2.880640466208736150, -2.286000000000000920 ) ) ;
#383 = DIRECTION ( 'NONE',  ( -1.000000000000000000, -0.000000000000000000, -0.000000000000000000 ) ) ;
#384 = DIRECTION ( 'NONE',  ( 0.000000000000000000, 0.000000000000000000, 1.000000000000000000 ) ) ;
#385 = CARTESIAN_POINT ( 'NONE',  ( -5.464737068976782020, -2.327079695769372680, 2.286000000000000476 ) ) ;
#386 = CARTESIAN_POINT ( 'NONE',  ( -6.088939422080938968, 2.406359558239483665, -2.286000000000000920 ) ) ;
#387 = VERTEX_POINT ( 'NONE', #3074 ) ;
#388 = CARTESIAN_POINT ( 'NONE',  ( 6.865202557841988629, -2.272426521261469823, -2.285999999999994259 ) ) ;
#389 = CARTESIAN_POINT ( 'NONE',  ( -4.381051063935450074, 5.266605046998201090, 2.286000000000000476 ) ) ;
#390 = CARTESIAN_POINT ( 'NONE',  ( -5.025479307074648183, 0.06909748234411594581, 2.286000000000000476 ) ) ;
#391 = CARTESIAN_POINT ( 'NONE',  ( 5.975696222817057368, 0.7110321314750343014, 2.286000000000000476 ) ) ;
#392 = CARTESIAN_POINT ( 'NONE',  ( 2.406359558239486329, -6.088939422080938080, -2.286000000000000920 ) ) ;
#393 = CARTESIAN_POINT ( 'NONE',  ( 4.722047456352864714, -2.191273222451026736, -2.286000000000000920 ) ) ;
#394 = CARTESIAN_POINT ( 'NONE',  ( -7.072590850445158672, -2.204962537674541423, 2.286000000000000476 ) ) ;
#395 = CARTESIAN_POINT ( 'NONE',  ( -4.462463875555763515, -2.347567037772633203, 2.286000000000000476 ) ) ;
#396 = CIRCLE ( 'NONE', #4620, 7.408333222071330049 ) ;
#397 = LINE ( 'NONE', #1908, #2675 ) ;
#398 = PRODUCT_RELATED_PRODUCT_CATEGORY ( 'detail', '', ( #4833 ) ) ;
#399 = CARTESIAN_POINT ( 'NONE',  ( -3.782965240303920229, 4.953794882336378436, 2.286000000000000476 ) ) ;
#400 = CARTESIAN_POINT ( 'NONE',  ( -0.7740819819406975499, -6.123650495384040937, 2.286000000000000476 ) ) ;
#401 = AXIS2_PLACEMENT_3D ( 'NONE', #1747, #596, #572 ) ;
#402 = CARTESIAN_POINT ( 'NONE',  ( -6.563695275366480786, -1.018960161258259500, -2.286000000000000920 ) ) ;
#403 = CARTESIAN_POINT ( 'NONE',  ( -4.459232637575094138, 3.340134799346915706, -2.285999999999988930 ) ) ;
#404 = CARTESIAN_POINT ( 'NONE',  ( 3.603620000172905957, -4.819588668520769836, 2.286000000000000476 ) ) ;
#405 = CARTESIAN_POINT ( 'NONE',  ( 4.531605619798373397, 3.410305354818156776, 2.286000000000000476 ) ) ;
#406 = CARTESIAN_POINT ( 'NONE',  ( 6.563695275366480786, -1.018960161258258168, 2.286000000000000476 ) ) ;
#407 = ADVANCED_FACE ( 'NONE', ( #4147 ), #4964, .T. ) ;
#408 = CARTESIAN_POINT ( 'NONE',  ( 4.939602216290229997, -5.429769591381424121, 2.286000000000000476 ) ) ;
#409 = CARTESIAN_POINT ( 'NONE',  ( -0.9605012029655761729, 6.476356000746373631, 2.286000000000000476 ) ) ;
#410 = CARTESIAN_POINT ( 'NONE',  ( -4.612104495109639934, -3.476310862236192900, 2.286000000000000476 ) ) ;
#411 = CARTESIAN_POINT ( 'NONE',  ( -0.9605012029655749517, -6.476356000746373631, 2.286000000000000476 ) ) ;
#412 = CARTESIAN_POINT ( 'NONE',  ( -2.232517294687439868, 6.992705799588004645, -2.285999999999990262 ) ) ;
#413 = CARTESIAN_POINT ( 'NONE',  ( -4.976155103217883457, 2.168461455044140340, -2.286000000000000920 ) ) ;
#414 = CARTESIAN_POINT ( 'NONE',  ( 4.562280498011126006, -2.263428084871103696, -2.285999999999994259 ) ) ;
#415 = CARTESIAN_POINT ( 'NONE',  ( 5.073758694932547719, -2.181471118769026329, -2.285999999999994259 ) ) ;
#416 = CARTESIAN_POINT ( 'NONE',  ( 0.000000000000000000, 0.000000000000000000, 0.000000000000000000 ) ) ;
#417 = CARTESIAN_POINT ( 'NONE',  ( -5.975696222817058256, 0.7110321314750337462, 2.286000000000000476 ) ) ;
#418 = VERTEX_POINT ( 'NONE', #5014 ) ;
#419 = CARTESIAN_POINT ( 'NONE',  ( 0.7045212705935078867, -5.732355088791446285, -2.286000000000000920 ) ) ;
#420 = CARTESIAN_POINT ( 'NONE',  ( 3.538372490040376128, -4.700943863347387897, -2.286000000000000920 ) ) ;
#421 = CARTESIAN_POINT ( 'NONE',  ( 4.994660515912102028, -3.841545219201187411, -2.286000000000000920 ) ) ;
#422 = CARTESIAN_POINT ( 'NONE',  ( 4.976155103217880793, 2.168461455044144781, 2.286000000000000476 ) ) ;
#423 = CARTESIAN_POINT ( 'NONE',  ( -5.028786691589064439, 0.1355698399325889481, 2.286000000000000476 ) ) ;
#424 = CARTESIAN_POINT ( 'NONE',  ( -3.507955818454327801, 4.655371438823707742, 2.286000000000000476 ) ) ;
#425 = CARTESIAN_POINT ( 'NONE',  ( 0.1981792459797993566, -5.038390598587967339, 2.286000000000000476 ) ) ;
#426 = CARTESIAN_POINT ( 'NONE',  ( -5.264891270736412388, -0.5330684818325877039, -2.286000000000000920 ) ) ;
#427 = CARTESIAN_POINT ( 'NONE',  ( -4.422841945095526306, 2.396986420425918141, -2.285999999999988930 ) ) ;
#428 = CARTESIAN_POINT ( 'NONE',  ( 2.690823560815335469, -4.264284629575964658, 2.286000000000000476 ) ) ;
#429 = FACE_OUTER_BOUND ( 'NONE', #2324, .T. ) ;
#430 = CARTESIAN_POINT ( 'NONE',  ( 6.246275499659564190, -0.8295454916588380634, -2.285999999999992482 ) ) ;
#431 = VECTOR ( 'NONE', #4959, 1000.000000000000000 ) ;
#432 = CARTESIAN_POINT ( 'NONE',  ( 6.751539294367504773, 1.160798993145838676, -2.286000000000000920 ) ) ;
#433 = CARTESIAN_POINT ( 'NONE',  ( -0.8662984254189470823, 6.317209250654444830, 2.286000000000000476 ) ) ;
#434 = CARTESIAN_POINT ( 'NONE',  ( -5.267837672253020465, -2.236549931580965378, 2.286000000000000476 ) ) ;
#435 = CARTESIAN_POINT ( 'NONE',  ( -5.266605046998201978, -4.381051063935449186, -2.286000000000000920 ) ) ;
#436 = COORDINATED_UNIVERSAL_TIME_OFFSET ( 6, 0, .BEHIND. ) ;
#437 = CARTESIAN_POINT ( 'NONE',  ( -0.8662984254189457500, -6.317209250654446606, 2.286000000000000476 ) ) ;
#438 = CARTESIAN_POINT ( 'NONE',  ( 1.626741853133589100, -7.227524615835522859, -2.286000000000000476 ) ) ;
#439 = EDGE_CURVE ( 'NONE', #2807, #3691, #3361, .T. ) ;
#440 = CARTESIAN_POINT ( 'NONE',  ( 4.247487361087594948, -2.938866095189175631, 2.286000000000000476 ) ) ;
#441 = CARTESIAN_POINT ( 'NONE',  ( 5.690277883870090925, -2.391450586719568783, 2.286000000000000476 ) ) ;
#442 = CARTESIAN_POINT ( 'NONE',  ( -5.445848997241735212, 5.022562078221622706, -2.285999999999988930 ) ) ;
#443 = DIRECTION ( 'NONE',  ( -0.000000000000000000, -0.000000000000000000, 1.000000000000000000 ) ) ;
#444 = EDGE_LOOP ( 'NONE', ( #2780, #2945, #4693, #456, #1053, #3751, #2065, #1544, #2831, #3290, #208, #2426, #261, #4017, #2049, #1014, #3743, #1213, #594, #1759, #34, #1361, #897, #1879 ) ) ;
#445 = CARTESIAN_POINT ( 'NONE',  ( 2.263428084871103696, -4.562280498011125118, -2.286000000000000920 ) ) ;
#446 = DIRECTION ( 'NONE',  ( 1.000000000000000000, 0.000000000000000000, 0.000000000000000000 ) ) ;
#447 = CARTESIAN_POINT ( 'NONE',  ( 4.314820411705331260, 3.140066744230176177, -2.286000000000002697 ) ) ;
#448 = CARTESIAN_POINT ( 'NONE',  ( -6.476356000746373631, 0.9605012029655746186, 2.286000000000000476 ) ) ;
#449 = CARTESIAN_POINT ( 'NONE',  ( -3.443806281393321012, 4.570827893707972933, 2.286000000000000476 ) ) ;
#450 = CARTESIAN_POINT ( 'NONE',  ( -1.338510251577863075, -6.953486125426932674, 2.286000000000000476 ) ) ;
#451 = CARTESIAN_POINT ( 'NONE',  ( -5.113419133395583849, -0.3740431840629608318, -2.286000000000000920 ) ) ;
#452 = CARTESIAN_POINT ( 'NONE',  ( -4.916195901929394374, 3.732199908664470378, -2.285999999999988930 ) ) ;
#453 = CARTESIAN_POINT ( 'NONE',  ( 3.375777569767198116, -4.494406809309920092, 2.286000000000000476 ) ) ;
#454 = CARTESIAN_POINT ( 'NONE',  ( -4.939602216290272629, -5.429769591381434779, -2.285999999999990262 ) ) ;
#455 = CARTESIAN_POINT ( 'NONE',  ( -3.140066744230176177, 4.314820411705331260, -2.286000000000000920 ) ) ;
#456 = ORIENTED_EDGE ( 'NONE', *, *, #3296, .F. ) ;
#457 = CARTESIAN_POINT ( 'NONE',  ( 4.809226556586334134, -5.400580374566925634, 2.286000000000000476 ) ) ;
#458 = CARTESIAN_POINT ( 'NONE',  ( -0.7992465585685070151, 6.181594833392608734, 2.286000000000000476 ) ) ;
#459 = CARTESIAN_POINT ( 'NONE',  ( 4.164293022777175501, 5.174846770538143126, -2.286000000000000920 ) ) ;
#460 = CARTESIAN_POINT ( 'NONE',  ( -5.400580374558696661, -4.809226556556593479, -2.286000000000000920 ) ) ;
#461 = COORDINATED_UNIVERSAL_TIME_OFFSET ( 6, 0, .BEHIND. ) ;
#462 = CARTESIAN_POINT ( 'NONE',  ( 1.615000000000000213, -1.614999999999999769, -2.286000000000000032 ) ) ;
#463 = FACE_OUTER_BOUND ( 'NONE', #4794, .T. ) ;
#464 = CARTESIAN_POINT ( 'NONE',  ( 4.264284629575963770, -2.690823560815335025, 2.286000000000000476 ) ) ;
#465 = CARTESIAN_POINT ( 'NONE',  ( 2.347321263097891908, 6.555650691920510198, -2.285999999999991594 ) ) ;
#466 = CARTESIAN_POINT ( 'NONE',  ( -3.782965240303920229, 4.953794882336378436, 2.286000000000000476 ) ) ;
#467 = CARTESIAN_POINT ( 'NONE',  ( -5.896140974621092212, 0.7170584013211526164, 2.286000000000000476 ) ) ;
#468 = ORIENTED_EDGE ( 'NONE', *, *, #597, .F. ) ;
#469 = CARTESIAN_POINT ( 'NONE',  ( 2.347567037772631870, -4.462463875555763515, -2.286000000000000920 ) ) ;
#470 = CARTESIAN_POINT ( 'NONE',  ( 0.000000000000000000, 0.000000000000000000, -2.286000000000000476 ) ) ;
#471 = CARTESIAN_POINT ( 'NONE',  ( 4.292995347704373188, 3.094096482592032071, -2.286000000000002697 ) ) ;
#472 = CARTESIAN_POINT ( 'NONE',  ( -5.306777461419536657, 0.5619673642293570026, 2.286000000000000476 ) ) ;
#473 = DIRECTION ( 'NONE',  ( 1.000000000000000000, 0.000000000000000000, 0.000000000000000000 ) ) ;
#474 = CARTESIAN_POINT ( 'NONE',  ( -0.7170584013211530605, -5.896140974621092212, 2.286000000000000476 ) ) ;
#475 = CARTESIAN_POINT ( 'NONE',  ( -2.690823560815335025, -4.264284629575964658, 2.286000000000000476 ) ) ;
#476 = CARTESIAN_POINT ( 'NONE',  ( -4.612104495109642599, 3.476310862236190236, -2.285999999999988930 ) ) ;
#477 = VECTOR ( 'NONE', #2460, 1000.000000000000000 ) ;
#478 = CARTESIAN_POINT ( 'NONE',  ( 2.191741345851258682, -5.122257907086414264, 2.286000000000000476 ) ) ;
#479 = CARTESIAN_POINT ( 'NONE',  ( 5.445848997224144838, 5.022562078130897945, 2.286000000000000476 ) ) ;
#480 = CARTESIAN_POINT ( 'NONE',  ( -2.376926607282876525, 5.611834548134891243, -2.286000000000000920 ) ) ;
#481 = AXIS2_PLACEMENT_3D ( 'NONE', #1091, #2254, #2306 ) ;
#482 = ORIENTED_EDGE ( 'NONE', *, *, #3569, .T. ) ;
#483 = CARTESIAN_POINT ( 'NONE',  ( 4.939602216290229997, -5.429769591381424121, -2.285999999999994259 ) ) ;
#484 = CARTESIAN_POINT ( 'NONE',  ( -0.7992465585685070151, 6.181594833392608734, -2.285999999999994259 ) ) ;
#485 = CARTESIAN_POINT ( 'NONE',  ( -5.904012904798280559, -2.408368181655959450, 2.286000000000000476 ) ) ;
#486 = CARTESIAN_POINT ( 'NONE',  ( -4.747678667655627294, -3.569061278851724417, -2.286000000000000920 ) ) ;
#487 = PERSON_AND_ORGANIZATION ( #1695, #3439 ) ;
#488 = LINE ( 'NONE', #462, #760 ) ;
#489 = CARTESIAN_POINT ( 'NONE',  ( -2.204962537674558742, -7.072590850445101829, -2.285999999999990262 ) ) ;
#490 = CARTESIAN_POINT ( 'NONE',  ( 4.494406809309921869, -3.375777569767198116, -2.285999999999994259 ) ) ;
#491 = ORIENTED_EDGE ( 'NONE', *, *, #4949, .F. ) ;
#492 = CARTESIAN_POINT ( 'NONE',  ( 2.166710717189357371, 4.876787775934691815, -2.285999999999991594 ) ) ;
#493 = CARTESIAN_POINT ( 'NONE',  ( -4.635926943805799283, 5.352640503693416818, 2.286000000000000476 ) ) ;
#494 = CARTESIAN_POINT ( 'NONE',  ( -6.181594833392607846, 0.7992465585685049057, 2.286000000000000476 ) ) ;
#495 = ORIENTED_EDGE ( 'NONE', *, *, #3793, .T. ) ;
#496 = CARTESIAN_POINT ( 'NONE',  ( 2.755660258758656056, -4.248665761571358779, -2.286000000000000920 ) ) ;
#497 = CARTESIAN_POINT ( 'NONE',  ( 6.691150755271284112, -2.317559181621136055, -2.286000000000000920 ) ) ;
#498 = CARTESIAN_POINT ( 'NONE',  ( 4.264284629575963770, 2.690823560815337245, 2.286000000000000476 ) ) ;
#499 = EDGE_CURVE ( 'NONE', #583, #2795, #4662, .T. ) ;
#500 = CARTESIAN_POINT ( 'NONE',  ( -6.394046406055663212, -0.9097610735845655938, 2.286000000000000476 ) ) ;
#501 = CARTESIAN_POINT ( 'NONE',  ( -2.572579828584877326, 4.317644004947601921, -2.285999999999990706 ) ) ;
#502 = CARTESIAN_POINT ( 'NONE',  ( -4.287272105162937663, 2.631800271163143190, 2.286000000000000476 ) ) ;
#503 = CARTESIAN_POINT ( 'NONE',  ( -3.732199908664471266, -4.916195901929394374, 2.286000000000000476 ) ) ;
#504 = CARTESIAN_POINT ( 'NONE',  ( 0.000000000000000000, 0.000000000000000000, -2.286000000000000476 ) ) ;
#505 = CARTESIAN_POINT ( 'NONE',  ( 5.690277883870089148, 2.391450586719571447, 2.286000000000000476 ) ) ;
#506 = CARTESIAN_POINT ( 'NONE',  ( -2.208998909360598173, 4.668876377298398772, -2.286000000000000920 ) ) ;
#507 = CARTESIAN_POINT ( 'NONE',  ( -4.562280498011126006, 2.263428084871102808, -2.286000000000000920 ) ) ;
#508 = VERTEX_POINT ( 'NONE', #3761 ) ;
#509 = CARTESIAN_POINT ( 'NONE',  ( 3.841545219201189632, -4.994660515912102916, 2.286000000000000476 ) ) ;
#510 = CARTESIAN_POINT ( 'NONE',  ( -0.5003650740925678075, 5.224220325235548579, -2.285999999999994259 ) ) ;
#511 = CARTESIAN_POINT ( 'NONE',  ( -6.691150755271282335, -2.317559181621139164, 2.286000000000000476 ) ) ;
#512 = COORDINATED_UNIVERSAL_TIME_OFFSET ( 6, 0, .BEHIND. ) ;
#513 = CARTESIAN_POINT ( 'NONE',  ( 2.173665442670346337, 5.025101949511932453, 2.286000000000000476 ) ) ;
#514 = CARTESIAN_POINT ( 'NONE',  ( -2.347321263097901234, 6.555650691920506645, 2.286000000000000476 ) ) ;
#515 = CARTESIAN_POINT ( 'NONE',  ( 7.227524615896121496, 1.626741853203377275, 2.286000000000000476 ) ) ;
#516 = AXIS2_PLACEMENT_3D ( 'NONE', #4553, #4121, #1380 ) ;
#517 = CARTESIAN_POINT ( 'NONE',  ( 4.339242117764196216, -3.183680459516555317, 2.286000000000000476 ) ) ;
#518 = ORIENTED_EDGE ( 'NONE', *, *, #1966, .T. ) ;
#519 = CARTESIAN_POINT ( 'NONE',  ( 2.219332909268637355, 5.219213881833814739, -2.285999999999991594 ) ) ;
#520 = CARTESIAN_POINT ( 'NONE',  ( -2.500000000000000000, 0.000000000000000000, 3.174999999999999822 ) ) ;
#521 = ORIENTED_EDGE ( 'NONE', *, *, #4039, .F. ) ;
#522 = CARTESIAN_POINT ( 'NONE',  ( -7.172119510977680079, -1.562936208206542998, -2.285999999999992482 ) ) ;
#523 = CARTESIAN_POINT ( 'NONE',  ( 5.690277883870090925, -2.391450586719568783, -2.286000000000000920 ) ) ;
#524 = CARTESIAN_POINT ( 'NONE',  ( 4.366020258804534038, 3.225246005036193075, -2.286000000000002697 ) ) ;
#525 = CARTESIAN_POINT ( 'NONE',  ( -5.264891270736411499, 0.5330684818325862606, 2.286000000000000476 ) ) ;
#526 = CARTESIAN_POINT ( 'NONE',  ( -2.993776443851758895, 4.258722005451610393, -2.285999999999990706 ) ) ;
#527 = CARTESIAN_POINT ( 'NONE',  ( -4.926769214355550375, 2.166053677396901023, 2.286000000000000476 ) ) ;
#528 = EDGE_CURVE ( 'NONE', #2514, #4862, #1841, .T. ) ;
#529 = CARTESIAN_POINT ( 'NONE',  ( -3.410305354818153667, -4.531605619798376949, 2.286000000000000476 ) ) ;
#530 = CARTESIAN_POINT ( 'NONE',  ( 5.022562078130824226, -5.445848997224133292, -2.286000000000000476 ) ) ;
#531 = CARTESIAN_POINT ( 'NONE',  ( -2.204962537704679537, 7.072590850357789449, -2.286000000000000476 ) ) ;
#532 = CARTESIAN_POINT ( 'NONE',  ( -3.603620000172907734, 4.819588668520768060, -2.286000000000000920 ) ) ;
#533 = CARTESIAN_POINT ( 'NONE',  ( -0.6301014820750955314, 5.438698666219214495, 2.286000000000000476 ) ) ;
#534 = CARTESIAN_POINT ( 'NONE',  ( 3.094096482592030295, -4.292995347704374076, -2.285999999999994259 ) ) ;
#535 = CARTESIAN_POINT ( 'NONE',  ( 0.5619673642293566695, 5.306777461419536657, -2.285999999999994259 ) ) ;
#536 = CARTESIAN_POINT ( 'NONE',  ( -4.241329277686503474, -2.880640466208736150, 2.286000000000000476 ) ) ;
#537 = CARTESIAN_POINT ( 'NONE',  ( 5.025479307074648183, -0.06909748234411655643, 2.286000000000000476 ) ) ;
#538 = CARTESIAN_POINT ( 'NONE',  ( 2.880640466208730377, 4.241329277686508803, 2.286000000000000476 ) ) ;
#539 = CARTESIAN_POINT ( 'NONE',  ( -2.168461455044141228, -4.976155103217883457, -2.285999999999990262 ) ) ;
#540 = CARTESIAN_POINT ( 'NONE',  ( 0.5875270965913548249, -5.349734136913458116, -2.286000000000000920 ) ) ;
#541 = CARTESIAN_POINT ( 'NONE',  ( -4.247487361087595836, 2.938866095189174743, 2.286000000000000476 ) ) ;
#542 = CARTESIAN_POINT ( 'NONE',  ( 1.085587763892386315, 6.655589417870370283, -2.286000000000000920 ) ) ;
#543 = EDGE_LOOP ( 'NONE', ( #2121, #4810, #988, #3253 ) ) ;
#544 = CARTESIAN_POINT ( 'NONE',  ( 2.406359558239480556, 6.088939422080939856, 2.286000000000000476 ) ) ;
#545 = CARTESIAN_POINT ( 'NONE',  ( 4.241329277686506138, -2.880640466208733486, 2.286000000000000476 ) ) ;
#546 = CARTESIAN_POINT ( 'NONE',  ( 0.6970097785450480865, -5.680356212974283281, -2.285999999999993371 ) ) ;
#547 = CARTESIAN_POINT ( 'NONE',  ( -5.785647839301008233, -0.7102931347230240222, 2.286000000000000476 ) ) ;
#548 = CARTESIAN_POINT ( 'NONE',  ( 6.193806931796396853, 2.399402252589303952, 2.286000000000000476 ) ) ;
#549 = CARTESIAN_POINT ( 'NONE',  ( 5.414792396100657434, 2.301950562403215272, -2.286000000000000920 ) ) ;
#550 = CARTESIAN_POINT ( 'NONE',  ( -2.631800271163147631, 4.287272105162934999, -2.285999999999990706 ) ) ;
#551 = CARTESIAN_POINT ( 'NONE',  ( -2.372076222644150967, -5.530620799995805470, 2.286000000000000476 ) ) ;
#552 = LINE ( 'NONE', #4013, #3759 ) ;
#553 = CARTESIAN_POINT ( 'NONE',  ( 6.865202557812160045, 2.272426521269208521, 2.286000000000000476 ) ) ;
#554 = CARTESIAN_POINT ( 'NONE',  ( -2.173665442670352554, 5.025101949511928012, -2.286000000000000920 ) ) ;
#555 = EDGE_CURVE ( 'NONE', #583, #5001, #1774, .T. ) ;
#556 = CARTESIAN_POINT ( 'NONE',  ( 0.8662984254189449729, 6.317209250654446606, 2.286000000000000476 ) ) ;
#557 = ORIENTED_EDGE ( 'NONE', *, *, #368, .T. ) ;
#558 = CARTESIAN_POINT ( 'NONE',  ( 2.631800271163145855, -4.287272105162935887, 2.286000000000000476 ) ) ;
#559 = CARTESIAN_POINT ( 'NONE',  ( 0.2621389074985147061, 5.057282611089284785, 2.286000000000000476 ) ) ;
#560 = CARTESIAN_POINT ( 'NONE',  ( 3.045439027948416477, 4.274124979574707162, -2.286000000000000920 ) ) ;
#561 = CARTESIAN_POINT ( 'NONE',  ( 5.531876145198175720, 0.6630252695113227901, 2.286000000000000476 ) ) ;
#562 = CARTESIAN_POINT ( 'NONE',  ( 2.993776443851753566, 4.258722005451613946, 2.286000000000000476 ) ) ;
#563 = CARTESIAN_POINT ( 'NONE',  ( -2.256044226555254273, -5.316625765703149931, -2.285999999999990262 ) ) ;
#564 = CARTESIAN_POINT ( 'NONE',  ( 7.081653077847804845, 1.464622183275062328, -2.285999999999992482 ) ) ;
#565 = VECTOR ( 'NONE', #2388, 1000.000000000000000 ) ;
#566 = EDGE_CURVE ( 'NONE', #4484, #2203, #272, .T. ) ;
#567 = B_SPLINE_SURFACE_WITH_KNOTS ( 'NONE', 3, 1, ( 
 ( #3093, #2658 ),
 ( #2711, #4546 ),
 ( #3423, #4211 ),
 ( #4645, #4264 ),
 ( #4981, #2633 ),
 ( #2610, #2277 ),
 ( #1957, #4186 ),
 ( #1523, #3848 ),
 ( #4162, #4931 ),
 ( #780, #2685 ),
 ( #3470, #2329 ),
 ( #3873, #4594 ),
 ( #2228, #3067 ),
 ( #3776, #296 ),
 ( #1856, #319 ),
 ( #4237, #1499 ),
 ( #3448, #3396 ),
 ( #4956, #1473 ),
 ( #3018, #704 ),
 ( #5031, #3825 ),
 ( #2252, #3799 ),
 ( #1548, #1881 ),
 ( #3042, #4618 ),
 ( #1141, #344 ),
 ( #1906, #5006 ),
 ( #754, #2304 ),
 ( #1929, #524 ),
 ( #3953, #4750 ),
 ( #3980, #447 ),
 ( #4341, #471 ),
 ( #4696, #4366 ),
 ( #3524, #4394 ),
 ( #3595, #3545 ),
 ( #887, #2357 ),
 ( #4289, #1648 ),
 ( #2783, #4776 ),
 ( #498, #3497 ),
 ( #3902, #4673 ),
 ( #2810, #1599 ),
 ( #4721, #807 ),
 ( #1216, #4006 ),
 ( #3144, #3169 ),
 ( #2033, #11 ),
 ( #1238, #61 ),
 ( #1192, #861 ),
 ( #1291, #2405 ),
 ( #3568, #2008 ),
 ( #832, #85 ),
 ( #3194, #2454 ),
 ( #110, #1266 ),
 ( #2430, #2056 ),
 ( #1676, #3221 ),
 ( #422, #1983 ),
 ( #2836, #913 ),
 ( #1573, #3926 ),
 ( #3119, #1623 ),
 ( #2736, #37 ),
 ( #2759, #4314 ),
 ( #2381, #3698 ),
 ( #2175, #3295 ),
 ( #1317, #4031 ),
 ( #626, #3346 ),
 ( #1342, #214 ),
 ( #1777, #1700 ),
 ( #1803, #3245 ),
 ( #135, #163 ),
 ( #601, #4132 ),
 ( #2530, #3320 ),
 ( #2557, #4056 ),
 ( #2910, #4081 ),
 ( #3269, #2937 ),
 ( #548, #4418 ),
 ( #3723, #2126 ),
 ( #4490, #938 ),
 ( #2862, #4878 ),
 ( #1366, #4902 ),
 ( #4109, #2079 ),
 ( #2479, #4802 ),
 ( #1394, #1727 ) ),
 .UNSPECIFIED., .F., .F., .F.,
 ( 4, 1, 1, 1, 1, 1, 1, 1, 1, 1, 1, 1, 1, 1, 1, 1, 1, 1, 1, 1, 1, 1, 1, 1, 1, 1, 1, 1, 1, 1, 1, 1, 1, 1, 1, 1, 1, 1, 1, 1, 1, 1, 1, 1, 1, 1, 1, 1, 1, 1, 1, 1, 1, 1, 1, 1, 1, 1, 1, 1, 1, 1, 1, 1, 1, 1, 1, 1, 1, 1, 1, 1, 1, 1, 1, 1, 4 ),
 ( 2, 2 ),
 ( 0.01103315318568801051, 0.05345531963080774052, 0.07807290109913955778, 0.1012837636727262902, 0.1230879073546434777, 0.1434853321486018185, 0.1624760380591380171, 0.1800600250918766854, 0.1962372932539097059, 0.2110078425543557845, 0.2243716730052127684, 0.2363287846227128952, 0.2468791774295818753, 0.2560228514590334736, 0.2765703373738778170, 0.2861597148600216745, 0.2955281054245301187, 0.3046873400362803963, 0.3136510682187723109, 0.3224350908376912850, 0.3310577570337658315, 0.3395404348280691709, 0.3479080632824442798, 0.3561897892115019060, 0.3644196805880378642, 0.3726374874240482304, 0.3808893818503648054, 0.3892285417683729598, 0.3977153332009296660, 0.4064166828338137138, 0.4154040162538316094, 0.4247489170962575056, 0.4345155871249806179, 0.4447495655339210874, 0.4554634245512343416, 0.4666225055634414254, 0.4781364573014081909, 0.4871735315700953528, 0.5000000000000000000, 0.5128264684299046472, 0.5218635426985918091, 0.5333774944365585746, 0.5445365754487656584, 0.5552504344660789126, 0.5654844128750193821, 0.5752510829037424944, 0.5845959837461683906, 0.5935833171661862862, 0.6022846667990703340, 0.6107714582316270402, 0.6191106181496351946, 0.6273625125759517696, 0.6355803194119621358, 0.6438102107884979830, 0.6520919367175557202, 0.6604595651719307181, 0.6689422429662341685, 0.6775649091623086040, 0.6863489317812275781, 0.6953126599637194927, 0.7044718945754697703, 0.7138402851399782145, 0.7234296626261220720, 0.7439771485409665264, 0.7531208225704182357, 0.7636712153772871048, 0.7756283269947872316, 0.7889921574456442155, 0.8037627067460902941, 0.8199399749081233146, 0.8375239619408620939, 0.8565146678513982925, 0.8769120926453567444, 0.8987162363272738208, 0.9219270989008605532, 0.9465446803691922595, 0.9889668468143227864 ),
 ( 0.000000000000000000, 1.000000000000000000 ),
 .UNSPECIFIED. ) ;
#568 = CARTESIAN_POINT ( 'NONE',  ( 6.851020669089141535, -1.244985501274098683, -2.286000000000000920 ) ) ;
#569 = CARTESIAN_POINT ( 'NONE',  ( 1.018960161258256836, 6.563695275366480786, -2.286000000000000920 ) ) ;
#570 = ORIENTED_EDGE ( 'NONE', *, *, #2239, .T. ) ;
#571 = CARTESIAN_POINT ( 'NONE',  ( 3.045439027948416477, 4.274124979574707162, -2.285999999999991594 ) ) ;
#572 = DIRECTION ( 'NONE',  ( 1.000000000000000000, 0.000000000000000000, 0.000000000000000000 ) ) ;
#573 = CARTESIAN_POINT ( 'NONE',  ( 0.5875270965913548249, -5.349734136913458116, 2.286000000000000476 ) ) ;
#574 = CARTESIAN_POINT ( 'NONE',  ( -5.975696222817057368, -0.7110321314750350785, 2.286000000000000476 ) ) ;
#575 = CARTESIAN_POINT ( 'NONE',  ( -2.500000000000000000, 0.000000000000000000, -2.286000000000000032 ) ) ;
#576 = CARTESIAN_POINT ( 'NONE',  ( -6.751539294367503885, 1.160798993145837787, 2.286000000000000476 ) ) ;
#577 = CARTESIAN_POINT ( 'NONE',  ( -3.094096482592032071, 4.292995347704373188, 2.286000000000000476 ) ) ;
#578 = CARTESIAN_POINT ( 'NONE',  ( -2.277692020846683096, -5.365664573546734317, 2.286000000000000476 ) ) ;
#579 = CARTESIAN_POINT ( 'NONE',  ( -1.614999999999999769, -1.614999999999999769, -2.286000000000000032 ) ) ;
#580 = CARTESIAN_POINT ( 'NONE',  ( 4.274124979574701833, 3.045439027948421806, 2.286000000000000476 ) ) ;
#581 = CARTESIAN_POINT ( 'NONE',  ( -2.572579828584875550, -4.317644004947606362, -2.286000000000000920 ) ) ;
#582 = CARTESIAN_POINT ( 'NONE',  ( -0.7170584013211546148, 5.896140974621092212, 2.286000000000000476 ) ) ;
#583 = VERTEX_POINT ( 'NONE', #964 ) ;
#584 = CARTESIAN_POINT ( 'NONE',  ( 2.690823560815335469, -4.264284629575964658, 2.286000000000000476 ) ) ;
#585 = CARTESIAN_POINT ( 'NONE',  ( 0.4213890162108044346, 5.147865004549771584, -2.285999999999994259 ) ) ;
#586 = CARTESIAN_POINT ( 'NONE',  ( 2.399402252589295070, 6.193806931796400406, -2.286000000000000920 ) ) ;
#587 = CARTESIAN_POINT ( 'NONE',  ( 6.851020669089140647, 1.244985501274098683, 2.286000000000000476 ) ) ;
#588 = DIRECTION ( 'NONE',  ( 1.000000000000000000, 0.000000000000000000, -0.000000000000000000 ) ) ;
#589 = CARTESIAN_POINT ( 'NONE',  ( -2.166053677396901911, -4.926769214355551263, -2.285999999999990262 ) ) ;
#590 = CARTESIAN_POINT ( 'NONE',  ( 5.438698666219214495, 0.6301014820750945322, 2.286000000000000476 ) ) ;
#591 = CARTESIAN_POINT ( 'NONE',  ( -4.069996442506886858, -5.128438219115365015, 2.286000000000000476 ) ) ;
#592 = CARTESIAN_POINT ( 'NONE',  ( 5.022562078130886398, 5.445848997224150168, 2.286000000000000476 ) ) ;
#593 = CARTESIAN_POINT ( 'NONE',  ( 0.6101348444133457560, 5.393707460080332083, -2.286000000000000920 ) ) ;
#594 = ORIENTED_EDGE ( 'NONE', *, *, #4168, .F. ) ;
#595 = CARTESIAN_POINT ( 'NONE',  ( 3.569061278851717756, 4.747678667655630846, 2.286000000000000476 ) ) ;
#596 = DIRECTION ( 'NONE',  ( -0.000000000000000000, -0.000000000000000000, 1.000000000000000000 ) ) ;
#597 = EDGE_CURVE ( 'NONE', #5001, #4461, #2867, .T. ) ;
#598 = CARTESIAN_POINT ( 'NONE',  ( 0.7740819819406981050, -6.123650495384040937, -2.285999999999993371 ) ) ;
#599 = CARTESIAN_POINT ( 'NONE',  ( -6.476356000746373631, -0.9605012029655757289, -2.285999999999992482 ) ) ;
#600 = VECTOR ( 'NONE', #2930, 1000.000000000000000 ) ;
#601 = CARTESIAN_POINT ( 'NONE',  ( 5.753041440904883785, 2.398629593088693834, 2.286000000000000476 ) ) ;
#602 = CARTESIAN_POINT ( 'NONE',  ( 5.611834548134891243, 2.376926607282876525, -2.286000000000000920 ) ) ;
#603 = CARTESIAN_POINT ( 'NONE',  ( -2.690823560815337245, 4.264284629575963770, 2.286000000000000476 ) ) ;
#604 = ORIENTED_EDGE ( 'NONE', *, *, #245, .F. ) ;
#605 = CARTESIAN_POINT ( 'NONE',  ( 2.404730280458377223, -5.824206007570938759, 2.286000000000000476 ) ) ;
#606 = CARTESIAN_POINT ( 'NONE',  ( 5.414792396100657434, 2.301950562403215272, 2.286000000000000476 ) ) ;
#607 = CARTESIAN_POINT ( 'NONE',  ( -2.938866095189175631, -4.247487361087595836, -2.286000000000000920 ) ) ;
#608 = CARTESIAN_POINT ( 'NONE',  ( -0.5875270965913554910, 5.349734136913458116, 2.286000000000000476 ) ) ;
#609 = ORIENTED_EDGE ( 'NONE', *, *, #3630, .T. ) ;
#610 = CARTESIAN_POINT ( 'NONE',  ( 2.993776443851757563, -4.258722005451611281, 2.286000000000000476 ) ) ;
#611 = CARTESIAN_POINT ( 'NONE',  ( 0.5875270965913534926, 5.349734136913458116, 2.286000000000000476 ) ) ;
#612 = CARTESIAN_POINT ( 'NONE',  ( 5.785647839301008233, 0.7102931347230232451, 2.286000000000000476 ) ) ;
#613 = CARTESIAN_POINT ( 'NONE',  ( -6.691150755271285000, 2.317559181621134279, -2.285999999999988930 ) ) ;
#614 = CARTESIAN_POINT ( 'NONE',  ( 2.327079695769365575, 5.464737068976784684, 2.286000000000000476 ) ) ;
#615 = CARTESIAN_POINT ( 'NONE',  ( -2.191741345851257350, -5.122257907086416040, 2.286000000000000920 ) ) ;
#616 = CARTESIAN_POINT ( 'NONE',  ( 5.038390598587967339, 0.1981792459797990791, -2.285999999999992482 ) ) ;
#617 = CARTESIAN_POINT ( 'NONE',  ( -4.258722005451613057, 2.993776443851756230, 2.286000000000000476 ) ) ;
#618 = CARTESIAN_POINT ( 'NONE',  ( 5.128438219115363239, -4.069996442506887746, -2.285999999999994259 ) ) ;
#619 = ORIENTED_EDGE ( 'NONE', *, *, #1095, .T. ) ;
#620 = CARTESIAN_POINT ( 'NONE',  ( 3.094096482592025410, 4.292995347704376741, -2.285999999999991594 ) ) ;
#621 = CARTESIAN_POINT ( 'NONE',  ( 6.691150755271284112, -2.317559181621136055, 2.286000000000000476 ) ) ;
#622 = CARTESIAN_POINT ( 'NONE',  ( 1.464622183275062772, -7.081653077847804845, 2.286000000000000476 ) ) ;
#623 = CARTESIAN_POINT ( 'NONE',  ( -4.700943863347387897, 3.538372490040373464, -2.286000000000000920 ) ) ;
#624 = CC_DESIGN_DATE_AND_TIME_ASSIGNMENT ( #4711, #3941, ( #3015 ) ) ;
#625 = CARTESIAN_POINT ( 'NONE',  ( -5.073758694932548607, 2.181471118769024997, 2.286000000000000476 ) ) ;
#626 = CARTESIAN_POINT ( 'NONE',  ( 5.414792396100657434, 2.301950562403215272, 2.286000000000000476 ) ) ;
#627 = CARTESIAN_POINT ( 'NONE',  ( 7.072590850357788561, 2.204962537704680425, -2.286000000000000476 ) ) ;
#628 = CARTESIAN_POINT ( 'NONE',  ( -2.168461455044144781, 4.976155103217880793, -2.285999999999990706 ) ) ;
#629 = VERTEX_POINT ( 'NONE', #219 ) ;
#630 = CARTESIAN_POINT ( 'NONE',  ( -4.668876377298399660, -2.208998909360597285, -2.286000000000000920 ) ) ;
#631 = CARTESIAN_POINT ( 'NONE',  ( -4.655371438823708630, -3.507955818454326913, -2.285999999999997812 ) ) ;
#632 = CARTESIAN_POINT ( 'NONE',  ( -2.755660258758655612, -4.248665761571362331, -2.286000000000000920 ) ) ;
#633 = CARTESIAN_POINT ( 'NONE',  ( 0.6101348444133457560, 5.393707460080332083, 2.286000000000000476 ) ) ;
#634 = VERTEX_POINT ( 'NONE', #4399 ) ;
#635 = CARTESIAN_POINT ( 'NONE',  ( 3.603620000172905957, -4.819588668520769836, -2.285999999999994259 ) ) ;
#636 = CARTESIAN_POINT ( 'NONE',  ( 0.7045212705935064434, 5.732355088791447173, 2.286000000000000476 ) ) ;
#637 = CARTESIAN_POINT ( 'NONE',  ( -5.975696222817058256, 0.7110321314750337462, -2.286000000000000920 ) ) ;
#638 = CARTESIAN_POINT ( 'NONE',  ( -5.267837672253023129, 2.236549931580962713, -2.285999999999988930 ) ) ;
#639 = CARTESIAN_POINT ( 'NONE',  ( 3.732199908664467713, 4.916195901929395262, 2.286000000000000476 ) ) ;
#640 = CARTESIAN_POINT ( 'NONE',  ( -3.782965240303916676, -4.953794882336381988, 2.286000000000000920 ) ) ;
#641 = CARTESIAN_POINT ( 'NONE',  ( 5.113419133395584737, -0.3740431840629596105, 2.286000000000000476 ) ) ;
#642 = CARTESIAN_POINT ( 'NONE',  ( -4.953794882336381100, 3.782965240303915344, 2.286000000000000476 ) ) ;
#643 = CARTESIAN_POINT ( 'NONE',  ( 5.310665190646409961, -4.503699405991244298, -2.285999999999994259 ) ) ;
#644 = ORIENTED_EDGE ( 'NONE', *, *, #3268, .T. ) ;
#645 = CARTESIAN_POINT ( 'NONE',  ( 3.140066744230170848, 4.314820411705335701, -2.285999999999991594 ) ) ;
#646 = CARTESIAN_POINT ( 'NONE',  ( 4.314820411705333925, -3.140066744230173956, 2.286000000000000476 ) ) ;
#647 = CARTESIAN_POINT ( 'NONE',  ( 0.6630252695113231232, -5.531876145198175720, -2.285999999999993371 ) ) ;
#648 = AXIS2_PLACEMENT_3D ( 'NONE', #4443, #189, #3672 ) ;
#649 = CARTESIAN_POINT ( 'NONE',  ( -4.426088753942313048, 3.303268363099251204, -2.286000000000000920 ) ) ;
#650 = AXIS2_PLACEMENT_3D ( 'NONE', #1696, #4310, #828 ) ;
#651 = CARTESIAN_POINT ( 'NONE',  ( 0.1355698399325903081, -5.028786691589065327, -2.286000000000000920 ) ) ;
#652 = CARTESIAN_POINT ( 'NONE',  ( 4.248665761571357891, 2.755660258758657832, -2.286000000000000920 ) ) ;
#653 = CARTESIAN_POINT ( 'NONE',  ( -2.404730280458378999, 5.824206007570938759, 2.286000000000000476 ) ) ;
#654 = EDGE_LOOP ( 'NONE', ( #1423, #803 ) ) ;
#655 = EDGE_CURVE ( 'NONE', #1521, #2390, #3300, .T. ) ;
#656 = CARTESIAN_POINT ( 'NONE',  ( -6.555650691920507533, -2.347321263097900346, -2.286000000000000920 ) ) ;
#657 = CARTESIAN_POINT ( 'NONE',  ( -5.266605046998201978, -4.381051063935449186, -2.285999999999997812 ) ) ;
#658 = CARTESIAN_POINT ( 'NONE',  ( -4.635926943805795730, -5.352640503693421259, -2.286000000000000920 ) ) ;
#659 = DIRECTION ( 'NONE',  ( 1.000000000000000000, 0.000000000000000000, 0.000000000000000000 ) ) ;
#660 = CARTESIAN_POINT ( 'NONE',  ( 2.168461455044142561, -4.976155103217881681, 2.286000000000000476 ) ) ;
#661 = CARTESIAN_POINT ( 'NONE',  ( 1.626741853203425681, 7.227524615896165017, -2.285999999999994259 ) ) ;
#662 = CARTESIAN_POINT ( 'NONE',  ( 6.476356000746373631, -0.9605012029655752848, 2.286000000000000476 ) ) ;
#663 = CARTESIAN_POINT ( 'NONE',  ( -5.753041440904887338, 2.398629593088688949, -2.285999999999988930 ) ) ;
#664 = DIRECTION ( 'NONE',  ( 1.000000000000000000, 0.000000000000000000, 0.000000000000000000 ) ) ;
#665 = CARTESIAN_POINT ( 'NONE',  ( -3.443806281393318347, -4.570827893707975598, -2.285999999999990262 ) ) ;
#666 = CARTESIAN_POINT ( 'NONE',  ( 5.057282611089284785, -0.2621389074985155943, 2.286000000000000476 ) ) ;
#667 = CARTESIAN_POINT ( 'NONE',  ( 5.732355088791447173, -0.7045212705935075537, -2.286000000000000920 ) ) ;
#668 = CARTESIAN_POINT ( 'NONE',  ( -0.06909748234411758339, 5.025479307074646407, -2.286000000000000920 ) ) ;
#669 = CARTESIAN_POINT ( 'NONE',  ( 3.140066744230170848, 4.314820411705335701, 2.286000000000000476 ) ) ;
#670 = CARTESIAN_POINT ( 'NONE',  ( 0.3740431840629604987, -5.113419133395583849, -2.285999999999993371 ) ) ;
#671 = CARTESIAN_POINT ( 'NONE',  ( -4.774490053667270750, -2.178781297287130769, 2.286000000000000476 ) ) ;
#672 = CARTESIAN_POINT ( 'NONE',  ( -5.221115631088431464, 4.267941290503534546, -2.286000000000000920 ) ) ;
#673 = CARTESIAN_POINT ( 'NONE',  ( -5.025479307074646407, -0.06909748234411727807, -2.285999999999992482 ) ) ;
#674 = CARTESIAN_POINT ( 'NONE',  ( 0.2621389074985167045, -5.057282611089283009, -2.286000000000000920 ) ) ;
#675 = CARTESIAN_POINT ( 'NONE',  ( 5.445848997224130628, 5.022562078130826002, -2.286000000000000476 ) ) ;
#676 = AXIS2_PLACEMENT_3D ( 'NONE', #201, #4095, #2569 ) ;
#677 = CARTESIAN_POINT ( 'NONE',  ( -2.376926607282876525, 5.611834548134891243, 2.286000000000000476 ) ) ;
#678 = CARTESIAN_POINT ( 'NONE',  ( 2.372076222644147414, 5.530620799995805470, -2.286000000000000920 ) ) ;
#679 = APPROVAL_PERSON_ORGANIZATION ( #487, #2794, #4329 ) ;
#680 = AXIS2_PLACEMENT_3D ( 'NONE', #4554, #2642, #2594 ) ;
#681 = CARTESIAN_POINT ( 'NONE',  ( -1.614999999999999769, 1.615000000000000213, 2.286000000000000032 ) ) ;
#682 = CARTESIAN_POINT ( 'NONE',  ( -4.994660515912102028, -3.841545219201190964, -2.285999999999997812 ) ) ;
#683 = CARTESIAN_POINT ( 'NONE',  ( -4.267941290503535434, -5.221115631088432352, -2.286000000000000920 ) ) ;
#684 = FACE_OUTER_BOUND ( 'NONE', #218, .T. ) ;
#685 = ADVANCED_FACE ( 'NONE', ( #942 ), #2130, .T. ) ;
#686 = CARTESIAN_POINT ( 'NONE',  ( 2.236549931580964490, -5.267837672253021353, -2.285999999999994259 ) ) ;
#687 = CARTESIAN_POINT ( 'NONE',  ( 0.6101348444133470883, -5.393707460080332083, 2.286000000000000476 ) ) ;
#688 = CARTESIAN_POINT ( 'NONE',  ( 5.484739481868279753, -0.6476699409902362259, 2.286000000000000476 ) ) ;
#689 = CARTESIAN_POINT ( 'NONE',  ( -5.611834548134894796, 2.376926607282872084, -2.285999999999988930 ) ) ;
#690 = DIRECTION ( 'NONE',  ( 1.000000000000000000, 0.000000000000000000, 0.000000000000000000 ) ) ;
#691 = CARTESIAN_POINT ( 'NONE',  ( -3.476310862236191124, -4.612104495109642599, -2.285999999999990262 ) ) ;
#692 = CARTESIAN_POINT ( 'NONE',  ( 5.629638264086795907, 0.6876082620354380115, -2.285999999999992482 ) ) ;
#693 = CARTESIAN_POINT ( 'NONE',  ( 5.025479307074648183, -0.06909748234411655643, -2.286000000000000920 ) ) ;
#694 = CARTESIAN_POINT ( 'NONE',  ( -1.626741853133640836, -7.227524615835570820, -2.286000000000000476 ) ) ;
#695 = CARTESIAN_POINT ( 'NONE',  ( -5.221115631088428799, -4.267941290503537211, 2.286000000000000476 ) ) ;
#696 = APPROVAL_STATUS ( 'not_yet_approved' ) ;
#697 = CARTESIAN_POINT ( 'NONE',  ( 0.4633254509012533218, -5.185049666302784743, -2.285999999999993371 ) ) ;
#698 = CARTESIAN_POINT ( 'NONE',  ( -4.876787775934690927, -2.166710717189364033, 2.286000000000000476 ) ) ;
#699 = CARTESIAN_POINT ( 'NONE',  ( -4.747678667655629958, 3.569061278851720420, -2.286000000000000920 ) ) ;
#700 = CARTESIAN_POINT ( 'NONE',  ( -5.264891270736411499, 0.5330684818325862606, -2.285999999999992482 ) ) ;
#701 = CARTESIAN_POINT ( 'NONE',  ( -0.7110321314750341903, -5.975696222817058256, -2.286000000000000920 ) ) ;
#702 = CARTESIAN_POINT ( 'NONE',  ( 2.168461455044142561, -4.976155103217881681, -2.286000000000000920 ) ) ;
#703 = CARTESIAN_POINT ( 'NONE',  ( 2.387648127366829520, 6.306703394980819333, -2.286000000000000920 ) ) ;
#704 = CARTESIAN_POINT ( 'NONE',  ( 4.655371438823707742, 3.507955818454327801, -2.286000000000002697 ) ) ;
#705 = CARTESIAN_POINT ( 'NONE',  ( -5.128438219115361463, -4.069996442506889522, 2.286000000000000476 ) ) ;
#706 = CARTESIAN_POINT ( 'NONE',  ( -2.236549931580964046, -5.267837672253024017, -2.286000000000000920 ) ) ;
#707 = FACE_OUTER_BOUND ( 'NONE', #1735, .T. ) ;
#708 = CARTESIAN_POINT ( 'NONE',  ( 2.347321263097899013, -6.555650691920508422, 2.286000000000000476 ) ) ;
#709 = CARTESIAN_POINT ( 'NONE',  ( 0.8295454916588382854, -6.246275499659565966, 2.286000000000000476 ) ) ;
#710 = CARTESIAN_POINT ( 'NONE',  ( -5.484739481868279753, 0.6476699409902356708, -2.286000000000000920 ) ) ;
#711 = CARTESIAN_POINT ( 'NONE',  ( -4.287272105162937663, 2.631800271163143190, -2.285999999999988930 ) ) ;
#712 = CARTESIAN_POINT ( 'NONE',  ( 3.782965240303913124, 4.953794882336383765, 2.286000000000000476 ) ) ;
#713 = CARTESIAN_POINT ( 'NONE',  ( -3.265033223548863273, -4.395000467436836367, -2.285999999999990262 ) ) ;
#714 = CARTESIAN_POINT ( 'NONE',  ( 6.953486125426932674, -1.338510251577863519, -2.285999999999992482 ) ) ;
#715 = CARTESIAN_POINT ( 'NONE',  ( 5.038390598587966451, -0.1981792459798000505, -2.286000000000000920 ) ) ;
#716 = CARTESIAN_POINT ( 'NONE',  ( -0.7138485327532728686, 5.840323052443587848, -2.286000000000000920 ) ) ;
#717 = CARTESIAN_POINT ( 'NONE',  ( -5.445848997224146615, -5.022562078130897945, 2.286000000000000476 ) ) ;
#718 = CARTESIAN_POINT ( 'NONE',  ( 0.3209540278680265701, -5.082764852903506991, -2.285999999999993371 ) ) ;
#719 = CARTESIAN_POINT ( 'NONE',  ( -5.464737068976782020, -2.327079695769372680, -2.285999999999997812 ) ) ;
#720 = EDGE_CURVE ( 'NONE', #3691, #2807, #4003, .T. ) ;
#721 = CARTESIAN_POINT ( 'NONE',  ( -2.170794788144384313, 4.826063829536959560, 2.286000000000000476 ) ) ;
#722 = CARTESIAN_POINT ( 'NONE',  ( 5.316625765703148154, -2.256044226555254717, -2.285999999999994259 ) ) ;
#723 = CARTESIAN_POINT ( 'NONE',  ( -5.028786691589064439, 0.1355698399325889481, 2.286000000000000476 ) ) ;
#724 = CARTESIAN_POINT ( 'NONE',  ( -0.7138485327532713143, -5.840323052443586960, -2.286000000000000920 ) ) ;
#725 = CARTESIAN_POINT ( 'NONE',  ( 4.314820411705331260, 3.140066744230176177, -2.286000000000000920 ) ) ;
#726 = AXIS2_PLACEMENT_3D ( 'NONE', #2412, #3960, #1992 ) ;
#727 = ORIENTED_EDGE ( 'NONE', *, *, #4357, .T. ) ;
#728 = CARTESIAN_POINT ( 'NONE',  ( 2.232778667186845478, 4.615372461749466915, -2.286000000000000920 ) ) ;
#729 = CARTESIAN_POINT ( 'NONE',  ( -3.960097721574094010, 0.000000000000000000, 2.286000000000000476 ) ) ;
#730 = CARTESIAN_POINT ( 'NONE',  ( -5.352640503693417706, -4.635926943805798395, -2.285999999999997812 ) ) ;
#731 = CARTESIAN_POINT ( 'NONE',  ( 0.000000000000000000, 0.000000000000000000, -2.286000000000000032 ) ) ;
#732 = CARTESIAN_POINT ( 'NONE',  ( 2.317559181621137832, -6.691150755271283224, 2.286000000000000476 ) ) ;
#733 = CARTESIAN_POINT ( 'NONE',  ( 1.018960161258256836, 6.563695275366480786, 2.286000000000000476 ) ) ;
#734 = CARTESIAN_POINT ( 'NONE',  ( 6.246275499659564190, -0.8295454916588380634, 2.286000000000000476 ) ) ;
#735 = CARTESIAN_POINT ( 'NONE',  ( -4.264284629575964658, 2.690823560815334137, -2.285999999999988930 ) ) ;
#736 = CARTESIAN_POINT ( 'NONE',  ( 3.140066744230170848, 4.314820411705335701, 2.286000000000000476 ) ) ;
#737 = CARTESIAN_POINT ( 'NONE',  ( -2.938866095189175631, -4.247487361087595836, -2.285999999999990262 ) ) ;
#738 = CARTESIAN_POINT ( 'NONE',  ( -2.204962537704679537, 7.072590850357789449, -2.286000000000000476 ) ) ;
#739 = CARTESIAN_POINT ( 'NONE',  ( 5.438698666219212718, -0.6301014820750944212, -2.286000000000000920 ) ) ;
#740 = CARTESIAN_POINT ( 'NONE',  ( -0.8662984254189470823, 6.317209250654444830, -2.286000000000000920 ) ) ;
#741 = CARTESIAN_POINT ( 'NONE',  ( 3.782965240303913124, 4.953794882336383765, 2.286000000000000476 ) ) ;
#742 = CARTESIAN_POINT ( 'NONE',  ( 0.000000000000000000, 0.000000000000000000, 0.000000000000000000 ) ) ;
#743 = CARTESIAN_POINT ( 'NONE',  ( -0.2621389074985152612, -5.057282611089284785, -2.285999999999993371 ) ) ;
#744 = CARTESIAN_POINT ( 'NONE',  ( -5.530620799995803694, -2.372076222644154520, 2.286000000000000476 ) ) ;
#745 = CARTESIAN_POINT ( 'NONE',  ( -4.317644004947605474, 2.572579828584874662, -2.286000000000000920 ) ) ;
#746 = EDGE_CURVE ( 'NONE', #4376, #2275, #2459, .T. ) ;
#747 = CARTESIAN_POINT ( 'NONE',  ( 6.992705799587968230, -2.232517294687449638, -2.285999999999994259 ) ) ;
#748 = CARTESIAN_POINT ( 'NONE',  ( -5.349734136913458116, 0.5875270965913538257, -2.285999999999992482 ) ) ;
#749 = ORIENTED_EDGE ( 'NONE', *, *, #3362, .T. ) ;
#750 = CARTESIAN_POINT ( 'NONE',  ( -0.8662984254189457500, -6.317209250654446606, -2.286000000000000920 ) ) ;
#751 = CARTESIAN_POINT ( 'NONE',  ( 5.174846770538136909, 4.164293022777183495, -2.286000000000000920 ) ) ;
#752 = EDGE_LOOP ( 'NONE', ( #2584, #2855, #3962, #604 ) ) ;
#753 = LINE ( 'NONE', #4313, #3192 ) ;
#754 = CARTESIAN_POINT ( 'NONE',  ( 4.395000467436834590, 3.265033223548866825, 2.286000000000000476 ) ) ;
#755 = CARTESIAN_POINT ( 'NONE',  ( -4.274124979574703609, -3.045439027948421806, -2.285999999999997812 ) ) ;
#756 = AXIS2_PLACEMENT_3D ( 'NONE', #504, #2061, #3602 ) ;
#757 = CARTESIAN_POINT ( 'NONE',  ( -2.409147001929393461, -5.992287157413079157, -2.286000000000000920 ) ) ;
#758 = CARTESIAN_POINT ( 'NONE',  ( 2.204381686920556582, -5.170712537599050584, -2.285999999999994259 ) ) ;
#759 = CARTESIAN_POINT ( 'NONE',  ( 0.7474384492293199012, -6.048454584161421010, 2.286000000000000476 ) ) ;
#760 = VECTOR ( 'NONE', #2750, 1000.000000000000000 ) ;
#761 = CARTESIAN_POINT ( 'NONE',  ( -5.732355088791446285, -0.7045212705935081088, -2.286000000000000920 ) ) ;
#762 = CARTESIAN_POINT ( 'NONE',  ( -4.426088753942313048, 3.303268363099251204, 2.286000000000000476 ) ) ;
#763 = CARTESIAN_POINT ( 'NONE',  ( 5.174846770538136909, 4.164293022777183495, 2.286000000000000476 ) ) ;
#764 = CARTESIAN_POINT ( 'NONE',  ( 5.484739481868279753, -0.6476699409902362259, 2.286000000000000476 ) ) ;
#765 = CARTESIAN_POINT ( 'NONE',  ( 6.563695275366480786, -1.018960161258258168, -2.286000000000000920 ) ) ;
#766 = CARTESIAN_POINT ( 'NONE',  ( -1.018960161258259944, 6.563695275366480786, -2.286000000000000920 ) ) ;
#767 = CARTESIAN_POINT ( 'NONE',  ( 7.227524615835569044, -1.626741853133642834, -2.286000000000000476 ) ) ;
#768 = CARTESIAN_POINT ( 'NONE',  ( -5.429769591367934467, -4.939602216229986631, -2.286000000000000920 ) ) ;
#769 = CARTESIAN_POINT ( 'NONE',  ( 5.429769591367955783, -4.939602216230067455, 2.286000000000000476 ) ) ;
#770 = CARTESIAN_POINT ( 'NONE',  ( 0.2621389074985167045, -5.057282611089283009, 2.286000000000000476 ) ) ;
#771 = CARTESIAN_POINT ( 'NONE',  ( -6.427404040144039321, -2.370488230432059140, 2.286000000000000476 ) ) ;
#772 = CARTESIAN_POINT ( 'NONE',  ( -4.876787775934690927, 2.166710717189360480, -2.286000000000000920 ) ) ;
#773 = CARTESIAN_POINT ( 'NONE',  ( 4.774490053667270750, -2.178781297287128105, 2.286000000000000476 ) ) ;
#774 = CARTESIAN_POINT ( 'NONE',  ( -2.755660258758657832, 4.248665761571357891, 2.286000000000000476 ) ) ;
#775 = CARTESIAN_POINT ( 'NONE',  ( -5.185049666302784743, -0.4633254509012536548, -2.285999999999992482 ) ) ;
#776 = EDGE_LOOP ( 'NONE', ( #2769, #2931, #2076, #3062 ) ) ;
#777 = CARTESIAN_POINT ( 'NONE',  ( 6.181594833392608734, 0.7992465585685059049, 2.286000000000000476 ) ) ;
#778 = CARTESIAN_POINT ( 'NONE',  ( 5.128438219115360575, 4.069996442506890411, -2.286000000000000920 ) ) ;
#779 = CARTESIAN_POINT ( 'NONE',  ( 5.429769591367946013, -4.939602216230027487, -2.286000000000000920 ) ) ;
#780 = CARTESIAN_POINT ( 'NONE',  ( 5.082526083828510899, 3.984899404126271527, 2.286000000000000476 ) ) ;
#781 = CARTESIAN_POINT ( 'NONE',  ( -4.274124979574703609, -3.045439027948421806, 2.286000000000000476 ) ) ;
#782 = ADVANCED_FACE ( 'NONE', ( #4035 ), #892, .T. ) ;
#783 = CARTESIAN_POINT ( 'NONE',  ( -7.227524615835570820, -1.626741853133644833, 2.286000000000000476 ) ) ;
#784 = CARTESIAN_POINT ( 'NONE',  ( -3.732199908664473931, 4.916195901929390821, 2.286000000000000476 ) ) ;
#785 = CARTESIAN_POINT ( 'NONE',  ( -0.6970097785450477534, -5.680356212974282393, 2.286000000000000476 ) ) ;
#786 = CARTESIAN_POINT ( 'NONE',  ( -5.224220325235549467, 0.5003650740925660312, -2.286000000000000920 ) ) ;
#787 = CARTESIAN_POINT ( 'NONE',  ( -4.247487361087595836, 2.938866095189174743, 2.286000000000000476 ) ) ;
#788 = CARTESIAN_POINT ( 'NONE',  ( 2.301622352330629173, -4.510804669069876205, 2.286000000000000476 ) ) ;
#789 = CARTESIAN_POINT ( 'NONE',  ( -4.809226556586358114, -5.400580374566936293, 2.286000000000000920 ) ) ;
#790 = CARTESIAN_POINT ( 'NONE',  ( 6.317209250654446606, -0.8662984254189461941, -2.285999999999992482 ) ) ;
#791 = CARTESIAN_POINT ( 'NONE',  ( 6.476356000746373631, 0.9605012029655750627, -2.286000000000000920 ) ) ;
#792 = CARTESIAN_POINT ( 'NONE',  ( -1.338510251577865073, 6.953486125426932674, 2.286000000000000476 ) ) ;
#793 = CARTESIAN_POINT ( 'NONE',  ( 4.381051063935442080, 5.266605046998205530, 2.286000000000000476 ) ) ;
#794 = CARTESIAN_POINT ( 'NONE',  ( -4.287272105162934999, -2.631800271163147187, -2.286000000000000920 ) ) ;
#795 = APPROVAL_STATUS ( 'not_yet_approved' ) ;
#796 = CARTESIAN_POINT ( 'NONE',  ( -1.464622183275078537, -7.081653077847822608, -2.285999999999993371 ) ) ;
#797 = CARTESIAN_POINT ( 'NONE',  ( -2.406359558239484553, -6.088939422080939856, 2.286000000000000920 ) ) ;
#798 = CARTESIAN_POINT ( 'NONE',  ( -4.241329277686507027, 2.880640466208733041, -2.286000000000000920 ) ) ;
#799 = EDGE_LOOP ( 'NONE', ( #4084, #1822, #2680, #4887 ) ) ;
#800 = CARTESIAN_POINT ( 'NONE',  ( 5.365664573546732541, -2.277692020846683096, -2.285999999999994259 ) ) ;
#801 = CARTESIAN_POINT ( 'NONE',  ( -2.396986420425921693, 4.422841945095523641, 2.286000000000000476 ) ) ;
#802 = CARTESIAN_POINT ( 'NONE',  ( -6.851020669089141535, 1.244985501274097794, -2.285999999999992482 ) ) ;
#803 = ORIENTED_EDGE ( 'NONE', *, *, #566, .F. ) ;
#804 = CARTESIAN_POINT ( 'NONE',  ( 1.244985501274099127, -6.851020669089140647, -2.286000000000000920 ) ) ;
#805 = CARTESIAN_POINT ( 'NONE',  ( 3.045439027948420474, -4.274124979574704497, -2.286000000000000920 ) ) ;
#806 = CARTESIAN_POINT ( 'NONE',  ( 4.826063829536962224, -2.170794788144382093, -2.286000000000000920 ) ) ;
#807 = CARTESIAN_POINT ( 'NONE',  ( 4.354396715554731401, 2.514012115883949683, -2.286000000000002697 ) ) ;
#808 = CARTESIAN_POINT ( 'NONE',  ( -4.510804669069875317, -2.301622352330630505, -2.285999999999997812 ) ) ;
#809 = AXIS2_PLACEMENT_3D ( 'NONE', #2346, #1666, #4331 ) ;
#810 = CARTESIAN_POINT ( 'NONE',  ( -5.038390598587966451, 0.1981792459797994121, 2.286000000000000476 ) ) ;
#811 = CARTESIAN_POINT ( 'NONE',  ( 0.000000000000000000, 0.000000000000000000, 3.174999999999999822 ) ) ;
#812 = CARTESIAN_POINT ( 'NONE',  ( -0.7045212705935072206, -5.732355088791447173, 2.286000000000000476 ) ) ;
#813 = EDGE_CURVE ( 'NONE', #2005, #3945, #4335, .T. ) ;
#814 = CARTESIAN_POINT ( 'NONE',  ( -5.224220325235548579, -0.5003650740925674745, -2.286000000000000920 ) ) ;
#815 = CARTESIAN_POINT ( 'NONE',  ( -4.876787775934690927, 2.166710717189360480, 2.286000000000000476 ) ) ;
#816 = CARTESIAN_POINT ( 'NONE',  ( 3.908841068998488932, -5.037714479379333810, 2.286000000000000476 ) ) ;
#817 = CYLINDRICAL_SURFACE ( 'NONE', #3884, 2.500000000000000000 ) ;
#818 = CARTESIAN_POINT ( 'NONE',  ( 5.896140974621092212, -0.7170584013211533936, 2.286000000000000476 ) ) ;
#819 = CARTESIAN_POINT ( 'NONE',  ( 4.381051063935448298, -5.266605046998202866, -2.285999999999994259 ) ) ;
#820 = CARTESIAN_POINT ( 'NONE',  ( -0.5330684818325879260, 5.264891270736412388, -2.285999999999994259 ) ) ;
#821 = CARTESIAN_POINT ( 'NONE',  ( -4.976155103217881681, -2.168461455044143893, 2.286000000000000476 ) ) ;
#822 = CARTESIAN_POINT ( 'NONE',  ( -5.082526083828510899, -3.984899404126270639, -2.286000000000000920 ) ) ;
#823 = CARTESIAN_POINT ( 'NONE',  ( -1.562936208206573196, -7.172119510977707613, 2.286000000000000476 ) ) ;
#824 = CARTESIAN_POINT ( 'NONE',  ( -2.370488230432056920, -6.427404040144043762, -2.285999999999990262 ) ) ;
#825 = CARTESIAN_POINT ( 'NONE',  ( 4.426088753942312159, -3.303268363099252536, -2.285999999999994259 ) ) ;
#826 = CARTESIAN_POINT ( 'NONE',  ( 4.976155103217882569, -2.168461455044141228, 2.286000000000000476 ) ) ;
#827 = CARTESIAN_POINT ( 'NONE',  ( -2.631800271163147631, 4.287272105162934999, 2.286000000000000476 ) ) ;
#828 = DIRECTION ( 'NONE',  ( -1.000000000000000000, 0.000000000000000000, 0.000000000000000000 ) ) ;
#829 = VERTEX_POINT ( 'NONE', #115 ) ;
#830 = CARTESIAN_POINT ( 'NONE',  ( 2.514012115883947907, -4.354396715554732289, -2.286000000000000920 ) ) ;
#831 = CARTESIAN_POINT ( 'NONE',  ( 5.082526083828512675, -3.984899404126267086, -2.286000000000000920 ) ) ;
#832 = CARTESIAN_POINT ( 'NONE',  ( 4.722047456352863826, 2.191273222451030289, 2.286000000000000476 ) ) ;
#833 = CARTESIAN_POINT ( 'NONE',  ( -5.393707460080332083, -0.6101348444133474214, 2.286000000000000476 ) ) ;
#834 = CARTESIAN_POINT ( 'NONE',  ( -3.908841068998490709, 5.037714479379332033, -2.285999999999990706 ) ) ;
#835 = CARTESIAN_POINT ( 'NONE',  ( -0.7992465585685053497, -6.181594833392607846, 2.286000000000000476 ) ) ;
#836 = CARTESIAN_POINT ( 'NONE',  ( -5.028024231767894925, -4.071251075144873460E-16, -2.286000000000000920 ) ) ;
#837 = CARTESIAN_POINT ( 'NONE',  ( -4.612104495109642599, 3.476310862236190236, 2.286000000000000476 ) ) ;
#838 = CARTESIAN_POINT ( 'NONE',  ( 2.572579828584875550, -4.317644004947602809, 2.286000000000000476 ) ) ;
#839 = LINE ( 'NONE', #2311, #1465 ) ;
#840 = CARTESIAN_POINT ( 'NONE',  ( -2.277692020846685761, 5.365664573546730765, -2.286000000000000920 ) ) ;
#841 = CC_DESIGN_PERSON_AND_ORGANIZATION_ASSIGNMENT ( #3967, #4354, ( #4090 ) ) ;
#842 = CIRCLE ( 'NONE', #4986, 7.408333222071330049 ) ;
#843 = EDGE_LOOP ( 'NONE', ( #3089, #482, #5004, #120 ) ) ;
#844 = FACE_OUTER_BOUND ( 'NONE', #2599, .T. ) ;
#845 = CARTESIAN_POINT ( 'NONE',  ( -1.338510251577865073, 6.953486125426932674, -2.285999999999994259 ) ) ;
#846 = CARTESIAN_POINT ( 'NONE',  ( -4.264284629575964658, -2.690823560815336801, 2.286000000000000476 ) ) ;
#847 = CARTESIAN_POINT ( 'NONE',  ( -4.292995347704373188, -3.094096482592031627, -2.286000000000000920 ) ) ;
#848 = SECURITY_CLASSIFICATION_LEVEL ( 'unclassified' ) ;
#849 = CARTESIAN_POINT ( 'NONE',  ( -1.018960161258257724, -6.563695275366480786, -2.285999999999993371 ) ) ;
#850 = APPROVAL_PERSON_ORGANIZATION ( #1919, #310, #3790 ) ;
#851 = DIRECTION ( 'NONE',  ( -0.000000000000000000, -0.000000000000000000, -1.000000000000000000 ) ) ;
#852 = B_SPLINE_CURVE_WITH_KNOTS ( 'NONE', 3,
 ( #2662, #1527, #4525, #4623, #1145, #1503, #1070, #3046, #1429, #4216, #1045, #709, #4241, #2209, #759, #4912, #1453, #3758, #324, #3852, #4551, #3401, #2308, #2233, #4191, #3354, #687, #278, #1838, #4961, #1478, #3804, #1885, #3427, #2716, #3527, #425, #2408, #2762, #864, #1170, #3877, #4268, #3548, #2741, #4700, #1651, #3147, #3956, #373, #4318, #1552, #1196, #2384, #4724, #3501, #1933, #1602, #785, #812, #1578, #3905, #474, #2333, #3929, #400, #835, #3474, #890, #40, #1987, #3172, #3097, #1220, #5036, #450, #4293, #64, #4649 ),
 .UNSPECIFIED., .F., .F.,
 ( 4, 1, 1, 1, 1, 1, 1, 1, 1, 1, 1, 1, 1, 1, 1, 1, 1, 1, 1, 1, 1, 1, 1, 1, 1, 1, 1, 1, 1, 1, 1, 1, 1, 1, 1, 1, 1, 1, 1, 1, 1, 1, 1, 1, 1, 1, 1, 1, 1, 1, 1, 1, 1, 1, 1, 1, 1, 1, 1, 1, 1, 1, 1, 1, 1, 1, 1, 1, 1, 1, 1, 1, 1, 1, 1, 1, 4 ),
 ( 0.01103315320115382490, 0.05345531963080774052, 0.07807290109913955778, 0.1012837636727262902, 0.1230879073546434638, 0.1434853321486018185, 0.1624760380591380171, 0.1800600250918766854, 0.1962372932539097059, 0.2110078425543557845, 0.2243716730052127684, 0.2363287846227128952, 0.2468791774295818753, 0.2560228514590334736, 0.2765703373738778170, 0.2861597148600216745, 0.2955281054245301187, 0.3046873400362803963, 0.3136510682187722554, 0.3224350908376912850, 0.3310577570337658315, 0.3395404348280691709, 0.3479080632824442798, 0.3561897892115019060, 0.3644196805880378642, 0.3726374874240482304, 0.3808893818503648054, 0.3892285417683729598, 0.3977153332009296660, 0.4064166828338137138, 0.4154040162538316094, 0.4247489170962575056, 0.4345155871249806179, 0.4447495655339210874, 0.4554634245512343416, 0.4666225055634414254, 0.4781364573014081909, 0.4871735315700953528, 0.5000000000000000000, 0.5128264684299046472, 0.5218635426985918091, 0.5333774944365585746, 0.5445365754487656584, 0.5552504344660789126, 0.5654844128750193821, 0.5752510829037424944, 0.5845959837461683906, 0.5935833171661862862, 0.6022846667990703340, 0.6107714582316270402, 0.6191106181496351946, 0.6273625125759517696, 0.6355803194119621358, 0.6438102107884979830, 0.6520919367175557202, 0.6604595651719307181, 0.6689422429662342795, 0.6775649091623086040, 0.6863489317812275781, 0.6953126599637194927, 0.7044718945754697703, 0.7138402851399782145, 0.7234296626261220720, 0.7439771485409665264, 0.7531208225704182357, 0.7636712153772871048, 0.7756283269947872316, 0.7889921574456442155, 0.8037627067460902941, 0.8199399749081233146, 0.8375239619408620939, 0.8565146678513982925, 0.8769120926453567444, 0.8987162363272738208, 0.9219270989008605532, 0.9465446803691922595, 0.9889668467988447231 ),
 .UNSPECIFIED. ) ;
#853 = CARTESIAN_POINT ( 'NONE',  ( 4.354396715554733177, -2.514012115883947018, 2.286000000000000476 ) ) ;
#854 = EDGE_LOOP ( 'NONE', ( #1285, #3976, #4451, #1832 ) ) ;
#855 = CARTESIAN_POINT ( 'NONE',  ( 2.166053677396898358, 4.926769214355551263, 2.286000000000000476 ) ) ;
#856 = FACE_OUTER_BOUND ( 'NONE', #4363, .T. ) ;
#857 = CARTESIAN_POINT ( 'NONE',  ( -6.655589417870370283, 1.085587763892386759, 2.286000000000000476 ) ) ;
#858 = EDGE_LOOP ( 'NONE', ( #172, #2967 ) ) ;
#859 = CARTESIAN_POINT ( 'NONE',  ( 2.208998909360595952, -4.668876377298398772, -2.286000000000000920 ) ) ;
#860 = CARTESIAN_POINT ( 'NONE',  ( 4.916195901929393486, -3.732199908664471266, -2.286000000000000920 ) ) ;
#861 = CARTESIAN_POINT ( 'NONE',  ( 4.562280498011124230, 2.263428084871105472, -2.286000000000002697 ) ) ;
#862 = CARTESIAN_POINT ( 'NONE',  ( -6.048454584161421010, -0.7474384492293203452, 2.286000000000000476 ) ) ;
#863 = DIRECTION ( 'NONE',  ( -1.000000000000000000, 0.000000000000000000, 0.000000000000000000 ) ) ;
#864 = CARTESIAN_POINT ( 'NONE',  ( 9.924741844099324310E-17, -5.028024231767894925, 2.286000000000000476 ) ) ;
#865 = CARTESIAN_POINT ( 'NONE',  ( -2.301622352330626509, -4.510804669069876205, 2.286000000000000476 ) ) ;
#866 = CARTESIAN_POINT ( 'NONE',  ( -5.128438219115364127, 4.069996442506885970, -2.285999999999988930 ) ) ;
#867 = CARTESIAN_POINT ( 'NONE',  ( 3.340134799346917482, -4.459232637575092362, 2.286000000000000476 ) ) ;
#868 = CARTESIAN_POINT ( 'NONE',  ( 0.000000000000000000, 0.000000000000000000, -2.286000000000000476 ) ) ;
#869 = CARTESIAN_POINT ( 'NONE',  ( -2.938866095189178296, 4.247487361087594060, -2.286000000000000920 ) ) ;
#870 = FACE_OUTER_BOUND ( 'NONE', #799, .T. ) ;
#871 = CARTESIAN_POINT ( 'NONE',  ( -0.9605012029655761729, 6.476356000746373631, -2.285999999999994259 ) ) ;
#872 = CARTESIAN_POINT ( 'NONE',  ( 4.069996442506884193, 5.128438219115365904, -2.286000000000000920 ) ) ;
#873 = CARTESIAN_POINT ( 'NONE',  ( -4.426088753942310383, -3.303268363099254312, -2.286000000000000920 ) ) ;
#874 = PERSON_AND_ORGANIZATION ( #1695, #3439 ) ;
#875 = CARTESIAN_POINT ( 'NONE',  ( -0.7474384492293191240, -6.048454584161420122, -2.285999999999993371 ) ) ;
#876 = LINE ( 'NONE', #3537, #2508 ) ;
#877 = CARTESIAN_POINT ( 'NONE',  ( 4.615372461749465138, -2.232778667186849031, -2.285999999999994259 ) ) ;
#878 = ORIENTED_EDGE ( 'NONE', *, *, #4568, .T. ) ;
#879 = CARTESIAN_POINT ( 'NONE',  ( 2.191273222451023628, 4.722047456352866490, -2.285999999999991594 ) ) ;
#880 = CARTESIAN_POINT ( 'NONE',  ( -5.310665190646411737, 4.503699405991242521, 2.286000000000000476 ) ) ;
#881 = CARTESIAN_POINT ( 'NONE',  ( -7.081653077847822608, 1.464622183275078315, -2.285999999999992482 ) ) ;
#882 = EDGE_CURVE ( 'NONE', #2005, #1019, #552, .T. ) ;
#883 = ORIENTED_EDGE ( 'NONE', *, *, #4857, .T. ) ;
#884 = CARTESIAN_POINT ( 'NONE',  ( 5.022562078130824226, -5.445848997224133292, -2.286000000000000476 ) ) ;
#885 = AXIS2_PLACEMENT_3D ( 'NONE', #742, #2290, #4970 ) ;
#886 = DIRECTION ( 'NONE',  ( 0.000000000000000000, 0.000000000000000000, 1.000000000000000000 ) ) ;
#887 = CARTESIAN_POINT ( 'NONE',  ( 4.241329277686503474, 2.880640466208736150, 2.286000000000000476 ) ) ;
#888 = CARTESIAN_POINT ( 'NONE',  ( -5.484739481868279753, 0.6476699409902356708, 2.286000000000000476 ) ) ;
#889 = CARTESIAN_POINT ( 'NONE',  ( -5.022562078221564974, 5.445848997241717449, -2.285999999999990262 ) ) ;
#890 = CARTESIAN_POINT ( 'NONE',  ( -0.8662984254189457500, -6.317209250654446606, 2.286000000000000476 ) ) ;
#891 = CARTESIAN_POINT ( 'NONE',  ( -3.507955818454324692, -4.655371438823711294, 2.286000000000000476 ) ) ;
#892 = CYLINDRICAL_SURFACE ( 'NONE', #187, 7.408333222071330049 ) ;
#893 = CARTESIAN_POINT ( 'NONE',  ( 7.227524615835567268, -1.626741853133641502, 2.286000000000000476 ) ) ;
#894 = CARTESIAN_POINT ( 'NONE',  ( -2.166710717189364477, 4.876787775934690039, -2.286000000000000920 ) ) ;
#895 = CARTESIAN_POINT ( 'NONE',  ( -4.354396715554733177, 2.514012115883946130, -2.286000000000000920 ) ) ;
#896 = VECTOR ( 'NONE', #383, 1000.000000000000000 ) ;
#897 = ORIENTED_EDGE ( 'NONE', *, *, #1849, .F. ) ;
#898 = CARTESIAN_POINT ( 'NONE',  ( 6.953486125426932674, 1.338510251577863741, -2.286000000000000920 ) ) ;
#899 = CARTESIAN_POINT ( 'NONE',  ( -0.6763057282891293820, 5.580159256687752922, 2.286000000000000476 ) ) ;
#900 = CARTESIAN_POINT ( 'NONE',  ( -6.306703394980816668, -2.387648127366836626, 2.286000000000000476 ) ) ;
#901 = CARTESIAN_POINT ( 'NONE',  ( 5.057282611089283009, 0.2621389074985163714, 2.286000000000000476 ) ) ;
#902 = CARTESIAN_POINT ( 'NONE',  ( 2.399402252589295070, 6.193806931796400406, 2.286000000000000476 ) ) ;
#903 = CARTESIAN_POINT ( 'NONE',  ( -2.370488230432056920, -6.427404040144043762, 2.286000000000000920 ) ) ;
#904 = CARTESIAN_POINT ( 'NONE',  ( 1.085587763892387425, -6.655589417870369395, -2.286000000000000920 ) ) ;
#905 = CARTESIAN_POINT ( 'NONE',  ( 4.248665761571360555, -2.755660258758655612, -2.285999999999994259 ) ) ;
#906 = ORIENTED_EDGE ( 'NONE', *, *, #4039, .T. ) ;
#907 = CARTESIAN_POINT ( 'NONE',  ( 2.277692020846679100, 5.365664573546734317, -2.285999999999991594 ) ) ;
#908 = CARTESIAN_POINT ( 'NONE',  ( -6.751539294367503885, 1.160798993145837787, 2.286000000000000476 ) ) ;
#909 = VERTEX_POINT ( 'NONE', #530 ) ;
#910 = CARTESIAN_POINT ( 'NONE',  ( 2.993776443851757563, -4.258722005451611281, -2.286000000000000920 ) ) ;
#911 = EDGE_CURVE ( 'NONE', #1276, #4881, #3274, .T. ) ;
#912 = CARTESIAN_POINT ( 'NONE',  ( 5.611834548134893907, -2.376926607282873860, -2.286000000000000920 ) ) ;
#913 = CARTESIAN_POINT ( 'NONE',  ( 5.025101949511928012, 2.173665442670352554, -2.286000000000002697 ) ) ;
#914 = CARTESIAN_POINT ( 'NONE',  ( -5.264891270736412388, -0.5330684818325877039, 2.286000000000000476 ) ) ;
#915 = CARTESIAN_POINT ( 'NONE',  ( -2.178781297287131213, 4.774490053667269862, -2.285999999999990706 ) ) ;
#916 = CARTESIAN_POINT ( 'NONE',  ( -4.248665761571361443, 2.755660258758654724, 2.286000000000000476 ) ) ;
#917 = CARTESIAN_POINT ( 'NONE',  ( -2.376926607282872972, -5.611834548134894796, 2.286000000000000476 ) ) ;
#918 = DIRECTION ( 'NONE',  ( 1.000000000000000000, 0.000000000000000000, 0.000000000000000000 ) ) ;
#919 = CARTESIAN_POINT ( 'NONE',  ( 5.267837672253019576, 2.236549931580966266, 2.286000000000000476 ) ) ;
#920 = CARTESIAN_POINT ( 'NONE',  ( -3.094096482592032071, 4.292995347704373188, -2.286000000000000920 ) ) ;
#921 = CARTESIAN_POINT ( 'NONE',  ( 0.5003650740925656981, 5.224220325235549467, 2.286000000000000476 ) ) ;
#922 = ORIENTED_EDGE ( 'NONE', *, *, #1652, .F. ) ;
#923 = CARTESIAN_POINT ( 'NONE',  ( 2.819336768032403739, -4.241326470143099492, -2.285999999999994259 ) ) ;
#924 = CARTESIAN_POINT ( 'NONE',  ( 0.06909748234411564050, 5.025479307074648183, 2.286000000000000476 ) ) ;
#925 = CARTESIAN_POINT ( 'NONE',  ( -4.722047456352863826, -2.191273222451029845, 2.286000000000000476 ) ) ;
#926 = CARTESIAN_POINT ( 'NONE',  ( 7.081653077825840192, 1.464622183253451171, 2.286000000000000476 ) ) ;
#927 = CARTESIAN_POINT ( 'NONE',  ( 2.166710717189357371, 4.876787775934691815, 2.286000000000000476 ) ) ;
#928 = CARTESIAN_POINT ( 'NONE',  ( -2.168461455044141228, -4.976155103217883457, 2.286000000000000920 ) ) ;
#929 = CARTESIAN_POINT ( 'NONE',  ( 5.896140974621092212, 0.7170584013211535046, 2.286000000000000476 ) ) ;
#930 = CARTESIAN_POINT ( 'NONE',  ( -4.612104495109642599, 3.476310862236190236, 2.286000000000000476 ) ) ;
#931 = CARTESIAN_POINT ( 'NONE',  ( 4.241326470143098604, -2.819336768032401963, -2.285999999999994259 ) ) ;
#932 = ORIENTED_EDGE ( 'NONE', *, *, #528, .F. ) ;
#933 = CARTESIAN_POINT ( 'NONE',  ( 2.399402252589295070, 6.193806931796400406, 2.286000000000000476 ) ) ;
#934 = VECTOR ( 'NONE', #2534, 1000.000000000000000 ) ;
#935 = CARTESIAN_POINT ( 'NONE',  ( 4.386741487291720532, -2.452899478489770857, 2.286000000000000476 ) ) ;
#936 = CARTESIAN_POINT ( 'NONE',  ( 1.244985501274099127, -6.851020669089140647, -2.285999999999993371 ) ) ;
#937 = CARTESIAN_POINT ( 'NONE',  ( -6.123650495384040937, -0.7740819819406984381, 2.286000000000000476 ) ) ;
#938 = CARTESIAN_POINT ( 'NONE',  ( 6.427404040144038433, 2.370488230432060028, -2.286000000000002697 ) ) ;
#939 = CARTESIAN_POINT ( 'NONE',  ( 5.753041440904883785, 2.398629593088693834, -2.286000000000000920 ) ) ;
#940 = CARTESIAN_POINT ( 'NONE',  ( -3.410305354818156776, 4.531605619798373397, -2.285999999999990706 ) ) ;
#941 = CARTESIAN_POINT ( 'NONE',  ( -2.263428084871103696, -4.562280498011126895, 2.286000000000000476 ) ) ;
#942 = FACE_OUTER_BOUND ( 'NONE', #3115, .T. ) ;
#943 = CARTESIAN_POINT ( 'NONE',  ( 5.904012904798279671, 2.408368181655959894, 2.286000000000000476 ) ) ;
#944 = CARTESIAN_POINT ( 'NONE',  ( -2.236549931580966266, 5.267837672253019576, -2.286000000000000920 ) ) ;
#945 = CARTESIAN_POINT ( 'NONE',  ( 0.8295454916588369532, 6.246275499659564190, 2.286000000000000476 ) ) ;
#946 = CARTESIAN_POINT ( 'NONE',  ( 3.183680459516556205, -4.339242117764196216, 2.286000000000000476 ) ) ;
#947 = CARTESIAN_POINT ( 'NONE',  ( 0.6301014820750935330, 5.438698666219212718, 2.286000000000000476 ) ) ;
#948 = CARTESIAN_POINT ( 'NONE',  ( 2.631800271163140970, 4.287272105162938551, -2.286000000000000920 ) ) ;
#949 = CARTESIAN_POINT ( 'NONE',  ( 5.224220325235548579, 0.5003650740925668083, 2.286000000000000476 ) ) ;
#950 = CARTESIAN_POINT ( 'NONE',  ( 2.168461455044137676, 4.976155103217884346, 2.286000000000000476 ) ) ;
#951 = CARTESIAN_POINT ( 'NONE',  ( -2.396986420425919029, -4.422841945095528082, 2.286000000000000920 ) ) ;
#952 = CARTESIAN_POINT ( 'NONE',  ( 0.6970097785450480865, -5.680356212974283281, -2.286000000000000920 ) ) ;
#953 = CARTESIAN_POINT ( 'NONE',  ( 7.227524615835569044, -1.626741853133642834, -2.286000000000000476 ) ) ;
#954 = CARTESIAN_POINT ( 'NONE',  ( 4.953794882336380212, -3.782965240303916676, 2.286000000000000476 ) ) ;
#955 = ORIENTED_EDGE ( 'NONE', *, *, #2483, .T. ) ;
#956 = CARTESIAN_POINT ( 'NONE',  ( 2.173665442670346337, 5.025101949511932453, -2.285999999999991594 ) ) ;
#957 = CARTESIAN_POINT ( 'NONE',  ( 4.317644004947604586, -2.572579828584875550, 2.286000000000000476 ) ) ;
#958 = CARTESIAN_POINT ( 'NONE',  ( 0.7102931347230235781, -5.785647839301008233, -2.285999999999993371 ) ) ;
#959 = CARTESIAN_POINT ( 'NONE',  ( -5.580159256687752922, -0.6763057282891290489, 2.286000000000000476 ) ) ;
#960 = DIRECTION ( 'NONE',  ( -0.000000000000000000, -1.000000000000000000, -0.000000000000000000 ) ) ;
#961 = CARTESIAN_POINT ( 'NONE',  ( 4.722047456352863826, 2.191273222451030289, -2.286000000000000920 ) ) ;
#962 = CARTESIAN_POINT ( 'NONE',  ( -3.183680459516557981, 4.339242117764193551, 2.286000000000000476 ) ) ;
#963 = CARTESIAN_POINT ( 'NONE',  ( -2.208998909360595952, -4.668876377298401437, 2.286000000000000476 ) ) ;
#964 = CARTESIAN_POINT ( 'NONE',  ( 5.022562078130896168, -5.445848997224147503, 2.286000000000000476 ) ) ;
#965 = CARTESIAN_POINT ( 'NONE',  ( 4.317644004947601921, 2.572579828584877326, 2.286000000000000476 ) ) ;
#966 = CARTESIAN_POINT ( 'NONE',  ( -2.993776443851757119, -4.258722005451613057, -2.286000000000000920 ) ) ;
#967 = CARTESIAN_POINT ( 'NONE',  ( 0.5330684818325859275, 5.264891270736411499, 2.286000000000000476 ) ) ;
#968 = EDGE_CURVE ( 'NONE', #3936, #418, #2705, .T. ) ;
#969 = ORIENTED_EDGE ( 'NONE', *, *, #4420, .F. ) ;
#970 = CARTESIAN_POINT ( 'NONE',  ( 2.263428084871103696, -4.562280498011125118, 2.286000000000000476 ) ) ;
#971 = CARTESIAN_POINT ( 'NONE',  ( 0.06909748234411564050, 5.025479307074648183, -2.285999999999994259 ) ) ;
#972 = CARTESIAN_POINT ( 'NONE',  ( 2.408368181655951457, 5.904012904798281447, -2.286000000000000920 ) ) ;
#973 = CARTESIAN_POINT ( 'NONE',  ( 5.028024231767894925, -2.086302706325008352E-16, 2.286000000000000476 ) ) ;
#974 = CARTESIAN_POINT ( 'NONE',  ( -5.414792396100660987, 2.301950562403210832, 2.286000000000000476 ) ) ;
#975 = CARTESIAN_POINT ( 'NONE',  ( -2.452899478489770857, -4.386741487291721420, 2.286000000000000920 ) ) ;
#976 = CARTESIAN_POINT ( 'NONE',  ( 5.025479307074648183, -0.06909748234411655643, -2.285999999999992482 ) ) ;
#977 = CIRCLE ( 'NONE', #3165, 3.960097721574094010 ) ;
#978 = CARTESIAN_POINT ( 'NONE',  ( -5.174846770538141350, 4.164293022777179054, 2.286000000000000476 ) ) ;
#979 = CARTESIAN_POINT ( 'NONE',  ( 0.6301014820750935330, 5.438698666219212718, -2.286000000000000920 ) ) ;
#980 = VERTEX_POINT ( 'NONE', #4276 ) ;
#981 = CARTESIAN_POINT ( 'NONE',  ( 2.755660258758652503, 4.248665761571362331, 2.286000000000000476 ) ) ;
#982 = CARTESIAN_POINT ( 'NONE',  ( 4.462463875555764403, -2.347567037772632315, 2.286000000000000476 ) ) ;
#983 = CARTESIAN_POINT ( 'NONE',  ( 0.5875270965913548249, -5.349734136913458116, -2.285999999999993371 ) ) ;
#984 = CARTESIAN_POINT ( 'NONE',  ( -6.563695275366480786, -1.018960161258259500, 2.286000000000000476 ) ) ;
#985 = DIRECTION ( 'NONE',  ( 0.000000000000000000, 0.000000000000000000, 1.000000000000000000 ) ) ;
#986 = CARTESIAN_POINT ( 'NONE',  ( 5.530620799995803694, 2.372076222644154964, -2.286000000000000920 ) ) ;
#987 = CARTESIAN_POINT ( 'NONE',  ( -2.232778667186853028, 4.615372461749464250, 2.286000000000000476 ) ) ;
#988 = ORIENTED_EDGE ( 'NONE', *, *, #3609, .F. ) ;
#989 = CARTESIAN_POINT ( 'NONE',  ( 2.236549931580964490, -5.267837672253021353, 2.286000000000000476 ) ) ;
#990 = CARTESIAN_POINT ( 'NONE',  ( 4.926769214355549487, 2.166053677396904575, 2.286000000000000476 ) ) ;
#991 = CARTESIAN_POINT ( 'NONE',  ( -2.208998909360595952, -4.668876377298401437, -2.286000000000000920 ) ) ;
#992 = CARTESIAN_POINT ( 'NONE',  ( 0.7110321314750334132, 5.975696222817058256, 2.286000000000000476 ) ) ;
#993 = ORIENTED_EDGE ( 'NONE', *, *, #2608, .T. ) ;
#994 = CARTESIAN_POINT ( 'NONE',  ( 3.265033223548865049, -4.395000467436836367, -2.285999999999994259 ) ) ;
#995 = CARTESIAN_POINT ( 'NONE',  ( 0.5875270965913534926, 5.349734136913458116, -2.285999999999994259 ) ) ;
#996 = CARTESIAN_POINT ( 'NONE',  ( 3.671527976878541821, 4.864396098905575450, -2.286000000000000920 ) ) ;
#997 = CARTESIAN_POINT ( 'NONE',  ( -5.904012904798279671, 2.408368181655954121, 2.286000000000000476 ) ) ;
#998 = CARTESIAN_POINT ( 'NONE',  ( -2.690823560815335025, -4.264284629575964658, 2.286000000000000920 ) ) ;
#999 = EDGE_CURVE ( 'NONE', #4112, #1780, #2248, .T. ) ;
#1000 = CARTESIAN_POINT ( 'NONE',  ( 5.680356212974283281, 0.6970097785450477534, -2.285999999999992482 ) ) ;
#1001 = CARTESIAN_POINT ( 'NONE',  ( -4.864396098905574561, 3.671527976878544042, 2.286000000000000476 ) ) ;
#1002 = CARTESIAN_POINT ( 'NONE',  ( 4.864396098905572785, -3.671527976878545374, -2.285999999999994259 ) ) ;
#1003 = ORIENTED_EDGE ( 'NONE', *, *, #341, .T. ) ;
#1004 = CARTESIAN_POINT ( 'NONE',  ( 3.340134799346913486, 4.459232637575095026, 2.286000000000000476 ) ) ;
#1005 = CARTESIAN_POINT ( 'NONE',  ( 4.339242117764196216, -3.183680459516555317, 2.286000000000000476 ) ) ;
#1006 = CARTESIAN_POINT ( 'NONE',  ( 0.7992465585685062379, -6.181594833392608734, 2.286000000000000476 ) ) ;
#1007 = CARTESIAN_POINT ( 'NONE',  ( -2.409147001929397902, 5.992287157413075604, 2.286000000000000476 ) ) ;
#1008 = CLOSED_SHELL ( 'NONE', ( #2890, #3639, #3204, #2676, #3420, #2336, #1750, #407, #1439, #2702, #1625, #1691, #5044, #1061, #84, #782, #4012, #2637, #2582, #4133, #2117, #2830, #59, #3242, #3669, #4671, #1410, #2987, #2301, #1724, #3756, #2738, #2920, #3845, #4515, #3512, #4726, #1343, #119, #1620, #685, #2266 ) ) ;
#1009 = CARTESIAN_POINT ( 'NONE',  ( -5.170712537599049696, 2.204381686920553474, 2.286000000000000476 ) ) ;
#1010 = CARTESIAN_POINT ( 'NONE',  ( 0.000000000000000000, 0.000000000000000000, 2.286000000000000476 ) ) ;
#1011 = LOCAL_TIME ( 14, 51, 16.00000000000000000, #461 ) ;
#1012 = CARTESIAN_POINT ( 'NONE',  ( -6.953486125426932674, 1.338510251577862631, 2.286000000000000476 ) ) ;
#1013 = CARTESIAN_POINT ( 'NONE',  ( -2.376926607282876525, 5.611834548134891243, -2.285999999999990706 ) ) ;
#1014 = ORIENTED_EDGE ( 'NONE', *, *, #4262, .F. ) ;
#1015 = CARTESIAN_POINT ( 'NONE',  ( -5.611834548134891243, -2.376926607282876081, -2.286000000000000920 ) ) ;
#1016 = CARTESIAN_POINT ( 'NONE',  ( -5.400580374566925634, -4.809226556586335910, -2.285999999999997812 ) ) ;
#1017 = CARTESIAN_POINT ( 'NONE',  ( -2.232778667186849031, -4.615372461749466027, -2.286000000000000920 ) ) ;
#1018 = CARTESIAN_POINT ( 'NONE',  ( -0.8295454916588390626, 6.246275499659565966, 2.286000000000000476 ) ) ;
#1019 = VERTEX_POINT ( 'NONE', #1814 ) ;
#1020 = CARTESIAN_POINT ( 'NONE',  ( 2.514012115883947907, -4.354396715554732289, 2.286000000000000476 ) ) ;
#1021 = CARTESIAN_POINT ( 'NONE',  ( 0.1355698399325886427, 5.028786691589064439, 2.286000000000000476 ) ) ;
#1022 = CARTESIAN_POINT ( 'NONE',  ( -6.048454584161420122, 0.7474384492293186799, -2.286000000000000920 ) ) ;
#1023 = CARTESIAN_POINT ( 'NONE',  ( -5.611834548134894796, 2.376926607282872084, 2.286000000000000476 ) ) ;
#1024 = CARTESIAN_POINT ( 'NONE',  ( 5.022562078130881957, 5.445848997224149279, 2.286000000000000476 ) ) ;
#1025 = CARTESIAN_POINT ( 'NONE',  ( -2.452899478489770857, -4.386741487291721420, -2.285999999999990262 ) ) ;
#1026 = CARTESIAN_POINT ( 'NONE',  ( 5.082764852903506103, -0.3209540278680266256, 2.286000000000000476 ) ) ;
#1027 = CARTESIAN_POINT ( 'NONE',  ( -4.381051063935445633, -5.266605046998204642, 2.286000000000000476 ) ) ;
#1028 = CARTESIAN_POINT ( 'NONE',  ( -4.426088753942313048, 3.303268363099251204, 2.286000000000000476 ) ) ;
#1029 = CARTESIAN_POINT ( 'NONE',  ( 4.953794882336380212, -3.782965240303916676, -2.285999999999994259 ) ) ;
#1030 = EDGE_LOOP ( 'NONE', ( #81, #271, #2803, #4411 ) ) ;
#1031 = CARTESIAN_POINT ( 'NONE',  ( 3.507955818454320696, 4.655371438823713071, 2.286000000000000476 ) ) ;
#1032 = CARTESIAN_POINT ( 'NONE',  ( 6.992705799529137067, -2.232517294705862909, 2.286000000000000476 ) ) ;
#1033 = CARTESIAN_POINT ( 'NONE',  ( 0.6970097785450480865, -5.680356212974283281, 2.286000000000000476 ) ) ;
#1034 = CARTESIAN_POINT ( 'NONE',  ( -2.272426521269208521, 6.865202557812160045, 2.286000000000000476 ) ) ;
#1035 = EDGE_CURVE ( 'NONE', #3681, #4076, #4526, .T. ) ;
#1036 = DIRECTION ( 'NONE',  ( 1.000000000000000000, 0.000000000000000000, -0.000000000000000000 ) ) ;
#1037 = CARTESIAN_POINT ( 'NONE',  ( 4.354396715554731401, 2.514012115883949683, -2.286000000000000920 ) ) ;
#1038 = CARTESIAN_POINT ( 'NONE',  ( -2.191741345851260903, 5.122257907086414264, 2.286000000000000476 ) ) ;
#1039 = VERTEX_POINT ( 'NONE', #3428 ) ;
#1040 = CARTESIAN_POINT ( 'NONE',  ( -5.904012904798280559, -2.408368181655959450, -2.286000000000000920 ) ) ;
#1041 = CARTESIAN_POINT ( 'NONE',  ( -4.395000467436835478, -3.265033223548865937, -2.285999999999997812 ) ) ;
#1042 = CARTESIAN_POINT ( 'NONE',  ( -3.410305354818153667, -4.531605619798376949, -2.286000000000000920 ) ) ;
#1043 = CARTESIAN_POINT ( 'NONE',  ( 1.626741853133636617, 7.227524615835563715, 2.286000000000000476 ) ) ;
#1044 = CARTESIAN_POINT ( 'NONE',  ( 2.191273222451028513, -4.722047456352864714, -2.285999999999994259 ) ) ;
#1045 = CARTESIAN_POINT ( 'NONE',  ( 0.8662984254189463051, -6.317209250654444830, 2.286000000000000476 ) ) ;
#1046 = CYLINDRICAL_SURFACE ( 'NONE', #3593, 7.408333222071330049 ) ;
#1047 = CARTESIAN_POINT ( 'NONE',  ( -6.427404040144042874, 2.370488230432056032, -2.285999999999988930 ) ) ;
#1048 = CARTESIAN_POINT ( 'NONE',  ( 4.809226556556631671, 5.400580374558715313, 2.286000000000000032 ) ) ;
#1049 = CARTESIAN_POINT ( 'NONE',  ( -3.671527976878544930, -4.864396098905573673, 2.286000000000000920 ) ) ;
#1050 = CARTESIAN_POINT ( 'NONE',  ( 5.113419133395583849, 0.3740431840629602211, 2.286000000000000476 ) ) ;
#1051 = CARTESIAN_POINT ( 'NONE',  ( 6.181594833392607846, -0.7992465585685056828, -2.286000000000000920 ) ) ;
#1052 = CARTESIAN_POINT ( 'NONE',  ( -0.4633254509012539879, 5.185049666302784743, -2.286000000000000920 ) ) ;
#1053 = ORIENTED_EDGE ( 'NONE', *, *, #1966, .F. ) ;
#1054 = CARTESIAN_POINT ( 'NONE',  ( 3.265033223548859720, 4.395000467436837255, -2.285999999999991594 ) ) ;
#1055 = CARTESIAN_POINT ( 'NONE',  ( 4.655371438823709518, -3.507955818454324692, 2.286000000000000476 ) ) ;
#1056 = CARTESIAN_POINT ( 'NONE',  ( -0.1355698399325892534, -5.028786691589064439, 2.286000000000000476 ) ) ;
#1057 = CARTESIAN_POINT ( 'NONE',  ( -5.530620799995803694, -2.372076222644154520, -2.285999999999997812 ) ) ;
#1058 = CARTESIAN_POINT ( 'NONE',  ( -2.178781297287131213, 4.774490053667269862, 2.286000000000000476 ) ) ;
#1059 = AXIS2_PLACEMENT_3D ( 'NONE', #5008, #4571, #4214 ) ;
#1060 = CARTESIAN_POINT ( 'NONE',  ( -0.6970097785450477534, -5.680356212974282393, -2.286000000000000920 ) ) ;
#1061 = ADVANCED_FACE ( 'NONE', ( #2568 ), #1046, .T. ) ;
#1062 = CARTESIAN_POINT ( 'NONE',  ( 4.531605619798373397, 3.410305354818156776, -2.286000000000000920 ) ) ;
#1063 = CARTESIAN_POINT ( 'NONE',  ( -2.204381686920558803, 5.170712537599048808, -2.285999999999990706 ) ) ;
#1064 = CARTESIAN_POINT ( 'NONE',  ( -4.926769214355549487, -2.166053677396904575, -2.286000000000000920 ) ) ;
#1065 = LINE ( 'NONE', #681, #3725 ) ;
#1066 = CYLINDRICAL_SURFACE ( 'NONE', #2428, 3.960097721574094010 ) ;
#1067 = CARTESIAN_POINT ( 'NONE',  ( -3.782965240303916676, -4.953794882336381988, -2.286000000000000920 ) ) ;
#1068 = CARTESIAN_POINT ( 'NONE',  ( 2.232517294687443865, 6.992705799587969118, 2.286000000000000920 ) ) ;
#1069 = CARTESIAN_POINT ( 'NONE',  ( 2.208998909360595952, -4.668876377298398772, -2.285999999999994259 ) ) ;
#1070 = CARTESIAN_POINT ( 'NONE',  ( 1.085587763892387425, -6.655589417870369395, 2.286000000000000476 ) ) ;
#1071 = CARTESIAN_POINT ( 'NONE',  ( 7.227524615835563715, -1.626741853133637949, 2.286000000000000476 ) ) ;
#1072 = CARTESIAN_POINT ( 'NONE',  ( -6.193806931796399518, 2.399402252589298623, -2.285999999999988930 ) ) ;
#1073 = CARTESIAN_POINT ( 'NONE',  ( 0.000000000000000000, 0.000000000000000000, -2.286000000000000476 ) ) ;
#1074 = CARTESIAN_POINT ( 'NONE',  ( -3.841545219201187411, -4.994660515912103804, 2.286000000000000920 ) ) ;
#1075 = CARTESIAN_POINT ( 'NONE',  ( 5.028024231767894925, -2.086302706325008352E-16, -2.285999999999992482 ) ) ;
#1076 = CARTESIAN_POINT ( 'NONE',  ( 5.438698666219214495, 0.6301014820750945322, -2.286000000000000920 ) ) ;
#1077 = CARTESIAN_POINT ( 'NONE',  ( -7.072590850357793002, 2.204962537704672876, 2.286000000000000476 ) ) ;
#1078 = CARTESIAN_POINT ( 'NONE',  ( 3.225246005036186858, 4.366020258804537590, -2.285999999999991594 ) ) ;
#1079 = CARTESIAN_POINT ( 'NONE',  ( 5.037714479379335586, -3.908841068998488932, 2.286000000000000476 ) ) ;
#1080 = CARTESIAN_POINT ( 'NONE',  ( 0.5003650740925671414, -5.224220325235548579, 2.286000000000000476 ) ) ;
#1081 = CARTESIAN_POINT ( 'NONE',  ( -6.427404040144039321, -2.370488230432059140, -2.285999999999997812 ) ) ;
#1082 = CARTESIAN_POINT ( 'NONE',  ( -5.310665190646411737, 4.503699405991242521, -2.286000000000000920 ) ) ;
#1083 = CARTESIAN_POINT ( 'NONE',  ( -5.082764852903506991, -0.3209540278680267922, -2.285999999999992482 ) ) ;
#1084 = CARTESIAN_POINT ( 'NONE',  ( -1.338510251577863075, -6.953486125426932674, -2.286000000000000920 ) ) ;
#1085 = CARTESIAN_POINT ( 'NONE',  ( 2.219332909268642240, -5.219213881833812074, -2.286000000000000920 ) ) ;
#1086 = AXIS2_PLACEMENT_3D ( 'NONE', #4756, #3677, #2842 ) ;
#1087 = CARTESIAN_POINT ( 'NONE',  ( 2.572579828584872441, 4.317644004947606362, -2.286000000000000920 ) ) ;
#1088 = LOCAL_TIME ( 14, 51, 16.00000000000000000, #512 ) ;
#1089 = FACE_OUTER_BOUND ( 'NONE', #843, .T. ) ;
#1090 = CARTESIAN_POINT ( 'NONE',  ( -5.221115631088428799, -4.267941290503537211, -2.285999999999997812 ) ) ;
#1091 = CARTESIAN_POINT ( 'NONE',  ( 0.000000000000000000, 0.000000000000000000, 2.286000000000000476 ) ) ;
#1092 = CARTESIAN_POINT ( 'NONE',  ( 1.244985501274097350, 6.851020669089141535, 2.286000000000000476 ) ) ;
#1093 = CARTESIAN_POINT ( 'NONE',  ( 2.387648127366834849, -6.306703394980817556, 2.286000000000000476 ) ) ;
#1094 = CARTESIAN_POINT ( 'NONE',  ( 1.244985501274097350, 6.851020669089141535, 2.286000000000000476 ) ) ;
#1095 = EDGE_CURVE ( 'NONE', #2538, #1288, #1101, .T. ) ;
#1096 = DIRECTION ( 'NONE',  ( -0.000000000000000000, -0.000000000000000000, 1.000000000000000000 ) ) ;
#1097 = CARTESIAN_POINT ( 'NONE',  ( -4.826063829536962224, 2.170794788144380760, 2.286000000000000476 ) ) ;
#1098 = CARTESIAN_POINT ( 'NONE',  ( 2.500000000000000000, 3.061616997868383141E-16, 3.174999999999999822 ) ) ;
#1099 = CARTESIAN_POINT ( 'NONE',  ( -3.183680459516555317, -4.339242117764197992, 2.286000000000000920 ) ) ;
#1100 = CARTESIAN_POINT ( 'NONE',  ( 5.629638264086795907, -0.6876082620354379005, 2.286000000000000476 ) ) ;
#1101 = B_SPLINE_CURVE_WITH_KNOTS ( 'NONE', 3,
 ( #1504, #1839, #2949, #1479, #4599, #4962, #2663, #4120, #3024, #3356, #4169, #4502, #2974, #4192, #1022, #637, #4913, #2592, #3379, #1454, #2640, #2999, #4552, #2616, #710, #4701, #3906, #3453, #1242, #41, #786, #3475, #4319, #4727, #4650, #2764, #1553, #3124, #3930, #836, #3502, #4345, #2282, #2334, #3098, #451, #2385, #1935, #814, #426, #2012, #3549, #1962, #2789, #350, #1603, #4269, #3830, #3072, #761, #1989, #4625, #2362, #1911, #5039, #2742, #3528, #2717, #5012, #1221, #3148, #402, #65, #1528, #3879, #1629, #3173, #4294, #2309 ),
 .UNSPECIFIED., .F., .F.,
 ( 4, 1, 1, 1, 1, 1, 1, 1, 1, 1, 1, 1, 1, 1, 1, 1, 1, 1, 1, 1, 1, 1, 1, 1, 1, 1, 1, 1, 1, 1, 1, 1, 1, 1, 1, 1, 1, 1, 1, 1, 1, 1, 1, 1, 1, 1, 1, 1, 1, 1, 1, 1, 1, 1, 1, 1, 1, 1, 1, 1, 1, 1, 1, 1, 1, 1, 1, 1, 1, 1, 1, 1, 1, 1, 1, 1, 4 ),
 ( 0.01103315320116547184, 0.05345531963080774746, 0.07807290109913944676, 0.1012837636727261792, 0.1230879073546432556, 0.1434853321486017075, 0.1624760380591379061, 0.1800600250918766854, 0.1962372932539097059, 0.2110078425543557845, 0.2243716730052127684, 0.2363287846227128952, 0.2468791774295817643, 0.2560228514590334736, 0.2765703373738779280, 0.2861597148600217855, 0.2955281054245302297, 0.3046873400362805628, 0.3136510682187724219, 0.3224350908376913960, 0.3310577570337658315, 0.3395404348280692819, 0.3479080632824442798, 0.3561897892115020170, 0.3644196805880378642, 0.3726374874240482304, 0.3808893818503648054, 0.3892285417683729598, 0.3977153332009296660, 0.4064166828338137138, 0.4154040162538316094, 0.4247489170962575056, 0.4345155871249806179, 0.4447495655339210874, 0.4554634245512343416, 0.4666225055634414254, 0.4781364573014081909, 0.4871735315700953528, 0.5000000000000000000, 0.5128264684299046472, 0.5218635426985918091, 0.5333774944365585746, 0.5445365754487656584, 0.5552504344660789126, 0.5654844128750193821, 0.5752510829037424944, 0.5845959837461683906, 0.5935833171661862862, 0.6022846667990703340, 0.6107714582316270402, 0.6191106181496351946, 0.6273625125759517696, 0.6355803194119621358, 0.6438102107884980940, 0.6520919367175557202, 0.6604595651719308291, 0.6689422429662341685, 0.6775649091623087150, 0.6863489317812276891, 0.6953126599637194927, 0.7044718945754698813, 0.7138402851399783255, 0.7234296626261221830, 0.7439771485409665264, 0.7531208225704181247, 0.7636712153772871048, 0.7756283269947872316, 0.7889921574456442155, 0.8037627067460902941, 0.8199399749081233146, 0.8375239619408619829, 0.8565146678513981815, 0.8769120926453565223, 0.8987162363272737098, 0.9219270989008604422, 0.9465446803691922595, 0.9889668467988226297 ),
 .UNSPECIFIED. ) ;
#1102 = CARTESIAN_POINT ( 'NONE',  ( 5.732355088791446285, 0.7045212705935075537, -2.286000000000000920 ) ) ;
#1103 = CARTESIAN_POINT ( 'NONE',  ( -0.5619673642293585569, 5.306777461419535769, -2.286000000000000920 ) ) ;
#1104 = CARTESIAN_POINT ( 'NONE',  ( 1.615000000000000213, 1.615000000000000213, 2.286000000000000032 ) ) ;
#1105 = CARTESIAN_POINT ( 'NONE',  ( -0.7102931347230229120, -5.785647839301008233, -2.285999999999993371 ) ) ;
#1106 = CARTESIAN_POINT ( 'NONE',  ( -5.073758694932547719, -2.181471118769028550, 2.286000000000000476 ) ) ;
#1107 = CARTESIAN_POINT ( 'NONE',  ( -4.459232637575094138, 3.340134799346915706, -2.286000000000000920 ) ) ;
#1108 = CARTESIAN_POINT ( 'NONE',  ( 5.904012904798280559, -2.408368181655955897, -2.285999999999994259 ) ) ;
#1109 = CARTESIAN_POINT ( 'NONE',  ( -5.306777461419536657, 0.5619673642293570026, -2.285999999999992482 ) ) ;
#1110 = CARTESIAN_POINT ( 'NONE',  ( 0.5619673642293580018, -5.306777461419535769, -2.286000000000000920 ) ) ;
#1111 = CARTESIAN_POINT ( 'NONE',  ( 5.221115631088427911, 4.267941290503538099, -2.286000000000000920 ) ) ;
#1112 = ORIENTED_EDGE ( 'NONE', *, *, #4825, .T. ) ;
#1113 = CARTESIAN_POINT ( 'NONE',  ( 2.301622352330623400, 4.510804669069876205, -2.286000000000000920 ) ) ;
#1114 = CARTESIAN_POINT ( 'NONE',  ( -6.992705799588007309, -2.232517294687439424, -2.285999999999997812 ) ) ;
#1115 = CARTESIAN_POINT ( 'NONE',  ( -5.174846770538137797, -4.164293022777182607, -2.285999999999997812 ) ) ;
#1116 = CARTESIAN_POINT ( 'NONE',  ( -2.406359558239484553, -6.088939422080939856, -2.286000000000000920 ) ) ;
#1117 = CARTESIAN_POINT ( 'NONE',  ( 2.399402252589301732, -6.193806931796397741, -2.285999999999994259 ) ) ;
#1118 = CARTESIAN_POINT ( 'NONE',  ( 1.562936208206572308, 7.172119510977707613, 2.286000000000000476 ) ) ;
#1119 = CARTESIAN_POINT ( 'NONE',  ( 5.840323052443586960, -0.7138485327532716473, 2.286000000000000476 ) ) ;
#1120 = CARTESIAN_POINT ( 'NONE',  ( -4.354396715554733177, 2.514012115883946130, -2.285999999999988930 ) ) ;
#1121 = CARTESIAN_POINT ( 'NONE',  ( 4.381051063935442080, 5.266605046998205530, 2.286000000000000476 ) ) ;
#1122 = CARTESIAN_POINT ( 'NONE',  ( -3.045439027948420030, -4.274124979574707162, 2.286000000000000920 ) ) ;
#1123 = CARTESIAN_POINT ( 'NONE',  ( 7.227524615896165017, -1.626741853203426569, 2.286000000000000476 ) ) ;
#1124 = EDGE_CURVE ( 'NONE', #829, #1721, #1146, .T. ) ;
#1125 = CARTESIAN_POINT ( 'NONE',  ( 5.785647839301008233, -0.7102931347230232451, -2.286000000000000920 ) ) ;
#1126 = CARTESIAN_POINT ( 'NONE',  ( -0.6301014820750955314, 5.438698666219214495, -2.286000000000000920 ) ) ;
#1127 = CARTESIAN_POINT ( 'NONE',  ( 3.841545219201184302, 4.994660515912105581, -2.285999999999991594 ) ) ;
#1128 = CARTESIAN_POINT ( 'NONE',  ( 5.445848997224145727, -5.022562078130886398, 2.286000000000000476 ) ) ;
#1129 = CARTESIAN_POINT ( 'NONE',  ( -0.5875270965913541588, -5.349734136913458116, -2.285999999999993371 ) ) ;
#1130 = CARTESIAN_POINT ( 'NONE',  ( -4.774490053667270750, -2.178781297287130769, -2.285999999999997812 ) ) ;
#1131 = CARTESIAN_POINT ( 'NONE',  ( -4.510804669069875317, 2.301622352330626065, -2.286000000000000920 ) ) ;
#1132 = CARTESIAN_POINT ( 'NONE',  ( 5.025101949511930677, -2.173665442670349890, -2.285999999999994259 ) ) ;
#1133 = CARTESIAN_POINT ( 'NONE',  ( -5.393707460080332083, 0.6101348444133460891, -2.285999999999992482 ) ) ;
#1134 = AXIS2_PLACEMENT_3D ( 'NONE', #1967, #1583, #3885 ) ;
#1135 = EDGE_LOOP ( 'NONE', ( #1569, #1235, #223, #4001 ) ) ;
#1136 = CYLINDRICAL_SURFACE ( 'NONE', #3648, 7.408333222071330049 ) ;
#1137 = CARTESIAN_POINT ( 'NONE',  ( 5.352640503693416818, 4.635926943805799283, -2.286000000000000920 ) ) ;
#1138 = VECTOR ( 'NONE', #106, 1000.000000000000000 ) ;
#1139 = ORIENTED_EDGE ( 'NONE', *, *, #2328, .T. ) ;
#1140 = CARTESIAN_POINT ( 'NONE',  ( 4.317644004947604586, -2.572579828584875550, -2.286000000000000920 ) ) ;
#1141 = CARTESIAN_POINT ( 'NONE',  ( 4.459232637575090585, 3.340134799346919703, 2.286000000000000476 ) ) ;
#1142 = CARTESIAN_POINT ( 'NONE',  ( -4.562280498011125118, -2.263428084871105028, 2.286000000000000476 ) ) ;
#1143 = CARTESIAN_POINT ( 'NONE',  ( -5.445848997224145727, -5.022562078130896168, 2.286000000000000476 ) ) ;
#1144 = CARTESIAN_POINT ( 'NONE',  ( 2.301950562403213052, -5.414792396100658323, -2.285999999999994259 ) ) ;
#1145 = CARTESIAN_POINT ( 'NONE',  ( 1.244985501274099127, -6.851020669089140647, 2.286000000000000476 ) ) ;
#1146 = LINE ( 'NONE', #2690, #2220 ) ;
#1147 = CARTESIAN_POINT ( 'NONE',  ( -5.073758694932548607, 2.181471118769024997, 2.286000000000000476 ) ) ;
#1148 = CARTESIAN_POINT ( 'NONE',  ( 3.841545219201189632, -4.994660515912102916, 2.286000000000000476 ) ) ;
#1149 = CARTESIAN_POINT ( 'NONE',  ( -3.140066744230174400, -4.314820411705334813, -2.285999999999990262 ) ) ;
#1150 = CARTESIAN_POINT ( 'NONE',  ( 5.785647839301008233, -0.7102931347230232451, -2.285999999999992482 ) ) ;
#1151 = CARTESIAN_POINT ( 'NONE',  ( 5.896140974621092212, 0.7170584013211535046, -2.286000000000000920 ) ) ;
#1152 = CARTESIAN_POINT ( 'NONE',  ( -0.6101348444133477544, 5.393707460080332083, -2.286000000000000920 ) ) ;
#1153 = PLANE ( 'NONE',  #2627 ) ;
#1154 = CARTESIAN_POINT ( 'NONE',  ( -5.174846770538137797, -4.164293022777182607, -2.286000000000000920 ) ) ;
#1155 = LINE ( 'NONE', #3056, #896 ) ;
#1156 = CARTESIAN_POINT ( 'NONE',  ( -0.6476699409902360038, -5.484739481868279753, 2.286000000000000476 ) ) ;
#1157 = CARTESIAN_POINT ( 'NONE',  ( -4.926769214355549487, -2.166053677396904575, 2.286000000000000476 ) ) ;
#1158 = CARTESIAN_POINT ( 'NONE',  ( -1.562936208161181728, 7.172119510935937470, 2.286000000000000476 ) ) ;
#1159 = CARTESIAN_POINT ( 'NONE',  ( 4.826063829536962224, -2.170794788144382093, 2.286000000000000476 ) ) ;
#1160 = CARTESIAN_POINT ( 'NONE',  ( -5.185049666302785631, 0.4633254509012522671, 2.286000000000000476 ) ) ;
#1161 = ORIENTED_EDGE ( 'NONE', *, *, #3569, .F. ) ;
#1162 = CARTESIAN_POINT ( 'NONE',  ( -0.5619673642293573357, -5.306777461419536657, -2.286000000000000920 ) ) ;
#1163 = CARTESIAN_POINT ( 'NONE',  ( 4.366020258804534038, 3.225246005036193075, -2.286000000000000920 ) ) ;
#1164 = CARTESIAN_POINT ( 'NONE',  ( -5.022562078130890839, -5.445848997224149279, -2.286000000000000476 ) ) ;
#1165 = CARTESIAN_POINT ( 'NONE',  ( 2.500000000000000000, 3.061616997868383141E-16, -3.174999999999999822 ) ) ;
#1166 = CARTESIAN_POINT ( 'NONE',  ( -4.314820411705332148, -3.140066744230175733, 2.286000000000000476 ) ) ;
#1167 = AXIS2_PLACEMENT_3D ( 'NONE', #1290, #2453, #4749 ) ;
#1168 = CARTESIAN_POINT ( 'NONE',  ( -2.370488230432056920, -6.427404040144043762, -2.286000000000000920 ) ) ;
#1169 = DIRECTION ( 'NONE',  ( -0.000000000000000000, -0.000000000000000000, -1.000000000000000000 ) ) ;
#1170 = CARTESIAN_POINT ( 'NONE',  ( -0.06909748234411625112, -5.025479307074648183, 2.286000000000000476 ) ) ;
#1171 = VECTOR ( 'NONE', #3575, 1000.000000000000000 ) ;
#1172 = CARTESIAN_POINT ( 'NONE',  ( -4.510804669069875317, 2.301622352330626065, 2.286000000000000476 ) ) ;
#1173 = CARTESIAN_POINT ( 'NONE',  ( 2.631800271163145855, -4.287272105162935887, 2.286000000000000476 ) ) ;
#1174 = CARTESIAN_POINT ( 'NONE',  ( -4.635926943805795730, -5.352640503693421259, 2.286000000000000920 ) ) ;
#1175 = CARTESIAN_POINT ( 'NONE',  ( 5.438698666219212718, -0.6301014820750944212, -2.285999999999992482 ) ) ;
#1176 = CARTESIAN_POINT ( 'NONE',  ( 3.782965240303918453, -4.953794882336380212, 2.286000000000000476 ) ) ;
#1177 = CARTESIAN_POINT ( 'NONE',  ( -1.160798993145840008, 6.751539294367504773, 2.286000000000000476 ) ) ;
#1178 = CARTESIAN_POINT ( 'NONE',  ( 4.939602216290267300, 5.429769591381436555, -2.285999999999991594 ) ) ;
#1179 = DIRECTION ( 'NONE',  ( 0.000000000000000000, 0.000000000000000000, 1.000000000000000000 ) ) ;
#1180 = DATE_AND_TIME ( #3485, #4419 ) ;
#1181 = CARTESIAN_POINT ( 'NONE',  ( -0.7740819819406975499, -6.123650495384040937, 2.286000000000000476 ) ) ;
#1182 = CARTESIAN_POINT ( 'NONE',  ( -2.387648127366833073, -6.306703394980819333, -2.285999999999990262 ) ) ;
#1183 = CARTESIAN_POINT ( 'NONE',  ( -1.626741853133645277, 7.227524615835570820, 2.286000000000000476 ) ) ;
#1184 = EDGE_LOOP ( 'NONE', ( #4101, #4209, #4905, #3643 ) ) ;
#1185 = CARTESIAN_POINT ( 'NONE',  ( 5.753041440904886450, -2.398629593088690282, -2.285999999999994259 ) ) ;
#1186 = CARTESIAN_POINT ( 'NONE',  ( -2.514012115883949683, 4.354396715554731401, 2.286000000000000476 ) ) ;
#1187 = CARTESIAN_POINT ( 'NONE',  ( -5.185049666302784743, -0.4633254509012536548, 2.286000000000000476 ) ) ;
#1188 = VERTEX_POINT ( 'NONE', #1579 ) ;
#1189 = CARTESIAN_POINT ( 'NONE',  ( 6.655589417870369395, 1.085587763892386981, -2.285999999999992482 ) ) ;
#1190 = CARTESIAN_POINT ( 'NONE',  ( 2.631800271163145855, -4.287272105162935887, -2.286000000000000920 ) ) ;
#1191 = CARTESIAN_POINT ( 'NONE',  ( 4.248665761571360555, -2.755660258758655612, -2.286000000000000920 ) ) ;
#1192 = CARTESIAN_POINT ( 'NONE',  ( 4.562280498011124230, 2.263428084871105472, 2.286000000000000476 ) ) ;
#1193 = CARTESIAN_POINT ( 'NONE',  ( -4.241326470143099492, -2.819336768032404628, -2.285999999999997812 ) ) ;
#1194 = CARTESIAN_POINT ( 'NONE',  ( -3.960097721574094010, 0.000000000000000000, 3.174999999999999822 ) ) ;
#1195 = CARTESIAN_POINT ( 'NONE',  ( -3.538372490040377905, 4.700943863347386120, 2.286000000000000476 ) ) ;
#1196 = CARTESIAN_POINT ( 'NONE',  ( -0.6101348444133464222, -5.393707460080332083, 2.286000000000000476 ) ) ;
#1197 = CARTESIAN_POINT ( 'NONE',  ( -2.317559181621135167, -6.691150755271285888, 2.286000000000000476 ) ) ;
#1198 = CARTESIAN_POINT ( 'NONE',  ( -4.562280498011126006, 2.263428084871102808, 2.286000000000000476 ) ) ;
#1199 = CARTESIAN_POINT ( 'NONE',  ( 4.164293022777181719, -5.174846770538138685, 2.286000000000000476 ) ) ;
#1200 = DIRECTION ( 'NONE',  ( 1.000000000000000000, 0.000000000000000000, 0.000000000000000000 ) ) ;
#1201 = CARTESIAN_POINT ( 'NONE',  ( 6.851020669089141535, -1.244985501274098683, 2.286000000000000476 ) ) ;
#1202 = FACE_OUTER_BOUND ( 'NONE', #4040, .T. ) ;
#1203 = CARTESIAN_POINT ( 'NONE',  ( -0.6630252695113237893, 5.531876145198175720, -2.285999999999994259 ) ) ;
#1204 = CARTESIAN_POINT ( 'NONE',  ( 4.069996442506884193, 5.128438219115365904, -2.285999999999991594 ) ) ;
#1205 = CARTESIAN_POINT ( 'NONE',  ( -4.570827893707973821, -3.443806281393320123, -2.286000000000000920 ) ) ;
#1206 = CALENDAR_DATE ( 2022, 6, 6 ) ;
#1207 = CARTESIAN_POINT ( 'NONE',  ( -1.018960161258257724, -6.563695275366480786, 2.286000000000000476 ) ) ;
#1208 = CARTESIAN_POINT ( 'NONE',  ( -2.409147001929393461, -5.992287157413079157, -2.285999999999990262 ) ) ;
#1209 = CARTESIAN_POINT ( 'NONE',  ( 4.247487361087594948, -2.938866095189175631, -2.285999999999994259 ) ) ;
#1210 = CARTESIAN_POINT ( 'NONE',  ( 6.555650691920508422, -2.347321263097897237, 2.286000000000000476 ) ) ;
#1211 = CARTESIAN_POINT ( 'NONE',  ( -2.938866095189178296, 4.247487361087594060, 2.286000000000000476 ) ) ;
#1212 = CARTESIAN_POINT ( 'NONE',  ( -7.081653077847822608, 1.464622183275078315, 2.286000000000000476 ) ) ;
#1213 = ORIENTED_EDGE ( 'NONE', *, *, #284, .F. ) ;
#1214 = CARTESIAN_POINT ( 'NONE',  ( -7.172119510977680079, -1.562936208206542998, 2.286000000000000476 ) ) ;
#1215 = CARTESIAN_POINT ( 'NONE',  ( 5.445848997224147503, -5.022562078130893504, -2.286000000000000476 ) ) ;
#1216 = CARTESIAN_POINT ( 'NONE',  ( 4.386741487291719643, 2.452899478489774410, 2.286000000000000476 ) ) ;
#1217 = CIRCLE ( 'NONE', #1134, 7.408333222071330049 ) ;
#1218 = CARTESIAN_POINT ( 'NONE',  ( -6.317209250654446606, 0.8662984254189454170, 2.286000000000000476 ) ) ;
#1219 = CARTESIAN_POINT ( 'NONE',  ( -3.908841068998490709, 5.037714479379332033, 2.286000000000000476 ) ) ;
#1220 = CARTESIAN_POINT ( 'NONE',  ( -1.160798993145838232, -6.751539294367503885, 2.286000000000000476 ) ) ;
#1221 = CARTESIAN_POINT ( 'NONE',  ( -6.394046406055663212, -0.9097610735845655938, -2.286000000000000920 ) ) ;
#1222 = CARTESIAN_POINT ( 'NONE',  ( -4.864396098905574561, 3.671527976878544042, 2.286000000000000476 ) ) ;
#1223 = CARTESIAN_POINT ( 'NONE',  ( 3.303268363099252980, -4.426088753942310383, 2.286000000000000476 ) ) ;
#1224 = CARTESIAN_POINT ( 'NONE',  ( -4.635926943805795730, -5.352640503693421259, -2.285999999999990262 ) ) ;
#1225 = CARTESIAN_POINT ( 'NONE',  ( -2.372076222644154964, 5.530620799995803694, -2.286000000000000920 ) ) ;
#1226 = CARTESIAN_POINT ( 'NONE',  ( 3.908841068998488932, -5.037714479379333810, -2.285999999999994259 ) ) ;
#1227 = CARTESIAN_POINT ( 'NONE',  ( -1.464622183275063660, 7.081653077847804845, -2.285999999999994259 ) ) ;
#1228 = CARTESIAN_POINT ( 'NONE',  ( 4.635926943805791289, 5.352640503693422147, -2.286000000000000920 ) ) ;
#1229 = CARTESIAN_POINT ( 'NONE',  ( -0.7992465585685053497, -6.181594833392607846, -2.285999999999993371 ) ) ;
#1230 = DIRECTION ( 'NONE',  ( -0.000000000000000000, -0.000000000000000000, 1.000000000000000000 ) ) ;
#1231 = CARTESIAN_POINT ( 'NONE',  ( 4.366020258804535814, -3.225246005036190411, -2.285999999999994259 ) ) ;
#1232 = CARTESIAN_POINT ( 'NONE',  ( 2.409147001929389464, 5.992287157413079157, -2.285999999999991594 ) ) ;
#1233 = DIRECTION ( 'NONE',  ( -0.000000000000000000, -0.000000000000000000, 1.000000000000000000 ) ) ;
#1234 = CARTESIAN_POINT ( 'NONE',  ( -6.181594833392607846, 0.7992465585685049057, -2.285999999999992482 ) ) ;
#1235 = ORIENTED_EDGE ( 'NONE', *, *, #2554, .F. ) ;
#1236 = CARTESIAN_POINT ( 'NONE',  ( 3.908841068998488932, -5.037714479379333810, -2.286000000000000920 ) ) ;
#1237 = CARTESIAN_POINT ( 'NONE',  ( 2.204962537704693748, 7.072590850357724612, -2.286000000000000476 ) ) ;
#1238 = CARTESIAN_POINT ( 'NONE',  ( 4.510804669069874429, 2.301622352330630950, 2.286000000000000476 ) ) ;
#1239 = CARTESIAN_POINT ( 'NONE',  ( -5.896140974621092212, -0.7170584013211542818, 2.286000000000000476 ) ) ;
#1240 = CARTESIAN_POINT ( 'NONE',  ( -4.069996442506890411, 5.128438219115360575, -2.285999999999990706 ) ) ;
#1241 = CARTESIAN_POINT ( 'NONE',  ( -5.445848997224147503, 5.022562078130889951, 2.286000000000000476 ) ) ;
#1242 = CARTESIAN_POINT ( 'NONE',  ( -5.306777461419536657, 0.5619673642293570026, -2.286000000000000920 ) ) ;
#1243 = CARTESIAN_POINT ( 'NONE',  ( -5.037714479379336474, 3.908841068998488044, 2.286000000000000476 ) ) ;
#1244 = CARTESIAN_POINT ( 'NONE',  ( -1.614999999999999769, 1.615000000000000213, 2.286000000000000032 ) ) ;
#1245 = CARTESIAN_POINT ( 'NONE',  ( 4.747678667655626406, 3.569061278851724861, 2.286000000000000476 ) ) ;
#1246 = CARTESIAN_POINT ( 'NONE',  ( -3.569061278851724861, 4.747678667655626406, -2.286000000000000920 ) ) ;
#1247 = AXIS2_PLACEMENT_3D ( 'NONE', #1301, #3463, #2677 ) ;
#1248 = EDGE_CURVE ( 'NONE', #1496, #3065, #4067, .T. ) ;
#1249 = EDGE_LOOP ( 'NONE', ( #2489, #4499 ) ) ;
#1250 = DIRECTION ( 'NONE',  ( 1.000000000000000000, 0.000000000000000000, 0.000000000000000000 ) ) ;
#1251 = CARTESIAN_POINT ( 'NONE',  ( -1.018960161258259944, 6.563695275366480786, -2.285999999999994259 ) ) ;
#1252 = CARTESIAN_POINT ( 'NONE',  ( 4.809226556556611243, 5.400580374558709984, -2.286000000000000920 ) ) ;
#1253 = CARTESIAN_POINT ( 'NONE',  ( -4.258722005451611281, -2.993776443851758451, -2.286000000000000920 ) ) ;
#1254 = PERSON_AND_ORGANIZATION_ROLE ( 'design_supplier' ) ;
#1255 = CARTESIAN_POINT ( 'NONE',  ( -0.7170584013211530605, -5.896140974621092212, 2.286000000000000476 ) ) ;
#1256 = CC_DESIGN_APPROVAL ( #310, ( #3015 ) ) ;
#1257 = CARTESIAN_POINT ( 'NONE',  ( -2.399402252589303952, 6.193806931796396853, -2.285999999999990706 ) ) ;
#1258 = CARTESIAN_POINT ( 'NONE',  ( 4.612104495109641711, -3.476310862236191124, 2.286000000000000476 ) ) ;
#1259 = ORIENTED_EDGE ( 'NONE', *, *, #4798, .T. ) ;
#1260 = CARTESIAN_POINT ( 'NONE',  ( 2.208998909360592844, 4.668876377298402325, 2.286000000000000476 ) ) ;
#1261 = CARTESIAN_POINT ( 'NONE',  ( -2.301622352330630950, 4.510804669069874429, 2.286000000000000476 ) ) ;
#1262 = CARTESIAN_POINT ( 'NONE',  ( -6.246275499659564190, 0.8295454916588372862, 2.286000000000000476 ) ) ;
#1263 = VERTEX_POINT ( 'NONE', #4098 ) ;
#1264 = CARTESIAN_POINT ( 'NONE',  ( 3.569061278851723085, -4.747678667655629070, -2.286000000000000920 ) ) ;
#1265 = CARTESIAN_POINT ( 'NONE',  ( 2.500000000000000000, 3.061616997868383141E-16, 3.174999999999999822 ) ) ;
#1266 = CARTESIAN_POINT ( 'NONE',  ( 4.826063829536959560, 2.170794788144384313, -2.286000000000002697 ) ) ;
#1267 = CARTESIAN_POINT ( 'NONE',  ( -5.438698666219214495, -0.6301014820750951984, 2.286000000000000476 ) ) ;
#1268 = CARTESIAN_POINT ( 'NONE',  ( -3.984899404126271527, 5.082526083828510899, 2.286000000000000476 ) ) ;
#1269 = CARTESIAN_POINT ( 'NONE',  ( -6.306703394980817556, 2.387648127366832185, 2.286000000000000476 ) ) ;
#1270 = CARTESIAN_POINT ( 'NONE',  ( -3.183680459516555317, -4.339242117764197992, 2.286000000000000476 ) ) ;
#1271 = CARTESIAN_POINT ( 'NONE',  ( -4.747678667655629958, 3.569061278851720420, 2.286000000000000476 ) ) ;
#1272 = CARTESIAN_POINT ( 'NONE',  ( 2.406359558239486329, -6.088939422080938080, 2.286000000000000476 ) ) ;
#1273 = CARTESIAN_POINT ( 'NONE',  ( 4.700943863347386120, 3.538372490040377905, 2.286000000000000476 ) ) ;
#1274 = CARTESIAN_POINT ( 'NONE',  ( -2.452899478489774410, 4.386741487291719643, -2.286000000000000920 ) ) ;
#1275 = CARTESIAN_POINT ( 'NONE',  ( -6.865202557812116524, 2.272426521269214295, -2.286000000000000920 ) ) ;
#1276 = VERTEX_POINT ( 'NONE', #154 ) ;
#1277 = CARTESIAN_POINT ( 'NONE',  ( 3.984899404126269751, -5.082526083828511787, 2.286000000000000476 ) ) ;
#1278 = CARTESIAN_POINT ( 'NONE',  ( -0.7474384492293206783, 6.048454584161421010, 2.286000000000000476 ) ) ;
#1279 = CARTESIAN_POINT ( 'NONE',  ( 3.984899404126263978, 5.082526083828515340, -2.286000000000000920 ) ) ;
#1280 = CARTESIAN_POINT ( 'NONE',  ( 2.272426521269198751, 6.865202557812163597, 2.286000000000000476 ) ) ;
#1281 = CARTESIAN_POINT ( 'NONE',  ( -2.406359558239488550, 6.088939422080936303, 2.286000000000000476 ) ) ;
#1282 = EDGE_CURVE ( 'NONE', #634, #2159, #1417, .T. ) ;
#1283 = CARTESIAN_POINT ( 'NONE',  ( 0.6476699409902365590, -5.484739481868279753, -2.286000000000000920 ) ) ;
#1284 = CARTESIAN_POINT ( 'NONE',  ( 4.655371438823709518, -3.507955818454324692, -2.285999999999994259 ) ) ;
#1285 = ORIENTED_EDGE ( 'NONE', *, *, #4324, .T. ) ;
#1286 = CARTESIAN_POINT ( 'NONE',  ( 2.178781297287124552, 4.774490053667272527, -2.285999999999991594 ) ) ;
#1287 = CARTESIAN_POINT ( 'NONE',  ( -6.123650495384040937, 0.7740819819406971058, 2.286000000000000476 ) ) ;
#1288 = VERTEX_POINT ( 'NONE', #4527 ) ;
#1289 = CARTESIAN_POINT ( 'NONE',  ( 3.225246005036190855, -4.366020258804534926, -2.286000000000000920 ) ) ;
#1290 = CARTESIAN_POINT ( 'NONE',  ( 0.000000000000000000, 0.000000000000000000, 2.286000000000000476 ) ) ;
#1291 = CARTESIAN_POINT ( 'NONE',  ( 4.615372461749464250, 2.232778667186853028, 2.286000000000000476 ) ) ;
#1292 = CARTESIAN_POINT ( 'NONE',  ( -5.732355088791447173, 0.7045212705935068875, 2.286000000000000476 ) ) ;
#1293 = CARTESIAN_POINT ( 'NONE',  ( -2.880640466208736150, 4.241329277686503474, -2.285999999999990706 ) ) ;
#1294 = CARTESIAN_POINT ( 'NONE',  ( -4.422841945095526306, 2.396986420425918141, 2.286000000000000476 ) ) ;
#1295 = CARTESIAN_POINT ( 'NONE',  ( -2.880640466208733930, -4.241329277686507027, 2.286000000000000476 ) ) ;
#1296 = CIRCLE ( 'NONE', #4135, 3.960097721574094010 ) ;
#1297 = DIRECTION ( 'NONE',  ( -0.000000000000000000, -0.000000000000000000, 1.000000000000000000 ) ) ;
#1298 = B_SPLINE_SURFACE_WITH_KNOTS ( 'NONE', 3, 1, ( 
 ( #4572, #4549 ),
 ( #1068, #4165 ),
 ( #2777, #104 ),
 ( #1642, #3162 ),
 ( #4027, #465 ),
 ( #1670, #2050 ),
 ( #4388, #2475 ),
 ( #933, #3972 ),
 ( #544, #3562 ),
 ( #3264, #1232 ),
 ( #4412, #4360 ),
 ( #3999, #1311 ),
 ( #2001, #3215 ),
 ( #3588, #158 ),
 ( #2074, #2098 ),
 ( #3539, #3644 ),
 ( #3240, #2881 ),
 ( #4795, #4715 ),
 ( #54, #907 ),
 ( #1694, #1616 ),
 ( #1722, #4771 ),
 ( #3946, #519 ),
 ( #78, #4821 ),
 ( #1337, #2856 ),
 ( #4333, #2025 ),
 ( #4439, #956 ),
 ( #130, #2423 ),
 ( #855, #2500 ),
 ( #2399, #492 ),
 ( #3616, #3187 ),
 ( #4051, #1286 ),
 ( #4742, #879 ),
 ( #1260, #2804 ),
 ( #2828, #2450 ),
 ( #1746, #4921 ),
 ( #3692, #2906 ),
 ( #2623, #3315 ),
 ( #1823, #1389 ),
 ( #2552, #1362 ),
 ( #3386, #2122 ),
 ( #1438, #2217 ),
 ( #4462, #3717 ),
 ( #2600, #2958 ),
 ( #981, #4534 ),
 ( #3744, #2932 ),
 ( #235, #2982 ),
 ( #3366, #4510 ),
 ( #4485, #2576 ),
 ( #209, #571 ),
 ( #4872, #620 ),
 ( #669, #645 ),
 ( #4128, #4077 ),
 ( #3667, #1078 ),
 ( #2170, #1054 ),
 ( #1798, #183 ),
 ( #1004, #262 ),
 ( #3291, #3766 ),
 ( #4152, #4102 ),
 ( #4559, #2147 ),
 ( #2197, #4944 ),
 ( #1031, #4848 ),
 ( #287, #2527 ),
 ( #595, #1846 ),
 ( #1461, #3008 ),
 ( #3341, #4897 ),
 ( #1771, #1414 ),
 ( #741, #4685 ),
 ( #2242, #1127 ),
 ( #2647, #2724 ),
 ( #3080, #1869 ),
 ( #1535, #1204 ),
 ( #357, #3860 ),
 ( #1511, #2697 ),
 ( #793, #3887 ),
 ( #332, #2315 ),
 ( #308, #3031 ),
 ( #4200, #1486 ),
 ( #4225, #1178 ),
 ( #4658, #4969 ) ),
 .UNSPECIFIED., .F., .F., .F.,
 ( 4, 1, 1, 1, 1, 1, 1, 1, 1, 1, 1, 1, 1, 1, 1, 1, 1, 1, 1, 1, 1, 1, 1, 1, 1, 1, 1, 1, 1, 1, 1, 1, 1, 1, 1, 1, 1, 1, 1, 1, 1, 1, 1, 1, 1, 1, 1, 1, 1, 1, 1, 1, 1, 1, 1, 1, 1, 1, 1, 1, 1, 1, 1, 1, 1, 1, 1, 1, 1, 1, 1, 1, 1, 1, 1, 1, 4 ),
 ( 2, 2 ),
 ( 0.01103315318568801572, 0.05345531963080774052, 0.07807290109913955778, 0.1012837636727262902, 0.1230879073546434777, 0.1434853321486018185, 0.1624760380591380171, 0.1800600250918766854, 0.1962372932539097059, 0.2110078425543557845, 0.2243716730052127684, 0.2363287846227128952, 0.2468791774295818753, 0.2560228514590334736, 0.2765703373738778170, 0.2861597148600216745, 0.2955281054245301187, 0.3046873400362803963, 0.3136510682187723109, 0.3224350908376912850, 0.3310577570337658315, 0.3395404348280691709, 0.3479080632824442798, 0.3561897892115019060, 0.3644196805880378642, 0.3726374874240482304, 0.3808893818503648054, 0.3892285417683729598, 0.3977153332009296660, 0.4064166828338137138, 0.4154040162538316094, 0.4247489170962575056, 0.4345155871249806179, 0.4447495655339210874, 0.4554634245512343416, 0.4666225055634414254, 0.4781364573014081909, 0.4871735315700953528, 0.5000000000000000000, 0.5128264684299046472, 0.5218635426985918091, 0.5333774944365585746, 0.5445365754487656584, 0.5552504344660789126, 0.5654844128750193821, 0.5752510829037424944, 0.5845959837461683906, 0.5935833171661862862, 0.6022846667990703340, 0.6107714582316270402, 0.6191106181496351946, 0.6273625125759517696, 0.6355803194119621358, 0.6438102107884979830, 0.6520919367175557202, 0.6604595651719307181, 0.6689422429662341685, 0.6775649091623086040, 0.6863489317812275781, 0.6953126599637194927, 0.7044718945754697703, 0.7138402851399782145, 0.7234296626261220720, 0.7439771485409665264, 0.7531208225704182357, 0.7636712153772871048, 0.7756283269947872316, 0.7889921574456442155, 0.8037627067460902941, 0.8199399749081233146, 0.8375239619408620939, 0.8565146678513982925, 0.8769120926453567444, 0.8987162363272738208, 0.9219270989008605532, 0.9465446803691922595, 0.9889668468143231195 ),
 ( 0.000000000000000000, 1.000000000000000000 ),
 .UNSPECIFIED. ) ;
#1299 = CARTESIAN_POINT ( 'NONE',  ( 4.264284629575963770, 2.690823560815337245, 2.286000000000000476 ) ) ;
#1300 = CARTESIAN_POINT ( 'NONE',  ( -2.370488230432060028, 6.427404040144038433, -2.286000000000000920 ) ) ;
#1301 = CARTESIAN_POINT ( 'NONE',  ( 0.000000000000000000, 0.000000000000000000, -2.286000000000000476 ) ) ;
#1302 = VECTOR ( 'NONE', #2075, 1000.000000000000000 ) ;
#1303 = CARTESIAN_POINT ( 'NONE',  ( 3.443806281393318791, -4.570827893707974710, -2.285999999999994259 ) ) ;
#1304 = CARTESIAN_POINT ( 'NONE',  ( -0.06909748234411758339, 5.025479307074646407, -2.285999999999994259 ) ) ;
#1305 = CARTESIAN_POINT ( 'NONE',  ( 5.022562078130889063, 5.445848997224152832, -2.286000000000000476 ) ) ;
#1306 = CARTESIAN_POINT ( 'NONE',  ( 5.147865004549771584, -0.4213890162108053783, 2.286000000000000476 ) ) ;
#1307 = CARTESIAN_POINT ( 'NONE',  ( -2.236549931580964046, -5.267837672253024017, -2.285999999999990262 ) ) ;
#1308 = CARTESIAN_POINT ( 'NONE',  ( 0.6876082620354383446, -5.629638264086795907, -2.286000000000000920 ) ) ;
#1309 = CARTESIAN_POINT ( 'NONE',  ( 4.819588668520770725, -3.603620000172905513, 2.286000000000000476 ) ) ;
#1310 = ORIENTED_EDGE ( 'NONE', *, *, #1443, .F. ) ;
#1311 = CARTESIAN_POINT ( 'NONE',  ( 2.404730280458372782, 5.824206007570942312, -2.285999999999991594 ) ) ;
#1312 = CARTESIAN_POINT ( 'NONE',  ( -5.445848997224132404, -5.022562078130826002, -2.286000000000000476 ) ) ;
#1313 = CARTESIAN_POINT ( 'NONE',  ( 0.7474384492293199012, -6.048454584161421010, -2.285999999999993371 ) ) ;
#1314 = CARTESIAN_POINT ( 'NONE',  ( -5.629638264086795907, -0.6876082620354386776, 2.286000000000000476 ) ) ;
#1315 = EDGE_CURVE ( 'NONE', #4881, #1952, #1742, .T. ) ;
#1316 = CARTESIAN_POINT ( 'NONE',  ( 5.824206007570941424, -2.404730280458376779, -2.286000000000000920 ) ) ;
#1317 = CARTESIAN_POINT ( 'NONE',  ( 5.365664573546730765, 2.277692020846685761, 2.286000000000000476 ) ) ;
#1318 = CARTESIAN_POINT ( 'NONE',  ( -5.975696222817057368, -0.7110321314750350785, 2.286000000000000476 ) ) ;
#1319 = CARTESIAN_POINT ( 'NONE',  ( -3.140066744230176177, 4.314820411705331260, 2.286000000000000476 ) ) ;
#1320 = CARTESIAN_POINT ( 'NONE',  ( -3.303268363099252536, -4.426088753942313048, 2.286000000000000476 ) ) ;
#1321 = CARTESIAN_POINT ( 'NONE',  ( 2.387648127366834849, -6.306703394980817556, 2.286000000000000476 ) ) ;
#1322 = CARTESIAN_POINT ( 'NONE',  ( 5.170712537599048808, 2.204381686920558803, 2.286000000000000476 ) ) ;
#1323 = CARTESIAN_POINT ( 'NONE',  ( -2.404730280458378999, 5.824206007570938759, -2.286000000000000920 ) ) ;
#1324 = CARTESIAN_POINT ( 'NONE',  ( 0.7474384492293183468, 6.048454584161420122, 2.286000000000000476 ) ) ;
#1325 = ORIENTED_EDGE ( 'NONE', *, *, #4512, .F. ) ;
#1326 = CARTESIAN_POINT ( 'NONE',  ( 2.347567037772631870, -4.462463875555763515, 2.286000000000000476 ) ) ;
#1327 = CARTESIAN_POINT ( 'NONE',  ( -0.3209540278680271252, 5.082764852903506991, -2.285999999999994259 ) ) ;
#1328 = CARTESIAN_POINT ( 'NONE',  ( 3.476310862236187571, 4.612104495109643487, -2.286000000000000920 ) ) ;
#1329 = CARTESIAN_POINT ( 'NONE',  ( 6.048454584161421010, 0.7474384492293195681, 2.286000000000000476 ) ) ;
#1330 = CARTESIAN_POINT ( 'NONE',  ( -2.376926607282872972, -5.611834548134894796, -2.285999999999990262 ) ) ;
#1331 = CARTESIAN_POINT ( 'NONE',  ( 0.7138485327532722025, -5.840323052443587848, -2.286000000000000920 ) ) ;
#1332 = ADVANCED_BREP_SHAPE_REPRESENTATION ( '228-2500-213', ( #266, #885 ), #3004 ) ;
#1333 = VECTOR ( 'NONE', #1096, 1000.000000000000000 ) ;
#1334 = CARTESIAN_POINT ( 'NONE',  ( -4.459232637575094138, 3.340134799346915706, 2.286000000000000476 ) ) ;
#1335 = CARTESIAN_POINT ( 'NONE',  ( -5.022562078130890839, -5.445848997224148391, 2.286000000000000476 ) ) ;
#1336 = VERTEX_POINT ( 'NONE', #3380 ) ;
#1337 = CARTESIAN_POINT ( 'NONE',  ( 2.191741345851253797, 5.122257907086416928, 2.286000000000000476 ) ) ;
#1338 = CC_DESIGN_APPROVAL ( #4386, ( #4090 ) ) ;
#1339 = DIRECTION ( 'NONE',  ( -0.000000000000000000, -0.000000000000000000, -1.000000000000000000 ) ) ;
#1340 = CARTESIAN_POINT ( 'NONE',  ( 0.6301014820750948653, -5.438698666219214495, 2.286000000000000476 ) ) ;
#1341 = CARTESIAN_POINT ( 'NONE',  ( -5.438698666219214495, -0.6301014820750951984, -2.285999999999992482 ) ) ;
#1342 = CARTESIAN_POINT ( 'NONE',  ( 5.464737068976781131, 2.327079695769372680, 2.286000000000000476 ) ) ;
#1343 = ADVANCED_FACE ( 'NONE', ( #4866, #2235 ), #2925, .F. ) ;
#1344 = CARTESIAN_POINT ( 'NONE',  ( -7.081653077825841081, 1.464622183253449395, 2.286000000000000476 ) ) ;
#1345 = CARTESIAN_POINT ( 'NONE',  ( -3.225246005036193075, 4.366020258804534038, -2.285999999999990706 ) ) ;
#1346 = CARTESIAN_POINT ( 'NONE',  ( -2.387648127366833073, -6.306703394980819333, 2.286000000000000476 ) ) ;
#1347 = CARTESIAN_POINT ( 'NONE',  ( 2.409147001929395238, -5.992287157413075604, 2.286000000000000476 ) ) ;
#1348 = CARTESIAN_POINT ( 'NONE',  ( 6.427404040144038433, 2.370488230432060028, 2.286000000000000476 ) ) ;
#1349 = CARTESIAN_POINT ( 'NONE',  ( -3.569061278851721308, -4.747678667655630846, -2.286000000000000920 ) ) ;
#1350 = CARTESIAN_POINT ( 'NONE',  ( -0.6476699409902372251, 5.484739481868279753, 2.286000000000000476 ) ) ;
#1351 = ORIENTED_EDGE ( 'NONE', *, *, #3114, .T. ) ;
#1352 = CARTESIAN_POINT ( 'NONE',  ( 3.183680459516556205, -4.339242117764196216, -2.285999999999994259 ) ) ;
#1353 = CARTESIAN_POINT ( 'NONE',  ( 0.7110321314750334132, 5.975696222817058256, 2.286000000000000476 ) ) ;
#1354 = CARTESIAN_POINT ( 'NONE',  ( 2.404730280458372782, 5.824206007570942312, -2.286000000000000920 ) ) ;
#1355 = CARTESIAN_POINT ( 'NONE',  ( -6.555650691920508422, 2.347321263097895461, -2.285999999999988930 ) ) ;
#1356 = CARTESIAN_POINT ( 'NONE',  ( 2.263428084871100587, 4.562280498011126895, 2.286000000000000476 ) ) ;
#1357 = CARTESIAN_POINT ( 'NONE',  ( -2.263428084871103696, -4.562280498011126895, 2.286000000000000920 ) ) ;
#1358 = CARTESIAN_POINT ( 'NONE',  ( 6.317209250654444830, 0.8662984254189458611, 2.286000000000000476 ) ) ;
#1359 = CARTESIAN_POINT ( 'NONE',  ( -4.241329277686507027, 2.880640466208733041, 2.286000000000000476 ) ) ;
#1360 = CARTESIAN_POINT ( 'NONE',  ( 1.626741853133636617, 7.227524615835563715, 2.286000000000000476 ) ) ;
#1361 = ORIENTED_EDGE ( 'NONE', *, *, #4759, .F. ) ;
#1362 = CARTESIAN_POINT ( 'NONE',  ( 2.452899478489767748, 4.386741487291722308, -2.285999999999991594 ) ) ;
#1363 = CARTESIAN_POINT ( 'NONE',  ( 5.025101949511930677, -2.173665442670349890, 2.286000000000000476 ) ) ;
#1364 = CARTESIAN_POINT ( 'NONE',  ( 0.8295454916588382854, -6.246275499659565966, -2.285999999999993371 ) ) ;
#1365 = CARTESIAN_POINT ( 'NONE',  ( -6.123650495384040937, -0.7740819819406984381, -2.285999999999992482 ) ) ;
#1366 = CARTESIAN_POINT ( 'NONE',  ( 6.691150755271281447, 2.317559181621140052, 2.286000000000000476 ) ) ;
#1367 = CARTESIAN_POINT ( 'NONE',  ( -6.655589417870370283, 1.085587763892386759, 2.286000000000000476 ) ) ;
#1368 = CARTESIAN_POINT ( 'NONE',  ( -2.347567037772633647, 4.462463875555762627, -2.285999999999990706 ) ) ;
#1369 = CC_DESIGN_PERSON_AND_ORGANIZATION_ASSIGNMENT ( #2045, #2021, ( #3924 ) ) ;
#1370 = CARTESIAN_POINT ( 'NONE',  ( -2.168461455044141228, -4.976155103217883457, 2.286000000000000476 ) ) ;
#1371 = CARTESIAN_POINT ( 'NONE',  ( 2.301950562403213052, -5.414792396100658323, 2.286000000000000476 ) ) ;
#1372 = CARTESIAN_POINT ( 'NONE',  ( 4.241329277686503474, 2.880640466208736150, 2.286000000000000476 ) ) ;
#1373 = CARTESIAN_POINT ( 'NONE',  ( -3.183680459516555317, -4.339242117764197992, -2.286000000000000920 ) ) ;
#1374 = CARTESIAN_POINT ( 'NONE',  ( 0.4213890162108044346, 5.147865004549771584, 2.286000000000000476 ) ) ;
#1375 = ORIENTED_EDGE ( 'NONE', *, *, #746, .T. ) ;
#1376 = CARTESIAN_POINT ( 'NONE',  ( 3.375777569767198116, -4.494406809309920092, -2.285999999999994259 ) ) ;
#1377 = CARTESIAN_POINT ( 'NONE',  ( 0.5003650740925656981, 5.224220325235549467, -2.285999999999994259 ) ) ;
#1378 = CARTESIAN_POINT ( 'NONE',  ( 3.443806281393315238, 4.570827893707977374, -2.286000000000000920 ) ) ;
#1379 = CARTESIAN_POINT ( 'NONE',  ( 6.394046406055663212, 0.9097610735845648167, 2.286000000000000476 ) ) ;
#1380 = DIRECTION ( 'NONE',  ( 1.000000000000000000, 0.000000000000000000, 0.000000000000000000 ) ) ;
#1381 = CARTESIAN_POINT ( 'NONE',  ( 2.256044226555250276, 5.316625765703149931, 2.286000000000000476 ) ) ;
#1382 = CARTESIAN_POINT ( 'NONE',  ( -2.347567037772632315, -4.462463875555765291, 2.286000000000000920 ) ) ;
#1383 = CARTESIAN_POINT ( 'NONE',  ( 5.028786691589064439, -0.1355698399325895587, 2.286000000000000476 ) ) ;
#1384 = AXIS2_PLACEMENT_3D ( 'NONE', #868, #5042, #2015 ) ;
#1385 = B_SPLINE_SURFACE_WITH_KNOTS ( 'NONE', 3, 1, ( 
 ( #4588, #1948 ),
 ( #4611, #747 ),
 ( #337, #388 ),
 ( #4999, #3515 ),
 ( #1210, #4665 ),
 ( #3036, #1898 ),
 ( #2753, #4690 ),
 ( #1566, #3842 ),
 ( #4974, #3110 ),
 ( #1491, #362 ),
 ( #4, #1108 ),
 ( #3919, #3416 ),
 ( #1923, #1185 ),
 ( #441, #3060 ),
 ( #2728, #4639 ),
 ( #2652, #4205 ),
 ( #4281, #1976 ),
 ( #30, #4308 ),
 ( #2678, #800 ),
 ( #2349, #722 ),
 ( #3137, #2271 ),
 ( #3895, #1593 ),
 ( #3440, #3464 ),
 ( #5025, #3818 ),
 ( #2703, #415 ),
 ( #1516, #1132 ),
 ( #826, #4230 ),
 ( #2294, #2375 ),
 ( #1541, #3087 ),
 ( #1159, #4256 ),
 ( #773, #2321 ),
 ( #3866, #3490 ),
 ( #3893, #2802 ),
 ( #4714, #877 ),
 ( #2000, #414 ),
 ( #3161, #3944 ),
 ( #3997, #3970 ),
 ( #1974, #3514 ),
 ( #1692, #102 ),
 ( #853, #29 ),
 ( #2374, #3586 ),
 ( #3918, #2398 ),
 ( #464, #4410 ),
 ( #3185, #905 ),
 ( #4689, #931 ),
 ( #2048, #2752 ),
 ( #440, #1209 ),
 ( #2024, #2448 ),
 ( #4385, #4306 ),
 ( #3561, #77 ),
 ( #3538, #3238 ),
 ( #517, #1590 ),
 ( #3136, #1231 ),
 ( #3213, #53 ),
 ( #4332, #825 ),
 ( #128, #2421 ),
 ( #1615, #490 ),
 ( #4358, #2776 ),
 ( #1641, #4740 ),
 ( #1258, #1668 ),
 ( #4769, #1284 ),
 ( #2826, #2072 ),
 ( #3614, #4793 ),
 ( #1309, #2854 ),
 ( #2574, #1002 ),
 ( #3715, #4870 ),
 ( #954, #1029 ),
 ( #3742, #4483 ),
 ( #3690, #1796 ),
 ( #2096, #2525 ),
 ( #4126, #618 ),
 ( #1436, #233 ),
 ( #3665, #4508 ),
 ( #4846, #2956 ),
 ( #2120, #643 ),
 ( #207, #2550 ),
 ( #2980, #2195 ),
 ( #260, #3642 ),
 ( #1821, #2168 ) ),
 .UNSPECIFIED., .F., .F., .F.,
 ( 4, 1, 1, 1, 1, 1, 1, 1, 1, 1, 1, 1, 1, 1, 1, 1, 1, 1, 1, 1, 1, 1, 1, 1, 1, 1, 1, 1, 1, 1, 1, 1, 1, 1, 1, 1, 1, 1, 1, 1, 1, 1, 1, 1, 1, 1, 1, 1, 1, 1, 1, 1, 1, 1, 1, 1, 1, 1, 1, 1, 1, 1, 1, 1, 1, 1, 1, 1, 1, 1, 1, 1, 1, 1, 1, 1, 4 ),
 ( 2, 2 ),
 ( 0.01103315318568794633, 0.05345531963080774052, 0.07807290109913955778, 0.1012837636727262902, 0.1230879073546434777, 0.1434853321486018185, 0.1624760380591380171, 0.1800600250918766854, 0.1962372932539097059, 0.2110078425543557845, 0.2243716730052127684, 0.2363287846227128952, 0.2468791774295818753, 0.2560228514590334736, 0.2765703373738778170, 0.2861597148600216745, 0.2955281054245301187, 0.3046873400362803963, 0.3136510682187723109, 0.3224350908376912850, 0.3310577570337658315, 0.3395404348280691709, 0.3479080632824442798, 0.3561897892115019060, 0.3644196805880378642, 0.3726374874240482304, 0.3808893818503648054, 0.3892285417683729598, 0.3977153332009296660, 0.4064166828338137138, 0.4154040162538316094, 0.4247489170962575056, 0.4345155871249806179, 0.4447495655339210874, 0.4554634245512343416, 0.4666225055634414254, 0.4781364573014081909, 0.4871735315700953528, 0.5000000000000000000, 0.5128264684299046472, 0.5218635426985918091, 0.5333774944365585746, 0.5445365754487656584, 0.5552504344660789126, 0.5654844128750193821, 0.5752510829037424944, 0.5845959837461683906, 0.5935833171661862862, 0.6022846667990703340, 0.6107714582316270402, 0.6191106181496351946, 0.6273625125759517696, 0.6355803194119621358, 0.6438102107884979830, 0.6520919367175557202, 0.6604595651719307181, 0.6689422429662341685, 0.6775649091623086040, 0.6863489317812275781, 0.6953126599637194927, 0.7044718945754697703, 0.7138402851399782145, 0.7234296626261220720, 0.7439771485409665264, 0.7531208225704182357, 0.7636712153772871048, 0.7756283269947872316, 0.7889921574456442155, 0.8037627067460902941, 0.8199399749081233146, 0.8375239619408620939, 0.8565146678513982925, 0.8769120926453567444, 0.8987162363272738208, 0.9219270989008605532, 0.9465446803691922595, 0.9889668468143225644 ),
 ( 0.000000000000000000, 1.000000000000000000 ),
 .UNSPECIFIED. ) ;
#1386 = CARTESIAN_POINT ( 'NONE',  ( -4.570827893707974710, 3.443806281393317015, 2.286000000000000476 ) ) ;
#1387 = CARTESIAN_POINT ( 'NONE',  ( 1.464622183253434518, 7.081653077825826870, -2.286000000000000920 ) ) ;
#1388 = VERTEX_POINT ( 'NONE', #1407 ) ;
#1389 = CARTESIAN_POINT ( 'NONE',  ( 2.396986420425915920, 4.422841945095528082, -2.285999999999991594 ) ) ;
#1390 = CARTESIAN_POINT ( 'NONE',  ( 4.258722005451613057, -2.993776443851756675, 2.286000000000000476 ) ) ;
#1391 = CARTESIAN_POINT ( 'NONE',  ( 1.018960161258259056, -6.563695275366480786, 2.286000000000000476 ) ) ;
#1392 = CARTESIAN_POINT ( 'NONE',  ( -2.204962537704680869, 7.072590850357781456, 2.286000000000000476 ) ) ;
#1393 = CARTESIAN_POINT ( 'NONE',  ( -5.267837672253023129, 2.236549931580962713, 2.286000000000000476 ) ) ;
#1394 = CARTESIAN_POINT ( 'NONE',  ( 7.072590850445156896, 2.204962537674543199, 2.286000000000000476 ) ) ;
#1395 = CARTESIAN_POINT ( 'NONE',  ( -7.172119510935933917, 1.562936208161174401, 2.286000000000000476 ) ) ;
#1396 = CARTESIAN_POINT ( 'NONE',  ( -3.094096482592032071, 4.292995347704373188, -2.285999999999990706 ) ) ;
#1397 = ORIENTED_EDGE ( 'NONE', *, *, #2961, .T. ) ;
#1398 = B_SPLINE_CURVE_WITH_KNOTS ( 'NONE', 3,
 ( #1305, #3256, #1252, #1228, #2772, #3939, #4763, #459, #872, #1279, #2044, #3208, #3581, #96, #996, #2924, #4185, #2492, #2542, #1328, #1378, #1880, #2115, #318, #3307, #4477, #3422, #2898, #4210, #2657, #560, #4454, #3798, #3684, #4980, #1738, #3041, #948, #1087, #1497, #1762, #4161, #4593, #1113, #1472, #728, #2874, #4431, #2276, #3824, #2632, #343, #1904, #4043, #3660, #3017, #200, #3446, #175, #295, #3282, #4865, #2517, #678, #4567, #4840, #3395, #1354, #972, #4068, #4954, #586, #703, #3775, #2137, #2227, #1855, #2251, #1237 ),
 .UNSPECIFIED., .F., .F.,
 ( 4, 1, 1, 1, 1, 1, 1, 1, 1, 1, 1, 1, 1, 1, 1, 1, 1, 1, 1, 1, 1, 1, 1, 1, 1, 1, 1, 1, 1, 1, 1, 1, 1, 1, 1, 1, 1, 1, 1, 1, 1, 1, 1, 1, 1, 1, 1, 1, 1, 1, 1, 1, 1, 1, 1, 1, 1, 1, 1, 1, 1, 1, 1, 1, 1, 1, 1, 1, 1, 1, 1, 1, 1, 1, 1, 1, 4 ),
 ( 0.01103315320116535214, 0.05345531963080774052, 0.07807290109913944676, 0.1012837636727261792, 0.1230879073546432556, 0.1434853321486017075, 0.1624760380591379061, 0.1800600250918766854, 0.1962372932539097059, 0.2110078425543557845, 0.2243716730052127684, 0.2363287846227128952, 0.2468791774295817643, 0.2560228514590334736, 0.2765703373738779280, 0.2861597148600217855, 0.2955281054245302297, 0.3046873400362805073, 0.3136510682187724219, 0.3224350908376913960, 0.3310577570337658315, 0.3395404348280692819, 0.3479080632824442798, 0.3561897892115020170, 0.3644196805880378642, 0.3726374874240482304, 0.3808893818503648054, 0.3892285417683729598, 0.3977153332009296660, 0.4064166828338137138, 0.4154040162538316094, 0.4247489170962575056, 0.4345155871249806179, 0.4447495655339210874, 0.4554634245512343416, 0.4666225055634414254, 0.4781364573014081909, 0.4871735315700953528, 0.5000000000000000000, 0.5128264684299046472, 0.5218635426985918091, 0.5333774944365585746, 0.5445365754487656584, 0.5552504344660789126, 0.5654844128750193821, 0.5752510829037424944, 0.5845959837461683906, 0.5935833171661862862, 0.6022846667990703340, 0.6107714582316270402, 0.6191106181496351946, 0.6273625125759517696, 0.6355803194119621358, 0.6438102107884980940, 0.6520919367175557202, 0.6604595651719308291, 0.6689422429662341685, 0.6775649091623087150, 0.6863489317812276891, 0.6953126599637196037, 0.7044718945754698813, 0.7138402851399783255, 0.7234296626261221830, 0.7439771485409665264, 0.7531208225704180137, 0.7636712153772871048, 0.7756283269947872316, 0.7889921574456443265, 0.8037627067460902941, 0.8199399749081233146, 0.8375239619408619829, 0.8565146678513981815, 0.8769120926453565223, 0.8987162363272737098, 0.9219270989008604422, 0.9465446803691922595, 0.9889668467988228517 ),
 .UNSPECIFIED. ) ;
#1399 = CARTESIAN_POINT ( 'NONE',  ( -4.976155103217881681, -2.168461455044143893, -2.286000000000000920 ) ) ;
#1400 = CARTESIAN_POINT ( 'NONE',  ( -4.531605619798374285, -3.410305354818155887, 2.286000000000000476 ) ) ;
#1401 = CARTESIAN_POINT ( 'NONE',  ( -2.166053677396901911, -4.926769214355551263, -2.286000000000000920 ) ) ;
#1402 = CARTESIAN_POINT ( 'NONE',  ( -0.7045212705935085529, 5.732355088791446285, 2.286000000000000476 ) ) ;
#1403 = EDGE_LOOP ( 'NONE', ( #4064, #4837, #4820, #4387 ) ) ;
#1404 = CARTESIAN_POINT ( 'NONE',  ( 2.755660258758656056, -4.248665761571358779, 2.286000000000000476 ) ) ;
#1405 = CARTESIAN_POINT ( 'NONE',  ( 0.6476699409902353377, 5.484739481868279753, -2.285999999999994259 ) ) ;
#1406 = DIRECTION ( 'NONE',  ( -0.000000000000000000, -0.000000000000000000, 1.000000000000000000 ) ) ;
#1407 = CARTESIAN_POINT ( 'NONE',  ( -1.626741853133637505, -7.227524615835563715, 2.286000000000000476 ) ) ;
#1408 = CARTESIAN_POINT ( 'NONE',  ( -2.166710717189361368, -4.876787775934691815, -2.285999999999990262 ) ) ;
#1409 = CARTESIAN_POINT ( 'NONE',  ( 5.147865004549772472, 0.4213890162108048787, 2.286000000000000476 ) ) ;
#1410 = ADVANCED_FACE ( 'NONE', ( #2211 ), #1707, .T. ) ;
#1411 = LINE ( 'NONE', #2144, #346 ) ;
#1412 = CARTESIAN_POINT ( 'NONE',  ( 1.160798993145837343, 6.751539294367503885, -2.286000000000000920 ) ) ;
#1413 = ORIENTED_EDGE ( 'NONE', *, *, #2523, .T. ) ;
#1414 = CARTESIAN_POINT ( 'NONE',  ( 3.732199908664467713, 4.916195901929395262, -2.285999999999991594 ) ) ;
#1415 = CARTESIAN_POINT ( 'NONE',  ( 4.876787775934690039, -2.166710717189361368, 2.286000000000000476 ) ) ;
#1416 = CARTESIAN_POINT ( 'NONE',  ( 0.7110321314750346344, -5.975696222817057368, 2.286000000000000476 ) ) ;
#1417 = CIRCLE ( 'NONE', #676, 7.408333222071330049 ) ;
#1418 = CARTESIAN_POINT ( 'NONE',  ( -2.387648127366837514, 6.306703394980817556, 2.286000000000000476 ) ) ;
#1419 = CIRCLE ( 'NONE', #4254, 3.960097721574094010 ) ;
#1420 = FACE_OUTER_BOUND ( 'NONE', #3239, .T. ) ;
#1421 = CARTESIAN_POINT ( 'NONE',  ( 4.510804669069874429, 2.301622352330630950, -2.286000000000000920 ) ) ;
#1422 = CARTESIAN_POINT ( 'NONE',  ( -2.327079695769372680, 5.464737068976781131, 2.286000000000000476 ) ) ;
#1423 = ORIENTED_EDGE ( 'NONE', *, *, #3878, .F. ) ;
#1424 = CARTESIAN_POINT ( 'NONE',  ( -5.365664573546731653, -2.277692020846684873, -2.286000000000000920 ) ) ;
#1425 = CARTESIAN_POINT ( 'NONE',  ( -4.864396098905571897, -3.671527976878548483, -2.285999999999997812 ) ) ;
#1426 = CARTESIAN_POINT ( 'NONE',  ( -4.635926943805799283, 5.352640503693416818, -2.286000000000000920 ) ) ;
#1427 = CARTESIAN_POINT ( 'NONE',  ( 0.7170584013211522834, 5.896140974621092212, 2.286000000000000476 ) ) ;
#1428 = CARTESIAN_POINT ( 'NONE',  ( 2.204381686920556582, -5.170712537599050584, 2.286000000000000476 ) ) ;
#1429 = CARTESIAN_POINT ( 'NONE',  ( 0.9605012029655753958, -6.476356000746373631, 2.286000000000000476 ) ) ;
#1430 = CARTESIAN_POINT ( 'NONE',  ( 5.680356212974282393, -0.6970097785450480865, 2.286000000000000476 ) ) ;
#1431 = CARTESIAN_POINT ( 'NONE',  ( -6.555650691920508422, 2.347321263097895461, 2.286000000000000476 ) ) ;
#1432 = CARTESIAN_POINT ( 'NONE',  ( 3.603620000172901516, 4.819588668520773389, 2.286000000000000476 ) ) ;
#1433 = CARTESIAN_POINT ( 'NONE',  ( -3.375777569767198560, -4.494406809309922757, 2.286000000000000920 ) ) ;
#1434 = CARTESIAN_POINT ( 'NONE',  ( 5.438698666219214495, 0.6301014820750945322, -2.285999999999992482 ) ) ;
#1435 = CARTESIAN_POINT ( 'NONE',  ( -4.655371438823710406, 3.507955818454323360, 2.286000000000000476 ) ) ;
#1436 = CARTESIAN_POINT ( 'NONE',  ( 5.174846770538140461, -4.164293022777179942, 2.286000000000000476 ) ) ;
#1437 = EDGE_LOOP ( 'NONE', ( #2846, #4920, #3178, #2402 ) ) ;
#1438 = CARTESIAN_POINT ( 'NONE',  ( 2.572579828584872441, 4.317644004947606362, 2.286000000000000476 ) ) ;
#1439 = ADVANCED_FACE ( 'NONE', ( #856 ), #4842, .T. ) ;
#1440 = CARTESIAN_POINT ( 'NONE',  ( 0.1981792459797993566, -5.038390598587967339, 2.286000000000000476 ) ) ;
#1441 = CARTESIAN_POINT ( 'NONE',  ( -4.615372461749464250, -2.232778667186852584, 2.286000000000000476 ) ) ;
#1442 = CARTESIAN_POINT ( 'NONE',  ( -4.655371438823710406, 3.507955818454323360, -2.286000000000000920 ) ) ;
#1443 = EDGE_CURVE ( 'NONE', #1721, #3606, #1940, .T. ) ;
#1444 = CARTESIAN_POINT ( 'NONE',  ( -1.018960161258257724, -6.563695275366480786, -2.286000000000000920 ) ) ;
#1445 = CARTESIAN_POINT ( 'NONE',  ( 5.690277883870089148, 2.391450586719571447, -2.286000000000000920 ) ) ;
#1446 = CARTESIAN_POINT ( 'NONE',  ( -2.327079695769372680, 5.464737068976781131, -2.285999999999990706 ) ) ;
#1447 = CARTESIAN_POINT ( 'NONE',  ( -5.992287157413074716, -2.409147001929397014, -2.286000000000000920 ) ) ;
#1448 = CARTESIAN_POINT ( 'NONE',  ( -6.992705799588007309, -2.232517294687439424, 2.286000000000000476 ) ) ;
#1449 = CARTESIAN_POINT ( 'NONE',  ( -5.310665190646407297, -4.503699405991246074, 2.286000000000000476 ) ) ;
#1450 = CARTESIAN_POINT ( 'NONE',  ( -4.503699405991246962, 5.310665190646406408, -2.286000000000000920 ) ) ;
#1451 = DIRECTION ( 'NONE',  ( 0.000000000000000000, -1.000000000000000000, 0.000000000000000000 ) ) ;
#1452 = CARTESIAN_POINT ( 'NONE',  ( 2.376926607282874748, -5.611834548134892131, -2.285999999999994259 ) ) ;
#1453 = CARTESIAN_POINT ( 'NONE',  ( 0.7170584013211538377, -5.896140974621092212, 2.286000000000000476 ) ) ;
#1454 = CARTESIAN_POINT ( 'NONE',  ( -5.732355088791447173, 0.7045212705935068875, -2.286000000000000920 ) ) ;
#1455 = CARTESIAN_POINT ( 'NONE',  ( -6.306703394980817556, 2.387648127366832185, -2.285999999999988930 ) ) ;
#1456 = CARTESIAN_POINT ( 'NONE',  ( 3.908841068998485380, 5.037714479379339139, 2.286000000000000476 ) ) ;
#1457 = CARTESIAN_POINT ( 'NONE',  ( -3.340134799346917038, -4.459232637575094138, 2.286000000000000920 ) ) ;
#1458 = CARTESIAN_POINT ( 'NONE',  ( 5.785647839301008233, 0.7102931347230232451, 2.286000000000000476 ) ) ;
#1459 = CARTESIAN_POINT ( 'NONE',  ( 5.264891270736412388, 0.5330684818325870378, -2.286000000000000920 ) ) ;
#1460 = CARTESIAN_POINT ( 'NONE',  ( -1.626741853133589988, 7.227524615835522859, -2.286000000000000476 ) ) ;
#1461 = CARTESIAN_POINT ( 'NONE',  ( 3.603620000172901516, 4.819588668520773389, 2.286000000000000476 ) ) ;
#1462 = CARTESIAN_POINT ( 'NONE',  ( 5.221115631088430575, -4.267941290503535434, 2.286000000000000476 ) ) ;
#1463 = CARTESIAN_POINT ( 'NONE',  ( 9.924741844099324310E-17, -5.028024231767894925, 2.286000000000000476 ) ) ;
#1464 = CARTESIAN_POINT ( 'NONE',  ( -5.904012904798280559, -2.408368181655959450, 2.286000000000000476 ) ) ;
#1465 = VECTOR ( 'NONE', #3202, 1000.000000000000000 ) ;
#1466 = CARTESIAN_POINT ( 'NONE',  ( -5.445848997224151056, 5.022562078130889951, -2.286000000000000476 ) ) ;
#1467 = EDGE_CURVE ( 'NONE', #2940, #4376, #2785, .T. ) ;
#1468 = CARTESIAN_POINT ( 'NONE',  ( -5.028786691589065327, -0.1355698399325906411, 2.286000000000000476 ) ) ;
#1469 = CARTESIAN_POINT ( 'NONE',  ( 0.4633254509012533218, -5.185049666302784743, -2.286000000000000920 ) ) ;
#1470 = CARTESIAN_POINT ( 'NONE',  ( 2.398629593088691614, -5.753041440904884674, -2.286000000000000920 ) ) ;
#1471 = EDGE_CURVE ( 'NONE', #1288, #1276, #3355, .T. ) ;
#1472 = CARTESIAN_POINT ( 'NONE',  ( 2.263428084871100587, 4.562280498011126895, -2.286000000000000920 ) ) ;
#1473 = CARTESIAN_POINT ( 'NONE',  ( 4.700943863347386120, 3.538372490040377905, -2.286000000000002697 ) ) ;
#1474 = CARTESIAN_POINT ( 'NONE',  ( -4.339242117764194440, -3.183680459516557093, -2.285999999999997812 ) ) ;
#1475 = CARTESIAN_POINT ( 'NONE',  ( -7.081653077825841081, -1.464622183253452059, 2.286000000000000476 ) ) ;
#1476 = FACE_OUTER_BOUND ( 'NONE', #4519, .T. ) ;
#1477 = CARTESIAN_POINT ( 'NONE',  ( 2.406359558239486329, -6.088939422080938080, 2.286000000000000476 ) ) ;
#1478 = CARTESIAN_POINT ( 'NONE',  ( 0.5003650740925671414, -5.224220325235548579, 2.286000000000000476 ) ) ;
#1479 = CARTESIAN_POINT ( 'NONE',  ( -6.953486125426932674, 1.338510251577862631, -2.286000000000000920 ) ) ;
#1480 = CARTESIAN_POINT ( 'NONE',  ( -4.722047456352865602, 2.191273222451025848, 2.286000000000000476 ) ) ;
#1481 = CARTESIAN_POINT ( 'NONE',  ( 4.939602216230064791, 5.429769591367958448, 2.286000000000000476 ) ) ;
#1482 = CARTESIAN_POINT ( 'NONE',  ( -3.375777569767198560, -4.494406809309922757, -2.285999999999990262 ) ) ;
#1483 = CARTESIAN_POINT ( 'NONE',  ( 5.531876145198175720, -0.6630252695113227901, -2.285999999999992482 ) ) ;
#1484 = CARTESIAN_POINT ( 'NONE',  ( 5.896140974621092212, -0.7170584013211533936, -2.286000000000000920 ) ) ;
#1485 = CARTESIAN_POINT ( 'NONE',  ( -1.244985501274100015, 6.851020669089140647, -2.286000000000000920 ) ) ;
#1486 = CARTESIAN_POINT ( 'NONE',  ( 4.809226556586351897, 5.400580374566937181, -2.285999999999991594 ) ) ;
#1487 = CARTESIAN_POINT ( 'NONE',  ( 4.570827893707974710, -3.443806281393318347, 2.286000000000000476 ) ) ;
#1488 = CARTESIAN_POINT ( 'NONE',  ( -0.1981792459797997452, -5.038390598587966451, -2.285999999999993371 ) ) ;
#1489 = CARTESIAN_POINT ( 'NONE',  ( -5.122257907086414264, -2.191741345851260014, -2.285999999999997812 ) ) ;
#1490 = CARTESIAN_POINT ( 'NONE',  ( -5.266605046998203754, 4.381051063935444745, -2.286000000000000920 ) ) ;
#1491 = CARTESIAN_POINT ( 'NONE',  ( 5.992287157413077381, -2.409147001929393905, 2.286000000000000476 ) ) ;
#1492 = CARTESIAN_POINT ( 'NONE',  ( -5.264891270736412388, -0.5330684818325877039, -2.285999999999992482 ) ) ;
#1493 = CARTESIAN_POINT ( 'NONE',  ( -0.1355698399325892534, -5.028786691589064439, -2.286000000000000920 ) ) ;
#1494 = CARTESIAN_POINT ( 'NONE',  ( 4.292995347704373188, 3.094096482592032071, -2.286000000000000920 ) ) ;
#1495 = AXIS2_PLACEMENT_3D ( 'NONE', #2588, #1451, #322 ) ;
#1496 = VERTEX_POINT ( 'NONE', #1947 ) ;
#1497 = CARTESIAN_POINT ( 'NONE',  ( 2.514012115883943910, 4.354396715554734953, -2.286000000000000920 ) ) ;
#1498 = EDGE_CURVE ( 'NONE', #4484, #2880, #3841, .T. ) ;
#1499 = CARTESIAN_POINT ( 'NONE',  ( 4.819588668520768060, 3.603620000172907734, -2.286000000000002697 ) ) ;
#1500 = CARTESIAN_POINT ( 'NONE',  ( -5.352640503693417706, -4.635926943805798395, 2.286000000000000476 ) ) ;
#1501 = DIRECTION ( 'NONE',  ( 0.000000000000000000, 0.000000000000000000, 1.000000000000000000 ) ) ;
#1502 = CARTESIAN_POINT ( 'NONE',  ( 2.208998909360595952, -4.668876377298398772, 2.286000000000000476 ) ) ;
#1503 = CARTESIAN_POINT ( 'NONE',  ( 1.160798993145839120, -6.751539294367504773, 2.286000000000000476 ) ) ;
#1504 = CARTESIAN_POINT ( 'NONE',  ( -7.227524615835570820, 1.626741853133637505, -2.286000000000000476 ) ) ;
#1505 = CARTESIAN_POINT ( 'NONE',  ( -4.247487361087595836, 2.938866095189174743, -2.285999999999988930 ) ) ;
#1506 = CARTESIAN_POINT ( 'NONE',  ( 0.000000000000000000, 0.000000000000000000, 3.174999999999999822 ) ) ;
#1507 = CARTESIAN_POINT ( 'NONE',  ( -3.732199908664471266, -4.916195901929394374, -2.285999999999990262 ) ) ;
#1508 = CARTESIAN_POINT ( 'NONE',  ( 7.081653077847822608, -1.464622183275078982, -2.285999999999992482 ) ) ;
#1509 = CARTESIAN_POINT ( 'NONE',  ( 6.476356000746373631, -0.9605012029655752848, -2.286000000000000920 ) ) ;
#1510 = CARTESIAN_POINT ( 'NONE',  ( -0.7992465585685070151, 6.181594833392608734, -2.286000000000000920 ) ) ;
#1511 = CARTESIAN_POINT ( 'NONE',  ( 4.267941290503531881, 5.221115631088434128, 2.286000000000000476 ) ) ;
#1512 = PERSON_AND_ORGANIZATION_ROLE ( 'design_owner' ) ;
#1513 = CARTESIAN_POINT ( 'NONE',  ( -0.1355698399325892534, -5.028786691589064439, -2.285999999999993371 ) ) ;
#1514 = CARTESIAN_POINT ( 'NONE',  ( -4.722047456352863826, -2.191273222451029845, -2.285999999999997812 ) ) ;
#1515 = CARTESIAN_POINT ( 'NONE',  ( -5.992287157413078269, 2.409147001929392573, -2.286000000000000920 ) ) ;
#1516 = CARTESIAN_POINT ( 'NONE',  ( 5.025101949511930677, -2.173665442670349890, 2.286000000000000476 ) ) ;
#1517 = CARTESIAN_POINT ( 'NONE',  ( -5.680356212974282393, 0.6970097785450474204, 2.286000000000000476 ) ) ;
#1518 = ORIENTED_EDGE ( 'NONE', *, *, #3630, .F. ) ;
#1519 = CARTESIAN_POINT ( 'NONE',  ( 5.445848997224146615, -5.022562078130890839, 2.286000000000000476 ) ) ;
#1520 = CARTESIAN_POINT ( 'NONE',  ( 2.399402252589301732, -6.193806931796397741, -2.286000000000000920 ) ) ;
#1521 = VERTEX_POINT ( 'NONE', #4280 ) ;
#1522 = CARTESIAN_POINT ( 'NONE',  ( 5.174846770538140461, -4.164293022777179942, -2.286000000000000920 ) ) ;
#1523 = CARTESIAN_POINT ( 'NONE',  ( 5.174846770538136909, 4.164293022777183495, 2.286000000000000476 ) ) ;
#1524 = CARTESIAN_POINT ( 'NONE',  ( -4.248665761571357891, -2.755660258758657388, -2.285999999999997812 ) ) ;
#1525 = LINE ( 'NONE', #2687, #3891 ) ;
#1526 = CARTESIAN_POINT ( 'NONE',  ( 2.181471118769027218, -5.073758694932547719, 2.286000000000000476 ) ) ;
#1527 = CARTESIAN_POINT ( 'NONE',  ( 1.562936208161180840, -7.172119510935938358, 2.286000000000000476 ) ) ;
#1528 = CARTESIAN_POINT ( 'NONE',  ( -6.751539294367504773, -1.160798993145839564, -2.286000000000000920 ) ) ;
#1529 = CARTESIAN_POINT ( 'NONE',  ( -4.292995347704374076, 3.094096482592028075, -2.285999999999988930 ) ) ;
#1530 = CARTESIAN_POINT ( 'NONE',  ( 0.000000000000000000, 0.000000000000000000, 2.286000000000000476 ) ) ;
#1531 = CARTESIAN_POINT ( 'NONE',  ( -4.069996442506886858, -5.128438219115365015, 2.286000000000000920 ) ) ;
#1532 = CARTESIAN_POINT ( 'NONE',  ( 5.349734136913458116, -0.5875270965913544918, -2.285999999999992482 ) ) ;
#1533 = CARTESIAN_POINT ( 'NONE',  ( 5.484739481868279753, 0.6476699409902362259, -2.286000000000000920 ) ) ;
#1534 = CARTESIAN_POINT ( 'NONE',  ( 0.5003650740925656981, 5.224220325235549467, -2.286000000000000920 ) ) ;
#1535 = CARTESIAN_POINT ( 'NONE',  ( 4.069996442506884193, 5.128438219115365904, 2.286000000000000476 ) ) ;
#1536 = CARTESIAN_POINT ( 'NONE',  ( -4.655371438823708630, -3.507955818454326913, -2.286000000000000920 ) ) ;
#1537 = CYLINDRICAL_SURFACE ( 'NONE', #240, 7.408333222071330049 ) ;
#1538 = CARTESIAN_POINT ( 'NONE',  ( 0.4213890162108052118, -5.147865004549772472, -2.285999999999993371 ) ) ;
#1539 = CARTESIAN_POINT ( 'NONE',  ( -5.753041440904884674, -2.398629593088692946, 2.286000000000000476 ) ) ;
#1540 = CARTESIAN_POINT ( 'NONE',  ( -6.992705799529047361, 2.232517294705889110, -2.286000000000000920 ) ) ;
#1541 = CARTESIAN_POINT ( 'NONE',  ( 4.876787775934690039, -2.166710717189361368, 2.286000000000000476 ) ) ;
#1542 = CARTESIAN_POINT ( 'NONE',  ( -5.113419133395583849, -0.3740431840629608318, 2.286000000000000476 ) ) ;
#1543 = AXIS2_PLACEMENT_3D ( 'NONE', #2886, #4516, #1036 ) ;
#1544 = ORIENTED_EDGE ( 'NONE', *, *, #2733, .F. ) ;
#1545 = CARTESIAN_POINT ( 'NONE',  ( -0.1981792459797997452, -5.038390598587966451, -2.286000000000000920 ) ) ;
#1546 = CARTESIAN_POINT ( 'NONE',  ( 5.266605046998201090, 4.381051063935450074, -2.286000000000000920 ) ) ;
#1547 = CARTESIAN_POINT ( 'NONE',  ( 4.459232637575093250, -3.340134799346916594, -2.286000000000000920 ) ) ;
#1548 = CARTESIAN_POINT ( 'NONE',  ( 4.531605619798373397, 3.410305354818156776, 2.286000000000000476 ) ) ;
#1549 = CARTESIAN_POINT ( 'NONE',  ( -4.241329277686503474, -2.880640466208736150, -2.285999999999997812 ) ) ;
#1550 = CARTESIAN_POINT ( 'NONE',  ( -2.301950562403212164, -5.414792396100660987, -2.286000000000000920 ) ) ;
#1551 = CARTESIAN_POINT ( 'NONE',  ( -5.022562078221564974, 5.445848997241717449, 2.286000000000000920 ) ) ;
#1552 = CARTESIAN_POINT ( 'NONE',  ( -0.5875270965913541588, -5.349734136913458116, 2.286000000000000476 ) ) ;
#1553 = CARTESIAN_POINT ( 'NONE',  ( -5.038390598587966451, 0.1981792459797994121, -2.286000000000000920 ) ) ;
#1554 = CARTESIAN_POINT ( 'NONE',  ( -4.615372461749465138, 2.232778667186848143, -2.285999999999988930 ) ) ;
#1555 = CARTESIAN_POINT ( 'NONE',  ( 3.225246005036190855, -4.366020258804534926, 2.286000000000000476 ) ) ;
#1556 = CARTESIAN_POINT ( 'NONE',  ( 5.128438219115360575, 4.069996442506890411, 2.286000000000000476 ) ) ;
#1557 = CARTESIAN_POINT ( 'NONE',  ( 5.975696222817058256, -0.7110321314750345234, 2.286000000000000476 ) ) ;
#1558 = CARTESIAN_POINT ( 'NONE',  ( 5.113419133395584737, -0.3740431840629596105, -2.286000000000000920 ) ) ;
#1559 = CARTESIAN_POINT ( 'NONE',  ( -1.614999999999999769, -1.614999999999999769, 2.286000000000000032 ) ) ;
#1560 = FACE_BOUND ( 'NONE', #654, .T. ) ;
#1561 = CARTESIAN_POINT ( 'NONE',  ( 0.000000000000000000, 0.000000000000000000, 2.286000000000000032 ) ) ;
#1562 = CARTESIAN_POINT ( 'NONE',  ( -1.338510251577863075, -6.953486125426932674, 2.286000000000000476 ) ) ;
#1563 = CARTESIAN_POINT ( 'NONE',  ( -2.232517294687447862, -6.992705799587969118, 2.286000000000000920 ) ) ;
#1564 = EDGE_CURVE ( 'NONE', #629, #2159, #4543, .T. ) ;
#1565 = CARTESIAN_POINT ( 'NONE',  ( -1.085587763892388091, 6.655589417870369395, 2.286000000000000476 ) ) ;
#1566 = CARTESIAN_POINT ( 'NONE',  ( 6.193806931796398629, -2.399402252589299955, 2.286000000000000476 ) ) ;
#1567 = CARTESIAN_POINT ( 'NONE',  ( -3.265033223548866825, 4.395000467436834590, 2.286000000000000476 ) ) ;
#1568 = CARTESIAN_POINT ( 'NONE',  ( -5.113419133395584737, 0.3740431840629589444, -2.285999999999992482 ) ) ;
#1569 = ORIENTED_EDGE ( 'NONE', *, *, #3728, .F. ) ;
#1570 = CARTESIAN_POINT ( 'NONE',  ( 0.7110321314750346344, -5.975696222817057368, -2.286000000000000920 ) ) ;
#1571 = CARTESIAN_POINT ( 'NONE',  ( 2.178781297287129437, -4.774490053667271638, -2.286000000000000920 ) ) ;
#1572 = CARTESIAN_POINT ( 'NONE',  ( 4.531605619798375173, -3.410305354818153667, -2.286000000000000920 ) ) ;
#1573 = CARTESIAN_POINT ( 'NONE',  ( 5.073758694932546831, 2.181471118769029882, 2.286000000000000476 ) ) ;
#1574 = CARTESIAN_POINT ( 'NONE',  ( -4.247487361087594948, -2.938866095189177852, 2.286000000000000476 ) ) ;
#1575 = AXIS2_PLACEMENT_3D ( 'NONE', #4142, #3755, #659 ) ;
#1576 = CARTESIAN_POINT ( 'NONE',  ( -2.347321263097896349, -6.555650691920510198, -2.286000000000000920 ) ) ;
#1577 = CARTESIAN_POINT ( 'NONE',  ( -3.603620000172907734, 4.819588668520768060, -2.285999999999990706 ) ) ;
#1578 = CARTESIAN_POINT ( 'NONE',  ( -0.7102931347230229120, -5.785647839301008233, 2.286000000000000476 ) ) ;
#1579 = CARTESIAN_POINT ( 'NONE',  ( -1.626741853133589988, 7.227524615835522859, -2.286000000000000476 ) ) ;
#1580 = CARTESIAN_POINT ( 'NONE',  ( -4.976155103217883457, 2.168461455044140340, 2.286000000000000476 ) ) ;
#1581 = CARTESIAN_POINT ( 'NONE',  ( -4.503699405991244298, -5.310665190646411737, -2.285999999999990262 ) ) ;
#1582 = CARTESIAN_POINT ( 'NONE',  ( 5.349734136913458116, -0.5875270965913544918, 2.286000000000000476 ) ) ;
#1583 = DIRECTION ( 'NONE',  ( -0.000000000000000000, -0.000000000000000000, 1.000000000000000000 ) ) ;
#1584 = CARTESIAN_POINT ( 'NONE',  ( -0.6970097785450487526, 5.680356212974283281, 2.286000000000000476 ) ) ;
#1585 = CARTESIAN_POINT ( 'NONE',  ( -4.366020258804534926, -3.225246005036192187, 2.286000000000000476 ) ) ;
#1586 = CARTESIAN_POINT ( 'NONE',  ( -4.314820411705332148, -3.140066744230175733, -2.286000000000000920 ) ) ;
#1587 = CYLINDRICAL_SURFACE ( 'NONE', #4007, 7.408333222071330049 ) ;
#1588 = CARTESIAN_POINT ( 'NONE',  ( -2.204962537674543199, 7.072590850445156896, -2.285999999999990706 ) ) ;
#1589 = CARTESIAN_POINT ( 'NONE',  ( -4.668876377298401437, 2.208998909360595064, -2.286000000000000920 ) ) ;
#1590 = CARTESIAN_POINT ( 'NONE',  ( 4.339242117764196216, -3.183680459516555317, -2.285999999999994259 ) ) ;
#1591 = EDGE_CURVE ( 'NONE', #1263, #251, #2142, .T. ) ;
#1592 = ORIENTED_EDGE ( 'NONE', *, *, #2367, .F. ) ;
#1593 = CARTESIAN_POINT ( 'NONE',  ( 5.219213881833812962, -2.219332909268641352, -2.285999999999994259 ) ) ;
#1594 = CARTESIAN_POINT ( 'NONE',  ( -3.984899404126271527, 5.082526083828510899, 2.286000000000000476 ) ) ;
#1595 = CARTESIAN_POINT ( 'NONE',  ( -5.975696222817058256, 0.7110321314750337462, -2.285999999999992482 ) ) ;
#1596 = ORIENTED_EDGE ( 'NONE', *, *, #528, .T. ) ;
#1597 = CARTESIAN_POINT ( 'NONE',  ( 4.635926943805797507, -5.352640503693419483, -2.286000000000000920 ) ) ;
#1598 = CARTESIAN_POINT ( 'NONE',  ( 4.462463875555764403, -2.347567037772632315, -2.286000000000000920 ) ) ;
#1599 = CARTESIAN_POINT ( 'NONE',  ( 4.317644004947601921, 2.572579828584877326, -2.286000000000002697 ) ) ;
#1600 = CARTESIAN_POINT ( 'NONE',  ( -5.680356212974283281, -0.6970097785450484196, 2.286000000000000476 ) ) ;
#1601 = DIRECTION ( 'NONE',  ( -0.000000000000000000, -0.000000000000000000, -1.000000000000000000 ) ) ;
#1602 = CARTESIAN_POINT ( 'NONE',  ( -0.6876082620354375674, -5.629638264086795907, 2.286000000000000476 ) ) ;
#1603 = CARTESIAN_POINT ( 'NONE',  ( -5.531876145198175720, -0.6630252695113234562, -2.286000000000000920 ) ) ;
#1604 = CARTESIAN_POINT ( 'NONE',  ( -4.700943863347387897, 3.538372490040373464, -2.285999999999988930 ) ) ;
#1605 = CARTESIAN_POINT ( 'NONE',  ( 4.939602216230076337, -5.429769591367956671, 2.286000000000000476 ) ) ;
#1606 = CARTESIAN_POINT ( 'NONE',  ( 4.953794882336378436, 3.782965240303920229, 2.286000000000000476 ) ) ;
#1607 = CARTESIAN_POINT ( 'NONE',  ( -2.327079695769372680, 5.464737068976781131, -2.286000000000000920 ) ) ;
#1608 = CARTESIAN_POINT ( 'NONE',  ( 0.000000000000000000, 0.000000000000000000, 0.000000000000000000 ) ) ;
#1609 = CARTESIAN_POINT ( 'NONE',  ( -0.6476699409902372251, 5.484739481868279753, -2.285999999999994259 ) ) ;
#1610 = CARTESIAN_POINT ( 'NONE',  ( -6.555650691920507533, -2.347321263097900346, 2.286000000000000476 ) ) ;
#1611 = CARTESIAN_POINT ( 'NONE',  ( -4.531605619798374285, -3.410305354818155887, -2.286000000000000920 ) ) ;
#1612 = PERSON_AND_ORGANIZATION ( #1695, #3439 ) ;
#1613 = CARTESIAN_POINT ( 'NONE',  ( 2.408368181655951457, 5.904012904798281447, 2.286000000000000476 ) ) ;
#1614 = CARTESIAN_POINT ( 'NONE',  ( -2.409147001929397902, 5.992287157413075604, -2.285999999999990706 ) ) ;
#1615 = CARTESIAN_POINT ( 'NONE',  ( 4.494406809309921869, -3.375777569767198116, 2.286000000000000476 ) ) ;
#1616 = CARTESIAN_POINT ( 'NONE',  ( 2.256044226555250276, 5.316625765703149931, -2.285999999999991594 ) ) ;
#1617 = CARTESIAN_POINT ( 'NONE',  ( -4.503699405991246962, 5.310665190646406408, 2.286000000000000476 ) ) ;
#1618 = DIRECTION ( 'NONE',  ( 0.000000000000000000, 0.000000000000000000, 1.000000000000000000 ) ) ;
#1619 = ORIENTED_EDGE ( 'NONE', *, *, #2763, .F. ) ;
#1620 = ADVANCED_FACE ( 'NONE', ( #707 ), #2255, .T. ) ;
#1621 = CARTESIAN_POINT ( 'NONE',  ( -7.081653077847804845, -1.464622183275063216, -2.285999999999992482 ) ) ;
#1622 = CARTESIAN_POINT ( 'NONE',  ( 5.037714479379335586, -3.908841068998488932, -2.286000000000000920 ) ) ;
#1623 = CARTESIAN_POINT ( 'NONE',  ( 5.122257907086414264, 2.191741345851260903, -2.286000000000002697 ) ) ;
#1624 = CIRCLE ( 'NONE', #153, 7.408333222071330049 ) ;
#1625 = ADVANCED_FACE ( 'NONE', ( #684 ), #1859, .T. ) ;
#1626 = CARTESIAN_POINT ( 'NONE',  ( -6.563695275366480786, 1.018960161258257280, 2.286000000000000476 ) ) ;
#1627 = FACE_OUTER_BOUND ( 'NONE', #776, .T. ) ;
#1628 = LINE ( 'NONE', #1241, #4744 ) ;
#1629 = CARTESIAN_POINT ( 'NONE',  ( -6.953486125426932674, -1.338510251577864629, -2.286000000000000920 ) ) ;
#1630 = CARTESIAN_POINT ( 'NONE',  ( -4.700943863347387897, 3.538372490040373464, 2.286000000000000476 ) ) ;
#1631 = CARTESIAN_POINT ( 'NONE',  ( 2.232778667186851251, -4.615372461749465138, 2.286000000000000476 ) ) ;
#1632 = CARTESIAN_POINT ( 'NONE',  ( 5.266605046998201090, 4.381051063935450074, 2.286000000000000476 ) ) ;
#1633 = CARTESIAN_POINT ( 'NONE',  ( -3.410305354818156776, 4.531605619798373397, -2.286000000000000920 ) ) ;
#1634 = CARTESIAN_POINT ( 'NONE',  ( 7.227524615835522859, 1.626741853133588656, -2.286000000000000476 ) ) ;
#1635 = CARTESIAN_POINT ( 'NONE',  ( -1.626741853203378829, 7.227524615896121496, -2.285999999999994259 ) ) ;
#1636 = CARTESIAN_POINT ( 'NONE',  ( -5.530620799995803694, -2.372076222644154520, 2.286000000000000476 ) ) ;
#1637 = CARTESIAN_POINT ( 'NONE',  ( -5.037714479379332921, -3.908841068998490709, -2.286000000000000920 ) ) ;
#1638 = DATE_AND_TIME ( #50, #3521 ) ;
#1639 = CARTESIAN_POINT ( 'NONE',  ( -0.7170584013211530605, -5.896140974621092212, -2.285999999999993371 ) ) ;
#1640 = FACE_OUTER_BOUND ( 'NONE', #4235, .T. ) ;
#1641 = CARTESIAN_POINT ( 'NONE',  ( 4.570827893707974710, -3.443806281393318347, 2.286000000000000476 ) ) ;
#1642 = CARTESIAN_POINT ( 'NONE',  ( 2.317559181621130726, 6.691150755271285000, 2.286000000000000476 ) ) ;
#1643 = CARTESIAN_POINT ( 'NONE',  ( -2.819336768032405072, 4.241326470143098604, 2.286000000000000476 ) ) ;
#1644 = CARTESIAN_POINT ( 'NONE',  ( -1.614999999999999769, -1.614999999999999769, 2.286000000000000032 ) ) ;
#1645 = DIRECTION ( 'NONE',  ( 1.000000000000000000, 0.000000000000000000, 0.000000000000000000 ) ) ;
#1646 = CARTESIAN_POINT ( 'NONE',  ( 3.140066744230174400, -4.314820411705333036, -2.286000000000000920 ) ) ;
#1647 = CARTESIAN_POINT ( 'NONE',  ( 6.427404040144042874, -2.370488230432056920, -2.286000000000000920 ) ) ;
#1648 = CARTESIAN_POINT ( 'NONE',  ( 4.241326470143098604, 2.819336768032405072, -2.286000000000002697 ) ) ;
#1649 = CARTESIAN_POINT ( 'NONE',  ( -5.025479307074646407, -0.06909748234411727807, 2.286000000000000476 ) ) ;
#1650 = CARTESIAN_POINT ( 'NONE',  ( -4.809226556586336798, 5.400580374566923858, 2.286000000000000476 ) ) ;
#1651 = CARTESIAN_POINT ( 'NONE',  ( -0.4213890162108050452, -5.147865004549771584, 2.286000000000000476 ) ) ;
#1652 = EDGE_CURVE ( 'NONE', #3340, #4871, #2207, .T. ) ;
#1653 = CARTESIAN_POINT ( 'NONE',  ( -2.409147001929393461, -5.992287157413079157, 2.286000000000000476 ) ) ;
#1654 = CARTESIAN_POINT ( 'NONE',  ( -4.494406809309921869, 3.375777569767196784, 2.286000000000000476 ) ) ;
#1655 = CIRCLE ( 'NONE', #3517, 7.408333222071330049 ) ;
#1656 = CARTESIAN_POINT ( 'NONE',  ( 2.993776443851757563, -4.258722005451611281, 2.286000000000000476 ) ) ;
#1657 = CARTESIAN_POINT ( 'NONE',  ( 4.994660515912102028, 3.841545219201190964, 2.286000000000000476 ) ) ;
#1658 = CARTESIAN_POINT ( 'NONE',  ( -2.181471118769029882, 5.073758694932546831, -2.286000000000000920 ) ) ;
#1659 = CIRCLE ( 'NONE', #680, 7.408333222071330049 ) ;
#1660 = ORIENTED_EDGE ( 'NONE', *, *, #3878, .T. ) ;
#1661 = DIRECTION ( 'NONE',  ( -1.000000000000000000, 0.000000000000000000, 0.000000000000000000 ) ) ;
#1662 = CARTESIAN_POINT ( 'NONE',  ( -0.6630252695113237893, 5.531876145198175720, 2.286000000000000476 ) ) ;
#1663 = CARTESIAN_POINT ( 'NONE',  ( -5.464737068976782020, -2.327079695769372680, 2.286000000000000476 ) ) ;
#1664 = CARTESIAN_POINT ( 'NONE',  ( 5.484739481868279753, 0.6476699409902362259, 2.286000000000000476 ) ) ;
#1665 = CARTESIAN_POINT ( 'NONE',  ( -0.9097610735845638175, -6.394046406055662324, 2.286000000000000476 ) ) ;
#1666 = DIRECTION ( 'NONE',  ( -0.000000000000000000, -0.000000000000000000, 1.000000000000000000 ) ) ;
#1667 = CARTESIAN_POINT ( 'NONE',  ( 6.123650495384040937, 0.7740819819406977720, 2.286000000000000476 ) ) ;
#1668 = CARTESIAN_POINT ( 'NONE',  ( 4.612104495109641711, -3.476310862236191124, -2.285999999999994259 ) ) ;
#1669 = VERTEX_POINT ( 'NONE', #3376 ) ;
#1670 = CARTESIAN_POINT ( 'NONE',  ( 2.370488230432052479, 6.427404040144043762, 2.286000000000000476 ) ) ;
#1671 = CARTESIAN_POINT ( 'NONE',  ( -3.732199908664473931, 4.916195901929390821, 2.286000000000000476 ) ) ;
#1672 = CARTESIAN_POINT ( 'NONE',  ( -5.785647839301008233, 0.7102931347230225789, 2.286000000000000476 ) ) ;
#1673 = ORIENTED_EDGE ( 'NONE', *, *, #1248, .F. ) ;
#1674 = CARTESIAN_POINT ( 'NONE',  ( 3.603620000172905957, -4.819588668520769836, -2.286000000000000920 ) ) ;
#1675 = CARTESIAN_POINT ( 'NONE',  ( 6.306703394980817556, -2.387648127366833961, -2.286000000000000920 ) ) ;
#1676 = CARTESIAN_POINT ( 'NONE',  ( 4.926769214355549487, 2.166053677396904575, 2.286000000000000476 ) ) ;
#1677 = CARTESIAN_POINT ( 'NONE',  ( -5.531876145198175720, -0.6630252695113234562, 2.286000000000000476 ) ) ;
#1678 = CARTESIAN_POINT ( 'NONE',  ( -2.301622352330630950, 4.510804669069874429, -2.285999999999990706 ) ) ;
#1679 = CARTESIAN_POINT ( 'NONE',  ( -4.976155103217883457, 2.168461455044140340, 2.286000000000000476 ) ) ;
#1680 = CARTESIAN_POINT ( 'NONE',  ( -2.170794788144381648, -4.826063829536963112, 2.286000000000000476 ) ) ;
#1681 = CARTESIAN_POINT ( 'NONE',  ( 2.204381686920556582, -5.170712537599050584, 2.286000000000000476 ) ) ;
#1682 = CARTESIAN_POINT ( 'NONE',  ( 4.248665761571357891, 2.755660258758657832, 2.286000000000000476 ) ) ;
#1683 = CARTESIAN_POINT ( 'NONE',  ( -3.303268363099254756, 4.426088753942309495, -2.286000000000000920 ) ) ;
#1684 = CARTESIAN_POINT ( 'NONE',  ( -4.386741487291720532, 2.452899478489769969, -2.286000000000000920 ) ) ;
#1685 = CARTESIAN_POINT ( 'NONE',  ( 2.819336768032403739, -4.241326470143099492, 2.286000000000000476 ) ) ;
#1686 = CARTESIAN_POINT ( 'NONE',  ( -1.160798993145840008, 6.751539294367504773, -2.285999999999994259 ) ) ;
#1687 = CARTESIAN_POINT ( 'NONE',  ( -4.258722005451611281, -2.993776443851758451, 2.286000000000000476 ) ) ;
#1688 = CARTESIAN_POINT ( 'NONE',  ( 5.057282611089284785, -0.2621389074985155943, 2.286000000000000476 ) ) ;
#1689 = CARTESIAN_POINT ( 'NONE',  ( -2.170794788144381648, -4.826063829536963112, -2.285999999999990262 ) ) ;
#1690 = CARTESIAN_POINT ( 'NONE',  ( 0.8295454916588382854, -6.246275499659565966, -2.286000000000000920 ) ) ;
#1691 = ADVANCED_FACE ( 'NONE', ( #1836 ), #4934, .T. ) ;
#1692 = CARTESIAN_POINT ( 'NONE',  ( 4.386741487291720532, -2.452899478489770857, 2.286000000000000476 ) ) ;
#1693 = ORIENTED_EDGE ( 'NONE', *, *, #4541, .T. ) ;
#1694 = CARTESIAN_POINT ( 'NONE',  ( 2.256044226555250276, 5.316625765703149931, 2.286000000000000476 ) ) ;
#1695 = PERSON ( 'UNSPECIFIED', 'UNSPECIFIED', 'UNSPECIFIED', ('UNSPECIFIED'), ('UNSPECIFIED'), ('UNSPECIFIED') ) ;
#1696 = CARTESIAN_POINT ( 'NONE',  ( 0.000000000000000000, 0.000000000000000000, 2.286000000000000476 ) ) ;
#1697 = CARTESIAN_POINT ( 'NONE',  ( 0.8662984254189463051, -6.317209250654444830, 2.286000000000000476 ) ) ;
#1698 = CARTESIAN_POINT ( 'NONE',  ( -6.246275499659565966, -0.8295454916588386185, -2.285999999999992482 ) ) ;
#1699 = LINE ( 'NONE', #1265, #3676 ) ;
#1700 = CARTESIAN_POINT ( 'NONE',  ( 5.530620799995803694, 2.372076222644154964, -2.286000000000002697 ) ) ;
#1701 = CARTESIAN_POINT ( 'NONE',  ( -5.349734136913458116, -0.5875270965913551580, 2.286000000000000476 ) ) ;
#1702 = CARTESIAN_POINT ( 'NONE',  ( -2.208998909360598173, 4.668876377298398772, -2.285999999999990706 ) ) ;
#1703 = CARTESIAN_POINT ( 'NONE',  ( -4.774490053667271638, 2.178781297287127217, 2.286000000000000476 ) ) ;
#1704 = CARTESIAN_POINT ( 'NONE',  ( -2.178781297287128105, -4.774490053667272527, 2.286000000000000476 ) ) ;
#1705 = CIRCLE ( 'NONE', #2269, 7.408333222071330049 ) ;
#1706 = CARTESIAN_POINT ( 'NONE',  ( -1.614999999999999769, -1.614999999999999769, 2.286000000000000032 ) ) ;
#1707 = B_SPLINE_SURFACE_WITH_KNOTS ( 'NONE', 3, 1, ( 
 ( #4146, #4891 ),
 ( #4938, #3783 ),
 ( #1840, #4478 ),
 ( #1764, #613 ),
 ( #1431, #1355 ),
 ( #4503, #1047 ),
 ( #3760, #1455 ),
 ( #3000, #1072 ),
 ( #1863, #4456 ),
 ( #3334, #2900 ),
 ( #997, #2593 ),
 ( #4914, #3404 ),
 ( #1815, #663 ),
 ( #2163, #280 ),
 ( #1023, #689 ),
 ( #3710, #303 ),
 ( #3357, #2543 ),
 ( #974, #2519 ),
 ( #4070, #2139 ),
 ( #227, #3685 ),
 ( #1790, #638 ),
 ( #3309, #2950 ),
 ( #2189, #3737 ),
 ( #255, #2975 ),
 ( #1147, #4219 ),
 ( #3125, #17 ),
 ( #1580, #4963 ),
 ( #3880, #2743 ),
 ( #815, #4295 ),
 ( #1097, #5040 ),
 ( #4679, #2363 ),
 ( #1480, #1990 ),
 ( #2691, #4270 ),
 ( #2641, #1554 ),
 ( #1198, #3476 ),
 ( #1172, #2310 ),
 ( #3429, #3503 ),
 ( #3907, #427 ),
 ( #3854, #4193 ),
 ( #1912, #1120 ),
 ( #3099, #1887 ),
 ( #3025, #711 ),
 ( #4988, #735 ),
 ( #3049, #2283 ),
 ( #4577, #2259 ),
 ( #3806, #326 ),
 ( #787, #1505 ),
 ( #5013, #3454 ),
 ( #4651, #4600 ),
 ( #2718, #1529 ),
 ( #1963, #2664 ),
 ( #3831, #4243 ),
 ( #351, #2335 ),
 ( #3073, #4626 ),
 ( #762, #375 ),
 ( #1936, #403 ),
 ( #1654, #3200 ),
 ( #4371, #42 ),
 ( #3550, #3529 ),
 ( #837, #476 ),
 ( #4728, #2386 ),
 ( #1630, #1604 ),
 ( #1271, #2039 ),
 ( #2013, #3574 ),
 ( #1222, #4320 ),
 ( #3931, #452 ),
 ( #3174, #4755 ),
 ( #2815, #2765 ),
 ( #1243, #2790 ),
 ( #66, #3149 ),
 ( #4346, #866 ),
 ( #2410, #3958 ),
 ( #90, #4702 ),
 ( #3920, #1977 ),
 ( #880, #2805 ),
 ( #3111, #4716 ),
 ( #3163, #2704 ),
 ( #2376, #4309 ),
 ( #3867, #442 ) ),
 .UNSPECIFIED., .F., .F., .F.,
 ( 4, 1, 1, 1, 1, 1, 1, 1, 1, 1, 1, 1, 1, 1, 1, 1, 1, 1, 1, 1, 1, 1, 1, 1, 1, 1, 1, 1, 1, 1, 1, 1, 1, 1, 1, 1, 1, 1, 1, 1, 1, 1, 1, 1, 1, 1, 1, 1, 1, 1, 1, 1, 1, 1, 1, 1, 1, 1, 1, 1, 1, 1, 1, 1, 1, 1, 1, 1, 1, 1, 1, 1, 1, 1, 1, 1, 4 ),
 ( 2, 2 ),
 ( 0.01103315318568801745, 0.05345531963080774052, 0.07807290109913955778, 0.1012837636727262902, 0.1230879073546434777, 0.1434853321486018185, 0.1624760380591380171, 0.1800600250918766854, 0.1962372932539097059, 0.2110078425543557845, 0.2243716730052127684, 0.2363287846227128952, 0.2468791774295818753, 0.2560228514590334736, 0.2765703373738778170, 0.2861597148600216745, 0.2955281054245301187, 0.3046873400362803963, 0.3136510682187723109, 0.3224350908376912850, 0.3310577570337658315, 0.3395404348280691709, 0.3479080632824442798, 0.3561897892115019060, 0.3644196805880378642, 0.3726374874240482304, 0.3808893818503648054, 0.3892285417683729598, 0.3977153332009296660, 0.4064166828338137138, 0.4154040162538316094, 0.4247489170962575056, 0.4345155871249806179, 0.4447495655339210874, 0.4554634245512343416, 0.4666225055634414254, 0.4781364573014081909, 0.4871735315700953528, 0.5000000000000000000, 0.5128264684299046472, 0.5218635426985918091, 0.5333774944365585746, 0.5445365754487656584, 0.5552504344660789126, 0.5654844128750193821, 0.5752510829037424944, 0.5845959837461683906, 0.5935833171661862862, 0.6022846667990703340, 0.6107714582316270402, 0.6191106181496351946, 0.6273625125759517696, 0.6355803194119621358, 0.6438102107884979830, 0.6520919367175557202, 0.6604595651719307181, 0.6689422429662341685, 0.6775649091623086040, 0.6863489317812275781, 0.6953126599637194927, 0.7044718945754697703, 0.7138402851399782145, 0.7234296626261220720, 0.7439771485409665264, 0.7531208225704182357, 0.7636712153772871048, 0.7756283269947872316, 0.7889921574456442155, 0.8037627067460902941, 0.8199399749081233146, 0.8375239619408620939, 0.8565146678513982925, 0.8769120926453567444, 0.8987162363272738208, 0.9219270989008605532, 0.9465446803691922595, 0.9889668468143230085 ),
 ( 0.000000000000000000, 1.000000000000000000 ),
 .UNSPECIFIED. ) ;
#1708 = CARTESIAN_POINT ( 'NONE',  ( 4.668876377298398772, 2.208998909360598173, 2.286000000000000476 ) ) ;
#1709 = CARTESIAN_POINT ( 'NONE',  ( -2.755660258758657832, 4.248665761571357891, -2.286000000000000920 ) ) ;
#1710 = CARTESIAN_POINT ( 'NONE',  ( -0.7992465585685070151, 6.181594833392608734, 2.286000000000000476 ) ) ;
#1711 = AXIS2_PLACEMENT_3D ( 'NONE', #2377, #443, #3189 ) ;
#1712 = CARTESIAN_POINT ( 'NONE',  ( 2.755660258758656056, -4.248665761571358779, -2.285999999999994259 ) ) ;
#1713 = CARTESIAN_POINT ( 'NONE',  ( 0.4633254509012519340, 5.185049666302785631, 2.286000000000000476 ) ) ;
#1714 = CARTESIAN_POINT ( 'NONE',  ( -6.427404040144039321, -2.370488230432059140, 2.286000000000000476 ) ) ;
#1715 = CARTESIAN_POINT ( 'NONE',  ( 5.349734136913458116, 0.5875270965913544918, 2.286000000000000476 ) ) ;
#1716 = CARTESIAN_POINT ( 'NONE',  ( 2.301950562403208167, 5.414792396100660987, 2.286000000000000476 ) ) ;
#1717 = CARTESIAN_POINT ( 'NONE',  ( -2.301622352330626509, -4.510804669069876205, 2.286000000000000920 ) ) ;
#1718 = CARTESIAN_POINT ( 'NONE',  ( 6.953486125426932674, 1.338510251577863741, 2.286000000000000476 ) ) ;
#1719 = DIRECTION ( 'NONE',  ( -0.000000000000000000, -0.000000000000000000, 1.000000000000000000 ) ) ;
#1720 = CARTESIAN_POINT ( 'NONE',  ( 1.244985501274097350, 6.851020669089141535, -2.286000000000000920 ) ) ;
#1721 = VERTEX_POINT ( 'NONE', #2995 ) ;
#1722 = CARTESIAN_POINT ( 'NONE',  ( 2.236549931580960493, 5.267837672253024017, 2.286000000000000476 ) ) ;
#1723 = CARTESIAN_POINT ( 'NONE',  ( 4.459232637575093250, -3.340134799346916594, 2.286000000000000476 ) ) ;
#1724 = ADVANCED_FACE ( 'NONE', ( #1476 ), #1298, .T. ) ;
#1725 = CARTESIAN_POINT ( 'NONE',  ( 0.6476699409902365590, -5.484739481868279753, 2.286000000000000476 ) ) ;
#1726 = CARTESIAN_POINT ( 'NONE',  ( -5.531876145198175720, -0.6630252695113234562, 2.286000000000000476 ) ) ;
#1727 = CARTESIAN_POINT ( 'NONE',  ( 7.072590850445156896, 2.204962537674543199, -2.286000000000002697 ) ) ;
#1728 = CARTESIAN_POINT ( 'NONE',  ( -5.445848997224146615, 5.022562078130884622, 2.286000000000000476 ) ) ;
#1729 = CARTESIAN_POINT ( 'NONE',  ( -2.396986420425921693, 4.422841945095523641, 2.286000000000000476 ) ) ;
#1730 = CARTESIAN_POINT ( 'NONE',  ( -2.396986420425919029, -4.422841945095528082, 2.286000000000000476 ) ) ;
#1731 = CARTESIAN_POINT ( 'NONE',  ( -6.691150755271282335, -2.317559181621139164, -2.286000000000000920 ) ) ;
#1732 = CARTESIAN_POINT ( 'NONE',  ( 5.365664573546730765, 2.277692020846685761, 2.286000000000000476 ) ) ;
#1733 = CARTESIAN_POINT ( 'NONE',  ( -3.225246005036190411, -4.366020258804536702, -2.286000000000000920 ) ) ;
#1734 = CARTESIAN_POINT ( 'NONE',  ( -0.7102931347230243553, 5.785647839301008233, 2.286000000000000476 ) ) ;
#1735 = EDGE_LOOP ( 'NONE', ( #2526, #3716, #1979, #1596 ) ) ;
#1736 = CARTESIAN_POINT ( 'NONE',  ( 2.347567037772631870, -4.462463875555763515, -2.285999999999994259 ) ) ;
#1737 = CARTESIAN_POINT ( 'NONE',  ( 0.7138485327532705371, 5.840323052443586960, -2.285999999999994259 ) ) ;
#1738 = CARTESIAN_POINT ( 'NONE',  ( 2.755660258758652503, 4.248665761571362331, -2.286000000000000920 ) ) ;
#1739 = CARTESIAN_POINT ( 'NONE',  ( 5.629638264086795907, 0.6876082620354380115, 2.286000000000000476 ) ) ;
#1740 = CARTESIAN_POINT ( 'NONE',  ( -2.232778667186849031, -4.615372461749466027, 2.286000000000000920 ) ) ;
#1741 = CARTESIAN_POINT ( 'NONE',  ( 6.751539294367504773, 1.160798993145838676, 2.286000000000000476 ) ) ;
#1742 = CIRCLE ( 'NONE', #516, 7.408333222071330049 ) ;
#1743 = FACE_OUTER_BOUND ( 'NONE', #543, .T. ) ;
#1744 = CARTESIAN_POINT ( 'NONE',  ( 0.6630252695113217909, 5.531876145198175720, -2.286000000000000920 ) ) ;
#1745 = ORIENTED_EDGE ( 'NONE', *, *, #3077, .T. ) ;
#1746 = CARTESIAN_POINT ( 'NONE',  ( 2.263428084871100587, 4.562280498011126895, 2.286000000000000476 ) ) ;
#1747 = CARTESIAN_POINT ( 'NONE',  ( 0.000000000000000000, 0.000000000000000000, -2.286000000000000476 ) ) ;
#1748 = CARTESIAN_POINT ( 'NONE',  ( 1.626741853203377497, -7.227524615896121496, -2.285999999999993371 ) ) ;
#1749 = CARTESIAN_POINT ( 'NONE',  ( -6.246275499659565966, -0.8295454916588386185, 2.286000000000000476 ) ) ;
#1750 = ADVANCED_FACE ( 'NONE', ( #1560, #3411 ), #1153, .F. ) ;
#1751 = CARTESIAN_POINT ( 'NONE',  ( 5.022562078130889063, 5.445848997224152832, -2.286000000000000476 ) ) ;
#1752 = CARTESIAN_POINT ( 'NONE',  ( -6.851020669089141535, 1.244985501274097794, 2.286000000000000476 ) ) ;
#1753 = CARTESIAN_POINT ( 'NONE',  ( -2.819336768032405072, 4.241326470143098604, -2.285999999999990706 ) ) ;
#1754 = CARTESIAN_POINT ( 'NONE',  ( -3.045439027948420030, -4.274124979574707162, 2.286000000000000476 ) ) ;
#1755 = CARTESIAN_POINT ( 'NONE',  ( 2.219332909268642240, -5.219213881833812074, 2.286000000000000476 ) ) ;
#1756 = CARTESIAN_POINT ( 'NONE',  ( 5.219213881833811186, 2.219332909268644904, 2.286000000000000476 ) ) ;
#1757 = CARTESIAN_POINT ( 'NONE',  ( -2.263428084871103696, -4.562280498011126895, -2.286000000000000920 ) ) ;
#1758 = CARTESIAN_POINT ( 'NONE',  ( 1.085587763892386315, 6.655589417870370283, 2.286000000000000476 ) ) ;
#1759 = ORIENTED_EDGE ( 'NONE', *, *, #33, .F. ) ;
#1760 = CARTESIAN_POINT ( 'NONE',  ( 3.569061278851723085, -4.747678667655629070, -2.285999999999994259 ) ) ;
#1761 = CARTESIAN_POINT ( 'NONE',  ( 0.1981792459797991346, 5.038390598587966451, 2.286000000000000476 ) ) ;
#1762 = CARTESIAN_POINT ( 'NONE',  ( 2.452899478489767748, 4.386741487291722308, -2.286000000000000920 ) ) ;
#1763 = CARTESIAN_POINT ( 'NONE',  ( 6.953486125426932674, 1.338510251577863741, 2.286000000000000476 ) ) ;
#1764 = CARTESIAN_POINT ( 'NONE',  ( -6.691150755271285000, 2.317559181621134279, 2.286000000000000476 ) ) ;
#1765 = CARTESIAN_POINT ( 'NONE',  ( -2.277692020846683096, -5.365664573546734317, -2.285999999999990262 ) ) ;
#1766 = CARTESIAN_POINT ( 'NONE',  ( 5.028786691589064439, -0.1355698399325895587, -2.285999999999992482 ) ) ;
#1767 = CARTESIAN_POINT ( 'NONE',  ( -5.022562078130886398, -5.445848997224147503, 2.286000000000000476 ) ) ;
#1768 = DIRECTION ( 'NONE',  ( 1.000000000000000000, 0.000000000000000000, 0.000000000000000000 ) ) ;
#1769 = CARTESIAN_POINT ( 'NONE',  ( 0.5330684818325859275, 5.264891270736411499, -2.286000000000000920 ) ) ;
#1770 = VERTEX_POINT ( 'NONE', #767 ) ;
#1771 = CARTESIAN_POINT ( 'NONE',  ( 3.732199908664467713, 4.916195901929395262, 2.286000000000000476 ) ) ;
#1772 = CARTESIAN_POINT ( 'NONE',  ( 5.904012904798280559, -2.408368181655955897, 2.286000000000000476 ) ) ;
#1773 = CARTESIAN_POINT ( 'NONE',  ( 0.9097610735845652608, -6.394046406055663212, 2.286000000000000476 ) ) ;
#1774 = B_SPLINE_CURVE_WITH_KNOTS ( 'NONE', 3,
 ( #5041, #1605, #3100, #43, #4627, #91, #4296, #1199, #2387, #3855, #816, #1148, #3530, #3150, #376, #404, #4703, #3932, #2719, #2692, #2364, #1937, #453, #867, #1223, #4729, #1555, #2766, #4652, #4321, #4244, #1656, #3908, #2744, #2014, #3477, #428, #1173, #838, #3504, #3551, #67, #3126, #788, #18, #1631, #2337, #3175, #3881, #4680, #2791, #4347, #2411, #3959, #1991, #478, #1681, #1755, #989, #4470, #168, #1371, #4424, #2509, #3249, #2891, #4806, #605, #4858, #1347, #1272, #3275, #1321, #3702, #3201, #2816, #140, #4832, #3226 ),
 .UNSPECIFIED., .F., .F.,
 ( 4, 1, 1, 1, 1, 1, 1, 1, 1, 1, 1, 1, 1, 1, 1, 1, 1, 1, 1, 1, 1, 1, 1, 1, 1, 1, 1, 1, 1, 1, 1, 1, 1, 1, 1, 1, 1, 1, 1, 1, 1, 1, 1, 1, 1, 1, 1, 1, 1, 1, 1, 1, 1, 1, 1, 1, 1, 1, 1, 1, 1, 1, 1, 1, 1, 1, 1, 1, 1, 1, 1, 1, 1, 1, 1, 1, 4 ),
 ( 0.01103315320115370694, 0.05345531963080774052, 0.07807290109913955778, 0.1012837636727262902, 0.1230879073546434777, 0.1434853321486018185, 0.1624760380591380171, 0.1800600250918766854, 0.1962372932539097059, 0.2110078425543557845, 0.2243716730052127684, 0.2363287846227128952, 0.2468791774295818753, 0.2560228514590334736, 0.2765703373738778170, 0.2861597148600216745, 0.2955281054245301187, 0.3046873400362803963, 0.3136510682187723109, 0.3224350908376912850, 0.3310577570337658315, 0.3395404348280691709, 0.3479080632824442798, 0.3561897892115019060, 0.3644196805880378642, 0.3726374874240482304, 0.3808893818503648054, 0.3892285417683729598, 0.3977153332009296660, 0.4064166828338137138, 0.4154040162538316094, 0.4247489170962575056, 0.4345155871249806179, 0.4447495655339210874, 0.4554634245512343416, 0.4666225055634414254, 0.4781364573014081909, 0.4871735315700953528, 0.5000000000000000000, 0.5128264684299046472, 0.5218635426985918091, 0.5333774944365585746, 0.5445365754487656584, 0.5552504344660789126, 0.5654844128750193821, 0.5752510829037424944, 0.5845959837461683906, 0.5935833171661862862, 0.6022846667990703340, 0.6107714582316270402, 0.6191106181496351946, 0.6273625125759517696, 0.6355803194119621358, 0.6438102107884979830, 0.6520919367175557202, 0.6604595651719307181, 0.6689422429662341685, 0.6775649091623086040, 0.6863489317812275781, 0.6953126599637194927, 0.7044718945754697703, 0.7138402851399782145, 0.7234296626261220720, 0.7439771485409665264, 0.7531208225704182357, 0.7636712153772871048, 0.7756283269947872316, 0.7889921574456442155, 0.8037627067460902941, 0.8199399749081233146, 0.8375239619408620939, 0.8565146678513982925, 0.8769120926453567444, 0.8987162363272738208, 0.9219270989008605532, 0.9465446803691922595, 0.9889668467988447231 ),
 .UNSPECIFIED. ) ;
#1775 = CARTESIAN_POINT ( 'NONE',  ( -6.048454584161421010, -0.7474384492293203452, -2.285999999999992482 ) ) ;
#1776 = CARTESIAN_POINT ( 'NONE',  ( -2.404730280458378999, 5.824206007570938759, 2.286000000000000476 ) ) ;
#1777 = CARTESIAN_POINT ( 'NONE',  ( 5.530620799995803694, 2.372076222644154964, 2.286000000000000476 ) ) ;
#1778 = CARTESIAN_POINT ( 'NONE',  ( 4.462463875555762627, 2.347567037772633647, -2.286000000000000920 ) ) ;
#1779 = CARTESIAN_POINT ( 'NONE',  ( -2.191273222451030289, 4.722047456352863826, -2.285999999999990706 ) ) ;
#1780 = VERTEX_POINT ( 'NONE', #4177 ) ;
#1781 = CARTESIAN_POINT ( 'NONE',  ( -5.464737068976782020, -2.327079695769372680, -2.286000000000000920 ) ) ;
#1782 = CARTESIAN_POINT ( 'NONE',  ( 5.530620799995803694, 2.372076222644154964, 2.286000000000000476 ) ) ;
#1783 = CARTESIAN_POINT ( 'NONE',  ( -2.347567037772632315, -4.462463875555765291, -2.286000000000000920 ) ) ;
#1784 = CARTESIAN_POINT ( 'NONE',  ( 0.7138485327532705371, 5.840323052443586960, 2.286000000000000476 ) ) ;
#1785 = ORIENTED_EDGE ( 'NONE', *, *, #2030, .T. ) ;
#1786 = CARTESIAN_POINT ( 'NONE',  ( 3.569061278851723085, -4.747678667655629070, 2.286000000000000476 ) ) ;
#1787 = CARTESIAN_POINT ( 'NONE',  ( 0.4633254509012519340, 5.185049666302785631, -2.285999999999994259 ) ) ;
#1788 = CIRCLE ( 'NONE', #809, 7.408333222071330049 ) ;
#1789 = CARTESIAN_POINT ( 'NONE',  ( 6.048454584161420122, -0.7474384492293194571, 2.286000000000000476 ) ) ;
#1790 = CARTESIAN_POINT ( 'NONE',  ( -5.267837672253023129, 2.236549931580962713, 2.286000000000000476 ) ) ;
#1791 = CARTESIAN_POINT ( 'NONE',  ( 2.208998909360592844, 4.668876377298402325, 2.286000000000000476 ) ) ;
#1792 = CARTESIAN_POINT ( 'NONE',  ( -2.166710717189361368, -4.876787775934691815, 2.286000000000000920 ) ) ;
#1793 = CARTESIAN_POINT ( 'NONE',  ( 5.224220325235548579, 0.5003650740925668083, 2.286000000000000476 ) ) ;
#1794 = CIRCLE ( 'NONE', #401, 7.408333222071330049 ) ;
#1795 = DIRECTION ( 'NONE',  ( 0.000000000000000000, 0.000000000000000000, -1.000000000000000000 ) ) ;
#1796 = CARTESIAN_POINT ( 'NONE',  ( 5.037714479379335586, -3.908841068998488932, -2.285999999999994259 ) ) ;
#1797 = VERTEX_POINT ( 'NONE', #1104 ) ;
#1798 = CARTESIAN_POINT ( 'NONE',  ( 3.303268363099248983, 4.426088753942313936, 2.286000000000000476 ) ) ;
#1799 = CARTESIAN_POINT ( 'NONE',  ( 5.690277883870090925, -2.391450586719568783, 2.286000000000000476 ) ) ;
#1800 = CARTESIAN_POINT ( 'NONE',  ( 0.9097610735845652608, -6.394046406055663212, -2.285999999999993371 ) ) ;
#1801 = CARTESIAN_POINT ( 'NONE',  ( -2.408368181655959894, 5.904012904798279671, 2.286000000000000476 ) ) ;
#1802 = CARTESIAN_POINT ( 'NONE',  ( -4.386741487291720532, 2.452899478489769969, 2.286000000000000476 ) ) ;
#1803 = CARTESIAN_POINT ( 'NONE',  ( 5.611834548134891243, 2.376926607282876525, 2.286000000000000476 ) ) ;
#1804 = CARTESIAN_POINT ( 'NONE',  ( 4.826063829536959560, 2.170794788144384313, -2.286000000000000920 ) ) ;
#1805 = CARTESIAN_POINT ( 'NONE',  ( -2.181471118769029882, 5.073758694932546831, 2.286000000000000476 ) ) ;
#1806 = EDGE_LOOP ( 'NONE', ( #3591, #3365, #3445, #518 ) ) ;
#1807 = CARTESIAN_POINT ( 'NONE',  ( -5.170712537599049696, -2.204381686920557915, -2.286000000000000920 ) ) ;
#1808 = CARTESIAN_POINT ( 'NONE',  ( -4.494406809309919204, -3.375777569767199449, 2.286000000000000476 ) ) ;
#1809 = CARTESIAN_POINT ( 'NONE',  ( -4.809226556556614796, -5.400580374558708208, -2.286000000000000920 ) ) ;
#1810 = CARTESIAN_POINT ( 'NONE',  ( 0.7102931347230222459, 5.785647839301008233, 2.286000000000000476 ) ) ;
#1811 = EDGE_CURVE ( 'NONE', #4718, #4493, #3935, .T. ) ;
#1812 = CARTESIAN_POINT ( 'NONE',  ( 2.191741345851258682, -5.122257907086414264, 2.286000000000000476 ) ) ;
#1813 = CARTESIAN_POINT ( 'NONE',  ( 1.338510251577862187, 6.953486125426932674, -2.285999999999994259 ) ) ;
#1814 = CARTESIAN_POINT ( 'NONE',  ( 5.445848997224144838, 5.022562078130897945, 2.286000000000000476 ) ) ;
#1815 = CARTESIAN_POINT ( 'NONE',  ( -5.753041440904887338, 2.398629593088688949, 2.286000000000000476 ) ) ;
#1816 = CARTESIAN_POINT ( 'NONE',  ( 3.265033223548859720, 4.395000467436837255, 2.286000000000000476 ) ) ;
#1817 = CARTESIAN_POINT ( 'NONE',  ( -4.164293022777179942, -5.174846770538141350, 2.286000000000000920 ) ) ;
#1818 = B_SPLINE_CURVE_WITH_KNOTS ( 'NONE', 3,
 ( #738, #2286, #4629, #4246, #2869, #1300, #2438, #4705, #3553, #3629, #4426, #1323, #2063, #3228, #480, #1225, #1607, #4783, #840, #3152, #944, #4374, #3251, #4808, #1658, #554, #45, #2768, #894, #3987, #3961, #4323, #506, #3604, #2389, #4349, #117, #142, #1274, #4037, #3934, #2844, #93, #1709, #2487, #4401, #869, #2110, #2818, #920, #455, #2016, #3203, #3577, #1683, #2461, #69, #1633, #4758, #3177, #4731, #4015, #1246, #532, #2793, #2413, #2041, #2086, #249, #2587, #275, #3277, #4164, #3754, #1450, #1426, #3704, #2206, #4933 ),
 .UNSPECIFIED., .F., .F.,
 ( 4, 1, 1, 1, 1, 1, 1, 1, 1, 1, 1, 1, 1, 1, 1, 1, 1, 1, 1, 1, 1, 1, 1, 1, 1, 1, 1, 1, 1, 1, 1, 1, 1, 1, 1, 1, 1, 1, 1, 1, 1, 1, 1, 1, 1, 1, 1, 1, 1, 1, 1, 1, 1, 1, 1, 1, 1, 1, 1, 1, 1, 1, 1, 1, 1, 1, 1, 1, 1, 1, 1, 1, 1, 1, 1, 1, 4 ),
 ( 0.01103315320116538684, 0.05345531963080774052, 0.07807290109913944676, 0.1012837636727261792, 0.1230879073546432556, 0.1434853321486017075, 0.1624760380591379061, 0.1800600250918766854, 0.1962372932539097059, 0.2110078425543557845, 0.2243716730052127684, 0.2363287846227128952, 0.2468791774295817643, 0.2560228514590334736, 0.2765703373738779280, 0.2861597148600217855, 0.2955281054245302297, 0.3046873400362805073, 0.3136510682187724219, 0.3224350908376913960, 0.3310577570337658315, 0.3395404348280692819, 0.3479080632824442798, 0.3561897892115020170, 0.3644196805880378642, 0.3726374874240482304, 0.3808893818503648054, 0.3892285417683729598, 0.3977153332009296660, 0.4064166828338137694, 0.4154040162538316094, 0.4247489170962575056, 0.4345155871249806179, 0.4447495655339210874, 0.4554634245512343416, 0.4666225055634414254, 0.4781364573014081909, 0.4871735315700953528, 0.5000000000000000000, 0.5128264684299046472, 0.5218635426985918091, 0.5333774944365585746, 0.5445365754487656584, 0.5552504344660789126, 0.5654844128750193821, 0.5752510829037424944, 0.5845959837461683906, 0.5935833171661862862, 0.6022846667990703340, 0.6107714582316270402, 0.6191106181496351946, 0.6273625125759517696, 0.6355803194119621358, 0.6438102107884980940, 0.6520919367175557202, 0.6604595651719308291, 0.6689422429662341685, 0.6775649091623087150, 0.6863489317812276891, 0.6953126599637196037, 0.7044718945754698813, 0.7138402851399783255, 0.7234296626261221830, 0.7439771485409665264, 0.7531208225704181247, 0.7636712153772871048, 0.7756283269947872316, 0.7889921574456442155, 0.8037627067460902941, 0.8199399749081233146, 0.8375239619408619829, 0.8565146678513981815, 0.8769120926453565223, 0.8987162363272737098, 0.9219270989008604422, 0.9465446803691923705, 0.9889668467988229628 ),
 .UNSPECIFIED. ) ;
#1819 = CARTESIAN_POINT ( 'NONE',  ( 5.082764852903506103, -0.3209540278680266256, -2.285999999999992482 ) ) ;
#1820 = CARTESIAN_POINT ( 'NONE',  ( -4.366020258804536702, 3.225246005036189523, 2.286000000000000476 ) ) ;
#1821 = CARTESIAN_POINT ( 'NONE',  ( 5.445848997241733436, -5.022562078221622706, 2.286000000000000476 ) ) ;
#1822 = ORIENTED_EDGE ( 'NONE', *, *, #4759, .T. ) ;
#1823 = CARTESIAN_POINT ( 'NONE',  ( 2.396986420425915920, 4.422841945095528082, 2.286000000000000476 ) ) ;
#1824 = CARTESIAN_POINT ( 'NONE',  ( 6.193806931796398629, -2.399402252589299955, 2.286000000000000476 ) ) ;
#1825 = CARTESIAN_POINT ( 'NONE',  ( -0.3209540278680262926, -5.082764852903506103, 2.286000000000000476 ) ) ;
#1826 = AXIS2_PLACEMENT_3D ( 'NONE', #1561, #1179, #2725 ) ;
#1827 = CARTESIAN_POINT ( 'NONE',  ( -4.292995347704374076, 3.094096482592028075, -2.286000000000000920 ) ) ;
#1828 = VECTOR ( 'NONE', #3405, 1000.000000000000000 ) ;
#1829 = CARTESIAN_POINT ( 'NONE',  ( -1.244985501274098239, -6.851020669089141535, -2.286000000000000920 ) ) ;
#1830 = CARTESIAN_POINT ( 'NONE',  ( 4.317644004947601921, 2.572579828584877326, -2.286000000000000920 ) ) ;
#1831 = CARTESIAN_POINT ( 'NONE',  ( -2.408368181655959894, 5.904012904798279671, -2.285999999999990706 ) ) ;
#1832 = ORIENTED_EDGE ( 'NONE', *, *, #911, .T. ) ;
#1833 = CARTESIAN_POINT ( 'NONE',  ( -5.025101949511928012, -2.173665442670351666, -2.286000000000000920 ) ) ;
#1834 = FACE_OUTER_BOUND ( 'NONE', #3153, .T. ) ;
#1835 = CARTESIAN_POINT ( 'NONE',  ( -4.503699405991244298, -5.310665190646411737, -2.286000000000000920 ) ) ;
#1836 = FACE_OUTER_BOUND ( 'NONE', #1030, .T. ) ;
#1837 = CARTESIAN_POINT ( 'NONE',  ( 2.327079695769370904, -5.464737068976782020, 2.286000000000000476 ) ) ;
#1838 = CARTESIAN_POINT ( 'NONE',  ( 0.5619673642293580018, -5.306777461419535769, 2.286000000000000476 ) ) ;
#1839 = CARTESIAN_POINT ( 'NONE',  ( -7.172119510935904607, 1.562936208161144647, -2.286000000000001364 ) ) ;
#1840 = CARTESIAN_POINT ( 'NONE',  ( -6.865202557841988629, 2.272426521261467602, 2.286000000000000476 ) ) ;
#1841 = LINE ( 'NONE', #1244, #1171 ) ;
#1842 = CARTESIAN_POINT ( 'NONE',  ( -3.841545219201187411, -4.994660515912103804, -2.285999999999990262 ) ) ;
#1843 = CARTESIAN_POINT ( 'NONE',  ( 5.680356212974283281, 0.6970097785450477534, 2.286000000000000476 ) ) ;
#1844 = CARTESIAN_POINT ( 'NONE',  ( 5.082764852903506103, -0.3209540278680266256, -2.286000000000000920 ) ) ;
#1845 = CARTESIAN_POINT ( 'NONE',  ( 0.4633254509012519340, 5.185049666302785631, -2.286000000000000920 ) ) ;
#1846 = CARTESIAN_POINT ( 'NONE',  ( 3.569061278851717756, 4.747678667655630846, -2.285999999999991594 ) ) ;
#1847 = CARTESIAN_POINT ( 'NONE',  ( -0.6763057282891281607, -5.580159256687754699, 2.286000000000000476 ) ) ;
#1848 = CARTESIAN_POINT ( 'NONE',  ( -6.088939422080937192, -2.406359558239487662, 2.286000000000000476 ) ) ;
#1849 = EDGE_CURVE ( 'NONE', #3945, #4469, #1398, .T. ) ;
#1850 = CARTESIAN_POINT ( 'NONE',  ( -2.219332909268644904, 5.219213881833811186, 2.286000000000000476 ) ) ;
#1851 = CARTESIAN_POINT ( 'NONE',  ( -5.306777461419535769, -0.5619673642293583349, -2.285999999999992482 ) ) ;
#1852 = CARTESIAN_POINT ( 'NONE',  ( 0.000000000000000000, 0.000000000000000000, 2.286000000000000476 ) ) ;
#1853 = CARTESIAN_POINT ( 'NONE',  ( 2.372076222644153187, -5.530620799995804582, -2.286000000000000920 ) ) ;
#1854 = CARTESIAN_POINT ( 'NONE',  ( -2.219332909268644904, 5.219213881833811186, -2.285999999999990706 ) ) ;
#1855 = CARTESIAN_POINT ( 'NONE',  ( 2.272426521269210742, 6.865202557812118300, -2.286000000000000920 ) ) ;
#1856 = CARTESIAN_POINT ( 'NONE',  ( 4.864396098905571009, 3.671527976878548927, 2.286000000000000476 ) ) ;
#1857 = CARTESIAN_POINT ( 'NONE',  ( -5.037714479379332921, -3.908841068998490709, -2.285999999999997812 ) ) ;
#1858 = CARTESIAN_POINT ( 'NONE',  ( -2.204381686920554362, -5.170712537599050584, -2.286000000000000920 ) ) ;
#1859 = CYLINDRICAL_SURFACE ( 'NONE', #1575, 7.408333222071330049 ) ;
#1860 = CARTESIAN_POINT ( 'NONE',  ( 2.408368181655957674, -5.904012904798280559, 2.286000000000000476 ) ) ;
#1861 = CARTESIAN_POINT ( 'NONE',  ( 0.9605012029655741745, 6.476356000746373631, 2.286000000000000476 ) ) ;
#1862 = CARTESIAN_POINT ( 'NONE',  ( 5.531876145198175720, -0.6630252695113227901, 2.286000000000000476 ) ) ;
#1863 = CARTESIAN_POINT ( 'NONE',  ( -6.088939422080938968, 2.406359558239483665, 2.286000000000000476 ) ) ;
#1864 = CARTESIAN_POINT ( 'NONE',  ( 3.375777569767195008, 4.494406809309923645, 2.286000000000000476 ) ) ;
#1865 = CARTESIAN_POINT ( 'NONE',  ( -3.476310862236191124, -4.612104495109642599, 2.286000000000000920 ) ) ;
#1866 = CARTESIAN_POINT ( 'NONE',  ( 5.484739481868279753, 0.6476699409902362259, -2.285999999999992482 ) ) ;
#1867 = CARTESIAN_POINT ( 'NONE',  ( 5.028024231767894925, -2.086302706325008352E-16, -2.286000000000000920 ) ) ;
#1868 = CARTESIAN_POINT ( 'NONE',  ( -0.2621389074985172596, 5.057282611089283009, -2.286000000000000920 ) ) ;
#1869 = CARTESIAN_POINT ( 'NONE',  ( 3.984899404126263978, 5.082526083828515340, -2.285999999999991594 ) ) ;
#1870 = CARTESIAN_POINT ( 'NONE',  ( 4.994660515912102028, -3.841545219201187411, 2.286000000000000476 ) ) ;
#1871 = CARTESIAN_POINT ( 'NONE',  ( -0.6301014820750940881, -5.438698666219212718, -2.285999999999993371 ) ) ;
#1872 = CARTESIAN_POINT ( 'NONE',  ( -5.824206007570938759, -2.404730280458378555, 2.286000000000000476 ) ) ;
#1873 = CIRCLE ( 'NONE', #2998, 3.960097721574094010 ) ;
#1874 = CARTESIAN_POINT ( 'NONE',  ( -2.236549931580966266, 5.267837672253019576, 2.286000000000000476 ) ) ;
#1875 = EDGE_CURVE ( 'NONE', #980, #4871, #842, .T. ) ;
#1876 = CARTESIAN_POINT ( 'NONE',  ( -5.531876145198175720, 0.6630252695113221240, -2.285999999999992482 ) ) ;
#1877 = CARTESIAN_POINT ( 'NONE',  ( -0.7045212705935072206, -5.732355088791447173, -2.286000000000000920 ) ) ;
#1878 = CARTESIAN_POINT ( 'NONE',  ( 4.655371438823707742, 3.507955818454327801, -2.286000000000000920 ) ) ;
#1879 = ORIENTED_EDGE ( 'NONE', *, *, #813, .F. ) ;
#1880 = CARTESIAN_POINT ( 'NONE',  ( 3.410305354818150114, 4.531605619798376949, -2.286000000000000920 ) ) ;
#1881 = CARTESIAN_POINT ( 'NONE',  ( 4.531605619798373397, 3.410305354818156776, -2.286000000000002697 ) ) ;
#1882 = CARTESIAN_POINT ( 'NONE',  ( -5.445848997241718337, -5.022562078221564974, 2.286000000000000476 ) ) ;
#1883 = CARTESIAN_POINT ( 'NONE',  ( -6.751539294367504773, -1.160798993145839564, 2.286000000000000476 ) ) ;
#1884 = CARTESIAN_POINT ( 'NONE',  ( 2.398629593088691614, -5.753041440904884674, 2.286000000000000476 ) ) ;
#1885 = CARTESIAN_POINT ( 'NONE',  ( 0.4213890162108052118, -5.147865004549772472, 2.286000000000000476 ) ) ;
#1886 = CARTESIAN_POINT ( 'NONE',  ( 5.896140974621092212, -0.7170584013211533936, 2.286000000000000476 ) ) ;
#1887 = CARTESIAN_POINT ( 'NONE',  ( -4.317644004947605474, 2.572579828584874662, -2.285999999999988930 ) ) ;
#1888 = CARTESIAN_POINT ( 'NONE',  ( 4.069996442506884193, 5.128438219115365904, 2.286000000000000476 ) ) ;
#1889 = CARTESIAN_POINT ( 'NONE',  ( -3.410305354818153667, -4.531605619798376949, -2.285999999999990262 ) ) ;
#1890 = CARTESIAN_POINT ( 'NONE',  ( 5.393707460080332083, -0.6101348444133467552, -2.285999999999992482 ) ) ;
#1891 = CARTESIAN_POINT ( 'NONE',  ( 5.306777461419536657, -0.5619673642293576687, -2.286000000000000920 ) ) ;
#1892 = DIRECTION ( 'NONE',  ( -0.000000000000000000, -0.000000000000000000, 1.000000000000000000 ) ) ;
#1893 = CARTESIAN_POINT ( 'NONE',  ( -5.174846770538137797, -4.164293022777182607, 2.286000000000000476 ) ) ;
#1894 = MECHANICAL_CONTEXT ( 'NONE', #4953, 'mechanical' ) ;
#1895 = CARTESIAN_POINT ( 'NONE',  ( -0.5003650740925663642, -5.224220325235549467, -2.285999999999993371 ) ) ;
#1896 = CARTESIAN_POINT ( 'NONE',  ( -4.926769214355549487, -2.166053677396904575, -2.285999999999997812 ) ) ;
#1897 = CARTESIAN_POINT ( 'NONE',  ( -4.287272105162937663, 2.631800271163143190, -2.286000000000000920 ) ) ;
#1898 = CARTESIAN_POINT ( 'NONE',  ( 6.427404040144042874, -2.370488230432056920, -2.285999999999994259 ) ) ;
#1899 = CARTESIAN_POINT ( 'NONE',  ( -5.438698666219212718, 0.6301014820750937551, 2.286000000000000476 ) ) ;
#1900 = CARTESIAN_POINT ( 'NONE',  ( -1.464622183253435850, -7.081653077825826870, -2.286000000000000920 ) ) ;
#1901 = CARTESIAN_POINT ( 'NONE',  ( 2.408368181655957674, -5.904012904798280559, -2.286000000000000920 ) ) ;
#1902 = AXIS2_PLACEMENT_3D ( 'NONE', #2788, #2011, #15 ) ;
#1903 = ORIENTED_EDGE ( 'NONE', *, *, #2088, .F. ) ;
#1904 = CARTESIAN_POINT ( 'NONE',  ( 2.168461455044137676, 4.976155103217884346, -2.286000000000000920 ) ) ;
#1905 = APPROVAL_PERSON_ORGANIZATION ( #4765, #4386, #2799 ) ;
#1906 = CARTESIAN_POINT ( 'NONE',  ( 4.426088753942309495, 3.303268363099254756, 2.286000000000000476 ) ) ;
#1907 = CARTESIAN_POINT ( 'NONE',  ( -5.445848997241718337, -5.022562078221564974, -2.285999999999997812 ) ) ;
#1908 = CARTESIAN_POINT ( 'NONE',  ( -1.626741853133641058, -7.227524615835567268, 2.286000000000000476 ) ) ;
#1909 = CARTESIAN_POINT ( 'NONE',  ( 2.272426521261465382, -6.865202557842011721, 2.286000000000000476 ) ) ;
#1910 = CARTESIAN_POINT ( 'NONE',  ( 1.338510251577862187, 6.953486125426932674, 2.286000000000000476 ) ) ;
#1911 = CARTESIAN_POINT ( 'NONE',  ( -5.975696222817057368, -0.7110321314750350785, -2.286000000000000920 ) ) ;
#1912 = CARTESIAN_POINT ( 'NONE',  ( -4.354396715554733177, 2.514012115883946130, 2.286000000000000476 ) ) ;
#1913 = DIRECTION ( 'NONE',  ( -0.000000000000000000, -0.000000000000000000, 1.000000000000000000 ) ) ;
#1914 = CARTESIAN_POINT ( 'NONE',  ( -3.507955818454324692, -4.655371438823711294, -2.285999999999990262 ) ) ;
#1915 = CARTESIAN_POINT ( 'NONE',  ( 5.680356212974282393, -0.6970097785450480865, 2.286000000000000476 ) ) ;
#1916 = CARTESIAN_POINT ( 'NONE',  ( 5.840323052443586960, -0.7138485327532716473, -2.286000000000000920 ) ) ;
#1917 = CARTESIAN_POINT ( 'NONE',  ( -1.160798993145840008, 6.751539294367504773, -2.286000000000000920 ) ) ;
#1918 = CARTESIAN_POINT ( 'NONE',  ( -4.494406809309919204, -3.375777569767199449, 2.286000000000000476 ) ) ;
#1919 = PERSON_AND_ORGANIZATION ( #1695, #3439 ) ;
#1920 = CARTESIAN_POINT ( 'NONE',  ( 0.5003650740925671414, -5.224220325235548579, -2.285999999999993371 ) ) ;
#1921 = CARTESIAN_POINT ( 'NONE',  ( -5.753041440904884674, -2.398629593088692946, -2.285999999999997812 ) ) ;
#1922 = CARTESIAN_POINT ( 'NONE',  ( -5.530620799995804582, 2.372076222644150523, -2.286000000000000920 ) ) ;
#1923 = CARTESIAN_POINT ( 'NONE',  ( 5.753041440904886450, -2.398629593088690282, 2.286000000000000476 ) ) ;
#1924 = CARTESIAN_POINT ( 'NONE',  ( -5.306777461419536657, 0.5619673642293570026, 2.286000000000000476 ) ) ;
#1925 = ORIENTED_EDGE ( 'NONE', *, *, #2004, .T. ) ;
#1926 = CARTESIAN_POINT ( 'NONE',  ( -1.626741853133640836, -7.227524615835570820, -2.286000000000000476 ) ) ;
#1927 = CARTESIAN_POINT ( 'NONE',  ( 4.916195901929390821, 3.732199908664473931, -2.286000000000000920 ) ) ;
#1928 = CARTESIAN_POINT ( 'NONE',  ( 4.241329277686506138, -2.880640466208733486, -2.286000000000000920 ) ) ;
#1929 = CARTESIAN_POINT ( 'NONE',  ( 4.366020258804534038, 3.225246005036193075, 2.286000000000000476 ) ) ;
#1930 = CARTESIAN_POINT ( 'NONE',  ( -4.264284629575964658, -2.690823560815336801, -2.285999999999997812 ) ) ;
#1931 = CARTESIAN_POINT ( 'NONE',  ( 3.960097721574094010, 4.849720999036440782E-16, -2.286000000000000920 ) ) ;
#1932 = CARTESIAN_POINT ( 'NONE',  ( -4.267941290503538099, 5.221115631088427911, 2.286000000000000476 ) ) ;
#1933 = CARTESIAN_POINT ( 'NONE',  ( -0.6763057282891281607, -5.580159256687754699, 2.286000000000000476 ) ) ;
#1934 = EDGE_CURVE ( 'NONE', #2159, #342, #753, .T. ) ;
#1935 = CARTESIAN_POINT ( 'NONE',  ( -5.185049666302784743, -0.4633254509012536548, -2.286000000000000920 ) ) ;
#1936 = CARTESIAN_POINT ( 'NONE',  ( -4.459232637575094138, 3.340134799346915706, 2.286000000000000476 ) ) ;
#1937 = CARTESIAN_POINT ( 'NONE',  ( 3.410305354818154555, -4.531605619798374285, 2.286000000000000476 ) ) ;
#1938 = DIRECTION ( 'NONE',  ( -0.000000000000000000, -0.000000000000000000, -1.000000000000000000 ) ) ;
#1939 = CARTESIAN_POINT ( 'NONE',  ( 6.394046406055662324, -0.9097610735845642616, -2.285999999999992482 ) ) ;
#1940 = B_SPLINE_CURVE_WITH_KNOTS ( 'NONE', 3,
 ( #2778, #31, #2424, #493, #1617, #389, #4334, #4691, #3896, #1594, #2400, #4666, #466, #1671, #4282, #4361, #2026, #2051, #3563, #55, #2322, #3188, #3973, #4257, #3491, #1567, #3589, #2002, #79, #105, #1949, #2754, #1211, #3216, #1643, #774, #4743, #827, #5, #1186, #2729, #801, #3138, #1261, #2350, #3540, #3516, #2962, #1058, #721, #3696, #3747, #4514, #313, #4180, #3344, #2221, #1850, #1874, #3415, #3369, #3391, #3318, #2604, #4973, #4875, #3012, #1776, #1801, #1007, #3769, #213, #1418, #4156, #4948, #2935, #1034, #4563, #1392 ),
 .UNSPECIFIED., .F., .F.,
 ( 4, 1, 1, 1, 1, 1, 1, 1, 1, 1, 1, 1, 1, 1, 1, 1, 1, 1, 1, 1, 1, 1, 1, 1, 1, 1, 1, 1, 1, 1, 1, 1, 1, 1, 1, 1, 1, 1, 1, 1, 1, 1, 1, 1, 1, 1, 1, 1, 1, 1, 1, 1, 1, 1, 1, 1, 1, 1, 1, 1, 1, 1, 1, 1, 1, 1, 1, 1, 1, 1, 1, 1, 1, 1, 1, 1, 4 ),
 ( 0.01103315320115381970, 0.05345531963080774052, 0.07807290109913955778, 0.1012837636727262902, 0.1230879073546434777, 0.1434853321486018185, 0.1624760380591380171, 0.1800600250918766854, 0.1962372932539097059, 0.2110078425543557845, 0.2243716730052127684, 0.2363287846227128952, 0.2468791774295818753, 0.2560228514590334736, 0.2765703373738778170, 0.2861597148600216745, 0.2955281054245301187, 0.3046873400362803963, 0.3136510682187723109, 0.3224350908376912850, 0.3310577570337658315, 0.3395404348280691709, 0.3479080632824442798, 0.3561897892115019060, 0.3644196805880378642, 0.3726374874240482304, 0.3808893818503648054, 0.3892285417683729598, 0.3977153332009296660, 0.4064166828338137138, 0.4154040162538316094, 0.4247489170962575056, 0.4345155871249806179, 0.4447495655339210874, 0.4554634245512343416, 0.4666225055634414254, 0.4781364573014081909, 0.4871735315700953528, 0.5000000000000000000, 0.5128264684299046472, 0.5218635426985918091, 0.5333774944365585746, 0.5445365754487656584, 0.5552504344660789126, 0.5654844128750193821, 0.5752510829037424944, 0.5845959837461683906, 0.5935833171661862862, 0.6022846667990703340, 0.6107714582316270402, 0.6191106181496351946, 0.6273625125759517696, 0.6355803194119621358, 0.6438102107884979830, 0.6520919367175557202, 0.6604595651719307181, 0.6689422429662341685, 0.6775649091623086040, 0.6863489317812275781, 0.6953126599637194927, 0.7044718945754697703, 0.7138402851399782145, 0.7234296626261220720, 0.7439771485409665264, 0.7531208225704182357, 0.7636712153772871048, 0.7756283269947872316, 0.7889921574456442155, 0.8037627067460902941, 0.8199399749081233146, 0.8375239619408620939, 0.8565146678513982925, 0.8769120926453567444, 0.8987162363272738208, 0.9219270989008605532, 0.9465446803691922595, 0.9889668467988446121 ),
 .UNSPECIFIED. ) ;
#1941 = CARTESIAN_POINT ( 'NONE',  ( 6.317209250654444830, 0.8662984254189458611, -2.286000000000000920 ) ) ;
#1942 = CARTESIAN_POINT ( 'NONE',  ( -0.7102931347230243553, 5.785647839301008233, -2.286000000000000920 ) ) ;
#1943 = CARTESIAN_POINT ( 'NONE',  ( -5.082526083828510899, -3.984899404126270639, 2.286000000000000476 ) ) ;
#1944 = CARTESIAN_POINT ( 'NONE',  ( -4.247487361087594948, -2.938866095189177852, -2.286000000000000920 ) ) ;
#1945 = CARTESIAN_POINT ( 'NONE',  ( 2.406359558239480556, 6.088939422080939856, 2.286000000000000476 ) ) ;
#1946 = CARTESIAN_POINT ( 'NONE',  ( -4.615372461749464250, -2.232778667186852584, -2.285999999999997812 ) ) ;
#1947 = CARTESIAN_POINT ( 'NONE',  ( -2.204962537704674208, -7.072590850357793890, 2.286000000000000476 ) ) ;
#1948 = CARTESIAN_POINT ( 'NONE',  ( 7.072590850445100052, -2.204962537674560075, -2.285999999999993815 ) ) ;
#1949 = CARTESIAN_POINT ( 'NONE',  ( -3.045439027948421806, 4.274124979574701833, 2.286000000000000476 ) ) ;
#1950 = CARTESIAN_POINT ( 'NONE',  ( -5.224220325235548579, -0.5003650740925674745, 2.286000000000000476 ) ) ;
#1951 = VECTOR ( 'NONE', #3821, 1000.000000000000000 ) ;
#1952 = VERTEX_POINT ( 'NONE', #1164 ) ;
#1953 = CARTESIAN_POINT ( 'NONE',  ( 5.975696222817057368, 0.7110321314750343014, -2.285999999999992482 ) ) ;
#1954 = CARTESIAN_POINT ( 'NONE',  ( 2.347321263097899013, -6.555650691920508422, -2.286000000000000920 ) ) ;
#1955 = CIRCLE ( 'NONE', #1711, 7.408333222071330049 ) ;
#1956 = CARTESIAN_POINT ( 'NONE',  ( 5.352640503693420371, -4.635926943805795730, -2.286000000000000920 ) ) ;
#1957 = CARTESIAN_POINT ( 'NONE',  ( 5.221115631088427911, 4.267941290503538099, 2.286000000000000476 ) ) ;
#1958 = CARTESIAN_POINT ( 'NONE',  ( -4.292995347704373188, -3.094096482592031627, -2.285999999999997812 ) ) ;
#1959 = CARTESIAN_POINT ( 'NONE',  ( -6.655589417870369395, -1.085587763892387869, 2.286000000000000476 ) ) ;
#1960 = CARTESIAN_POINT ( 'NONE',  ( -4.267941290503538099, 5.221115631088427911, -2.285999999999990706 ) ) ;
#1961 = FACE_OUTER_BOUND ( 'NONE', #107, .T. ) ;
#1962 = CARTESIAN_POINT ( 'NONE',  ( -5.393707460080332083, -0.6101348444133474214, -2.286000000000000920 ) ) ;
#1963 = CARTESIAN_POINT ( 'NONE',  ( -4.314820411705334813, 3.140066744230173068, 2.286000000000000476 ) ) ;
#1964 = CARTESIAN_POINT ( 'NONE',  ( 4.494406809309918316, 3.375777569767200337, 2.286000000000000476 ) ) ;
#1965 = CARTESIAN_POINT ( 'NONE',  ( 5.531876145198175720, -0.6630252695113227901, 2.286000000000000476 ) ) ;
#1966 = EDGE_CURVE ( 'NONE', #3542, #3681, #2480, .T. ) ;
#1967 = CARTESIAN_POINT ( 'NONE',  ( 0.000000000000000000, 0.000000000000000000, -2.286000000000000476 ) ) ;
#1968 = CARTESIAN_POINT ( 'NONE',  ( -0.8295454916588390626, 6.246275499659565966, 2.286000000000000476 ) ) ;
#1969 = CARTESIAN_POINT ( 'NONE',  ( -4.819588668520768948, -3.603620000172907289, 2.286000000000000476 ) ) ;
#1970 = APPROVAL_DATE_TIME ( #1180, #4386 ) ;
#1971 = CARTESIAN_POINT ( 'NONE',  ( -1.085587763892387203, -6.655589417870370283, 2.286000000000000476 ) ) ;
#1972 = CYLINDRICAL_SURFACE ( 'NONE', #2914, 3.960097721574094010 ) ;
#1973 = CARTESIAN_POINT ( 'NONE',  ( -5.690277883870090925, 2.391450586719567450, -2.286000000000000920 ) ) ;
#1974 = CARTESIAN_POINT ( 'NONE',  ( 4.422841945095527194, -2.396986420425919029, 2.286000000000000476 ) ) ;
#1975 = ORIENTED_EDGE ( 'NONE', *, *, #5011, .T. ) ;
#1976 = CARTESIAN_POINT ( 'NONE',  ( 5.464737068976782020, -2.327079695769369572, -2.285999999999994259 ) ) ;
#1977 = CARTESIAN_POINT ( 'NONE',  ( -5.266605046998203754, 4.381051063935444745, -2.285999999999988930 ) ) ;
#1978 = CARTESIAN_POINT ( 'NONE',  ( -6.563695275366480786, 1.018960161258257280, 2.286000000000000476 ) ) ;
#1979 = ORIENTED_EDGE ( 'NONE', *, *, #3728, .T. ) ;
#1980 = CARTESIAN_POINT ( 'NONE',  ( 6.476356000746373631, 0.9605012029655750627, 2.286000000000000476 ) ) ;
#1981 = CARTESIAN_POINT ( 'NONE',  ( 3.671527976878547150, -4.864396098905572785, -2.286000000000000920 ) ) ;
#1982 = CARTESIAN_POINT ( 'NONE',  ( 4.976155103217882569, -2.168461455044141228, -2.286000000000000920 ) ) ;
#1983 = CARTESIAN_POINT ( 'NONE',  ( 4.976155103217880793, 2.168461455044144781, -2.286000000000002697 ) ) ;
#1984 = VECTOR ( 'NONE', #4638, 1000.000000000000000 ) ;
#1985 = CARTESIAN_POINT ( 'NONE',  ( -5.185049666302785631, 0.4633254509012522671, 2.286000000000000476 ) ) ;
#1986 = CARTESIAN_POINT ( 'NONE',  ( -3.507955818454327801, 4.655371438823707742, -2.285999999999990706 ) ) ;
#1987 = CARTESIAN_POINT ( 'NONE',  ( -0.9605012029655749517, -6.476356000746373631, 2.286000000000000476 ) ) ;
#1988 = AXIS2_PLACEMENT_3D ( 'NONE', #2212, #4915, #664 ) ;
#1989 = CARTESIAN_POINT ( 'NONE',  ( -5.785647839301008233, -0.7102931347230240222, -2.286000000000000920 ) ) ;
#1990 = CARTESIAN_POINT ( 'NONE',  ( -4.722047456352865602, 2.191273222451025848, -2.285999999999988930 ) ) ;
#1991 = CARTESIAN_POINT ( 'NONE',  ( 2.181471118769027218, -5.073758694932547719, 2.286000000000000476 ) ) ;
#1992 = DIRECTION ( 'NONE',  ( 1.000000000000000000, 0.000000000000000000, 0.000000000000000000 ) ) ;
#1993 = CARTESIAN_POINT ( 'NONE',  ( 6.851020669089141535, -1.244985501274098683, -2.285999999999992482 ) ) ;
#1994 = DIRECTION ( 'NONE',  ( -1.000000000000000000, 0.000000000000000000, 0.000000000000000000 ) ) ;
#1995 = CARTESIAN_POINT ( 'NONE',  ( -0.7045212705935085529, 5.732355088791446285, 2.286000000000000476 ) ) ;
#1996 = CARTESIAN_POINT ( 'NONE',  ( -4.248665761571357891, -2.755660258758657388, 2.286000000000000476 ) ) ;
#1997 = COORDINATED_UNIVERSAL_TIME_OFFSET ( 6, 0, .BEHIND. ) ;
#1998 = CARTESIAN_POINT ( 'NONE',  ( -0.7740819819406975499, -6.123650495384040937, -2.285999999999993371 ) ) ;
#1999 = DIRECTION ( 'NONE',  ( -0.000000000000000000, 0.000000000000000000, -1.000000000000000000 ) ) ;
#2000 = CARTESIAN_POINT ( 'NONE',  ( 4.562280498011126006, -2.263428084871103696, 2.286000000000000476 ) ) ;
#2001 = CARTESIAN_POINT ( 'NONE',  ( 2.398629593088686285, 5.753041440904888226, 2.286000000000000476 ) ) ;
#2002 = CARTESIAN_POINT ( 'NONE',  ( -3.183680459516557981, 4.339242117764193551, 2.286000000000000476 ) ) ;
#2003 = CARTESIAN_POINT ( 'NONE',  ( -1.614999999999999769, 1.615000000000000213, -2.286000000000000032 ) ) ;
#2004 = EDGE_CURVE ( 'NONE', #4391, #3733, #3034, .T. ) ;
#2005 = VERTEX_POINT ( 'NONE', #134 ) ;
#2006 = CARTESIAN_POINT ( 'NONE',  ( 3.476310862236191568, -4.612104495109639934, -2.286000000000000920 ) ) ;
#2007 = CARTESIAN_POINT ( 'NONE',  ( 5.400580374558707319, -4.809226556556615684, -2.286000000000000920 ) ) ;
#2008 = CARTESIAN_POINT ( 'NONE',  ( 4.668876377298398772, 2.208998909360598173, -2.286000000000002697 ) ) ;
#2009 = CARTESIAN_POINT ( 'NONE',  ( -5.732355088791446285, -0.7045212705935081088, 2.286000000000000476 ) ) ;
#2010 = CARTESIAN_POINT ( 'NONE',  ( 2.204962537674539202, -7.072590850445158672, 2.286000000000000476 ) ) ;
#2011 = DIRECTION ( 'NONE',  ( 0.000000000000000000, 0.000000000000000000, -1.000000000000000000 ) ) ;
#2012 = CARTESIAN_POINT ( 'NONE',  ( -5.306777461419535769, -0.5619673642293583349, -2.286000000000000920 ) ) ;
#2013 = CARTESIAN_POINT ( 'NONE',  ( -4.819588668520771613, 3.603620000172904181, 2.286000000000000476 ) ) ;
#2014 = CARTESIAN_POINT ( 'NONE',  ( 2.819336768032403739, -4.241326470143099492, 2.286000000000000476 ) ) ;
#2015 = DIRECTION ( 'NONE',  ( 1.000000000000000000, 0.000000000000000000, 0.000000000000000000 ) ) ;
#2016 = CARTESIAN_POINT ( 'NONE',  ( -3.183680459516557981, 4.339242117764193551, -2.286000000000000920 ) ) ;
#2017 = CARTESIAN_POINT ( 'NONE',  ( 7.081653077825807330, 1.464622183253418308, -2.286000000000000920 ) ) ;
#2018 = CARTESIAN_POINT ( 'NONE',  ( -0.7102931347230243553, 5.785647839301008233, 2.286000000000000476 ) ) ;
#2019 = CARTESIAN_POINT ( 'NONE',  ( -4.615372461749464250, -2.232778667186852584, 2.286000000000000476 ) ) ;
#2020 = CARTESIAN_POINT ( 'NONE',  ( -4.264284629575964658, -2.690823560815336801, -2.286000000000000920 ) ) ;
#2021 = PERSON_AND_ORGANIZATION_ROLE ( 'creator' ) ;
#2022 = CARTESIAN_POINT ( 'NONE',  ( -0.7110321314750341903, -5.975696222817058256, 2.286000000000000476 ) ) ;
#2023 = DIRECTION ( 'NONE',  ( -1.000000000000000000, 0.000000000000000000, 0.000000000000000000 ) ) ;
#2024 = CARTESIAN_POINT ( 'NONE',  ( 4.258722005451613057, -2.993776443851756675, 2.286000000000000476 ) ) ;
#2025 = CARTESIAN_POINT ( 'NONE',  ( 2.181471118769022777, 5.073758694932549496, -2.285999999999991594 ) ) ;
#2026 = CARTESIAN_POINT ( 'NONE',  ( -3.569061278851724861, 4.747678667655626406, 2.286000000000000476 ) ) ;
#2027 = CARTESIAN_POINT ( 'NONE',  ( -5.840323052443586960, 0.7138485327532708702, -2.285999999999992482 ) ) ;
#2028 = ORIENTED_EDGE ( 'NONE', *, *, #2367, .T. ) ;
#2029 = CARTESIAN_POINT ( 'NONE',  ( 2.396986420425919917, -4.422841945095524530, -2.286000000000000920 ) ) ;
#2030 = EDGE_CURVE ( 'NONE', #3140, #3691, #1699, .T. ) ;
#2031 = AXIS2_PLACEMENT_3D ( 'NONE', #19, #4730, #1200 ) ;
#2032 = CARTESIAN_POINT ( 'NONE',  ( 4.241326470143098604, -2.819336768032401963, -2.286000000000000920 ) ) ;
#2033 = CARTESIAN_POINT ( 'NONE',  ( 4.462463875555762627, 2.347567037772633647, 2.286000000000000476 ) ) ;
#2034 = CIRCLE ( 'NONE', #481, 7.408333222071330049 ) ;
#2035 = CARTESIAN_POINT ( 'NONE',  ( -6.123650495384040937, -0.7740819819406984381, 2.286000000000000476 ) ) ;
#2036 = CARTESIAN_POINT ( 'NONE',  ( -4.939602216290231773, 5.429769591381422345, -2.285999999999990262 ) ) ;
#2037 = FACE_BOUND ( 'NONE', #2422, .T. ) ;
#2038 = CARTESIAN_POINT ( 'NONE',  ( -2.514012115883947018, -4.354396715554734065, 2.286000000000000476 ) ) ;
#2039 = CARTESIAN_POINT ( 'NONE',  ( -4.747678667655629958, 3.569061278851720420, -2.285999999999988930 ) ) ;
#2040 = CARTESIAN_POINT ( 'NONE',  ( -4.939602216290272629, -5.429769591381434779, 2.286000000000000920 ) ) ;
#2041 = CARTESIAN_POINT ( 'NONE',  ( -3.782965240303920229, 4.953794882336378436, -2.286000000000000920 ) ) ;
#2042 = CARTESIAN_POINT ( 'NONE',  ( 4.381051063935448298, -5.266605046998202866, 2.286000000000000476 ) ) ;
#2043 = CARTESIAN_POINT ( 'NONE',  ( -0.6970097785450487526, 5.680356212974283281, -2.285999999999994259 ) ) ;
#2044 = CARTESIAN_POINT ( 'NONE',  ( 3.908841068998485380, 5.037714479379339139, -2.286000000000000920 ) ) ;
#2045 = PERSON_AND_ORGANIZATION ( #1695, #3439 ) ;
#2046 = CARTESIAN_POINT ( 'NONE',  ( 2.204962537704669323, 7.072590850357793890, 2.286000000000000476 ) ) ;
#2047 = CARTESIAN_POINT ( 'NONE',  ( -2.272426521261468935, -6.865202557841989517, -2.285999999999990262 ) ) ;
#2048 = CARTESIAN_POINT ( 'NONE',  ( 4.241329277686506138, -2.880640466208733486, 2.286000000000000476 ) ) ;
#2049 = ORIENTED_EDGE ( 'NONE', *, *, #1095, .F. ) ;
#2050 = CARTESIAN_POINT ( 'NONE',  ( 2.370488230432052479, 6.427404040144043762, -2.285999999999991594 ) ) ;
#2051 = CARTESIAN_POINT ( 'NONE',  ( -3.538372490040377905, 4.700943863347386120, 2.286000000000000476 ) ) ;
#2052 = CARTESIAN_POINT ( 'NONE',  ( -6.048454584161420122, 0.7474384492293186799, -2.285999999999992482 ) ) ;
#2053 = ORIENTED_EDGE ( 'NONE', *, *, #4886, .T. ) ;
#2054 = CARTESIAN_POINT ( 'NONE',  ( 4.164293022777181719, -5.174846770538138685, -2.286000000000000920 ) ) ;
#2055 = CARTESIAN_POINT ( 'NONE',  ( 5.530620799995804582, -2.372076222644151411, -2.286000000000000920 ) ) ;
#2056 = CARTESIAN_POINT ( 'NONE',  ( 4.876787775934690039, 2.166710717189364477, -2.286000000000002697 ) ) ;
#2057 = CARTESIAN_POINT ( 'NONE',  ( -5.224220325235549467, 0.5003650740925660312, 2.286000000000000476 ) ) ;
#2058 = CARTESIAN_POINT ( 'NONE',  ( -2.755660258758657832, 4.248665761571357891, 2.286000000000000476 ) ) ;
#2059 = CARTESIAN_POINT ( 'NONE',  ( -4.264284629575964658, 2.690823560815334137, 2.286000000000000476 ) ) ;
#2060 = CARTESIAN_POINT ( 'NONE',  ( -2.181471118769026329, -5.073758694932548607, 2.286000000000000476 ) ) ;
#2061 = DIRECTION ( 'NONE',  ( -0.000000000000000000, -0.000000000000000000, 1.000000000000000000 ) ) ;
#2062 = CARTESIAN_POINT ( 'NONE',  ( 5.753041440904883785, 2.398629593088693834, 2.286000000000000476 ) ) ;
#2063 = CARTESIAN_POINT ( 'NONE',  ( -2.398629593088693834, 5.753041440904883785, -2.286000000000000920 ) ) ;
#2064 = CARTESIAN_POINT ( 'NONE',  ( -6.555650691920508422, 2.347321263097895461, -2.286000000000000920 ) ) ;
#2065 = ORIENTED_EDGE ( 'NONE', *, *, #4664, .F. ) ;
#2066 = CARTESIAN_POINT ( 'NONE',  ( 3.841545219201189632, -4.994660515912102916, -2.285999999999994259 ) ) ;
#2067 = CARTESIAN_POINT ( 'NONE',  ( -0.4633254509012539879, 5.185049666302784743, 2.286000000000000476 ) ) ;
#2068 = CARTESIAN_POINT ( 'NONE',  ( -4.422841945095524530, -2.396986420425921249, 2.286000000000000476 ) ) ;
#2069 = CARTESIAN_POINT ( 'NONE',  ( 5.038390598587966451, -0.1981792459798000505, 2.286000000000000476 ) ) ;
#2070 = CARTESIAN_POINT ( 'NONE',  ( -2.219332909268641352, -5.219213881833814739, -2.285999999999990262 ) ) ;
#2071 = CARTESIAN_POINT ( 'NONE',  ( 7.172119510977680079, 1.562936208206542110, 2.286000000000000476 ) ) ;
#2072 = CARTESIAN_POINT ( 'NONE',  ( 4.700943863347387897, -3.538372490040374352, -2.285999999999994259 ) ) ;
#2073 = EDGE_LOOP ( 'NONE', ( #4732, #2827, #4785, #521 ) ) ;
#2074 = CARTESIAN_POINT ( 'NONE',  ( 2.376926607282869419, 5.611834548134894796, 2.286000000000000476 ) ) ;
#2075 = DIRECTION ( 'NONE',  ( -0.000000000000000000, -0.000000000000000000, -1.000000000000000000 ) ) ;
#2076 = ORIENTED_EDGE ( 'NONE', *, *, #3236, .T. ) ;
#2077 = CARTESIAN_POINT ( 'NONE',  ( 2.170794788144382537, -4.826063829536960448, -2.286000000000000920 ) ) ;
#2078 = CARTESIAN_POINT ( 'NONE',  ( 6.193806931796398629, -2.399402252589299955, -2.286000000000000920 ) ) ;
#2079 = CARTESIAN_POINT ( 'NONE',  ( 6.865202557842009057, 2.272426521261467602, -2.286000000000002697 ) ) ;
#2080 = CARTESIAN_POINT ( 'NONE',  ( -5.028024231767894925, -4.071251075144873460E-16, 2.286000000000000476 ) ) ;
#2081 = CARTESIAN_POINT ( 'NONE',  ( -2.166710717189364477, 4.876787775934690039, -2.285999999999990706 ) ) ;
#2082 = CARTESIAN_POINT ( 'NONE',  ( -4.562280498011126006, 2.263428084871102808, 2.286000000000000476 ) ) ;
#2083 = CARTESIAN_POINT ( 'NONE',  ( -2.398629593088689838, -5.753041440904888226, 2.286000000000000476 ) ) ;
#2084 = CARTESIAN_POINT ( 'NONE',  ( -7.072590850357789449, -2.204962537704679981, -2.286000000000000476 ) ) ;
#2085 = CARTESIAN_POINT ( 'NONE',  ( 5.073758694932546831, 2.181471118769029882, 2.286000000000000476 ) ) ;
#2086 = CARTESIAN_POINT ( 'NONE',  ( -3.841545219201190964, 4.994660515912102028, -2.286000000000000920 ) ) ;
#2087 = CARTESIAN_POINT ( 'NONE',  ( -0.3740431840629611093, 5.113419133395583849, 2.286000000000000476 ) ) ;
#2088 = EDGE_CURVE ( 'NONE', #418, #3936, #2784, .T. ) ;
#2089 = CARTESIAN_POINT ( 'NONE',  ( 2.993776443851757563, -4.258722005451611281, -2.285999999999994259 ) ) ;
#2090 = CARTESIAN_POINT ( 'NONE',  ( 0.6970097785450469763, 5.680356212974282393, -2.285999999999994259 ) ) ;
#2091 = CARTESIAN_POINT ( 'NONE',  ( -5.073758694932547719, -2.181471118769028550, 2.286000000000000476 ) ) ;
#2092 = CARTESIAN_POINT ( 'NONE',  ( 5.306777461419536657, -0.5619673642293576687, 2.286000000000000476 ) ) ;
#2093 = CARTESIAN_POINT ( 'NONE',  ( -2.208998909360595952, -4.668876377298401437, 2.286000000000000920 ) ) ;
#2094 = CARTESIAN_POINT ( 'NONE',  ( 6.394046406055663212, 0.9097610735845648167, -2.285999999999992482 ) ) ;
#2095 = CARTESIAN_POINT ( 'NONE',  ( -4.819588668520771613, 3.603620000172904181, 2.286000000000000476 ) ) ;
#2096 = CARTESIAN_POINT ( 'NONE',  ( 5.082526083828512675, -3.984899404126267086, 2.286000000000000476 ) ) ;
#2097 = ORIENTED_EDGE ( 'NONE', *, *, #3047, .F. ) ;
#2098 = CARTESIAN_POINT ( 'NONE',  ( 2.376926607282869419, 5.611834548134894796, -2.285999999999991594 ) ) ;
#2099 = CARTESIAN_POINT ( 'NONE',  ( 5.530620799995804582, -2.372076222644151411, 2.286000000000000476 ) ) ;
#2100 = CARTESIAN_POINT ( 'NONE',  ( 1.085587763892387425, -6.655589417870369395, 2.286000000000000476 ) ) ;
#2101 = CARTESIAN_POINT ( 'NONE',  ( -5.484739481868279753, -0.6476699409902368920, -2.285999999999992482 ) ) ;
#2102 = DIRECTION ( 'NONE',  ( -0.000000000000000000, -0.000000000000000000, 1.000000000000000000 ) ) ;
#2103 = CARTESIAN_POINT ( 'NONE',  ( 5.316625765703147266, 2.256044226555258270, -2.286000000000000920 ) ) ;
#2104 = CARTESIAN_POINT ( 'NONE',  ( -3.303268363099254756, 4.426088753942309495, 2.286000000000000476 ) ) ;
#2105 = CARTESIAN_POINT ( 'NONE',  ( -2.755660258758655612, -4.248665761571362331, 2.286000000000000476 ) ) ;
#2106 = AXIS2_PLACEMENT_3D ( 'NONE', #3261, #3689, #1768 ) ;
#2107 = DIRECTION ( 'NONE',  ( -0.000000000000000000, -0.000000000000000000, 1.000000000000000000 ) ) ;
#2108 = B_SPLINE_SURFACE_WITH_KNOTS ( 'NONE', 3, 1, ( 
 ( #515, #4844 ),
 ( #2071, #4669 ),
 ( #2853, #564 ),
 ( #1718, #3663 ),
 ( #4285, #179 ),
 ( #1741, #3613 ),
 ( #3286, #1189 ),
 ( #2354, #4792 ),
 ( #1980, #3899 ),
 ( #4023, #2094 ),
 ( #1358, #3585 ),
 ( #3638, #4260 ),
 ( #777, #2325 ),
 ( #1667, #3212 ),
 ( #4768, #4409 ),
 ( #391, #1953 ),
 ( #929, #3494 ),
 ( #3337, #2522 ),
 ( #1458, #4893 ),
 ( #2166, #3786 ),
 ( #1843, #1000 ),
 ( #3383, #692 ),
 ( #305, #2238 ),
 ( #4073, #2978 ),
 ( #2620, #1866 ),
 ( #590, #1434 ),
 ( #4097, #230 ),
 ( #4868, #4917 ),
 ( #4480, #3003 ),
 ( #3713, #2572 ),
 ( #1793, #4941 ),
 ( #4173, #4530 ),
 ( #1409, #2141 ),
 ( #1050, #3687 ),
 ( #3407, #4556 ),
 ( #2954, #4966 ),
 ( #4505, #616 ),
 ( #4458, #4124 ),
 ( #2902, #2546 ),
 ( #2596, #1075 ),
 ( #204, #976 ),
 ( #1383, #1766 ),
 ( #3311, #4149 ),
 ( #666, #2928 ),
 ( #1026, #1819 ),
 ( #641, #2214 ),
 ( #283, #3763 ),
 ( #2192, #3740 ),
 ( #258, #3360 ),
 ( #4654, #329 ),
 ( #4991, #3809 ),
 ( #1582, #1532 ),
 ( #2339, #1890 ),
 ( #2262, #1175 ),
 ( #764, #2746 ),
 ( #1965, #1483 ),
 ( #3834, #3857 ),
 ( #1100, #2721 ),
 ( #1915, #2312 ),
 ( #2366, #5016 ),
 ( #4603, #1150 ),
 ( #4298, #4272 ),
 ( #818, #4196 ),
 ( #1557, #354 ),
 ( #3910, #378 ),
 ( #5043, #3457 ),
 ( #3076, #3102 ),
 ( #3479, #430 ),
 ( #3128, #790 ),
 ( #3883, #1939 ),
 ( #3506, #4682 ),
 ( #406, #20 ),
 ( #2644, #3028 ),
 ( #3431, #4580 ),
 ( #1201, #1993 ),
 ( #3532, #714 ),
 ( #2667, #1508 ),
 ( #2694, #3052 ),
 ( #1123, #4222 ) ),
 .UNSPECIFIED., .F., .F., .F.,
 ( 4, 1, 1, 1, 1, 1, 1, 1, 1, 1, 1, 1, 1, 1, 1, 1, 1, 1, 1, 1, 1, 1, 1, 1, 1, 1, 1, 1, 1, 1, 1, 1, 1, 1, 1, 1, 1, 1, 1, 1, 1, 1, 1, 1, 1, 1, 1, 1, 1, 1, 1, 1, 1, 1, 1, 1, 1, 1, 1, 1, 1, 1, 1, 1, 1, 1, 1, 1, 1, 1, 1, 1, 1, 1, 1, 1, 4 ),
 ( 2, 2 ),
 ( 0.01103315318568798276, 0.05345531963080774052, 0.07807290109913955778, 0.1012837636727262902, 0.1230879073546434777, 0.1434853321486018185, 0.1624760380591380171, 0.1800600250918766854, 0.1962372932539097059, 0.2110078425543557845, 0.2243716730052127684, 0.2363287846227128952, 0.2468791774295818753, 0.2560228514590334736, 0.2765703373738778170, 0.2861597148600216745, 0.2955281054245301187, 0.3046873400362803963, 0.3136510682187723109, 0.3224350908376912850, 0.3310577570337658315, 0.3395404348280691709, 0.3479080632824442798, 0.3561897892115019060, 0.3644196805880378642, 0.3726374874240482304, 0.3808893818503648054, 0.3892285417683729598, 0.3977153332009296660, 0.4064166828338137138, 0.4154040162538316094, 0.4247489170962575056, 0.4345155871249806179, 0.4447495655339210874, 0.4554634245512343416, 0.4666225055634414254, 0.4781364573014081909, 0.4871735315700953528, 0.5000000000000000000, 0.5128264684299046472, 0.5218635426985918091, 0.5333774944365585746, 0.5445365754487656584, 0.5552504344660789126, 0.5654844128750193821, 0.5752510829037424944, 0.5845959837461683906, 0.5935833171661862862, 0.6022846667990703340, 0.6107714582316270402, 0.6191106181496351946, 0.6273625125759517696, 0.6355803194119621358, 0.6438102107884979830, 0.6520919367175557202, 0.6604595651719307181, 0.6689422429662341685, 0.6775649091623086040, 0.6863489317812275781, 0.6953126599637194927, 0.7044718945754697703, 0.7138402851399782145, 0.7234296626261220720, 0.7439771485409665264, 0.7531208225704182357, 0.7636712153772871048, 0.7756283269947872316, 0.7889921574456442155, 0.8037627067460902941, 0.8199399749081233146, 0.8375239619408620939, 0.8565146678513982925, 0.8769120926453567444, 0.8987162363272738208, 0.9219270989008605532, 0.9465446803691922595, 0.9889668468143231195 ),
 ( 0.000000000000000000, 1.000000000000000000 ),
 .UNSPECIFIED. ) ;
#2109 = CARTESIAN_POINT ( 'NONE',  ( 4.386741487291719643, 2.452899478489774410, 2.286000000000000476 ) ) ;
#2110 = CARTESIAN_POINT ( 'NONE',  ( -2.993776443851758895, 4.258722005451610393, -2.286000000000000920 ) ) ;
#2111 = CARTESIAN_POINT ( 'NONE',  ( -0.1355698399325909465, 5.028786691589065327, 2.286000000000000476 ) ) ;
#2112 = B_SPLINE_CURVE_WITH_KNOTS ( 'NONE', 3,
 ( #210, #1032, #2476, #621, #4822, #3718, #4873, #1824, #3367, #4052, #1772, #2553, #2123, #1799, #3292, #2099, #2148, #3316, #2959, #3668, #2171, #3342, #2882, #3645, #4463, #1363, #4898, #3693, #1415, #159, #236, #4849, #2907, #4511, #4440, #4129, #982, #4486, #935, #2857, #957, #4028, #4413, #2577, #184, #545, #2528, #1390, #2198, #2933, #646, #1005, #4103, #3745, #263, #1723, #3265, #2648, #1487, #2672, #1055, #2243, #4634, #2698, #3813, #2601, #3435, #1870, #1079, #4584, #4945, #4251, #1462, #3861, #3009, #5020, #4995, #769, #1128 ),
 .UNSPECIFIED., .F., .F.,
 ( 4, 1, 1, 1, 1, 1, 1, 1, 1, 1, 1, 1, 1, 1, 1, 1, 1, 1, 1, 1, 1, 1, 1, 1, 1, 1, 1, 1, 1, 1, 1, 1, 1, 1, 1, 1, 1, 1, 1, 1, 1, 1, 1, 1, 1, 1, 1, 1, 1, 1, 1, 1, 1, 1, 1, 1, 1, 1, 1, 1, 1, 1, 1, 1, 1, 1, 1, 1, 1, 1, 1, 1, 1, 1, 1, 1, 4 ),
 ( 0.01103315320115372949, 0.05345531963080774052, 0.07807290109913955778, 0.1012837636727262902, 0.1230879073546434777, 0.1434853321486018185, 0.1624760380591379894, 0.1800600250918766854, 0.1962372932539097059, 0.2110078425543557845, 0.2243716730052127684, 0.2363287846227129230, 0.2468791774295818753, 0.2560228514590334736, 0.2765703373738778170, 0.2861597148600216745, 0.2955281054245301187, 0.3046873400362803963, 0.3136510682187723109, 0.3224350908376912850, 0.3310577570337658315, 0.3395404348280691709, 0.3479080632824442798, 0.3561897892115019060, 0.3644196805880378642, 0.3726374874240482304, 0.3808893818503648054, 0.3892285417683729598, 0.3977153332009296660, 0.4064166828338137138, 0.4154040162538316094, 0.4247489170962575056, 0.4345155871249806179, 0.4447495655339210874, 0.4554634245512343416, 0.4666225055634414254, 0.4781364573014081909, 0.4871735315700953528, 0.5000000000000000000, 0.5128264684299046472, 0.5218635426985918091, 0.5333774944365585746, 0.5445365754487656584, 0.5552504344660788016, 0.5654844128750193821, 0.5752510829037424944, 0.5845959837461683906, 0.5935833171661861751, 0.6022846667990703340, 0.6107714582316270402, 0.6191106181496351946, 0.6273625125759517696, 0.6355803194119621358, 0.6438102107884979830, 0.6520919367175557202, 0.6604595651719307181, 0.6689422429662341685, 0.6775649091623086040, 0.6863489317812275781, 0.6953126599637194927, 0.7044718945754697703, 0.7138402851399782145, 0.7234296626261220720, 0.7439771485409665264, 0.7531208225704182357, 0.7636712153772871048, 0.7756283269947872316, 0.7889921574456442155, 0.8037627067460902941, 0.8199399749081233146, 0.8375239619408620939, 0.8565146678513982925, 0.8769120926453567444, 0.8987162363272738208, 0.9219270989008605532, 0.9465446803691922595, 0.9889668467988448342 ),
 .UNSPECIFIED. ) ;
#2113 = CARTESIAN_POINT ( 'NONE',  ( 3.443806281393318791, -4.570827893707974710, 2.286000000000000476 ) ) ;
#2114 = CARTESIAN_POINT ( 'NONE',  ( 0.6476699409902353377, 5.484739481868279753, 2.286000000000000476 ) ) ;
#2115 = CARTESIAN_POINT ( 'NONE',  ( 3.375777569767195008, 4.494406809309923645, -2.286000000000000920 ) ) ;
#2116 = CARTESIAN_POINT ( 'NONE',  ( -2.204381686920554362, -5.170712537599050584, 2.286000000000000920 ) ) ;
#2117 = ADVANCED_FACE ( 'NONE', ( #109 ), #1385, .T. ) ;
#2118 = CARTESIAN_POINT ( 'NONE',  ( 1.338510251577864185, -6.953486125426932674, -2.286000000000000920 ) ) ;
#2119 = CARTESIAN_POINT ( 'NONE',  ( -5.221115631088431464, 4.267941290503534546, 2.286000000000000476 ) ) ;
#2120 = CARTESIAN_POINT ( 'NONE',  ( 5.310665190646409961, -4.503699405991244298, 2.286000000000000476 ) ) ;
#2121 = ORIENTED_EDGE ( 'NONE', *, *, #1035, .F. ) ;
#2122 = CARTESIAN_POINT ( 'NONE',  ( 2.514012115883943910, 4.354396715554734953, -2.285999999999991594 ) ) ;
#2123 = CARTESIAN_POINT ( 'NONE',  ( 5.753041440904886450, -2.398629593088690282, 2.286000000000000476 ) ) ;
#2124 = CARTESIAN_POINT ( 'NONE',  ( 0.7170584013211538377, -5.896140974621092212, 2.286000000000000476 ) ) ;
#2125 = CARTESIAN_POINT ( 'NONE',  ( -5.840323052443587848, -0.7138485327532726465, -2.285999999999992482 ) ) ;
#2126 = CARTESIAN_POINT ( 'NONE',  ( 6.306703394980817556, 2.387648127366837514, -2.286000000000002697 ) ) ;
#2127 = CARTESIAN_POINT ( 'NONE',  ( 5.025101949511928012, 2.173665442670352554, -2.286000000000000920 ) ) ;
#2128 = CARTESIAN_POINT ( 'NONE',  ( -3.045439027948421806, 4.274124979574701833, -2.285999999999990706 ) ) ;
#2129 = CARTESIAN_POINT ( 'NONE',  ( -2.191273222451026736, -4.722047456352865602, 2.286000000000000476 ) ) ;
#2130 = PLANE ( 'NONE',  #2547 ) ;
#2131 = CARTESIAN_POINT ( 'NONE',  ( 5.464737068976781131, 2.327079695769372680, 2.286000000000000476 ) ) ;
#2132 = CARTESIAN_POINT ( 'NONE',  ( -3.375777569767198560, -4.494406809309922757, -2.286000000000000920 ) ) ;
#2133 = CARTESIAN_POINT ( 'NONE',  ( 0.7740819819406967728, 6.123650495384040937, 2.286000000000000476 ) ) ;
#2134 = ORIENTED_EDGE ( 'NONE', *, *, #4925, .F. ) ;
#2135 = CARTESIAN_POINT ( 'NONE',  ( 2.690823560815335469, -4.264284629575964658, -2.285999999999994259 ) ) ;
#2136 = CARTESIAN_POINT ( 'NONE',  ( 0.1355698399325886427, 5.028786691589064439, -2.285999999999994259 ) ) ;
#2137 = CARTESIAN_POINT ( 'NONE',  ( 2.347321263097891908, 6.555650691920510198, -2.286000000000000920 ) ) ;
#2138 = CARTESIAN_POINT ( 'NONE',  ( 5.185049666302785631, -0.4633254509012529332, 2.286000000000000476 ) ) ;
#2139 = CARTESIAN_POINT ( 'NONE',  ( -5.365664573546733429, 2.277692020846681764, -2.285999999999988930 ) ) ;
#2140 = CARTESIAN_POINT ( 'NONE',  ( -2.572579828584875550, -4.317644004947606362, -2.285999999999990262 ) ) ;
#2141 = CARTESIAN_POINT ( 'NONE',  ( 5.147865004549772472, 0.4213890162108048787, -2.285999999999992482 ) ) ;
#2142 = CIRCLE ( 'NONE', #4575, 2.500000000000000000 ) ;
#2143 = CARTESIAN_POINT ( 'NONE',  ( -4.809226556556635224, -5.400580374558714425, 2.286000000000000476 ) ) ;
#2144 = CARTESIAN_POINT ( 'NONE',  ( 1.615000000000000213, -1.614999999999999769, 2.286000000000000032 ) ) ;
#2145 = CARTESIAN_POINT ( 'NONE',  ( 0.5619673642293566695, 5.306777461419536657, -2.286000000000000920 ) ) ;
#2146 = EDGE_LOOP ( 'NONE', ( #2464, #749, #1903, #2560 ) ) ;
#2147 = CARTESIAN_POINT ( 'NONE',  ( 3.443806281393315238, 4.570827893707977374, -2.285999999999991594 ) ) ;
#2148 = CARTESIAN_POINT ( 'NONE',  ( 5.464737068976782020, -2.327079695769369572, 2.286000000000000476 ) ) ;
#2149 = CARTESIAN_POINT ( 'NONE',  ( 0.5619673642293580018, -5.306777461419535769, 2.286000000000000476 ) ) ;
#2150 = CARTESIAN_POINT ( 'NONE',  ( -5.732355088791446285, -0.7045212705935081088, 2.286000000000000476 ) ) ;
#2151 = EDGE_CURVE ( 'NONE', #3065, #1952, #3339, .T. ) ;
#2152 = LINE ( 'NONE', #3649, #5033 ) ;
#2153 = CARTESIAN_POINT ( 'NONE',  ( 5.365664573546730765, 2.277692020846685761, -2.286000000000000920 ) ) ;
#2154 = CARTESIAN_POINT ( 'NONE',  ( -2.396986420425921693, 4.422841945095523641, -2.285999999999990706 ) ) ;
#2155 = ORIENTED_EDGE ( 'NONE', *, *, #999, .F. ) ;
#2156 = CARTESIAN_POINT ( 'NONE',  ( 5.611834548134891243, 2.376926607282876525, 2.286000000000000476 ) ) ;
#2157 = CARTESIAN_POINT ( 'NONE',  ( -2.170794788144381648, -4.826063829536963112, -2.286000000000000920 ) ) ;
#2158 = CARTESIAN_POINT ( 'NONE',  ( -0.7740819819406987712, 6.123650495384040937, 2.286000000000000476 ) ) ;
#2159 = VERTEX_POINT ( 'NONE', #1360 ) ;
#2160 = CARTESIAN_POINT ( 'NONE',  ( 3.140066744230174400, -4.314820411705333036, -2.285999999999994259 ) ) ;
#2161 = CARTESIAN_POINT ( 'NONE',  ( 0.6763057282891276056, 5.580159256687754699, -2.285999999999994259 ) ) ;
#2162 = CARTESIAN_POINT ( 'NONE',  ( 5.680356212974283281, 0.6970097785450477534, 2.286000000000000476 ) ) ;
#2163 = CARTESIAN_POINT ( 'NONE',  ( -5.690277883870090925, 2.391450586719567450, 2.286000000000000476 ) ) ;
#2164 = CARTESIAN_POINT ( 'NONE',  ( 2.514012115883943910, 4.354396715554734953, 2.286000000000000476 ) ) ;
#2165 = CARTESIAN_POINT ( 'NONE',  ( -2.391450586719567895, -5.690277883870091813, 2.286000000000000920 ) ) ;
#2166 = CARTESIAN_POINT ( 'NONE',  ( 5.732355088791446285, 0.7045212705935075537, 2.286000000000000476 ) ) ;
#2167 = CARTESIAN_POINT ( 'NONE',  ( 1.615000000000000213, -1.614999999999999769, -2.286000000000000032 ) ) ;
#2168 = CARTESIAN_POINT ( 'NONE',  ( 5.445848997241733436, -5.022562078221622706, -2.285999999999994259 ) ) ;
#2169 = EDGE_LOOP ( 'NONE', ( #609, #1139, #2184, #4026 ) ) ;
#2170 = CARTESIAN_POINT ( 'NONE',  ( 3.265033223548859720, 4.395000467436837255, 2.286000000000000476 ) ) ;
#2171 = CARTESIAN_POINT ( 'NONE',  ( 5.267837672253023129, -2.236549931580964490, 2.286000000000000476 ) ) ;
#2172 = CARTESIAN_POINT ( 'NONE',  ( 1.562936208206542332, -7.172119510977680079, -2.285999999999993371 ) ) ;
#2173 = CARTESIAN_POINT ( 'NONE',  ( -5.037714479379336474, 3.908841068998488044, -2.286000000000000920 ) ) ;
#2174 = CARTESIAN_POINT ( 'NONE',  ( -4.826063829536962224, 2.170794788144380760, 2.286000000000000476 ) ) ;
#2175 = CARTESIAN_POINT ( 'NONE',  ( 5.316625765703147266, 2.256044226555258270, 2.286000000000000476 ) ) ;
#2176 = EDGE_CURVE ( 'NONE', #342, #1188, #5037, .T. ) ;
#2177 = CARTESIAN_POINT ( 'NONE',  ( 5.464737068976781131, 2.327079695769372680, -2.286000000000000920 ) ) ;
#2178 = CARTESIAN_POINT ( 'NONE',  ( -2.219332909268644904, 5.219213881833811186, 2.286000000000000476 ) ) ;
#2179 = ORIENTED_EDGE ( 'NONE', *, *, #2733, .T. ) ;
#2180 = CARTESIAN_POINT ( 'NONE',  ( -4.826063829536959560, -2.170794788144383869, -2.286000000000000920 ) ) ;
#2181 = CARTESIAN_POINT ( 'NONE',  ( -4.953794882336380212, -3.782965240303919785, -2.285999999999997812 ) ) ;
#2182 = CARTESIAN_POINT ( 'NONE',  ( -3.303268363099252536, -4.426088753942313048, -2.286000000000000920 ) ) ;
#2183 = CARTESIAN_POINT ( 'NONE',  ( -0.6876082620354390107, 5.629638264086795907, 2.286000000000000476 ) ) ;
#2184 = ORIENTED_EDGE ( 'NONE', *, *, #4316, .T. ) ;
#2185 = CARTESIAN_POINT ( 'NONE',  ( 3.340134799346917482, -4.459232637575092362, 2.286000000000000476 ) ) ;
#2186 = CARTESIAN_POINT ( 'NONE',  ( 0.3209540278680256820, 5.082764852903506103, -2.285999999999994259 ) ) ;
#2187 = CIRCLE ( 'NONE', #648, 3.960097721574094010 ) ;
#2188 = CARTESIAN_POINT ( 'NONE',  ( 6.655589417870370283, -1.085587763892387647, 2.286000000000000476 ) ) ;
#2189 = CARTESIAN_POINT ( 'NONE',  ( -5.170712537599049696, 2.204381686920553474, 2.286000000000000476 ) ) ;
#2190 = CARTESIAN_POINT ( 'NONE',  ( 3.183680459516551764, 4.339242117764197992, 2.286000000000000476 ) ) ;
#2191 = CARTESIAN_POINT ( 'NONE',  ( -4.164293022777179942, -5.174846770538141350, -2.285999999999990262 ) ) ;
#2192 = CARTESIAN_POINT ( 'NONE',  ( 5.185049666302785631, -0.4633254509012529332, 2.286000000000000476 ) ) ;
#2193 = VECTOR ( 'NONE', #4134, 1000.000000000000000 ) ;
#2194 = DIRECTION ( 'NONE',  ( 0.000000000000000000, 1.000000000000000000, 0.000000000000000000 ) ) ;
#2195 = CARTESIAN_POINT ( 'NONE',  ( 5.400580374566934516, -4.809226556586356338, -2.285999999999994259 ) ) ;
#2196 = ORIENTED_EDGE ( 'NONE', *, *, #3911, .T. ) ;
#2197 = CARTESIAN_POINT ( 'NONE',  ( 3.476310862236187571, 4.612104495109643487, 2.286000000000000476 ) ) ;
#2198 = CARTESIAN_POINT ( 'NONE',  ( 4.274124979574705385, -3.045439027948420030, 2.286000000000000476 ) ) ;
#2199 = CARTESIAN_POINT ( 'NONE',  ( -4.314820411705334813, 3.140066744230173068, -2.286000000000000920 ) ) ;
#2200 = CARTESIAN_POINT ( 'NONE',  ( -1.160798993145838232, -6.751539294367503885, -2.286000000000000920 ) ) ;
#2201 = CARTESIAN_POINT ( 'NONE',  ( -1.614999999999999769, -1.614999999999999769, 2.286000000000000032 ) ) ;
#2202 = CARTESIAN_POINT ( 'NONE',  ( -2.204381686920558803, 5.170712537599048808, 2.286000000000000476 ) ) ;
#2203 = VERTEX_POINT ( 'NONE', #4582 ) ;
#2204 = CARTESIAN_POINT ( 'NONE',  ( -6.088939422080937192, -2.406359558239487662, -2.286000000000000920 ) ) ;
#2205 = CARTESIAN_POINT ( 'NONE',  ( -4.916195901929391709, -3.732199908664473931, 2.286000000000000476 ) ) ;
#2206 = CARTESIAN_POINT ( 'NONE',  ( -4.939602216229987519, 5.429769591367933579, -2.286000000000000920 ) ) ;
#2207 = LINE ( 'NONE', #276, #431 ) ;
#2208 = CARTESIAN_POINT ( 'NONE',  ( 2.236549931580964490, -5.267837672253021353, 2.286000000000000476 ) ) ;
#2209 = CARTESIAN_POINT ( 'NONE',  ( 0.7740819819406981050, -6.123650495384040937, 2.286000000000000476 ) ) ;
#2210 = EDGE_CURVE ( 'NONE', #4469, #634, #3007, .T. ) ;
#2211 = FACE_OUTER_BOUND ( 'NONE', #3823, .T. ) ;
#2212 = CARTESIAN_POINT ( 'NONE',  ( 0.000000000000000000, 0.000000000000000000, 2.286000000000000476 ) ) ;
#2213 = CARTESIAN_POINT ( 'NONE',  ( -3.538372490040374796, -4.700943863347388785, 2.286000000000000920 ) ) ;
#2214 = CARTESIAN_POINT ( 'NONE',  ( 5.113419133395584737, -0.3740431840629596105, -2.285999999999992482 ) ) ;
#2215 = CARTESIAN_POINT ( 'NONE',  ( 5.531876145198175720, -0.6630252695113227901, -2.286000000000000920 ) ) ;
#2216 = CARTESIAN_POINT ( 'NONE',  ( -0.1981792459797999950, 5.038390598587967339, -2.286000000000000920 ) ) ;
#2217 = CARTESIAN_POINT ( 'NONE',  ( 2.572579828584872441, 4.317644004947606362, -2.285999999999991594 ) ) ;
#2218 = CARTESIAN_POINT ( 'NONE',  ( -0.06909748234411625112, -5.025479307074648183, 2.286000000000000476 ) ) ;
#2219 = CARTESIAN_POINT ( 'NONE',  ( -5.025101949511928012, -2.173665442670351666, -2.285999999999997812 ) ) ;
#2220 = VECTOR ( 'NONE', #16, 1000.000000000000000 ) ;
#2221 = CARTESIAN_POINT ( 'NONE',  ( -2.204381686920558803, 5.170712537599048808, 2.286000000000000476 ) ) ;
#2222 = CC_DESIGN_SECURITY_CLASSIFICATION ( #4090, ( #3924 ) ) ;
#2223 = CARTESIAN_POINT ( 'NONE',  ( -5.028024231767894925, -4.071251075144873460E-16, -2.285999999999992482 ) ) ;
#2224 = CARTESIAN_POINT ( 'NONE',  ( 0.3209540278680265701, -5.082764852903506991, -2.286000000000000920 ) ) ;
#2225 = CARTESIAN_POINT ( 'NONE',  ( 2.404730280458377223, -5.824206007570938759, -2.286000000000000920 ) ) ;
#2226 = CARTESIAN_POINT ( 'NONE',  ( -2.372076222644154964, 5.530620799995803694, -2.285999999999990706 ) ) ;
#2227 = CARTESIAN_POINT ( 'NONE',  ( 2.317559181621130726, 6.691150755271285000, -2.286000000000000920 ) ) ;
#2228 = CARTESIAN_POINT ( 'NONE',  ( 4.953794882336378436, 3.782965240303920229, 2.286000000000000476 ) ) ;
#2229 = CARTESIAN_POINT ( 'NONE',  ( -4.366020258804534926, -3.225246005036192187, 2.286000000000000476 ) ) ;
#2230 = CARTESIAN_POINT ( 'NONE',  ( -2.219332909268641352, -5.219213881833814739, -2.286000000000000920 ) ) ;
#2231 = CARTESIAN_POINT ( 'NONE',  ( 0.000000000000000000, 0.000000000000000000, 0.000000000000000000 ) ) ;
#2232 = CARTESIAN_POINT ( 'NONE',  ( 2.191273222451028513, -4.722047456352864714, 2.286000000000000476 ) ) ;
#2233 = CARTESIAN_POINT ( 'NONE',  ( 0.6630252695113231232, -5.531876145198175720, 2.286000000000000476 ) ) ;
#2234 = CARTESIAN_POINT ( 'NONE',  ( 0.000000000000000000, 0.000000000000000000, 0.000000000000000000 ) ) ;
#2235 = FACE_BOUND ( 'NONE', #4773, .T. ) ;
#2236 = DIRECTION ( 'NONE',  ( -0.000000000000000000, -0.000000000000000000, 1.000000000000000000 ) ) ;
#2237 = CARTESIAN_POINT ( 'NONE',  ( -4.503699405991244298, -5.310665190646411737, 2.286000000000000920 ) ) ;
#2238 = CARTESIAN_POINT ( 'NONE',  ( 5.580159256687752922, 0.6763057282891283828, -2.285999999999992482 ) ) ;
#2239 = EDGE_CURVE ( 'NONE', #1039, #4391, #3482, .T. ) ;
#2240 = CARTESIAN_POINT ( 'NONE',  ( 5.580159256687752922, 0.6763057282891283828, -2.286000000000000920 ) ) ;
#2241 = CARTESIAN_POINT ( 'NONE',  ( 2.204962537704670211, 7.072590850357793002, 2.286000000000000476 ) ) ;
#2242 = CARTESIAN_POINT ( 'NONE',  ( 3.841545219201184302, 4.994660515912105581, 2.286000000000000476 ) ) ;
#2243 = CARTESIAN_POINT ( 'NONE',  ( 4.700943863347387897, -3.538372490040374352, 2.286000000000000476 ) ) ;
#2244 = CARTESIAN_POINT ( 'NONE',  ( -0.5619673642293573357, -5.306777461419536657, -2.285999999999993371 ) ) ;
#2245 = CARTESIAN_POINT ( 'NONE',  ( -5.316625765703147266, -2.256044226555257382, 2.286000000000000476 ) ) ;
#2246 = CARTESIAN_POINT ( 'NONE',  ( -5.429769591367946013, 4.939602216230024823, -2.286000000000000920 ) ) ;
#2247 = CARTESIAN_POINT ( 'NONE',  ( -5.057282611089283009, -0.2621389074985169820, -2.285999999999992482 ) ) ;
#2248 = B_SPLINE_CURVE_WITH_KNOTS ( 'NONE', 3,
 ( #25, #49, #926, #1763, #587, #4789, #3661, #3283, #3308, #1379, #4814, #4455, #3233, #97, #1329, #4406, #148, #4094, #612, #176, #2162, #1739, #3611, #561, #1664, #3209, #2875, #1715, #2899, #4380, #949, #4764, #4044, #4021, #4841, #901, #2444, #3993, #2493, #973, #537, #2518, #2069, #1688, #124, #4069, #1306, #2138, #2850, #2468, #2092, #3635, #3257, #4987, #688, #1862, #4145, #3333, #1430, #4218, #325, #1119, #1886, #3403, #1789, #3782, #279, #734, #3709, #4890, #662, #302, #2188, #2258, #3736, #4576, #3048, #226, #1071 ),
 .UNSPECIFIED., .F., .F.,
 ( 4, 1, 1, 1, 1, 1, 1, 1, 1, 1, 1, 1, 1, 1, 1, 1, 1, 1, 1, 1, 1, 1, 1, 1, 1, 1, 1, 1, 1, 1, 1, 1, 1, 1, 1, 1, 1, 1, 1, 1, 1, 1, 1, 1, 1, 1, 1, 1, 1, 1, 1, 1, 1, 1, 1, 1, 1, 1, 1, 1, 1, 1, 1, 1, 1, 1, 1, 1, 1, 1, 1, 1, 1, 1, 1, 1, 4 ),
 ( 0.01103315320115382490, 0.05345531963080774052, 0.07807290109913955778, 0.1012837636727262902, 0.1230879073546434638, 0.1434853321486018185, 0.1624760380591380171, 0.1800600250918766854, 0.1962372932539097059, 0.2110078425543557845, 0.2243716730052127684, 0.2363287846227128952, 0.2468791774295818753, 0.2560228514590334736, 0.2765703373738778170, 0.2861597148600216745, 0.2955281054245301187, 0.3046873400362803963, 0.3136510682187722554, 0.3224350908376912850, 0.3310577570337658315, 0.3395404348280691709, 0.3479080632824442798, 0.3561897892115019060, 0.3644196805880378642, 0.3726374874240482304, 0.3808893818503648054, 0.3892285417683729598, 0.3977153332009296660, 0.4064166828338137138, 0.4154040162538316094, 0.4247489170962575056, 0.4345155871249806179, 0.4447495655339210874, 0.4554634245512343416, 0.4666225055634414254, 0.4781364573014081909, 0.4871735315700953528, 0.5000000000000000000, 0.5128264684299046472, 0.5218635426985918091, 0.5333774944365585746, 0.5445365754487656584, 0.5552504344660789126, 0.5654844128750193821, 0.5752510829037424944, 0.5845959837461683906, 0.5935833171661862862, 0.6022846667990703340, 0.6107714582316270402, 0.6191106181496351946, 0.6273625125759517696, 0.6355803194119621358, 0.6438102107884979830, 0.6520919367175557202, 0.6604595651719307181, 0.6689422429662342795, 0.6775649091623086040, 0.6863489317812275781, 0.6953126599637194927, 0.7044718945754697703, 0.7138402851399782145, 0.7234296626261220720, 0.7439771485409665264, 0.7531208225704182357, 0.7636712153772871048, 0.7756283269947872316, 0.7889921574456442155, 0.8037627067460902941, 0.8199399749081233146, 0.8375239619408620939, 0.8565146678513982925, 0.8769120926453567444, 0.8987162363272738208, 0.9219270989008605532, 0.9465446803691922595, 0.9889668467988447231 ),
 .UNSPECIFIED. ) ;
#2249 = CARTESIAN_POINT ( 'NONE',  ( 0.5330684818325873708, -5.264891270736412388, -2.286000000000000920 ) ) ;
#2250 = CARTESIAN_POINT ( 'NONE',  ( 5.400580374558696661, 4.809226556556595256, -2.286000000000000920 ) ) ;
#2251 = CARTESIAN_POINT ( 'NONE',  ( 2.232517294705885558, 6.992705799529050914, -2.286000000000000920 ) ) ;
#2252 = CARTESIAN_POINT ( 'NONE',  ( 4.570827893707972933, 3.443806281393321012, 2.286000000000000476 ) ) ;
#2253 = CARTESIAN_POINT ( 'NONE',  ( -4.916195901929391709, -3.732199908664473931, -2.285999999999997812 ) ) ;
#2254 = DIRECTION ( 'NONE',  ( -0.000000000000000000, -0.000000000000000000, 1.000000000000000000 ) ) ;
#2255 = PLANE ( 'NONE',  #1495 ) ;
#2256 = CARTESIAN_POINT ( 'NONE',  ( 2.347321263097899013, -6.555650691920508422, -2.285999999999994259 ) ) ;
#2257 = CARTESIAN_POINT ( 'NONE',  ( 0.8662984254189449729, 6.317209250654446606, -2.285999999999994259 ) ) ;
#2258 = CARTESIAN_POINT ( 'NONE',  ( 6.751539294367503885, -1.160798993145838676, 2.286000000000000476 ) ) ;
#2259 = CARTESIAN_POINT ( 'NONE',  ( -4.241326470143099492, 2.819336768032401075, -2.285999999999988930 ) ) ;
#2260 = CARTESIAN_POINT ( 'NONE',  ( 0.000000000000000000, 0.000000000000000000, 0.000000000000000000 ) ) ;
#2261 = CARTESIAN_POINT ( 'NONE',  ( -3.782965240303916676, -4.953794882336381988, -2.285999999999990262 ) ) ;
#2262 = CARTESIAN_POINT ( 'NONE',  ( 5.438698666219212718, -0.6301014820750944212, 2.286000000000000476 ) ) ;
#2263 = CARTESIAN_POINT ( 'NONE',  ( 5.629638264086795907, 0.6876082620354380115, -2.286000000000000920 ) ) ;
#2264 = CARTESIAN_POINT ( 'NONE',  ( -0.5003650740925678075, 5.224220325235548579, -2.286000000000000920 ) ) ;
#2265 = CARTESIAN_POINT ( 'NONE',  ( -5.352640503693417706, -4.635926943805798395, 2.286000000000000476 ) ) ;
#2266 = ADVANCED_FACE ( 'NONE', ( #5046 ), #3433, .T. ) ;
#2267 = CARTESIAN_POINT ( 'NONE',  ( -0.06909748234411625112, -5.025479307074648183, -2.285999999999993371 ) ) ;
#2268 = CARTESIAN_POINT ( 'NONE',  ( -5.267837672253020465, -2.236549931580965378, 2.286000000000000476 ) ) ;
#2269 = AXIS2_PLACEMENT_3D ( 'NONE', #4377, #3937, #3579 ) ;
#2270 = CARTESIAN_POINT ( 'NONE',  ( -5.219213881833813851, 2.219332909268639575, -2.286000000000000920 ) ) ;
#2271 = CARTESIAN_POINT ( 'NONE',  ( 5.267837672253023129, -2.236549931580964490, -2.285999999999994259 ) ) ;
#2272 = CARTESIAN_POINT ( 'NONE',  ( -5.185049666302785631, 0.4633254509012522671, -2.285999999999992482 ) ) ;
#2273 = CARTESIAN_POINT ( 'NONE',  ( -0.6301014820750940881, -5.438698666219212718, -2.286000000000000920 ) ) ;
#2274 = CARTESIAN_POINT ( 'NONE',  ( 4.339242117764193551, 3.183680459516557981, -2.286000000000000920 ) ) ;
#2275 = VERTEX_POINT ( 'NONE', #1077 ) ;
#2276 = CARTESIAN_POINT ( 'NONE',  ( 2.178781297287124552, 4.774490053667272527, -2.286000000000000920 ) ) ;
#2277 = CARTESIAN_POINT ( 'NONE',  ( 5.266605046998201090, 4.381051063935450074, -2.286000000000002697 ) ) ;
#2278 = CARTESIAN_POINT ( 'NONE',  ( -4.747678667655627294, -3.569061278851724417, 2.286000000000000476 ) ) ;
#2279 = DIRECTION ( 'NONE',  ( 1.000000000000000000, 0.000000000000000000, 0.000000000000000000 ) ) ;
#2280 = CARTESIAN_POINT ( 'NONE',  ( 2.170794788144382537, -4.826063829536960448, -2.285999999999994259 ) ) ;
#2281 = CARTESIAN_POINT ( 'NONE',  ( 0.7740819819406967728, 6.123650495384040937, -2.285999999999994259 ) ) ;
#2282 = CARTESIAN_POINT ( 'NONE',  ( -5.038390598587967339, -0.1981792459797996897, -2.286000000000000920 ) ) ;
#2283 = CARTESIAN_POINT ( 'NONE',  ( -4.248665761571361443, 2.755660258758654724, -2.285999999999988930 ) ) ;
#2284 = CARTESIAN_POINT ( 'NONE',  ( 4.164293022777175501, 5.174846770538143126, 2.286000000000000476 ) ) ;
#2285 = CARTESIAN_POINT ( 'NONE',  ( -3.094096482592028963, -4.292995347704374964, -2.285999999999990262 ) ) ;
#2286 = CARTESIAN_POINT ( 'NONE',  ( -2.232517294705881117, 6.992705799529090882, -2.286000000000001364 ) ) ;
#2287 = CARTESIAN_POINT ( 'NONE',  ( 5.028786691589064439, -0.1355698399325895587, -2.286000000000000920 ) ) ;
#2288 = CARTESIAN_POINT ( 'NONE',  ( -0.7045212705935085529, 5.732355088791446285, -2.286000000000000920 ) ) ;
#2289 = CARTESIAN_POINT ( 'NONE',  ( -4.864396098905571897, -3.671527976878548483, 2.286000000000000476 ) ) ;
#2290 = DIRECTION ( 'NONE',  ( 0.000000000000000000, 0.000000000000000000, 1.000000000000000000 ) ) ;
#2291 = CARTESIAN_POINT ( 'NONE',  ( -0.6476699409902360038, -5.484739481868279753, -2.285999999999993371 ) ) ;
#2292 = CARTESIAN_POINT ( 'NONE',  ( -5.611834548134891243, -2.376926607282876081, -2.285999999999997812 ) ) ;
#2293 = CARTESIAN_POINT ( 'NONE',  ( 3.960097721574094010, 4.849720999036440782E-16, 3.174999999999999822 ) ) ;
#2294 = CARTESIAN_POINT ( 'NONE',  ( 4.926769214355549487, -2.166053677396901911, 2.286000000000000476 ) ) ;
#2295 = AXIS2_PLACEMENT_3D ( 'NONE', #2231, #3779, #2613 ) ;
#2296 = CARTESIAN_POINT ( 'NONE',  ( -5.224220325235549467, 0.5003650740925660312, 2.286000000000000476 ) ) ;
#2297 = VERTEX_POINT ( 'NONE', #694 ) ;
#2298 = CARTESIAN_POINT ( 'NONE',  ( -0.6101348444133464222, -5.393707460080332083, -2.286000000000000920 ) ) ;
#2299 = CARTESIAN_POINT ( 'NONE',  ( 4.241329277686503474, 2.880640466208736150, -2.286000000000000920 ) ) ;
#2300 = AXIS2_PLACEMENT_3D ( 'NONE', #1530, #4122, #352 ) ;
#2301 = ADVANCED_FACE ( 'NONE', ( #3410 ), #3005, .T. ) ;
#2302 = ORIENTED_EDGE ( 'NONE', *, *, #4288, .F. ) ;
#2303 = CARTESIAN_POINT ( 'NONE',  ( 5.310665190646409961, -4.503699405991244298, -2.286000000000000920 ) ) ;
#2304 = CARTESIAN_POINT ( 'NONE',  ( 4.395000467436834590, 3.265033223548866825, -2.286000000000002697 ) ) ;
#2305 = CARTESIAN_POINT ( 'NONE',  ( -4.241326470143099492, -2.819336768032404628, 2.286000000000000476 ) ) ;
#2306 = DIRECTION ( 'NONE',  ( 1.000000000000000000, 0.000000000000000000, 0.000000000000000000 ) ) ;
#2307 = CARTESIAN_POINT ( 'NONE',  ( 2.232778667186851251, -4.615372461749465138, 2.286000000000000476 ) ) ;
#2308 = CARTESIAN_POINT ( 'NONE',  ( 0.6763057282891287159, -5.580159256687752922, 2.286000000000000476 ) ) ;
#2309 = CARTESIAN_POINT ( 'NONE',  ( -7.227524615835522859, -1.626741853133589544, -2.286000000000000476 ) ) ;
#2310 = CARTESIAN_POINT ( 'NONE',  ( -4.510804669069875317, 2.301622352330626065, -2.285999999999988930 ) ) ;
#2311 = CARTESIAN_POINT ( 'NONE',  ( -2.204962537704674652, -7.072590850357793002, 2.286000000000000476 ) ) ;
#2312 = CARTESIAN_POINT ( 'NONE',  ( 5.680356212974282393, -0.6970097785450480865, -2.285999999999992482 ) ) ;
#2313 = CARTESIAN_POINT ( 'NONE',  ( 6.655589417870370283, -1.085587763892387647, -2.286000000000000920 ) ) ;
#2314 = CARTESIAN_POINT ( 'NONE',  ( -1.562936208161112672, 7.172119510935875297, -2.286000000000000920 ) ) ;
#2315 = CARTESIAN_POINT ( 'NONE',  ( 4.503699405991239857, 5.310665190646412626, -2.285999999999991594 ) ) ;
#2316 = DIRECTION ( 'NONE',  ( 1.000000000000000000, 0.000000000000000000, 0.000000000000000000 ) ) ;
#2317 = CARTESIAN_POINT ( 'NONE',  ( -0.5330684818325865937, -5.264891270736411499, 2.286000000000000476 ) ) ;
#2318 = CARTESIAN_POINT ( 'NONE',  ( -6.555650691920507533, -2.347321263097900346, -2.285999999999997812 ) ) ;
#2319 = CARTESIAN_POINT ( 'NONE',  ( -4.826063829536962224, 2.170794788144380760, -2.286000000000000920 ) ) ;
#2320 = ORIENTED_EDGE ( 'NONE', *, *, #3388, .F. ) ;
#2321 = CARTESIAN_POINT ( 'NONE',  ( 4.774490053667270750, -2.178781297287128105, -2.285999999999994259 ) ) ;
#2322 = CARTESIAN_POINT ( 'NONE',  ( -3.443806281393321012, 4.570827893707972933, 2.286000000000000476 ) ) ;
#2323 = CARTESIAN_POINT ( 'NONE',  ( -5.349734136913458116, -0.5875270965913551580, -2.285999999999992482 ) ) ;
#2324 = EDGE_LOOP ( 'NONE', ( #4359, #2378, #3894, #3324 ) ) ;
#2325 = CARTESIAN_POINT ( 'NONE',  ( 6.181594833392608734, 0.7992465585685059049, -2.285999999999992482 ) ) ;
#2326 = CARTESIAN_POINT ( 'NONE',  ( 5.310665190646406408, 4.503699405991246962, -2.286000000000000920 ) ) ;
#2327 = CARTESIAN_POINT ( 'NONE',  ( 5.128438219115363239, -4.069996442506887746, -2.286000000000000920 ) ) ;
#2328 = EDGE_CURVE ( 'NONE', #157, #1388, #852, .T. ) ;
#2329 = CARTESIAN_POINT ( 'NONE',  ( 5.037714479379332033, 3.908841068998490709, -2.286000000000002697 ) ) ;
#2330 = CARTESIAN_POINT ( 'NONE',  ( -4.422841945095524530, -2.396986420425921249, 2.286000000000000476 ) ) ;
#2331 = CARTESIAN_POINT ( 'NONE',  ( -6.953486125426932674, -1.338510251577864629, 2.286000000000000476 ) ) ;
#2332 = CARTESIAN_POINT ( 'NONE',  ( -3.671527976878548927, 4.864396098905571009, 2.286000000000000476 ) ) ;
#2333 = CARTESIAN_POINT ( 'NONE',  ( -0.7110321314750341903, -5.975696222817058256, 2.286000000000000476 ) ) ;
#2334 = CARTESIAN_POINT ( 'NONE',  ( -5.057282611089283009, -0.2621389074985169820, -2.286000000000000920 ) ) ;
#2335 = CARTESIAN_POINT ( 'NONE',  ( -4.366020258804536702, 3.225246005036189523, -2.285999999999988930 ) ) ;
#2336 = ADVANCED_FACE ( 'NONE', ( #1961, #2037 ), #2361, .F. ) ;
#2337 = CARTESIAN_POINT ( 'NONE',  ( 2.208998909360595952, -4.668876377298398772, 2.286000000000000476 ) ) ;
#2338 = CARTESIAN_POINT ( 'NONE',  ( 5.082526083828510899, 3.984899404126271527, 2.286000000000000476 ) ) ;
#2339 = CARTESIAN_POINT ( 'NONE',  ( 5.393707460080332083, -0.6101348444133467552, 2.286000000000000476 ) ) ;
#2340 = CARTESIAN_POINT ( 'NONE',  ( 7.172119510935876185, 1.562936208161112228, -2.286000000000000920 ) ) ;
#2341 = CARTESIAN_POINT ( 'NONE',  ( -1.018960161258259944, 6.563695275366480786, 2.286000000000000476 ) ) ;
#2342 = CARTESIAN_POINT ( 'NONE',  ( -4.994660515912102028, -3.841545219201190964, 2.286000000000000476 ) ) ;
#2343 = CARTESIAN_POINT ( 'NONE',  ( -4.916195901929391709, -3.732199908664473931, -2.286000000000000920 ) ) ;
#2344 = SHAPE_DEFINITION_REPRESENTATION ( #2916, #1332 ) ;
#2345 = CARTESIAN_POINT ( 'NONE',  ( -1.626741853203426569, -7.227524615896165017, -2.285999999999993371 ) ) ;
#2346 = CARTESIAN_POINT ( 'NONE',  ( 0.000000000000000000, 0.000000000000000000, 2.286000000000000476 ) ) ;
#2347 = CARTESIAN_POINT ( 'NONE',  ( -5.073758694932548607, 2.181471118769024997, -2.286000000000000920 ) ) ;
#2348 = ORIENTED_EDGE ( 'NONE', *, *, #3817, .T. ) ;
#2349 = CARTESIAN_POINT ( 'NONE',  ( 5.316625765703148154, -2.256044226555254717, 2.286000000000000476 ) ) ;
#2350 = CARTESIAN_POINT ( 'NONE',  ( -2.263428084871105472, 4.562280498011124230, 2.286000000000000476 ) ) ;
#2351 = CARTESIAN_POINT ( 'NONE',  ( -6.476356000746373631, 0.9605012029655746186, -2.285999999999992482 ) ) ;
#2352 = CIRCLE ( 'NONE', #4624, 7.408333222071330049 ) ;
#2353 = EDGE_LOOP ( 'NONE', ( #3615, #3442, #197, #3587 ) ) ;
#2354 = CARTESIAN_POINT ( 'NONE',  ( 6.563695275366480786, 1.018960161258258612, 2.286000000000000476 ) ) ;
#2355 = CARTESIAN_POINT ( 'NONE',  ( 3.094096482592030295, -4.292995347704374076, -2.286000000000000920 ) ) ;
#2356 = CARTESIAN_POINT ( 'NONE',  ( 4.876787775934690039, -2.166710717189361368, -2.286000000000000920 ) ) ;
#2357 = CARTESIAN_POINT ( 'NONE',  ( 4.241329277686503474, 2.880640466208736150, -2.286000000000002697 ) ) ;
#2358 = CARTESIAN_POINT ( 'NONE',  ( -5.785647839301008233, 0.7102931347230225789, 2.286000000000000476 ) ) ;
#2359 = EDGE_CURVE ( 'NONE', #4592, #2940, #1628, .T. ) ;
#2360 = CARTESIAN_POINT ( 'NONE',  ( -3.984899404126271527, 5.082526083828510899, -2.285999999999990706 ) ) ;
#2361 = PLANE ( 'NONE',  #1902 ) ;
#2362 = CARTESIAN_POINT ( 'NONE',  ( -5.896140974621092212, -0.7170584013211542818, -2.286000000000000920 ) ) ;
#2363 = CARTESIAN_POINT ( 'NONE',  ( -4.774490053667271638, 2.178781297287127217, -2.285999999999988930 ) ) ;
#2364 = CARTESIAN_POINT ( 'NONE',  ( 3.443806281393318791, -4.570827893707974710, 2.286000000000000476 ) ) ;
#2365 = CARTESIAN_POINT ( 'NONE',  ( -1.626741853133644167, 7.227524615835569932, 2.286000000000000476 ) ) ;
#2366 = CARTESIAN_POINT ( 'NONE',  ( 5.732355088791447173, -0.7045212705935075537, 2.286000000000000476 ) ) ;
#2367 = EDGE_CURVE ( 'NONE', #2275, #4592, #4725, .T. ) ;
#2368 = CARTESIAN_POINT ( 'NONE',  ( 4.267941290503535434, -5.221115631088428799, -2.285999999999994259 ) ) ;
#2369 = CARTESIAN_POINT ( 'NONE',  ( -0.5003650740925678075, 5.224220325235548579, 2.286000000000000476 ) ) ;
#2370 = CARTESIAN_POINT ( 'NONE',  ( -5.414792396100658323, -2.301950562403214384, 2.286000000000000476 ) ) ;
#2371 = CARTESIAN_POINT ( 'NONE',  ( -4.953794882336380212, -3.782965240303919785, -2.286000000000000920 ) ) ;
#2372 = CARTESIAN_POINT ( 'NONE',  ( 2.370488230432052479, 6.427404040144043762, 2.286000000000000476 ) ) ;
#2373 = CARTESIAN_POINT ( 'NONE',  ( -2.370488230432060028, 6.427404040144038433, 2.286000000000000476 ) ) ;
#2374 = CARTESIAN_POINT ( 'NONE',  ( 4.317644004947604586, -2.572579828584875550, 2.286000000000000476 ) ) ;
#2375 = CARTESIAN_POINT ( 'NONE',  ( 4.926769214355549487, -2.166053677396901911, -2.285999999999994259 ) ) ;
#2376 = CARTESIAN_POINT ( 'NONE',  ( -5.429769591381435667, 4.939602216290269077, 2.286000000000000476 ) ) ;
#2377 = CARTESIAN_POINT ( 'NONE',  ( 0.000000000000000000, 0.000000000000000000, -2.286000000000000476 ) ) ;
#2378 = ORIENTED_EDGE ( 'NONE', *, *, #3388, .T. ) ;
#2379 = CARTESIAN_POINT ( 'NONE',  ( 3.841545219201189632, -4.994660515912102916, -2.286000000000000920 ) ) ;
#2380 = CARTESIAN_POINT ( 'NONE',  ( 4.655371438823709518, -3.507955818454324692, -2.286000000000000920 ) ) ;
#2381 = CARTESIAN_POINT ( 'NONE',  ( 5.267837672253019576, 2.236549931580966266, 2.286000000000000476 ) ) ;
#2382 = CARTESIAN_POINT ( 'NONE',  ( -5.057282611089284785, 0.2621389074985149836, 2.286000000000000476 ) ) ;
#2383 = CARTESIAN_POINT ( 'NONE',  ( -4.164293022777183495, 5.174846770538136909, 2.286000000000000476 ) ) ;
#2384 = CARTESIAN_POINT ( 'NONE',  ( -0.6301014820750940881, -5.438698666219212718, 2.286000000000000476 ) ) ;
#2385 = CARTESIAN_POINT ( 'NONE',  ( -5.147865004549772472, -0.4213890162108055448, -2.286000000000000920 ) ) ;
#2386 = CARTESIAN_POINT ( 'NONE',  ( -4.655371438823710406, 3.507955818454323360, -2.285999999999988930 ) ) ;
#2387 = CARTESIAN_POINT ( 'NONE',  ( 4.069996442506888634, -5.128438219115362351, 2.286000000000000476 ) ) ;
#2388 = DIRECTION ( 'NONE',  ( -0.000000000000000000, -0.000000000000000000, -1.000000000000000000 ) ) ;
#2389 = CARTESIAN_POINT ( 'NONE',  ( -2.263428084871105472, 4.562280498011124230, -2.286000000000000920 ) ) ;
#2390 = VERTEX_POINT ( 'NONE', #2167 ) ;
#2391 = DIRECTION ( 'NONE',  ( -0.000000000000000000, -0.000000000000000000, 1.000000000000000000 ) ) ;
#2392 = CARTESIAN_POINT ( 'NONE',  ( -1.085587763892388091, 6.655589417870369395, 2.286000000000000476 ) ) ;
#2393 = CARTESIAN_POINT ( 'NONE',  ( -4.462463875555763515, -2.347567037772633203, 2.286000000000000476 ) ) ;
#2394 = CARTESIAN_POINT ( 'NONE',  ( -4.339242117764194440, -3.183680459516557093, -2.286000000000000920 ) ) ;
#2395 = PLANE ( 'NONE',  #3195 ) ;
#2396 = DIRECTION ( 'NONE',  ( -0.000000000000000000, -0.000000000000000000, 1.000000000000000000 ) ) ;
#2397 = EDGE_CURVE ( 'NONE', #1288, #387, #2524, .T. ) ;
#2398 = CARTESIAN_POINT ( 'NONE',  ( 4.287272105162936775, -2.631800271163144078, -2.285999999999994259 ) ) ;
#2399 = CARTESIAN_POINT ( 'NONE',  ( 2.166710717189357371, 4.876787775934691815, 2.286000000000000476 ) ) ;
#2400 = CARTESIAN_POINT ( 'NONE',  ( -3.908841068998490709, 5.037714479379332033, 2.286000000000000476 ) ) ;
#2401 = CARTESIAN_POINT ( 'NONE',  ( -7.227524615896165017, 1.626741853203425681, -2.285999999999992482 ) ) ;
#2402 = ORIENTED_EDGE ( 'NONE', *, *, #968, .F. ) ;
#2403 = CARTESIAN_POINT ( 'NONE',  ( -6.751539294367504773, -1.160798993145839564, 2.286000000000000476 ) ) ;
#2404 = CARTESIAN_POINT ( 'NONE',  ( 4.395000467436835478, -3.265033223548863273, -2.286000000000000920 ) ) ;
#2405 = CARTESIAN_POINT ( 'NONE',  ( 4.615372461749464250, 2.232778667186853028, -2.286000000000002697 ) ) ;
#2406 = CARTESIAN_POINT ( 'NONE',  ( -5.224220325235548579, -0.5003650740925674745, 2.286000000000000476 ) ) ;
#2407 = CARTESIAN_POINT ( 'NONE',  ( -5.445848997224151056, 5.022562078130889951, -2.286000000000000476 ) ) ;
#2408 = CARTESIAN_POINT ( 'NONE',  ( 0.1355698399325903081, -5.028786691589065327, 2.286000000000000476 ) ) ;
#2409 = CARTESIAN_POINT ( 'NONE',  ( -2.406359558239484553, -6.088939422080939856, 2.286000000000000476 ) ) ;
#2410 = CARTESIAN_POINT ( 'NONE',  ( -5.174846770538141350, 4.164293022777179054, 2.286000000000000476 ) ) ;
#2411 = CARTESIAN_POINT ( 'NONE',  ( 2.168461455044142561, -4.976155103217881681, 2.286000000000000476 ) ) ;
#2412 = CARTESIAN_POINT ( 'NONE',  ( 0.000000000000000000, 0.000000000000000000, 3.174999999999999822 ) ) ;
#2413 = CARTESIAN_POINT ( 'NONE',  ( -3.732199908664473931, 4.916195901929390821, -2.286000000000000920 ) ) ;
#2414 = CARTESIAN_POINT ( 'NONE',  ( 0.000000000000000000, 0.000000000000000000, 3.174999999999999822 ) ) ;
#2415 = CARTESIAN_POINT ( 'NONE',  ( -0.7045212705935085529, 5.732355088791446285, -2.285999999999994259 ) ) ;
#2416 = CARTESIAN_POINT ( 'NONE',  ( -7.072590850357782344, -2.204962537704679981, 2.286000000000000476 ) ) ;
#2417 = CARTESIAN_POINT ( 'NONE',  ( -4.994660515912102028, -3.841545219201190964, -2.286000000000000920 ) ) ;
#2418 = DATE_TIME_ROLE ( 'classification_date' ) ;
#2419 = CARTESIAN_POINT ( 'NONE',  ( -0.7992465585685053497, -6.181594833392607846, 2.286000000000000476 ) ) ;
#2420 = CARTESIAN_POINT ( 'NONE',  ( -1.614999999999999769, -1.614999999999999769, -2.286000000000000032 ) ) ;
#2421 = CARTESIAN_POINT ( 'NONE',  ( 4.459232637575093250, -3.340134799346916594, -2.285999999999994259 ) ) ;
#2422 = EDGE_LOOP ( 'NONE', ( #2957, #4117 ) ) ;
#2423 = CARTESIAN_POINT ( 'NONE',  ( 2.168461455044137676, 4.976155103217884346, -2.285999999999991594 ) ) ;
#2424 = CARTESIAN_POINT ( 'NONE',  ( -4.809226556556638776, 5.400580374558709096, 2.286000000000000476 ) ) ;
#2425 = CARTESIAN_POINT ( 'NONE',  ( 0.000000000000000000, 0.000000000000000000, 2.286000000000000032 ) ) ;
#2426 = ORIENTED_EDGE ( 'NONE', *, *, #1315, .F. ) ;
#2427 = CARTESIAN_POINT ( 'NONE',  ( -7.227524615896121496, -1.626741853203378163, -2.285999999999992482 ) ) ;
#2428 = AXIS2_PLACEMENT_3D ( 'NONE', #2993, #4187, #2562 ) ;
#2429 = DIRECTION ( 'NONE',  ( 1.000000000000000000, 0.000000000000000000, 0.000000000000000000 ) ) ;
#2430 = CARTESIAN_POINT ( 'NONE',  ( 4.876787775934690039, 2.166710717189364477, 2.286000000000000476 ) ) ;
#2431 = CIRCLE ( 'NONE', #4797, 7.408333222071330049 ) ;
#2432 = CARTESIAN_POINT ( 'NONE',  ( -5.629638264086795907, 0.6876082620354372343, 2.286000000000000476 ) ) ;
#2433 = CARTESIAN_POINT ( 'NONE',  ( -3.340134799346919703, 4.459232637575090585, -2.285999999999990706 ) ) ;
#2434 = CARTESIAN_POINT ( 'NONE',  ( -6.088939422080938968, 2.406359558239483665, 2.286000000000000476 ) ) ;
#2435 = CARTESIAN_POINT ( 'NONE',  ( -3.538372490040374796, -4.700943863347388785, 2.286000000000000476 ) ) ;
#2436 = CARTESIAN_POINT ( 'NONE',  ( 0.000000000000000000, 0.000000000000000000, 0.000000000000000000 ) ) ;
#2437 = CARTESIAN_POINT ( 'NONE',  ( 4.510804669069874429, 2.301622352330630950, 2.286000000000000476 ) ) ;
#2438 = CARTESIAN_POINT ( 'NONE',  ( -2.387648127366837514, 6.306703394980817556, -2.286000000000000920 ) ) ;
#2439 = CARTESIAN_POINT ( 'NONE',  ( -4.247487361087595836, 2.938866095189174743, -2.286000000000000920 ) ) ;
#2440 = ORIENTED_EDGE ( 'NONE', *, *, #1248, .T. ) ;
#2441 = CARTESIAN_POINT ( 'NONE',  ( 4.809226556586334134, -5.400580374566925634, -2.285999999999994259 ) ) ;
#2442 = CARTESIAN_POINT ( 'NONE',  ( -0.5875270965913554910, 5.349734136913458116, -2.285999999999994259 ) ) ;
#2443 = CARTESIAN_POINT ( 'NONE',  ( -5.611834548134891243, -2.376926607282876081, 2.286000000000000476 ) ) ;
#2444 = CARTESIAN_POINT ( 'NONE',  ( 5.038390598587967339, 0.1981792459797990791, 2.286000000000000476 ) ) ;
#2445 = CARTESIAN_POINT ( 'NONE',  ( 2.191741345851253797, 5.122257907086416928, 2.286000000000000476 ) ) ;
#2446 = CARTESIAN_POINT ( 'NONE',  ( -2.387648127366833073, -6.306703394980819333, 2.286000000000000920 ) ) ;
#2447 = CARTESIAN_POINT ( 'NONE',  ( 0.7474384492293199012, -6.048454584161421010, -2.286000000000000920 ) ) ;
#2448 = CARTESIAN_POINT ( 'NONE',  ( 4.258722005451613057, -2.993776443851756675, -2.285999999999994259 ) ) ;
#2449 = ORIENTED_EDGE ( 'NONE', *, *, #555, .F. ) ;
#2450 = CARTESIAN_POINT ( 'NONE',  ( 2.232778667186845478, 4.615372461749466915, -2.285999999999991594 ) ) ;
#2451 = CARTESIAN_POINT ( 'NONE',  ( -6.751539294367503885, 1.160798993145837787, -2.285999999999992482 ) ) ;
#2452 = CARTESIAN_POINT ( 'NONE',  ( 2.938866095189176519, -4.247487361087594948, -2.286000000000000920 ) ) ;
#2453 = DIRECTION ( 'NONE',  ( -0.000000000000000000, -0.000000000000000000, 1.000000000000000000 ) ) ;
#2454 = CARTESIAN_POINT ( 'NONE',  ( 4.774490053667269862, 2.178781297287131213, -2.286000000000002697 ) ) ;
#2455 = CARTESIAN_POINT ( 'NONE',  ( -5.629638264086795907, -0.6876082620354386776, 2.286000000000000476 ) ) ;
#2456 = CARTESIAN_POINT ( 'NONE',  ( -2.170794788144384313, 4.826063829536959560, -2.285999999999990706 ) ) ;
#2457 = CARTESIAN_POINT ( 'NONE',  ( -5.414792396100660987, 2.301950562403210832, 2.286000000000000476 ) ) ;
#2458 = CARTESIAN_POINT ( 'NONE',  ( -2.327079695769369128, -5.464737068976783796, 2.286000000000000476 ) ) ;
#2459 = LINE ( 'NONE', #2485, #3112 ) ;
#2460 = DIRECTION ( 'NONE',  ( 0.000000000000000000, 0.000000000000000000, -1.000000000000000000 ) ) ;
#2461 = CARTESIAN_POINT ( 'NONE',  ( -3.340134799346919703, 4.459232637575090585, -2.286000000000000920 ) ) ;
#2462 = CARTESIAN_POINT ( 'NONE',  ( -0.6101348444133477544, 5.393707460080332083, 2.286000000000000476 ) ) ;
#2463 = CIRCLE ( 'NONE', #2300, 7.408333222071330049 ) ;
#2464 = ORIENTED_EDGE ( 'NONE', *, *, #1591, .T. ) ;
#2465 = CARTESIAN_POINT ( 'NONE',  ( 3.410305354818154555, -4.531605619798374285, 2.286000000000000476 ) ) ;
#2466 = CARTESIAN_POINT ( 'NONE',  ( 0.6876082620354367902, 5.629638264086795907, 2.286000000000000476 ) ) ;
#2467 = CARTESIAN_POINT ( 'NONE',  ( -5.824206007570938759, -2.404730280458378555, 2.286000000000000476 ) ) ;
#2468 = CARTESIAN_POINT ( 'NONE',  ( 5.264891270736411499, -0.5330684818325869267, 2.286000000000000476 ) ) ;
#2469 = CARTESIAN_POINT ( 'NONE',  ( 2.178781297287124552, 4.774490053667272527, 2.286000000000000476 ) ) ;
#2470 = CARTESIAN_POINT ( 'NONE',  ( -2.178781297287128105, -4.774490053667272527, -2.285999999999990262 ) ) ;
#2471 = CARTESIAN_POINT ( 'NONE',  ( 1.562936208161112228, -7.172119510935875297, -2.286000000000000920 ) ) ;
#2472 = DIRECTION ( 'NONE',  ( -0.000000000000000000, 0.000000000000000000, 1.000000000000000000 ) ) ;
#2473 = CARTESIAN_POINT ( 'NONE',  ( 0.7740819819406967728, 6.123650495384040937, -2.286000000000000920 ) ) ;
#2474 = ORIENTED_EDGE ( 'NONE', *, *, #655, .T. ) ;
#2475 = CARTESIAN_POINT ( 'NONE',  ( 2.387648127366829520, 6.306703394980819333, -2.285999999999991594 ) ) ;
#2476 = CARTESIAN_POINT ( 'NONE',  ( 6.865202557812162709, -2.272426521269204081, 2.286000000000000476 ) ) ;
#2477 = CARTESIAN_POINT ( 'NONE',  ( 0.7170584013211538377, -5.896140974621092212, -2.285999999999993371 ) ) ;
#2478 = CARTESIAN_POINT ( 'NONE',  ( -5.732355088791446285, -0.7045212705935081088, -2.285999999999992482 ) ) ;
#2479 = CARTESIAN_POINT ( 'NONE',  ( 6.992705799588004645, 2.232517294687439868, 2.286000000000000920 ) ) ;
#2480 = B_SPLINE_CURVE_WITH_KNOTS ( 'NONE', 3,
 ( #1215, #779, #2007, #1956, #2303, #3118, #2782, #1522, #2327, #831, #1622, #421, #5030, #860, #2758, #60, #10, #3544, #2380, #3847, #3469, #1572, #3925, #1547, #4340, #2404, #4236, #3092, #3168, #4720, #3952, #3066, #367, #1928, #2032, #1191, #5005, #4617, #1140, #4672, #3496, #2684, #1598, #2710, #4263, #3872, #2735, #393, #4287, #806, #2356, #3901, #1982, #3523, #36, #3143, #3220, #4393, #3567, #4416, #3244, #4004, #3979, #2055, #912, #523, #4801, #1316, #4775, #83, #3193, #2078, #1675, #1647, #4365, #497, #3620, #2861, #2834 ),
 .UNSPECIFIED., .F., .F.,
 ( 4, 1, 1, 1, 1, 1, 1, 1, 1, 1, 1, 1, 1, 1, 1, 1, 1, 1, 1, 1, 1, 1, 1, 1, 1, 1, 1, 1, 1, 1, 1, 1, 1, 1, 1, 1, 1, 1, 1, 1, 1, 1, 1, 1, 1, 1, 1, 1, 1, 1, 1, 1, 1, 1, 1, 1, 1, 1, 1, 1, 1, 1, 1, 1, 1, 1, 1, 1, 1, 1, 1, 1, 1, 1, 1, 1, 4 ),
 ( 0.01103315320116528449, 0.05345531963080774052, 0.07807290109913944676, 0.1012837636727261792, 0.1230879073546432556, 0.1434853321486017075, 0.1624760380591379061, 0.1800600250918766854, 0.1962372932539097059, 0.2110078425543557845, 0.2243716730052127684, 0.2363287846227128952, 0.2468791774295817643, 0.2560228514590334736, 0.2765703373738779280, 0.2861597148600217855, 0.2955281054245302297, 0.3046873400362805073, 0.3136510682187724219, 0.3224350908376913960, 0.3310577570337658315, 0.3395404348280692819, 0.3479080632824442798, 0.3561897892115020170, 0.3644196805880378642, 0.3726374874240482304, 0.3808893818503648054, 0.3892285417683729598, 0.3977153332009296660, 0.4064166828338137138, 0.4154040162538316094, 0.4247489170962575056, 0.4345155871249806179, 0.4447495655339210874, 0.4554634245512343416, 0.4666225055634414254, 0.4781364573014081909, 0.4871735315700953528, 0.5000000000000000000, 0.5128264684299046472, 0.5218635426985918091, 0.5333774944365585746, 0.5445365754487656584, 0.5552504344660789126, 0.5654844128750193821, 0.5752510829037426054, 0.5845959837461683906, 0.5935833171661862862, 0.6022846667990703340, 0.6107714582316270402, 0.6191106181496351946, 0.6273625125759517696, 0.6355803194119621358, 0.6438102107884980940, 0.6520919367175557202, 0.6604595651719308291, 0.6689422429662341685, 0.6775649091623087150, 0.6863489317812276891, 0.6953126599637196037, 0.7044718945754698813, 0.7138402851399783255, 0.7234296626261221830, 0.7439771485409665264, 0.7531208225704181247, 0.7636712153772871048, 0.7756283269947872316, 0.7889921574456442155, 0.8037627067460902941, 0.8199399749081233146, 0.8375239619408619829, 0.8565146678513981815, 0.8769120926453565223, 0.8987162363272737098, 0.9219270989008604422, 0.9465446803691922595, 0.9889668467988225187 ),
 .UNSPECIFIED. ) ;
#2481 = DIRECTION ( 'NONE',  ( 0.000000000000000000, 0.000000000000000000, 1.000000000000000000 ) ) ;
#2482 = CARTESIAN_POINT ( 'NONE',  ( -2.755660258758657832, 4.248665761571357891, -2.285999999999990706 ) ) ;
#2483 = EDGE_CURVE ( 'NONE', #1336, #3945, #232, .T. ) ;
#2484 = CARTESIAN_POINT ( 'NONE',  ( -3.569061278851721308, -4.747678667655630846, 2.286000000000000476 ) ) ;
#2485 = CARTESIAN_POINT ( 'NONE',  ( -7.072590850357791226, 2.204962537704673764, 2.286000000000000476 ) ) ;
#2486 = CARTESIAN_POINT ( 'NONE',  ( 5.316625765703147266, 2.256044226555258270, 2.286000000000000476 ) ) ;
#2487 = CARTESIAN_POINT ( 'NONE',  ( -2.819336768032405072, 4.241326470143098604, -2.286000000000000920 ) ) ;
#2488 = CARTESIAN_POINT ( 'NONE',  ( 0.6970097785450469763, 5.680356212974282393, 2.286000000000000476 ) ) ;
#2489 = ORIENTED_EDGE ( 'NONE', *, *, #2088, .T. ) ;
#2490 = CARTESIAN_POINT ( 'NONE',  ( 3.140066744230174400, -4.314820411705333036, 2.286000000000000476 ) ) ;
#2491 = CARTESIAN_POINT ( 'NONE',  ( 0.7170584013211522834, 5.896140974621092212, 2.286000000000000476 ) ) ;
#2492 = CARTESIAN_POINT ( 'NONE',  ( 3.538372490040370799, 4.700943863347389673, -2.286000000000000920 ) ) ;
#2493 = CARTESIAN_POINT ( 'NONE',  ( 5.025479307074646407, 0.06909748234411666745, 2.286000000000000476 ) ) ;
#2494 = CARTESIAN_POINT ( 'NONE',  ( 2.396986420425915920, 4.422841945095528082, 2.286000000000000476 ) ) ;
#2495 = CARTESIAN_POINT ( 'NONE',  ( -2.398629593088689838, -5.753041440904888226, 2.286000000000000920 ) ) ;
#2496 = CARTESIAN_POINT ( 'NONE',  ( 1.160798993145839120, -6.751539294367504773, -2.286000000000000920 ) ) ;
#2497 = CARTESIAN_POINT ( 'NONE',  ( -5.445848997224146615, 5.022562078130884622, 2.286000000000000476 ) ) ;
#2498 = CARTESIAN_POINT ( 'NONE',  ( 0.6876082620354367902, 5.629638264086795907, -2.286000000000000920 ) ) ;
#2499 = ORIENTED_EDGE ( 'NONE', *, *, #4481, .F. ) ;
#2500 = CARTESIAN_POINT ( 'NONE',  ( 2.166053677396898358, 4.926769214355551263, -2.285999999999991594 ) ) ;
#2501 = LINE ( 'NONE', #4078, #160 ) ;
#2502 = CARTESIAN_POINT ( 'NONE',  ( 0.7045212705935078867, -5.732355088791446285, -2.285999999999993371 ) ) ;
#2503 = CARTESIAN_POINT ( 'NONE',  ( -5.840323052443587848, -0.7138485327532726465, 2.286000000000000476 ) ) ;
#2504 = CARTESIAN_POINT ( 'NONE',  ( -1.614999999999999769, -1.614999999999999769, 2.286000000000000032 ) ) ;
#2505 = CARTESIAN_POINT ( 'NONE',  ( 6.088939422080936303, 2.406359558239488550, -2.286000000000000920 ) ) ;
#2506 = CARTESIAN_POINT ( 'NONE',  ( -3.265033223548866825, 4.395000467436834590, 2.286000000000000476 ) ) ;
#2507 = CARTESIAN_POINT ( 'NONE',  ( -2.399402252589299067, -6.193806931796399518, 2.286000000000000476 ) ) ;
#2508 = VECTOR ( 'NONE', #1230, 1000.000000000000000 ) ;
#2509 = CARTESIAN_POINT ( 'NONE',  ( 2.372076222644153187, -5.530620799995804582, 2.286000000000000476 ) ) ;
#2510 = CARTESIAN_POINT ( 'NONE',  ( 4.462463875555762627, 2.347567037772633647, 2.286000000000000476 ) ) ;
#2511 = CARTESIAN_POINT ( 'NONE',  ( -2.880640466208733930, -4.241329277686507027, -2.286000000000000920 ) ) ;
#2512 = EDGE_CURVE ( 'NONE', #3869, #2807, #2979, .T. ) ;
#2513 = CARTESIAN_POINT ( 'NONE',  ( 0.6630252695113217909, 5.531876145198175720, 2.286000000000000476 ) ) ;
#2514 = VERTEX_POINT ( 'NONE', #4074 ) ;
#2515 = CARTESIAN_POINT ( 'NONE',  ( 2.263428084871103696, -4.562280498011125118, -2.285999999999994259 ) ) ;
#2516 = CARTESIAN_POINT ( 'NONE',  ( 0.6763057282891276056, 5.580159256687754699, 2.286000000000000476 ) ) ;
#2517 = CARTESIAN_POINT ( 'NONE',  ( 2.327079695769365575, 5.464737068976784684, -2.286000000000000920 ) ) ;
#2518 = CARTESIAN_POINT ( 'NONE',  ( 5.028786691589064439, -0.1355698399325895587, 2.286000000000000476 ) ) ;
#2519 = CARTESIAN_POINT ( 'NONE',  ( -5.414792396100660987, 2.301950562403210832, -2.285999999999988930 ) ) ;
#2520 = CARTESIAN_POINT ( 'NONE',  ( 2.219332909268637355, 5.219213881833814739, 2.286000000000000476 ) ) ;
#2521 = CARTESIAN_POINT ( 'NONE',  ( -2.514012115883947018, -4.354396715554734065, -2.285999999999990262 ) ) ;
#2522 = CARTESIAN_POINT ( 'NONE',  ( 5.840323052443587848, 0.7138485327532718694, -2.285999999999992482 ) ) ;
#2523 = EDGE_CURVE ( 'NONE', #4112, #3340, #1655, .T. ) ;
#2524 = LINE ( 'NONE', #3714, #21 ) ;
#2525 = CARTESIAN_POINT ( 'NONE',  ( 5.082526083828512675, -3.984899404126267086, -2.285999999999994259 ) ) ;
#2526 = ORIENTED_EDGE ( 'NONE', *, *, #5011, .F. ) ;
#2527 = CARTESIAN_POINT ( 'NONE',  ( 3.538372490040370799, 4.700943863347389673, -2.285999999999991594 ) ) ;
#2528 = CARTESIAN_POINT ( 'NONE',  ( 4.247487361087594948, -2.938866095189175631, 2.286000000000000476 ) ) ;
#2529 = CARTESIAN_POINT ( 'NONE',  ( -6.476356000746373631, -0.9605012029655757289, 2.286000000000000476 ) ) ;
#2530 = CARTESIAN_POINT ( 'NONE',  ( 5.824206007570938759, 2.404730280458378999, 2.286000000000000476 ) ) ;
#2531 = CARTESIAN_POINT ( 'NONE',  ( 4.264284629575963770, 2.690823560815337245, -2.286000000000000920 ) ) ;
#2532 = CARTESIAN_POINT ( 'NONE',  ( -3.045439027948421806, 4.274124979574701833, 2.286000000000000476 ) ) ;
#2533 = ORIENTED_EDGE ( 'NONE', *, *, #4541, .F. ) ;
#2534 = DIRECTION ( 'NONE',  ( 1.000000000000000000, 0.000000000000000000, 0.000000000000000000 ) ) ;
#2535 = CARTESIAN_POINT ( 'NONE',  ( 5.992287157413075604, 2.409147001929397902, 2.286000000000000476 ) ) ;
#2536 = CARTESIAN_POINT ( 'NONE',  ( -2.191273222451026736, -4.722047456352865602, -2.286000000000000920 ) ) ;
#2537 = CARTESIAN_POINT ( 'NONE',  ( -0.8662984254189470823, 6.317209250654444830, 2.286000000000000476 ) ) ;
#2538 = VERTEX_POINT ( 'NONE', #4894 ) ;
#2539 = CARTESIAN_POINT ( 'NONE',  ( 3.225246005036190855, -4.366020258804534926, -2.285999999999994259 ) ) ;
#2540 = CARTESIAN_POINT ( 'NONE',  ( -0.3209540278680271252, 5.082764852903506991, 2.286000000000000476 ) ) ;
#2541 = VECTOR ( 'NONE', #1795, 1000.000000000000000 ) ;
#2542 = CARTESIAN_POINT ( 'NONE',  ( 3.507955818454320696, 4.655371438823713071, -2.286000000000000920 ) ) ;
#2543 = CARTESIAN_POINT ( 'NONE',  ( -5.464737068976782908, 2.327079695769368684, -2.285999999999988930 ) ) ;
#2544 = CARTESIAN_POINT ( 'NONE',  ( 2.170794788144378096, 4.826063829536964001, 2.286000000000000476 ) ) ;
#2545 = CARTESIAN_POINT ( 'NONE',  ( -2.514012115883947018, -4.354396715554734065, 2.286000000000000920 ) ) ;
#2546 = CARTESIAN_POINT ( 'NONE',  ( 5.025479307074646407, 0.06909748234411666745, -2.285999999999992482 ) ) ;
#2547 = AXIS2_PLACEMENT_3D ( 'NONE', #1706, #918, #4086 ) ;
#2548 = CARTESIAN_POINT ( 'NONE',  ( -4.267941290503535434, -5.221115631088432352, 2.286000000000000476 ) ) ;
#2549 = CARTESIAN_POINT ( 'NONE',  ( -5.310665190646411737, 4.503699405991242521, 2.286000000000000476 ) ) ;
#2550 = CARTESIAN_POINT ( 'NONE',  ( 5.352640503693420371, -4.635926943805795730, -2.285999999999994259 ) ) ;
#2551 = ORIENTED_EDGE ( 'NONE', *, *, #1811, .F. ) ;
#2552 = CARTESIAN_POINT ( 'NONE',  ( 2.452899478489767748, 4.386741487291722308, 2.286000000000000476 ) ) ;
#2553 = CARTESIAN_POINT ( 'NONE',  ( 5.824206007570941424, -2.404730280458376779, 2.286000000000000476 ) ) ;
#2554 = EDGE_CURVE ( 'NONE', #4438, #1797, #1411, .T. ) ;
#2555 = CARTESIAN_POINT ( 'NONE',  ( -4.953794882336381100, 3.782965240303915344, -2.286000000000000920 ) ) ;
#2556 = CARTESIAN_POINT ( 'NONE',  ( -4.615372461749465138, 2.232778667186848143, 2.286000000000000476 ) ) ;
#2557 = CARTESIAN_POINT ( 'NONE',  ( 5.904012904798279671, 2.408368181655959894, 2.286000000000000476 ) ) ;
#2558 = CARTESIAN_POINT ( 'NONE',  ( 5.219213881833811186, 2.219332909268644904, -2.286000000000000920 ) ) ;
#2559 = CARTESIAN_POINT ( 'NONE',  ( -2.408368181655959894, 5.904012904798279671, 2.286000000000000476 ) ) ;
#2560 = ORIENTED_EDGE ( 'NONE', *, *, #4697, .F. ) ;
#2561 = CARTESIAN_POINT ( 'NONE',  ( -4.562280498011125118, -2.263428084871105028, -2.286000000000000920 ) ) ;
#2562 = DIRECTION ( 'NONE',  ( -1.000000000000000000, 0.000000000000000000, 0.000000000000000000 ) ) ;
#2563 = CARTESIAN_POINT ( 'NONE',  ( -3.476310862236191124, -4.612104495109642599, -2.286000000000000920 ) ) ;
#2564 = CARTESIAN_POINT ( 'NONE',  ( -0.6970097785450487526, 5.680356212974283281, 2.286000000000000476 ) ) ;
#2565 = ORIENTED_EDGE ( 'NONE', *, *, #341, .F. ) ;
#2566 = CARTESIAN_POINT ( 'NONE',  ( 2.452899478489772633, -4.386741487291721420, 2.286000000000000476 ) ) ;
#2567 = CARTESIAN_POINT ( 'NONE',  ( 0.6876082620354367902, 5.629638264086795907, -2.285999999999994259 ) ) ;
#2568 = FACE_OUTER_BOUND ( 'NONE', #103, .T. ) ;
#2569 = DIRECTION ( 'NONE',  ( 1.000000000000000000, 0.000000000000000000, 0.000000000000000000 ) ) ;
#2570 = CARTESIAN_POINT ( 'NONE',  ( 0.000000000000000000, 0.000000000000000000, -3.174999999999999822 ) ) ;
#2571 = CARTESIAN_POINT ( 'NONE',  ( -2.219332909268641352, -5.219213881833814739, 2.286000000000000920 ) ) ;
#2572 = CARTESIAN_POINT ( 'NONE',  ( 5.264891270736412388, 0.5330684818325870378, -2.285999999999992482 ) ) ;
#2573 = CARTESIAN_POINT ( 'NONE',  ( -2.500000000000000000, 0.000000000000000000, 3.174999999999999822 ) ) ;
#2574 = CARTESIAN_POINT ( 'NONE',  ( 4.864396098905572785, -3.671527976878545374, 2.286000000000000476 ) ) ;
#2575 = ORIENTED_EDGE ( 'NONE', *, *, #245, .T. ) ;
#2576 = CARTESIAN_POINT ( 'NONE',  ( 2.993776443851753566, 4.258722005451613946, -2.285999999999991594 ) ) ;
#2577 = CARTESIAN_POINT ( 'NONE',  ( 4.248665761571360555, -2.755660258758655612, 2.286000000000000476 ) ) ;
#2578 = CARTESIAN_POINT ( 'NONE',  ( 0.6763057282891287159, -5.580159256687752922, -2.285999999999993371 ) ) ;
#2579 = CARTESIAN_POINT ( 'NONE',  ( -4.366020258804536702, 3.225246005036189523, -2.286000000000000920 ) ) ;
#2580 = LINE ( 'NONE', #2504, #3480 ) ;
#2581 = FACE_OUTER_BOUND ( 'NONE', #858, .T. ) ;
#2582 = ADVANCED_FACE ( 'NONE', ( #1743 ), #3363, .T. ) ;
#2583 = CARTESIAN_POINT ( 'NONE',  ( -2.277692020846685761, 5.365664573546730765, 2.286000000000000476 ) ) ;
#2584 = ORIENTED_EDGE ( 'NONE', *, *, #4324, .F. ) ;
#2585 = CARTESIAN_POINT ( 'NONE',  ( -5.690277883870090037, -2.391450586719571003, -2.286000000000000920 ) ) ;
#2586 = CARTESIAN_POINT ( 'NONE',  ( -4.953794882336380212, -3.782965240303919785, 2.286000000000000476 ) ) ;
#2587 = CARTESIAN_POINT ( 'NONE',  ( -3.984899404126271527, 5.082526083828510899, -2.286000000000000920 ) ) ;
#2588 = CARTESIAN_POINT ( 'NONE',  ( -1.614999999999999769, 1.615000000000000213, 2.286000000000000032 ) ) ;
#2589 = CARTESIAN_POINT ( 'NONE',  ( 2.166710717189362700, -4.876787775934690927, 2.286000000000000476 ) ) ;
#2590 = CARTESIAN_POINT ( 'NONE',  ( 0.7992465585685045726, 6.181594833392607846, 2.286000000000000476 ) ) ;
#2591 = VECTOR ( 'NONE', #4163, 1000.000000000000000 ) ;
#2592 = CARTESIAN_POINT ( 'NONE',  ( -5.840323052443586960, 0.7138485327532708702, -2.286000000000000920 ) ) ;
#2593 = CARTESIAN_POINT ( 'NONE',  ( -5.904012904798279671, 2.408368181655954121, -2.285999999999988930 ) ) ;
#2594 = DIRECTION ( 'NONE',  ( 1.000000000000000000, 0.000000000000000000, 0.000000000000000000 ) ) ;
#2595 = CARTESIAN_POINT ( 'NONE',  ( -3.671527976878544930, -4.864396098905573673, -2.285999999999990262 ) ) ;
#2596 = CARTESIAN_POINT ( 'NONE',  ( 5.028024231767894925, -2.086302706325008352E-16, 2.286000000000000476 ) ) ;
#2597 = CARTESIAN_POINT ( 'NONE',  ( 5.975696222817058256, -0.7110321314750345234, -2.286000000000000920 ) ) ;
#2598 = CARTESIAN_POINT ( 'NONE',  ( -0.6630252695113237893, 5.531876145198175720, -2.286000000000000920 ) ) ;
#2599 = EDGE_LOOP ( 'NONE', ( #2905, #5027, #4847, #1259 ) ) ;
#2600 = CARTESIAN_POINT ( 'NONE',  ( 2.690823560815331916, 4.264284629575965546, 2.286000000000000476 ) ) ;
#2601 = CARTESIAN_POINT ( 'NONE',  ( 4.916195901929393486, -3.732199908664471266, 2.286000000000000476 ) ) ;
#2602 = CARTESIAN_POINT ( 'NONE',  ( -0.3209540278680262926, -5.082764852903506103, -2.285999999999993371 ) ) ;
#2603 = CARTESIAN_POINT ( 'NONE',  ( -4.722047456352863826, -2.191273222451029845, 2.286000000000000476 ) ) ;
#2604 = CARTESIAN_POINT ( 'NONE',  ( -2.372076222644154964, 5.530620799995803694, 2.286000000000000476 ) ) ;
#2605 = CARTESIAN_POINT ( 'NONE',  ( -0.5003650740925663642, -5.224220325235549467, -2.286000000000000920 ) ) ;
#2606 = CARTESIAN_POINT ( 'NONE',  ( 4.258722005451610393, 2.993776443851758895, -2.286000000000000920 ) ) ;
#2607 = CARTESIAN_POINT ( 'NONE',  ( -2.277692020846685761, 5.365664573546730765, -2.285999999999990706 ) ) ;
#2608 = EDGE_CURVE ( 'NONE', #1770, #980, #2963, .T. ) ;
#2609 = CARTESIAN_POINT ( 'NONE',  ( -5.414792396100658323, -2.301950562403214384, -2.286000000000000920 ) ) ;
#2610 = CARTESIAN_POINT ( 'NONE',  ( 5.266605046998201090, 4.381051063935450074, 2.286000000000000476 ) ) ;
#2611 = CARTESIAN_POINT ( 'NONE',  ( -4.395000467436835478, -3.265033223548865937, 2.286000000000000476 ) ) ;
#2612 = CARTESIAN_POINT ( 'NONE',  ( -3.443806281393318347, -4.570827893707975598, -2.286000000000000920 ) ) ;
#2613 = DIRECTION ( 'NONE',  ( 1.000000000000000000, 0.000000000000000000, 0.000000000000000000 ) ) ;
#2614 = CARTESIAN_POINT ( 'NONE',  ( 2.173665442670349890, -5.025101949511928900, -2.285999999999994259 ) ) ;
#2615 = CARTESIAN_POINT ( 'NONE',  ( 0.7740819819406967728, 6.123650495384040937, 2.286000000000000476 ) ) ;
#2616 = CARTESIAN_POINT ( 'NONE',  ( -5.531876145198175720, 0.6630252695113221240, -2.286000000000000920 ) ) ;
#2617 = DIRECTION ( 'NONE',  ( 0.000000000000000000, 0.000000000000000000, 1.000000000000000000 ) ) ;
#2618 = DIRECTION ( 'NONE',  ( 1.000000000000000000, 0.000000000000000000, 0.000000000000000000 ) ) ;
#2619 = CARTESIAN_POINT ( 'NONE',  ( -2.755660258758655612, -4.248665761571362331, -2.285999999999990262 ) ) ;
#2620 = CARTESIAN_POINT ( 'NONE',  ( 5.484739481868279753, 0.6476699409902362259, 2.286000000000000476 ) ) ;
#2621 = CARTESIAN_POINT ( 'NONE',  ( 5.393707460080332083, 0.6101348444133467552, -2.286000000000000920 ) ) ;
#2622 = CARTESIAN_POINT ( 'NONE',  ( 0.1981792459797991346, 5.038390598587966451, -2.286000000000000920 ) ) ;
#2623 = CARTESIAN_POINT ( 'NONE',  ( 2.347567037772629206, 4.462463875555766180, 2.286000000000000476 ) ) ;
#2624 = FACE_OUTER_BOUND ( 'NONE', #2073, .T. ) ;
#2625 = CARTESIAN_POINT ( 'NONE',  ( 9.924741844099324310E-17, -5.028024231767894925, -2.285999999999993371 ) ) ;
#2626 = CARTESIAN_POINT ( 'NONE',  ( -6.691150755271282335, -2.317559181621139164, -2.285999999999997812 ) ) ;
#2627 = AXIS2_PLACEMENT_3D ( 'NONE', #4275, #4583, #4249 ) ;
#2628 = CARTESIAN_POINT ( 'NONE',  ( -4.994660515912102916, 3.841545219201186967, -2.286000000000000920 ) ) ;
#2629 = CARTESIAN_POINT ( 'NONE',  ( -5.082764852903506103, 0.3209540278680260150, -2.285999999999992482 ) ) ;
#2630 = CARTESIAN_POINT ( 'NONE',  ( 7.072590850357793002, -2.204962537704674652, 2.286000000000000476 ) ) ;
#2631 = CARTESIAN_POINT ( 'NONE',  ( 4.747678667655626406, 3.569061278851724861, -2.286000000000000920 ) ) ;
#2632 = CARTESIAN_POINT ( 'NONE',  ( 2.166710717189357371, 4.876787775934691815, -2.286000000000000920 ) ) ;
#2633 = CARTESIAN_POINT ( 'NONE',  ( 5.310665190646406408, 4.503699405991246962, -2.286000000000002697 ) ) ;
#2634 = CARTESIAN_POINT ( 'NONE',  ( -4.426088753942310383, -3.303268363099254312, -2.285999999999997812 ) ) ;
#2635 = CARTESIAN_POINT ( 'NONE',  ( -7.072590850357723724, 2.204962537704697301, -2.286000000000000476 ) ) ;
#2636 = CARTESIAN_POINT ( 'NONE',  ( 1.160798993145837343, 6.751539294367503885, 2.286000000000000476 ) ) ;
#2637 = ADVANCED_FACE ( 'NONE', ( #1202 ), #3154, .T. ) ;
#2638 = CARTESIAN_POINT ( 'NONE',  ( 2.370488230432057808, -6.427404040144040209, 2.286000000000000476 ) ) ;
#2639 = CARTESIAN_POINT ( 'NONE',  ( 0.7992465585685045726, 6.181594833392607846, -2.285999999999994259 ) ) ;
#2640 = CARTESIAN_POINT ( 'NONE',  ( -5.680356212974282393, 0.6970097785450474204, -2.286000000000000920 ) ) ;
#2641 = CARTESIAN_POINT ( 'NONE',  ( -4.615372461749465138, 2.232778667186848143, 2.286000000000000476 ) ) ;
#2642 = DIRECTION ( 'NONE',  ( -0.000000000000000000, -0.000000000000000000, 1.000000000000000000 ) ) ;
#2643 = CARTESIAN_POINT ( 'NONE',  ( -3.303268363099252536, -4.426088753942313048, -2.285999999999990262 ) ) ;
#2644 = CARTESIAN_POINT ( 'NONE',  ( 6.655589417870370283, -1.085587763892387647, 2.286000000000000476 ) ) ;
#2645 = CARTESIAN_POINT ( 'NONE',  ( 5.785647839301008233, 0.7102931347230232451, -2.286000000000000920 ) ) ;
#2646 = CARTESIAN_POINT ( 'NONE',  ( 0.3209540278680256820, 5.082764852903506103, -2.286000000000000920 ) ) ;
#2647 = CARTESIAN_POINT ( 'NONE',  ( 3.908841068998485380, 5.037714479379339139, 2.286000000000000476 ) ) ;
#2648 = CARTESIAN_POINT ( 'NONE',  ( 4.531605619798375173, -3.410305354818153667, 2.286000000000000476 ) ) ;
#2649 = CARTESIAN_POINT ( 'NONE',  ( -0.6101348444133464222, -5.393707460080332083, -2.285999999999993371 ) ) ;
#2650 = CARTESIAN_POINT ( 'NONE',  ( -4.668876377298399660, -2.208998909360597285, 2.286000000000000476 ) ) ;
#2651 = CARTESIAN_POINT ( 'NONE',  ( -4.339242117764197104, 3.183680459516554428, -2.286000000000000920 ) ) ;
#2652 = CARTESIAN_POINT ( 'NONE',  ( 5.530620799995804582, -2.372076222644151411, 2.286000000000000476 ) ) ;
#2653 = CARTESIAN_POINT ( 'NONE',  ( -5.393707460080332083, 0.6101348444133460891, 2.286000000000000476 ) ) ;
#2654 = CARTESIAN_POINT ( 'NONE',  ( -1.562936208161145535, -7.172119510935906384, -2.286000000000001808 ) ) ;
#2655 = CARTESIAN_POINT ( 'NONE',  ( 2.204381686920556582, -5.170712537599050584, -2.286000000000000920 ) ) ;
#2656 = ORIENTED_EDGE ( 'NONE', *, *, #1564, .T. ) ;
#2657 = CARTESIAN_POINT ( 'NONE',  ( 3.094096482592025410, 4.292995347704376741, -2.286000000000000920 ) ) ;
#2658 = CARTESIAN_POINT ( 'NONE',  ( 5.445848997241717449, 5.022562078221564974, -2.286000000000002252 ) ) ;
#2659 = CARTESIAN_POINT ( 'NONE',  ( -4.819588668520768948, -3.603620000172907289, -2.285999999999997812 ) ) ;
#2660 = CARTESIAN_POINT ( 'NONE',  ( -2.398629593088689838, -5.753041440904888226, -2.286000000000000920 ) ) ;
#2661 = CARTESIAN_POINT ( 'NONE',  ( 2.387648127366834849, -6.306703394980817556, -2.285999999999994259 ) ) ;
#2662 = CARTESIAN_POINT ( 'NONE',  ( 1.626741853133644389, -7.227524615835570820, 2.286000000000000476 ) ) ;
#2663 = CARTESIAN_POINT ( 'NONE',  ( -6.655589417870370283, 1.085587763892386759, -2.286000000000000920 ) ) ;
#2664 = CARTESIAN_POINT ( 'NONE',  ( -4.314820411705334813, 3.140066744230173068, -2.285999999999988930 ) ) ;
#2665 = CARTESIAN_POINT ( 'NONE',  ( 3.671527976878541821, 4.864396098905575450, 2.286000000000000476 ) ) ;
#2666 = CARTESIAN_POINT ( 'NONE',  ( -3.340134799346917038, -4.459232637575094138, -2.285999999999990262 ) ) ;
#2667 = CARTESIAN_POINT ( 'NONE',  ( 7.081653077847822608, -1.464622183275078982, 2.286000000000000476 ) ) ;
#2668 = VECTOR ( 'NONE', #3227, 1000.000000000000000 ) ;
#2669 = CARTESIAN_POINT ( 'NONE',  ( 6.394046406055662324, -0.9097610735845642616, -2.286000000000000920 ) ) ;
#2670 = CARTESIAN_POINT ( 'NONE',  ( -1.464622183253419418, 7.081653077825807330, -2.286000000000000920 ) ) ;
#2671 = CARTESIAN_POINT ( 'NONE',  ( -4.953794882336380212, -3.782965240303919785, 2.286000000000000476 ) ) ;
#2672 = CARTESIAN_POINT ( 'NONE',  ( 4.612104495109641711, -3.476310862236191124, 2.286000000000000476 ) ) ;
#2673 = CARTESIAN_POINT ( 'NONE',  ( -0.6876082620354375674, -5.629638264086795907, -2.285999999999993371 ) ) ;
#2674 = CARTESIAN_POINT ( 'NONE',  ( -5.414792396100658323, -2.301950562403214384, -2.285999999999997812 ) ) ;
#2675 = VECTOR ( 'NONE', #3095, 1000.000000000000000 ) ;
#2676 = ADVANCED_FACE ( 'NONE', ( #46 ), #4326, .F. ) ;
#2677 = DIRECTION ( 'NONE',  ( 1.000000000000000000, 0.000000000000000000, 0.000000000000000000 ) ) ;
#2678 = CARTESIAN_POINT ( 'NONE',  ( 5.365664573546732541, -2.277692020846683096, 2.286000000000000476 ) ) ;
#2679 = CARTESIAN_POINT ( 'NONE',  ( -5.113419133395584737, 0.3740431840629589444, 2.286000000000000476 ) ) ;
#2680 = ORIENTED_EDGE ( 'NONE', *, *, #1934, .F. ) ;
#2681 = CARTESIAN_POINT ( 'NONE',  ( -0.4633254509012526001, -5.185049666302785631, -2.286000000000000920 ) ) ;
#2682 = CARTESIAN_POINT ( 'NONE',  ( 5.429769591367933579, 4.939602216229987519, -2.286000000000000920 ) ) ;
#2683 = ORIENTED_EDGE ( 'NONE', *, *, #3077, .F. ) ;
#2684 = CARTESIAN_POINT ( 'NONE',  ( 4.422841945095527194, -2.396986420425919029, -2.286000000000000920 ) ) ;
#2685 = CARTESIAN_POINT ( 'NONE',  ( 5.082526083828510899, 3.984899404126271527, -2.286000000000002697 ) ) ;
#2686 = CARTESIAN_POINT ( 'NONE',  ( -4.562280498011125118, -2.263428084871105028, -2.285999999999997812 ) ) ;
#2687 = CARTESIAN_POINT ( 'NONE',  ( -7.072590850357786785, -2.204962537704679093, 2.286000000000000476 ) ) ;
#2688 = CARTESIAN_POINT ( 'NONE',  ( 2.404730280458377223, -5.824206007570938759, 2.286000000000000476 ) ) ;
#2689 = CARTESIAN_POINT ( 'NONE',  ( 0.9097610735845630403, 6.394046406055662324, 2.286000000000000476 ) ) ;
#2690 = CARTESIAN_POINT ( 'NONE',  ( -5.022562078130897056, 5.445848997224144838, 2.286000000000000476 ) ) ;
#2691 = CARTESIAN_POINT ( 'NONE',  ( -4.668876377298401437, 2.208998909360595064, 2.286000000000000476 ) ) ;
#2692 = CARTESIAN_POINT ( 'NONE',  ( 3.476310862236191568, -4.612104495109639934, 2.286000000000000476 ) ) ;
#2693 = CARTESIAN_POINT ( 'NONE',  ( -3.732199908664471266, -4.916195901929394374, 2.286000000000000920 ) ) ;
#2694 = CARTESIAN_POINT ( 'NONE',  ( 7.172119510977707613, -1.562936208206573419, 2.286000000000000476 ) ) ;
#2695 = CARTESIAN_POINT ( 'NONE',  ( 6.123650495384040937, 0.7740819819406977720, -2.286000000000000920 ) ) ;
#2696 = CARTESIAN_POINT ( 'NONE',  ( -0.6476699409902372251, 5.484739481868279753, -2.286000000000000920 ) ) ;
#2697 = CARTESIAN_POINT ( 'NONE',  ( 4.267941290503531881, 5.221115631088434128, -2.285999999999991594 ) ) ;
#2698 = CARTESIAN_POINT ( 'NONE',  ( 4.819588668520770725, -3.603620000172905513, 2.286000000000000476 ) ) ;
#2699 = CARTESIAN_POINT ( 'NONE',  ( -0.4633254509012526001, -5.185049666302785631, 2.286000000000000476 ) ) ;
#2700 = CARTESIAN_POINT ( 'NONE',  ( -5.992287157413074716, -2.409147001929397014, 2.286000000000000476 ) ) ;
#2701 = CARTESIAN_POINT ( 'NONE',  ( -1.160798993145840008, 6.751539294367504773, 2.286000000000000476 ) ) ;
#2702 = ADVANCED_FACE ( 'NONE', ( #870 ), #3607, .T. ) ;
#2703 = CARTESIAN_POINT ( 'NONE',  ( 5.073758694932547719, -2.181471118769026329, 2.286000000000000476 ) ) ;
#2704 = CARTESIAN_POINT ( 'NONE',  ( -5.400580374566935404, 4.809226556586354562, -2.285999999999988930 ) ) ;
#2705 = CIRCLE ( 'NONE', #1826, 2.500000000000000000 ) ;
#2706 = CARTESIAN_POINT ( 'NONE',  ( -5.629638264086795907, 0.6876082620354372343, 2.286000000000000476 ) ) ;
#2707 = ORIENTED_EDGE ( 'NONE', *, *, #1591, .F. ) ;
#2708 = CARTESIAN_POINT ( 'NONE',  ( -0.06909748234411625112, -5.025479307074648183, -2.286000000000000920 ) ) ;
#2709 = CARTESIAN_POINT ( 'NONE',  ( 4.395000467436834590, 3.265033223548866825, -2.286000000000000920 ) ) ;
#2710 = CARTESIAN_POINT ( 'NONE',  ( 4.510804669069875317, -2.301622352330626953, -2.286000000000000920 ) ) ;
#2711 = CARTESIAN_POINT ( 'NONE',  ( 5.429769591381422345, 4.939602216290231773, 2.286000000000000920 ) ) ;
#2712 = CARTESIAN_POINT ( 'NONE',  ( -4.386741487291720532, -2.452899478489773966, -2.285999999999997812 ) ) ;
#2713 = DIRECTION ( 'NONE',  ( -0.000000000000000000, 0.000000000000000000, 1.000000000000000000 ) ) ;
#2714 = B_SPLINE_CURVE_WITH_KNOTS ( 'NONE', 3,
 ( #479, #3576, #44, #4757, #3478, #1632, #2745, #763, #1556, #2338, #3176, #1657, #1606, #3882, #4297, #3151, #1245, #1273, #4681, #3101, #4653, #405, #1964, #3505, #3127, #3678, #4471, #3276, #2843, #3703, #580, #2917, #2868, #1372, #194, #1682, #1299, #3603, #965, #141, #2109, #4425, #2510, #2437, #2817, #4400, #1708, #169, #3250, #3986, #4061, #990, #4807, #3654, #2085, #220, #1322, #1756, #919, #2486, #1732, #606, #2131, #1782, #2156, #505, #2062, #2892, #943, #2535, #3327, #4834, #116, #1348, #4036, #4014, #553, #4448, #4782 ),
 .UNSPECIFIED., .F., .F.,
 ( 4, 1, 1, 1, 1, 1, 1, 1, 1, 1, 1, 1, 1, 1, 1, 1, 1, 1, 1, 1, 1, 1, 1, 1, 1, 1, 1, 1, 1, 1, 1, 1, 1, 1, 1, 1, 1, 1, 1, 1, 1, 1, 1, 1, 1, 1, 1, 1, 1, 1, 1, 1, 1, 1, 1, 1, 1, 1, 1, 1, 1, 1, 1, 1, 1, 1, 1, 1, 1, 1, 1, 1, 1, 1, 1, 1, 4 ),
 ( 0.01103315320115381970, 0.05345531963080774052, 0.07807290109913955778, 0.1012837636727262902, 0.1230879073546434777, 0.1434853321486018185, 0.1624760380591380171, 0.1800600250918766854, 0.1962372932539097059, 0.2110078425543557845, 0.2243716730052127684, 0.2363287846227128952, 0.2468791774295818753, 0.2560228514590334736, 0.2765703373738778170, 0.2861597148600216745, 0.2955281054245301187, 0.3046873400362803963, 0.3136510682187723109, 0.3224350908376912850, 0.3310577570337658315, 0.3395404348280691709, 0.3479080632824442798, 0.3561897892115019060, 0.3644196805880378642, 0.3726374874240482304, 0.3808893818503648054, 0.3892285417683729598, 0.3977153332009296660, 0.4064166828338137138, 0.4154040162538316094, 0.4247489170962575056, 0.4345155871249806179, 0.4447495655339210874, 0.4554634245512343416, 0.4666225055634414254, 0.4781364573014081909, 0.4871735315700953528, 0.5000000000000000000, 0.5128264684299046472, 0.5218635426985918091, 0.5333774944365585746, 0.5445365754487656584, 0.5552504344660789126, 0.5654844128750193821, 0.5752510829037424944, 0.5845959837461683906, 0.5935833171661862862, 0.6022846667990703340, 0.6107714582316270402, 0.6191106181496351946, 0.6273625125759517696, 0.6355803194119621358, 0.6438102107884979830, 0.6520919367175557202, 0.6604595651719307181, 0.6689422429662341685, 0.6775649091623086040, 0.6863489317812275781, 0.6953126599637194927, 0.7044718945754697703, 0.7138402851399782145, 0.7234296626261220720, 0.7439771485409665264, 0.7531208225704182357, 0.7636712153772871048, 0.7756283269947872316, 0.7889921574456442155, 0.8037627067460902941, 0.8199399749081233146, 0.8375239619408620939, 0.8565146678513982925, 0.8769120926453567444, 0.8987162363272738208, 0.9219270989008605532, 0.9465446803691922595, 0.9889668467988446121 ),
 .UNSPECIFIED. ) ;
#2715 = DIRECTION ( 'NONE',  ( 1.000000000000000000, 0.000000000000000000, 0.000000000000000000 ) ) ;
#2716 = CARTESIAN_POINT ( 'NONE',  ( 0.3209540278680265701, -5.082764852903506991, 2.286000000000000476 ) ) ;
#2717 = CARTESIAN_POINT ( 'NONE',  ( -6.246275499659565966, -0.8295454916588386185, -2.286000000000000920 ) ) ;
#2718 = CARTESIAN_POINT ( 'NONE',  ( -4.292995347704374076, 3.094096482592028075, 2.286000000000000476 ) ) ;
#2719 = CARTESIAN_POINT ( 'NONE',  ( 3.507955818454325581, -4.655371438823709518, 2.286000000000000476 ) ) ;
#2720 = CARTESIAN_POINT ( 'NONE',  ( -5.022562078221628035, -5.445848997241735212, -2.285999999999990262 ) ) ;
#2721 = CARTESIAN_POINT ( 'NONE',  ( 5.629638264086795907, -0.6876082620354379005, -2.285999999999992482 ) ) ;
#2722 = CARTESIAN_POINT ( 'NONE',  ( 3.782965240303918453, -4.953794882336380212, -2.285999999999994259 ) ) ;
#2723 = CARTESIAN_POINT ( 'NONE',  ( -0.7170584013211546148, 5.896140974621092212, 2.286000000000000476 ) ) ;
#2724 = CARTESIAN_POINT ( 'NONE',  ( 3.908841068998485380, 5.037714479379339139, -2.285999999999991594 ) ) ;
#2725 = DIRECTION ( 'NONE',  ( 1.000000000000000000, 0.000000000000000000, 0.000000000000000000 ) ) ;
#2726 = CARTESIAN_POINT ( 'NONE',  ( -2.399402252589299067, -6.193806931796399518, 2.286000000000000920 ) ) ;
#2727 = CARTESIAN_POINT ( 'NONE',  ( -0.9605012029655761729, 6.476356000746373631, 2.286000000000000476 ) ) ;
#2728 = CARTESIAN_POINT ( 'NONE',  ( 5.611834548134893907, -2.376926607282873860, 2.286000000000000476 ) ) ;
#2729 = CARTESIAN_POINT ( 'NONE',  ( -2.452899478489774410, 4.386741487291719643, 2.286000000000000476 ) ) ;
#2730 = CARTESIAN_POINT ( 'NONE',  ( -6.851020669089141535, 1.244985501274097794, 2.286000000000000476 ) ) ;
#2731 = ORIENTED_EDGE ( 'NONE', *, *, #188, .T. ) ;
#2732 = CARTESIAN_POINT ( 'NONE',  ( 0.7170584013211538377, -5.896140974621092212, -2.286000000000000920 ) ) ;
#2733 = EDGE_CURVE ( 'NONE', #3186, #4461, #1217, .T. ) ;
#2734 = CARTESIAN_POINT ( 'NONE',  ( 2.301622352330629173, -4.510804669069876205, -2.286000000000000920 ) ) ;
#2735 = CARTESIAN_POINT ( 'NONE',  ( 4.668876377298400548, -2.208998909360595952, -2.286000000000000920 ) ) ;
#2736 = CARTESIAN_POINT ( 'NONE',  ( 5.170712537599048808, 2.204381686920558803, 2.286000000000000476 ) ) ;
#2737 = CARTESIAN_POINT ( 'NONE',  ( -4.354396715554731401, -2.514012115883949239, -2.285999999999997812 ) ) ;
#2738 = ADVANCED_FACE ( 'NONE', ( #844 ), #4350, .T. ) ;
#2739 = CARTESIAN_POINT ( 'NONE',  ( -2.408368181655955009, -5.904012904798281447, -2.286000000000000920 ) ) ;
#2740 = CARTESIAN_POINT ( 'NONE',  ( -3.538372490040377905, 4.700943863347386120, -2.285999999999990706 ) ) ;
#2741 = CARTESIAN_POINT ( 'NONE',  ( -0.3209540278680262926, -5.082764852903506103, 2.286000000000000476 ) ) ;
#2742 = CARTESIAN_POINT ( 'NONE',  ( -6.123650495384040937, -0.7740819819406984381, -2.286000000000000920 ) ) ;
#2743 = CARTESIAN_POINT ( 'NONE',  ( -4.926769214355550375, 2.166053677396901023, -2.285999999999988930 ) ) ;
#2744 = CARTESIAN_POINT ( 'NONE',  ( 2.880640466208734818, -4.241329277686504362, 2.286000000000000476 ) ) ;
#2745 = CARTESIAN_POINT ( 'NONE',  ( 5.221115631088427911, 4.267941290503538099, 2.286000000000000476 ) ) ;
#2746 = CARTESIAN_POINT ( 'NONE',  ( 5.484739481868279753, -0.6476699409902362259, -2.285999999999992482 ) ) ;
#2747 = CARTESIAN_POINT ( 'NONE',  ( 4.503699405991244298, -5.310665190646408185, -2.285999999999994259 ) ) ;
#2748 = CARTESIAN_POINT ( 'NONE',  ( -0.6301014820750955314, 5.438698666219214495, 2.286000000000000476 ) ) ;
#2749 = CARTESIAN_POINT ( 'NONE',  ( -4.510804669069875317, -2.301622352330630505, 2.286000000000000476 ) ) ;
#2750 = DIRECTION ( 'NONE',  ( 0.000000000000000000, 1.000000000000000000, 0.000000000000000000 ) ) ;
#2751 = CARTESIAN_POINT ( 'NONE',  ( -2.408368181655955009, -5.904012904798281447, 2.286000000000000920 ) ) ;
#2752 = CARTESIAN_POINT ( 'NONE',  ( 4.241329277686506138, -2.880640466208733486, -2.285999999999994259 ) ) ;
#2753 = CARTESIAN_POINT ( 'NONE',  ( 6.306703394980817556, -2.387648127366833961, 2.286000000000000476 ) ) ;
#2754 = CARTESIAN_POINT ( 'NONE',  ( -2.993776443851758895, 4.258722005451610393, 2.286000000000000476 ) ) ;
#2755 = FACE_BOUND ( 'NONE', #1135, .T. ) ;
#2756 = ORIENTED_EDGE ( 'NONE', *, *, #2210, .T. ) ;
#2757 = CARTESIAN_POINT ( 'NONE',  ( 3.443806281393318791, -4.570827893707974710, -2.286000000000000920 ) ) ;
#2758 = CARTESIAN_POINT ( 'NONE',  ( 4.864396098905572785, -3.671527976878545374, -2.286000000000000920 ) ) ;
#2759 = CARTESIAN_POINT ( 'NONE',  ( 5.219213881833811186, 2.219332909268644904, 2.286000000000000476 ) ) ;
#2760 = CARTESIAN_POINT ( 'NONE',  ( -6.394046406055662324, 0.9097610735845634844, 2.286000000000000476 ) ) ;
#2761 = CARTESIAN_POINT ( 'NONE',  ( 3.960097721574094010, 4.849720999036440782E-16, -3.174999999999999822 ) ) ;
#2762 = CARTESIAN_POINT ( 'NONE',  ( 0.06909748234411697276, -5.025479307074646407, 2.286000000000000476 ) ) ;
#2763 = EDGE_CURVE ( 'NONE', #1496, #1388, #1705, .T. ) ;
#2764 = CARTESIAN_POINT ( 'NONE',  ( -5.057282611089284785, 0.2621389074985149836, -2.286000000000000920 ) ) ;
#2765 = CARTESIAN_POINT ( 'NONE',  ( -4.994660515912102916, 3.841545219201186967, -2.285999999999988930 ) ) ;
#2766 = CARTESIAN_POINT ( 'NONE',  ( 3.183680459516556205, -4.339242117764196216, 2.286000000000000476 ) ) ;
#2767 = CARTESIAN_POINT ( 'NONE',  ( 2.500000000000000000, 3.061616997868383141E-16, 3.174999999999999822 ) ) ;
#2768 = CARTESIAN_POINT ( 'NONE',  ( -2.166053677396904575, 4.926769214355549487, -2.286000000000000920 ) ) ;
#2769 = ORIENTED_EDGE ( 'NONE', *, *, #1124, .T. ) ;
#2770 = CARTESIAN_POINT ( 'NONE',  ( 3.908841068998488932, -5.037714479379333810, 2.286000000000000476 ) ) ;
#2771 = CARTESIAN_POINT ( 'NONE',  ( -0.7110321314750354116, 5.975696222817057368, -2.285999999999994259 ) ) ;
#2772 = CARTESIAN_POINT ( 'NONE',  ( 4.503699405991239857, 5.310665190646412626, -2.286000000000000920 ) ) ;
#2773 = CARTESIAN_POINT ( 'NONE',  ( -4.354396715554731401, -2.514012115883949239, -2.286000000000000920 ) ) ;
#2774 = CARTESIAN_POINT ( 'NONE',  ( -1.244985501274098239, -6.851020669089141535, -2.285999999999993371 ) ) ;
#2775 = DIRECTION ( 'NONE',  ( -0.000000000000000000, -1.000000000000000000, -0.000000000000000000 ) ) ;
#2776 = CARTESIAN_POINT ( 'NONE',  ( 4.531605619798375173, -3.410305354818153667, -2.285999999999994259 ) ) ;
#2777 = CARTESIAN_POINT ( 'NONE',  ( 2.272426521261464494, 6.865202557841989517, 2.286000000000000476 ) ) ;
#2778 = CARTESIAN_POINT ( 'NONE',  ( -5.022562078130897945, 5.445848997224144838, 2.286000000000000476 ) ) ;
#2779 = CARTESIAN_POINT ( 'NONE',  ( -6.953486125426932674, 1.338510251577862631, 2.286000000000000476 ) ) ;
#2780 = ORIENTED_EDGE ( 'NONE', *, *, #4637, .F. ) ;
#2781 = CARTESIAN_POINT ( 'NONE',  ( 4.939602216229984855, -5.429769591367936243, -2.286000000000000920 ) ) ;
#2782 = CARTESIAN_POINT ( 'NONE',  ( 5.221115631088430575, -4.267941290503535434, -2.286000000000000920 ) ) ;
#2783 = CARTESIAN_POINT ( 'NONE',  ( 4.248665761571357891, 2.755660258758657832, 2.286000000000000476 ) ) ;
#2784 = CIRCLE ( 'NONE', #4826, 2.500000000000000000 ) ;
#2785 = B_SPLINE_CURVE_WITH_KNOTS ( 'NONE', 3,
 ( #1466, #2246, #4131, #4488, #1082, #1490, #672, #3794, #4105, #290, #2173, #2628, #2555, #4204, #4926, #265, #699, #623, #1442, #3721, #3035, #4587, #239, #1107, #649, #4900, #2579, #2651, #2199, #1827, #2986, #4537, #2439, #798, #118, #3513, #4663, #1897, #745, #895, #1684, #3059, #4610, #1131, #507, #3489, #1589, #3605, #3438, #2319, #772, #3988, #413, #336, #2347, #3864, #2845, #2270, #4998, #4255, #3892, #2819, #4402, #1922, #4375, #1973, #3, #28, #3816, #1515, #386, #3135, #4229, #4760, #2064, #3229, #1275, #1540, #4784 ),
 .UNSPECIFIED., .F., .F.,
 ( 4, 1, 1, 1, 1, 1, 1, 1, 1, 1, 1, 1, 1, 1, 1, 1, 1, 1, 1, 1, 1, 1, 1, 1, 1, 1, 1, 1, 1, 1, 1, 1, 1, 1, 1, 1, 1, 1, 1, 1, 1, 1, 1, 1, 1, 1, 1, 1, 1, 1, 1, 1, 1, 1, 1, 1, 1, 1, 1, 1, 1, 1, 1, 1, 1, 1, 1, 1, 1, 1, 1, 1, 1, 1, 1, 1, 4 ),
 ( 0.01103315320116577888, 0.05345531963080774052, 0.07807290109913944676, 0.1012837636727261792, 0.1230879073546432556, 0.1434853321486017075, 0.1624760380591379061, 0.1800600250918766854, 0.1962372932539097059, 0.2110078425543557845, 0.2243716730052127684, 0.2363287846227128952, 0.2468791774295817643, 0.2560228514590334736, 0.2765703373738779280, 0.2861597148600217855, 0.2955281054245302297, 0.3046873400362805073, 0.3136510682187724219, 0.3224350908376913960, 0.3310577570337658315, 0.3395404348280692819, 0.3479080632824442798, 0.3561897892115020170, 0.3644196805880378642, 0.3726374874240482304, 0.3808893818503648054, 0.3892285417683729598, 0.3977153332009296660, 0.4064166828338137138, 0.4154040162538316094, 0.4247489170962575056, 0.4345155871249806179, 0.4447495655339210874, 0.4554634245512343416, 0.4666225055634414254, 0.4781364573014081909, 0.4871735315700953528, 0.5000000000000000000, 0.5128264684299046472, 0.5218635426985918091, 0.5333774944365585746, 0.5445365754487656584, 0.5552504344660789126, 0.5654844128750193821, 0.5752510829037424944, 0.5845959837461683906, 0.5935833171661862862, 0.6022846667990703340, 0.6107714582316270402, 0.6191106181496351946, 0.6273625125759517696, 0.6355803194119621358, 0.6438102107884980940, 0.6520919367175557202, 0.6604595651719308291, 0.6689422429662341685, 0.6775649091623087150, 0.6863489317812276891, 0.6953126599637196037, 0.7044718945754698813, 0.7138402851399783255, 0.7234296626261221830, 0.7439771485409665264, 0.7531208225704181247, 0.7636712153772871048, 0.7756283269947872316, 0.7889921574456442155, 0.8037627067460902941, 0.8199399749081233146, 0.8375239619408619829, 0.8565146678513981815, 0.8769120926453565223, 0.8987162363272737098, 0.9219270989008604422, 0.9465446803691922595, 0.9889668467988224076 ),
 .UNSPECIFIED. ) ;
#2786 = CARTESIAN_POINT ( 'NONE',  ( -6.317209250654444830, -0.8662984254189466382, 2.286000000000000476 ) ) ;
#2787 = CARTESIAN_POINT ( 'NONE',  ( -3.841545219201190964, 4.994660515912102028, 2.286000000000000476 ) ) ;
#2788 = CARTESIAN_POINT ( 'NONE',  ( 0.000000000000000000, 0.000000000000000000, 2.286000000000000476 ) ) ;
#2789 = CARTESIAN_POINT ( 'NONE',  ( -5.438698666219214495, -0.6301014820750951984, -2.286000000000000920 ) ) ;
#2790 = CARTESIAN_POINT ( 'NONE',  ( -5.037714479379336474, 3.908841068998488044, -2.285999999999988930 ) ) ;
#2791 = CARTESIAN_POINT ( 'NONE',  ( 2.166710717189362700, -4.876787775934690927, 2.286000000000000476 ) ) ;
#2792 = LINE ( 'NONE', #2767, #565 ) ;
#2793 = CARTESIAN_POINT ( 'NONE',  ( -3.671527976878548927, 4.864396098905571009, -2.286000000000000920 ) ) ;
#2794 = APPROVAL ( #795, 'UNSPECIFIED' ) ;
#2795 = VERTEX_POINT ( 'NONE', #4733 ) ;
#2796 = CARTESIAN_POINT ( 'NONE',  ( 0.000000000000000000, 0.000000000000000000, 3.174999999999999822 ) ) ;
#2797 = CARTESIAN_POINT ( 'NONE',  ( -0.7474384492293206783, 6.048454584161421010, -2.285999999999994259 ) ) ;
#2798 = CARTESIAN_POINT ( 'NONE',  ( -4.668876377298399660, -2.208998909360597285, 2.286000000000000476 ) ) ;
#2799 = APPROVAL_ROLE ( '' ) ;
#2800 = CARTESIAN_POINT ( 'NONE',  ( -0.8295454916588376193, -6.246275499659564190, -2.285999999999993371 ) ) ;
#2801 = CARTESIAN_POINT ( 'NONE',  ( -2.317559181621140052, 6.691150755271281447, 2.286000000000000476 ) ) ;
#2802 = CARTESIAN_POINT ( 'NONE',  ( 4.668876377298400548, -2.208998909360595952, -2.285999999999994259 ) ) ;
#2803 = ORIENTED_EDGE ( 'NONE', *, *, #2359, .F. ) ;
#2804 = CARTESIAN_POINT ( 'NONE',  ( 2.208998909360592844, 4.668876377298402325, -2.285999999999991594 ) ) ;
#2805 = CARTESIAN_POINT ( 'NONE',  ( -5.310665190646411737, 4.503699405991242521, -2.285999999999988930 ) ) ;
#2806 = CARTESIAN_POINT ( 'NONE',  ( -6.655589417870370283, 1.085587763892386759, -2.285999999999992482 ) ) ;
#2807 = VERTEX_POINT ( 'NONE', #3129 ) ;
#2808 = CARTESIAN_POINT ( 'NONE',  ( 2.880640466208734818, -4.241329277686504362, -2.286000000000000920 ) ) ;
#2809 = DIRECTION ( 'NONE',  ( -0.000000000000000000, -0.000000000000000000, -1.000000000000000000 ) ) ;
#2810 = CARTESIAN_POINT ( 'NONE',  ( 4.317644004947601921, 2.572579828584877326, 2.286000000000000476 ) ) ;
#2811 = CARTESIAN_POINT ( 'NONE',  ( -6.246275499659565966, -0.8295454916588386185, 2.286000000000000476 ) ) ;
#2812 = CARTESIAN_POINT ( 'NONE',  ( -3.841545219201190964, 4.994660515912102028, -2.285999999999990706 ) ) ;
#2813 = CARTESIAN_POINT ( 'NONE',  ( -6.193806931796399518, 2.399402252589298623, 2.286000000000000476 ) ) ;
#2814 = CARTESIAN_POINT ( 'NONE',  ( -3.375777569767198560, -4.494406809309922757, 2.286000000000000476 ) ) ;
#2815 = CARTESIAN_POINT ( 'NONE',  ( -4.994660515912102916, 3.841545219201186967, 2.286000000000000476 ) ) ;
#2816 = CARTESIAN_POINT ( 'NONE',  ( 2.317559181621137832, -6.691150755271283224, 2.286000000000000476 ) ) ;
#2817 = CARTESIAN_POINT ( 'NONE',  ( 4.562280498011124230, 2.263428084871105472, 2.286000000000000476 ) ) ;
#2818 = CARTESIAN_POINT ( 'NONE',  ( -3.045439027948421806, 4.274124979574701833, -2.286000000000000920 ) ) ;
#2819 = CARTESIAN_POINT ( 'NONE',  ( -5.414792396100660987, 2.301950562403210832, -2.286000000000000920 ) ) ;
#2820 = ORIENTED_EDGE ( 'NONE', *, *, #3142, .F. ) ;
#2821 = CARTESIAN_POINT ( 'NONE',  ( 6.851020669089140647, 1.244985501274098683, -2.286000000000000920 ) ) ;
#2822 = CARTESIAN_POINT ( 'NONE',  ( -0.6101348444133477544, 5.393707460080332083, 2.286000000000000476 ) ) ;
#2823 = CARTESIAN_POINT ( 'NONE',  ( -4.826063829536959560, -2.170794788144383869, 2.286000000000000476 ) ) ;
#2824 = CARTESIAN_POINT ( 'NONE',  ( 0.000000000000000000, 0.000000000000000000, 2.286000000000000476 ) ) ;
#2825 = CARTESIAN_POINT ( 'NONE',  ( 1.018960161258259056, -6.563695275366480786, -2.286000000000000920 ) ) ;
#2826 = CARTESIAN_POINT ( 'NONE',  ( 4.700943863347387897, -3.538372490040374352, 2.286000000000000476 ) ) ;
#2827 = ORIENTED_EDGE ( 'NONE', *, *, #4262, .T. ) ;
#2828 = CARTESIAN_POINT ( 'NONE',  ( 2.232778667186845478, 4.615372461749466915, 2.286000000000000476 ) ) ;
#2829 = CARTESIAN_POINT ( 'NONE',  ( -6.394046406055662324, 0.9097610735845634844, 2.286000000000000476 ) ) ;
#2830 = ADVANCED_FACE ( 'NONE', ( #121 ), #4506, .T. ) ;
#2831 = ORIENTED_EDGE ( 'NONE', *, *, #4106, .F. ) ;
#2832 = CARTESIAN_POINT ( 'NONE',  ( -6.655589417870369395, -1.085587763892387869, 2.286000000000000476 ) ) ;
#2833 = AXIS2_PLACEMENT_3D ( 'NONE', #3533, #2391, #94 ) ;
#2834 = CARTESIAN_POINT ( 'NONE',  ( 7.072590850357723724, -2.204962537704699077, -2.286000000000000476 ) ) ;
#2835 = B_SPLINE_CURVE_WITH_KNOTS ( 'NONE', 3,
 ( #316, #4234, #4952, #5003, #1954, #4566, #3871, #1520, #392, #3846, #1901, #2225, #1470, #3773, #293, #1853, #3064, #366, #3419, #3394, #3016, #1085, #2655, #3444, #5029, #4184, #702, #3797, #4978, #2077, #1571, #4670, #859, #3951, #445, #2734, #469, #2029, #4286, #830, #82, #1190, #3619, #496, #4392, #2808, #2452, #910, #805, #2355, #1646, #3923, #1289, #4002, #3566, #3900, #3191, #3543, #2757, #2006, #4747, #420, #1264, #1674, #1981, #4364, #3520, #2379, #1236, #4694, #58, #2054, #3219, #3117, #35, #1597, #4774, #2781, #884 ),
 .UNSPECIFIED., .F., .F.,
 ( 4, 1, 1, 1, 1, 1, 1, 1, 1, 1, 1, 1, 1, 1, 1, 1, 1, 1, 1, 1, 1, 1, 1, 1, 1, 1, 1, 1, 1, 1, 1, 1, 1, 1, 1, 1, 1, 1, 1, 1, 1, 1, 1, 1, 1, 1, 1, 1, 1, 1, 1, 1, 1, 1, 1, 1, 1, 1, 1, 1, 1, 1, 1, 1, 1, 1, 1, 1, 1, 1, 1, 1, 1, 1, 1, 1, 4 ),
 ( 0.01103315320116543367, 0.05345531963080774052, 0.07807290109913944676, 0.1012837636727261792, 0.1230879073546432556, 0.1434853321486017075, 0.1624760380591379061, 0.1800600250918766854, 0.1962372932539097059, 0.2110078425543557845, 0.2243716730052127684, 0.2363287846227128952, 0.2468791774295817643, 0.2560228514590334736, 0.2765703373738779280, 0.2861597148600217855, 0.2955281054245301742, 0.3046873400362805073, 0.3136510682187724219, 0.3224350908376913960, 0.3310577570337658315, 0.3395404348280692819, 0.3479080632824442798, 0.3561897892115020170, 0.3644196805880378642, 0.3726374874240482304, 0.3808893818503648054, 0.3892285417683729598, 0.3977153332009296660, 0.4064166828338137138, 0.4154040162538316094, 0.4247489170962575056, 0.4345155871249806179, 0.4447495655339210874, 0.4554634245512343416, 0.4666225055634414254, 0.4781364573014081909, 0.4871735315700953528, 0.5000000000000000000, 0.5128264684299046472, 0.5218635426985918091, 0.5333774944365585746, 0.5445365754487656584, 0.5552504344660789126, 0.5654844128750193821, 0.5752510829037424944, 0.5845959837461683906, 0.5935833171661862862, 0.6022846667990703340, 0.6107714582316270402, 0.6191106181496351946, 0.6273625125759517696, 0.6355803194119621358, 0.6438102107884980940, 0.6520919367175557202, 0.6604595651719308291, 0.6689422429662341685, 0.6775649091623087150, 0.6863489317812276891, 0.6953126599637196037, 0.7044718945754698813, 0.7138402851399783255, 0.7234296626261221830, 0.7439771485409665264, 0.7531208225704181247, 0.7636712153772871048, 0.7756283269947872316, 0.7889921574456442155, 0.8037627067460902941, 0.8199399749081233146, 0.8375239619408619829, 0.8565146678513981815, 0.8769120926453565223, 0.8987162363272737098, 0.9219270989008604422, 0.9465446803691922595, 0.9889668467988226297 ),
 .UNSPECIFIED. ) ;
#2836 = CARTESIAN_POINT ( 'NONE',  ( 5.025101949511928012, 2.173665442670352554, 2.286000000000000476 ) ) ;
#2837 = AXIS2_PLACEMENT_3D ( 'NONE', #131, #3564, #3974 ) ;
#2838 = CARTESIAN_POINT ( 'NONE',  ( -5.785647839301008233, -0.7102931347230240222, 2.286000000000000476 ) ) ;
#2839 = CARTESIAN_POINT ( 'NONE',  ( -3.375777569767200337, 4.494406809309918316, 2.286000000000000476 ) ) ;
#2840 = CARTESIAN_POINT ( 'NONE',  ( -5.753041440904887338, 2.398629593088688949, 2.286000000000000476 ) ) ;
#2841 = CARTESIAN_POINT ( 'NONE',  ( -3.603620000172905069, -4.819588668520772501, 2.286000000000000476 ) ) ;
#2842 = DIRECTION ( 'NONE',  ( 1.000000000000000000, 0.000000000000000000, 0.000000000000000000 ) ) ;
#2843 = CARTESIAN_POINT ( 'NONE',  ( 4.314820411705331260, 3.140066744230176177, 2.286000000000000476 ) ) ;
#2844 = CARTESIAN_POINT ( 'NONE',  ( -2.631800271163147631, 4.287272105162934999, -2.286000000000000920 ) ) ;
#2845 = CARTESIAN_POINT ( 'NONE',  ( -5.170712537599049696, 2.204381686920553474, -2.286000000000000920 ) ) ;
#2846 = ORIENTED_EDGE ( 'NONE', *, *, #3362, .F. ) ;
#2847 = CARTESIAN_POINT ( 'NONE',  ( 2.880640466208734818, -4.241329277686504362, 2.286000000000000476 ) ) ;
#2848 = CARTESIAN_POINT ( 'NONE',  ( 0.5330684818325859275, 5.264891270736411499, -2.285999999999994259 ) ) ;
#2849 = CARTESIAN_POINT ( 'NONE',  ( -4.774490053667270750, -2.178781297287130769, 2.286000000000000476 ) ) ;
#2850 = CARTESIAN_POINT ( 'NONE',  ( 5.224220325235549467, -0.5003650740925666973, 2.286000000000000476 ) ) ;
#2851 = CARTESIAN_POINT ( 'NONE',  ( 2.347567037772629206, 4.462463875555766180, 2.286000000000000476 ) ) ;
#2852 = CARTESIAN_POINT ( 'NONE',  ( -2.391450586719567895, -5.690277883870091813, -2.285999999999990262 ) ) ;
#2853 = CARTESIAN_POINT ( 'NONE',  ( 7.081653077847804845, 1.464622183275062328, 2.286000000000000476 ) ) ;
#2854 = CARTESIAN_POINT ( 'NONE',  ( 4.819588668520770725, -3.603620000172905513, -2.285999999999994259 ) ) ;
#2855 = ORIENTED_EDGE ( 'NONE', *, *, #1315, .T. ) ;
#2856 = CARTESIAN_POINT ( 'NONE',  ( 2.191741345851253797, 5.122257907086416928, -2.285999999999991594 ) ) ;
#2857 = CARTESIAN_POINT ( 'NONE',  ( 4.354396715554733177, -2.514012115883947018, 2.286000000000000476 ) ) ;
#2858 = CARTESIAN_POINT ( 'NONE',  ( 0.9605012029655753958, -6.476356000746373631, 2.286000000000000476 ) ) ;
#2859 = CARTESIAN_POINT ( 'NONE',  ( -5.531876145198175720, -0.6630252695113234562, -2.285999999999992482 ) ) ;
#2860 = EDGE_CURVE ( 'NONE', #1669, #2880, #977, .T. ) ;
#2861 = CARTESIAN_POINT ( 'NONE',  ( 6.992705799529048249, -2.232517294705890887, -2.286000000000000920 ) ) ;
#2862 = CARTESIAN_POINT ( 'NONE',  ( 6.555650691920506645, 2.347321263097901234, 2.286000000000000476 ) ) ;
#2863 = CARTESIAN_POINT ( 'NONE',  ( -6.181594833392607846, 0.7992465585685049057, 2.286000000000000476 ) ) ;
#2864 = CARTESIAN_POINT ( 'NONE',  ( -2.514012115883949683, 4.354396715554731401, -2.285999999999990706 ) ) ;
#2865 = CARTESIAN_POINT ( 'NONE',  ( -3.094096482592028963, -4.292995347704374964, 2.286000000000000476 ) ) ;
#2866 = AXIS2_PLACEMENT_3D ( 'NONE', #4170, #2617, #588 ) ;
#2867 = LINE ( 'NONE', #4060, #4494 ) ;
#2868 = CARTESIAN_POINT ( 'NONE',  ( 4.247487361087594060, 2.938866095189178296, 2.286000000000000476 ) ) ;
#2869 = CARTESIAN_POINT ( 'NONE',  ( -2.347321263097901234, 6.555650691920506645, -2.286000000000000920 ) ) ;
#2870 = CARTESIAN_POINT ( 'NONE',  ( -0.7474384492293206783, 6.048454584161421010, 2.286000000000000476 ) ) ;
#2871 = AXIS2_PLACEMENT_3D ( 'NONE', #3950, #3565, #1645 ) ;
#2872 = CARTESIAN_POINT ( 'NONE',  ( 3.303268363099252980, -4.426088753942310383, 2.286000000000000476 ) ) ;
#2873 = CARTESIAN_POINT ( 'NONE',  ( 0.6630252695113217909, 5.531876145198175720, 2.286000000000000476 ) ) ;
#2874 = CARTESIAN_POINT ( 'NONE',  ( 2.208998909360592844, 4.668876377298402325, -2.286000000000000920 ) ) ;
#2875 = CARTESIAN_POINT ( 'NONE',  ( 5.393707460080332083, 0.6101348444133467552, 2.286000000000000476 ) ) ;
#2876 = CARTESIAN_POINT ( 'NONE',  ( -2.372076222644150967, -5.530620799995805470, -2.285999999999990262 ) ) ;
#2877 = CARTESIAN_POINT ( 'NONE',  ( 0.7992465585685062379, -6.181594833392608734, -2.286000000000000920 ) ) ;
#2878 = CARTESIAN_POINT ( 'NONE',  ( -5.352640503693421259, 4.635926943805793954, 2.286000000000000476 ) ) ;
#2879 = CARTESIAN_POINT ( 'NONE',  ( 0.7045212705935064434, 5.732355088791447173, -2.286000000000000920 ) ) ;
#2880 = VERTEX_POINT ( 'NONE', #2761 ) ;
#2881 = CARTESIAN_POINT ( 'NONE',  ( 2.327079695769365575, 5.464737068976784684, -2.285999999999991594 ) ) ;
#2882 = CARTESIAN_POINT ( 'NONE',  ( 5.170712537599049696, -2.204381686920554806, 2.286000000000000476 ) ) ;
#2883 = CARTESIAN_POINT ( 'NONE',  ( 0.6301014820750948653, -5.438698666219214495, -2.285999999999993371 ) ) ;
#2884 = CARTESIAN_POINT ( 'NONE',  ( -5.393707460080332083, -0.6101348444133474214, 2.286000000000000476 ) ) ;
#2885 = CC_DESIGN_PERSON_AND_ORGANIZATION_ASSIGNMENT ( #3082, #1512, ( #4833 ) ) ;
#2886 = CARTESIAN_POINT ( 'NONE',  ( 0.000000000000000000, 0.000000000000000000, 3.174999999999999822 ) ) ;
#2887 = CARTESIAN_POINT ( 'NONE',  ( 4.876787775934690039, 2.166710717189364477, -2.286000000000000920 ) ) ;
#2888 = CARTESIAN_POINT ( 'NONE',  ( -3.340134799346919703, 4.459232637575090585, 2.286000000000000476 ) ) ;
#2889 = CARTESIAN_POINT ( 'NONE',  ( -2.173665442670349890, -5.025101949511932453, 2.286000000000000476 ) ) ;
#2890 = ADVANCED_FACE ( 'NONE', ( #3571 ), #4343, .F. ) ;
#2891 = CARTESIAN_POINT ( 'NONE',  ( 2.391450586719569671, -5.690277883870090925, 2.286000000000000476 ) ) ;
#2892 = CARTESIAN_POINT ( 'NONE',  ( 5.824206007570938759, 2.404730280458378999, 2.286000000000000476 ) ) ;
#2893 = CARTESIAN_POINT ( 'NONE',  ( -3.507955818454324692, -4.655371438823711294, -2.286000000000000920 ) ) ;
#2894 = CARTESIAN_POINT ( 'NONE',  ( -0.5003650740925678075, 5.224220325235548579, 2.286000000000000476 ) ) ;
#2895 = EDGE_LOOP ( 'NONE', ( #2707, #3205 ) ) ;
#2896 = CARTESIAN_POINT ( 'NONE',  ( 3.045439027948420474, -4.274124979574704497, -2.285999999999994259 ) ) ;
#2897 = CARTESIAN_POINT ( 'NONE',  ( -7.150027965879814120E-16, 5.028024231767894925, 2.286000000000000476 ) ) ;
#2898 = CARTESIAN_POINT ( 'NONE',  ( 3.183680459516551764, 4.339242117764197992, -2.286000000000000920 ) ) ;
#2899 = CARTESIAN_POINT ( 'NONE',  ( 5.306777461419535769, 0.5619673642293576687, 2.286000000000000476 ) ) ;
#2900 = CARTESIAN_POINT ( 'NONE',  ( -5.992287157413078269, 2.409147001929392573, -2.285999999999988930 ) ) ;
#2901 = CARTESIAN_POINT ( 'NONE',  ( -2.396986420425919029, -4.422841945095528082, -2.285999999999990262 ) ) ;
#2902 = CARTESIAN_POINT ( 'NONE',  ( 5.025479307074646407, 0.06909748234411666745, 2.286000000000000476 ) ) ;
#2903 = CARTESIAN_POINT ( 'NONE',  ( -4.292995347704374076, 3.094096482592028075, 2.286000000000000476 ) ) ;
#2904 = CARTESIAN_POINT ( 'NONE',  ( 0.6476699409902353377, 5.484739481868279753, -2.286000000000000920 ) ) ;
#2905 = ORIENTED_EDGE ( 'NONE', *, *, #2239, .F. ) ;
#2906 = CARTESIAN_POINT ( 'NONE',  ( 2.301622352330623400, 4.510804669069876205, -2.285999999999991594 ) ) ;
#2907 = CARTESIAN_POINT ( 'NONE',  ( 4.668876377298400548, -2.208998909360595952, 2.286000000000000476 ) ) ;
#2908 = CARTESIAN_POINT ( 'NONE',  ( 0.6101348444133470883, -5.393707460080332083, 2.286000000000000476 ) ) ;
#2909 = CARTESIAN_POINT ( 'NONE',  ( -5.896140974621092212, -0.7170584013211542818, 2.286000000000000476 ) ) ;
#2910 = CARTESIAN_POINT ( 'NONE',  ( 5.992287157413075604, 2.409147001929397902, 2.286000000000000476 ) ) ;
#2911 = CARTESIAN_POINT ( 'NONE',  ( 6.306703394980817556, 2.387648127366837514, -2.286000000000000920 ) ) ;
#2912 = CARTESIAN_POINT ( 'NONE',  ( -2.938866095189178296, 4.247487361087594060, 2.286000000000000476 ) ) ;
#2913 = CARTESIAN_POINT ( 'NONE',  ( -2.347567037772632315, -4.462463875555765291, 2.286000000000000476 ) ) ;
#2914 = AXIS2_PLACEMENT_3D ( 'NONE', #4305, #851, #2023 ) ;
#2915 = DIRECTION ( 'NONE',  ( 1.000000000000000000, 0.000000000000000000, 0.000000000000000000 ) ) ;
#2916 = PRODUCT_DEFINITION_SHAPE ( 'NONE', 'NONE',  #3015 ) ;
#2917 = CARTESIAN_POINT ( 'NONE',  ( 4.258722005451610393, 2.993776443851758895, 2.286000000000000476 ) ) ;
#2918 = CARTESIAN_POINT ( 'NONE',  ( -3.671527976878544930, -4.864396098905573673, -2.286000000000000920 ) ) ;
#2919 = CARTESIAN_POINT ( 'NONE',  ( -0.6763057282891293820, 5.580159256687752922, 2.286000000000000476 ) ) ;
#2920 = ADVANCED_FACE ( 'NONE', ( #3876 ), #3146, .T. ) ;
#2921 = ORIENTED_EDGE ( 'NONE', *, *, #655, .F. ) ;
#2922 = CARTESIAN_POINT ( 'NONE',  ( 3.538372490040376128, -4.700943863347387897, 2.286000000000000476 ) ) ;
#2923 = CARTESIAN_POINT ( 'NONE',  ( 0.5619673642293566695, 5.306777461419536657, 2.286000000000000476 ) ) ;
#2924 = CARTESIAN_POINT ( 'NONE',  ( 3.603620000172901516, 4.819588668520773389, -2.286000000000000920 ) ) ;
#2925 = PLANE ( 'NONE',  #2866 ) ;
#2926 = CARTESIAN_POINT ( 'NONE',  ( 2.191273222451023628, 4.722047456352866490, 2.286000000000000476 ) ) ;
#2927 = CARTESIAN_POINT ( 'NONE',  ( -2.631800271163144078, -4.287272105162937663, 2.286000000000000920 ) ) ;
#2928 = CARTESIAN_POINT ( 'NONE',  ( 5.057282611089284785, -0.2621389074985155943, -2.285999999999992482 ) ) ;
#2929 = CARTESIAN_POINT ( 'NONE',  ( -4.494406809309921869, 3.375777569767196784, 2.286000000000000476 ) ) ;
#2930 = DIRECTION ( 'NONE',  ( 0.000000000000000000, -0.000000000000000000, -1.000000000000000000 ) ) ;
#2931 = ORIENTED_EDGE ( 'NONE', *, *, #1443, .T. ) ;
#2932 = CARTESIAN_POINT ( 'NONE',  ( 2.819336768032399299, 4.241326470143100380, -2.285999999999991594 ) ) ;
#2933 = CARTESIAN_POINT ( 'NONE',  ( 4.292995347704374076, -3.094096482592028963, 2.286000000000000476 ) ) ;
#2934 = CARTESIAN_POINT ( 'NONE',  ( 0.7474384492293199012, -6.048454584161421010, 2.286000000000000476 ) ) ;
#2935 = CARTESIAN_POINT ( 'NONE',  ( -2.317559181621140052, 6.691150755271281447, 2.286000000000000476 ) ) ;
#2936 = CARTESIAN_POINT ( 'NONE',  ( -5.219213881833813851, 2.219332909268639575, 2.286000000000000476 ) ) ;
#2937 = CARTESIAN_POINT ( 'NONE',  ( 6.088939422080936303, 2.406359558239488550, -2.286000000000002697 ) ) ;
#2938 = CARTESIAN_POINT ( 'NONE',  ( -7.227524615835567268, 1.626741853133640614, 2.286000000000000476 ) ) ;
#2939 = CARTESIAN_POINT ( 'NONE',  ( -2.301622352330630950, 4.510804669069874429, 2.286000000000000476 ) ) ;
#2940 = VERTEX_POINT ( 'NONE', #2407 ) ;
#2941 = CARTESIAN_POINT ( 'NONE',  ( -4.615372461749464250, -2.232778667186852584, -2.286000000000000920 ) ) ;
#2942 = CARTESIAN_POINT ( 'NONE',  ( -4.531605619798374285, -3.410305354818155887, -2.285999999999997812 ) ) ;
#2943 = CARTESIAN_POINT ( 'NONE',  ( -2.168461455044141228, -4.976155103217883457, -2.286000000000000920 ) ) ;
#2944 = CARTESIAN_POINT ( 'NONE',  ( -0.06909748234411758339, 5.025479307074646407, 2.286000000000000476 ) ) ;
#2945 = ORIENTED_EDGE ( 'NONE', *, *, #1875, .F. ) ;
#2946 = CARTESIAN_POINT ( 'NONE',  ( 3.476310862236191568, -4.612104495109639934, 2.286000000000000476 ) ) ;
#2947 = CARTESIAN_POINT ( 'NONE',  ( 0.6630252695113217909, 5.531876145198175720, -2.285999999999994259 ) ) ;
#2948 = AXIS2_PLACEMENT_3D ( 'NONE', #1559, #4558, #3788 ) ;
#2949 = CARTESIAN_POINT ( 'NONE',  ( -7.081653077825826870, 1.464622183253435184, -2.286000000000000920 ) ) ;
#2950 = CARTESIAN_POINT ( 'NONE',  ( -5.219213881833813851, 2.219332909268639575, -2.285999999999988930 ) ) ;
#2951 = CARTESIAN_POINT ( 'NONE',  ( 2.372076222644147414, 5.530620799995805470, 2.286000000000000476 ) ) ;
#2952 = CARTESIAN_POINT ( 'NONE',  ( -2.178781297287128105, -4.774490053667272527, 2.286000000000000920 ) ) ;
#2953 = CC_DESIGN_PERSON_AND_ORGANIZATION_ASSIGNMENT ( #1612, #1254, ( #3924 ) ) ;
#2954 = CARTESIAN_POINT ( 'NONE',  ( 5.057282611089283009, 0.2621389074985163714, 2.286000000000000476 ) ) ;
#2955 = CARTESIAN_POINT ( 'NONE',  ( 7.172119510935904607, -1.562936208161145313, -2.286000000000001364 ) ) ;
#2956 = CARTESIAN_POINT ( 'NONE',  ( 5.266605046998202866, -4.381051063935445633, -2.285999999999994259 ) ) ;
#2957 = ORIENTED_EDGE ( 'NONE', *, *, #4798, .F. ) ;
#2958 = CARTESIAN_POINT ( 'NONE',  ( 2.690823560815331916, 4.264284629575965546, -2.285999999999991594 ) ) ;
#2959 = CARTESIAN_POINT ( 'NONE',  ( 5.365664573546732541, -2.277692020846683096, 2.286000000000000476 ) ) ;
#2960 = CARTESIAN_POINT ( 'NONE',  ( 1.244985501274099127, -6.851020669089140647, 2.286000000000000476 ) ) ;
#2961 = EDGE_CURVE ( 'NONE', #4509, #1039, #1873, .T. ) ;
#2962 = CARTESIAN_POINT ( 'NONE',  ( -2.191273222451030289, 4.722047456352863826, 2.286000000000000476 ) ) ;
#2963 = B_SPLINE_CURVE_WITH_KNOTS ( 'NONE', 3,
 ( #953, #2955, #4125, #4048, #568, #3664, #2313, #765, #1509, #2669, #4967, #4150, #1051, #4223, #285, #2597, #1484, #1916, #1125, #667, #3481, #5045, #4531, #2215, #3029, #739, #3006, #3078, #1891, #3432, #3764, #3787, #4992, #1558, #1844, #4581, #715, #2287, #693, #1867, #3053, #3835, #306, #355, #3384, #3458, #4942, #4604, #4247, #1459, #5017, #4557, #2621, #1076, #1533, #4175, #2240, #2263, #3409, #1102, #2645, #4630, #1151, #4198, #3810, #2695, #3858, #379, #1941, #330, #791, #4273, #3179, #432, #2821, #898, #2017, #2340, #1634 ),
 .UNSPECIFIED., .F., .F.,
 ( 4, 1, 1, 1, 1, 1, 1, 1, 1, 1, 1, 1, 1, 1, 1, 1, 1, 1, 1, 1, 1, 1, 1, 1, 1, 1, 1, 1, 1, 1, 1, 1, 1, 1, 1, 1, 1, 1, 1, 1, 1, 1, 1, 1, 1, 1, 1, 1, 1, 1, 1, 1, 1, 1, 1, 1, 1, 1, 1, 1, 1, 1, 1, 1, 1, 1, 1, 1, 1, 1, 1, 1, 1, 1, 1, 1, 4 ),
 ( 0.01103315320116547184, 0.05345531963080774052, 0.07807290109913944676, 0.1012837636727261792, 0.1230879073546432556, 0.1434853321486017075, 0.1624760380591379061, 0.1800600250918766854, 0.1962372932539097059, 0.2110078425543557845, 0.2243716730052127684, 0.2363287846227128952, 0.2468791774295817643, 0.2560228514590334736, 0.2765703373738779280, 0.2861597148600217855, 0.2955281054245302297, 0.3046873400362805073, 0.3136510682187724219, 0.3224350908376913960, 0.3310577570337658315, 0.3395404348280692819, 0.3479080632824442798, 0.3561897892115020170, 0.3644196805880378642, 0.3726374874240482304, 0.3808893818503648054, 0.3892285417683729598, 0.3977153332009296660, 0.4064166828338137138, 0.4154040162538316094, 0.4247489170962575056, 0.4345155871249806179, 0.4447495655339210874, 0.4554634245512343416, 0.4666225055634414254, 0.4781364573014081909, 0.4871735315700953528, 0.5000000000000000000, 0.5128264684299046472, 0.5218635426985918091, 0.5333774944365585746, 0.5445365754487656584, 0.5552504344660789126, 0.5654844128750193821, 0.5752510829037424944, 0.5845959837461683906, 0.5935833171661862862, 0.6022846667990703340, 0.6107714582316270402, 0.6191106181496351946, 0.6273625125759517696, 0.6355803194119621358, 0.6438102107884980940, 0.6520919367175557202, 0.6604595651719308291, 0.6689422429662341685, 0.6775649091623087150, 0.6863489317812276891, 0.6953126599637196037, 0.7044718945754698813, 0.7138402851399783255, 0.7234296626261221830, 0.7439771485409665264, 0.7531208225704181247, 0.7636712153772871048, 0.7756283269947872316, 0.7889921574456442155, 0.8037627067460902941, 0.8199399749081233146, 0.8375239619408619829, 0.8565146678513981815, 0.8769120926453565223, 0.8987162363272737098, 0.9219270989008604422, 0.9465446803691922595, 0.9889668467988227407 ),
 .UNSPECIFIED. ) ;
#2964 = FACE_BOUND ( 'NONE', #2895, .T. ) ;
#2965 = CARTESIAN_POINT ( 'NONE',  ( 6.992705799529089994, 2.232517294705880673, -2.286000000000000920 ) ) ;
#2966 = CARTESIAN_POINT ( 'NONE',  ( -2.391450586719571447, 5.690277883870089148, 2.286000000000000476 ) ) ;
#2967 = ORIENTED_EDGE ( 'NONE', *, *, #3949, .F. ) ;
#2968 = CARTESIAN_POINT ( 'NONE',  ( -4.774490053667270750, -2.178781297287130769, -2.286000000000000920 ) ) ;
#2969 = CARTESIAN_POINT ( 'NONE',  ( -4.459232637575090585, -3.340134799346918815, -2.285999999999997812 ) ) ;
#2970 = CARTESIAN_POINT ( 'NONE',  ( -3.984899404126267086, -5.082526083828513563, -2.286000000000000920 ) ) ;
#2971 = CARTESIAN_POINT ( 'NONE',  ( 0.4633254509012519340, 5.185049666302785631, 2.286000000000000476 ) ) ;
#2972 = CARTESIAN_POINT ( 'NONE',  ( 2.191741345851258682, -5.122257907086414264, -2.285999999999994259 ) ) ;
#2973 = CARTESIAN_POINT ( 'NONE',  ( 1.464622183275077871, 7.081653077847822608, 2.286000000000000476 ) ) ;
#2974 = CARTESIAN_POINT ( 'NONE',  ( -6.181594833392607846, 0.7992465585685049057, -2.286000000000000920 ) ) ;
#2975 = CARTESIAN_POINT ( 'NONE',  ( -5.122257907086416040, 2.191741345851256018, -2.285999999999988930 ) ) ;
#2976 = CARTESIAN_POINT ( 'NONE',  ( 4.503699405991239857, 5.310665190646412626, 2.286000000000000476 ) ) ;
#2977 = CARTESIAN_POINT ( 'NONE',  ( -3.265033223548863273, -4.395000467436836367, 2.286000000000000920 ) ) ;
#2978 = CARTESIAN_POINT ( 'NONE',  ( 5.531876145198175720, 0.6630252695113227901, -2.285999999999992482 ) ) ;
#2979 = LINE ( 'NONE', #2573, #4655 ) ;
#2980 = CARTESIAN_POINT ( 'NONE',  ( 5.400580374566934516, -4.809226556586356338, 2.286000000000000476 ) ) ;
#2981 = ORIENTED_EDGE ( 'NONE', *, *, #3236, .F. ) ;
#2982 = CARTESIAN_POINT ( 'NONE',  ( 2.880640466208730377, 4.241329277686508803, -2.285999999999991594 ) ) ;
#2983 = DIRECTION ( 'NONE',  ( -0.000000000000000000, -0.000000000000000000, 1.000000000000000000 ) ) ;
#2984 = CARTESIAN_POINT ( 'NONE',  ( 0.06909748234411697276, -5.025479307074646407, 2.286000000000000476 ) ) ;
#2985 = CARTESIAN_POINT ( 'NONE',  ( -5.170712537599049696, -2.204381686920557915, -2.285999999999997812 ) ) ;
#2986 = CARTESIAN_POINT ( 'NONE',  ( -4.274124979574706273, 3.045439027948419142, -2.286000000000000920 ) ) ;
#2987 = ADVANCED_FACE ( 'NONE', ( #1627 ), #3770, .T. ) ;
#2988 = CARTESIAN_POINT ( 'NONE',  ( -0.5330684818325865937, -5.264891270736411499, -2.286000000000000920 ) ) ;
#2989 = CARTESIAN_POINT ( 'NONE',  ( 4.494406809309918316, 3.375777569767200337, -2.286000000000000920 ) ) ;
#2990 = CARTESIAN_POINT ( 'NONE',  ( -2.301950562403215272, 5.414792396100657434, 2.286000000000000476 ) ) ;
#2991 = CARTESIAN_POINT ( 'NONE',  ( -5.122257907086414264, -2.191741345851260014, -2.286000000000000920 ) ) ;
#2992 = DIRECTION ( 'NONE',  ( -1.000000000000000000, -0.000000000000000000, -0.000000000000000000 ) ) ;
#2993 = CARTESIAN_POINT ( 'NONE',  ( 0.000000000000000000, 0.000000000000000000, 3.174999999999999822 ) ) ;
#2994 = CARTESIAN_POINT ( 'NONE',  ( -4.069996442506886858, -5.128438219115365015, -2.286000000000000920 ) ) ;
#2995 = CARTESIAN_POINT ( 'NONE',  ( -5.022562078130897945, 5.445848997224144838, 2.286000000000000476 ) ) ;
#2996 = CARTESIAN_POINT ( 'NONE',  ( 2.232778667186851251, -4.615372461749465138, -2.285999999999994259 ) ) ;
#2997 = CARTESIAN_POINT ( 'NONE',  ( 0.8295454916588369532, 6.246275499659564190, -2.285999999999994259 ) ) ;
#2998 = AXIS2_PLACEMENT_3D ( 'NONE', #3547, #63, #2715 ) ;
#2999 = CARTESIAN_POINT ( 'NONE',  ( -5.629638264086795907, 0.6876082620354372343, -2.286000000000000920 ) ) ;
#3000 = CARTESIAN_POINT ( 'NONE',  ( -6.193806931796399518, 2.399402252589298623, 2.286000000000000476 ) ) ;
#3001 = CARTESIAN_POINT ( 'NONE',  ( -7.227524615835563715, 1.626741853133637061, 2.286000000000000476 ) ) ;
#3002 = CARTESIAN_POINT ( 'NONE',  ( -3.569061278851721308, -4.747678667655630846, 2.286000000000000920 ) ) ;
#3003 = CARTESIAN_POINT ( 'NONE',  ( 5.306777461419535769, 0.5619673642293576687, -2.285999999999992482 ) ) ;
#3004 =( GEOMETRIC_REPRESENTATION_CONTEXT ( 3 ) GLOBAL_UNCERTAINTY_ASSIGNED_CONTEXT ( ( #3697 ) ) GLOBAL_UNIT_ASSIGNED_CONTEXT ( ( #309, #3412, #4607 ) ) REPRESENTATION_CONTEXT ( 'NONE', 'WORKASPACE' ) );
#3005 = B_SPLINE_SURFACE_WITH_KNOTS ( 'NONE', 3, 1, ( 
 ( #23, #1635 ),
 ( #72, #4657 ),
 ( #4327, #1227 ),
 ( #792, #845 ),
 ( #3556, #3534 ),
 ( #1177, #1686 ),
 ( #2392, #3964 ),
 ( #2341, #1251 ),
 ( #409, #871 ),
 ( #3913, #3938 ),
 ( #433, #95 ),
 ( #1968, #3508 ),
 ( #458, #484 ),
 ( #4274, #4708 ),
 ( #1278, #2797 ),
 ( #4734, #2771 ),
 ( #2723, #3886 ),
 ( #4351, #3130 ),
 ( #2018, #3180 ),
 ( #1995, #2415 ),
 ( #1584, #2043 ),
 ( #3207, #4684 ),
 ( #899, #3580 ),
 ( #1662, #1203 ),
 ( #4762, #1609 ),
 ( #2748, #4301 ),
 ( #2822, #4378 ),
 ( #3155, #2442 ),
 ( #122, #47 ),
 ( #3991, #820 ),
 ( #2369, #510 ),
 ( #2067, #3608 ),
 ( #3708, #3231 ),
 ( #4404, #4042 ),
 ( #2540, #1327 ),
 ( #4453, #4019 ),
 ( #4430, #3735 ),
 ( #3332, #4787 ),
 ( #3683, #1304 ),
 ( #2897, #4839 ),
 ( #924, #971 ),
 ( #1021, #2136 ),
 ( #1761, #174 ),
 ( #559, #4864 ),
 ( #199, #2186 ),
 ( #4889, #3306 ),
 ( #4476, #585 ),
 ( #1713, #1787 ),
 ( #4501, #1377 ),
 ( #3659, #2848 ),
 ( #2923, #535 ),
 ( #611, #995 ),
 ( #253, #4093 ),
 ( #947, #225 ),
 ( #2114, #1405 ),
 ( #2873, #2947 ),
 ( #2516, #2161 ),
 ( #2466, #2567 ),
 ( #4119, #2090 ),
 ( #636, #3633 ),
 ( #146, #3255 ),
 ( #4812, #1737 ),
 ( #2491, #3281 ),
 ( #1353, #4066 ),
 ( #3781, #3023 ),
 ( #2615, #2281 ),
 ( #2590, #2639 ),
 ( #3452, #2997 ),
 ( #5010, #2257 ),
 ( #2689, #4598 ),
 ( #1861, #349 ),
 ( #733, #301 ),
 ( #3829, #3378 ),
 ( #4144, #4985 ),
 ( #1094, #3071 ),
 ( #1910, #1813 ),
 ( #2973, #4167 ),
 ( #1118, #4936 ),
 ( #4574, #661 ) ),
 .UNSPECIFIED., .F., .F., .F.,
 ( 4, 1, 1, 1, 1, 1, 1, 1, 1, 1, 1, 1, 1, 1, 1, 1, 1, 1, 1, 1, 1, 1, 1, 1, 1, 1, 1, 1, 1, 1, 1, 1, 1, 1, 1, 1, 1, 1, 1, 1, 1, 1, 1, 1, 1, 1, 1, 1, 1, 1, 1, 1, 1, 1, 1, 1, 1, 1, 1, 1, 1, 1, 1, 1, 1, 1, 1, 1, 1, 1, 1, 1, 1, 1, 1, 1, 4 ),
 ( 2, 2 ),
 ( 0.01103315318568798276, 0.05345531963080774052, 0.07807290109913955778, 0.1012837636727262902, 0.1230879073546434777, 0.1434853321486018185, 0.1624760380591380171, 0.1800600250918766854, 0.1962372932539097059, 0.2110078425543557845, 0.2243716730052127684, 0.2363287846227128952, 0.2468791774295818753, 0.2560228514590334736, 0.2765703373738778170, 0.2861597148600216745, 0.2955281054245301187, 0.3046873400362803963, 0.3136510682187723109, 0.3224350908376912850, 0.3310577570337658315, 0.3395404348280691709, 0.3479080632824442798, 0.3561897892115019060, 0.3644196805880378642, 0.3726374874240482304, 0.3808893818503648054, 0.3892285417683729598, 0.3977153332009296660, 0.4064166828338137138, 0.4154040162538316094, 0.4247489170962575056, 0.4345155871249806179, 0.4447495655339210874, 0.4554634245512343416, 0.4666225055634414254, 0.4781364573014081909, 0.4871735315700953528, 0.5000000000000000000, 0.5128264684299046472, 0.5218635426985918091, 0.5333774944365585746, 0.5445365754487656584, 0.5552504344660789126, 0.5654844128750193821, 0.5752510829037424944, 0.5845959837461683906, 0.5935833171661862862, 0.6022846667990703340, 0.6107714582316270402, 0.6191106181496351946, 0.6273625125759517696, 0.6355803194119621358, 0.6438102107884979830, 0.6520919367175557202, 0.6604595651719307181, 0.6689422429662341685, 0.6775649091623086040, 0.6863489317812275781, 0.6953126599637194927, 0.7044718945754697703, 0.7138402851399782145, 0.7234296626261220720, 0.7439771485409665264, 0.7531208225704182357, 0.7636712153772871048, 0.7756283269947872316, 0.7889921574456442155, 0.8037627067460902941, 0.8199399749081233146, 0.8375239619408620939, 0.8565146678513982925, 0.8769120926453567444, 0.8987162363272738208, 0.9219270989008605532, 0.9465446803691922595, 0.9889668468143231195 ),
 ( 0.000000000000000000, 1.000000000000000000 ),
 .UNSPECIFIED. ) ;
#3006 = CARTESIAN_POINT ( 'NONE',  ( 5.393707460080332083, -0.6101348444133467552, -2.286000000000000920 ) ) ;
#3007 = LINE ( 'NONE', #2241, #4085 ) ;
#3008 = CARTESIAN_POINT ( 'NONE',  ( 3.603620000172901516, 4.819588668520773389, -2.285999999999991594 ) ) ;
#3009 = CARTESIAN_POINT ( 'NONE',  ( 5.310665190646409961, -4.503699405991244298, 2.286000000000000476 ) ) ;
#3010 = CARTESIAN_POINT ( 'NONE',  ( -0.6970097785450477534, -5.680356212974282393, -2.285999999999993371 ) ) ;
#3011 = CARTESIAN_POINT ( 'NONE',  ( -6.193806931796397741, -2.399402252589303064, 2.286000000000000476 ) ) ;
#3012 = CARTESIAN_POINT ( 'NONE',  ( -2.398629593088693834, 5.753041440904883785, 2.286000000000000476 ) ) ;
#3013 = CARTESIAN_POINT ( 'NONE',  ( -5.028786691589065327, -0.1355698399325906411, -2.285999999999992482 ) ) ;
#3014 = CARTESIAN_POINT ( 'NONE',  ( 0.5003650740925671414, -5.224220325235548579, -2.286000000000000920 ) ) ;
#3015 = PRODUCT_DEFINITION ( 'UNKNOWN', '', #3924, #4108 ) ;
#3016 = CARTESIAN_POINT ( 'NONE',  ( 2.236549931580964490, -5.267837672253021353, -2.286000000000000920 ) ) ;
#3017 = CARTESIAN_POINT ( 'NONE',  ( 2.191741345851253797, 5.122257907086416928, -2.286000000000000920 ) ) ;
#3018 = CARTESIAN_POINT ( 'NONE',  ( 4.655371438823707742, 3.507955818454327801, 2.286000000000000476 ) ) ;
#3019 = CARTESIAN_POINT ( 'NONE',  ( -5.429769591381422345, -4.939602216290231773, -2.285999999999997812 ) ) ;
#3020 = CARTESIAN_POINT ( 'NONE',  ( -2.391450586719567895, -5.690277883870091813, -2.286000000000000920 ) ) ;
#3021 = DIRECTION ( 'NONE',  ( 1.000000000000000000, 0.000000000000000000, 0.000000000000000000 ) ) ;
#3022 = CARTESIAN_POINT ( 'NONE',  ( 2.181471118769027218, -5.073758694932547719, -2.285999999999994259 ) ) ;
#3023 = CARTESIAN_POINT ( 'NONE',  ( 0.7474384492293183468, 6.048454584161420122, -2.285999999999994259 ) ) ;
#3024 = CARTESIAN_POINT ( 'NONE',  ( -6.476356000746373631, 0.9605012029655746186, -2.286000000000000920 ) ) ;
#3025 = CARTESIAN_POINT ( 'NONE',  ( -4.287272105162937663, 2.631800271163143190, 2.286000000000000476 ) ) ;
#3026 = CARTESIAN_POINT ( 'NONE',  ( 4.267941290503531881, 5.221115631088434128, 2.286000000000000476 ) ) ;
#3027 = CARTESIAN_POINT ( 'NONE',  ( -3.507955818454324692, -4.655371438823711294, 2.286000000000000920 ) ) ;
#3028 = CARTESIAN_POINT ( 'NONE',  ( 6.655589417870370283, -1.085587763892387647, -2.285999999999992482 ) ) ;
#3029 = CARTESIAN_POINT ( 'NONE',  ( 5.484739481868279753, -0.6476699409902362259, -2.286000000000000920 ) ) ;
#3030 = CARTESIAN_POINT ( 'NONE',  ( 0.3740431840629586668, 5.113419133395584737, -2.286000000000000920 ) ) ;
#3031 = CARTESIAN_POINT ( 'NONE',  ( 4.635926943805791289, 5.352640503693422147, -2.285999999999991594 ) ) ;
#3032 = CARTESIAN_POINT ( 'NONE',  ( -0.3740431840629592775, -5.113419133395584737, -2.285999999999993371 ) ) ;
#3033 = CARTESIAN_POINT ( 'NONE',  ( -6.865202557842011721, -2.272426521261466714, -2.285999999999997812 ) ) ;
#3034 = CIRCLE ( 'NONE', #1167, 3.960097721574094010 ) ;
#3035 = CARTESIAN_POINT ( 'NONE',  ( -4.570827893707974710, 3.443806281393317015, -2.286000000000000920 ) ) ;
#3036 = CARTESIAN_POINT ( 'NONE',  ( 6.427404040144042874, -2.370488230432056920, 2.286000000000000476 ) ) ;
#3037 = CARTESIAN_POINT ( 'NONE',  ( -5.057282611089284785, 0.2621389074985149836, 2.286000000000000476 ) ) ;
#3038 = CARTESIAN_POINT ( 'NONE',  ( -0.6876082620354375674, -5.629638264086795907, -2.286000000000000920 ) ) ;
#3039 = CARTESIAN_POINT ( 'NONE',  ( 4.274124979574701833, 3.045439027948421806, -2.286000000000000920 ) ) ;
#3040 = EDGE_LOOP ( 'NONE', ( #7, #3166, #878, #619 ) ) ;
#3041 = CARTESIAN_POINT ( 'NONE',  ( 2.690823560815331916, 4.264284629575965546, -2.286000000000000920 ) ) ;
#3042 = CARTESIAN_POINT ( 'NONE',  ( 4.494406809309918316, 3.375777569767200337, 2.286000000000000476 ) ) ;
#3043 = FACE_OUTER_BOUND ( 'NONE', #854, .T. ) ;
#3044 = CARTESIAN_POINT ( 'NONE',  ( 2.204962537704693748, 7.072590850357724612, -2.286000000000000476 ) ) ;
#3045 = CARTESIAN_POINT ( 'NONE',  ( 2.301950562403213052, -5.414792396100658323, 2.286000000000000476 ) ) ;
#3046 = CARTESIAN_POINT ( 'NONE',  ( 1.018960161258259056, -6.563695275366480786, 2.286000000000000476 ) ) ;
#3047 = EDGE_CURVE ( 'NONE', #909, #583, #876, .T. ) ;
#3048 = CARTESIAN_POINT ( 'NONE',  ( 7.081653077825841081, -1.464622183253450505, 2.286000000000000476 ) ) ;
#3049 = CARTESIAN_POINT ( 'NONE',  ( -4.248665761571361443, 2.755660258758654724, 2.286000000000000476 ) ) ;
#3050 = CARTESIAN_POINT ( 'NONE',  ( 3.569061278851717756, 4.747678667655630846, 2.286000000000000476 ) ) ;
#3051 = CARTESIAN_POINT ( 'NONE',  ( -3.908841068998488932, -5.037714479379337362, 2.286000000000000920 ) ) ;
#3052 = CARTESIAN_POINT ( 'NONE',  ( 7.172119510977707613, -1.562936208206573419, -2.285999999999992482 ) ) ;
#3053 = CARTESIAN_POINT ( 'NONE',  ( 5.025479307074646407, 0.06909748234411666745, -2.286000000000000920 ) ) ;
#3054 = CARTESIAN_POINT ( 'NONE',  ( -0.3209540278680271252, 5.082764852903506991, -2.286000000000000920 ) ) ;
#3055 = CARTESIAN_POINT ( 'NONE',  ( -4.747678667655627294, -3.569061278851724417, 2.286000000000000476 ) ) ;
#3056 = CARTESIAN_POINT ( 'NONE',  ( -1.614999999999999769, 1.615000000000000213, -2.286000000000000032 ) ) ;
#3057 = CARTESIAN_POINT ( 'NONE',  ( 0.4213890162108052118, -5.147865004549772472, 2.286000000000000476 ) ) ;
#3058 = CARTESIAN_POINT ( 'NONE',  ( -5.025101949511928012, -2.173665442670351666, 2.286000000000000476 ) ) ;
#3059 = CARTESIAN_POINT ( 'NONE',  ( -4.422841945095526306, 2.396986420425918141, -2.286000000000000920 ) ) ;
#3060 = CARTESIAN_POINT ( 'NONE',  ( 5.690277883870090925, -2.391450586719568783, -2.285999999999994259 ) ) ;
#3061 = CARTESIAN_POINT ( 'NONE',  ( -5.224220325235548579, -0.5003650740925674745, -2.285999999999992482 ) ) ;
#3062 = ORIENTED_EDGE ( 'NONE', *, *, #4168, .T. ) ;
#3063 = CARTESIAN_POINT ( 'NONE',  ( -0.7474384492293191240, -6.048454584161420122, -2.286000000000000920 ) ) ;
#3064 = CARTESIAN_POINT ( 'NONE',  ( 2.327079695769370904, -5.464737068976782020, -2.286000000000000920 ) ) ;
#3065 = VERTEX_POINT ( 'NONE', #2 ) ;
#3066 = CARTESIAN_POINT ( 'NONE',  ( 4.258722005451613057, -2.993776443851756675, -2.286000000000000920 ) ) ;
#3067 = CARTESIAN_POINT ( 'NONE',  ( 4.953794882336378436, 3.782965240303920229, -2.286000000000002697 ) ) ;
#3068 = CARTESIAN_POINT ( 'NONE',  ( -4.287272105162934999, -2.631800271163147187, -2.285999999999997812 ) ) ;
#3069 = CARTESIAN_POINT ( 'NONE',  ( 1.615000000000000213, -1.614999999999999769, 2.286000000000000032 ) ) ;
#3070 = CARTESIAN_POINT ( 'NONE',  ( 2.398629593088691614, -5.753041440904884674, -2.285999999999994259 ) ) ;
#3071 = CARTESIAN_POINT ( 'NONE',  ( 1.244985501274097350, 6.851020669089141535, -2.285999999999994259 ) ) ;
#3072 = CARTESIAN_POINT ( 'NONE',  ( -5.680356212974283281, -0.6970097785450484196, -2.286000000000000920 ) ) ;
#3073 = CARTESIAN_POINT ( 'NONE',  ( -4.395000467436835478, 3.265033223548862384, 2.286000000000000476 ) ) ;
#3074 = CARTESIAN_POINT ( 'NONE',  ( -7.227524615835570820, -1.626741853133644833, 2.286000000000000476 ) ) ;
#3075 = CARTESIAN_POINT ( 'NONE',  ( -4.069996442506886858, -5.128438219115365015, -2.285999999999990262 ) ) ;
#3076 = CARTESIAN_POINT ( 'NONE',  ( 6.181594833392607846, -0.7992465585685056828, 2.286000000000000476 ) ) ;
#3077 = EDGE_CURVE ( 'NONE', #4862, #1521, #3134, .T. ) ;
#3078 = CARTESIAN_POINT ( 'NONE',  ( 5.349734136913458116, -0.5875270965913544918, -2.286000000000000920 ) ) ;
#3079 = CARTESIAN_POINT ( 'NONE',  ( 0.2621389074985147061, 5.057282611089284785, -2.286000000000000920 ) ) ;
#3080 = CARTESIAN_POINT ( 'NONE',  ( 3.984899404126263978, 5.082526083828515340, 2.286000000000000476 ) ) ;
#3081 = CARTESIAN_POINT ( 'NONE',  ( -4.241326470143099492, -2.819336768032404628, -2.286000000000000920 ) ) ;
#3082 = PERSON_AND_ORGANIZATION ( #1695, #3439 ) ;
#3083 = CARTESIAN_POINT ( 'NONE',  ( 0.1355698399325903081, -5.028786691589065327, -2.285999999999993371 ) ) ;
#3084 = CARTESIAN_POINT ( 'NONE',  ( -6.306703394980816668, -2.387648127366836626, 2.286000000000000476 ) ) ;
#3085 = VECTOR ( 'NONE', #5034, 1000.000000000000000 ) ;
#3086 = CARTESIAN_POINT ( 'NONE',  ( -1.244985501274100015, 6.851020669089140647, 2.286000000000000476 ) ) ;
#3087 = CARTESIAN_POINT ( 'NONE',  ( 4.876787775934690039, -2.166710717189361368, -2.285999999999994259 ) ) ;
#3088 = CARTESIAN_POINT ( 'NONE',  ( -5.580159256687754699, 0.6763057282891278277, -2.285999999999992482 ) ) ;
#3089 = ORIENTED_EDGE ( 'NONE', *, *, #882, .T. ) ;
#3090 = CARTESIAN_POINT ( 'NONE',  ( 0.06909748234411697276, -5.025479307074646407, -2.286000000000000920 ) ) ;
#3091 = CARTESIAN_POINT ( 'NONE',  ( 5.082526083828510899, 3.984899404126271527, -2.286000000000000920 ) ) ;
#3092 = CARTESIAN_POINT ( 'NONE',  ( 4.339242117764196216, -3.183680459516555317, -2.286000000000000920 ) ) ;
#3093 = CARTESIAN_POINT ( 'NONE',  ( 5.445848997241717449, 5.022562078221564974, 2.286000000000000920 ) ) ;
#3094 = CARTESIAN_POINT ( 'NONE',  ( -4.287272105162934999, -2.631800271163147187, 2.286000000000000476 ) ) ;
#3095 = DIRECTION ( 'NONE',  ( 0.000000000000000000, 0.000000000000000000, -1.000000000000000000 ) ) ;
#3096 = CARTESIAN_POINT ( 'NONE',  ( -4.503699405991246962, 5.310665190646406408, -2.285999999999990706 ) ) ;
#3097 = CARTESIAN_POINT ( 'NONE',  ( -1.085587763892387203, -6.655589417870370283, 2.286000000000000476 ) ) ;
#3098 = CARTESIAN_POINT ( 'NONE',  ( -5.082764852903506991, -0.3209540278680267922, -2.286000000000000920 ) ) ;
#3099 = CARTESIAN_POINT ( 'NONE',  ( -4.317644004947605474, 2.572579828584874662, 2.286000000000000476 ) ) ;
#3100 = CARTESIAN_POINT ( 'NONE',  ( 4.809226556556637000, -5.400580374558710872, 2.286000000000000476 ) ) ;
#3101 = CARTESIAN_POINT ( 'NONE',  ( 4.612104495109638158, 3.476310862236193788, 2.286000000000000476 ) ) ;
#3102 = CARTESIAN_POINT ( 'NONE',  ( 6.181594833392607846, -0.7992465585685056828, -2.285999999999992482 ) ) ;
#3103 = CARTESIAN_POINT ( 'NONE',  ( 4.635926943805797507, -5.352640503693419483, -2.285999999999994259 ) ) ;
#3104 = CARTESIAN_POINT ( 'NONE',  ( -0.9605012029655761729, 6.476356000746373631, -2.286000000000000920 ) ) ;
#3105 = CARTESIAN_POINT ( 'NONE',  ( -4.570827893707973821, -3.443806281393320123, 2.286000000000000476 ) ) ;
#3106 = COORDINATED_UNIVERSAL_TIME_OFFSET ( 6, 0, .BEHIND. ) ;
#3107 = DIRECTION ( 'NONE',  ( 1.000000000000000000, 0.000000000000000000, 0.000000000000000000 ) ) ;
#3108 = CARTESIAN_POINT ( 'NONE',  ( -2.317559181621135167, -6.691150755271285888, 2.286000000000000920 ) ) ;
#3109 = CARTESIAN_POINT ( 'NONE',  ( -1.018960161258259944, 6.563695275366480786, 2.286000000000000476 ) ) ;
#3110 = CARTESIAN_POINT ( 'NONE',  ( 6.088939422080938968, -2.406359558239485441, -2.285999999999994259 ) ) ;
#3111 = CARTESIAN_POINT ( 'NONE',  ( -5.352640503693421259, 4.635926943805793954, 2.286000000000000476 ) ) ;
#3112 = VECTOR ( 'NONE', #4372, 1000.000000000000000 ) ;
#3113 = CARTESIAN_POINT ( 'NONE',  ( -5.147865004549771584, 0.4213890162108047122, 2.286000000000000476 ) ) ;
#3114 = EDGE_CURVE ( 'NONE', #629, #3606, #1624, .T. ) ;
#3115 = EDGE_LOOP ( 'NONE', ( #2683, #932, #2196, #1693 ) ) ;
#3116 = CARTESIAN_POINT ( 'NONE',  ( 0.9097610735845652608, -6.394046406055663212, -2.286000000000000920 ) ) ;
#3117 = CARTESIAN_POINT ( 'NONE',  ( 4.381051063935448298, -5.266605046998202866, -2.286000000000000920 ) ) ;
#3118 = CARTESIAN_POINT ( 'NONE',  ( 5.266605046998202866, -4.381051063935445633, -2.286000000000000920 ) ) ;
#3119 = CARTESIAN_POINT ( 'NONE',  ( 5.122257907086414264, 2.191741345851260903, 2.286000000000000476 ) ) ;
#3120 = CARTESIAN_POINT ( 'NONE',  ( -4.317644004947601921, -2.572579828584876882, 2.286000000000000476 ) ) ;
#3121 = CARTESIAN_POINT ( 'NONE',  ( -2.272426521269215183, -6.865202557812118300, -2.286000000000000920 ) ) ;
#3122 = CARTESIAN_POINT ( 'NONE',  ( -4.635926943805799283, 5.352640503693416818, 2.286000000000000476 ) ) ;
#3123 = CARTESIAN_POINT ( 'NONE',  ( -7.072590850357793002, 2.204962537704672876, 2.286000000000000476 ) ) ;
#3124 = CARTESIAN_POINT ( 'NONE',  ( -5.028786691589064439, 0.1355698399325889481, -2.286000000000000920 ) ) ;
#3125 = CARTESIAN_POINT ( 'NONE',  ( -5.025101949511931565, 2.173665442670349002, 2.286000000000000476 ) ) ;
#3126 = CARTESIAN_POINT ( 'NONE',  ( 2.347567037772631870, -4.462463875555763515, 2.286000000000000476 ) ) ;
#3127 = CARTESIAN_POINT ( 'NONE',  ( 4.426088753942309495, 3.303268363099254756, 2.286000000000000476 ) ) ;
#3128 = CARTESIAN_POINT ( 'NONE',  ( 6.317209250654446606, -0.8662984254189461941, 2.286000000000000476 ) ) ;
#3129 = CARTESIAN_POINT ( 'NONE',  ( -2.500000000000000000, 0.000000000000000000, -3.174999999999999822 ) ) ;
#3130 = CARTESIAN_POINT ( 'NONE',  ( -0.7138485327532728686, 5.840323052443587848, -2.285999999999994259 ) ) ;
#3131 = CARTESIAN_POINT ( 'NONE',  ( -4.314820411705332148, -3.140066744230175733, 2.286000000000000476 ) ) ;
#3132 = CARTESIAN_POINT ( 'NONE',  ( -4.366020258804534926, -3.225246005036192187, -2.286000000000000920 ) ) ;
#3133 = CARTESIAN_POINT ( 'NONE',  ( 1.615000000000000213, -1.614999999999999769, 2.286000000000000032 ) ) ;
#3134 = LINE ( 'NONE', #2420, #317 ) ;
#3135 = CARTESIAN_POINT ( 'NONE',  ( -6.193806931796399518, 2.399402252589298623, -2.286000000000000920 ) ) ;
#3136 = CARTESIAN_POINT ( 'NONE',  ( 4.366020258804535814, -3.225246005036190411, 2.286000000000000476 ) ) ;
#3137 = CARTESIAN_POINT ( 'NONE',  ( 5.267837672253023129, -2.236549931580964490, 2.286000000000000476 ) ) ;
#3138 = CARTESIAN_POINT ( 'NONE',  ( -2.347567037772633647, 4.462463875555762627, 2.286000000000000476 ) ) ;
#3139 = CARTESIAN_POINT ( 'NONE',  ( -6.317209250654446606, 0.8662984254189454170, 2.286000000000000476 ) ) ;
#3140 = VERTEX_POINT ( 'NONE', #4382 ) ;
#3141 = CARTESIAN_POINT ( 'NONE',  ( -7.227524615896121496, -1.626741853203378163, 2.286000000000000476 ) ) ;
#3142 = EDGE_CURVE ( 'NONE', #387, #4493, #1788, .T. ) ;
#3143 = CARTESIAN_POINT ( 'NONE',  ( 5.122257907086415152, -2.191741345851257794, -2.286000000000000920 ) ) ;
#3144 = CARTESIAN_POINT ( 'NONE',  ( 4.422841945095523641, 2.396986420425921693, 2.286000000000000476 ) ) ;
#3145 = CARTESIAN_POINT ( 'NONE',  ( -5.057282611089283009, -0.2621389074985169820, 2.286000000000000476 ) ) ;
#3146 = CYLINDRICAL_SURFACE ( 'NONE', #70, 3.960097721574094010 ) ;
#3147 = CARTESIAN_POINT ( 'NONE',  ( -0.4633254509012526001, -5.185049666302785631, 2.286000000000000476 ) ) ;
#3148 = CARTESIAN_POINT ( 'NONE',  ( -6.476356000746373631, -0.9605012029655757289, -2.286000000000000920 ) ) ;
#3149 = CARTESIAN_POINT ( 'NONE',  ( -5.082526083828512675, 3.984899404126266198, -2.285999999999988930 ) ) ;
#3150 = CARTESIAN_POINT ( 'NONE',  ( 3.732199908664472598, -4.916195901929392598, 2.286000000000000476 ) ) ;
#3151 = CARTESIAN_POINT ( 'NONE',  ( 4.819588668520768060, 3.603620000172907734, 2.286000000000000476 ) ) ;
#3152 = CARTESIAN_POINT ( 'NONE',  ( -2.256044226555258270, 5.316625765703147266, -2.286000000000000920 ) ) ;
#3153 = EDGE_LOOP ( 'NONE', ( #1660, #3493, #4307, #4896 ) ) ;
#3154 = CYLINDRICAL_SURFACE ( 'NONE', #4213, 7.408333222071330049 ) ;
#3155 = CARTESIAN_POINT ( 'NONE',  ( -0.5875270965913554910, 5.349734136913458116, 2.286000000000000476 ) ) ;
#3156 = CARTESIAN_POINT ( 'NONE',  ( -4.386741487291720532, -2.452899478489773966, 2.286000000000000476 ) ) ;
#3157 = CARTESIAN_POINT ( 'NONE',  ( -5.128438219115361463, -4.069996442506889522, -2.286000000000000920 ) ) ;
#3158 = APPROVAL_STATUS ( 'not_yet_approved' ) ;
#3159 = CARTESIAN_POINT ( 'NONE',  ( 2.404730280458372782, 5.824206007570942312, 2.286000000000000476 ) ) ;
#3160 = CARTESIAN_POINT ( 'NONE',  ( -2.204962537674543199, 7.072590850445156896, 2.286000000000000476 ) ) ;
#3161 = CARTESIAN_POINT ( 'NONE',  ( 4.510804669069875317, -2.301622352330626953, 2.286000000000000476 ) ) ;
#3162 = CARTESIAN_POINT ( 'NONE',  ( 2.317559181621130726, 6.691150755271285000, -2.285999999999991594 ) ) ;
#3163 = CARTESIAN_POINT ( 'NONE',  ( -5.400580374566935404, 4.809226556586354562, 2.286000000000000476 ) ) ;
#3164 = CARTESIAN_POINT ( 'NONE',  ( -6.123650495384040937, 0.7740819819406971058, -2.285999999999992482 ) ) ;
#3165 = AXIS2_PLACEMENT_3D ( 'NONE', #5035, #4368, #473 ) ;
#3166 = ORIENTED_EDGE ( 'NONE', *, *, #4512, .T. ) ;
#3167 = CARTESIAN_POINT ( 'NONE',  ( -6.953486125426932674, -1.338510251577864629, -2.285999999999992482 ) ) ;
#3168 = CARTESIAN_POINT ( 'NONE',  ( 4.314820411705333925, -3.140066744230173956, -2.286000000000000920 ) ) ;
#3169 = CARTESIAN_POINT ( 'NONE',  ( 4.422841945095523641, 2.396986420425921693, -2.286000000000002697 ) ) ;
#3170 = CARTESIAN_POINT ( 'NONE',  ( -5.028786691589065327, -0.1355698399325906411, 2.286000000000000476 ) ) ;
#3171 = CARTESIAN_POINT ( 'NONE',  ( -4.635926943805799283, 5.352640503693416818, -2.285999999999990706 ) ) ;
#3172 = CARTESIAN_POINT ( 'NONE',  ( -1.018960161258257724, -6.563695275366480786, 2.286000000000000476 ) ) ;
#3173 = CARTESIAN_POINT ( 'NONE',  ( -7.081653077825807330, -1.464622183253418974, -2.286000000000000920 ) ) ;
#3174 = CARTESIAN_POINT ( 'NONE',  ( -4.953794882336381100, 3.782965240303915344, 2.286000000000000476 ) ) ;
#3175 = CARTESIAN_POINT ( 'NONE',  ( 2.191273222451028513, -4.722047456352864714, 2.286000000000000476 ) ) ;
#3176 = CARTESIAN_POINT ( 'NONE',  ( 5.037714479379332033, 3.908841068998490709, 2.286000000000000476 ) ) ;
#3177 = CARTESIAN_POINT ( 'NONE',  ( -3.476310862236193788, 4.612104495109638158, -2.286000000000000920 ) ) ;
#3178 = ORIENTED_EDGE ( 'NONE', *, *, #4697, .T. ) ;
#3179 = CARTESIAN_POINT ( 'NONE',  ( 6.655589417870369395, 1.085587763892386981, -2.286000000000000920 ) ) ;
#3180 = CARTESIAN_POINT ( 'NONE',  ( -0.7102931347230243553, 5.785647839301008233, -2.285999999999994259 ) ) ;
#3181 = CARTESIAN_POINT ( 'NONE',  ( -6.088939422080937192, -2.406359558239487662, 2.286000000000000476 ) ) ;
#3182 = PERSON_AND_ORGANIZATION_ROLE ( 'creator' ) ;
#3183 = CARTESIAN_POINT ( 'NONE',  ( -1.338510251577863075, -6.953486125426932674, -2.285999999999993371 ) ) ;
#3184 = CARTESIAN_POINT ( 'NONE',  ( -2.370488230432060028, 6.427404040144038433, -2.285999999999990706 ) ) ;
#3185 = CARTESIAN_POINT ( 'NONE',  ( 4.248665761571360555, -2.755660258758655612, 2.286000000000000476 ) ) ;
#3186 = VERTEX_POINT ( 'NONE', #438 ) ;
#3187 = CARTESIAN_POINT ( 'NONE',  ( 2.170794788144378096, 4.826063829536964001, -2.285999999999991594 ) ) ;
#3188 = CARTESIAN_POINT ( 'NONE',  ( -3.410305354818156776, 4.531605619798373397, 2.286000000000000476 ) ) ;
#3189 = DIRECTION ( 'NONE',  ( 1.000000000000000000, 0.000000000000000000, 0.000000000000000000 ) ) ;
#3190 = EDGE_LOOP ( 'NONE', ( #4474, #883, #129, #1619 ) ) ;
#3191 = CARTESIAN_POINT ( 'NONE',  ( 3.375777569767198116, -4.494406809309920092, -2.286000000000000920 ) ) ;
#3192 = VECTOR ( 'NONE', #4695, 1000.000000000000000 ) ;
#3193 = CARTESIAN_POINT ( 'NONE',  ( 6.088939422080938968, -2.406359558239485441, -2.286000000000000920 ) ) ;
#3194 = CARTESIAN_POINT ( 'NONE',  ( 4.774490053667269862, 2.178781297287131213, 2.286000000000000476 ) ) ;
#3195 = AXIS2_PLACEMENT_3D ( 'NONE', #3133, #4330, #384 ) ;
#3196 = CARTESIAN_POINT ( 'NONE',  ( -5.113419133395584737, 0.3740431840629589444, 2.286000000000000476 ) ) ;
#3197 = CARTESIAN_POINT ( 'NONE',  ( -4.809226556586336798, 5.400580374566923858, -2.285999999999990706 ) ) ;
#3198 = DIRECTION ( 'NONE',  ( -0.000000000000000000, 0.000000000000000000, -1.000000000000000000 ) ) ;
#3199 = CARTESIAN_POINT ( 'NONE',  ( -3.340134799346917038, -4.459232637575094138, 2.286000000000000476 ) ) ;
#3200 = CARTESIAN_POINT ( 'NONE',  ( -4.494406809309921869, 3.375777569767196784, -2.285999999999988930 ) ) ;
#3201 = CARTESIAN_POINT ( 'NONE',  ( 2.347321263097899013, -6.555650691920508422, 2.286000000000000476 ) ) ;
#3202 = DIRECTION ( 'NONE',  ( -0.000000000000000000, 0.000000000000000000, 1.000000000000000000 ) ) ;
#3203 = CARTESIAN_POINT ( 'NONE',  ( -3.225246005036193075, 4.366020258804534038, -2.286000000000000920 ) ) ;
#3204 = ADVANCED_FACE ( 'NONE', ( #1640 ), #1972, .T. ) ;
#3205 = ORIENTED_EDGE ( 'NONE', *, *, #3447, .F. ) ;
#3206 = CARTESIAN_POINT ( 'NONE',  ( 4.635926943805797507, -5.352640503693419483, 2.286000000000000476 ) ) ;
#3207 = CARTESIAN_POINT ( 'NONE',  ( -0.6876082620354390107, 5.629638264086795907, 2.286000000000000476 ) ) ;
#3208 = CARTESIAN_POINT ( 'NONE',  ( 3.841545219201184302, 4.994660515912105581, -2.286000000000000920 ) ) ;
#3209 = CARTESIAN_POINT ( 'NONE',  ( 5.438698666219214495, 0.6301014820750945322, 2.286000000000000476 ) ) ;
#3210 = CARTESIAN_POINT ( 'NONE',  ( 0.000000000000000000, 0.000000000000000000, 0.000000000000000000 ) ) ;
#3211 = CARTESIAN_POINT ( 'NONE',  ( -2.317559181621135167, -6.691150755271285888, -2.285999999999990262 ) ) ;
#3212 = CARTESIAN_POINT ( 'NONE',  ( 6.123650495384040937, 0.7740819819406977720, -2.285999999999992482 ) ) ;
#3213 = CARTESIAN_POINT ( 'NONE',  ( 4.395000467436835478, -3.265033223548863273, 2.286000000000000476 ) ) ;
#3214 = ORIENTED_EDGE ( 'NONE', *, *, #1467, .T. ) ;
#3215 = CARTESIAN_POINT ( 'NONE',  ( 2.398629593088686285, 5.753041440904888226, -2.285999999999991594 ) ) ;
#3216 = CARTESIAN_POINT ( 'NONE',  ( -2.880640466208736150, 4.241329277686503474, 2.286000000000000476 ) ) ;
#3217 = CARTESIAN_POINT ( 'NONE',  ( -5.732355088791447173, 0.7045212705935068875, -2.285999999999992482 ) ) ;
#3218 = ORIENTED_EDGE ( 'NONE', *, *, #2176, .T. ) ;
#3219 = CARTESIAN_POINT ( 'NONE',  ( 4.267941290503535434, -5.221115631088428799, -2.286000000000000920 ) ) ;
#3220 = CARTESIAN_POINT ( 'NONE',  ( 5.170712537599049696, -2.204381686920554806, -2.286000000000000920 ) ) ;
#3221 = CARTESIAN_POINT ( 'NONE',  ( 4.926769214355549487, 2.166053677396904575, -2.286000000000002697 ) ) ;
#3222 = CARTESIAN_POINT ( 'NONE',  ( -5.147865004549772472, -0.4213890162108055448, 2.286000000000000476 ) ) ;
#3223 = CARTESIAN_POINT ( 'NONE',  ( -3.443806281393321012, 4.570827893707972933, -2.285999999999990706 ) ) ;
#3224 = CARTESIAN_POINT ( 'NONE',  ( -5.025101949511931565, 2.173665442670349002, 2.286000000000000476 ) ) ;
#3225 = CARTESIAN_POINT ( 'NONE',  ( -2.166053677396901911, -4.926769214355551263, 2.286000000000000476 ) ) ;
#3226 = CARTESIAN_POINT ( 'NONE',  ( 2.204962537704678205, -7.072590850357782344, 2.286000000000000476 ) ) ;
#3227 = DIRECTION ( 'NONE',  ( -0.000000000000000000, -0.000000000000000000, -1.000000000000000000 ) ) ;
#3228 = CARTESIAN_POINT ( 'NONE',  ( -2.391450586719571447, 5.690277883870089148, -2.286000000000000920 ) ) ;
#3229 = CARTESIAN_POINT ( 'NONE',  ( -6.691150755271285000, 2.317559181621134279, -2.286000000000000920 ) ) ;
#3230 = CARTESIAN_POINT ( 'NONE',  ( 3.410305354818154555, -4.531605619798374285, -2.285999999999994259 ) ) ;
#3231 = CARTESIAN_POINT ( 'NONE',  ( -0.4213890162108058224, 5.147865004549772472, -2.285999999999994259 ) ) ;
#3232 = CARTESIAN_POINT ( 'NONE',  ( -5.025101949511928012, -2.173665442670351666, 2.286000000000000476 ) ) ;
#3233 = CARTESIAN_POINT ( 'NONE',  ( 6.181594833392608734, 0.7992465585685059049, 2.286000000000000476 ) ) ;
#3234 = CARTESIAN_POINT ( 'NONE',  ( 2.232778667186845478, 4.615372461749466915, 2.286000000000000476 ) ) ;
#3235 = CARTESIAN_POINT ( 'NONE',  ( -2.408368181655955009, -5.904012904798281447, -2.285999999999990262 ) ) ;
#3236 = EDGE_CURVE ( 'NONE', #3606, #3618, #3943, .T. ) ;
#3237 = FACE_OUTER_BOUND ( 'NONE', #182, .T. ) ;
#3238 = CARTESIAN_POINT ( 'NONE',  ( 4.314820411705333925, -3.140066744230173956, -2.285999999999994259 ) ) ;
#3239 = EDGE_LOOP ( 'NONE', ( #1397, #1003 ) ) ;
#3240 = CARTESIAN_POINT ( 'NONE',  ( 2.327079695769365575, 5.464737068976784684, 2.286000000000000476 ) ) ;
#3241 = CARTESIAN_POINT ( 'NONE',  ( -6.048454584161420122, 0.7474384492293186799, 2.286000000000000476 ) ) ;
#3242 = ADVANCED_FACE ( 'NONE', ( #463 ), #3688, .T. ) ;
#3243 = CARTESIAN_POINT ( 'NONE',  ( -6.563695275366480786, -1.018960161258259500, -2.285999999999992482 ) ) ;
#3244 = CARTESIAN_POINT ( 'NONE',  ( 5.365664573546732541, -2.277692020846683096, -2.286000000000000920 ) ) ;
#3245 = CARTESIAN_POINT ( 'NONE',  ( 5.611834548134891243, 2.376926607282876525, -2.286000000000002697 ) ) ;
#3246 = CARTESIAN_POINT ( 'NONE',  ( -5.438698666219212718, 0.6301014820750937551, 2.286000000000000476 ) ) ;
#3247 = CARTESIAN_POINT ( 'NONE',  ( -2.168461455044144781, 4.976155103217880793, 2.286000000000000476 ) ) ;
#3248 = CARTESIAN_POINT ( 'NONE',  ( -3.908841068998488932, -5.037714479379337362, 2.286000000000000476 ) ) ;
#3249 = CARTESIAN_POINT ( 'NONE',  ( 2.376926607282874748, -5.611834548134892131, 2.286000000000000476 ) ) ;
#3250 = CARTESIAN_POINT ( 'NONE',  ( 4.774490053667269862, 2.178781297287131213, 2.286000000000000476 ) ) ;
#3251 = CARTESIAN_POINT ( 'NONE',  ( -2.204381686920558803, 5.170712537599048808, -2.286000000000000920 ) ) ;
#3252 = CARTESIAN_POINT ( 'NONE',  ( -0.5619673642293585569, 5.306777461419535769, 2.286000000000000476 ) ) ;
#3253 = ORIENTED_EDGE ( 'NONE', *, *, #368, .F. ) ;
#3254 = CARTESIAN_POINT ( 'NONE',  ( 2.396986420425919917, -4.422841945095524530, 2.286000000000000476 ) ) ;
#3255 = CARTESIAN_POINT ( 'NONE',  ( 0.7102931347230222459, 5.785647839301008233, -2.285999999999994259 ) ) ;
#3256 = CARTESIAN_POINT ( 'NONE',  ( 4.939602216230024823, 5.429769591367950454, -2.286000000000000920 ) ) ;
#3257 = CARTESIAN_POINT ( 'NONE',  ( 5.393707460080332083, -0.6101348444133467552, 2.286000000000000476 ) ) ;
#3258 = CARTESIAN_POINT ( 'NONE',  ( 2.452899478489767748, 4.386741487291722308, 2.286000000000000476 ) ) ;
#3259 = CARTESIAN_POINT ( 'NONE',  ( -2.301622352330626509, -4.510804669069876205, -2.285999999999990262 ) ) ;
#3260 = CARTESIAN_POINT ( 'NONE',  ( 0.9605012029655753958, -6.476356000746373631, -2.286000000000000920 ) ) ;
#3261 = CARTESIAN_POINT ( 'NONE',  ( 0.000000000000000000, 0.000000000000000000, 0.000000000000000000 ) ) ;
#3262 = CARTESIAN_POINT ( 'NONE',  ( 0.7138485327532705371, 5.840323052443586960, -2.286000000000000920 ) ) ;
#3263 = EDGE_LOOP ( 'NONE', ( #2921, #2533, #1112, #4284 ) ) ;
#3264 = CARTESIAN_POINT ( 'NONE',  ( 2.409147001929389464, 5.992287157413079157, 2.286000000000000476 ) ) ;
#3265 = CARTESIAN_POINT ( 'NONE',  ( 4.494406809309921869, -3.375777569767198116, 2.286000000000000476 ) ) ;
#3266 = CARTESIAN_POINT ( 'NONE',  ( 1.338510251577864185, -6.953486125426932674, -2.285999999999993371 ) ) ;
#3267 = CARTESIAN_POINT ( 'NONE',  ( -5.896140974621092212, -0.7170584013211542818, -2.285999999999992482 ) ) ;
#3268 = EDGE_CURVE ( 'NONE', #1188, #629, #3909, .T. ) ;
#3269 = CARTESIAN_POINT ( 'NONE',  ( 6.088939422080936303, 2.406359558239488550, 2.286000000000000476 ) ) ;
#3270 = CARTESIAN_POINT ( 'NONE',  ( 5.170712537599048808, 2.204381686920558803, -2.286000000000000920 ) ) ;
#3271 = CARTESIAN_POINT ( 'NONE',  ( -2.263428084871105472, 4.562280498011124230, 2.286000000000000476 ) ) ;
#3272 = CARTESIAN_POINT ( 'NONE',  ( -2.993776443851757119, -4.258722005451613057, 2.286000000000000476 ) ) ;
#3273 = VECTOR ( 'NONE', #3459, 1000.000000000000000 ) ;
#3274 = B_SPLINE_CURVE_WITH_KNOTS ( 'NONE', 3,
 ( #2084, #3627, #3653, #1731, #656, #3373, #247, #4882, #2204, #1447, #1040, #4930, #4495, #2585, #1015, #4139, #1781, #2609, #1424, #4907, #3752, #273, #1807, #2991, #4545, #1833, #1399, #1064, #3349, #2180, #2968, #3326, #630, #2941, #2561, #4520, #4113, #3729, #4353, #2773, #3915, #794, #2020, #4736, #3081, #382, #1944, #1253, #4303, #847, #1586, #2394, #3132, #3966, #873, #4710, #4633, #1611, #1205, #3582, #1536, #3558, #486, #3888, #74, #2343, #2371, #2417, #1637, #822, #3157, #1154, #4250, #435, #3940, #3484, #460, #768, #5048 ),
 .UNSPECIFIED., .F., .F.,
 ( 4, 1, 1, 1, 1, 1, 1, 1, 1, 1, 1, 1, 1, 1, 1, 1, 1, 1, 1, 1, 1, 1, 1, 1, 1, 1, 1, 1, 1, 1, 1, 1, 1, 1, 1, 1, 1, 1, 1, 1, 1, 1, 1, 1, 1, 1, 1, 1, 1, 1, 1, 1, 1, 1, 1, 1, 1, 1, 1, 1, 1, 1, 1, 1, 1, 1, 1, 1, 1, 1, 1, 1, 1, 1, 1, 1, 4 ),
 ( 0.01103315320116554470, 0.05345531963080774052, 0.07807290109913944676, 0.1012837636727261792, 0.1230879073546432556, 0.1434853321486017075, 0.1624760380591379061, 0.1800600250918766854, 0.1962372932539097059, 0.2110078425543557845, 0.2243716730052127684, 0.2363287846227128952, 0.2468791774295817643, 0.2560228514590334736, 0.2765703373738779280, 0.2861597148600217855, 0.2955281054245302297, 0.3046873400362805073, 0.3136510682187724219, 0.3224350908376913960, 0.3310577570337658315, 0.3395404348280692819, 0.3479080632824442798, 0.3561897892115020170, 0.3644196805880378642, 0.3726374874240482304, 0.3808893818503648054, 0.3892285417683729598, 0.3977153332009296660, 0.4064166828338137138, 0.4154040162538316094, 0.4247489170962575056, 0.4345155871249806179, 0.4447495655339210874, 0.4554634245512343416, 0.4666225055634414254, 0.4781364573014081909, 0.4871735315700953528, 0.5000000000000000000, 0.5128264684299046472, 0.5218635426985918091, 0.5333774944365585746, 0.5445365754487656584, 0.5552504344660789126, 0.5654844128750193821, 0.5752510829037424944, 0.5845959837461683906, 0.5935833171661862862, 0.6022846667990703340, 0.6107714582316270402, 0.6191106181496351946, 0.6273625125759517696, 0.6355803194119621358, 0.6438102107884980940, 0.6520919367175557202, 0.6604595651719308291, 0.6689422429662341685, 0.6775649091623087150, 0.6863489317812276891, 0.6953126599637196037, 0.7044718945754698813, 0.7138402851399783255, 0.7234296626261221830, 0.7439771485409665264, 0.7531208225704181247, 0.7636712153772871048, 0.7756283269947872316, 0.7889921574456442155, 0.8037627067460902941, 0.8199399749081233146, 0.8375239619408619829, 0.8565146678513981815, 0.8769120926453565223, 0.8987162363272737098, 0.9219270989008604422, 0.9465446803691922595, 0.9889668467988227407 ),
 .UNSPECIFIED. ) ;
#3275 = CARTESIAN_POINT ( 'NONE',  ( 2.399402252589301732, -6.193806931796397741, 2.286000000000000476 ) ) ;
#3276 = CARTESIAN_POINT ( 'NONE',  ( 4.339242117764193551, 3.183680459516557981, 2.286000000000000476 ) ) ;
#3277 = CARTESIAN_POINT ( 'NONE',  ( -4.164293022777183495, 5.174846770538136909, -2.286000000000000920 ) ) ;
#3278 = CARTESIAN_POINT ( 'NONE',  ( 0.06909748234411564050, 5.025479307074648183, 2.286000000000000476 ) ) ;
#3279 = ORIENTED_EDGE ( 'NONE', *, *, #4977, .F. ) ;
#3280 = CARTESIAN_POINT ( 'NONE',  ( 2.301622352330629173, -4.510804669069876205, 2.286000000000000476 ) ) ;
#3281 = CARTESIAN_POINT ( 'NONE',  ( 0.7170584013211522834, 5.896140974621092212, -2.285999999999994259 ) ) ;
#3282 = CARTESIAN_POINT ( 'NONE',  ( 2.277692020846679100, 5.365664573546734317, -2.286000000000000920 ) ) ;
#3283 = CARTESIAN_POINT ( 'NONE',  ( 6.563695275366480786, 1.018960161258258612, 2.286000000000000476 ) ) ;
#3284 = CARTESIAN_POINT ( 'NONE',  ( 3.094096482592025410, 4.292995347704376741, 2.286000000000000476 ) ) ;
#3285 = CARTESIAN_POINT ( 'NONE',  ( -2.173665442670349890, -5.025101949511932453, -2.285999999999990262 ) ) ;
#3286 = CARTESIAN_POINT ( 'NONE',  ( 6.655589417870369395, 1.085587763892386981, 2.286000000000000476 ) ) ;
#3287 = CARTESIAN_POINT ( 'NONE',  ( -4.503699405991244298, -5.310665190646411737, 2.286000000000000476 ) ) ;
#3288 = CARTESIAN_POINT ( 'NONE',  ( -4.916195901929394374, 3.732199908664470378, 2.286000000000000476 ) ) ;
#3289 = CARTESIAN_POINT ( 'NONE',  ( 0.7474384492293183468, 6.048454584161420122, -2.286000000000000920 ) ) ;
#3290 = ORIENTED_EDGE ( 'NONE', *, *, #4857, .F. ) ;
#3291 = CARTESIAN_POINT ( 'NONE',  ( 3.375777569767195008, 4.494406809309923645, 2.286000000000000476 ) ) ;
#3292 = CARTESIAN_POINT ( 'NONE',  ( 5.611834548134893907, -2.376926607282873860, 2.286000000000000476 ) ) ;
#3293 = CARTESIAN_POINT ( 'NONE',  ( 0.6763057282891287159, -5.580159256687752922, 2.286000000000000476 ) ) ;
#3294 = CARTESIAN_POINT ( 'NONE',  ( -5.975696222817057368, -0.7110321314750350785, -2.285999999999992482 ) ) ;
#3295 = CARTESIAN_POINT ( 'NONE',  ( 5.316625765703147266, 2.256044226555258270, -2.286000000000002697 ) ) ;
#3296 = EDGE_CURVE ( 'NONE', #3681, #1770, #4299, .T. ) ;
#3297 = CARTESIAN_POINT ( 'NONE',  ( 4.976155103217880793, 2.168461455044144781, -2.286000000000000920 ) ) ;
#3298 = CARTESIAN_POINT ( 'NONE',  ( -2.514012115883949683, 4.354396715554731401, 2.286000000000000476 ) ) ;
#3299 = CARTESIAN_POINT ( 'NONE',  ( -2.301950562403212164, -5.414792396100660987, 2.286000000000000476 ) ) ;
#3300 = LINE ( 'NONE', #579, #934 ) ;
#3301 = CARTESIAN_POINT ( 'NONE',  ( -2.204962537704698189, -7.072590850357725500, -2.286000000000000476 ) ) ;
#3302 = CARTESIAN_POINT ( 'NONE',  ( -5.022562078130890839, -5.445848997224149279, -2.286000000000000476 ) ) ;
#3303 = CARTESIAN_POINT ( 'NONE',  ( 0.1981792459797991346, 5.038390598587966451, 2.286000000000000476 ) ) ;
#3304 = ORIENTED_EDGE ( 'NONE', *, *, #33, .T. ) ;
#3305 = CARTESIAN_POINT ( 'NONE',  ( 3.671527976878547150, -4.864396098905572785, -2.285999999999994259 ) ) ;
#3306 = CARTESIAN_POINT ( 'NONE',  ( 0.3740431840629586668, 5.113419133395584737, -2.285999999999994259 ) ) ;
#3307 = CARTESIAN_POINT ( 'NONE',  ( 3.303268363099248983, 4.426088753942313936, -2.286000000000000920 ) ) ;
#3308 = CARTESIAN_POINT ( 'NONE',  ( 6.476356000746373631, 0.9605012029655750627, 2.286000000000000476 ) ) ;
#3309 = CARTESIAN_POINT ( 'NONE',  ( -5.219213881833813851, 2.219332909268639575, 2.286000000000000476 ) ) ;
#3310 = CARTESIAN_POINT ( 'NONE',  ( -2.204381686920554362, -5.170712537599050584, -2.285999999999990262 ) ) ;
#3311 = CARTESIAN_POINT ( 'NONE',  ( 5.038390598587966451, -0.1981792459798000505, 2.286000000000000476 ) ) ;
#3312 = CARTESIAN_POINT ( 'NONE',  ( -4.241326470143099492, 2.819336768032401075, 2.286000000000000476 ) ) ;
#3313 = CARTESIAN_POINT ( 'NONE',  ( 0.7102931347230222459, 5.785647839301008233, -2.286000000000000920 ) ) ;
#3314 = EDGE_LOOP ( 'NONE', ( #2302, #2320 ) ) ;
#3315 = CARTESIAN_POINT ( 'NONE',  ( 2.347567037772629206, 4.462463875555766180, -2.285999999999991594 ) ) ;
#3316 = CARTESIAN_POINT ( 'NONE',  ( 5.414792396100660099, -2.301950562403212164, 2.286000000000000476 ) ) ;
#3317 = CARTESIAN_POINT ( 'NONE',  ( 0.6476699409902365590, -5.484739481868279753, -2.285999999999993371 ) ) ;
#3318 = CARTESIAN_POINT ( 'NONE',  ( -2.327079695769372680, 5.464737068976781131, 2.286000000000000476 ) ) ;
#3319 = CARTESIAN_POINT ( 'NONE',  ( -5.690277883870090925, 2.391450586719567450, 2.286000000000000476 ) ) ;
#3320 = CARTESIAN_POINT ( 'NONE',  ( 5.824206007570938759, 2.404730280458378999, -2.286000000000002697 ) ) ;
#3321 = CARTESIAN_POINT ( 'NONE',  ( 5.904012904798279671, 2.408368181655959894, -2.286000000000000920 ) ) ;
#3322 = CARTESIAN_POINT ( 'NONE',  ( -3.410305354818156776, 4.531605619798373397, 2.286000000000000476 ) ) ;
#3323 = EDGE_CURVE ( 'NONE', #3578, #1496, #839, .T. ) ;
#3324 = ORIENTED_EDGE ( 'NONE', *, *, #720, .F. ) ;
#3325 = CIRCLE ( 'NONE', #650, 3.960097721574094010 ) ;
#3326 = CARTESIAN_POINT ( 'NONE',  ( -4.722047456352863826, -2.191273222451029845, -2.286000000000000920 ) ) ;
#3327 = CARTESIAN_POINT ( 'NONE',  ( 6.088939422080936303, 2.406359558239488550, 2.286000000000000476 ) ) ;
#3328 = CARTESIAN_POINT ( 'NONE',  ( -2.301622352330626509, -4.510804669069876205, -2.286000000000000920 ) ) ;
#3329 = CARTESIAN_POINT ( 'NONE',  ( -0.4633254509012539879, 5.185049666302784743, 2.286000000000000476 ) ) ;
#3330 = ORIENTED_EDGE ( 'NONE', *, *, #2512, .F. ) ;
#3331 = CARTESIAN_POINT ( 'NONE',  ( 2.938866095189176519, -4.247487361087594948, -2.285999999999994259 ) ) ;
#3332 = CARTESIAN_POINT ( 'NONE',  ( -0.1355698399325909465, 5.028786691589065327, 2.286000000000000476 ) ) ;
#3333 = CARTESIAN_POINT ( 'NONE',  ( 5.629638264086795907, -0.6876082620354379005, 2.286000000000000476 ) ) ;
#3334 = CARTESIAN_POINT ( 'NONE',  ( -5.992287157413078269, 2.409147001929392573, 2.286000000000000476 ) ) ;
#3335 = CARTESIAN_POINT ( 'NONE',  ( 2.690823560815331916, 4.264284629575965546, 2.286000000000000476 ) ) ;
#3336 = CARTESIAN_POINT ( 'NONE',  ( -2.327079695769369128, -5.464737068976783796, -2.285999999999990262 ) ) ;
#3337 = CARTESIAN_POINT ( 'NONE',  ( 5.840323052443587848, 0.7138485327532718694, 2.286000000000000476 ) ) ;
#3338 = DIRECTION ( 'NONE',  ( -0.000000000000000000, -0.000000000000000000, -1.000000000000000000 ) ) ;
#3339 = LINE ( 'NONE', #1335, #600 ) ;
#3340 = VERTEX_POINT ( 'NONE', #377 ) ;
#3341 = CARTESIAN_POINT ( 'NONE',  ( 3.671527976878541821, 4.864396098905575450, 2.286000000000000476 ) ) ;
#3342 = CARTESIAN_POINT ( 'NONE',  ( 5.219213881833812962, -2.219332909268641352, 2.286000000000000476 ) ) ;
#3343 = CARTESIAN_POINT ( 'NONE',  ( 1.085587763892387425, -6.655589417870369395, -2.285999999999993371 ) ) ;
#3344 = CARTESIAN_POINT ( 'NONE',  ( -2.191741345851260903, 5.122257907086414264, 2.286000000000000476 ) ) ;
#3345 = CARTESIAN_POINT ( 'NONE',  ( -4.354396715554733177, 2.514012115883946130, 2.286000000000000476 ) ) ;
#3346 = CARTESIAN_POINT ( 'NONE',  ( 5.414792396100657434, 2.301950562403215272, -2.286000000000002697 ) ) ;
#3347 = CARTESIAN_POINT ( 'NONE',  ( 6.193806931796396853, 2.399402252589303952, -2.286000000000000920 ) ) ;
#3348 = CARTESIAN_POINT ( 'NONE',  ( -2.256044226555258270, 5.316625765703147266, -2.285999999999990706 ) ) ;
#3349 = CARTESIAN_POINT ( 'NONE',  ( -4.876787775934690927, -2.166710717189364033, -2.286000000000000920 ) ) ;
#3350 = CARTESIAN_POINT ( 'NONE',  ( -4.494406809309919204, -3.375777569767199449, -2.285999999999997812 ) ) ;
#3351 = CARTESIAN_POINT ( 'NONE',  ( -3.732199908664471266, -4.916195901929394374, -2.286000000000000920 ) ) ;
#3352 = CARTESIAN_POINT ( 'NONE',  ( -7.150027965879814120E-16, 5.028024231767894925, 2.286000000000000476 ) ) ;
#3353 = CARTESIAN_POINT ( 'NONE',  ( 2.219332909268642240, -5.219213881833812074, -2.285999999999994259 ) ) ;
#3354 = CARTESIAN_POINT ( 'NONE',  ( 0.6301014820750948653, -5.438698666219214495, 2.286000000000000476 ) ) ;
#3355 = CIRCLE ( 'NONE', #1247, 7.408333222071330049 ) ;
#3356 = CARTESIAN_POINT ( 'NONE',  ( -6.394046406055662324, 0.9097610735845634844, -2.286000000000000920 ) ) ;
#3357 = CARTESIAN_POINT ( 'NONE',  ( -5.464737068976782908, 2.327079695769368684, 2.286000000000000476 ) ) ;
#3358 = DIRECTION ( 'NONE',  ( 1.000000000000000000, 0.000000000000000000, 0.000000000000000000 ) ) ;
#3359 = CARTESIAN_POINT ( 'NONE',  ( -2.880640466208733930, -4.241329277686507027, -2.285999999999990262 ) ) ;
#3360 = CARTESIAN_POINT ( 'NONE',  ( 5.224220325235549467, -0.5003650740925666973, -2.285999999999992482 ) ) ;
#3361 = CIRCLE ( 'NONE', #4174, 2.500000000000000000 ) ;
#3362 = EDGE_CURVE ( 'NONE', #251, #3936, #2792, .T. ) ;
#3363 = CYLINDRICAL_SURFACE ( 'NONE', #2106, 7.408333222071330049 ) ;
#3364 = CARTESIAN_POINT ( 'NONE',  ( 1.338510251577862187, 6.953486125426932674, -2.286000000000000920 ) ) ;
#3365 = ORIENTED_EDGE ( 'NONE', *, *, #4949, .T. ) ;
#3366 = CARTESIAN_POINT ( 'NONE',  ( 2.938866095189172079, 4.247487361087596724, 2.286000000000000476 ) ) ;
#3367 = CARTESIAN_POINT ( 'NONE',  ( 6.088939422080938968, -2.406359558239485441, 2.286000000000000476 ) ) ;
#3368 = CARTESIAN_POINT ( 'NONE',  ( -0.5003650740925663642, -5.224220325235549467, 2.286000000000000476 ) ) ;
#3369 = CARTESIAN_POINT ( 'NONE',  ( -2.277692020846685761, 5.365664573546730765, 2.286000000000000476 ) ) ;
#3370 = CARTESIAN_POINT ( 'NONE',  ( -0.7102931347230229120, -5.785647839301008233, -2.286000000000000920 ) ) ;
#3371 = CARTESIAN_POINT ( 'NONE',  ( -7.227524615835563715, 1.626741853133637061, 2.286000000000000476 ) ) ;
#3372 = CARTESIAN_POINT ( 'NONE',  ( -2.236549931580966266, 5.267837672253019576, 2.286000000000000476 ) ) ;
#3373 = CARTESIAN_POINT ( 'NONE',  ( -6.427404040144039321, -2.370488230432059140, -2.286000000000000920 ) ) ;
#3374 = CARTESIAN_POINT ( 'NONE',  ( -4.994660515912102028, -3.841545219201190964, 2.286000000000000476 ) ) ;
#3375 = CARTESIAN_POINT ( 'NONE',  ( -4.164293022777179942, -5.174846770538141350, -2.286000000000000920 ) ) ;
#3376 = CARTESIAN_POINT ( 'NONE',  ( -3.960097721574094010, 0.000000000000000000, -3.174999999999999822 ) ) ;
#3377 = CARTESIAN_POINT ( 'NONE',  ( 2.219332909268642240, -5.219213881833812074, 2.286000000000000476 ) ) ;
#3378 = CARTESIAN_POINT ( 'NONE',  ( 1.085587763892386315, 6.655589417870370283, -2.285999999999994259 ) ) ;
#3379 = CARTESIAN_POINT ( 'NONE',  ( -5.785647839301008233, 0.7102931347230225789, -2.286000000000000920 ) ) ;
#3380 = CARTESIAN_POINT ( 'NONE',  ( 5.022562078130881957, 5.445848997224149279, 2.286000000000000476 ) ) ;
#3381 = CARTESIAN_POINT ( 'NONE',  ( 3.340134799346913486, 4.459232637575095026, 2.286000000000000476 ) ) ;
#3382 = CARTESIAN_POINT ( 'NONE',  ( -3.303268363099252536, -4.426088753942313048, 2.286000000000000920 ) ) ;
#3383 = CARTESIAN_POINT ( 'NONE',  ( 5.629638264086795907, 0.6876082620354380115, 2.286000000000000476 ) ) ;
#3384 = CARTESIAN_POINT ( 'NONE',  ( 5.082764852903506991, 0.3209540278680262371, -2.286000000000000920 ) ) ;
#3385 = CARTESIAN_POINT ( 'NONE',  ( -0.9097610735845660379, 6.394046406055663212, -2.286000000000000920 ) ) ;
#3386 = CARTESIAN_POINT ( 'NONE',  ( 2.514012115883943910, 4.354396715554734953, 2.286000000000000476 ) ) ;
#3387 = APPLICATION_PROTOCOL_DEFINITION ( 'international standard', 'config_control_design', 1994, #4953 ) ;
#3388 = EDGE_CURVE ( 'NONE', #3140, #3869, #4055, .T. ) ;
#3389 = CARTESIAN_POINT ( 'NONE',  ( -0.6876082620354375674, -5.629638264086795907, 2.286000000000000476 ) ) ;
#3390 = CARTESIAN_POINT ( 'NONE',  ( -5.219213881833812074, -2.219332909268643572, -2.285999999999997812 ) ) ;
#3391 = CARTESIAN_POINT ( 'NONE',  ( -2.301950562403215272, 5.414792396100657434, 2.286000000000000476 ) ) ;
#3392 = CARTESIAN_POINT ( 'NONE',  ( -5.057282611089284785, 0.2621389074985149836, -2.285999999999992482 ) ) ;
#3393 = CARTESIAN_POINT ( 'NONE',  ( -0.7170584013211530605, -5.896140974621092212, -2.286000000000000920 ) ) ;
#3394 = CARTESIAN_POINT ( 'NONE',  ( 2.256044226555256049, -5.316625765703148154, -2.286000000000000920 ) ) ;
#3395 = CARTESIAN_POINT ( 'NONE',  ( 2.398629593088686285, 5.753041440904888226, -2.286000000000000920 ) ) ;
#3396 = CARTESIAN_POINT ( 'NONE',  ( 4.747678667655626406, 3.569061278851724861, -2.286000000000002697 ) ) ;
#3397 = CARTESIAN_POINT ( 'NONE',  ( -4.864396098905571897, -3.671527976878548483, 2.286000000000000476 ) ) ;
#3398 = CARTESIAN_POINT ( 'NONE',  ( -7.172119510935939246, -1.562936208161181950, 2.286000000000000476 ) ) ;
#3399 = CARTESIAN_POINT ( 'NONE',  ( 0.000000000000000000, 0.000000000000000000, 3.174999999999999822 ) ) ;
#3400 = CARTESIAN_POINT ( 'NONE',  ( 2.166710717189362700, -4.876787775934690927, -2.285999999999994259 ) ) ;
#3401 = CARTESIAN_POINT ( 'NONE',  ( 0.6876082620354383446, -5.629638264086795907, 2.286000000000000476 ) ) ;
#3402 = AXIS2_PLACEMENT_3D ( 'NONE', #2796, #4300, #1994 ) ;
#3403 = CARTESIAN_POINT ( 'NONE',  ( 5.975696222817058256, -0.7110321314750345234, 2.286000000000000476 ) ) ;
#3404 = CARTESIAN_POINT ( 'NONE',  ( -5.824206007570942312, 2.404730280458375447, -2.285999999999988930 ) ) ;
#3405 = DIRECTION ( 'NONE',  ( -0.000000000000000000, -0.000000000000000000, -1.000000000000000000 ) ) ;
#3406 = CARTESIAN_POINT ( 'NONE',  ( -3.603620000172905069, -4.819588668520772501, 2.286000000000000920 ) ) ;
#3407 = CARTESIAN_POINT ( 'NONE',  ( 5.082764852903506991, 0.3209540278680262371, 2.286000000000000476 ) ) ;
#3408 = B_SPLINE_SURFACE_WITH_KNOTS ( 'NONE', 3, 1, ( 
 ( #4850, #1748 ),
 ( #4079, #2172 ),
 ( #622, #3670 ),
 ( #3719, #3266 ),
 ( #2960, #936 ),
 ( #4104, #4053 ),
 ( #2100, #3343 ),
 ( #1391, #237 ),
 ( #2858, #4487 ),
 ( #1773, #1800 ),
 ( #1697, #4899 ),
 ( #3746, #1364 ),
 ( #1006, #4414 ),
 ( #4799, #598 ),
 ( #2934, #1313 ),
 ( #1416, #4464 ),
 ( #2124, #2477 ),
 ( #4513, #4029 ),
 ( #3646, #958 ),
 ( #4823, #2502 ),
 ( #1033, #546 ),
 ( #4874, #185 ),
 ( #3293, #2578 ),
 ( #4130, #647 ),
 ( #1725, #3317 ),
 ( #1340, #2883 ),
 ( #2908, #4441 ),
 ( #573, #983 ),
 ( #2149, #3694 ),
 ( #211, #264 ),
 ( #1080, #1920 ),
 ( #3838, #697 ),
 ( #3057, #1538 ),
 ( #359, #670 ),
 ( #3767, #718 ),
 ( #770, #4971 ),
 ( #1440, #334 ),
 ( #5021, #3083 ),
 ( #2984, #3814 ),
 ( #1463, #2625 ),
 ( #2218, #2267 ),
 ( #1056, #1513 ),
 ( #4561, #1488 ),
 ( #4178, #743 ),
 ( #1825, #2602 ),
 ( #3461, #3032 ),
 ( #311, #4996 ),
 ( #2699, #4635 ),
 ( #3368, #1895 ),
 ( #2317, #4923 ),
 ( #4252, #2244 ),
 ( #288, #1129 ),
 ( #4535, #2649 ),
 ( #4154, #1871 ),
 ( #1156, #2291 ),
 ( #3436, #4608 ),
 ( #1847, #4585 ),
 ( #3389, #2673 ),
 ( #4946, #3010 ),
 ( #4227, #3791 ),
 ( #3413, #1105 ),
 ( #4202, #4687 ),
 ( #1255, #1639 ),
 ( #2022, #3510 ),
 ( #4278, #875 ),
 ( #1181, #1998 ),
 ( #2419, #1229 ),
 ( #4660, #2800 ),
 ( #437, #4355 ),
 ( #1665, #99 ),
 ( #411, #3968 ),
 ( #1207, #849 ),
 ( #1971, #3862 ),
 ( #3559, #3486 ),
 ( #1, #2774 ),
 ( #1562, #3183 ),
 ( #26, #796 ),
 ( #823, #51 ),
 ( #4381, #2345 ) ),
 .UNSPECIFIED., .F., .F., .F.,
 ( 4, 1, 1, 1, 1, 1, 1, 1, 1, 1, 1, 1, 1, 1, 1, 1, 1, 1, 1, 1, 1, 1, 1, 1, 1, 1, 1, 1, 1, 1, 1, 1, 1, 1, 1, 1, 1, 1, 1, 1, 1, 1, 1, 1, 1, 1, 1, 1, 1, 1, 1, 1, 1, 1, 1, 1, 1, 1, 1, 1, 1, 1, 1, 1, 1, 1, 1, 1, 1, 1, 1, 1, 1, 1, 1, 1, 4 ),
 ( 2, 2 ),
 ( 0.01103315318568798276, 0.05345531963080774052, 0.07807290109913955778, 0.1012837636727262902, 0.1230879073546434777, 0.1434853321486018185, 0.1624760380591380171, 0.1800600250918766854, 0.1962372932539097059, 0.2110078425543557845, 0.2243716730052127684, 0.2363287846227128952, 0.2468791774295818753, 0.2560228514590334736, 0.2765703373738778170, 0.2861597148600216745, 0.2955281054245301187, 0.3046873400362803963, 0.3136510682187723109, 0.3224350908376912850, 0.3310577570337658315, 0.3395404348280691709, 0.3479080632824442798, 0.3561897892115019060, 0.3644196805880378642, 0.3726374874240482304, 0.3808893818503648054, 0.3892285417683729598, 0.3977153332009296660, 0.4064166828338137138, 0.4154040162538316094, 0.4247489170962575056, 0.4345155871249806179, 0.4447495655339210874, 0.4554634245512343416, 0.4666225055634414254, 0.4781364573014081909, 0.4871735315700953528, 0.5000000000000000000, 0.5128264684299046472, 0.5218635426985918091, 0.5333774944365585746, 0.5445365754487656584, 0.5552504344660789126, 0.5654844128750193821, 0.5752510829037424944, 0.5845959837461683906, 0.5935833171661862862, 0.6022846667990703340, 0.6107714582316270402, 0.6191106181496351946, 0.6273625125759517696, 0.6355803194119621358, 0.6438102107884979830, 0.6520919367175557202, 0.6604595651719307181, 0.6689422429662341685, 0.6775649091623086040, 0.6863489317812275781, 0.6953126599637194927, 0.7044718945754697703, 0.7138402851399782145, 0.7234296626261220720, 0.7439771485409665264, 0.7531208225704182357, 0.7636712153772871048, 0.7756283269947872316, 0.7889921574456442155, 0.8037627067460902941, 0.8199399749081233146, 0.8375239619408620939, 0.8565146678513982925, 0.8769120926453567444, 0.8987162363272738208, 0.9219270989008605532, 0.9465446803691922595, 0.9889668468143231195 ),
 ( 0.000000000000000000, 1.000000000000000000 ),
 .UNSPECIFIED. ) ;
#3409 = CARTESIAN_POINT ( 'NONE',  ( 5.680356212974283281, 0.6970097785450477534, -2.286000000000000920 ) ) ;
#3410 = FACE_OUTER_BOUND ( 'NONE', #3657, .T. ) ;
#3411 = FACE_OUTER_BOUND ( 'NONE', #444, .T. ) ;
#3412 =( NAMED_UNIT ( * ) PLANE_ANGLE_UNIT ( ) SI_UNIT ( $, .RADIAN. ) );
#3413 = CARTESIAN_POINT ( 'NONE',  ( -0.7102931347230229120, -5.785647839301008233, 2.286000000000000476 ) ) ;
#3414 = CARTESIAN_POINT ( 'NONE',  ( -6.555650691920507533, -2.347321263097900346, 2.286000000000000476 ) ) ;
#3415 = CARTESIAN_POINT ( 'NONE',  ( -2.256044226555258270, 5.316625765703147266, 2.286000000000000476 ) ) ;
#3416 = CARTESIAN_POINT ( 'NONE',  ( 5.824206007570941424, -2.404730280458376779, -2.285999999999994259 ) ) ;
#3417 = CARTESIAN_POINT ( 'NONE',  ( -5.629638264086795907, 0.6876082620354372343, -2.285999999999992482 ) ) ;
#3418 = CARTESIAN_POINT ( 'NONE',  ( -0.5875270965913541588, -5.349734136913458116, -2.286000000000000920 ) ) ;
#3419 = CARTESIAN_POINT ( 'NONE',  ( 2.277692020846683540, -5.365664573546732541, -2.286000000000000920 ) ) ;
#3420 = ADVANCED_FACE ( 'NONE', ( #429 ), #817, .F. ) ;
#3421 = ORIENTED_EDGE ( 'NONE', *, *, #1471, .T. ) ;
#3422 = CARTESIAN_POINT ( 'NONE',  ( 3.225246005036186858, 4.366020258804537590, -2.286000000000000920 ) ) ;
#3423 = CARTESIAN_POINT ( 'NONE',  ( 5.400580374566923858, 4.809226556586336798, 2.286000000000000476 ) ) ;
#3424 = CARTESIAN_POINT ( 'NONE',  ( -5.429769591381422345, -4.939602216290231773, 2.286000000000000476 ) ) ;
#3425 = CARTESIAN_POINT ( 'NONE',  ( -2.404730280458375891, -5.824206007570943200, -2.286000000000000920 ) ) ;
#3426 = CARTESIAN_POINT ( 'NONE',  ( 2.173665442670349890, -5.025101949511928900, 2.286000000000000476 ) ) ;
#3427 = CARTESIAN_POINT ( 'NONE',  ( 0.3740431840629604987, -5.113419133395583849, 2.286000000000000476 ) ) ;
#3428 = CARTESIAN_POINT ( 'NONE',  ( 3.960097721574094010, 4.849720999036440782E-16, 3.174999999999999822 ) ) ;
#3429 = CARTESIAN_POINT ( 'NONE',  ( -4.462463875555764403, 2.347567037772631426, 2.286000000000000476 ) ) ;
#3430 = CARTESIAN_POINT ( 'NONE',  ( -2.690823560815335025, -4.264284629575964658, -2.285999999999990262 ) ) ;
#3431 = CARTESIAN_POINT ( 'NONE',  ( 6.751539294367503885, -1.160798993145838676, 2.286000000000000476 ) ) ;
#3432 = CARTESIAN_POINT ( 'NONE',  ( 5.264891270736411499, -0.5330684818325869267, -2.286000000000000920 ) ) ;
#3433 = PLANE ( 'NONE',  #2948 ) ;
#3434 = CARTESIAN_POINT ( 'NONE',  ( -4.916195901929391709, -3.732199908664473931, 2.286000000000000476 ) ) ;
#3435 = CARTESIAN_POINT ( 'NONE',  ( 4.953794882336380212, -3.782965240303916676, 2.286000000000000476 ) ) ;
#3436 = CARTESIAN_POINT ( 'NONE',  ( -0.6630252695113224570, -5.531876145198175720, 2.286000000000000476 ) ) ;
#3437 = CARTESIAN_POINT ( 'NONE',  ( -5.316625765703147266, -2.256044226555257382, -2.285999999999997812 ) ) ;
#3438 = CARTESIAN_POINT ( 'NONE',  ( -4.774490053667271638, 2.178781297287127217, -2.286000000000000920 ) ) ;
#3439 = ORGANIZATION ( 'UNSPECIFIED', 'UNSPECIFIED', '' ) ;
#3440 = CARTESIAN_POINT ( 'NONE',  ( 5.170712537599049696, -2.204381686920554806, 2.286000000000000476 ) ) ;
#3441 = CARTESIAN_POINT ( 'NONE',  ( -5.038390598587966451, 0.1981792459797994121, -2.285999999999992482 ) ) ;
#3442 = ORIENTED_EDGE ( 'NONE', *, *, #813, .T. ) ;
#3443 = CARTESIAN_POINT ( 'NONE',  ( -1.085587763892387203, -6.655589417870370283, -2.286000000000000920 ) ) ;
#3444 = CARTESIAN_POINT ( 'NONE',  ( 2.191741345851258682, -5.122257907086414264, -2.286000000000000920 ) ) ;
#3445 = ORIENTED_EDGE ( 'NONE', *, *, #3978, .T. ) ;
#3446 = CARTESIAN_POINT ( 'NONE',  ( 2.219332909268637355, 5.219213881833814739, -2.286000000000000920 ) ) ;
#3447 = EDGE_CURVE ( 'NONE', #251, #1263, #3805, .T. ) ;
#3448 = CARTESIAN_POINT ( 'NONE',  ( 4.747678667655626406, 3.569061278851724861, 2.286000000000000476 ) ) ;
#3449 = CARTESIAN_POINT ( 'NONE',  ( -4.570827893707973821, -3.443806281393320123, -2.285999999999997812 ) ) ;
#3450 = CARTESIAN_POINT ( 'NONE',  ( -2.376926607282872972, -5.611834548134894796, -2.286000000000000920 ) ) ;
#3451 = CARTESIAN_POINT ( 'NONE',  ( 2.272426521261465382, -6.865202557842011721, -2.285999999999994259 ) ) ;
#3452 = CARTESIAN_POINT ( 'NONE',  ( 0.8295454916588369532, 6.246275499659564190, 2.286000000000000476 ) ) ;
#3453 = CARTESIAN_POINT ( 'NONE',  ( -5.349734136913458116, 0.5875270965913538257, -2.286000000000000920 ) ) ;
#3454 = CARTESIAN_POINT ( 'NONE',  ( -4.258722005451613057, 2.993776443851756230, -2.285999999999988930 ) ) ;
#3455 = DIRECTION ( 'NONE',  ( 1.000000000000000000, 0.000000000000000000, 0.000000000000000000 ) ) ;
#3456 = CARTESIAN_POINT ( 'NONE',  ( -3.603620000172905069, -4.819588668520772501, -2.285999999999990262 ) ) ;
#3457 = CARTESIAN_POINT ( 'NONE',  ( 6.123650495384040937, -0.7740819819406978830, -2.285999999999992482 ) ) ;
#3458 = CARTESIAN_POINT ( 'NONE',  ( 5.113419133395583849, 0.3740431840629602211, -2.286000000000000920 ) ) ;
#3459 = DIRECTION ( 'NONE',  ( -0.000000000000000000, -0.000000000000000000, -1.000000000000000000 ) ) ;
#3460 = CARTESIAN_POINT ( 'NONE',  ( -4.459232637575090585, -3.340134799346918815, 2.286000000000000476 ) ) ;
#3461 = CARTESIAN_POINT ( 'NONE',  ( -0.3740431840629592775, -5.113419133395584737, 2.286000000000000476 ) ) ;
#3462 = CARTESIAN_POINT ( 'NONE',  ( -5.992287157413074716, -2.409147001929397014, -2.285999999999997812 ) ) ;
#3463 = DIRECTION ( 'NONE',  ( -0.000000000000000000, -0.000000000000000000, 1.000000000000000000 ) ) ;
#3464 = CARTESIAN_POINT ( 'NONE',  ( 5.170712537599049696, -2.204381686920554806, -2.285999999999994259 ) ) ;
#3465 = CARTESIAN_POINT ( 'NONE',  ( -5.580159256687754699, 0.6763057282891278277, 2.286000000000000476 ) ) ;
#3466 = EDGE_LOOP ( 'NONE', ( #1518, #2179, #468, #3279 ) ) ;
#3467 = CARTESIAN_POINT ( 'NONE',  ( -0.8295454916588376193, -6.246275499659564190, -2.286000000000000920 ) ) ;
#3468 = CARTESIAN_POINT ( 'NONE',  ( 4.819588668520768060, 3.603620000172907734, -2.286000000000000920 ) ) ;
#3469 = CARTESIAN_POINT ( 'NONE',  ( 4.570827893707974710, -3.443806281393318347, -2.286000000000000920 ) ) ;
#3470 = CARTESIAN_POINT ( 'NONE',  ( 5.037714479379332033, 3.908841068998490709, 2.286000000000000476 ) ) ;
#3471 = CARTESIAN_POINT ( 'NONE',  ( -4.241329277686503474, -2.880640466208736150, 2.286000000000000476 ) ) ;
#3472 = CARTESIAN_POINT ( 'NONE',  ( -2.317559181621135167, -6.691150755271285888, -2.286000000000000920 ) ) ;
#3473 = CARTESIAN_POINT ( 'NONE',  ( 2.232517294687437648, -6.992705799588007309, -2.285999999999994259 ) ) ;
#3474 = CARTESIAN_POINT ( 'NONE',  ( -0.8295454916588376193, -6.246275499659564190, 2.286000000000000476 ) ) ;
#3475 = CARTESIAN_POINT ( 'NONE',  ( -5.185049666302785631, 0.4633254509012522671, -2.286000000000000920 ) ) ;
#3476 = CARTESIAN_POINT ( 'NONE',  ( -4.562280498011126006, 2.263428084871102808, -2.285999999999988930 ) ) ;
#3477 = CARTESIAN_POINT ( 'NONE',  ( 2.755660258758656056, -4.248665761571358779, 2.286000000000000476 ) ) ;
#3478 = CARTESIAN_POINT ( 'NONE',  ( 5.310665190646406408, 4.503699405991246962, 2.286000000000000476 ) ) ;
#3479 = CARTESIAN_POINT ( 'NONE',  ( 6.246275499659564190, -0.8295454916588380634, 2.286000000000000476 ) ) ;
#3480 = VECTOR ( 'NONE', #960, 1000.000000000000000 ) ;
#3481 = CARTESIAN_POINT ( 'NONE',  ( 5.680356212974282393, -0.6970097785450480865, -2.286000000000000920 ) ) ;
#3482 = LINE ( 'NONE', #4605, #3273 ) ;
#3483 = CARTESIAN_POINT ( 'NONE',  ( -5.429769591367954895, -4.939602216230077225, 2.286000000000000476 ) ) ;
#3484 = CARTESIAN_POINT ( 'NONE',  ( -5.352640503693417706, -4.635926943805798395, -2.286000000000000920 ) ) ;
#3485 = CALENDAR_DATE ( 2022, 6, 6 ) ;
#3486 = CARTESIAN_POINT ( 'NONE',  ( -1.160798993145838232, -6.751539294367503885, -2.285999999999993371 ) ) ;
#3487 = CARTESIAN_POINT ( 'NONE',  ( -2.387648127366837514, 6.306703394980817556, -2.285999999999990706 ) ) ;
#3488 = VECTOR ( 'NONE', #2713, 1000.000000000000000 ) ;
#3489 = CARTESIAN_POINT ( 'NONE',  ( -4.615372461749465138, 2.232778667186848143, -2.286000000000000920 ) ) ;
#3490 = CARTESIAN_POINT ( 'NONE',  ( 4.722047456352864714, -2.191273222451026736, -2.285999999999994259 ) ) ;
#3491 = CARTESIAN_POINT ( 'NONE',  ( -3.303268363099254756, 4.426088753942309495, 2.286000000000000476 ) ) ;
#3492 = CARTESIAN_POINT ( 'NONE',  ( -5.306777461419535769, -0.5619673642293583349, 2.286000000000000476 ) ) ;
#3493 = ORIENTED_EDGE ( 'NONE', *, *, #1498, .T. ) ;
#3494 = CARTESIAN_POINT ( 'NONE',  ( 5.896140974621092212, 0.7170584013211535046, -2.285999999999992482 ) ) ;
#3495 = CARTESIAN_POINT ( 'NONE',  ( 4.459232637575090585, 3.340134799346919703, -2.286000000000000920 ) ) ;
#3496 = CARTESIAN_POINT ( 'NONE',  ( 4.386741487291720532, -2.452899478489770857, -2.286000000000000920 ) ) ;
#3497 = CARTESIAN_POINT ( 'NONE',  ( 4.264284629575963770, 2.690823560815337245, -2.286000000000002697 ) ) ;
#3498 = CARTESIAN_POINT ( 'NONE',  ( -4.386741487291720532, -2.452899478489773966, 2.286000000000000476 ) ) ;
#3499 = CARTESIAN_POINT ( 'NONE',  ( -6.563695275366480786, -1.018960161258259500, 2.286000000000000476 ) ) ;
#3500 = CARTESIAN_POINT ( 'NONE',  ( -3.671527976878548927, 4.864396098905571009, -2.285999999999990706 ) ) ;
#3501 = CARTESIAN_POINT ( 'NONE',  ( -0.6630252695113224570, -5.531876145198175720, 2.286000000000000476 ) ) ;
#3502 = CARTESIAN_POINT ( 'NONE',  ( -5.025479307074646407, -0.06909748234411727807, -2.286000000000000920 ) ) ;
#3503 = CARTESIAN_POINT ( 'NONE',  ( -4.462463875555764403, 2.347567037772631426, -2.285999999999988930 ) ) ;
#3504 = CARTESIAN_POINT ( 'NONE',  ( 2.514012115883947907, -4.354396715554732289, 2.286000000000000476 ) ) ;
#3505 = CARTESIAN_POINT ( 'NONE',  ( 4.459232637575090585, 3.340134799346919703, 2.286000000000000476 ) ) ;
#3506 = CARTESIAN_POINT ( 'NONE',  ( 6.476356000746373631, -0.9605012029655752848, 2.286000000000000476 ) ) ;
#3507 = DIRECTION ( 'NONE',  ( -0.000000000000000000, -0.000000000000000000, -1.000000000000000000 ) ) ;
#3508 = CARTESIAN_POINT ( 'NONE',  ( -0.8295454916588390626, 6.246275499659565966, -2.285999999999994259 ) ) ;
#3509 = CARTESIAN_POINT ( 'NONE',  ( -4.426088753942310383, -3.303268363099254312, 2.286000000000000476 ) ) ;
#3510 = CARTESIAN_POINT ( 'NONE',  ( -0.7110321314750341903, -5.975696222817058256, -2.285999999999993371 ) ) ;
#3511 = CARTESIAN_POINT ( 'NONE',  ( -2.232517294687447862, -6.992705799587969118, -2.285999999999990262 ) ) ;
#3512 = ADVANCED_FACE ( 'NONE', ( #4322 ), #3552, .F. ) ;
#3513 = CARTESIAN_POINT ( 'NONE',  ( -4.248665761571361443, 2.755660258758654724, -2.286000000000000920 ) ) ;
#3514 = CARTESIAN_POINT ( 'NONE',  ( 4.422841945095527194, -2.396986420425919029, -2.285999999999994259 ) ) ;
#3515 = CARTESIAN_POINT ( 'NONE',  ( 6.691150755271284112, -2.317559181621136055, -2.285999999999994259 ) ) ;
#3516 = CARTESIAN_POINT ( 'NONE',  ( -2.208998909360598173, 4.668876377298398772, 2.286000000000000476 ) ) ;
#3517 = AXIS2_PLACEMENT_3D ( 'NONE', #4818, #1719, #4024 ) ;
#3518 = FACE_OUTER_BOUND ( 'NONE', #1249, .T. ) ;
#3519 = ORIENTED_EDGE ( 'NONE', *, *, #439, .F. ) ;
#3520 = CARTESIAN_POINT ( 'NONE',  ( 3.782965240303918453, -4.953794882336380212, -2.286000000000000920 ) ) ;
#3521 = LOCAL_TIME ( 14, 51, 16.00000000000000000, #1997 ) ;
#3522 = CIRCLE ( 'NONE', #2871, 7.408333222071330049 ) ;
#3523 = CARTESIAN_POINT ( 'NONE',  ( 5.025101949511930677, -2.173665442670349890, -2.286000000000000920 ) ) ;
#3524 = CARTESIAN_POINT ( 'NONE',  ( 4.258722005451610393, 2.993776443851758895, 2.286000000000000476 ) ) ;
#3525 = CARTESIAN_POINT ( 'NONE',  ( -5.975696222817058256, 0.7110321314750337462, 2.286000000000000476 ) ) ;
#3526 = CARTESIAN_POINT ( 'NONE',  ( -3.476310862236193788, 4.612104495109638158, 2.286000000000000476 ) ) ;
#3527 = CARTESIAN_POINT ( 'NONE',  ( 0.2621389074985167045, -5.057282611089283009, 2.286000000000000476 ) ) ;
#3528 = CARTESIAN_POINT ( 'NONE',  ( -6.181594833392608734, -0.7992465585685066820, -2.286000000000000920 ) ) ;
#3529 = CARTESIAN_POINT ( 'NONE',  ( -4.570827893707974710, 3.443806281393317015, -2.285999999999988930 ) ) ;
#3530 = CARTESIAN_POINT ( 'NONE',  ( 3.782965240303918453, -4.953794882336380212, 2.286000000000000476 ) ) ;
#3531 = CARTESIAN_POINT ( 'NONE',  ( 5.445848997224147503, -5.022562078130893504, -2.286000000000000476 ) ) ;
#3532 = CARTESIAN_POINT ( 'NONE',  ( 6.953486125426932674, -1.338510251577863519, 2.286000000000000476 ) ) ;
#3533 = CARTESIAN_POINT ( 'NONE',  ( 0.000000000000000000, 0.000000000000000000, 0.000000000000000000 ) ) ;
#3534 = CARTESIAN_POINT ( 'NONE',  ( -1.244985501274100015, 6.851020669089140647, -2.285999999999994259 ) ) ;
#3535 = CARTESIAN_POINT ( 'NONE',  ( -5.690277883870090037, -2.391450586719571003, 2.286000000000000476 ) ) ;
#3536 = CARTESIAN_POINT ( 'NONE',  ( 2.409147001929389464, 5.992287157413079157, 2.286000000000000476 ) ) ;
#3537 = CARTESIAN_POINT ( 'NONE',  ( 5.022562078130894392, -5.445848997224147503, 2.286000000000000476 ) ) ;
#3538 = CARTESIAN_POINT ( 'NONE',  ( 4.314820411705333925, -3.140066744230173956, 2.286000000000000476 ) ) ;
#3539 = CARTESIAN_POINT ( 'NONE',  ( 2.372076222644147414, 5.530620799995805470, 2.286000000000000476 ) ) ;
#3540 = CARTESIAN_POINT ( 'NONE',  ( -2.232778667186853028, 4.615372461749464250, 2.286000000000000476 ) ) ;
#3541 = CARTESIAN_POINT ( 'NONE',  ( 7.072590850357788561, 2.204962537704680425, -2.286000000000000476 ) ) ;
#3542 = VERTEX_POINT ( 'NONE', #3531 ) ;
#3543 = CARTESIAN_POINT ( 'NONE',  ( 3.410305354818154555, -4.531605619798374285, -2.286000000000000920 ) ) ;
#3544 = CARTESIAN_POINT ( 'NONE',  ( 4.700943863347387897, -3.538372490040374352, -2.286000000000000920 ) ) ;
#3545 = CARTESIAN_POINT ( 'NONE',  ( 4.247487361087594060, 2.938866095189178296, -2.286000000000002697 ) ) ;
#3546 = CARTESIAN_POINT ( 'NONE',  ( -5.580159256687752922, -0.6763057282891290489, 2.286000000000000476 ) ) ;
#3547 = CARTESIAN_POINT ( 'NONE',  ( 0.000000000000000000, 0.000000000000000000, 3.174999999999999822 ) ) ;
#3548 = CARTESIAN_POINT ( 'NONE',  ( -0.2621389074985152612, -5.057282611089284785, 2.286000000000000476 ) ) ;
#3549 = CARTESIAN_POINT ( 'NONE',  ( -5.349734136913458116, -0.5875270965913551580, -2.286000000000000920 ) ) ;
#3550 = CARTESIAN_POINT ( 'NONE',  ( -4.570827893707974710, 3.443806281393317015, 2.286000000000000476 ) ) ;
#3551 = CARTESIAN_POINT ( 'NONE',  ( 2.452899478489772633, -4.386741487291721420, 2.286000000000000476 ) ) ;
#3552 = CYLINDRICAL_SURFACE ( 'NONE', #238, 2.500000000000000000 ) ;
#3553 = CARTESIAN_POINT ( 'NONE',  ( -2.406359558239488550, 6.088939422080936303, -2.286000000000000920 ) ) ;
#3554 = ORIENTED_EDGE ( 'NONE', *, *, #1875, .T. ) ;
#3555 = CARTESIAN_POINT ( 'NONE',  ( 4.267941290503535434, -5.221115631088428799, 2.286000000000000476 ) ) ;
#3556 = CARTESIAN_POINT ( 'NONE',  ( -1.244985501274100015, 6.851020669089140647, 2.286000000000000476 ) ) ;
#3557 = CARTESIAN_POINT ( 'NONE',  ( -6.992705799529129962, -2.232517294705868238, 2.286000000000000476 ) ) ;
#3558 = CARTESIAN_POINT ( 'NONE',  ( -4.700943863347387008, -3.538372490040377016, -2.286000000000000920 ) ) ;
#3559 = CARTESIAN_POINT ( 'NONE',  ( -1.160798993145838232, -6.751539294367503885, 2.286000000000000476 ) ) ;
#3560 = CARTESIAN_POINT ( 'NONE',  ( -2.204962537704679093, 7.072590850357786785, 2.286000000000000476 ) ) ;
#3561 = CARTESIAN_POINT ( 'NONE',  ( 4.292995347704374076, -3.094096482592028963, 2.286000000000000476 ) ) ;
#3562 = CARTESIAN_POINT ( 'NONE',  ( 2.406359558239480556, 6.088939422080939856, -2.285999999999991594 ) ) ;
#3563 = CARTESIAN_POINT ( 'NONE',  ( -3.507955818454327801, 4.655371438823707742, 2.286000000000000476 ) ) ;
#3564 = DIRECTION ( 'NONE',  ( -0.000000000000000000, -0.000000000000000000, 1.000000000000000000 ) ) ;
#3565 = DIRECTION ( 'NONE',  ( -0.000000000000000000, -0.000000000000000000, 1.000000000000000000 ) ) ;
#3566 = CARTESIAN_POINT ( 'NONE',  ( 3.303268363099252980, -4.426088753942310383, -2.286000000000000920 ) ) ;
#3567 = CARTESIAN_POINT ( 'NONE',  ( 5.267837672253023129, -2.236549931580964490, -2.286000000000000920 ) ) ;
#3568 = CARTESIAN_POINT ( 'NONE',  ( 4.668876377298398772, 2.208998909360598173, 2.286000000000000476 ) ) ;
#3569 = EDGE_CURVE ( 'NONE', #1019, #3340, #2714, .T. ) ;
#3570 = CARTESIAN_POINT ( 'NONE',  ( -5.025479307074648183, 0.06909748234411594581, 2.286000000000000476 ) ) ;
#3571 = FACE_OUTER_BOUND ( 'NONE', #2146, .T. ) ;
#3572 = CARTESIAN_POINT ( 'NONE',  ( -6.865202557812161821, 2.272426521269201860, 2.286000000000000476 ) ) ;
#3573 = CARTESIAN_POINT ( 'NONE',  ( -2.938866095189175631, -4.247487361087595836, 2.286000000000000476 ) ) ;
#3574 = CARTESIAN_POINT ( 'NONE',  ( -4.819588668520771613, 3.603620000172904181, -2.285999999999988930 ) ) ;
#3575 = DIRECTION ( 'NONE',  ( -0.000000000000000000, -0.000000000000000000, -1.000000000000000000 ) ) ;
#3576 = CARTESIAN_POINT ( 'NONE',  ( 5.429769591367954007, 4.939602216230078113, 2.286000000000000920 ) ) ;
#3577 = CARTESIAN_POINT ( 'NONE',  ( -3.265033223548866825, 4.395000467436834590, -2.286000000000000920 ) ) ;
#3578 = VERTEX_POINT ( 'NONE', #3301 ) ;
#3579 = DIRECTION ( 'NONE',  ( 1.000000000000000000, 0.000000000000000000, 0.000000000000000000 ) ) ;
#3580 = CARTESIAN_POINT ( 'NONE',  ( -0.6763057282891293820, 5.580159256687752922, -2.285999999999994259 ) ) ;
#3581 = CARTESIAN_POINT ( 'NONE',  ( 3.782965240303913124, 4.953794882336383765, -2.286000000000000920 ) ) ;
#3582 = CARTESIAN_POINT ( 'NONE',  ( -4.612104495109639934, -3.476310862236192900, -2.286000000000000920 ) ) ;
#3583 = CARTESIAN_POINT ( 'NONE',  ( 2.347321263097891908, 6.555650691920510198, 2.286000000000000476 ) ) ;
#3584 = CARTESIAN_POINT ( 'NONE',  ( -2.272426521261467602, 6.865202557842009057, -2.285999999999990706 ) ) ;
#3585 = CARTESIAN_POINT ( 'NONE',  ( 6.317209250654444830, 0.8662984254189458611, -2.285999999999992482 ) ) ;
#3586 = CARTESIAN_POINT ( 'NONE',  ( 4.317644004947604586, -2.572579828584875550, -2.285999999999994259 ) ) ;
#3587 = ORIENTED_EDGE ( 'NONE', *, *, #4357, .F. ) ;
#3588 = CARTESIAN_POINT ( 'NONE',  ( 2.391450586719564342, 5.690277883870091813, 2.286000000000000476 ) ) ;
#3589 = CARTESIAN_POINT ( 'NONE',  ( -3.225246005036193075, 4.366020258804534038, 2.286000000000000476 ) ) ;
#3590 = LINE ( 'NONE', #1644, #1138 ) ;
#3591 = ORIENTED_EDGE ( 'NONE', *, *, #1035, .T. ) ;
#3592 = CARTESIAN_POINT ( 'NONE',  ( -6.851020669089140647, -1.244985501274099571, 2.286000000000000476 ) ) ;
#3593 = AXIS2_PLACEMENT_3D ( 'NONE', #2234, #1406, #4937 ) ;
#3594 = CARTESIAN_POINT ( 'NONE',  ( 0.000000000000000000, 0.000000000000000000, 2.286000000000000032 ) ) ;
#3595 = CARTESIAN_POINT ( 'NONE',  ( 4.247487361087594060, 2.938866095189178296, 2.286000000000000476 ) ) ;
#3596 = CIRCLE ( 'NONE', #3840, 7.408333222071330049 ) ;
#3597 = CARTESIAN_POINT ( 'NONE',  ( -5.306777461419535769, -0.5619673642293583349, 2.286000000000000476 ) ) ;
#3598 = CARTESIAN_POINT ( 'NONE',  ( -2.452899478489774410, 4.386741487291719643, 2.286000000000000476 ) ) ;
#3599 = CARTESIAN_POINT ( 'NONE',  ( -5.365664573546733429, 2.277692020846681764, 2.286000000000000476 ) ) ;
#3600 = EDGE_CURVE ( 'NONE', #4509, #3733, #4859, .T. ) ;
#3601 = CARTESIAN_POINT ( 'NONE',  ( -3.782965240303916676, -4.953794882336381988, 2.286000000000000476 ) ) ;
#3602 = DIRECTION ( 'NONE',  ( 1.000000000000000000, 0.000000000000000000, 0.000000000000000000 ) ) ;
#3603 = CARTESIAN_POINT ( 'NONE',  ( 4.287272105162934999, 2.631800271163147631, 2.286000000000000476 ) ) ;
#3604 = CARTESIAN_POINT ( 'NONE',  ( -2.232778667186853028, 4.615372461749464250, -2.286000000000000920 ) ) ;
#3605 = CARTESIAN_POINT ( 'NONE',  ( -4.722047456352865602, 2.191273222451025848, -2.286000000000000920 ) ) ;
#3606 = VERTEX_POINT ( 'NONE', #4883 ) ;
#3607 = CYLINDRICAL_SURFACE ( 'NONE', #2833, 7.408333222071330049 ) ;
#3608 = CARTESIAN_POINT ( 'NONE',  ( -0.4633254509012539879, 5.185049666302784743, -2.285999999999994259 ) ) ;
#3609 = EDGE_CURVE ( 'NONE', #1780, #1770, #4373, .T. ) ;
#3610 = CARTESIAN_POINT ( 'NONE',  ( -5.992287157413074716, -2.409147001929397014, 2.286000000000000476 ) ) ;
#3611 = CARTESIAN_POINT ( 'NONE',  ( 5.580159256687752922, 0.6763057282891283828, 2.286000000000000476 ) ) ;
#3612 = CARTESIAN_POINT ( 'NONE',  ( -2.277692020846683096, -5.365664573546734317, 2.286000000000000920 ) ) ;
#3613 = CARTESIAN_POINT ( 'NONE',  ( 6.751539294367504773, 1.160798993145838676, -2.285999999999992482 ) ) ;
#3614 = CARTESIAN_POINT ( 'NONE',  ( 4.747678667655629070, -3.569061278851721752, 2.286000000000000476 ) ) ;
#3615 = ORIENTED_EDGE ( 'NONE', *, *, #882, .F. ) ;
#3616 = CARTESIAN_POINT ( 'NONE',  ( 2.170794788144378096, 4.826063829536964001, 2.286000000000000476 ) ) ;
#3617 = CARTESIAN_POINT ( 'NONE',  ( -5.445848997224146615, -5.022562078130897945, 2.286000000000000476 ) ) ;
#3618 = VERTEX_POINT ( 'NONE', #531 ) ;
#3619 = CARTESIAN_POINT ( 'NONE',  ( 2.690823560815335469, -4.264284629575964658, -2.286000000000000920 ) ) ;
#3620 = CARTESIAN_POINT ( 'NONE',  ( 6.865202557812116524, -2.272426521269216071, -2.286000000000000920 ) ) ;
#3621 = B_SPLINE_CURVE_WITH_KNOTS ( 'NONE', 3,
 ( #3302, #4141, #1809, #658, #1835, #4835, #683, #3375, #2994, #2970, #221, #4548, #1067, #3351, #2918, #4909, #1349, #4522, #2893, #2563, #2612, #1042, #2132, #3655, #2182, #170, #1733, #1373, #4115, #4449, #4472, #966, #607, #2511, #4497, #632, #4062, #4860, #581, #3679, #3731, #195, #1783, #3328, #1757, #1017, #991, #2536, #4088, #2157, #4884, #1401, #2943, #13, #3827, #371, #1858, #2230, #706, #4596, #4621, #1550, #321, #3778, #3450, #3020, #2660, #3425, #2739, #757, #1116, #4983, #347, #1168, #1576, #3472, #3121, #4675, #4958 ),
 .UNSPECIFIED., .F., .F.,
 ( 4, 1, 1, 1, 1, 1, 1, 1, 1, 1, 1, 1, 1, 1, 1, 1, 1, 1, 1, 1, 1, 1, 1, 1, 1, 1, 1, 1, 1, 1, 1, 1, 1, 1, 1, 1, 1, 1, 1, 1, 1, 1, 1, 1, 1, 1, 1, 1, 1, 1, 1, 1, 1, 1, 1, 1, 1, 1, 1, 1, 1, 1, 1, 1, 1, 1, 1, 1, 1, 1, 1, 1, 1, 1, 1, 1, 4 ),
 ( 0.01103315320116591419, 0.05345531963080774052, 0.07807290109913944676, 0.1012837636727261792, 0.1230879073546432556, 0.1434853321486017075, 0.1624760380591379061, 0.1800600250918766854, 0.1962372932539097059, 0.2110078425543557845, 0.2243716730052127684, 0.2363287846227128952, 0.2468791774295817643, 0.2560228514590334736, 0.2765703373738779280, 0.2861597148600217855, 0.2955281054245302297, 0.3046873400362805073, 0.3136510682187724219, 0.3224350908376913960, 0.3310577570337658315, 0.3395404348280692819, 0.3479080632824442798, 0.3561897892115020170, 0.3644196805880378642, 0.3726374874240482304, 0.3808893818503648054, 0.3892285417683729598, 0.3977153332009296660, 0.4064166828338137138, 0.4154040162538316094, 0.4247489170962575056, 0.4345155871249806179, 0.4447495655339210874, 0.4554634245512343416, 0.4666225055634414254, 0.4781364573014081909, 0.4871735315700953528, 0.5000000000000000000, 0.5128264684299046472, 0.5218635426985918091, 0.5333774944365585746, 0.5445365754487656584, 0.5552504344660789126, 0.5654844128750193821, 0.5752510829037424944, 0.5845959837461683906, 0.5935833171661862862, 0.6022846667990703340, 0.6107714582316270402, 0.6191106181496351946, 0.6273625125759517696, 0.6355803194119621358, 0.6438102107884980940, 0.6520919367175557202, 0.6604595651719308291, 0.6689422429662341685, 0.6775649091623087150, 0.6863489317812276891, 0.6953126599637196037, 0.7044718945754698813, 0.7138402851399783255, 0.7234296626261221830, 0.7439771485409665264, 0.7531208225704181247, 0.7636712153772871048, 0.7756283269947872316, 0.7889921574456442155, 0.8037627067460902941, 0.8199399749081233146, 0.8375239619408619829, 0.8565146678513981815, 0.8769120926453565223, 0.8987162363272737098, 0.9219270989008604422, 0.9465446803691922595, 0.9889668467988226297 ),
 .UNSPECIFIED. ) ;
#3622 = CARTESIAN_POINT ( 'NONE',  ( 2.500000000000000000, 3.061616997868383141E-16, 2.286000000000000032 ) ) ;
#3623 = CARTESIAN_POINT ( 'NONE',  ( -6.123650495384040937, 0.7740819819406971058, 2.286000000000000476 ) ) ;
#3624 = CARTESIAN_POINT ( 'NONE',  ( -2.166053677396904575, 4.926769214355549487, 2.286000000000000476 ) ) ;
#3625 = CARTESIAN_POINT ( 'NONE',  ( -4.510804669069875317, 2.301622352330626065, 2.286000000000000476 ) ) ;
#3626 = CARTESIAN_POINT ( 'NONE',  ( -2.232778667186849031, -4.615372461749466027, 2.286000000000000476 ) ) ;
#3627 = CARTESIAN_POINT ( 'NONE',  ( -6.992705799529090882, -2.232517294705880229, -2.286000000000000920 ) ) ;
#3628 = LINE ( 'NONE', #4212, #2591 ) ;
#3629 = CARTESIAN_POINT ( 'NONE',  ( -2.409147001929397902, 5.992287157413075604, -2.286000000000000920 ) ) ;
#3630 = EDGE_CURVE ( 'NONE', #3186, #157, #3628, .T. ) ;
#3631 = CARTESIAN_POINT ( 'NONE',  ( -0.9097610735845660379, 6.394046406055663212, 2.286000000000000476 ) ) ;
#3632 = CARTESIAN_POINT ( 'NONE',  ( 2.572579828584875550, -4.317644004947602809, -2.285999999999994259 ) ) ;
#3633 = CARTESIAN_POINT ( 'NONE',  ( 0.7045212705935064434, 5.732355088791447173, -2.285999999999994259 ) ) ;
#3634 = CARTESIAN_POINT ( 'NONE',  ( -5.170712537599049696, -2.204381686920557915, 2.286000000000000476 ) ) ;
#3635 = CARTESIAN_POINT ( 'NONE',  ( 5.349734136913458116, -0.5875270965913544918, 2.286000000000000476 ) ) ;
#3636 = CARTESIAN_POINT ( 'NONE',  ( 2.938866095189172079, 4.247487361087596724, 2.286000000000000476 ) ) ;
#3637 = CARTESIAN_POINT ( 'NONE',  ( -2.232778667186849031, -4.615372461749466027, -2.285999999999990262 ) ) ;
#3638 = CARTESIAN_POINT ( 'NONE',  ( 6.246275499659565966, 0.8295454916588378413, 2.286000000000000476 ) ) ;
#3639 = ADVANCED_FACE ( 'NONE', ( #1834 ), #1066, .T. ) ;
#3640 = CARTESIAN_POINT ( 'NONE',  ( -4.635926943805795730, -5.352640503693421259, 2.286000000000000476 ) ) ;
#3641 = CARTESIAN_POINT ( 'NONE',  ( -4.747678667655629958, 3.569061278851720420, 2.286000000000000476 ) ) ;
#3642 = CARTESIAN_POINT ( 'NONE',  ( 5.429769591381433891, -4.939602216290268188, -2.285999999999994259 ) ) ;
#3643 = ORIENTED_EDGE ( 'NONE', *, *, #4664, .T. ) ;
#3644 = CARTESIAN_POINT ( 'NONE',  ( 2.372076222644147414, 5.530620799995805470, -2.285999999999991594 ) ) ;
#3645 = CARTESIAN_POINT ( 'NONE',  ( 5.122257907086415152, -2.191741345851257794, 2.286000000000000476 ) ) ;
#3646 = CARTESIAN_POINT ( 'NONE',  ( 0.7102931347230235781, -5.785647839301008233, 2.286000000000000476 ) ) ;
#3647 = CARTESIAN_POINT ( 'NONE',  ( -6.317209250654444830, -0.8662984254189466382, -2.285999999999992482 ) ) ;
#3648 = AXIS2_PLACEMENT_3D ( 'NONE', #3796, #4207, #339 ) ;
#3649 = CARTESIAN_POINT ( 'NONE',  ( 1.615000000000000213, 1.615000000000000213, 2.286000000000000032 ) ) ;
#3650 = LINE ( 'NONE', #2201, #2193 ) ;
#3651 = CARTESIAN_POINT ( 'NONE',  ( -2.993776443851758895, 4.258722005451610393, 2.286000000000000476 ) ) ;
#3652 = CARTESIAN_POINT ( 'NONE',  ( -2.204381686920554362, -5.170712537599050584, 2.286000000000000476 ) ) ;
#3653 = CARTESIAN_POINT ( 'NONE',  ( -6.865202557812141393, -2.272426521269212518, -2.286000000000000920 ) ) ;
#3654 = CARTESIAN_POINT ( 'NONE',  ( 5.025101949511928012, 2.173665442670352554, 2.286000000000000476 ) ) ;
#3655 = CARTESIAN_POINT ( 'NONE',  ( -3.340134799346917038, -4.459232637575094138, -2.286000000000000920 ) ) ;
#3656 = CARTESIAN_POINT ( 'NONE',  ( 0.9097610735845630403, 6.394046406055662324, 2.286000000000000476 ) ) ;
#3657 = EDGE_LOOP ( 'NONE', ( #644, #2656, #3922, #3218 ) ) ;
#3658 = CARTESIAN_POINT ( 'NONE',  ( 3.732199908664472598, -4.916195901929392598, -2.285999999999994259 ) ) ;
#3659 = CARTESIAN_POINT ( 'NONE',  ( 0.5330684818325859275, 5.264891270736411499, 2.286000000000000476 ) ) ;
#3660 = CARTESIAN_POINT ( 'NONE',  ( 2.181471118769022777, 5.073758694932549496, -2.286000000000000920 ) ) ;
#3661 = CARTESIAN_POINT ( 'NONE',  ( 6.655589417870369395, 1.085587763892386981, 2.286000000000000476 ) ) ;
#3662 = CARTESIAN_POINT ( 'NONE',  ( -2.208998909360595952, -4.668876377298401437, -2.285999999999990262 ) ) ;
#3663 = CARTESIAN_POINT ( 'NONE',  ( 6.953486125426932674, 1.338510251577863741, -2.285999999999992482 ) ) ;
#3664 = CARTESIAN_POINT ( 'NONE',  ( 6.751539294367503885, -1.160798993145838676, -2.286000000000000920 ) ) ;
#3665 = CARTESIAN_POINT ( 'NONE',  ( 5.221115631088430575, -4.267941290503535434, 2.286000000000000476 ) ) ;
#3666 = ORIENTED_EDGE ( 'NONE', *, *, #3609, .T. ) ;
#3667 = CARTESIAN_POINT ( 'NONE',  ( 3.225246005036186858, 4.366020258804537590, 2.286000000000000476 ) ) ;
#3668 = CARTESIAN_POINT ( 'NONE',  ( 5.316625765703148154, -2.256044226555254717, 2.286000000000000476 ) ) ;
#3669 = ADVANCED_FACE ( 'NONE', ( #3043 ), #4955, .T. ) ;
#3670 = CARTESIAN_POINT ( 'NONE',  ( 1.464622183275062772, -7.081653077847804845, -2.285999999999993371 ) ) ;
#3671 = CARTESIAN_POINT ( 'NONE',  ( -6.655589417870369395, -1.085587763892387869, -2.285999999999992482 ) ) ;
#3672 = DIRECTION ( 'NONE',  ( 1.000000000000000000, 0.000000000000000000, 0.000000000000000000 ) ) ;
#3673 = CARTESIAN_POINT ( 'NONE',  ( 6.555650691920506645, 2.347321263097901234, -2.286000000000000920 ) ) ;
#3674 = CARTESIAN_POINT ( 'NONE',  ( -2.690823560815337245, 4.264284629575963770, -2.285999999999990706 ) ) ;
#3675 = CARTESIAN_POINT ( 'NONE',  ( -2.631800271163144078, -4.287272105162937663, 2.286000000000000476 ) ) ;
#3676 = VECTOR ( 'NONE', #2809, 1000.000000000000000 ) ;
#3677 = DIRECTION ( 'NONE',  ( 0.000000000000000000, 0.000000000000000000, 1.000000000000000000 ) ) ;
#3678 = CARTESIAN_POINT ( 'NONE',  ( 4.395000467436834590, 3.265033223548866825, 2.286000000000000476 ) ) ;
#3679 = CARTESIAN_POINT ( 'NONE',  ( -2.514012115883947018, -4.354396715554734065, -2.286000000000000920 ) ) ;
#3680 = CARTESIAN_POINT ( 'NONE',  ( 0.9605012029655741745, 6.476356000746373631, 2.286000000000000476 ) ) ;
#3681 = VERTEX_POINT ( 'NONE', #369 ) ;
#3682 = CARTESIAN_POINT ( 'NONE',  ( 3.603620000172905957, -4.819588668520769836, 2.286000000000000476 ) ) ;
#3683 = CARTESIAN_POINT ( 'NONE',  ( -0.06909748234411758339, 5.025479307074646407, 2.286000000000000476 ) ) ;
#3684 = CARTESIAN_POINT ( 'NONE',  ( 2.880640466208730377, 4.241329277686508803, -2.286000000000000920 ) ) ;
#3685 = CARTESIAN_POINT ( 'NONE',  ( -5.316625765703149042, 2.256044226555253385, -2.285999999999988930 ) ) ;
#3686 = CARTESIAN_POINT ( 'NONE',  ( -2.236549931580964046, -5.267837672253024017, 2.286000000000000920 ) ) ;
#3687 = CARTESIAN_POINT ( 'NONE',  ( 5.113419133395583849, 0.3740431840629602211, -2.285999999999992482 ) ) ;
#3688 = B_SPLINE_SURFACE_WITH_KNOTS ( 'NONE', 3, 1, ( 
 ( #3969, #489 ),
 ( #1563, #3511 ),
 ( #3995, #2047 ),
 ( #3108, #3211 ),
 ( #4767, #4688 ),
 ( #903, #824 ),
 ( #2446, #1182 ),
 ( #2726, #4279 ),
 ( #797, #3890 ),
 ( #27, #1208 ),
 ( #2751, #3235 ),
 ( #3712, #4843 ),
 ( #2495, #4791 ),
 ( #2165, #2852 ),
 ( #4022, #1330 ),
 ( #150, #2876 ),
 ( #4892, #3336 ),
 ( #203, #4046 ),
 ( #3612, #1765 ),
 ( #126, #563 ),
 ( #3686, #1307 ),
 ( #2571, #2070 ),
 ( #2116, #3310 ),
 ( #615, #4457 ),
 ( #4408, #4433 ),
 ( #229, #3285 ),
 ( #928, #539 ),
 ( #178, #589 ),
 ( #1792, #1408 ),
 ( #4123, #1689 ),
 ( #2952, #2470 ),
 ( #4867, #4504 ),
 ( #2093, #3662 ),
 ( #1740, #3637 ),
 ( #1357, #4096 ),
 ( #1717, #3259 ),
 ( #1382, #4816 ),
 ( #951, #2901 ),
 ( #975, #1025 ),
 ( #2545, #2521 ),
 ( #4072, #2140 ),
 ( #2927, #4479 ),
 ( #998, #3430 ),
 ( #3739, #2619 ),
 ( #4148, #4221 ),
 ( #4579, #3359 ),
 ( #4195, #737 ),
 ( #4628, #4916 ),
 ( #1122, #3785 ),
 ( #3808, #2285 ),
 ( #304, #1149 ),
 ( #1099, #353 ),
 ( #4990, #257 ),
 ( #2977, #713 ),
 ( #3382, #2643 ),
 ( #1457, #2666 ),
 ( #1433, #1482 ),
 ( #328, #1889 ),
 ( #3833, #665 ),
 ( #1865, #691 ),
 ( #3027, #1914 ),
 ( #2213, #4529 ),
 ( #3002, #4965 ),
 ( #3406, #3456 ),
 ( #1049, #2595 ),
 ( #2693, #1507 ),
 ( #640, #2261 ),
 ( #1074, #1842 ),
 ( #3051, #4555 ),
 ( #4602, #5015 ),
 ( #1531, #3075 ),
 ( #1817, #2191 ),
 ( #3762, #282 ),
 ( #4940, #4172 ),
 ( #2237, #1581 ),
 ( #1174, #1224 ),
 ( #789, #4348 ),
 ( #2040, #454 ),
 ( #3856, #2720 ) ),
 .UNSPECIFIED., .F., .F., .F.,
 ( 4, 1, 1, 1, 1, 1, 1, 1, 1, 1, 1, 1, 1, 1, 1, 1, 1, 1, 1, 1, 1, 1, 1, 1, 1, 1, 1, 1, 1, 1, 1, 1, 1, 1, 1, 1, 1, 1, 1, 1, 1, 1, 1, 1, 1, 1, 1, 1, 1, 1, 1, 1, 1, 1, 1, 1, 1, 1, 1, 1, 1, 1, 1, 1, 1, 1, 1, 1, 1, 1, 1, 1, 1, 1, 1, 1, 4 ),
 ( 2, 2 ),
 ( 0.01103315318568793418, 0.05345531963080774052, 0.07807290109913955778, 0.1012837636727262902, 0.1230879073546434777, 0.1434853321486018185, 0.1624760380591380171, 0.1800600250918766854, 0.1962372932539097059, 0.2110078425543557845, 0.2243716730052127684, 0.2363287846227128952, 0.2468791774295818753, 0.2560228514590334736, 0.2765703373738778170, 0.2861597148600216745, 0.2955281054245301187, 0.3046873400362803963, 0.3136510682187723109, 0.3224350908376912850, 0.3310577570337658315, 0.3395404348280691709, 0.3479080632824442798, 0.3561897892115019060, 0.3644196805880378642, 0.3726374874240482304, 0.3808893818503648054, 0.3892285417683729598, 0.3977153332009296660, 0.4064166828338137138, 0.4154040162538316094, 0.4247489170962575056, 0.4345155871249806179, 0.4447495655339210874, 0.4554634245512343416, 0.4666225055634414254, 0.4781364573014081909, 0.4871735315700953528, 0.5000000000000000000, 0.5128264684299046472, 0.5218635426985918091, 0.5333774944365585746, 0.5445365754487656584, 0.5552504344660789126, 0.5654844128750193821, 0.5752510829037424944, 0.5845959837461683906, 0.5935833171661862862, 0.6022846667990703340, 0.6107714582316270402, 0.6191106181496351946, 0.6273625125759517696, 0.6355803194119621358, 0.6438102107884979830, 0.6520919367175557202, 0.6604595651719307181, 0.6689422429662341685, 0.6775649091623086040, 0.6863489317812275781, 0.6953126599637194927, 0.7044718945754697703, 0.7138402851399782145, 0.7234296626261220720, 0.7439771485409665264, 0.7531208225704182357, 0.7636712153772871048, 0.7756283269947872316, 0.7889921574456442155, 0.8037627067460902941, 0.8199399749081233146, 0.8375239619408620939, 0.8565146678513982925, 0.8769120926453567444, 0.8987162363272738208, 0.9219270989008605532, 0.9465446803691922595, 0.9889668468143235636 ),
 ( 0.000000000000000000, 1.000000000000000000 ),
 .UNSPECIFIED. ) ;
#3689 = DIRECTION ( 'NONE',  ( -0.000000000000000000, -0.000000000000000000, 1.000000000000000000 ) ) ;
#3690 = CARTESIAN_POINT ( 'NONE',  ( 5.037714479379335586, -3.908841068998488932, 2.286000000000000476 ) ) ;
#3691 = VERTEX_POINT ( 'NONE', #1165 ) ;
#3692 = CARTESIAN_POINT ( 'NONE',  ( 2.301622352330623400, 4.510804669069876205, 2.286000000000000476 ) ) ;
#3693 = CARTESIAN_POINT ( 'NONE',  ( 4.926769214355549487, -2.166053677396901911, 2.286000000000000476 ) ) ;
#3694 = CARTESIAN_POINT ( 'NONE',  ( 0.5619673642293580018, -5.306777461419535769, -2.285999999999993371 ) ) ;
#3695 = CARTESIAN_POINT ( 'NONE',  ( -5.680356212974283281, -0.6970097785450484196, 2.286000000000000476 ) ) ;
#3696 = CARTESIAN_POINT ( 'NONE',  ( -2.166710717189364477, 4.876787775934690039, 2.286000000000000476 ) ) ;
#3697 = UNCERTAINTY_MEASURE_WITH_UNIT (LENGTH_MEASURE( 1.000000000000000082E-05 ), #309, 'distance_accuracy_value', 'NONE');
#3698 = CARTESIAN_POINT ( 'NONE',  ( 5.267837672253019576, 2.236549931580966266, -2.286000000000002697 ) ) ;
#3699 = DIRECTION ( 'NONE',  ( 1.000000000000000000, 0.000000000000000000, -0.000000000000000000 ) ) ;
#3700 = CARTESIAN_POINT ( 'NONE',  ( -2.191273222451030289, 4.722047456352863826, 2.286000000000000476 ) ) ;
#3701 = ORIENTED_EDGE ( 'NONE', *, *, #1282, .T. ) ;
#3702 = CARTESIAN_POINT ( 'NONE',  ( 2.370488230432057808, -6.427404040144040209, 2.286000000000000476 ) ) ;
#3703 = CARTESIAN_POINT ( 'NONE',  ( 4.292995347704373188, 3.094096482592032071, 2.286000000000000476 ) ) ;
#3704 = CARTESIAN_POINT ( 'NONE',  ( -4.809226556556595256, 5.400580374558696661, -2.286000000000000920 ) ) ;
#3705 = CARTESIAN_POINT ( 'NONE',  ( -0.4213890162108058224, 5.147865004549772472, 2.286000000000000476 ) ) ;
#3706 = ORIENTED_EDGE ( 'NONE', *, *, #151, .T. ) ;
#3707 = CARTESIAN_POINT ( 'NONE',  ( 3.303268363099252980, -4.426088753942310383, -2.285999999999994259 ) ) ;
#3708 = CARTESIAN_POINT ( 'NONE',  ( -0.4213890162108058224, 5.147865004549772472, 2.286000000000000476 ) ) ;
#3709 = CARTESIAN_POINT ( 'NONE',  ( 6.317209250654446606, -0.8662984254189461941, 2.286000000000000476 ) ) ;
#3710 = CARTESIAN_POINT ( 'NONE',  ( -5.530620799995804582, 2.372076222644150523, 2.286000000000000476 ) ) ;
#3711 = CARTESIAN_POINT ( 'NONE',  ( 2.572579828584872441, 4.317644004947606362, 2.286000000000000476 ) ) ;
#3712 = CARTESIAN_POINT ( 'NONE',  ( -2.404730280458375891, -5.824206007570943200, 2.286000000000000920 ) ) ;
#3713 = CARTESIAN_POINT ( 'NONE',  ( 5.264891270736412388, 0.5330684818325870378, 2.286000000000000476 ) ) ;
#3714 = CARTESIAN_POINT ( 'NONE',  ( -7.227524615835569932, -1.626741853133643723, 2.286000000000000476 ) ) ;
#3715 = CARTESIAN_POINT ( 'NONE',  ( 4.916195901929393486, -3.732199908664471266, 2.286000000000000476 ) ) ;
#3716 = ORIENTED_EDGE ( 'NONE', *, *, #3817, .F. ) ;
#3717 = CARTESIAN_POINT ( 'NONE',  ( 2.631800271163140970, 4.287272105162938551, -2.285999999999991594 ) ) ;
#3718 = CARTESIAN_POINT ( 'NONE',  ( 6.427404040144042874, -2.370488230432056920, 2.286000000000000476 ) ) ;
#3719 = CARTESIAN_POINT ( 'NONE',  ( 1.338510251577864185, -6.953486125426932674, 2.286000000000000476 ) ) ;
#3720 = AXIS2_PLACEMENT_3D ( 'NONE', #731, #1501, #2279 ) ;
#3721 = CARTESIAN_POINT ( 'NONE',  ( -4.612104495109642599, 3.476310862236190236, -2.286000000000000920 ) ) ;
#3722 = CARTESIAN_POINT ( 'NONE',  ( -4.722047456352865602, 2.191273222451025848, 2.286000000000000476 ) ) ;
#3723 = CARTESIAN_POINT ( 'NONE',  ( 6.306703394980817556, 2.387648127366837514, 2.286000000000000476 ) ) ;
#3724 = CARTESIAN_POINT ( 'NONE',  ( 5.122257907086414264, 2.191741345851260903, -2.286000000000000920 ) ) ;
#3725 = VECTOR ( 'NONE', #2992, 1000.000000000000000 ) ;
#3726 = CARTESIAN_POINT ( 'NONE',  ( -2.236549931580966266, 5.267837672253019576, -2.285999999999990706 ) ) ;
#3727 = EDGE_LOOP ( 'NONE', ( #4770, #1785, #3519, #3330 ) ) ;
#3728 = EDGE_CURVE ( 'NONE', #1797, #2514, #1065, .T. ) ;
#3729 = CARTESIAN_POINT ( 'NONE',  ( -4.422841945095524530, -2.396986420425921249, -2.286000000000000920 ) ) ;
#3730 = CARTESIAN_POINT ( 'NONE',  ( -5.082526083828510899, -3.984899404126270639, 2.286000000000000476 ) ) ;
#3731 = CARTESIAN_POINT ( 'NONE',  ( -2.452899478489770857, -4.386741487291721420, -2.286000000000000920 ) ) ;
#3732 = CARTESIAN_POINT ( 'NONE',  ( 0.6876082620354367902, 5.629638264086795907, 2.286000000000000476 ) ) ;
#3733 = VERTEX_POINT ( 'NONE', #729 ) ;
#3734 = CARTESIAN_POINT ( 'NONE',  ( 2.880640466208734818, -4.241329277686504362, -2.285999999999994259 ) ) ;
#3735 = CARTESIAN_POINT ( 'NONE',  ( -0.1981792459797999950, 5.038390598587967339, -2.285999999999994259 ) ) ;
#3736 = CARTESIAN_POINT ( 'NONE',  ( 6.851020669089141535, -1.244985501274098683, 2.286000000000000476 ) ) ;
#3737 = CARTESIAN_POINT ( 'NONE',  ( -5.170712537599049696, 2.204381686920553474, -2.285999999999988930 ) ) ;
#3738 = CARTESIAN_POINT ( 'NONE',  ( 3.984899404126263978, 5.082526083828515340, 2.286000000000000476 ) ) ;
#3739 = CARTESIAN_POINT ( 'NONE',  ( -2.755660258758655612, -4.248665761571362331, 2.286000000000000920 ) ) ;
#3740 = CARTESIAN_POINT ( 'NONE',  ( 5.185049666302785631, -0.4633254509012529332, -2.285999999999992482 ) ) ;
#3741 = CARTESIAN_POINT ( 'NONE',  ( -4.994660515912102916, 3.841545219201186967, 2.286000000000000476 ) ) ;
#3742 = CARTESIAN_POINT ( 'NONE',  ( 4.994660515912102028, -3.841545219201187411, 2.286000000000000476 ) ) ;
#3743 = ORIENTED_EDGE ( 'NONE', *, *, #1467, .F. ) ;
#3744 = CARTESIAN_POINT ( 'NONE',  ( 2.819336768032399299, 4.241326470143100380, 2.286000000000000476 ) ) ;
#3745 = CARTESIAN_POINT ( 'NONE',  ( 4.395000467436835478, -3.265033223548863273, 2.286000000000000476 ) ) ;
#3746 = CARTESIAN_POINT ( 'NONE',  ( 0.8295454916588382854, -6.246275499659565966, 2.286000000000000476 ) ) ;
#3747 = CARTESIAN_POINT ( 'NONE',  ( -2.166053677396904575, 4.926769214355549487, 2.286000000000000476 ) ) ;
#3748 = CARTESIAN_POINT ( 'NONE',  ( -0.9605012029655749517, -6.476356000746373631, -2.286000000000000920 ) ) ;
#3749 = CARTESIAN_POINT ( 'NONE',  ( 4.562280498011124230, 2.263428084871105472, -2.286000000000000920 ) ) ;
#3750 = CARTESIAN_POINT ( 'NONE',  ( -2.372076222644154964, 5.530620799995803694, 2.286000000000000476 ) ) ;
#3751 = ORIENTED_EDGE ( 'NONE', *, *, #4886, .F. ) ;
#3752 = CARTESIAN_POINT ( 'NONE',  ( -5.267837672253020465, -2.236549931580965378, -2.286000000000000920 ) ) ;
#3753 = CARTESIAN_POINT ( 'NONE',  ( -4.655371438823708630, -3.507955818454326913, 2.286000000000000476 ) ) ;
#3754 = CARTESIAN_POINT ( 'NONE',  ( -4.381051063935450074, 5.266605046998201090, -2.286000000000000920 ) ) ;
#3755 = DIRECTION ( 'NONE',  ( -0.000000000000000000, -0.000000000000000000, 1.000000000000000000 ) ) ;
#3756 = ADVANCED_FACE ( 'NONE', ( #1089 ), #567, .T. ) ;
#3757 = CARTESIAN_POINT ( 'NONE',  ( 2.168461455044142561, -4.976155103217881681, -2.285999999999994259 ) ) ;
#3758 = CARTESIAN_POINT ( 'NONE',  ( 0.7138485327532722025, -5.840323052443587848, 2.286000000000000476 ) ) ;
#3759 = VECTOR ( 'NONE', #2107, 1000.000000000000000 ) ;
#3760 = CARTESIAN_POINT ( 'NONE',  ( -6.306703394980817556, 2.387648127366832185, 2.286000000000000476 ) ) ;
#3761 = CARTESIAN_POINT ( 'NONE',  ( 1.615000000000000213, 1.615000000000000213, -2.286000000000000032 ) ) ;
#3762 = CARTESIAN_POINT ( 'NONE',  ( -4.267941290503535434, -5.221115631088432352, 2.286000000000000920 ) ) ;
#3763 = CARTESIAN_POINT ( 'NONE',  ( 5.147865004549771584, -0.4213890162108053783, -2.285999999999992482 ) ) ;
#3764 = CARTESIAN_POINT ( 'NONE',  ( 5.224220325235549467, -0.5003650740925666973, -2.286000000000000920 ) ) ;
#3765 = CARTESIAN_POINT ( 'NONE',  ( -0.7110321314750354116, 5.975696222817057368, -2.286000000000000920 ) ) ;
#3766 = CARTESIAN_POINT ( 'NONE',  ( 3.375777569767195008, 4.494406809309923645, -2.285999999999991594 ) ) ;
#3767 = CARTESIAN_POINT ( 'NONE',  ( 0.3209540278680265701, -5.082764852903506991, 2.286000000000000476 ) ) ;
#3768 = CARTESIAN_POINT ( 'NONE',  ( -5.690277883870090037, -2.391450586719571003, -2.285999999999997812 ) ) ;
#3769 = CARTESIAN_POINT ( 'NONE',  ( -2.406359558239488550, 6.088939422080936303, 2.286000000000000476 ) ) ;
#3770 = B_SPLINE_SURFACE_WITH_KNOTS ( 'NONE', 3, 1, ( 
 ( #1551, #889 ),
 ( #3955, #2036 ),
 ( #1650, #3197 ),
 ( #3122, #3171 ),
 ( #4723, #3096 ),
 ( #4752, #4267 ),
 ( #1932, #1960 ),
 ( #2383, #3851 ),
 ( #4317, #1240 ),
 ( #1268, #2360 ),
 ( #1219, #834 ),
 ( #2787, #2812 ),
 ( #399, #372 ),
 ( #784, #3904 ),
 ( #2332, #3500 ),
 ( #14, #1577 ),
 ( #3928, #4676 ),
 ( #1195, #2740 ),
 ( #424, #1986 ),
 ( #3526, #39 ),
 ( #449, #3223 ),
 ( #3322, #940 ),
 ( #2839, #4445 ),
 ( #2888, #2433 ),
 ( #2104, #4033 ),
 ( #2506, #4804 ),
 ( #217, #1345 ),
 ( #962, #4422 ),
 ( #1319, #4058 ),
 ( #577, #1396 ),
 ( #2532, #2128 ),
 ( #3651, #526 ),
 ( #2912, #4083 ),
 ( #4778, #1293 ),
 ( #165, #1753 ),
 ( #2058, #2482 ),
 ( #603, #3674 ),
 ( #191, #550 ),
 ( #3982, #501 ),
 ( #3298, #2864 ),
 ( #3598, #4855 ),
 ( #1729, #2154 ),
 ( #112, #1368 ),
 ( #2939, #1678 ),
 ( #3271, #4468 ),
 ( #987, #4830 ),
 ( #4396, #1702 ),
 ( #3700, #1779 ),
 ( #4880, #915 ),
 ( #4492, #2456 ),
 ( #4009, #2081 ),
 ( #3624, #137 ),
 ( #3247, #628 ),
 ( #4929, #4160 ),
 ( #1805, #4518 ),
 ( #1038, #294 ),
 ( #2202, #1063 ),
 ( #2178, #1854 ),
 ( #3372, #3726 ),
 ( #244, #3348 ),
 ( #2583, #2607 ),
 ( #2990, #4904 ),
 ( #1422, #1446 ),
 ( #3750, #2226 ),
 ( #677, #1013 ),
 ( #2966, #4136 ),
 ( #4111, #4542 ),
 ( #653, #270 ),
 ( #2559, #1831 ),
 ( #3774, #1614 ),
 ( #1281, #4739 ),
 ( #52, #1257 ),
 ( #4713, #3487 ),
 ( #2373, #3184 ),
 ( #514, #100 ),
 ( #2801, #3917 ),
 ( #76, #3584 ),
 ( #4356, #412 ),
 ( #3160, #1588 ) ),
 .UNSPECIFIED., .F., .F., .F.,
 ( 4, 1, 1, 1, 1, 1, 1, 1, 1, 1, 1, 1, 1, 1, 1, 1, 1, 1, 1, 1, 1, 1, 1, 1, 1, 1, 1, 1, 1, 1, 1, 1, 1, 1, 1, 1, 1, 1, 1, 1, 1, 1, 1, 1, 1, 1, 1, 1, 1, 1, 1, 1, 1, 1, 1, 1, 1, 1, 1, 1, 1, 1, 1, 1, 1, 1, 1, 1, 1, 1, 1, 1, 1, 1, 1, 1, 4 ),
 ( 2, 2 ),
 ( 0.01103315318568801051, 0.05345531963080774052, 0.07807290109913955778, 0.1012837636727262902, 0.1230879073546434777, 0.1434853321486018185, 0.1624760380591380171, 0.1800600250918766854, 0.1962372932539097059, 0.2110078425543557845, 0.2243716730052127684, 0.2363287846227128952, 0.2468791774295818753, 0.2560228514590334736, 0.2765703373738778170, 0.2861597148600216745, 0.2955281054245301187, 0.3046873400362803963, 0.3136510682187723109, 0.3224350908376912850, 0.3310577570337658315, 0.3395404348280691709, 0.3479080632824442798, 0.3561897892115019060, 0.3644196805880378642, 0.3726374874240482304, 0.3808893818503648054, 0.3892285417683729598, 0.3977153332009296660, 0.4064166828338137138, 0.4154040162538316094, 0.4247489170962575056, 0.4345155871249806179, 0.4447495655339210874, 0.4554634245512343416, 0.4666225055634414254, 0.4781364573014081909, 0.4871735315700953528, 0.5000000000000000000, 0.5128264684299046472, 0.5218635426985918091, 0.5333774944365585746, 0.5445365754487656584, 0.5552504344660789126, 0.5654844128750193821, 0.5752510829037424944, 0.5845959837461683906, 0.5935833171661862862, 0.6022846667990703340, 0.6107714582316270402, 0.6191106181496351946, 0.6273625125759517696, 0.6355803194119621358, 0.6438102107884979830, 0.6520919367175557202, 0.6604595651719307181, 0.6689422429662341685, 0.6775649091623086040, 0.6863489317812275781, 0.6953126599637194927, 0.7044718945754697703, 0.7138402851399782145, 0.7234296626261220720, 0.7439771485409665264, 0.7531208225704182357, 0.7636712153772871048, 0.7756283269947872316, 0.7889921574456442155, 0.8037627067460902941, 0.8199399749081233146, 0.8375239619408620939, 0.8565146678513982925, 0.8769120926453567444, 0.8987162363272738208, 0.9219270989008605532, 0.9465446803691922595, 0.9889668468143227864 ),
 ( 0.000000000000000000, 1.000000000000000000 ),
 .UNSPECIFIED. ) ;
#3771 = CARTESIAN_POINT ( 'NONE',  ( -5.025479307074646407, -0.06909748234411727807, 2.286000000000000476 ) ) ;
#3772 = CARTESIAN_POINT ( 'NONE',  ( 0.3740431840629604987, -5.113419133395583849, -2.286000000000000920 ) ) ;
#3773 = CARTESIAN_POINT ( 'NONE',  ( 2.391450586719569671, -5.690277883870090925, -2.286000000000000920 ) ) ;
#3774 = CARTESIAN_POINT ( 'NONE',  ( -2.409147001929397902, 5.992287157413075604, 2.286000000000000476 ) ) ;
#3775 = CARTESIAN_POINT ( 'NONE',  ( 2.370488230432052479, 6.427404040144043762, -2.286000000000000920 ) ) ;
#3776 = CARTESIAN_POINT ( 'NONE',  ( 4.916195901929390821, 3.732199908664473931, 2.286000000000000476 ) ) ;
#3777 = CARTESIAN_POINT ( 'NONE',  ( -4.366020258804534926, -3.225246005036192187, -2.285999999999997812 ) ) ;
#3778 = CARTESIAN_POINT ( 'NONE',  ( -2.372076222644150967, -5.530620799995805470, -2.286000000000000920 ) ) ;
#3779 = DIRECTION ( 'NONE',  ( -0.000000000000000000, -0.000000000000000000, 1.000000000000000000 ) ) ;
#3780 = CARTESIAN_POINT ( 'NONE',  ( 2.391450586719569671, -5.690277883870090925, 2.286000000000000476 ) ) ;
#3781 = CARTESIAN_POINT ( 'NONE',  ( 0.7474384492293183468, 6.048454584161420122, 2.286000000000000476 ) ) ;
#3782 = CARTESIAN_POINT ( 'NONE',  ( 6.123650495384040937, -0.7740819819406978830, 2.286000000000000476 ) ) ;
#3783 = CARTESIAN_POINT ( 'NONE',  ( -6.992705799587967341, 2.232517294687446974, -2.285999999999988930 ) ) ;
#3784 = CARTESIAN_POINT ( 'NONE',  ( 1.626741853133641946, 7.227524615835569044, -2.286000000000000476 ) ) ;
#3785 = CARTESIAN_POINT ( 'NONE',  ( -3.045439027948420030, -4.274124979574707162, -2.285999999999990262 ) ) ;
#3786 = CARTESIAN_POINT ( 'NONE',  ( 5.732355088791446285, 0.7045212705935075537, -2.285999999999992482 ) ) ;
#3787 = CARTESIAN_POINT ( 'NONE',  ( 5.185049666302785631, -0.4633254509012529332, -2.286000000000000920 ) ) ;
#3788 = DIRECTION ( 'NONE',  ( 0.000000000000000000, -0.000000000000000000, 1.000000000000000000 ) ) ;
#3789 = CARTESIAN_POINT ( 'NONE',  ( -5.400580374558709984, -4.809226556556638776, 2.286000000000000476 ) ) ;
#3790 = APPROVAL_ROLE ( '' ) ;
#3791 = CARTESIAN_POINT ( 'NONE',  ( -0.7045212705935072206, -5.732355088791447173, -2.285999999999993371 ) ) ;
#3792 = CARTESIAN_POINT ( 'NONE',  ( -5.365664573546731653, -2.277692020846684873, -2.285999999999997812 ) ) ;
#3793 = EDGE_CURVE ( 'NONE', #1721, #4592, #396, .T. ) ;
#3794 = CARTESIAN_POINT ( 'NONE',  ( -5.174846770538141350, 4.164293022777179054, -2.286000000000000920 ) ) ;
#3795 = CARTESIAN_POINT ( 'NONE',  ( -5.349734136913458116, 0.5875270965913538257, 2.286000000000000476 ) ) ;
#3796 = CARTESIAN_POINT ( 'NONE',  ( 0.000000000000000000, 0.000000000000000000, 0.000000000000000000 ) ) ;
#3797 = CARTESIAN_POINT ( 'NONE',  ( 2.166053677396902799, -4.926769214355549487, -2.286000000000000920 ) ) ;
#3798 = CARTESIAN_POINT ( 'NONE',  ( 2.938866095189172079, 4.247487361087596724, -2.286000000000000920 ) ) ;
#3799 = CARTESIAN_POINT ( 'NONE',  ( 4.570827893707972933, 3.443806281393321012, -2.286000000000002697 ) ) ;
#3800 = CARTESIAN_POINT ( 'NONE',  ( -4.819588668520768948, -3.603620000172907289, 2.286000000000000476 ) ) ;
#3801 = CARTESIAN_POINT ( 'NONE',  ( 7.227524615835569932, 1.626741853133642834, 2.286000000000000476 ) ) ;
#3802 = DIRECTION ( 'NONE',  ( 0.000000000000000000, 0.000000000000000000, 1.000000000000000000 ) ) ;
#3803 = CARTESIAN_POINT ( 'NONE',  ( 2.406359558239486329, -6.088939422080938080, -2.285999999999994259 ) ) ;
#3804 = CARTESIAN_POINT ( 'NONE',  ( 0.4633254509012533218, -5.185049666302784743, 2.286000000000000476 ) ) ;
#3805 = CIRCLE ( 'NONE', #726, 2.500000000000000000 ) ;
#3806 = CARTESIAN_POINT ( 'NONE',  ( -4.241329277686507027, 2.880640466208733041, 2.286000000000000476 ) ) ;
#3807 = CARTESIAN_POINT ( 'NONE',  ( 3.476310862236187571, 4.612104495109643487, 2.286000000000000476 ) ) ;
#3808 = CARTESIAN_POINT ( 'NONE',  ( -3.094096482592028963, -4.292995347704374964, 2.286000000000000920 ) ) ;
#3809 = CARTESIAN_POINT ( 'NONE',  ( 5.306777461419536657, -0.5619673642293576687, -2.285999999999992482 ) ) ;
#3810 = CARTESIAN_POINT ( 'NONE',  ( 6.048454584161421010, 0.7474384492293195681, -2.286000000000000920 ) ) ;
#3811 = CARTESIAN_POINT ( 'NONE',  ( -0.7474384492293206783, 6.048454584161421010, -2.286000000000000920 ) ) ;
#3812 = CARTESIAN_POINT ( 'NONE',  ( -5.310665190646407297, -4.503699405991246074, 2.286000000000000476 ) ) ;
#3813 = CARTESIAN_POINT ( 'NONE',  ( 4.864396098905572785, -3.671527976878545374, 2.286000000000000476 ) ) ;
#3814 = CARTESIAN_POINT ( 'NONE',  ( 0.06909748234411697276, -5.025479307074646407, -2.285999999999993371 ) ) ;
#3815 = CARTESIAN_POINT ( 'NONE',  ( -5.267837672253020465, -2.236549931580965378, -2.285999999999997812 ) ) ;
#3816 = CARTESIAN_POINT ( 'NONE',  ( -5.904012904798279671, 2.408368181655954121, -2.286000000000000920 ) ) ;
#3817 = EDGE_CURVE ( 'NONE', #1797, #508, #2152, .T. ) ;
#3818 = CARTESIAN_POINT ( 'NONE',  ( 5.122257907086415152, -2.191741345851257794, -2.285999999999994259 ) ) ;
#3819 = CARTESIAN_POINT ( 'NONE',  ( -5.057282611089283009, -0.2621389074985169820, 2.286000000000000476 ) ) ;
#3820 = B_SPLINE_CURVE_WITH_KNOTS ( 'NONE', 3,
 ( #2046, #3942, #1280, #75, #3583, #2372, #3916, #902, #1945, #3536, #1613, #3159, #4712, #125, #149, #2951, #614, #1716, #4432, #1381, #4071, #2520, #4045, #2445, #3994, #513, #950, #202, #927, #2544, #2469, #2926, #1791, #3234, #1356, #4790, #2851, #2494, #3258, #2164, #3711, #228, #3335, #4407, #4815, #538, #3636, #562, #177, #3284, #736, #2190, #4528, #1816, #4194, #3381, #1864, #4171, #4989, #3807, #327, #4939, #3050, #1432, #2665, #639, #712, #4601, #1456, #3738, #1888, #2284, #3026, #1121, #2976, #4578, #1048, #1481, #1024 ),
 .UNSPECIFIED., .F., .F.,
 ( 4, 1, 1, 1, 1, 1, 1, 1, 1, 1, 1, 1, 1, 1, 1, 1, 1, 1, 1, 1, 1, 1, 1, 1, 1, 1, 1, 1, 1, 1, 1, 1, 1, 1, 1, 1, 1, 1, 1, 1, 1, 1, 1, 1, 1, 1, 1, 1, 1, 1, 1, 1, 1, 1, 1, 1, 1, 1, 1, 1, 1, 1, 1, 1, 1, 1, 1, 1, 1, 1, 1, 1, 1, 1, 1, 1, 4 ),
 ( 0.01103315320115367051, 0.05345531963080774052, 0.07807290109913955778, 0.1012837636727262902, 0.1230879073546434777, 0.1434853321486018185, 0.1624760380591380171, 0.1800600250918766854, 0.1962372932539097059, 0.2110078425543557845, 0.2243716730052127684, 0.2363287846227128952, 0.2468791774295818753, 0.2560228514590334736, 0.2765703373738778170, 0.2861597148600216745, 0.2955281054245301187, 0.3046873400362803963, 0.3136510682187723109, 0.3224350908376912850, 0.3310577570337658315, 0.3395404348280691709, 0.3479080632824442798, 0.3561897892115019060, 0.3644196805880378642, 0.3726374874240482304, 0.3808893818503648054, 0.3892285417683729598, 0.3977153332009296660, 0.4064166828338137138, 0.4154040162538316094, 0.4247489170962575056, 0.4345155871249806179, 0.4447495655339210874, 0.4554634245512343416, 0.4666225055634414254, 0.4781364573014081909, 0.4871735315700953528, 0.5000000000000000000, 0.5128264684299046472, 0.5218635426985918091, 0.5333774944365585746, 0.5445365754487656584, 0.5552504344660788016, 0.5654844128750193821, 0.5752510829037424944, 0.5845959837461683906, 0.5935833171661861751, 0.6022846667990703340, 0.6107714582316270402, 0.6191106181496351946, 0.6273625125759517696, 0.6355803194119621358, 0.6438102107884979830, 0.6520919367175557202, 0.6604595651719307181, 0.6689422429662341685, 0.6775649091623086040, 0.6863489317812275781, 0.6953126599637194927, 0.7044718945754697703, 0.7138402851399782145, 0.7234296626261220720, 0.7439771485409665264, 0.7531208225704182357, 0.7636712153772871048, 0.7756283269947872316, 0.7889921574456442155, 0.8037627067460902941, 0.8199399749081233146, 0.8375239619408620939, 0.8565146678513982925, 0.8769120926453567444, 0.8987162363272738208, 0.9219270989008605532, 0.9465446803691922595, 0.9889668467988448342 ),
 .UNSPECIFIED. ) ;
#3821 = DIRECTION ( 'NONE',  ( 0.000000000000000000, 0.000000000000000000, -1.000000000000000000 ) ) ;
#3822 = CARTESIAN_POINT ( 'NONE',  ( 4.570827893707972933, 3.443806281393321012, -2.286000000000000920 ) ) ;
#3823 = EDGE_LOOP ( 'NONE', ( #1375, #2028, #4232, #3214 ) ) ;
#3824 = CARTESIAN_POINT ( 'NONE',  ( 2.170794788144378096, 4.826063829536964001, -2.286000000000000920 ) ) ;
#3825 = CARTESIAN_POINT ( 'NONE',  ( 4.612104495109638158, 3.476310862236193788, -2.286000000000002697 ) ) ;
#3826 = CARTESIAN_POINT ( 'NONE',  ( -4.612104495109639934, -3.476310862236192900, 2.286000000000000476 ) ) ;
#3827 = CARTESIAN_POINT ( 'NONE',  ( -2.181471118769026329, -5.073758694932548607, -2.286000000000000920 ) ) ;
#3828 = CARTESIAN_POINT ( 'NONE',  ( 2.166053677396902799, -4.926769214355549487, -2.285999999999994259 ) ) ;
#3829 = CARTESIAN_POINT ( 'NONE',  ( 1.085587763892386315, 6.655589417870370283, 2.286000000000000476 ) ) ;
#3830 = CARTESIAN_POINT ( 'NONE',  ( -5.629638264086795907, -0.6876082620354386776, -2.286000000000000920 ) ) ;
#3831 = CARTESIAN_POINT ( 'NONE',  ( -4.339242117764197104, 3.183680459516554428, 2.286000000000000476 ) ) ;
#3832 = LINE ( 'NONE', #281, #1828 ) ;
#3833 = CARTESIAN_POINT ( 'NONE',  ( -3.443806281393318347, -4.570827893707975598, 2.286000000000000920 ) ) ;
#3834 = CARTESIAN_POINT ( 'NONE',  ( 5.580159256687754699, -0.6763057282891284938, 2.286000000000000476 ) ) ;
#3835 = CARTESIAN_POINT ( 'NONE',  ( 5.028786691589065327, 0.1355698399325900305, -2.286000000000000920 ) ) ;
#3836 = CARTESIAN_POINT ( 'NONE',  ( -0.7170584013211546148, 5.896140974621092212, -2.286000000000000920 ) ) ;
#3837 = CARTESIAN_POINT ( 'NONE',  ( -4.531605619798374285, -3.410305354818155887, 2.286000000000000476 ) ) ;
#3838 = CARTESIAN_POINT ( 'NONE',  ( 0.4633254509012533218, -5.185049666302784743, 2.286000000000000476 ) ) ;
#3839 = CARTESIAN_POINT ( 'NONE',  ( -5.690277883870090037, -2.391450586719571003, 2.286000000000000476 ) ) ;
#3840 = AXIS2_PLACEMENT_3D ( 'NONE', #1073, #2236, #2618 ) ;
#3841 = LINE ( 'NONE', #2293, #1984 ) ;
#3842 = CARTESIAN_POINT ( 'NONE',  ( 6.193806931796398629, -2.399402252589299955, -2.285999999999994259 ) ) ;
#3843 = CARTESIAN_POINT ( 'NONE',  ( -5.147865004549772472, -0.4213890162108055448, 2.286000000000000476 ) ) ;
#3844 = CARTESIAN_POINT ( 'NONE',  ( -0.3209540278680262926, -5.082764852903506103, -2.286000000000000920 ) ) ;
#3845 = ADVANCED_FACE ( 'NONE', ( #1420, #2964 ), #4827, .T. ) ;
#3846 = CARTESIAN_POINT ( 'NONE',  ( 2.409147001929395238, -5.992287157413075604, -2.286000000000000920 ) ) ;
#3847 = CARTESIAN_POINT ( 'NONE',  ( 4.612104495109641711, -3.476310862236191124, -2.286000000000000920 ) ) ;
#3848 = CARTESIAN_POINT ( 'NONE',  ( 5.174846770538136909, 4.164293022777183495, -2.286000000000002697 ) ) ;
#3849 = CARTESIAN_POINT ( 'NONE',  ( -4.292995347704373188, -3.094096482592031627, 2.286000000000000476 ) ) ;
#3850 = LINE ( 'NONE', #3801, #3085 ) ;
#3851 = CARTESIAN_POINT ( 'NONE',  ( -4.164293022777183495, 5.174846770538136909, -2.285999999999990706 ) ) ;
#3852 = CARTESIAN_POINT ( 'NONE',  ( 0.7045212705935078867, -5.732355088791446285, 2.286000000000000476 ) ) ;
#3853 = CARTESIAN_POINT ( 'NONE',  ( -2.232517294705862465, -6.992705799529137956, 2.286000000000000476 ) ) ;
#3854 = CARTESIAN_POINT ( 'NONE',  ( -4.386741487291720532, 2.452899478489769969, 2.286000000000000476 ) ) ;
#3855 = CARTESIAN_POINT ( 'NONE',  ( 3.984899404126269751, -5.082526083828511787, 2.286000000000000476 ) ) ;
#3856 = CARTESIAN_POINT ( 'NONE',  ( -5.022562078221628035, -5.445848997241735212, 2.286000000000000920 ) ) ;
#3857 = CARTESIAN_POINT ( 'NONE',  ( 5.580159256687754699, -0.6763057282891284938, -2.285999999999992482 ) ) ;
#3858 = CARTESIAN_POINT ( 'NONE',  ( 6.181594833392608734, 0.7992465585685059049, -2.286000000000000920 ) ) ;
#3859 = CARTESIAN_POINT ( 'NONE',  ( 0.1355698399325886427, 5.028786691589064439, -2.286000000000000920 ) ) ;
#3860 = CARTESIAN_POINT ( 'NONE',  ( 4.164293022777175501, 5.174846770538143126, -2.285999999999991594 ) ) ;
#3861 = CARTESIAN_POINT ( 'NONE',  ( 5.266605046998202866, -4.381051063935445633, 2.286000000000000476 ) ) ;
#3862 = CARTESIAN_POINT ( 'NONE',  ( -1.085587763892387203, -6.655589417870370283, -2.285999999999993371 ) ) ;
#3863 = CARTESIAN_POINT ( 'NONE',  ( -6.691150755271282335, -2.317559181621139164, 2.286000000000000476 ) ) ;
#3864 = CARTESIAN_POINT ( 'NONE',  ( -5.122257907086416040, 2.191741345851256018, -2.286000000000000920 ) ) ;
#3865 = ORIENTED_EDGE ( 'NONE', *, *, #188, .F. ) ;
#3866 = CARTESIAN_POINT ( 'NONE',  ( 4.722047456352864714, -2.191273222451026736, 2.286000000000000476 ) ) ;
#3867 = CARTESIAN_POINT ( 'NONE',  ( -5.445848997241735212, 5.022562078221622706, 2.286000000000000476 ) ) ;
#3868 = CARTESIAN_POINT ( 'NONE',  ( -5.038390598587967339, -0.1981792459797996897, -2.285999999999992482 ) ) ;
#3869 = VERTEX_POINT ( 'NONE', #575 ) ;
#3870 = CARTESIAN_POINT ( 'NONE',  ( 1.626741853133589100, -7.227524615835522859, -2.286000000000000476 ) ) ;
#3871 = CARTESIAN_POINT ( 'NONE',  ( 2.387648127366834849, -6.306703394980817556, -2.286000000000000920 ) ) ;
#3872 = CARTESIAN_POINT ( 'NONE',  ( 4.615372461749465138, -2.232778667186849031, -2.286000000000000920 ) ) ;
#3873 = CARTESIAN_POINT ( 'NONE',  ( 4.994660515912102028, 3.841545219201190964, 2.286000000000000476 ) ) ;
#3874 = CARTESIAN_POINT ( 'NONE',  ( -4.248665761571357891, -2.755660258758657388, 2.286000000000000476 ) ) ;
#3875 = CARTESIAN_POINT ( 'NONE',  ( -6.851020669089140647, -1.244985501274099571, 2.286000000000000476 ) ) ;
#3876 = FACE_OUTER_BOUND ( 'NONE', #1403, .T. ) ;
#3877 = CARTESIAN_POINT ( 'NONE',  ( -0.1355698399325892534, -5.028786691589064439, 2.286000000000000476 ) ) ;
#3878 = EDGE_CURVE ( 'NONE', #2203, #4484, #2187, .T. ) ;
#3879 = CARTESIAN_POINT ( 'NONE',  ( -6.851020669089140647, -1.244985501274099571, -2.286000000000000920 ) ) ;
#3880 = CARTESIAN_POINT ( 'NONE',  ( -4.926769214355550375, 2.166053677396901023, 2.286000000000000476 ) ) ;
#3881 = CARTESIAN_POINT ( 'NONE',  ( 2.178781297287129437, -4.774490053667271638, 2.286000000000000476 ) ) ;
#3882 = CARTESIAN_POINT ( 'NONE',  ( 4.916195901929390821, 3.732199908664473931, 2.286000000000000476 ) ) ;
#3883 = CARTESIAN_POINT ( 'NONE',  ( 6.394046406055662324, -0.9097610735845642616, 2.286000000000000476 ) ) ;
#3884 = AXIS2_PLACEMENT_3D ( 'NONE', #3933, #1938, #4245 ) ;
#3885 = DIRECTION ( 'NONE',  ( 1.000000000000000000, 0.000000000000000000, 0.000000000000000000 ) ) ;
#3886 = CARTESIAN_POINT ( 'NONE',  ( -0.7170584013211546148, 5.896140974621092212, -2.285999999999994259 ) ) ;
#3887 = CARTESIAN_POINT ( 'NONE',  ( 4.381051063935442080, 5.266605046998205530, -2.285999999999991594 ) ) ;
#3888 = CARTESIAN_POINT ( 'NONE',  ( -4.819588668520768948, -3.603620000172907289, -2.286000000000000920 ) ) ;
#3889 = FACE_OUTER_BOUND ( 'NONE', #752, .T. ) ;
#3890 = CARTESIAN_POINT ( 'NONE',  ( -2.406359558239484553, -6.088939422080939856, -2.285999999999990262 ) ) ;
#3891 = VECTOR ( 'NONE', #4266, 1000.000000000000000 ) ;
#3892 = CARTESIAN_POINT ( 'NONE',  ( -5.365664573546733429, 2.277692020846681764, -2.286000000000000920 ) ) ;
#3893 = CARTESIAN_POINT ( 'NONE',  ( 4.668876377298400548, -2.208998909360595952, 2.286000000000000476 ) ) ;
#3894 = ORIENTED_EDGE ( 'NONE', *, *, #2512, .T. ) ;
#3895 = CARTESIAN_POINT ( 'NONE',  ( 5.219213881833812962, -2.219332909268641352, 2.286000000000000476 ) ) ;
#3896 = CARTESIAN_POINT ( 'NONE',  ( -4.069996442506890411, 5.128438219115360575, 2.286000000000000476 ) ) ;
#3897 = CARTESIAN_POINT ( 'NONE',  ( -6.953486125426932674, 1.338510251577862631, -2.285999999999992482 ) ) ;
#3898 = ORIENTED_EDGE ( 'NONE', *, *, #2151, .T. ) ;
#3899 = CARTESIAN_POINT ( 'NONE',  ( 6.476356000746373631, 0.9605012029655750627, -2.285999999999992482 ) ) ;
#3900 = CARTESIAN_POINT ( 'NONE',  ( 3.340134799346917482, -4.459232637575092362, -2.286000000000000920 ) ) ;
#3901 = CARTESIAN_POINT ( 'NONE',  ( 4.926769214355549487, -2.166053677396901911, -2.286000000000000920 ) ) ;
#3902 = CARTESIAN_POINT ( 'NONE',  ( 4.287272105162934999, 2.631800271163147631, 2.286000000000000476 ) ) ;
#3903 = CARTESIAN_POINT ( 'NONE',  ( -6.246275499659564190, 0.8295454916588372862, 2.286000000000000476 ) ) ;
#3904 = CARTESIAN_POINT ( 'NONE',  ( -3.732199908664473931, 4.916195901929390821, -2.285999999999990706 ) ) ;
#3905 = CARTESIAN_POINT ( 'NONE',  ( -0.7138485327532713143, -5.840323052443586960, 2.286000000000000476 ) ) ;
#3906 = CARTESIAN_POINT ( 'NONE',  ( -5.393707460080332083, 0.6101348444133460891, -2.286000000000000920 ) ) ;
#3907 = CARTESIAN_POINT ( 'NONE',  ( -4.422841945095526306, 2.396986420425918141, 2.286000000000000476 ) ) ;
#3908 = CARTESIAN_POINT ( 'NONE',  ( 2.938866095189176519, -4.247487361087594948, 2.286000000000000476 ) ) ;
#3909 = LINE ( 'NONE', #2365, #4706 ) ;
#3910 = CARTESIAN_POINT ( 'NONE',  ( 6.048454584161420122, -0.7474384492293194571, 2.286000000000000476 ) ) ;
#3911 = EDGE_CURVE ( 'NONE', #2514, #4428, #2580, .T. ) ;
#3912 = CARTESIAN_POINT ( 'NONE',  ( 4.069996442506888634, -5.128438219115362351, 2.286000000000000476 ) ) ;
#3913 = CARTESIAN_POINT ( 'NONE',  ( -0.9097610735845660379, 6.394046406055663212, 2.286000000000000476 ) ) ;
#3914 = CARTESIAN_POINT ( 'NONE',  ( -5.316625765703147266, -2.256044226555257382, 2.286000000000000476 ) ) ;
#3915 = CARTESIAN_POINT ( 'NONE',  ( -4.317644004947601921, -2.572579828584876882, -2.286000000000000920 ) ) ;
#3916 = CARTESIAN_POINT ( 'NONE',  ( 2.387648127366829520, 6.306703394980819333, 2.286000000000000476 ) ) ;
#3917 = CARTESIAN_POINT ( 'NONE',  ( -2.317559181621140052, 6.691150755271281447, -2.285999999999990706 ) ) ;
#3918 = CARTESIAN_POINT ( 'NONE',  ( 4.287272105162936775, -2.631800271163144078, 2.286000000000000476 ) ) ;
#3919 = CARTESIAN_POINT ( 'NONE',  ( 5.824206007570941424, -2.404730280458376779, 2.286000000000000476 ) ) ;
#3920 = CARTESIAN_POINT ( 'NONE',  ( -5.266605046998203754, 4.381051063935444745, 2.286000000000000476 ) ) ;
#3921 = DIRECTION ( 'NONE',  ( 1.000000000000000000, 0.000000000000000000, -0.000000000000000000 ) ) ;
#3922 = ORIENTED_EDGE ( 'NONE', *, *, #1934, .T. ) ;
#3923 = CARTESIAN_POINT ( 'NONE',  ( 3.183680459516556205, -4.339242117764196216, -2.286000000000000920 ) ) ;
#3924 = PRODUCT_DEFINITION_FORMATION_WITH_SPECIFIED_SOURCE ( 'ANY', '', #4833, .NOT_KNOWN. ) ;
#3925 = CARTESIAN_POINT ( 'NONE',  ( 4.494406809309921869, -3.375777569767198116, -2.286000000000000920 ) ) ;
#3926 = CARTESIAN_POINT ( 'NONE',  ( 5.073758694932546831, 2.181471118769029882, -2.286000000000002697 ) ) ;
#3927 = CARTESIAN_POINT ( 'NONE',  ( -5.580159256687754699, 0.6763057282891278277, 2.286000000000000476 ) ) ;
#3928 = CARTESIAN_POINT ( 'NONE',  ( -3.569061278851724861, 4.747678667655626406, 2.286000000000000476 ) ) ;
#3929 = CARTESIAN_POINT ( 'NONE',  ( -0.7474384492293191240, -6.048454584161420122, 2.286000000000000476 ) ) ;
#3930 = CARTESIAN_POINT ( 'NONE',  ( -5.025479307074648183, 0.06909748234411594581, -2.286000000000000920 ) ) ;
#3931 = CARTESIAN_POINT ( 'NONE',  ( -4.916195901929394374, 3.732199908664470378, 2.286000000000000476 ) ) ;
#3932 = CARTESIAN_POINT ( 'NONE',  ( 3.538372490040376128, -4.700943863347387897, 2.286000000000000476 ) ) ;
#3933 = CARTESIAN_POINT ( 'NONE',  ( 0.000000000000000000, 0.000000000000000000, 3.174999999999999822 ) ) ;
#3934 = CARTESIAN_POINT ( 'NONE',  ( -2.572579828584877326, 4.317644004947601921, -2.286000000000000920 ) ) ;
#3935 = B_SPLINE_CURVE_WITH_KNOTS ( 'NONE', 3,
 ( #717, #3483, #3789, #2265, #3812, #381, #695, #1893, #4632, #1943, #4994, #2342, #2671, #3434, #2289, #1969, #3055, #4606, #5047, #410, #3105, #3837, #1918, #3460, #3509, #24, #1585, #5019, #3131, #4735, #4352, #1687, #4328, #536, #4020, #1996, #846, #123, #73, #4788, #3156, #2068, #2393, #2749, #3965, #2019, #2798, #925, #2849, #2823, #4405, #4302, #821, #3232, #2091, #3992, #3634, #147, #434, #3914, #4379, #2370, #1663, #1636, #2443, #3535, #4813, #2467, #485, #3610, #3181, #48, #900, #1714, #1610, #511, #4709, #3557, #2416 ),
 .UNSPECIFIED., .F., .F.,
 ( 4, 1, 1, 1, 1, 1, 1, 1, 1, 1, 1, 1, 1, 1, 1, 1, 1, 1, 1, 1, 1, 1, 1, 1, 1, 1, 1, 1, 1, 1, 1, 1, 1, 1, 1, 1, 1, 1, 1, 1, 1, 1, 1, 1, 1, 1, 1, 1, 1, 1, 1, 1, 1, 1, 1, 1, 1, 1, 1, 1, 1, 1, 1, 1, 1, 1, 1, 1, 1, 1, 1, 1, 1, 1, 1, 1, 4 ),
 ( 0.01103315320115370347, 0.05345531963080774052, 0.07807290109913955778, 0.1012837636727262902, 0.1230879073546434777, 0.1434853321486018185, 0.1624760380591380171, 0.1800600250918766854, 0.1962372932539097059, 0.2110078425543557845, 0.2243716730052127684, 0.2363287846227128952, 0.2468791774295818753, 0.2560228514590334736, 0.2765703373738778170, 0.2861597148600216745, 0.2955281054245301187, 0.3046873400362803963, 0.3136510682187723109, 0.3224350908376912850, 0.3310577570337658315, 0.3395404348280691709, 0.3479080632824442798, 0.3561897892115019060, 0.3644196805880378642, 0.3726374874240482304, 0.3808893818503648054, 0.3892285417683729598, 0.3977153332009296660, 0.4064166828338137138, 0.4154040162538316094, 0.4247489170962575056, 0.4345155871249806179, 0.4447495655339210874, 0.4554634245512343416, 0.4666225055634414254, 0.4781364573014081909, 0.4871735315700953528, 0.5000000000000000000, 0.5128264684299046472, 0.5218635426985918091, 0.5333774944365585746, 0.5445365754487656584, 0.5552504344660789126, 0.5654844128750193821, 0.5752510829037424944, 0.5845959837461683906, 0.5935833171661862862, 0.6022846667990703340, 0.6107714582316270402, 0.6191106181496351946, 0.6273625125759517696, 0.6355803194119621358, 0.6438102107884979830, 0.6520919367175557202, 0.6604595651719307181, 0.6689422429662341685, 0.6775649091623086040, 0.6863489317812275781, 0.6953126599637194927, 0.7044718945754697703, 0.7138402851399782145, 0.7234296626261220720, 0.7439771485409665264, 0.7531208225704182357, 0.7636712153772871048, 0.7756283269947872316, 0.7889921574456442155, 0.8037627067460902941, 0.8199399749081233146, 0.8375239619408620939, 0.8565146678513982925, 0.8769120926453567444, 0.8987162363272738208, 0.9219270989008605532, 0.9465446803691922595, 0.9889668467988447231 ),
 .UNSPECIFIED. ) ;
#3936 = VERTEX_POINT ( 'NONE', #3622 ) ;
#3937 = DIRECTION ( 'NONE',  ( -0.000000000000000000, -0.000000000000000000, 1.000000000000000000 ) ) ;
#3938 = CARTESIAN_POINT ( 'NONE',  ( -0.9097610735845660379, 6.394046406055663212, -2.285999999999994259 ) ) ;
#3939 = CARTESIAN_POINT ( 'NONE',  ( 4.381051063935442080, 5.266605046998205530, -2.286000000000000920 ) ) ;
#3940 = CARTESIAN_POINT ( 'NONE',  ( -5.310665190646407297, -4.503699405991246074, -2.286000000000000920 ) ) ;
#3941 = DATE_TIME_ROLE ( 'creation_date' ) ;
#3942 = CARTESIAN_POINT ( 'NONE',  ( 2.232517294705857580, 6.992705799529138844, 2.286000000000000476 ) ) ;
#3943 = LINE ( 'NONE', #3560, #4217 ) ;
#3944 = CARTESIAN_POINT ( 'NONE',  ( 4.510804669069875317, -2.301622352330626953, -2.285999999999994259 ) ) ;
#3945 = VERTEX_POINT ( 'NONE', #1751 ) ;
#3946 = CARTESIAN_POINT ( 'NONE',  ( 2.219332909268637355, 5.219213881833814739, 2.286000000000000476 ) ) ;
#3947 = DIRECTION ( 'NONE',  ( 1.000000000000000000, 0.000000000000000000, 0.000000000000000000 ) ) ;
#3948 = CARTESIAN_POINT ( 'NONE',  ( -7.227524615896165017, 1.626741853203425681, 2.286000000000000476 ) ) ;
#3949 = EDGE_CURVE ( 'NONE', #2880, #1669, #1296, .T. ) ;
#3950 = CARTESIAN_POINT ( 'NONE',  ( 0.000000000000000000, 0.000000000000000000, -2.286000000000000476 ) ) ;
#3951 = CARTESIAN_POINT ( 'NONE',  ( 2.232778667186851251, -4.615372461749465138, -2.286000000000000920 ) ) ;
#3952 = CARTESIAN_POINT ( 'NONE',  ( 4.274124979574705385, -3.045439027948420030, -2.286000000000000920 ) ) ;
#3953 = CARTESIAN_POINT ( 'NONE',  ( 4.339242117764193551, 3.183680459516557981, 2.286000000000000476 ) ) ;
#3954 = CARTESIAN_POINT ( 'NONE',  ( -5.147865004549771584, 0.4213890162108047122, 2.286000000000000476 ) ) ;
#3955 = CARTESIAN_POINT ( 'NONE',  ( -4.939602216290231773, 5.429769591381422345, 2.286000000000000920 ) ) ;
#3956 = CARTESIAN_POINT ( 'NONE',  ( -0.5003650740925663642, -5.224220325235549467, 2.286000000000000476 ) ) ;
#3957 = CARTESIAN_POINT ( 'NONE',  ( -2.236549931580964046, -5.267837672253024017, 2.286000000000000476 ) ) ;
#3958 = CARTESIAN_POINT ( 'NONE',  ( -5.174846770538141350, 4.164293022777179054, -2.285999999999988930 ) ) ;
#3959 = CARTESIAN_POINT ( 'NONE',  ( 2.173665442670349890, -5.025101949511928900, 2.286000000000000476 ) ) ;
#3960 = DIRECTION ( 'NONE',  ( 0.000000000000000000, 0.000000000000000000, 1.000000000000000000 ) ) ;
#3961 = CARTESIAN_POINT ( 'NONE',  ( -2.178781297287131213, 4.774490053667269862, -2.286000000000000920 ) ) ;
#3962 = ORIENTED_EDGE ( 'NONE', *, *, #2151, .F. ) ;
#3963 = CARTESIAN_POINT ( 'NONE',  ( 5.022562078221563198, -5.445848997241720113, 2.286000000000000476 ) ) ;
#3964 = CARTESIAN_POINT ( 'NONE',  ( -1.085587763892388091, 6.655589417870369395, -2.285999999999994259 ) ) ;
#3965 = CARTESIAN_POINT ( 'NONE',  ( -4.562280498011125118, -2.263428084871105028, 2.286000000000000476 ) ) ;
#3966 = CARTESIAN_POINT ( 'NONE',  ( -4.395000467436835478, -3.265033223548865937, -2.286000000000000920 ) ) ;
#3967 = PERSON_AND_ORGANIZATION ( #1695, #3439 ) ;
#3968 = CARTESIAN_POINT ( 'NONE',  ( -0.9605012029655749517, -6.476356000746373631, -2.285999999999993371 ) ) ;
#3969 = CARTESIAN_POINT ( 'NONE',  ( -2.204962537674558742, -7.072590850445101829, 2.286000000000000920 ) ) ;
#3970 = CARTESIAN_POINT ( 'NONE',  ( 4.462463875555764403, -2.347567037772632315, -2.285999999999994259 ) ) ;
#3971 = ORIENTED_EDGE ( 'NONE', *, *, #999, .T. ) ;
#3972 = CARTESIAN_POINT ( 'NONE',  ( 2.399402252589295070, 6.193806931796400406, -2.285999999999991594 ) ) ;
#3973 = CARTESIAN_POINT ( 'NONE',  ( -3.375777569767200337, 4.494406809309918316, 2.286000000000000476 ) ) ;
#3974 = DIRECTION ( 'NONE',  ( 1.000000000000000000, 0.000000000000000000, 0.000000000000000000 ) ) ;
#3975 = CIRCLE ( 'NONE', #1059, 7.408333222071330049 ) ;
#3976 = ORIENTED_EDGE ( 'NONE', *, *, #1811, .T. ) ;
#3977 = CARTESIAN_POINT ( 'NONE',  ( -6.953486125426932674, -1.338510251577864629, 2.286000000000000476 ) ) ;
#3978 = EDGE_CURVE ( 'NONE', #2795, #3542, #267, .T. ) ;
#3979 = CARTESIAN_POINT ( 'NONE',  ( 5.464737068976782020, -2.327079695769369572, -2.286000000000000920 ) ) ;
#3980 = CARTESIAN_POINT ( 'NONE',  ( 4.314820411705331260, 3.140066744230176177, 2.286000000000000476 ) ) ;
#3981 = CARTESIAN_POINT ( 'NONE',  ( -5.038390598587967339, -0.1981792459797996897, 2.286000000000000476 ) ) ;
#3982 = CARTESIAN_POINT ( 'NONE',  ( -2.572579828584877326, 4.317644004947601921, 2.286000000000000476 ) ) ;
#3983 = CARTESIAN_POINT ( 'NONE',  ( -4.317644004947605474, 2.572579828584874662, 2.286000000000000476 ) ) ;
#3984 = CARTESIAN_POINT ( 'NONE',  ( -3.671527976878544930, -4.864396098905573673, 2.286000000000000476 ) ) ;
#3985 = DIRECTION ( 'NONE',  ( 1.000000000000000000, 0.000000000000000000, 0.000000000000000000 ) ) ;
#3986 = CARTESIAN_POINT ( 'NONE',  ( 4.826063829536959560, 2.170794788144384313, 2.286000000000000476 ) ) ;
#3987 = CARTESIAN_POINT ( 'NONE',  ( -2.170794788144384313, 4.826063829536959560, -2.286000000000000920 ) ) ;
#3988 = CARTESIAN_POINT ( 'NONE',  ( -4.926769214355550375, 2.166053677396901023, -2.286000000000000920 ) ) ;
#3989 = ORIENTED_EDGE ( 'NONE', *, *, #1849, .T. ) ;
#3990 = CARTESIAN_POINT ( 'NONE',  ( 4.164293022777181719, -5.174846770538138685, 2.286000000000000476 ) ) ;
#3991 = CARTESIAN_POINT ( 'NONE',  ( -0.5330684818325879260, 5.264891270736412388, 2.286000000000000476 ) ) ;
#3992 = CARTESIAN_POINT ( 'NONE',  ( -5.122257907086414264, -2.191741345851260014, 2.286000000000000476 ) ) ;
#3993 = CARTESIAN_POINT ( 'NONE',  ( 5.028786691589065327, 0.1355698399325900305, 2.286000000000000476 ) ) ;
#3994 = CARTESIAN_POINT ( 'NONE',  ( 2.181471118769022777, 5.073758694932549496, 2.286000000000000476 ) ) ;
#3995 = CARTESIAN_POINT ( 'NONE',  ( -2.272426521261468935, -6.865202557841989517, 2.286000000000000920 ) ) ;
#3996 = CARTESIAN_POINT ( 'NONE',  ( 1.464622183253418530, -7.081653077825807330, -2.286000000000000920 ) ) ;
#3997 = CARTESIAN_POINT ( 'NONE',  ( 4.462463875555764403, -2.347567037772632315, 2.286000000000000476 ) ) ;
#3998 = ORIENTED_EDGE ( 'NONE', *, *, #3268, .F. ) ;
#3999 = CARTESIAN_POINT ( 'NONE',  ( 2.404730280458372782, 5.824206007570942312, 2.286000000000000476 ) ) ;
#4000 = LINE ( 'NONE', #520, #1302 ) ;
#4001 = ORIENTED_EDGE ( 'NONE', *, *, #3911, .F. ) ;
#4002 = CARTESIAN_POINT ( 'NONE',  ( 3.265033223548865049, -4.395000467436836367, -2.286000000000000920 ) ) ;
#4003 = CIRCLE ( 'NONE', #1086, 2.500000000000000000 ) ;
#4004 = CARTESIAN_POINT ( 'NONE',  ( 5.414792396100660099, -2.301950562403212164, -2.286000000000000920 ) ) ;
#4005 = CC_DESIGN_PERSON_AND_ORGANIZATION_ASSIGNMENT ( #874, #3182, ( #3015 ) ) ;
#4006 = CARTESIAN_POINT ( 'NONE',  ( 4.386741487291719643, 2.452899478489774410, -2.286000000000002697 ) ) ;
#4007 = AXIS2_PLACEMENT_3D ( 'NONE', #3210, #4766, #3107 ) ;
#4008 = CARTESIAN_POINT ( 'NONE',  ( -5.484739481868279753, -0.6476699409902368920, 2.286000000000000476 ) ) ;
#4009 = CARTESIAN_POINT ( 'NONE',  ( -2.166710717189364477, 4.876787775934690039, 2.286000000000000476 ) ) ;
#4010 = CARTESIAN_POINT ( 'NONE',  ( -4.876787775934690927, 2.166710717189360480, 2.286000000000000476 ) ) ;
#4011 = CARTESIAN_POINT ( 'NONE',  ( -3.443806281393318347, -4.570827893707975598, 2.286000000000000476 ) ) ;
#4012 = ADVANCED_FACE ( 'NONE', ( #4565 ), #1136, .T. ) ;
#4013 = CARTESIAN_POINT ( 'NONE',  ( 5.445848997224144838, 5.022562078130897056, 2.286000000000000476 ) ) ;
#4014 = CARTESIAN_POINT ( 'NONE',  ( 6.691150755271281447, 2.317559181621140052, 2.286000000000000476 ) ) ;
#4015 = CARTESIAN_POINT ( 'NONE',  ( -3.538372490040377905, 4.700943863347386120, -2.286000000000000920 ) ) ;
#4016 = CARTESIAN_POINT ( 'NONE',  ( -0.5330684818325879260, 5.264891270736412388, 2.286000000000000476 ) ) ;
#4017 = ORIENTED_EDGE ( 'NONE', *, *, #1471, .F. ) ;
#4018 = CARTESIAN_POINT ( 'NONE',  ( 3.225246005036190855, -4.366020258804534926, 2.286000000000000476 ) ) ;
#4019 = CARTESIAN_POINT ( 'NONE',  ( -0.2621389074985172596, 5.057282611089283009, -2.285999999999994259 ) ) ;
#4020 = CARTESIAN_POINT ( 'NONE',  ( -4.241326470143099492, -2.819336768032404628, 2.286000000000000476 ) ) ;
#4021 = CARTESIAN_POINT ( 'NONE',  ( 5.113419133395583849, 0.3740431840629602211, 2.286000000000000476 ) ) ;
#4022 = CARTESIAN_POINT ( 'NONE',  ( -2.376926607282872972, -5.611834548134894796, 2.286000000000000920 ) ) ;
#4023 = CARTESIAN_POINT ( 'NONE',  ( 6.394046406055663212, 0.9097610735845648167, 2.286000000000000476 ) ) ;
#4024 = DIRECTION ( 'NONE',  ( 1.000000000000000000, 0.000000000000000000, 0.000000000000000000 ) ) ;
#4025 = CARTESIAN_POINT ( 'NONE',  ( 0.7110321314750334132, 5.975696222817058256, -2.286000000000000920 ) ) ;
#4026 = ORIENTED_EDGE ( 'NONE', *, *, #4106, .T. ) ;
#4027 = CARTESIAN_POINT ( 'NONE',  ( 2.347321263097891908, 6.555650691920510198, 2.286000000000000476 ) ) ;
#4028 = CARTESIAN_POINT ( 'NONE',  ( 4.287272105162936775, -2.631800271163144078, 2.286000000000000476 ) ) ;
#4029 = CARTESIAN_POINT ( 'NONE',  ( 0.7138485327532722025, -5.840323052443587848, -2.285999999999993371 ) ) ;
#4030 = CARTESIAN_POINT ( 'NONE',  ( -5.629638264086795907, -0.6876082620354386776, -2.285999999999992482 ) ) ;
#4031 = CARTESIAN_POINT ( 'NONE',  ( 5.365664573546730765, 2.277692020846685761, -2.286000000000002697 ) ) ;
#4032 = FACE_BOUND ( 'NONE', #4616, .T. ) ;
#4033 = CARTESIAN_POINT ( 'NONE',  ( -3.303268363099254756, 4.426088753942309495, -2.285999999999990706 ) ) ;
#4034 = CARTESIAN_POINT ( 'NONE',  ( -2.256044226555254273, -5.316625765703149931, 2.286000000000000476 ) ) ;
#4035 = FACE_OUTER_BOUND ( 'NONE', #3190, .T. ) ;
#4036 = CARTESIAN_POINT ( 'NONE',  ( 6.555650691920506645, 2.347321263097901234, 2.286000000000000476 ) ) ;
#4037 = CARTESIAN_POINT ( 'NONE',  ( -2.514012115883949683, 4.354396715554731401, -2.286000000000000920 ) ) ;
#4038 = CARTESIAN_POINT ( 'NONE',  ( -0.7138485327532728686, 5.840323052443587848, 2.286000000000000476 ) ) ;
#4039 = EDGE_CURVE ( 'NONE', #2275, #234, #2352, .T. ) ;
#4040 = EDGE_LOOP ( 'NONE', ( #2097, #2053, #4050, #364 ) ) ;
#4041 = CARTESIAN_POINT ( 'NONE',  ( 3.671527976878547150, -4.864396098905572785, 2.286000000000000476 ) ) ;
#4042 = CARTESIAN_POINT ( 'NONE',  ( -0.3740431840629611093, 5.113419133395583849, -2.285999999999994259 ) ) ;
#4043 = CARTESIAN_POINT ( 'NONE',  ( 2.173665442670346337, 5.025101949511932453, -2.286000000000000920 ) ) ;
#4044 = CARTESIAN_POINT ( 'NONE',  ( 5.147865004549772472, 0.4213890162108048787, 2.286000000000000476 ) ) ;
#4045 = CARTESIAN_POINT ( 'NONE',  ( 2.204381686920550809, 5.170712537599050584, 2.286000000000000476 ) ) ;
#4046 = CARTESIAN_POINT ( 'NONE',  ( -2.301950562403212164, -5.414792396100660987, -2.285999999999990262 ) ) ;
#4047 = CARTESIAN_POINT ( 'NONE',  ( 7.227524615835570820, 1.626741853133643945, 2.286000000000000476 ) ) ;
#4048 = CARTESIAN_POINT ( 'NONE',  ( 6.953486125426932674, -1.338510251577863519, -2.286000000000000920 ) ) ;
#4049 = CARTESIAN_POINT ( 'NONE',  ( 0.6763057282891276056, 5.580159256687754699, -2.286000000000000920 ) ) ;
#4050 = ORIENTED_EDGE ( 'NONE', *, *, #3978, .F. ) ;
#4051 = CARTESIAN_POINT ( 'NONE',  ( 2.178781297287124552, 4.774490053667272527, 2.286000000000000476 ) ) ;
#4052 = CARTESIAN_POINT ( 'NONE',  ( 5.992287157413077381, -2.409147001929393905, 2.286000000000000476 ) ) ;
#4053 = CARTESIAN_POINT ( 'NONE',  ( 1.160798993145839120, -6.751539294367504773, -2.285999999999993371 ) ) ;
#4054 = CARTESIAN_POINT ( 'NONE',  ( -5.580159256687752922, -0.6763057282891290489, -2.285999999999992482 ) ) ;
#4055 = CIRCLE ( 'NONE', #2031, 2.500000000000000000 ) ;
#4056 = CARTESIAN_POINT ( 'NONE',  ( 5.904012904798279671, 2.408368181655959894, -2.286000000000002697 ) ) ;
#4057 = CARTESIAN_POINT ( 'NONE',  ( 4.386741487291719643, 2.452899478489774410, -2.286000000000000920 ) ) ;
#4058 = CARTESIAN_POINT ( 'NONE',  ( -3.140066744230176177, 4.314820411705331260, -2.285999999999990706 ) ) ;
#4059 = CARTESIAN_POINT ( 'NONE',  ( -2.404730280458375891, -5.824206007570943200, 2.286000000000000476 ) ) ;
#4060 = CARTESIAN_POINT ( 'NONE',  ( 2.204962537704676873, -7.072590850357787673, 2.286000000000000476 ) ) ;
#4061 = CARTESIAN_POINT ( 'NONE',  ( 4.876787775934690039, 2.166710717189364477, 2.286000000000000476 ) ) ;
#4062 = CARTESIAN_POINT ( 'NONE',  ( -2.690823560815335025, -4.264284629575964658, -2.286000000000000920 ) ) ;
#4063 = CARTESIAN_POINT ( 'NONE',  ( 0.6763057282891276056, 5.580159256687754699, 2.286000000000000476 ) ) ;
#4064 = ORIENTED_EDGE ( 'NONE', *, *, #1498, .F. ) ;
#4065 = CARTESIAN_POINT ( 'NONE',  ( 3.538372490040376128, -4.700943863347387897, -2.285999999999994259 ) ) ;
#4066 = CARTESIAN_POINT ( 'NONE',  ( 0.7110321314750334132, 5.975696222817058256, -2.285999999999994259 ) ) ;
#4067 = B_SPLINE_CURVE_WITH_KNOTS ( 'NONE', 3,
 ( #4242, #3853, #4678, #1197, #374, #114, #1346, #2507, #2409, #1653, #4754, #4059, #2083, #166, #917, #551, #2458, #3299, #578, #4034, #3957, #4856, #3652, #4398, #2060, #2889, #1370, #3225, #4446, #1680, #1704, #2129, #963, #3626, #941, #865, #2913, #1730, #4805, #2038, #4780, #3675, #475, #2105, #192, #1295, #3573, #3272, #1754, #2865, #89, #1270, #4423, #4370, #1320, #3199, #2814, #529, #4011, #4831, #891, #2435, #2484, #2841, #3984, #503, #3601, #139, #3248, #231, #591, #4435, #2548, #1027, #3287, #3640, #2143, #205, #1767 ),
 .UNSPECIFIED., .F., .F.,
 ( 4, 1, 1, 1, 1, 1, 1, 1, 1, 1, 1, 1, 1, 1, 1, 1, 1, 1, 1, 1, 1, 1, 1, 1, 1, 1, 1, 1, 1, 1, 1, 1, 1, 1, 1, 1, 1, 1, 1, 1, 1, 1, 1, 1, 1, 1, 1, 1, 1, 1, 1, 1, 1, 1, 1, 1, 1, 1, 1, 1, 1, 1, 1, 1, 1, 1, 1, 1, 1, 1, 1, 1, 1, 1, 1, 1, 4 ),
 ( 0.01103315320115405215, 0.05345531963080774052, 0.07807290109913955778, 0.1012837636727262902, 0.1230879073546434777, 0.1434853321486018185, 0.1624760380591380171, 0.1800600250918766854, 0.1962372932539097059, 0.2110078425543557845, 0.2243716730052127684, 0.2363287846227128952, 0.2468791774295818753, 0.2560228514590334736, 0.2765703373738778170, 0.2861597148600216745, 0.2955281054245301187, 0.3046873400362803963, 0.3136510682187723109, 0.3224350908376912850, 0.3310577570337658315, 0.3395404348280691709, 0.3479080632824442798, 0.3561897892115019060, 0.3644196805880378642, 0.3726374874240482304, 0.3808893818503648054, 0.3892285417683729598, 0.3977153332009296660, 0.4064166828338137138, 0.4154040162538316094, 0.4247489170962575056, 0.4345155871249806179, 0.4447495655339210874, 0.4554634245512343416, 0.4666225055634414254, 0.4781364573014081909, 0.4871735315700953528, 0.5000000000000000000, 0.5128264684299046472, 0.5218635426985918091, 0.5333774944365585746, 0.5445365754487656584, 0.5552504344660789126, 0.5654844128750193821, 0.5752510829037424944, 0.5845959837461683906, 0.5935833171661862862, 0.6022846667990702230, 0.6107714582316270402, 0.6191106181496351946, 0.6273625125759517696, 0.6355803194119621358, 0.6438102107884979830, 0.6520919367175557202, 0.6604595651719307181, 0.6689422429662341685, 0.6775649091623086040, 0.6863489317812275781, 0.6953126599637194927, 0.7044718945754697703, 0.7138402851399782145, 0.7234296626261220720, 0.7439771485409665264, 0.7531208225704182357, 0.7636712153772871048, 0.7756283269947872316, 0.7889921574456442155, 0.8037627067460902941, 0.8199399749081233146, 0.8375239619408620939, 0.8565146678513982925, 0.8769120926453567444, 0.8987162363272738208, 0.9219270989008605532, 0.9465446803691922595, 0.9889668467988451672 ),
 .UNSPECIFIED. ) ;
#4068 = CARTESIAN_POINT ( 'NONE',  ( 2.409147001929389464, 5.992287157413079157, -2.286000000000000920 ) ) ;
#4069 = CARTESIAN_POINT ( 'NONE',  ( 5.113419133395584737, -0.3740431840629596105, 2.286000000000000476 ) ) ;
#4070 = CARTESIAN_POINT ( 'NONE',  ( -5.365664573546733429, 2.277692020846681764, 2.286000000000000476 ) ) ;
#4071 = CARTESIAN_POINT ( 'NONE',  ( 2.236549931580960493, 5.267837672253024017, 2.286000000000000476 ) ) ;
#4072 = CARTESIAN_POINT ( 'NONE',  ( -2.572579828584875550, -4.317644004947606362, 2.286000000000000920 ) ) ;
#4073 = CARTESIAN_POINT ( 'NONE',  ( 5.531876145198175720, 0.6630252695113227901, 2.286000000000000476 ) ) ;
#4074 = CARTESIAN_POINT ( 'NONE',  ( -1.614999999999999769, 1.615000000000000213, 2.286000000000000032 ) ) ;
#4075 = CARTESIAN_POINT ( 'NONE',  ( 0.5875270965913534926, 5.349734136913458116, -2.286000000000000920 ) ) ;
#4076 = VERTEX_POINT ( 'NONE', #2630 ) ;
#4077 = CARTESIAN_POINT ( 'NONE',  ( 3.183680459516551764, 4.339242117764197992, -2.285999999999991594 ) ) ;
#4078 = CARTESIAN_POINT ( 'NONE',  ( 1.615000000000000213, -1.614999999999999769, 2.286000000000000032 ) ) ;
#4079 = CARTESIAN_POINT ( 'NONE',  ( 1.562936208206542332, -7.172119510977680079, 2.286000000000000476 ) ) ;
#4080 = CARTESIAN_POINT ( 'NONE',  ( -6.181594833392608734, -0.7992465585685066820, 2.286000000000000476 ) ) ;
#4081 = CARTESIAN_POINT ( 'NONE',  ( 5.992287157413075604, 2.409147001929397902, -2.286000000000002697 ) ) ;
#4082 = CARTESIAN_POINT ( 'NONE',  ( 5.992287157413075604, 2.409147001929397902, -2.286000000000000920 ) ) ;
#4083 = CARTESIAN_POINT ( 'NONE',  ( -2.938866095189178296, 4.247487361087594060, -2.285999999999990706 ) ) ;
#4084 = ORIENTED_EDGE ( 'NONE', *, *, #2210, .F. ) ;
#4085 = VECTOR ( 'NONE', #1892, 1000.000000000000000 ) ;
#4086 = DIRECTION ( 'NONE',  ( 0.000000000000000000, 0.000000000000000000, -1.000000000000000000 ) ) ;
#4087 = CARTESIAN_POINT ( 'NONE',  ( -3.960097721574094010, 0.000000000000000000, 3.174999999999999822 ) ) ;
#4088 = CARTESIAN_POINT ( 'NONE',  ( -2.178781297287128105, -4.774490053667272527, -2.286000000000000920 ) ) ;
#4089 = CARTESIAN_POINT ( 'NONE',  ( -0.6630252695113237893, 5.531876145198175720, 2.286000000000000476 ) ) ;
#4090 = SECURITY_CLASSIFICATION ( '', '', #848 ) ;
#4091 = ORIENTED_EDGE ( 'NONE', *, *, #2763, .T. ) ;
#4092 = CARTESIAN_POINT ( 'NONE',  ( 3.375777569767198116, -4.494406809309920092, 2.286000000000000476 ) ) ;
#4093 = CARTESIAN_POINT ( 'NONE',  ( 0.6101348444133457560, 5.393707460080332083, -2.285999999999994259 ) ) ;
#4094 = CARTESIAN_POINT ( 'NONE',  ( 5.840323052443587848, 0.7138485327532718694, 2.286000000000000476 ) ) ;
#4095 = DIRECTION ( 'NONE',  ( -0.000000000000000000, -0.000000000000000000, 1.000000000000000000 ) ) ;
#4096 = CARTESIAN_POINT ( 'NONE',  ( -2.263428084871103696, -4.562280498011126895, -2.285999999999990262 ) ) ;
#4097 = CARTESIAN_POINT ( 'NONE',  ( 5.393707460080332083, 0.6101348444133467552, 2.286000000000000476 ) ) ;
#4098 = CARTESIAN_POINT ( 'NONE',  ( -2.500000000000000000, 0.000000000000000000, 3.174999999999999822 ) ) ;
#4099 = CARTESIAN_POINT ( 'NONE',  ( -5.400580374558713537, 4.809226556556634335, 2.286000000000000476 ) ) ;
#4100 = CARTESIAN_POINT ( 'NONE',  ( 0.9097610735845630403, 6.394046406055662324, -2.286000000000000920 ) ) ;
#4101 = ORIENTED_EDGE ( 'NONE', *, *, #3047, .T. ) ;
#4102 = CARTESIAN_POINT ( 'NONE',  ( 3.410305354818150114, 4.531605619798376949, -2.285999999999991594 ) ) ;
#4103 = CARTESIAN_POINT ( 'NONE',  ( 4.366020258804535814, -3.225246005036190411, 2.286000000000000476 ) ) ;
#4104 = CARTESIAN_POINT ( 'NONE',  ( 1.160798993145839120, -6.751539294367504773, 2.286000000000000476 ) ) ;
#4105 = CARTESIAN_POINT ( 'NONE',  ( -5.128438219115364127, 4.069996442506885970, -2.286000000000000920 ) ) ;
#4106 = EDGE_CURVE ( 'NONE', #2297, #3186, #4852, .T. ) ;
#4107 = CARTESIAN_POINT ( 'NONE',  ( -5.464737068976782908, 2.327079695769368684, 2.286000000000000476 ) ) ;
#4108 = DESIGN_CONTEXT ( 'detailed design', #5024, 'design' ) ;
#4109 = CARTESIAN_POINT ( 'NONE',  ( 6.865202557842009057, 2.272426521261467602, 2.286000000000000476 ) ) ;
#4110 = DIRECTION ( 'NONE',  ( 0.000000000000000000, -0.000000000000000000, -1.000000000000000000 ) ) ;
#4111 = CARTESIAN_POINT ( 'NONE',  ( -2.398629593088693834, 5.753041440904883785, 2.286000000000000476 ) ) ;
#4112 = VERTEX_POINT ( 'NONE', #4047 ) ;
#4113 = CARTESIAN_POINT ( 'NONE',  ( -4.462463875555763515, -2.347567037772633203, -2.286000000000000920 ) ) ;
#4114 = CARTESIAN_POINT ( 'NONE',  ( -5.221115631088428799, -4.267941290503537211, 2.286000000000000476 ) ) ;
#4115 = CARTESIAN_POINT ( 'NONE',  ( -3.140066744230174400, -4.314820411705334813, -2.286000000000000920 ) ) ;
#4116 = CARTESIAN_POINT ( 'NONE',  ( 0.5619673642293566695, 5.306777461419536657, 2.286000000000000476 ) ) ;
#4117 = ORIENTED_EDGE ( 'NONE', *, *, #2004, .F. ) ;
#4118 = CARTESIAN_POINT ( 'NONE',  ( 2.452899478489772633, -4.386741487291721420, -2.285999999999994259 ) ) ;
#4119 = CARTESIAN_POINT ( 'NONE',  ( 0.6970097785450469763, 5.680356212974282393, 2.286000000000000476 ) ) ;
#4120 = CARTESIAN_POINT ( 'NONE',  ( -6.563695275366480786, 1.018960161258257280, -2.286000000000000920 ) ) ;
#4121 = DIRECTION ( 'NONE',  ( -0.000000000000000000, -0.000000000000000000, 1.000000000000000000 ) ) ;
#4122 = DIRECTION ( 'NONE',  ( -0.000000000000000000, -0.000000000000000000, 1.000000000000000000 ) ) ;
#4123 = CARTESIAN_POINT ( 'NONE',  ( -2.170794788144381648, -4.826063829536963112, 2.286000000000000920 ) ) ;
#4124 = CARTESIAN_POINT ( 'NONE',  ( 5.028786691589065327, 0.1355698399325900305, -2.285999999999992482 ) ) ;
#4125 = CARTESIAN_POINT ( 'NONE',  ( 7.081653077825826870, -1.464622183253436072, -2.286000000000000920 ) ) ;
#4126 = CARTESIAN_POINT ( 'NONE',  ( 5.128438219115363239, -4.069996442506887746, 2.286000000000000476 ) ) ;
#4127 = ORIENTED_EDGE ( 'NONE', *, *, #3600, .F. ) ;
#4128 = CARTESIAN_POINT ( 'NONE',  ( 3.183680459516551764, 4.339242117764197992, 2.286000000000000476 ) ) ;
#4129 = CARTESIAN_POINT ( 'NONE',  ( 4.510804669069875317, -2.301622352330626953, 2.286000000000000476 ) ) ;
#4130 = CARTESIAN_POINT ( 'NONE',  ( 0.6630252695113231232, -5.531876145198175720, 2.286000000000000476 ) ) ;
#4131 = CARTESIAN_POINT ( 'NONE',  ( -5.400580374558707319, 4.809226556556613019, -2.286000000000000920 ) ) ;
#4132 = CARTESIAN_POINT ( 'NONE',  ( 5.753041440904883785, 2.398629593088693834, -2.286000000000002697 ) ) ;
#4133 = ADVANCED_FACE ( 'NONE', ( #3237 ), #2108, .T. ) ;
#4134 = DIRECTION ( 'NONE',  ( -0.000000000000000000, -0.000000000000000000, -1.000000000000000000 ) ) ;
#4135 = AXIS2_PLACEMENT_3D ( 'NONE', #4466, #985, #5002 ) ;
#4136 = CARTESIAN_POINT ( 'NONE',  ( -2.391450586719571447, 5.690277883870089148, -2.285999999999990706 ) ) ;
#4137 = ORIENTED_EDGE ( 'NONE', *, *, #439, .T. ) ;
#4138 = CIRCLE ( 'NONE', #3720, 2.500000000000000000 ) ;
#4139 = CARTESIAN_POINT ( 'NONE',  ( -5.530620799995803694, -2.372076222644154520, -2.286000000000000920 ) ) ;
#4140 = CARTESIAN_POINT ( 'NONE',  ( -5.037714479379332921, -3.908841068998490709, 2.286000000000000476 ) ) ;
#4141 = CARTESIAN_POINT ( 'NONE',  ( -4.939602216230026599, -5.429769591367947790, -2.286000000000000920 ) ) ;
#4142 = CARTESIAN_POINT ( 'NONE',  ( 0.000000000000000000, 0.000000000000000000, 0.000000000000000000 ) ) ;
#4143 = CARTESIAN_POINT ( 'NONE',  ( 2.170794788144382537, -4.826063829536960448, 2.286000000000000476 ) ) ;
#4144 = CARTESIAN_POINT ( 'NONE',  ( 1.160798993145837343, 6.751539294367503885, 2.286000000000000476 ) ) ;
#4145 = CARTESIAN_POINT ( 'NONE',  ( 5.580159256687754699, -0.6763057282891284938, 2.286000000000000476 ) ) ;
#4146 = CARTESIAN_POINT ( 'NONE',  ( -7.072590850445099164, 2.204962537674557854, 2.286000000000000920 ) ) ;
#4147 = FACE_OUTER_BOUND ( 'NONE', #2353, .T. ) ;
#4148 = CARTESIAN_POINT ( 'NONE',  ( -2.819336768032401963, -4.241326470143099492, 2.286000000000000920 ) ) ;
#4149 = CARTESIAN_POINT ( 'NONE',  ( 5.038390598587966451, -0.1981792459798000505, -2.285999999999992482 ) ) ;
#4150 = CARTESIAN_POINT ( 'NONE',  ( 6.246275499659564190, -0.8295454916588380634, -2.286000000000000920 ) ) ;
#4151 = CARTESIAN_POINT ( 'NONE',  ( -0.6763057282891293820, 5.580159256687752922, -2.286000000000000920 ) ) ;
#4152 = CARTESIAN_POINT ( 'NONE',  ( 3.410305354818150114, 4.531605619798376949, 2.286000000000000476 ) ) ;
#4153 = CARTESIAN_POINT ( 'NONE',  ( 2.204962537704678205, -7.072590850357782344, 2.286000000000000476 ) ) ;
#4154 = CARTESIAN_POINT ( 'NONE',  ( -0.6301014820750940881, -5.438698666219212718, 2.286000000000000476 ) ) ;
#4155 = CARTESIAN_POINT ( 'NONE',  ( -5.611834548134891243, -2.376926607282876081, 2.286000000000000476 ) ) ;
#4156 = CARTESIAN_POINT ( 'NONE',  ( -2.370488230432060028, 6.427404040144038433, 2.286000000000000476 ) ) ;
#4157 = CARTESIAN_POINT ( 'NONE',  ( -5.224220325235549467, 0.5003650740925660312, -2.285999999999992482 ) ) ;
#4158 = CARTESIAN_POINT ( 'NONE',  ( 0.1981792459797993566, -5.038390598587967339, -2.286000000000000920 ) ) ;
#4159 = CARTESIAN_POINT ( 'NONE',  ( 4.994660515912102028, 3.841545219201190964, -2.286000000000000920 ) ) ;
#4160 = CARTESIAN_POINT ( 'NONE',  ( -2.173665442670352554, 5.025101949511928012, -2.285999999999990706 ) ) ;
#4161 = CARTESIAN_POINT ( 'NONE',  ( 2.396986420425915920, 4.422841945095528082, -2.286000000000000920 ) ) ;
#4162 = CARTESIAN_POINT ( 'NONE',  ( 5.128438219115360575, 4.069996442506890411, 2.286000000000000476 ) ) ;
#4163 = DIRECTION ( 'NONE',  ( -0.000000000000000000, -0.000000000000000000, 1.000000000000000000 ) ) ;
#4164 = CARTESIAN_POINT ( 'NONE',  ( -4.267941290503538099, 5.221115631088427911, -2.286000000000000920 ) ) ;
#4165 = CARTESIAN_POINT ( 'NONE',  ( 2.232517294687443865, 6.992705799587969118, -2.285999999999991150 ) ) ;
#4166 = CARTESIAN_POINT ( 'NONE',  ( 2.372076222644153187, -5.530620799995804582, 2.286000000000000476 ) ) ;
#4167 = CARTESIAN_POINT ( 'NONE',  ( 1.464622183275077871, 7.081653077847822608, -2.285999999999994259 ) ) ;
#4168 = EDGE_CURVE ( 'NONE', #3618, #829, #1818, .T. ) ;
#4169 = CARTESIAN_POINT ( 'NONE',  ( -6.317209250654446606, 0.8662984254189454170, -2.286000000000000920 ) ) ;
#4170 = CARTESIAN_POINT ( 'NONE',  ( 0.000000000000000000, 0.000000000000000000, -2.286000000000000032 ) ) ;
#4171 = CARTESIAN_POINT ( 'NONE',  ( 3.410305354818150114, 4.531605619798376949, 2.286000000000000476 ) ) ;
#4172 = CARTESIAN_POINT ( 'NONE',  ( -4.381051063935445633, -5.266605046998204642, -2.285999999999990262 ) ) ;
#4173 = CARTESIAN_POINT ( 'NONE',  ( 5.185049666302784743, 0.4633254509012530442, 2.286000000000000476 ) ) ;
#4174 = AXIS2_PLACEMENT_3D ( 'NONE', #2570, #256, #3358 ) ;
#4175 = CARTESIAN_POINT ( 'NONE',  ( 5.531876145198175720, 0.6630252695113227901, -2.286000000000000920 ) ) ;
#4176 = CARTESIAN_POINT ( 'NONE',  ( -0.4213890162108058224, 5.147865004549772472, -2.286000000000000920 ) ) ;
#4177 = CARTESIAN_POINT ( 'NONE',  ( 7.227524615835563715, -1.626741853133637949, 2.286000000000000476 ) ) ;
#4178 = CARTESIAN_POINT ( 'NONE',  ( -0.2621389074985152612, -5.057282611089284785, 2.286000000000000476 ) ) ;
#4179 = CARTESIAN_POINT ( 'NONE',  ( -4.826063829536959560, -2.170794788144383869, 2.286000000000000476 ) ) ;
#4180 = CARTESIAN_POINT ( 'NONE',  ( -2.181471118769029882, 5.073758694932546831, 2.286000000000000476 ) ) ;
#4181 = B_SPLINE_SURFACE_WITH_KNOTS ( 'NONE', 3, 1, ( 
 ( #3141, #2427 ),
 ( #1214, #522 ),
 ( #4312, #1621 ),
 ( #3977, #3167 ),
 ( #3592, #4719 ),
 ( #2403, #108 ),
 ( #2832, #3671 ),
 ( #984, #3243 ),
 ( #2529, #599 ),
 ( #4824, #4465 ),
 ( #186, #3647 ),
 ( #1749, #1698 ),
 ( #4080, #4800 ),
 ( #937, #1365 ),
 ( #212, #1775 ),
 ( #574, #3294 ),
 ( #2909, #3267 ),
 ( #2503, #2125 ),
 ( #547, #4851 ),
 ( #2150, #2478 ),
 ( #3695, #133 ),
 ( #1314, #4030 ),
 ( #959, #4054 ),
 ( #1726, #2859 ),
 ( #4415, #2101 ),
 ( #162, #1341 ),
 ( #2884, #4442 ),
 ( #5026, #2323 ),
 ( #3492, #1851 ),
 ( #4231, #1492 ),
 ( #1950, #3061 ),
 ( #1187, #775 ),
 ( #3843, #4950 ),
 ( #1542, #4258 ),
 ( #363, #1083 ),
 ( #3819, #2247 ),
 ( #4640, #3868 ),
 ( #1468, #3013 ),
 ( #3771, #673 ),
 ( #4564, #2223 ),
 ( #390, #6 ),
 ( #723, #4667 ),
 ( #291, #3441 ),
 ( #3037, #3392 ),
 ( #4612, #2629 ),
 ( #2679, #1568 ),
 ( #3113, #4182 ),
 ( #1160, #2272 ),
 ( #2296, #4157 ),
 ( #338, #700 ),
 ( #1924, #1109 ),
 ( #3795, #748 ),
 ( #2653, #1133 ),
 ( #1899, #4206 ),
 ( #4589, #5000 ),
 ( #314, #1876 ),
 ( #3465, #3088 ),
 ( #2706, #3417 ),
 ( #1517, #4975 ),
 ( #80, #3217 ),
 ( #1672, #4717 ),
 ( #56, #2027 ),
 ( #467, #4772 ),
 ( #417, #1595 ),
 ( #3241, #2052 ),
 ( #1287, #3164 ),
 ( #494, #1234 ),
 ( #1262, #4283 ),
 ( #3139, #4796 ),
 ( #2829, #4362 ),
 ( #4389, #2351 ),
 ( #1978, #4692 ),
 ( #857, #2806 ),
 ( #908, #2451 ),
 ( #2730, #802 ),
 ( #2779, #3897 ),
 ( #1212, #881 ),
 ( #4336, #4745 ),
 ( #3948, #2401 ) ),
 .UNSPECIFIED., .F., .F., .F.,
 ( 4, 1, 1, 1, 1, 1, 1, 1, 1, 1, 1, 1, 1, 1, 1, 1, 1, 1, 1, 1, 1, 1, 1, 1, 1, 1, 1, 1, 1, 1, 1, 1, 1, 1, 1, 1, 1, 1, 1, 1, 1, 1, 1, 1, 1, 1, 1, 1, 1, 1, 1, 1, 1, 1, 1, 1, 1, 1, 1, 1, 1, 1, 1, 1, 1, 1, 1, 1, 1, 1, 1, 1, 1, 1, 1, 1, 4 ),
 ( 2, 2 ),
 ( 0.01103315318568798276, 0.05345531963080774052, 0.07807290109913955778, 0.1012837636727262902, 0.1230879073546434777, 0.1434853321486018185, 0.1624760380591380171, 0.1800600250918766854, 0.1962372932539097059, 0.2110078425543557845, 0.2243716730052127684, 0.2363287846227128952, 0.2468791774295818753, 0.2560228514590334736, 0.2765703373738778170, 0.2861597148600216745, 0.2955281054245301187, 0.3046873400362803963, 0.3136510682187723109, 0.3224350908376912850, 0.3310577570337658315, 0.3395404348280691709, 0.3479080632824442798, 0.3561897892115019060, 0.3644196805880378642, 0.3726374874240482304, 0.3808893818503648054, 0.3892285417683729598, 0.3977153332009296660, 0.4064166828338137138, 0.4154040162538316094, 0.4247489170962575056, 0.4345155871249806179, 0.4447495655339210874, 0.4554634245512343416, 0.4666225055634414254, 0.4781364573014081909, 0.4871735315700953528, 0.5000000000000000000, 0.5128264684299046472, 0.5218635426985918091, 0.5333774944365585746, 0.5445365754487656584, 0.5552504344660789126, 0.5654844128750193821, 0.5752510829037424944, 0.5845959837461683906, 0.5935833171661862862, 0.6022846667990703340, 0.6107714582316270402, 0.6191106181496351946, 0.6273625125759517696, 0.6355803194119621358, 0.6438102107884979830, 0.6520919367175557202, 0.6604595651719307181, 0.6689422429662341685, 0.6775649091623086040, 0.6863489317812275781, 0.6953126599637194927, 0.7044718945754697703, 0.7138402851399782145, 0.7234296626261220720, 0.7439771485409665264, 0.7531208225704182357, 0.7636712153772871048, 0.7756283269947872316, 0.7889921574456442155, 0.8037627067460902941, 0.8199399749081233146, 0.8375239619408620939, 0.8565146678513982925, 0.8769120926453567444, 0.8987162363272738208, 0.9219270989008605532, 0.9465446803691922595, 0.9889668468143231195 ),
 ( 0.000000000000000000, 1.000000000000000000 ),
 .UNSPECIFIED. ) ;
#4182 = CARTESIAN_POINT ( 'NONE',  ( -5.147865004549771584, 0.4213890162108047122, -2.285999999999992482 ) ) ;
#4183 = CARTESIAN_POINT ( 'NONE',  ( -0.7992465585685053497, -6.181594833392607846, -2.286000000000000920 ) ) ;
#4184 = CARTESIAN_POINT ( 'NONE',  ( 2.173665442670349890, -5.025101949511928900, -2.286000000000000920 ) ) ;
#4185 = CARTESIAN_POINT ( 'NONE',  ( 3.569061278851717756, 4.747678667655630846, -2.286000000000000920 ) ) ;
#4186 = CARTESIAN_POINT ( 'NONE',  ( 5.221115631088427911, 4.267941290503538099, -2.286000000000002697 ) ) ;
#4187 = DIRECTION ( 'NONE',  ( -0.000000000000000000, -0.000000000000000000, -1.000000000000000000 ) ) ;
#4188 = CARTESIAN_POINT ( 'NONE',  ( -1.614999999999999769, -1.614999999999999769, 2.286000000000000032 ) ) ;
#4189 = CARTESIAN_POINT ( 'NONE',  ( 1.464622183253448950, 7.081653077825841081, 2.286000000000000476 ) ) ;
#4190 = CARTESIAN_POINT ( 'NONE',  ( 2.376926607282874748, -5.611834548134892131, 2.286000000000000476 ) ) ;
#4191 = CARTESIAN_POINT ( 'NONE',  ( 0.6476699409902365590, -5.484739481868279753, 2.286000000000000476 ) ) ;
#4192 = CARTESIAN_POINT ( 'NONE',  ( -6.123650495384040937, 0.7740819819406971058, -2.286000000000000920 ) ) ;
#4193 = CARTESIAN_POINT ( 'NONE',  ( -4.386741487291720532, 2.452899478489769969, -2.285999999999988930 ) ) ;
#4194 = CARTESIAN_POINT ( 'NONE',  ( 3.303268363099248983, 4.426088753942313936, 2.286000000000000476 ) ) ;
#4195 = CARTESIAN_POINT ( 'NONE',  ( -2.938866095189175631, -4.247487361087595836, 2.286000000000000920 ) ) ;
#4196 = CARTESIAN_POINT ( 'NONE',  ( 5.896140974621092212, -0.7170584013211533936, -2.285999999999992482 ) ) ;
#4197 = EDGE_CURVE ( 'NONE', #1952, #3578, #3621, .T. ) ;
#4198 = CARTESIAN_POINT ( 'NONE',  ( 5.975696222817057368, 0.7110321314750343014, -2.286000000000000920 ) ) ;
#4199 = CARTESIAN_POINT ( 'NONE',  ( 0.06909748234411564050, 5.025479307074648183, -2.286000000000000920 ) ) ;
#4200 = CARTESIAN_POINT ( 'NONE',  ( 4.809226556586351897, 5.400580374566937181, 2.286000000000000476 ) ) ;
#4201 = DIRECTION ( 'NONE',  ( 1.000000000000000000, 0.000000000000000000, 0.000000000000000000 ) ) ;
#4202 = CARTESIAN_POINT ( 'NONE',  ( -0.7138485327532713143, -5.840323052443586960, 2.286000000000000476 ) ) ;
#4203 = CARTESIAN_POINT ( 'NONE',  ( -5.073758694932547719, -2.181471118769028550, -2.285999999999997812 ) ) ;
#4204 = CARTESIAN_POINT ( 'NONE',  ( -4.916195901929394374, 3.732199908664470378, -2.286000000000000920 ) ) ;
#4205 = CARTESIAN_POINT ( 'NONE',  ( 5.530620799995804582, -2.372076222644151411, -2.285999999999994259 ) ) ;
#4206 = CARTESIAN_POINT ( 'NONE',  ( -5.438698666219212718, 0.6301014820750937551, -2.285999999999992482 ) ) ;
#4207 = DIRECTION ( 'NONE',  ( -0.000000000000000000, -0.000000000000000000, 1.000000000000000000 ) ) ;
#4208 = CARTESIAN_POINT ( 'NONE',  ( 4.241326470143098604, 2.819336768032405072, -2.286000000000000920 ) ) ;
#4209 = ORIENTED_EDGE ( 'NONE', *, *, #555, .T. ) ;
#4210 = CARTESIAN_POINT ( 'NONE',  ( 3.140066744230170848, 4.314820411705335701, -2.286000000000000920 ) ) ;
#4211 = CARTESIAN_POINT ( 'NONE',  ( 5.400580374566923858, 4.809226556586336798, -2.286000000000002697 ) ) ;
#4212 = CARTESIAN_POINT ( 'NONE',  ( 1.626741853133643279, -7.227524615835569932, 2.286000000000000476 ) ) ;
#4213 = AXIS2_PLACEMENT_3D ( 'NONE', #1608, #4761, #1250 ) ;
#4214 = DIRECTION ( 'NONE',  ( 1.000000000000000000, 0.000000000000000000, 0.000000000000000000 ) ) ;
#4215 = CARTESIAN_POINT ( 'NONE',  ( 2.370488230432057808, -6.427404040144040209, -2.285999999999994259 ) ) ;
#4216 = CARTESIAN_POINT ( 'NONE',  ( 0.9097610735845652608, -6.394046406055663212, 2.286000000000000476 ) ) ;
#4217 = VECTOR ( 'NONE', #1999, 1000.000000000000000 ) ;
#4218 = CARTESIAN_POINT ( 'NONE',  ( 5.732355088791447173, -0.7045212705935075537, 2.286000000000000476 ) ) ;
#4219 = CARTESIAN_POINT ( 'NONE',  ( -5.073758694932548607, 2.181471118769024997, -2.285999999999988930 ) ) ;
#4220 = DIRECTION ( 'NONE',  ( 0.000000000000000000, 0.000000000000000000, 1.000000000000000000 ) ) ;
#4221 = CARTESIAN_POINT ( 'NONE',  ( -2.819336768032401963, -4.241326470143099492, -2.285999999999990262 ) ) ;
#4222 = CARTESIAN_POINT ( 'NONE',  ( 7.227524615896165017, -1.626741853203426569, -2.285999999999992482 ) ) ;
#4223 = CARTESIAN_POINT ( 'NONE',  ( 6.123650495384040937, -0.7740819819406978830, -2.286000000000000920 ) ) ;
#4224 = CARTESIAN_POINT ( 'NONE',  ( -7.150027965879814120E-16, 5.028024231767894925, -2.286000000000000920 ) ) ;
#4225 = CARTESIAN_POINT ( 'NONE',  ( 4.939602216290267300, 5.429769591381436555, 2.286000000000000476 ) ) ;
#4226 = CC_DESIGN_DATE_AND_TIME_ASSIGNMENT ( #1638, #2418, ( #4090 ) ) ;
#4227 = CARTESIAN_POINT ( 'NONE',  ( -0.7045212705935072206, -5.732355088791447173, 2.286000000000000476 ) ) ;
#4228 = CARTESIAN_POINT ( 'NONE',  ( -4.668876377298399660, -2.208998909360597285, -2.285999999999997812 ) ) ;
#4229 = CARTESIAN_POINT ( 'NONE',  ( -6.306703394980817556, 2.387648127366832185, -2.286000000000000920 ) ) ;
#4230 = CARTESIAN_POINT ( 'NONE',  ( 4.976155103217882569, -2.168461455044141228, -2.285999999999994259 ) ) ;
#4231 = CARTESIAN_POINT ( 'NONE',  ( -5.264891270736412388, -0.5330684818325877039, 2.286000000000000476 ) ) ;
#4232 = ORIENTED_EDGE ( 'NONE', *, *, #2359, .T. ) ;
#4233 = CARTESIAN_POINT ( 'NONE',  ( -0.3740431840629592775, -5.113419133395584737, -2.286000000000000920 ) ) ;
#4234 = CARTESIAN_POINT ( 'NONE',  ( 2.232517294705878452, -6.992705799529092658, -2.286000000000000920 ) ) ;
#4235 = EDGE_LOOP ( 'NONE', ( #2565, #570, #1925, #4127 ) ) ;
#4236 = CARTESIAN_POINT ( 'NONE',  ( 4.366020258804535814, -3.225246005036190411, -2.286000000000000920 ) ) ;
#4237 = CARTESIAN_POINT ( 'NONE',  ( 4.819588668520768060, 3.603620000172907734, 2.286000000000000476 ) ) ;
#4238 = CARTESIAN_POINT ( 'NONE',  ( -4.264284629575964658, -2.690823560815336801, 2.286000000000000476 ) ) ;
#4239 = CARTESIAN_POINT ( 'NONE',  ( -7.072590850357782344, -2.204962537704679981, 2.286000000000000476 ) ) ;
#4240 = CARTESIAN_POINT ( 'NONE',  ( 2.409147001929395238, -5.992287157413075604, 2.286000000000000476 ) ) ;
#4241 = CARTESIAN_POINT ( 'NONE',  ( 0.7992465585685062379, -6.181594833392608734, 2.286000000000000476 ) ) ;
#4242 = CARTESIAN_POINT ( 'NONE',  ( -2.204962537704674208, -7.072590850357793890, 2.286000000000000476 ) ) ;
#4243 = CARTESIAN_POINT ( 'NONE',  ( -4.339242117764197104, 3.183680459516554428, -2.285999999999988930 ) ) ;
#4244 = CARTESIAN_POINT ( 'NONE',  ( 3.045439027948420474, -4.274124979574704497, 2.286000000000000476 ) ) ;
#4245 = DIRECTION ( 'NONE',  ( -1.000000000000000000, 0.000000000000000000, 0.000000000000000000 ) ) ;
#4246 = CARTESIAN_POINT ( 'NONE',  ( -2.317559181621140052, 6.691150755271281447, -2.286000000000000920 ) ) ;
#4247 = CARTESIAN_POINT ( 'NONE',  ( 5.224220325235548579, 0.5003650740925668083, -2.286000000000000920 ) ) ;
#4248 = CARTESIAN_POINT ( 'NONE',  ( -0.5875270965913554910, 5.349734136913458116, -2.286000000000000920 ) ) ;
#4249 = DIRECTION ( 'NONE',  ( 1.000000000000000000, 0.000000000000000000, 0.000000000000000000 ) ) ;
#4250 = CARTESIAN_POINT ( 'NONE',  ( -5.221115631088428799, -4.267941290503537211, -2.286000000000000920 ) ) ;
#4251 = CARTESIAN_POINT ( 'NONE',  ( 5.174846770538140461, -4.164293022777179942, 2.286000000000000476 ) ) ;
#4252 = CARTESIAN_POINT ( 'NONE',  ( -0.5619673642293573357, -5.306777461419536657, 2.286000000000000476 ) ) ;
#4253 = CARTESIAN_POINT ( 'NONE',  ( -6.306703394980816668, -2.387648127366836626, -2.285999999999997812 ) ) ;
#4254 = AXIS2_PLACEMENT_3D ( 'NONE', #1506, #4220, #690 ) ;
#4255 = CARTESIAN_POINT ( 'NONE',  ( -5.316625765703149042, 2.256044226555253385, -2.286000000000000920 ) ) ;
#4256 = CARTESIAN_POINT ( 'NONE',  ( 4.826063829536962224, -2.170794788144382093, -2.285999999999994259 ) ) ;
#4257 = CARTESIAN_POINT ( 'NONE',  ( -3.340134799346919703, 4.459232637575090585, 2.286000000000000476 ) ) ;
#4258 = CARTESIAN_POINT ( 'NONE',  ( -5.113419133395583849, -0.3740431840629608318, -2.285999999999992482 ) ) ;
#4259 = ORIENTED_EDGE ( 'NONE', *, *, #499, .T. ) ;
#4260 = CARTESIAN_POINT ( 'NONE',  ( 6.246275499659565966, 0.8295454916588378413, -2.285999999999992482 ) ) ;
#4261 = CARTESIAN_POINT ( 'NONE',  ( 4.247487361087594060, 2.938866095189178296, -2.286000000000000920 ) ) ;
#4262 = EDGE_CURVE ( 'NONE', #4376, #2538, #3975, .T. ) ;
#4263 = CARTESIAN_POINT ( 'NONE',  ( 4.562280498011126006, -2.263428084871103696, -2.286000000000000920 ) ) ;
#4264 = CARTESIAN_POINT ( 'NONE',  ( 5.352640503693416818, 4.635926943805799283, -2.286000000000002697 ) ) ;
#4265 = CARTESIAN_POINT ( 'NONE',  ( -4.314820411705332148, -3.140066744230175733, -2.285999999999997812 ) ) ;
#4266 = DIRECTION ( 'NONE',  ( 0.000000000000000000, -0.000000000000000000, -1.000000000000000000 ) ) ;
#4267 = CARTESIAN_POINT ( 'NONE',  ( -4.381051063935450074, 5.266605046998201090, -2.285999999999990706 ) ) ;
#4268 = CARTESIAN_POINT ( 'NONE',  ( -0.1981792459797997452, -5.038390598587966451, 2.286000000000000476 ) ) ;
#4269 = CARTESIAN_POINT ( 'NONE',  ( -5.580159256687752922, -0.6763057282891290489, -2.286000000000000920 ) ) ;
#4270 = CARTESIAN_POINT ( 'NONE',  ( -4.668876377298401437, 2.208998909360595064, -2.285999999999988930 ) ) ;
#4271 = CARTESIAN_POINT ( 'NONE',  ( 0.000000000000000000, 0.000000000000000000, 3.174999999999999822 ) ) ;
#4272 = CARTESIAN_POINT ( 'NONE',  ( 5.840323052443586960, -0.7138485327532716473, -2.285999999999992482 ) ) ;
#4273 = CARTESIAN_POINT ( 'NONE',  ( 6.563695275366480786, 1.018960161258258612, -2.286000000000000920 ) ) ;
#4274 = CARTESIAN_POINT ( 'NONE',  ( -0.7740819819406987712, 6.123650495384040937, 2.286000000000000476 ) ) ;
#4275 = CARTESIAN_POINT ( 'NONE',  ( 0.000000000000000000, 7.408333222071330049, -2.286000000000000476 ) ) ;
#4276 = CARTESIAN_POINT ( 'NONE',  ( 7.227524615835522859, 1.626741853133588656, -2.286000000000000476 ) ) ;
#4277 = APPROVAL_DATE_TIME ( #4659, #310 ) ;
#4278 = CARTESIAN_POINT ( 'NONE',  ( -0.7474384492293191240, -6.048454584161420122, 2.286000000000000476 ) ) ;
#4279 = CARTESIAN_POINT ( 'NONE',  ( -2.399402252589299067, -6.193806931796399518, -2.285999999999990262 ) ) ;
#4280 = CARTESIAN_POINT ( 'NONE',  ( -1.614999999999999769, -1.614999999999999769, -2.286000000000000032 ) ) ;
#4281 = CARTESIAN_POINT ( 'NONE',  ( 5.464737068976782020, -2.327079695769369572, 2.286000000000000476 ) ) ;
#4282 = CARTESIAN_POINT ( 'NONE',  ( -3.671527976878548927, 4.864396098905571009, 2.286000000000000476 ) ) ;
#4283 = CARTESIAN_POINT ( 'NONE',  ( -6.246275499659564190, 0.8295454916588372862, -2.285999999999992482 ) ) ;
#4284 = ORIENTED_EDGE ( 'NONE', *, *, #4925, .T. ) ;
#4285 = CARTESIAN_POINT ( 'NONE',  ( 6.851020669089140647, 1.244985501274098683, 2.286000000000000476 ) ) ;
#4286 = CARTESIAN_POINT ( 'NONE',  ( 2.452899478489772633, -4.386741487291721420, -2.286000000000000920 ) ) ;
#4287 = CARTESIAN_POINT ( 'NONE',  ( 4.774490053667270750, -2.178781297287128105, -2.286000000000000920 ) ) ;
#4288 = EDGE_CURVE ( 'NONE', #3869, #3140, #4138, .T. ) ;
#4289 = CARTESIAN_POINT ( 'NONE',  ( 4.241326470143098604, 2.819336768032405072, 2.286000000000000476 ) ) ;
#4290 = CARTESIAN_POINT ( 'NONE',  ( -4.510804669069875317, -2.301622352330630505, 2.286000000000000476 ) ) ;
#4291 = LINE ( 'NONE', #1143, #3488 ) ;
#4292 = CARTESIAN_POINT ( 'NONE',  ( 2.232517294687437648, -6.992705799588007309, 2.286000000000000476 ) ) ;
#4293 = CARTESIAN_POINT ( 'NONE',  ( -1.464622183253450061, -7.081653077825841081, 2.286000000000000476 ) ) ;
#4294 = CARTESIAN_POINT ( 'NONE',  ( -7.172119510935875297, -1.562936208161112450, -2.286000000000000920 ) ) ;
#4295 = CARTESIAN_POINT ( 'NONE',  ( -4.876787775934690927, 2.166710717189360480, -2.285999999999988930 ) ) ;
#4296 = CARTESIAN_POINT ( 'NONE',  ( 4.267941290503535434, -5.221115631088428799, 2.286000000000000476 ) ) ;
#4297 = CARTESIAN_POINT ( 'NONE',  ( 4.864396098905571009, 3.671527976878548927, 2.286000000000000476 ) ) ;
#4298 = CARTESIAN_POINT ( 'NONE',  ( 5.840323052443586960, -0.7138485327532716473, 2.286000000000000476 ) ) ;
#4299 = CIRCLE ( 'NONE', #1384, 7.408333222071330049 ) ;
#4300 = DIRECTION ( 'NONE',  ( -0.000000000000000000, -0.000000000000000000, -1.000000000000000000 ) ) ;
#4301 = CARTESIAN_POINT ( 'NONE',  ( -0.6301014820750955314, 5.438698666219214495, -2.285999999999994259 ) ) ;
#4302 = CARTESIAN_POINT ( 'NONE',  ( -4.926769214355549487, -2.166053677396904575, 2.286000000000000476 ) ) ;
#4303 = CARTESIAN_POINT ( 'NONE',  ( -4.274124979574703609, -3.045439027948421806, -2.286000000000000920 ) ) ;
#4304 = CARTESIAN_POINT ( 'NONE',  ( 1.626741853133644389, -7.227524615835570820, 2.286000000000000476 ) ) ;
#4305 = CARTESIAN_POINT ( 'NONE',  ( 0.000000000000000000, 0.000000000000000000, 3.174999999999999822 ) ) ;
#4306 = CARTESIAN_POINT ( 'NONE',  ( 4.274124979574705385, -3.045439027948420030, -2.285999999999994259 ) ) ;
#4307 = ORIENTED_EDGE ( 'NONE', *, *, #3949, .T. ) ;
#4308 = CARTESIAN_POINT ( 'NONE',  ( 5.414792396100660099, -2.301950562403212164, -2.285999999999994259 ) ) ;
#4309 = CARTESIAN_POINT ( 'NONE',  ( -5.429769591381435667, 4.939602216290269077, -2.285999999999988930 ) ) ;
#4310 = DIRECTION ( 'NONE',  ( -0.000000000000000000, -0.000000000000000000, 1.000000000000000000 ) ) ;
#4311 = ORIENTED_EDGE ( 'NONE', *, *, #4481, .T. ) ;
#4312 = CARTESIAN_POINT ( 'NONE',  ( -7.081653077847804845, -1.464622183275063216, 2.286000000000000476 ) ) ;
#4313 = CARTESIAN_POINT ( 'NONE',  ( 1.626741853133640170, 7.227524615835567268, 2.286000000000000476 ) ) ;
#4314 = CARTESIAN_POINT ( 'NONE',  ( 5.219213881833811186, 2.219332909268644904, -2.286000000000002697 ) ) ;
#4315 = CARTESIAN_POINT ( 'NONE',  ( -5.082764852903506991, -0.3209540278680267922, 2.286000000000000476 ) ) ;
#4316 = EDGE_CURVE ( 'NONE', #1388, #2297, #397, .T. ) ;
#4317 = CARTESIAN_POINT ( 'NONE',  ( -4.069996442506890411, 5.128438219115360575, 2.286000000000000476 ) ) ;
#4318 = CARTESIAN_POINT ( 'NONE',  ( -0.5619673642293573357, -5.306777461419536657, 2.286000000000000476 ) ) ;
#4319 = CARTESIAN_POINT ( 'NONE',  ( -5.147865004549771584, 0.4213890162108047122, -2.286000000000000920 ) ) ;
#4320 = CARTESIAN_POINT ( 'NONE',  ( -4.864396098905574561, 3.671527976878544042, -2.285999999999988930 ) ) ;
#4321 = CARTESIAN_POINT ( 'NONE',  ( 3.094096482592030295, -4.292995347704374076, 2.286000000000000476 ) ) ;
#4322 = FACE_OUTER_BOUND ( 'NONE', #1437, .T. ) ;
#4323 = CARTESIAN_POINT ( 'NONE',  ( -2.191273222451030289, 4.722047456352863826, -2.286000000000000920 ) ) ;
#4324 = EDGE_CURVE ( 'NONE', #4881, #4718, #4291, .T. ) ;
#4325 = ORIENTED_EDGE ( 'NONE', *, *, #3323, .T. ) ;
#4326 = CYLINDRICAL_SURFACE ( 'NONE', #3402, 2.500000000000000000 ) ;
#4327 = CARTESIAN_POINT ( 'NONE',  ( -1.464622183275063660, 7.081653077847804845, 2.286000000000000476 ) ) ;
#4328 = CARTESIAN_POINT ( 'NONE',  ( -4.247487361087594948, -2.938866095189177852, 2.286000000000000476 ) ) ;
#4329 = APPROVAL_ROLE ( '' ) ;
#4330 = DIRECTION ( 'NONE',  ( -1.000000000000000000, 0.000000000000000000, 0.000000000000000000 ) ) ;
#4331 = DIRECTION ( 'NONE',  ( 1.000000000000000000, 0.000000000000000000, 0.000000000000000000 ) ) ;
#4332 = CARTESIAN_POINT ( 'NONE',  ( 4.426088753942312159, -3.303268363099252536, 2.286000000000000476 ) ) ;
#4333 = CARTESIAN_POINT ( 'NONE',  ( 2.181471118769022777, 5.073758694932549496, 2.286000000000000476 ) ) ;
#4334 = CARTESIAN_POINT ( 'NONE',  ( -4.267941290503538099, 5.221115631088427911, 2.286000000000000476 ) ) ;
#4335 = CIRCLE ( 'NONE', #756, 7.408333222071330049 ) ;
#4336 = CARTESIAN_POINT ( 'NONE',  ( -7.172119510977707613, 1.562936208206572308, 2.286000000000000476 ) ) ;
#4337 = ORIENTED_EDGE ( 'NONE', *, *, #3114, .F. ) ;
#4338 = FACE_OUTER_BOUND ( 'NONE', #3040, .T. ) ;
#4339 = CC_DESIGN_APPROVAL ( #2794, ( #3924 ) ) ;
#4340 = CARTESIAN_POINT ( 'NONE',  ( 4.426088753942312159, -3.303268363099252536, -2.286000000000000920 ) ) ;
#4341 = CARTESIAN_POINT ( 'NONE',  ( 4.292995347704373188, 3.094096482592032071, 2.286000000000000476 ) ) ;
#4342 = CARTESIAN_POINT ( 'NONE',  ( -6.181594833392608734, -0.7992465585685066820, 2.286000000000000476 ) ) ;
#4343 = CYLINDRICAL_SURFACE ( 'NONE', #4540, 2.500000000000000000 ) ;
#4344 = CARTESIAN_POINT ( 'NONE',  ( -6.992705799529138844, 2.232517294705861133, 2.286000000000000920 ) ) ;
#4345 = CARTESIAN_POINT ( 'NONE',  ( -5.028786691589065327, -0.1355698399325906411, -2.286000000000000920 ) ) ;
#4346 = CARTESIAN_POINT ( 'NONE',  ( -5.128438219115364127, 4.069996442506885970, 2.286000000000000476 ) ) ;
#4347 = CARTESIAN_POINT ( 'NONE',  ( 2.166053677396902799, -4.926769214355549487, 2.286000000000000476 ) ) ;
#4348 = CARTESIAN_POINT ( 'NONE',  ( -4.809226556586358114, -5.400580374566936293, -2.285999999999990262 ) ) ;
#4349 = CARTESIAN_POINT ( 'NONE',  ( -2.301622352330630950, 4.510804669069874429, -2.286000000000000920 ) ) ;
#4350 = CYLINDRICAL_SURFACE ( 'NONE', #4384, 3.960097721574094010 ) ;
#4351 = CARTESIAN_POINT ( 'NONE',  ( -0.7138485327532728686, 5.840323052443587848, 2.286000000000000476 ) ) ;
#4352 = CARTESIAN_POINT ( 'NONE',  ( -4.274124979574703609, -3.045439027948421806, 2.286000000000000476 ) ) ;
#4353 = CARTESIAN_POINT ( 'NONE',  ( -4.386741487291720532, -2.452899478489773966, -2.286000000000000920 ) ) ;
#4354 = PERSON_AND_ORGANIZATION_ROLE ( 'classification_officer' ) ;
#4355 = CARTESIAN_POINT ( 'NONE',  ( -0.8662984254189457500, -6.317209250654446606, -2.285999999999993371 ) ) ;
#4356 = CARTESIAN_POINT ( 'NONE',  ( -2.232517294687439868, 6.992705799588004645, 2.286000000000000920 ) ) ;
#4357 = EDGE_CURVE ( 'NONE', #1019, #1336, #2034, .T. ) ;
#4358 = CARTESIAN_POINT ( 'NONE',  ( 4.531605619798375173, -3.410305354818153667, 2.286000000000000476 ) ) ;
#4359 = ORIENTED_EDGE ( 'NONE', *, *, #2030, .F. ) ;
#4360 = CARTESIAN_POINT ( 'NONE',  ( 2.408368181655951457, 5.904012904798281447, -2.285999999999991594 ) ) ;
#4361 = CARTESIAN_POINT ( 'NONE',  ( -3.603620000172907734, 4.819588668520768060, 2.286000000000000476 ) ) ;
#4362 = CARTESIAN_POINT ( 'NONE',  ( -6.394046406055662324, 0.9097610735845634844, -2.285999999999992482 ) ) ;
#4363 = EDGE_LOOP ( 'NONE', ( #922, #4641, #2499, #3554 ) ) ;
#4364 = CARTESIAN_POINT ( 'NONE',  ( 3.732199908664472598, -4.916195901929392598, -2.286000000000000920 ) ) ;
#4365 = CARTESIAN_POINT ( 'NONE',  ( 6.555650691920508422, -2.347321263097897237, -2.286000000000000920 ) ) ;
#4366 = CARTESIAN_POINT ( 'NONE',  ( 4.274124979574701833, 3.045439027948421806, -2.286000000000002697 ) ) ;
#4367 = CARTESIAN_POINT ( 'NONE',  ( -6.476356000746373631, -0.9605012029655757289, 2.286000000000000476 ) ) ;
#4368 = DIRECTION ( 'NONE',  ( 0.000000000000000000, 0.000000000000000000, 1.000000000000000000 ) ) ;
#4369 = CARTESIAN_POINT ( 'NONE',  ( -5.992287157413078269, 2.409147001929392573, 2.286000000000000476 ) ) ;
#4370 = CARTESIAN_POINT ( 'NONE',  ( -3.265033223548863273, -4.395000467436836367, 2.286000000000000476 ) ) ;
#4371 = CARTESIAN_POINT ( 'NONE',  ( -4.531605619798376061, 3.410305354818152335, 2.286000000000000476 ) ) ;
#4372 = DIRECTION ( 'NONE',  ( 0.000000000000000000, -0.000000000000000000, 1.000000000000000000 ) ) ;
#4373 = LINE ( 'NONE', #893, #477 ) ;
#4374 = CARTESIAN_POINT ( 'NONE',  ( -2.219332909268644904, 5.219213881833811186, -2.286000000000000920 ) ) ;
#4375 = CARTESIAN_POINT ( 'NONE',  ( -5.611834548134894796, 2.376926607282872084, -2.286000000000000920 ) ) ;
#4376 = VERTEX_POINT ( 'NONE', #2635 ) ;
#4377 = CARTESIAN_POINT ( 'NONE',  ( 0.000000000000000000, 0.000000000000000000, 2.286000000000000476 ) ) ;
#4378 = CARTESIAN_POINT ( 'NONE',  ( -0.6101348444133477544, 5.393707460080332083, -2.285999999999994259 ) ) ;
#4379 = CARTESIAN_POINT ( 'NONE',  ( -5.365664573546731653, -2.277692020846684873, 2.286000000000000476 ) ) ;
#4380 = CARTESIAN_POINT ( 'NONE',  ( 5.264891270736412388, 0.5330684818325870378, 2.286000000000000476 ) ) ;
#4381 = CARTESIAN_POINT ( 'NONE',  ( -1.626741853203426569, -7.227524615896165017, 2.286000000000000476 ) ) ;
#4382 = CARTESIAN_POINT ( 'NONE',  ( 2.500000000000000000, 3.061616997868383141E-16, -2.286000000000000032 ) ) ;
#4383 = CARTESIAN_POINT ( 'NONE',  ( 0.7740819819406981050, -6.123650495384040937, -2.286000000000000920 ) ) ;
#4384 = AXIS2_PLACEMENT_3D ( 'NONE', #2414, #3507, #1661 ) ;
#4385 = CARTESIAN_POINT ( 'NONE',  ( 4.274124979574705385, -3.045439027948420030, 2.286000000000000476 ) ) ;
#4386 = APPROVAL ( #3158, 'UNSPECIFIED' ) ;
#4387 = ORIENTED_EDGE ( 'NONE', *, *, #2860, .T. ) ;
#4388 = CARTESIAN_POINT ( 'NONE',  ( 2.387648127366829520, 6.306703394980819333, 2.286000000000000476 ) ) ;
#4389 = CARTESIAN_POINT ( 'NONE',  ( -6.476356000746373631, 0.9605012029655746186, 2.286000000000000476 ) ) ;
#4390 = AXIS2_PLACEMENT_3D ( 'NONE', #4421, #2481, #3699 ) ;
#4391 = VERTEX_POINT ( 'NONE', #4647 ) ;
#4392 = CARTESIAN_POINT ( 'NONE',  ( 2.819336768032403739, -4.241326470143099492, -2.286000000000000920 ) ) ;
#4393 = CARTESIAN_POINT ( 'NONE',  ( 5.219213881833812962, -2.219332909268641352, -2.286000000000000920 ) ) ;
#4394 = CARTESIAN_POINT ( 'NONE',  ( 4.258722005451610393, 2.993776443851758895, -2.286000000000002697 ) ) ;
#4395 = CARTESIAN_POINT ( 'NONE',  ( -5.185049666302784743, -0.4633254509012536548, 2.286000000000000476 ) ) ;
#4396 = CARTESIAN_POINT ( 'NONE',  ( -2.208998909360598173, 4.668876377298398772, 2.286000000000000476 ) ) ;
#4397 = CARTESIAN_POINT ( 'NONE',  ( -5.530620799995804582, 2.372076222644150523, 2.286000000000000476 ) ) ;
#4398 = CARTESIAN_POINT ( 'NONE',  ( -2.191741345851257350, -5.122257907086416040, 2.286000000000000476 ) ) ;
#4399 = CARTESIAN_POINT ( 'NONE',  ( 2.204962537704669323, 7.072590850357793890, 2.286000000000000476 ) ) ;
#4400 = CARTESIAN_POINT ( 'NONE',  ( 4.615372461749464250, 2.232778667186853028, 2.286000000000000476 ) ) ;
#4401 = CARTESIAN_POINT ( 'NONE',  ( -2.880640466208736150, 4.241329277686503474, -2.286000000000000920 ) ) ;
#4402 = CARTESIAN_POINT ( 'NONE',  ( -5.464737068976782908, 2.327079695769368684, -2.286000000000000920 ) ) ;
#4403 = CARTESIAN_POINT ( 'NONE',  ( 3.265033223548865049, -4.395000467436836367, 2.286000000000000476 ) ) ;
#4404 = CARTESIAN_POINT ( 'NONE',  ( -0.3740431840629611093, 5.113419133395583849, 2.286000000000000476 ) ) ;
#4405 = CARTESIAN_POINT ( 'NONE',  ( -4.876787775934690927, -2.166710717189364033, 2.286000000000000476 ) ) ;
#4406 = CARTESIAN_POINT ( 'NONE',  ( 5.975696222817057368, 0.7110321314750343014, 2.286000000000000476 ) ) ;
#4407 = CARTESIAN_POINT ( 'NONE',  ( 2.755660258758652503, 4.248665761571362331, 2.286000000000000476 ) ) ;
#4408 = CARTESIAN_POINT ( 'NONE',  ( -2.181471118769026329, -5.073758694932548607, 2.286000000000000920 ) ) ;
#4409 = CARTESIAN_POINT ( 'NONE',  ( 6.048454584161421010, 0.7474384492293195681, -2.285999999999992482 ) ) ;
#4410 = CARTESIAN_POINT ( 'NONE',  ( 4.264284629575963770, -2.690823560815335025, -2.285999999999994259 ) ) ;
#4411 = ORIENTED_EDGE ( 'NONE', *, *, #3793, .F. ) ;
#4412 = CARTESIAN_POINT ( 'NONE',  ( 2.408368181655951457, 5.904012904798281447, 2.286000000000000476 ) ) ;
#4413 = CARTESIAN_POINT ( 'NONE',  ( 4.264284629575963770, -2.690823560815335025, 2.286000000000000476 ) ) ;
#4414 = CARTESIAN_POINT ( 'NONE',  ( 0.7992465585685062379, -6.181594833392608734, -2.285999999999993371 ) ) ;
#4415 = CARTESIAN_POINT ( 'NONE',  ( -5.484739481868279753, -0.6476699409902368920, 2.286000000000000476 ) ) ;
#4416 = CARTESIAN_POINT ( 'NONE',  ( 5.316625765703148154, -2.256044226555254717, -2.286000000000000920 ) ) ;
#4417 = B_SPLINE_CURVE_WITH_KNOTS ( 'NONE', 3,
 ( #783, #3398, #1475, #2331, #3875, #1883, #1959, #3499, #4367, #500, #2786, #2811, #4342, #2035, #862, #1318, #1239, #86, #2838, #2009, #1600, #2455, #3546, #1677, #4008, #1267, #833, #1701, #3597, #914, #2406, #4395, #3222, #4698, #4315, #3145, #3981, #3170, #1649, #2080, #3570, #423, #810, #2382, #4722, #3196, #3954, #1985, #2057, #525, #472, #4751, #62, #3246, #888, #4777, #3927, #2432, #111, #1292, #2358, #4803, #136, #3525, #38, #3623, #2863, #3903, #1218, #2760, #448, #1626, #1367, #576, #1752, #1012, #1344, #1395, #3371 ),
 .UNSPECIFIED., .F., .F.,
 ( 4, 1, 1, 1, 1, 1, 1, 1, 1, 1, 1, 1, 1, 1, 1, 1, 1, 1, 1, 1, 1, 1, 1, 1, 1, 1, 1, 1, 1, 1, 1, 1, 1, 1, 1, 1, 1, 1, 1, 1, 1, 1, 1, 1, 1, 1, 1, 1, 1, 1, 1, 1, 1, 1, 1, 1, 1, 1, 1, 1, 1, 1, 1, 1, 1, 1, 1, 1, 1, 1, 1, 1, 1, 1, 1, 1, 4 ),
 ( 0.01103315320115377113, 0.05345531963080774052, 0.07807290109913955778, 0.1012837636727262902, 0.1230879073546434777, 0.1434853321486018185, 0.1624760380591380171, 0.1800600250918766854, 0.1962372932539097059, 0.2110078425543557845, 0.2243716730052127684, 0.2363287846227128952, 0.2468791774295818753, 0.2560228514590334736, 0.2765703373738778170, 0.2861597148600216745, 0.2955281054245301187, 0.3046873400362803963, 0.3136510682187723109, 0.3224350908376912850, 0.3310577570337658315, 0.3395404348280691709, 0.3479080632824442798, 0.3561897892115019060, 0.3644196805880378642, 0.3726374874240482304, 0.3808893818503648054, 0.3892285417683730153, 0.3977153332009296660, 0.4064166828338137138, 0.4154040162538316094, 0.4247489170962575056, 0.4345155871249806179, 0.4447495655339210874, 0.4554634245512343416, 0.4666225055634414254, 0.4781364573014081909, 0.4871735315700953528, 0.5000000000000000000, 0.5128264684299046472, 0.5218635426985918091, 0.5333774944365585746, 0.5445365754487656584, 0.5552504344660789126, 0.5654844128750193821, 0.5752510829037424944, 0.5845959837461683906, 0.5935833171661862862, 0.6022846667990703340, 0.6107714582316270402, 0.6191106181496351946, 0.6273625125759517696, 0.6355803194119621358, 0.6438102107884979830, 0.6520919367175557202, 0.6604595651719307181, 0.6689422429662341685, 0.6775649091623086040, 0.6863489317812275781, 0.6953126599637194927, 0.7044718945754697703, 0.7138402851399782145, 0.7234296626261220720, 0.7439771485409665264, 0.7531208225704182357, 0.7636712153772871048, 0.7756283269947872316, 0.7889921574456442155, 0.8037627067460902941, 0.8199399749081233146, 0.8375239619408620939, 0.8565146678513982925, 0.8769120926453567444, 0.8987162363272738208, 0.9219270989008605532, 0.9465446803691922595, 0.9889668467988447231 ),
 .UNSPECIFIED. ) ;
#4418 = CARTESIAN_POINT ( 'NONE',  ( 6.193806931796396853, 2.399402252589303952, -2.286000000000002697 ) ) ;
#4419 = LOCAL_TIME ( 14, 51, 16.00000000000000000, #3106 ) ;
#4420 = EDGE_CURVE ( 'NONE', #4493, #1276, #1525, .T. ) ;
#4421 = CARTESIAN_POINT ( 'NONE',  ( 0.000000000000000000, 0.000000000000000000, -3.174999999999999822 ) ) ;
#4422 = CARTESIAN_POINT ( 'NONE',  ( -3.183680459516557981, 4.339242117764193551, -2.285999999999990706 ) ) ;
#4423 = CARTESIAN_POINT ( 'NONE',  ( -3.225246005036190411, -4.366020258804536702, 2.286000000000000476 ) ) ;
#4424 = CARTESIAN_POINT ( 'NONE',  ( 2.327079695769370904, -5.464737068976782020, 2.286000000000000476 ) ) ;
#4425 = CARTESIAN_POINT ( 'NONE',  ( 4.422841945095523641, 2.396986420425921693, 2.286000000000000476 ) ) ;
#4426 = CARTESIAN_POINT ( 'NONE',  ( -2.408368181655959894, 5.904012904798279671, -2.286000000000000920 ) ) ;
#4427 = CARTESIAN_POINT ( 'NONE',  ( 0.7992465585685045726, 6.181594833392607846, 2.286000000000000476 ) ) ;
#4428 = VERTEX_POINT ( 'NONE', #4188 ) ;
#4429 = CARTESIAN_POINT ( 'NONE',  ( 2.514012115883947907, -4.354396715554732289, -2.285999999999994259 ) ) ;
#4430 = CARTESIAN_POINT ( 'NONE',  ( -0.1981792459797999950, 5.038390598587967339, 2.286000000000000476 ) ) ;
#4431 = CARTESIAN_POINT ( 'NONE',  ( 2.191273222451023628, 4.722047456352866490, -2.286000000000000920 ) ) ;
#4432 = CARTESIAN_POINT ( 'NONE',  ( 2.277692020846679100, 5.365664573546734317, 2.286000000000000476 ) ) ;
#4433 = CARTESIAN_POINT ( 'NONE',  ( -2.181471118769026329, -5.073758694932548607, -2.285999999999990262 ) ) ;
#4434 = CARTESIAN_POINT ( 'NONE',  ( 0.8662984254189463051, -6.317209250654444830, -2.286000000000000920 ) ) ;
#4435 = CARTESIAN_POINT ( 'NONE',  ( -4.164293022777179942, -5.174846770538141350, 2.286000000000000476 ) ) ;
#4436 = CARTESIAN_POINT ( 'NONE',  ( -4.531605619798376061, 3.410305354818152335, 2.286000000000000476 ) ) ;
#4437 = CARTESIAN_POINT ( 'NONE',  ( 0.6970097785450469763, 5.680356212974282393, -2.286000000000000920 ) ) ;
#4438 = VERTEX_POINT ( 'NONE', #3069 ) ;
#4439 = CARTESIAN_POINT ( 'NONE',  ( 2.173665442670346337, 5.025101949511932453, 2.286000000000000476 ) ) ;
#4440 = CARTESIAN_POINT ( 'NONE',  ( 4.562280498011126006, -2.263428084871103696, 2.286000000000000476 ) ) ;
#4441 = CARTESIAN_POINT ( 'NONE',  ( 0.6101348444133470883, -5.393707460080332083, -2.285999999999993371 ) ) ;
#4442 = CARTESIAN_POINT ( 'NONE',  ( -5.393707460080332083, -0.6101348444133474214, -2.285999999999992482 ) ) ;
#4443 = CARTESIAN_POINT ( 'NONE',  ( 0.000000000000000000, 0.000000000000000000, -2.286000000000000920 ) ) ;
#4444 = CARTESIAN_POINT ( 'NONE',  ( 4.422841945095523641, 2.396986420425921693, -2.286000000000000920 ) ) ;
#4445 = CARTESIAN_POINT ( 'NONE',  ( -3.375777569767200337, 4.494406809309918316, -2.285999999999990706 ) ) ;
#4446 = CARTESIAN_POINT ( 'NONE',  ( -2.166710717189361368, -4.876787775934691815, 2.286000000000000476 ) ) ;
#4447 = DIRECTION ( 'NONE',  ( 0.000000000000000000, 0.000000000000000000, -1.000000000000000000 ) ) ;
#4448 = CARTESIAN_POINT ( 'NONE',  ( 6.992705799529128186, 2.232517294705869126, 2.286000000000000476 ) ) ;
#4449 = CARTESIAN_POINT ( 'NONE',  ( -3.094096482592028963, -4.292995347704374964, -2.286000000000000920 ) ) ;
#4450 = CARTESIAN_POINT ( 'NONE',  ( -0.1981792459797999950, 5.038390598587967339, 2.286000000000000476 ) ) ;
#4451 = ORIENTED_EDGE ( 'NONE', *, *, #4420, .T. ) ;
#4452 = CARTESIAN_POINT ( 'NONE',  ( 2.572579828584875550, -4.317644004947602809, 2.286000000000000476 ) ) ;
#4453 = CARTESIAN_POINT ( 'NONE',  ( -0.2621389074985172596, 5.057282611089283009, 2.286000000000000476 ) ) ;
#4454 = CARTESIAN_POINT ( 'NONE',  ( 2.993776443851753566, 4.258722005451613946, -2.286000000000000920 ) ) ;
#4455 = CARTESIAN_POINT ( 'NONE',  ( 6.246275499659565966, 0.8295454916588378413, 2.286000000000000476 ) ) ;
#4456 = CARTESIAN_POINT ( 'NONE',  ( -6.088939422080938968, 2.406359558239483665, -2.285999999999988930 ) ) ;
#4457 = CARTESIAN_POINT ( 'NONE',  ( -2.191741345851257350, -5.122257907086416040, -2.285999999999990262 ) ) ;
#4458 = CARTESIAN_POINT ( 'NONE',  ( 5.028786691589065327, 0.1355698399325900305, 2.286000000000000476 ) ) ;
#4459 = CARTESIAN_POINT ( 'NONE',  ( -4.395000467436835478, 3.265033223548862384, 2.286000000000000476 ) ) ;
#4460 = CARTESIAN_POINT ( 'NONE',  ( 0.7170584013211522834, 5.896140974621092212, -2.286000000000000920 ) ) ;
#4461 = VERTEX_POINT ( 'NONE', #298 ) ;
#4462 = CARTESIAN_POINT ( 'NONE',  ( 2.631800271163140970, 4.287272105162938551, 2.286000000000000476 ) ) ;
#4463 = CARTESIAN_POINT ( 'NONE',  ( 5.073758694932547719, -2.181471118769026329, 2.286000000000000476 ) ) ;
#4464 = CARTESIAN_POINT ( 'NONE',  ( 0.7110321314750346344, -5.975696222817057368, -2.285999999999993371 ) ) ;
#4465 = CARTESIAN_POINT ( 'NONE',  ( -6.394046406055663212, -0.9097610735845655938, -2.285999999999992482 ) ) ;
#4466 = CARTESIAN_POINT ( 'NONE',  ( 0.000000000000000000, 0.000000000000000000, -3.174999999999999822 ) ) ;
#4467 = CARTESIAN_POINT ( 'NONE',  ( 5.073758694932546831, 2.181471118769029882, -2.286000000000000920 ) ) ;
#4468 = CARTESIAN_POINT ( 'NONE',  ( -2.263428084871105472, 4.562280498011124230, -2.285999999999990706 ) ) ;
#4469 = VERTEX_POINT ( 'NONE', #3044 ) ;
#4470 = CARTESIAN_POINT ( 'NONE',  ( 2.256044226555256049, -5.316625765703148154, 2.286000000000000476 ) ) ;
#4471 = CARTESIAN_POINT ( 'NONE',  ( 4.366020258804534038, 3.225246005036193075, 2.286000000000000476 ) ) ;
#4472 = CARTESIAN_POINT ( 'NONE',  ( -3.045439027948420030, -4.274124979574707162, -2.286000000000000920 ) ) ;
#4473 = CARTESIAN_POINT ( 'NONE',  ( 0.5875270965913534926, 5.349734136913458116, 2.286000000000000476 ) ) ;
#4474 = ORIENTED_EDGE ( 'NONE', *, *, #3323, .F. ) ;
#4475 = CARTESIAN_POINT ( 'NONE',  ( 3.340134799346917482, -4.459232637575092362, -2.285999999999994259 ) ) ;
#4476 = CARTESIAN_POINT ( 'NONE',  ( 0.4213890162108044346, 5.147865004549771584, 2.286000000000000476 ) ) ;
#4477 = CARTESIAN_POINT ( 'NONE',  ( 3.265033223548859720, 4.395000467436837255, -2.286000000000000920 ) ) ;
#4478 = CARTESIAN_POINT ( 'NONE',  ( -6.865202557841988629, 2.272426521261467602, -2.285999999999988930 ) ) ;
#4479 = CARTESIAN_POINT ( 'NONE',  ( -2.631800271163144078, -4.287272105162937663, -2.285999999999990262 ) ) ;
#4480 = CARTESIAN_POINT ( 'NONE',  ( 5.306777461419535769, 0.5619673642293576687, 2.286000000000000476 ) ) ;
#4481 = EDGE_CURVE ( 'NONE', #980, #4112, #3850, .T. ) ;
#4482 = CARTESIAN_POINT ( 'NONE',  ( -5.128438219115364127, 4.069996442506885970, 2.286000000000000476 ) ) ;
#4483 = CARTESIAN_POINT ( 'NONE',  ( 4.994660515912102028, -3.841545219201187411, -2.285999999999994259 ) ) ;
#4484 = VERTEX_POINT ( 'NONE', #1931 ) ;
#4485 = CARTESIAN_POINT ( 'NONE',  ( 2.993776443851753566, 4.258722005451613946, 2.286000000000000476 ) ) ;
#4486 = CARTESIAN_POINT ( 'NONE',  ( 4.422841945095527194, -2.396986420425919029, 2.286000000000000476 ) ) ;
#4487 = CARTESIAN_POINT ( 'NONE',  ( 0.9605012029655753958, -6.476356000746373631, -2.285999999999993371 ) ) ;
#4488 = CARTESIAN_POINT ( 'NONE',  ( -5.352640503693421259, 4.635926943805793954, -2.286000000000000920 ) ) ;
#4489 = CARTESIAN_POINT ( 'NONE',  ( -5.611834548134894796, 2.376926607282872084, 2.286000000000000476 ) ) ;
#4490 = CARTESIAN_POINT ( 'NONE',  ( 6.427404040144038433, 2.370488230432060028, 2.286000000000000476 ) ) ;
#4491 = CARTESIAN_POINT ( 'NONE',  ( 5.267837672253019576, 2.236549931580966266, -2.286000000000000920 ) ) ;
#4492 = CARTESIAN_POINT ( 'NONE',  ( -2.170794788144384313, 4.826063829536959560, 2.286000000000000476 ) ) ;
#4493 = VERTEX_POINT ( 'NONE', #4239 ) ;
#4494 = VECTOR ( 'NONE', #193, 1000.000000000000000 ) ;
#4495 = CARTESIAN_POINT ( 'NONE',  ( -5.753041440904884674, -2.398629593088692946, -2.286000000000000920 ) ) ;
#4496 = CARTESIAN_POINT ( 'NONE',  ( -5.128438219115361463, -4.069996442506889522, -2.285999999999997812 ) ) ;
#4497 = CARTESIAN_POINT ( 'NONE',  ( -2.819336768032401963, -4.241326470143099492, -2.286000000000000920 ) ) ;
#4498 = CARTESIAN_POINT ( 'NONE',  ( 0.1355698399325886427, 5.028786691589064439, 2.286000000000000476 ) ) ;
#4499 = ORIENTED_EDGE ( 'NONE', *, *, #968, .T. ) ;
#4500 = CARTESIAN_POINT ( 'NONE',  ( 2.631800271163145855, -4.287272105162935887, -2.285999999999994259 ) ) ;
#4501 = CARTESIAN_POINT ( 'NONE',  ( 0.5003650740925656981, 5.224220325235549467, 2.286000000000000476 ) ) ;
#4502 = CARTESIAN_POINT ( 'NONE',  ( -6.246275499659564190, 0.8295454916588372862, -2.286000000000000920 ) ) ;
#4503 = CARTESIAN_POINT ( 'NONE',  ( -6.427404040144042874, 2.370488230432056032, 2.286000000000000476 ) ) ;
#4504 = CARTESIAN_POINT ( 'NONE',  ( -2.191273222451026736, -4.722047456352865602, -2.285999999999990262 ) ) ;
#4505 = CARTESIAN_POINT ( 'NONE',  ( 5.038390598587967339, 0.1981792459797990791, 2.286000000000000476 ) ) ;
#4506 = B_SPLINE_SURFACE_WITH_KNOTS ( 'NONE', 3, 1, ( 
 ( #3963, #22 ),
 ( #408, #483 ),
 ( #457, #2441 ),
 ( #3206, #3103 ),
 ( #4683, #2747 ),
 ( #2042, #819 ),
 ( #3555, #2368 ),
 ( #3990, #4707 ),
 ( #3912, #71 ),
 ( #1277, #4656 ),
 ( #2770, #1226 ),
 ( #509, #2066 ),
 ( #1176, #2722 ),
 ( #198, #3658 ),
 ( #4041, #3305 ),
 ( #3682, #635 ),
 ( #1786, #1760 ),
 ( #2922, #4065 ),
 ( #145, #224 ),
 ( #2946, #4863 ),
 ( #2113, #1303 ),
 ( #2465, #3230 ),
 ( #4092, #1376 ),
 ( #2185, #4475 ),
 ( #2872, #3707 ),
 ( #4403, #994 ),
 ( #4018, #2539 ),
 ( #946, #1352 ),
 ( #2490, #2160 ),
 ( #4786, #534 ),
 ( #4888, #2896 ),
 ( #610, #2089 ),
 ( #173, #3331 ),
 ( #2847, #3734 ),
 ( #1685, #923 ),
 ( #1404, #1712 ),
 ( #584, #2135 ),
 ( #558, #4500 ),
 ( #4452, #3632 ),
 ( #1020, #4429 ),
 ( #2566, #4118 ),
 ( #3254, #4811 ),
 ( #1326, #1736 ),
 ( #3280, #4838 ),
 ( #970, #2515 ),
 ( #2307, #2996 ),
 ( #1502, #1069 ),
 ( #2232, #1044 ),
 ( #252, #4984 ),
 ( #4143, #2280 ),
 ( #2589, #3400 ),
 ( #300, #3828 ),
 ( #660, #3757 ),
 ( #3426, #2614 ),
 ( #1526, #3022 ),
 ( #1812, #2972 ),
 ( #1428, #758 ),
 ( #3377, #3353 ),
 ( #2208, #686 ),
 ( #4911, #323 ),
 ( #4524, #277 ),
 ( #3045, #1144 ),
 ( #1837, #4935 ),
 ( #4166, #5009 ),
 ( #4190, #1452 ),
 ( #3780, #4550 ),
 ( #1884, #3070 ),
 ( #2688, #4622 ),
 ( #1860, #4597 ),
 ( #4240, #4960 ),
 ( #1477, #3803 ),
 ( #4573, #1117 ),
 ( #1093, #2661 ),
 ( #2638, #4215 ),
 ( #708, #2256 ),
 ( #732, #348 ),
 ( #1909, #3451 ),
 ( #4292, #3473 ),
 ( #2010, #4648 ) ),
 .UNSPECIFIED., .F., .F., .F.,
 ( 4, 1, 1, 1, 1, 1, 1, 1, 1, 1, 1, 1, 1, 1, 1, 1, 1, 1, 1, 1, 1, 1, 1, 1, 1, 1, 1, 1, 1, 1, 1, 1, 1, 1, 1, 1, 1, 1, 1, 1, 1, 1, 1, 1, 1, 1, 1, 1, 1, 1, 1, 1, 1, 1, 1, 1, 1, 1, 1, 1, 1, 1, 1, 1, 1, 1, 1, 1, 1, 1, 1, 1, 1, 1, 1, 1, 4 ),
 ( 2, 2 ),
 ( 0.01103315318568800357, 0.05345531963080774052, 0.07807290109913955778, 0.1012837636727262902, 0.1230879073546434777, 0.1434853321486018185, 0.1624760380591380171, 0.1800600250918766854, 0.1962372932539097059, 0.2110078425543557845, 0.2243716730052127684, 0.2363287846227128952, 0.2468791774295818753, 0.2560228514590334736, 0.2765703373738778170, 0.2861597148600216745, 0.2955281054245301187, 0.3046873400362803963, 0.3136510682187723109, 0.3224350908376912850, 0.3310577570337658315, 0.3395404348280691709, 0.3479080632824442798, 0.3561897892115019060, 0.3644196805880378642, 0.3726374874240482304, 0.3808893818503648054, 0.3892285417683729598, 0.3977153332009296660, 0.4064166828338137138, 0.4154040162538316094, 0.4247489170962575056, 0.4345155871249806179, 0.4447495655339210874, 0.4554634245512343416, 0.4666225055634414254, 0.4781364573014081909, 0.4871735315700953528, 0.5000000000000000000, 0.5128264684299046472, 0.5218635426985918091, 0.5333774944365585746, 0.5445365754487656584, 0.5552504344660789126, 0.5654844128750193821, 0.5752510829037424944, 0.5845959837461683906, 0.5935833171661862862, 0.6022846667990703340, 0.6107714582316270402, 0.6191106181496351946, 0.6273625125759517696, 0.6355803194119621358, 0.6438102107884979830, 0.6520919367175557202, 0.6604595651719307181, 0.6689422429662341685, 0.6775649091623086040, 0.6863489317812275781, 0.6953126599637194927, 0.7044718945754697703, 0.7138402851399782145, 0.7234296626261220720, 0.7439771485409665264, 0.7531208225704182357, 0.7636712153772871048, 0.7756283269947872316, 0.7889921574456442155, 0.8037627067460902941, 0.8199399749081233146, 0.8375239619408620939, 0.8565146678513982925, 0.8769120926453567444, 0.8987162363272738208, 0.9219270989008605532, 0.9465446803691922595, 0.9889668468143231195 ),
 ( 0.000000000000000000, 1.000000000000000000 ),
 .UNSPECIFIED. ) ;
#4507 = CARTESIAN_POINT ( 'NONE',  ( -4.274124979574706273, 3.045439027948419142, 2.286000000000000476 ) ) ;
#4508 = CARTESIAN_POINT ( 'NONE',  ( 5.221115631088430575, -4.267941290503535434, -2.285999999999994259 ) ) ;
#4509 = VERTEX_POINT ( 'NONE', #1194 ) ;
#4510 = CARTESIAN_POINT ( 'NONE',  ( 2.938866095189172079, 4.247487361087596724, -2.285999999999991594 ) ) ;
#4511 = CARTESIAN_POINT ( 'NONE',  ( 4.615372461749465138, -2.232778667186849031, 2.286000000000000476 ) ) ;
#4512 = EDGE_CURVE ( 'NONE', #387, #234, #4417, .T. ) ;
#4513 = CARTESIAN_POINT ( 'NONE',  ( 0.7138485327532722025, -5.840323052443587848, 2.286000000000000476 ) ) ;
#4514 = CARTESIAN_POINT ( 'NONE',  ( -2.168461455044144781, 4.976155103217880793, 2.286000000000000476 ) ) ;
#4515 = ADVANCED_FACE ( 'NONE', ( #2581, #4032 ), #4928, .F. ) ;
#4516 = DIRECTION ( 'NONE',  ( 0.000000000000000000, 0.000000000000000000, 1.000000000000000000 ) ) ;
#4517 = CARTESIAN_POINT ( 'NONE',  ( 4.668876377298398772, 2.208998909360598173, -2.286000000000000920 ) ) ;
#4518 = CARTESIAN_POINT ( 'NONE',  ( -2.181471118769029882, 5.073758694932546831, -2.285999999999990706 ) ) ;
#4519 = EDGE_LOOP ( 'NONE', ( #2756, #2731, #955, #3989 ) ) ;
#4520 = CARTESIAN_POINT ( 'NONE',  ( -4.510804669069875317, -2.301622352330630505, -2.286000000000000920 ) ) ;
#4521 = CARTESIAN_POINT ( 'NONE',  ( -4.426088753942310383, -3.303268363099254312, 2.286000000000000476 ) ) ;
#4522 = CARTESIAN_POINT ( 'NONE',  ( -3.538372490040374796, -4.700943863347388785, -2.286000000000000920 ) ) ;
#4523 = CARTESIAN_POINT ( 'NONE',  ( 1.562936208161174179, 7.172119510935933917, 2.286000000000000476 ) ) ;
#4524 = CARTESIAN_POINT ( 'NONE',  ( 2.277692020846683540, -5.365664573546732541, 2.286000000000000476 ) ) ;
#4525 = CARTESIAN_POINT ( 'NONE',  ( 1.464622183253451615, -7.081653077825840192, 2.286000000000000476 ) ) ;
#4526 = LINE ( 'NONE', #254, #1333 ) ;
#4527 = CARTESIAN_POINT ( 'NONE',  ( -7.227524615835522859, -1.626741853133589544, -2.286000000000000476 ) ) ;
#4528 = CARTESIAN_POINT ( 'NONE',  ( 3.225246005036186858, 4.366020258804537590, 2.286000000000000476 ) ) ;
#4529 = CARTESIAN_POINT ( 'NONE',  ( -3.538372490040374796, -4.700943863347388785, -2.285999999999990262 ) ) ;
#4530 = CARTESIAN_POINT ( 'NONE',  ( 5.185049666302784743, 0.4633254509012530442, -2.285999999999992482 ) ) ;
#4531 = CARTESIAN_POINT ( 'NONE',  ( 5.580159256687754699, -0.6763057282891284938, -2.286000000000000920 ) ) ;
#4532 = CARTESIAN_POINT ( 'NONE',  ( 0.8662984254189449729, 6.317209250654446606, -2.286000000000000920 ) ) ;
#4533 = ORIENTED_EDGE ( 'NONE', *, *, #1564, .F. ) ;
#4534 = CARTESIAN_POINT ( 'NONE',  ( 2.755660258758652503, 4.248665761571362331, -2.285999999999991594 ) ) ;
#4535 = CARTESIAN_POINT ( 'NONE',  ( -0.6101348444133464222, -5.393707460080332083, 2.286000000000000476 ) ) ;
#4536 = CARTESIAN_POINT ( 'NONE',  ( -4.976155103217881681, -2.168461455044143893, -2.285999999999997812 ) ) ;
#4537 = CARTESIAN_POINT ( 'NONE',  ( -4.258722005451613057, 2.993776443851756230, -2.286000000000000920 ) ) ;
#4538 = CARTESIAN_POINT ( 'NONE',  ( 9.924741844099324310E-17, -5.028024231767894925, -2.286000000000000920 ) ) ;
#4539 = CARTESIAN_POINT ( 'NONE',  ( 5.037714479379332033, 3.908841068998490709, -2.286000000000000920 ) ) ;
#4540 = AXIS2_PLACEMENT_3D ( 'NONE', #811, #1169, #4699 ) ;
#4541 = EDGE_CURVE ( 'NONE', #4428, #1521, #3650, .T. ) ;
#4542 = CARTESIAN_POINT ( 'NONE',  ( -2.398629593088693834, 5.753041440904883785, -2.285999999999990706 ) ) ;
#4543 = B_SPLINE_CURVE_WITH_KNOTS ( 'NONE', 3,
 ( #1183, #1158, #361, #5023, #3086, #2701, #1565, #3109, #2727, #3631, #2537, #1018, #1710, #2158, #2870, #171, #582, #4038, #1734, #1402, #2564, #2183, #2919, #4089, #1350, #533, #2462, #608, #3252, #4016, #2894, #3329, #3705, #2087, #4910, #222, #4450, #2111, #2944, #3352, #3278, #4498, #3303, #4861, #143, #4836, #1374, #2971, #921, #967, #4116, #4473, #633, #4809, #4885, #2513, #4063, #3732, #2488, #250, #1810, #1784, #1427, #992, #1324, #2133, #4427, #945, #556, #3656, #3680, #196, #1758, #2636, #1092, #299, #4189, #4523, #1043 ),
 .UNSPECIFIED., .F., .F.,
 ( 4, 1, 1, 1, 1, 1, 1, 1, 1, 1, 1, 1, 1, 1, 1, 1, 1, 1, 1, 1, 1, 1, 1, 1, 1, 1, 1, 1, 1, 1, 1, 1, 1, 1, 1, 1, 1, 1, 1, 1, 1, 1, 1, 1, 1, 1, 1, 1, 1, 1, 1, 1, 1, 1, 1, 1, 1, 1, 1, 1, 1, 1, 1, 1, 1, 1, 1, 1, 1, 1, 1, 1, 1, 1, 1, 1, 4 ),
 ( 0.01103315320115379715, 0.05345531963080774052, 0.07807290109913955778, 0.1012837636727262902, 0.1230879073546434777, 0.1434853321486018185, 0.1624760380591380171, 0.1800600250918767131, 0.1962372932539097059, 0.2110078425543557845, 0.2243716730052127684, 0.2363287846227128952, 0.2468791774295818753, 0.2560228514590334736, 0.2765703373738778170, 0.2861597148600216745, 0.2955281054245301187, 0.3046873400362803963, 0.3136510682187723109, 0.3224350908376912850, 0.3310577570337658315, 0.3395404348280691709, 0.3479080632824442798, 0.3561897892115019060, 0.3644196805880378642, 0.3726374874240482304, 0.3808893818503648054, 0.3892285417683729598, 0.3977153332009296660, 0.4064166828338137138, 0.4154040162538316094, 0.4247489170962575056, 0.4345155871249806179, 0.4447495655339210874, 0.4554634245512343416, 0.4666225055634414254, 0.4781364573014081909, 0.4871735315700953528, 0.5000000000000000000, 0.5128264684299046472, 0.5218635426985918091, 0.5333774944365585746, 0.5445365754487656584, 0.5552504344660789126, 0.5654844128750193821, 0.5752510829037424944, 0.5845959837461683906, 0.5935833171661862862, 0.6022846667990703340, 0.6107714582316270402, 0.6191106181496351946, 0.6273625125759517696, 0.6355803194119621358, 0.6438102107884979830, 0.6520919367175557202, 0.6604595651719307181, 0.6689422429662342795, 0.6775649091623086040, 0.6863489317812275781, 0.6953126599637194927, 0.7044718945754697703, 0.7138402851399782145, 0.7234296626261220720, 0.7439771485409665264, 0.7531208225704182357, 0.7636712153772871048, 0.7756283269947872316, 0.7889921574456442155, 0.8037627067460902941, 0.8199399749081233146, 0.8375239619408620939, 0.8565146678513982925, 0.8769120926453567444, 0.8987162363272738208, 0.9219270989008605532, 0.9465446803691922595, 0.9889668467988447231 ),
 .UNSPECIFIED. ) ;
#4544 = VECTOR ( 'NONE', #4110, 1000.000000000000000 ) ;
#4545 = CARTESIAN_POINT ( 'NONE',  ( -5.073758694932547719, -2.181471118769028550, -2.286000000000000920 ) ) ;
#4546 = CARTESIAN_POINT ( 'NONE',  ( 5.429769591381422345, 4.939602216290231773, -2.286000000000002252 ) ) ;
#4547 = CARTESIAN_POINT ( 'NONE',  ( -4.570827893707973821, -3.443806281393320123, 2.286000000000000476 ) ) ;
#4548 = CARTESIAN_POINT ( 'NONE',  ( -3.841545219201187411, -4.994660515912103804, -2.286000000000000920 ) ) ;
#4549 = CARTESIAN_POINT ( 'NONE',  ( 2.204962537674554746, 7.072590850445099164, -2.285999999999991150 ) ) ;
#4550 = CARTESIAN_POINT ( 'NONE',  ( 2.391450586719569671, -5.690277883870090925, -2.285999999999994259 ) ) ;
#4551 = CARTESIAN_POINT ( 'NONE',  ( 0.6970097785450480865, -5.680356212974283281, 2.286000000000000476 ) ) ;
#4552 = CARTESIAN_POINT ( 'NONE',  ( -5.580159256687754699, 0.6763057282891278277, -2.286000000000000920 ) ) ;
#4553 = CARTESIAN_POINT ( 'NONE',  ( 0.000000000000000000, 0.000000000000000000, -2.286000000000000476 ) ) ;
#4554 = CARTESIAN_POINT ( 'NONE',  ( 0.000000000000000000, 0.000000000000000000, 2.286000000000000476 ) ) ;
#4555 = CARTESIAN_POINT ( 'NONE',  ( -3.908841068998488932, -5.037714479379337362, -2.285999999999990262 ) ) ;
#4556 = CARTESIAN_POINT ( 'NONE',  ( 5.082764852903506991, 0.3209540278680262371, -2.285999999999992482 ) ) ;
#4557 = CARTESIAN_POINT ( 'NONE',  ( 5.349734136913458116, 0.5875270965913544918, -2.286000000000000920 ) ) ;
#4558 = DIRECTION ( 'NONE',  ( 0.000000000000000000, 1.000000000000000000, 0.000000000000000000 ) ) ;
#4559 = CARTESIAN_POINT ( 'NONE',  ( 3.443806281393315238, 4.570827893707977374, 2.286000000000000476 ) ) ;
#4560 = DIRECTION ( 'NONE',  ( -0.000000000000000000, -0.000000000000000000, 1.000000000000000000 ) ) ;
#4561 = CARTESIAN_POINT ( 'NONE',  ( -0.1981792459797997452, -5.038390598587966451, 2.286000000000000476 ) ) ;
#4562 = CARTESIAN_POINT ( 'NONE',  ( -6.193806931796397741, -2.399402252589303064, -2.285999999999997812 ) ) ;
#4563 = CARTESIAN_POINT ( 'NONE',  ( -2.232517294705869126, 6.992705799529128186, 2.286000000000000476 ) ) ;
#4564 = CARTESIAN_POINT ( 'NONE',  ( -5.028024231767894925, -4.071251075144873460E-16, 2.286000000000000476 ) ) ;
#4565 = FACE_OUTER_BOUND ( 'NONE', #3466, .T. ) ;
#4566 = CARTESIAN_POINT ( 'NONE',  ( 2.370488230432057808, -6.427404040144040209, -2.286000000000000920 ) ) ;
#4567 = CARTESIAN_POINT ( 'NONE',  ( 2.376926607282869419, 5.611834548134894796, -2.286000000000000920 ) ) ;
#4568 = EDGE_CURVE ( 'NONE', #234, #2538, #164, .T. ) ;
#4569 = CARTESIAN_POINT ( 'NONE',  ( -7.072590850445158672, -2.204962537674541423, -2.285999999999997812 ) ) ;
#4570 = CARTESIAN_POINT ( 'NONE',  ( -5.266605046998201978, -4.381051063935449186, 2.286000000000000476 ) ) ;
#4571 = DIRECTION ( 'NONE',  ( -0.000000000000000000, -0.000000000000000000, 1.000000000000000000 ) ) ;
#4572 = CARTESIAN_POINT ( 'NONE',  ( 2.204962537674554746, 7.072590850445099164, 2.286000000000000920 ) ) ;
#4573 = CARTESIAN_POINT ( 'NONE',  ( 2.399402252589301732, -6.193806931796397741, 2.286000000000000476 ) ) ;
#4574 = CARTESIAN_POINT ( 'NONE',  ( 1.626741853203425681, 7.227524615896165017, 2.286000000000000476 ) ) ;
#4575 = AXIS2_PLACEMENT_3D ( 'NONE', #3399, #3802, #3021 ) ;
#4576 = CARTESIAN_POINT ( 'NONE',  ( 6.953486125426932674, -1.338510251577863519, 2.286000000000000476 ) ) ;
#4577 = CARTESIAN_POINT ( 'NONE',  ( -4.241326470143099492, 2.819336768032401075, 2.286000000000000476 ) ) ;
#4578 = CARTESIAN_POINT ( 'NONE',  ( 4.635926943805791289, 5.352640503693422147, 2.286000000000000476 ) ) ;
#4579 = CARTESIAN_POINT ( 'NONE',  ( -2.880640466208733930, -4.241329277686507027, 2.286000000000000920 ) ) ;
#4580 = CARTESIAN_POINT ( 'NONE',  ( 6.751539294367503885, -1.160798993145838676, -2.285999999999992482 ) ) ;
#4581 = CARTESIAN_POINT ( 'NONE',  ( 5.057282611089284785, -0.2621389074985155943, -2.286000000000000920 ) ) ;
#4582 = CARTESIAN_POINT ( 'NONE',  ( -3.960097721574094010, 0.000000000000000000, -2.286000000000000920 ) ) ;
#4583 = DIRECTION ( 'NONE',  ( 0.000000000000000000, -0.000000000000000000, 1.000000000000000000 ) ) ;
#4584 = CARTESIAN_POINT ( 'NONE',  ( 5.082526083828512675, -3.984899404126267086, 2.286000000000000476 ) ) ;
#4585 = CARTESIAN_POINT ( 'NONE',  ( -0.6763057282891281607, -5.580159256687754699, -2.285999999999993371 ) ) ;
#4586 = CARTESIAN_POINT ( 'NONE',  ( -4.826063829536959560, -2.170794788144383869, -2.285999999999997812 ) ) ;
#4587 = CARTESIAN_POINT ( 'NONE',  ( -4.531605619798376061, 3.410305354818152335, -2.286000000000000920 ) ) ;
#4588 = CARTESIAN_POINT ( 'NONE',  ( 7.072590850445100052, -2.204962537674560075, 2.286000000000000920 ) ) ;
#4589 = CARTESIAN_POINT ( 'NONE',  ( -5.484739481868279753, 0.6476699409902356708, 2.286000000000000476 ) ) ;
#4590 = CARTESIAN_POINT ( 'NONE',  ( -0.6763057282891281607, -5.580159256687754699, -2.286000000000000920 ) ) ;
#4591 = CARTESIAN_POINT ( 'NONE',  ( 4.426088753942309495, 3.303268363099254756, -2.286000000000000920 ) ) ;
#4592 = VERTEX_POINT ( 'NONE', #1728 ) ;
#4593 = CARTESIAN_POINT ( 'NONE',  ( 2.347567037772629206, 4.462463875555766180, -2.286000000000000920 ) ) ;
#4594 = CARTESIAN_POINT ( 'NONE',  ( 4.994660515912102028, 3.841545219201190964, -2.286000000000002697 ) ) ;
#4595 = CARTESIAN_POINT ( 'NONE',  ( -5.400580374566925634, -4.809226556586335910, 2.286000000000000476 ) ) ;
#4596 = CARTESIAN_POINT ( 'NONE',  ( -2.256044226555254273, -5.316625765703149931, -2.286000000000000920 ) ) ;
#4597 = CARTESIAN_POINT ( 'NONE',  ( 2.408368181655957674, -5.904012904798280559, -2.285999999999994259 ) ) ;
#4598 = CARTESIAN_POINT ( 'NONE',  ( 0.9097610735845630403, 6.394046406055662324, -2.285999999999994259 ) ) ;
#4599 = CARTESIAN_POINT ( 'NONE',  ( -6.851020669089141535, 1.244985501274097794, -2.286000000000000920 ) ) ;
#4600 = CARTESIAN_POINT ( 'NONE',  ( -4.274124979574706273, 3.045439027948419142, -2.285999999999988930 ) ) ;
#4601 = CARTESIAN_POINT ( 'NONE',  ( 3.841545219201184302, 4.994660515912105581, 2.286000000000000476 ) ) ;
#4602 = CARTESIAN_POINT ( 'NONE',  ( -3.984899404126267086, -5.082526083828513563, 2.286000000000000920 ) ) ;
#4603 = CARTESIAN_POINT ( 'NONE',  ( 5.785647839301008233, -0.7102931347230232451, 2.286000000000000476 ) ) ;
#4604 = CARTESIAN_POINT ( 'NONE',  ( 5.185049666302784743, 0.4633254509012530442, -2.286000000000000920 ) ) ;
#4605 = CARTESIAN_POINT ( 'NONE',  ( 3.960097721574094010, 4.849720999036440782E-16, 3.174999999999999822 ) ) ;
#4606 = CARTESIAN_POINT ( 'NONE',  ( -4.700943863347387008, -3.538372490040377016, 2.286000000000000476 ) ) ;
#4607 =( NAMED_UNIT ( * ) SI_UNIT ( $, .STERADIAN. ) SOLID_ANGLE_UNIT ( ) );
#4608 = CARTESIAN_POINT ( 'NONE',  ( -0.6630252695113224570, -5.531876145198175720, -2.285999999999993371 ) ) ;
#4609 = CARTESIAN_POINT ( 'NONE',  ( -5.219213881833812074, -2.219332909268643572, 2.286000000000000476 ) ) ;
#4610 = CARTESIAN_POINT ( 'NONE',  ( -4.462463875555764403, 2.347567037772631426, -2.286000000000000920 ) ) ;
#4611 = CARTESIAN_POINT ( 'NONE',  ( 6.992705799587968230, -2.232517294687449638, 2.286000000000000476 ) ) ;
#4612 = CARTESIAN_POINT ( 'NONE',  ( -5.082764852903506103, 0.3209540278680260150, 2.286000000000000476 ) ) ;
#4613 = ORIENTED_EDGE ( 'NONE', *, *, #2397, .F. ) ;
#4614 = DIRECTION ( 'NONE',  ( 1.000000000000000000, 0.000000000000000000, 0.000000000000000000 ) ) ;
#4615 = CARTESIAN_POINT ( 'NONE',  ( 4.864396098905571009, 3.671527976878548927, -2.286000000000000920 ) ) ;
#4616 = EDGE_LOOP ( 'NONE', ( #4137, #4979 ) ) ;
#4617 = CARTESIAN_POINT ( 'NONE',  ( 4.287272105162936775, -2.631800271163144078, -2.286000000000000920 ) ) ;
#4618 = CARTESIAN_POINT ( 'NONE',  ( 4.494406809309918316, 3.375777569767200337, -2.286000000000002697 ) ) ;
#4619 = CARTESIAN_POINT ( 'NONE',  ( -4.247487361087594948, -2.938866095189177852, -2.285999999999997812 ) ) ;
#4620 = AXIS2_PLACEMENT_3D ( 'NONE', #1010, #2102, #4853 ) ;
#4621 = CARTESIAN_POINT ( 'NONE',  ( -2.277692020846683096, -5.365664573546734317, -2.286000000000000920 ) ) ;
#4622 = CARTESIAN_POINT ( 'NONE',  ( 2.404730280458377223, -5.824206007570938759, -2.285999999999994259 ) ) ;
#4623 = CARTESIAN_POINT ( 'NONE',  ( 1.338510251577864185, -6.953486125426932674, 2.286000000000000476 ) ) ;
#4624 = AXIS2_PLACEMENT_3D ( 'NONE', #1852, #315, #4614 ) ;
#4625 = CARTESIAN_POINT ( 'NONE',  ( -5.840323052443587848, -0.7138485327532726465, -2.286000000000000920 ) ) ;
#4626 = CARTESIAN_POINT ( 'NONE',  ( -4.395000467436835478, 3.265033223548862384, -2.285999999999988930 ) ) ;
#4627 = CARTESIAN_POINT ( 'NONE',  ( 4.503699405991244298, -5.310665190646408185, 2.286000000000000476 ) ) ;
#4628 = CARTESIAN_POINT ( 'NONE',  ( -2.993776443851757119, -4.258722005451613057, 2.286000000000000920 ) ) ;
#4629 = CARTESIAN_POINT ( 'NONE',  ( -2.272426521269213406, 6.865202557812140505, -2.286000000000000920 ) ) ;
#4630 = CARTESIAN_POINT ( 'NONE',  ( 5.840323052443587848, 0.7138485327532718694, -2.286000000000000920 ) ) ;
#4631 = CARTESIAN_POINT ( 'NONE',  ( -0.6876082620354390107, 5.629638264086795907, -2.286000000000000920 ) ) ;
#4632 = CARTESIAN_POINT ( 'NONE',  ( -5.128438219115361463, -4.069996442506889522, 2.286000000000000476 ) ) ;
#4633 = CARTESIAN_POINT ( 'NONE',  ( -4.494406809309919204, -3.375777569767199449, -2.286000000000000920 ) ) ;
#4634 = CARTESIAN_POINT ( 'NONE',  ( 4.747678667655629070, -3.569061278851721752, 2.286000000000000476 ) ) ;
#4635 = CARTESIAN_POINT ( 'NONE',  ( -0.4633254509012526001, -5.185049666302785631, -2.285999999999993371 ) ) ;
#4636 = CARTESIAN_POINT ( 'NONE',  ( -5.122257907086414264, -2.191741345851260014, 2.286000000000000476 ) ) ;
#4637 = EDGE_CURVE ( 'NONE', #4871, #2005, #167, .T. ) ;
#4638 = DIRECTION ( 'NONE',  ( -0.000000000000000000, -0.000000000000000000, -1.000000000000000000 ) ) ;
#4639 = CARTESIAN_POINT ( 'NONE',  ( 5.611834548134893907, -2.376926607282873860, -2.285999999999994259 ) ) ;
#4640 = CARTESIAN_POINT ( 'NONE',  ( -5.038390598587967339, -0.1981792459797996897, 2.286000000000000476 ) ) ;
#4641 = ORIENTED_EDGE ( 'NONE', *, *, #2523, .F. ) ;
#4642 = CARTESIAN_POINT ( 'NONE',  ( -0.7740819819406975499, -6.123650495384040937, -2.286000000000000920 ) ) ;
#4643 = CARTESIAN_POINT ( 'NONE',  ( 4.953794882336378436, 3.782965240303920229, -2.286000000000000920 ) ) ;
#4644 = DIRECTION ( 'NONE',  ( -0.000000000000000000, -0.000000000000000000, 1.000000000000000000 ) ) ;
#4645 = CARTESIAN_POINT ( 'NONE',  ( 5.352640503693416818, 4.635926943805799283, 2.286000000000000476 ) ) ;
#4646 = CARTESIAN_POINT ( 'NONE',  ( -4.317644004947601921, -2.572579828584876882, -2.285999999999997812 ) ) ;
#4647 = CARTESIAN_POINT ( 'NONE',  ( 3.960097721574094010, 4.849720999036440782E-16, 2.286000000000000476 ) ) ;
#4648 = CARTESIAN_POINT ( 'NONE',  ( 2.204962537674539202, -7.072590850445158672, -2.285999999999994259 ) ) ;
#4649 = CARTESIAN_POINT ( 'NONE',  ( -1.626741853133637505, -7.227524615835563715, 2.286000000000000476 ) ) ;
#4650 = CARTESIAN_POINT ( 'NONE',  ( -5.082764852903506103, 0.3209540278680260150, -2.286000000000000920 ) ) ;
#4651 = CARTESIAN_POINT ( 'NONE',  ( -4.274124979574706273, 3.045439027948419142, 2.286000000000000476 ) ) ;
#4652 = CARTESIAN_POINT ( 'NONE',  ( 3.140066744230174400, -4.314820411705333036, 2.286000000000000476 ) ) ;
#4653 = CARTESIAN_POINT ( 'NONE',  ( 4.570827893707972933, 3.443806281393321012, 2.286000000000000476 ) ) ;
#4654 = CARTESIAN_POINT ( 'NONE',  ( 5.264891270736411499, -0.5330684818325869267, 2.286000000000000476 ) ) ;
#4655 = VECTOR ( 'NONE', #3338, 1000.000000000000000 ) ;
#4656 = CARTESIAN_POINT ( 'NONE',  ( 3.984899404126269751, -5.082526083828511787, -2.285999999999994259 ) ) ;
#4657 = CARTESIAN_POINT ( 'NONE',  ( -1.562936208206543443, 7.172119510977680079, -2.285999999999994259 ) ) ;
#4658 = CARTESIAN_POINT ( 'NONE',  ( 5.022562078221622706, 5.445848997241736988, 2.286000000000000476 ) ) ;
#4659 = DATE_AND_TIME ( #5049, #4748 ) ;
#4660 = CARTESIAN_POINT ( 'NONE',  ( -0.8295454916588376193, -6.246275499659564190, 2.286000000000000476 ) ) ;
#4661 = DIRECTION ( 'NONE',  ( 1.000000000000000000, 0.000000000000000000, 0.000000000000000000 ) ) ;
#4662 = CIRCLE ( 'NONE', #1988, 7.408333222071330049 ) ;
#4663 = CARTESIAN_POINT ( 'NONE',  ( -4.264284629575964658, 2.690823560815334137, -2.286000000000000920 ) ) ;
#4664 = EDGE_CURVE ( 'NONE', #4461, #909, #2835, .T. ) ;
#4665 = CARTESIAN_POINT ( 'NONE',  ( 6.555650691920508422, -2.347321263097897237, -2.285999999999994259 ) ) ;
#4666 = CARTESIAN_POINT ( 'NONE',  ( -3.841545219201190964, 4.994660515912102028, 2.286000000000000476 ) ) ;
#4667 = CARTESIAN_POINT ( 'NONE',  ( -5.028786691589064439, 0.1355698399325889481, -2.285999999999992482 ) ) ;
#4668 = ORIENTED_EDGE ( 'NONE', *, *, #4197, .T. ) ;
#4669 = CARTESIAN_POINT ( 'NONE',  ( 7.172119510977680079, 1.562936208206542110, -2.285999999999992482 ) ) ;
#4670 = CARTESIAN_POINT ( 'NONE',  ( 2.191273222451028513, -4.722047456352864714, -2.286000000000000920 ) ) ;
#4671 = ADVANCED_FACE ( 'NONE', ( #4338 ), #4181, .T. ) ;
#4672 = CARTESIAN_POINT ( 'NONE',  ( 4.354396715554733177, -2.514012115883947018, -2.286000000000000920 ) ) ;
#4673 = CARTESIAN_POINT ( 'NONE',  ( 4.287272105162934999, 2.631800271163147631, -2.286000000000002697 ) ) ;
#4674 = CARTESIAN_POINT ( 'NONE',  ( -4.462463875555763515, -2.347567037772633203, -2.285999999999997812 ) ) ;
#4675 = CARTESIAN_POINT ( 'NONE',  ( -2.232517294705890443, -6.992705799529050026, -2.286000000000000920 ) ) ;
#4676 = CARTESIAN_POINT ( 'NONE',  ( -3.569061278851724861, 4.747678667655626406, -2.285999999999990706 ) ) ;
#4677 = CARTESIAN_POINT ( 'NONE',  ( -6.555650691920508422, 2.347321263097895461, 2.286000000000000476 ) ) ;
#4678 = CARTESIAN_POINT ( 'NONE',  ( -2.272426521269203192, -6.865202557812162709, 2.286000000000000476 ) ) ;
#4679 = CARTESIAN_POINT ( 'NONE',  ( -4.774490053667271638, 2.178781297287127217, 2.286000000000000476 ) ) ;
#4680 = CARTESIAN_POINT ( 'NONE',  ( 2.170794788144382537, -4.826063829536960448, 2.286000000000000476 ) ) ;
#4681 = CARTESIAN_POINT ( 'NONE',  ( 4.655371438823707742, 3.507955818454327801, 2.286000000000000476 ) ) ;
#4682 = CARTESIAN_POINT ( 'NONE',  ( 6.476356000746373631, -0.9605012029655752848, -2.285999999999992482 ) ) ;
#4683 = CARTESIAN_POINT ( 'NONE',  ( 4.503699405991244298, -5.310665190646408185, 2.286000000000000476 ) ) ;
#4684 = CARTESIAN_POINT ( 'NONE',  ( -0.6876082620354390107, 5.629638264086795907, -2.285999999999994259 ) ) ;
#4685 = CARTESIAN_POINT ( 'NONE',  ( 3.782965240303913124, 4.953794882336383765, -2.285999999999991594 ) ) ;
#4686 = APPROVAL_DATE_TIME ( #4737, #2794 ) ;
#4687 = CARTESIAN_POINT ( 'NONE',  ( -0.7138485327532713143, -5.840323052443586960, -2.285999999999993371 ) ) ;
#4688 = CARTESIAN_POINT ( 'NONE',  ( -2.347321263097896349, -6.555650691920510198, -2.285999999999990262 ) ) ;
#4689 = CARTESIAN_POINT ( 'NONE',  ( 4.241326470143098604, -2.819336768032401963, 2.286000000000000476 ) ) ;
#4690 = CARTESIAN_POINT ( 'NONE',  ( 6.306703394980817556, -2.387648127366833961, -2.285999999999994259 ) ) ;
#4691 = CARTESIAN_POINT ( 'NONE',  ( -4.164293022777183495, 5.174846770538136909, 2.286000000000000476 ) ) ;
#4692 = CARTESIAN_POINT ( 'NONE',  ( -6.563695275366480786, 1.018960161258257280, -2.285999999999992482 ) ) ;
#4693 = ORIENTED_EDGE ( 'NONE', *, *, #2608, .F. ) ;
#4694 = CARTESIAN_POINT ( 'NONE',  ( 3.984899404126269751, -5.082526083828511787, -2.286000000000000920 ) ) ;
#4695 = DIRECTION ( 'NONE',  ( -0.000000000000000000, 0.000000000000000000, -1.000000000000000000 ) ) ;
#4696 = CARTESIAN_POINT ( 'NONE',  ( 4.274124979574701833, 3.045439027948421806, 2.286000000000000476 ) ) ;
#4697 = EDGE_CURVE ( 'NONE', #1263, #418, #4000, .T. ) ;
#4698 = CARTESIAN_POINT ( 'NONE',  ( -5.113419133395583849, -0.3740431840629608318, 2.286000000000000476 ) ) ;
#4699 = DIRECTION ( 'NONE',  ( -1.000000000000000000, 0.000000000000000000, 0.000000000000000000 ) ) ;
#4700 = CARTESIAN_POINT ( 'NONE',  ( -0.3740431840629592775, -5.113419133395584737, 2.286000000000000476 ) ) ;
#4701 = CARTESIAN_POINT ( 'NONE',  ( -5.438698666219212718, 0.6301014820750937551, -2.286000000000000920 ) ) ;
#4702 = CARTESIAN_POINT ( 'NONE',  ( -5.221115631088431464, 4.267941290503534546, -2.285999999999988930 ) ) ;
#4703 = CARTESIAN_POINT ( 'NONE',  ( 3.569061278851723085, -4.747678667655629070, 2.286000000000000476 ) ) ;
#4704 = DIRECTION ( 'NONE',  ( 0.000000000000000000, -0.000000000000000000, 1.000000000000000000 ) ) ;
#4705 = CARTESIAN_POINT ( 'NONE',  ( -2.399402252589303952, 6.193806931796396853, -2.286000000000000920 ) ) ;
#4706 = VECTOR ( 'NONE', #4704, 1000.000000000000000 ) ;
#4707 = CARTESIAN_POINT ( 'NONE',  ( 4.164293022777181719, -5.174846770538138685, -2.285999999999994259 ) ) ;
#4708 = CARTESIAN_POINT ( 'NONE',  ( -0.7740819819406987712, 6.123650495384040937, -2.285999999999994259 ) ) ;
#4709 = CARTESIAN_POINT ( 'NONE',  ( -6.865202557812160933, -2.272426521269207189, 2.286000000000000476 ) ) ;
#4710 = CARTESIAN_POINT ( 'NONE',  ( -4.459232637575090585, -3.340134799346918815, -2.286000000000000920 ) ) ;
#4711 = DATE_AND_TIME ( #1206, #1088 ) ;
#4712 = CARTESIAN_POINT ( 'NONE',  ( 2.398629593088686285, 5.753041440904888226, 2.286000000000000476 ) ) ;
#4713 = CARTESIAN_POINT ( 'NONE',  ( -2.387648127366837514, 6.306703394980817556, 2.286000000000000476 ) ) ;
#4714 = CARTESIAN_POINT ( 'NONE',  ( 4.615372461749465138, -2.232778667186849031, 2.286000000000000476 ) ) ;
#4715 = CARTESIAN_POINT ( 'NONE',  ( 2.301950562403208167, 5.414792396100660987, -2.285999999999991594 ) ) ;
#4716 = CARTESIAN_POINT ( 'NONE',  ( -5.352640503693421259, 4.635926943805793954, -2.285999999999988930 ) ) ;
#4717 = CARTESIAN_POINT ( 'NONE',  ( -5.785647839301008233, 0.7102931347230225789, -2.285999999999992482 ) ) ;
#4718 = VERTEX_POINT ( 'NONE', #3617 ) ;
#4719 = CARTESIAN_POINT ( 'NONE',  ( -6.851020669089140647, -1.244985501274099571, -2.285999999999992482 ) ) ;
#4720 = CARTESIAN_POINT ( 'NONE',  ( 4.292995347704374076, -3.094096482592028963, -2.286000000000000920 ) ) ;
#4721 = CARTESIAN_POINT ( 'NONE',  ( 4.354396715554731401, 2.514012115883949683, 2.286000000000000476 ) ) ;
#4722 = CARTESIAN_POINT ( 'NONE',  ( -5.082764852903506103, 0.3209540278680260150, 2.286000000000000476 ) ) ;
#4723 = CARTESIAN_POINT ( 'NONE',  ( -4.503699405991246962, 5.310665190646406408, 2.286000000000000476 ) ) ;
#4724 = CARTESIAN_POINT ( 'NONE',  ( -0.6476699409902360038, -5.484739481868279753, 2.286000000000000476 ) ) ;
#4725 = B_SPLINE_CURVE_WITH_KNOTS ( 'NONE', 3,
 ( #3123, #4344, #3572, #88, #4677, #4753, #1269, #2813, #2434, #4369, #4877, #4901, #2840, #3319, #4489, #4397, #4107, #2457, #3599, #138, #1393, #2936, #1009, #113, #625, #3224, #1679, #527, #4010, #2174, #1703, #3722, #4779, #2556, #2082, #3625, #241, #1294, #1802, #3345, #3983, #502, #2059, #916, #3312, #1359, #541, #617, #4507, #2903, #206, #180, #1820, #4459, #1028, #1334, #2929, #4436, #1386, #930, #1435, #259, #3641, #2095, #1001, #3288, #642, #3741, #4869, #155, #4482, #978, #2119, #4845, #2549, #2878, #4099, #4918, #2497 ),
 .UNSPECIFIED., .F., .F.,
 ( 4, 1, 1, 1, 1, 1, 1, 1, 1, 1, 1, 1, 1, 1, 1, 1, 1, 1, 1, 1, 1, 1, 1, 1, 1, 1, 1, 1, 1, 1, 1, 1, 1, 1, 1, 1, 1, 1, 1, 1, 1, 1, 1, 1, 1, 1, 1, 1, 1, 1, 1, 1, 1, 1, 1, 1, 1, 1, 1, 1, 1, 1, 1, 1, 1, 1, 1, 1, 1, 1, 1, 1, 1, 1, 1, 1, 4 ),
 ( 0.01103315320115380409, 0.05345531963080774052, 0.07807290109913955778, 0.1012837636727262902, 0.1230879073546434777, 0.1434853321486018185, 0.1624760380591380171, 0.1800600250918767131, 0.1962372932539097059, 0.2110078425543557845, 0.2243716730052127684, 0.2363287846227128952, 0.2468791774295818753, 0.2560228514590334736, 0.2765703373738778170, 0.2861597148600216745, 0.2955281054245301187, 0.3046873400362803963, 0.3136510682187723109, 0.3224350908376912850, 0.3310577570337658315, 0.3395404348280691709, 0.3479080632824442798, 0.3561897892115019060, 0.3644196805880378642, 0.3726374874240482304, 0.3808893818503648054, 0.3892285417683729598, 0.3977153332009296660, 0.4064166828338137138, 0.4154040162538316094, 0.4247489170962575056, 0.4345155871249806179, 0.4447495655339210874, 0.4554634245512343416, 0.4666225055634414254, 0.4781364573014081909, 0.4871735315700953528, 0.5000000000000000000, 0.5128264684299046472, 0.5218635426985918091, 0.5333774944365585746, 0.5445365754487656584, 0.5552504344660789126, 0.5654844128750193821, 0.5752510829037424944, 0.5845959837461683906, 0.5935833171661862862, 0.6022846667990703340, 0.6107714582316270402, 0.6191106181496351946, 0.6273625125759517696, 0.6355803194119621358, 0.6438102107884979830, 0.6520919367175557202, 0.6604595651719307181, 0.6689422429662342795, 0.6775649091623086040, 0.6863489317812275781, 0.6953126599637194927, 0.7044718945754697703, 0.7138402851399782145, 0.7234296626261220720, 0.7439771485409665264, 0.7531208225704182357, 0.7636712153772871048, 0.7756283269947872316, 0.7889921574456442155, 0.8037627067460902941, 0.8199399749081233146, 0.8375239619408620939, 0.8565146678513982925, 0.8769120926453567444, 0.8987162363272738208, 0.9219270989008605532, 0.9465446803691922595, 0.9889668467988447231 ),
 .UNSPECIFIED. ) ;
#4726 = ADVANCED_FACE ( 'NONE', ( #3518, #2755 ), #32, .T. ) ;
#4727 = CARTESIAN_POINT ( 'NONE',  ( -5.113419133395584737, 0.3740431840629589444, -2.286000000000000920 ) ) ;
#4728 = CARTESIAN_POINT ( 'NONE',  ( -4.655371438823710406, 3.507955818454323360, 2.286000000000000476 ) ) ;
#4729 = CARTESIAN_POINT ( 'NONE',  ( 3.265033223548865049, -4.395000467436836367, 2.286000000000000476 ) ) ;
#4730 = DIRECTION ( 'NONE',  ( 0.000000000000000000, 0.000000000000000000, 1.000000000000000000 ) ) ;
#4731 = CARTESIAN_POINT ( 'NONE',  ( -3.507955818454327801, 4.655371438823707742, -2.286000000000000920 ) ) ;
#4732 = ORIENTED_EDGE ( 'NONE', *, *, #746, .F. ) ;
#4733 = CARTESIAN_POINT ( 'NONE',  ( 5.445848997224145727, -5.022562078130886398, 2.286000000000000476 ) ) ;
#4734 = CARTESIAN_POINT ( 'NONE',  ( -0.7110321314750354116, 5.975696222817057368, 2.286000000000000476 ) ) ;
#4735 = CARTESIAN_POINT ( 'NONE',  ( -4.292995347704373188, -3.094096482592031627, 2.286000000000000476 ) ) ;
#4736 = CARTESIAN_POINT ( 'NONE',  ( -4.248665761571357891, -2.755660258758657388, -2.286000000000000920 ) ) ;
#4737 = DATE_AND_TIME ( #98, #1011 ) ;
#4738 = FACE_OUTER_BOUND ( 'NONE', #246, .T. ) ;
#4739 = CARTESIAN_POINT ( 'NONE',  ( -2.406359558239488550, 6.088939422080936303, -2.285999999999990706 ) ) ;
#4740 = CARTESIAN_POINT ( 'NONE',  ( 4.570827893707974710, -3.443806281393318347, -2.285999999999994259 ) ) ;
#4741 = ORIENTED_EDGE ( 'NONE', *, *, #2328, .F. ) ;
#4742 = CARTESIAN_POINT ( 'NONE',  ( 2.191273222451023628, 4.722047456352866490, 2.286000000000000476 ) ) ;
#4743 = CARTESIAN_POINT ( 'NONE',  ( -2.690823560815337245, 4.264284629575963770, 2.286000000000000476 ) ) ;
#4744 = VECTOR ( 'NONE', #3198, 1000.000000000000000 ) ;
#4745 = CARTESIAN_POINT ( 'NONE',  ( -7.172119510977707613, 1.562936208206572308, -2.285999999999992482 ) ) ;
#4746 = ORIENTED_EDGE ( 'NONE', *, *, #2554, .T. ) ;
#4747 = CARTESIAN_POINT ( 'NONE',  ( 3.507955818454325581, -4.655371438823709518, -2.286000000000000920 ) ) ;
#4748 = LOCAL_TIME ( 14, 51, 16.00000000000000000, #436 ) ;
#4749 = DIRECTION ( 'NONE',  ( -1.000000000000000000, 0.000000000000000000, 0.000000000000000000 ) ) ;
#4750 = CARTESIAN_POINT ( 'NONE',  ( 4.339242117764193551, 3.183680459516557981, -2.286000000000002697 ) ) ;
#4751 = CARTESIAN_POINT ( 'NONE',  ( -5.349734136913458116, 0.5875270965913538257, 2.286000000000000476 ) ) ;
#4752 = CARTESIAN_POINT ( 'NONE',  ( -4.381051063935450074, 5.266605046998201090, 2.286000000000000476 ) ) ;
#4753 = CARTESIAN_POINT ( 'NONE',  ( -6.427404040144042874, 2.370488230432056032, 2.286000000000000476 ) ) ;
#4754 = CARTESIAN_POINT ( 'NONE',  ( -2.408368181655955009, -5.904012904798281447, 2.286000000000000476 ) ) ;
#4755 = CARTESIAN_POINT ( 'NONE',  ( -4.953794882336381100, 3.782965240303915344, -2.285999999999988930 ) ) ;
#4756 = CARTESIAN_POINT ( 'NONE',  ( 0.000000000000000000, 0.000000000000000000, -3.174999999999999822 ) ) ;
#4757 = CARTESIAN_POINT ( 'NONE',  ( 5.352640503693416818, 4.635926943805799283, 2.286000000000000476 ) ) ;
#4758 = CARTESIAN_POINT ( 'NONE',  ( -3.443806281393321012, 4.570827893707972933, -2.286000000000000920 ) ) ;
#4759 = EDGE_CURVE ( 'NONE', #4469, #342, #4876, .T. ) ;
#4760 = CARTESIAN_POINT ( 'NONE',  ( -6.427404040144042874, 2.370488230432056032, -2.286000000000000920 ) ) ;
#4761 = DIRECTION ( 'NONE',  ( -0.000000000000000000, -0.000000000000000000, 1.000000000000000000 ) ) ;
#4762 = CARTESIAN_POINT ( 'NONE',  ( -0.6476699409902372251, 5.484739481868279753, 2.286000000000000476 ) ) ;
#4763 = CARTESIAN_POINT ( 'NONE',  ( 4.267941290503531881, 5.221115631088434128, -2.286000000000000920 ) ) ;
#4764 = CARTESIAN_POINT ( 'NONE',  ( 5.185049666302784743, 0.4633254509012530442, 2.286000000000000476 ) ) ;
#4765 = PERSON_AND_ORGANIZATION ( #1695, #3439 ) ;
#4766 = DIRECTION ( 'NONE',  ( -0.000000000000000000, -0.000000000000000000, 1.000000000000000000 ) ) ;
#4767 = CARTESIAN_POINT ( 'NONE',  ( -2.347321263097896349, -6.555650691920510198, 2.286000000000000920 ) ) ;
#4768 = CARTESIAN_POINT ( 'NONE',  ( 6.048454584161421010, 0.7474384492293195681, 2.286000000000000476 ) ) ;
#4769 = CARTESIAN_POINT ( 'NONE',  ( 4.655371438823709518, -3.507955818454324692, 2.286000000000000476 ) ) ;
#4770 = ORIENTED_EDGE ( 'NONE', *, *, #4288, .T. ) ;
#4771 = CARTESIAN_POINT ( 'NONE',  ( 2.236549931580960493, 5.267837672253024017, -2.285999999999991594 ) ) ;
#4772 = CARTESIAN_POINT ( 'NONE',  ( -5.896140974621092212, 0.7170584013211526164, -2.285999999999992482 ) ) ;
#4773 = EDGE_LOOP ( 'NONE', ( #3706, #1975, #1745, #2474 ) ) ;
#4774 = CARTESIAN_POINT ( 'NONE',  ( 4.809226556556591703, -5.400580374558697550, -2.286000000000000920 ) ) ;
#4775 = CARTESIAN_POINT ( 'NONE',  ( 5.904012904798280559, -2.408368181655955897, -2.286000000000000920 ) ) ;
#4776 = CARTESIAN_POINT ( 'NONE',  ( 4.248665761571357891, 2.755660258758657832, -2.286000000000002697 ) ) ;
#4777 = CARTESIAN_POINT ( 'NONE',  ( -5.531876145198175720, 0.6630252695113221240, 2.286000000000000476 ) ) ;
#4778 = CARTESIAN_POINT ( 'NONE',  ( -2.880640466208736150, 4.241329277686503474, 2.286000000000000476 ) ) ;
#4779 = CARTESIAN_POINT ( 'NONE',  ( -4.668876377298401437, 2.208998909360595064, 2.286000000000000476 ) ) ;
#4780 = CARTESIAN_POINT ( 'NONE',  ( -2.572579828584875550, -4.317644004947606362, 2.286000000000000476 ) ) ;
#4781 = CARTESIAN_POINT ( 'NONE',  ( 0.000000000000000000, 0.000000000000000000, -2.286000000000000920 ) ) ;
#4782 = CARTESIAN_POINT ( 'NONE',  ( 7.072590850357781456, 2.204962537704680869, 2.286000000000000476 ) ) ;
#4783 = CARTESIAN_POINT ( 'NONE',  ( -2.301950562403215272, 5.414792396100657434, -2.286000000000000920 ) ) ;
#4784 = CARTESIAN_POINT ( 'NONE',  ( -7.072590850357723724, 2.204962537704697301, -2.286000000000000476 ) ) ;
#4785 = ORIENTED_EDGE ( 'NONE', *, *, #4568, .F. ) ;
#4786 = CARTESIAN_POINT ( 'NONE',  ( 3.094096482592030295, -4.292995347704374076, 2.286000000000000476 ) ) ;
#4787 = CARTESIAN_POINT ( 'NONE',  ( -0.1355698399325909465, 5.028786691589065327, -2.285999999999994259 ) ) ;
#4788 = CARTESIAN_POINT ( 'NONE',  ( -4.354396715554731401, -2.514012115883949239, 2.286000000000000476 ) ) ;
#4789 = CARTESIAN_POINT ( 'NONE',  ( 6.751539294367504773, 1.160798993145838676, 2.286000000000000476 ) ) ;
#4790 = CARTESIAN_POINT ( 'NONE',  ( 2.301622352330623400, 4.510804669069876205, 2.286000000000000476 ) ) ;
#4791 = CARTESIAN_POINT ( 'NONE',  ( -2.398629593088689838, -5.753041440904888226, -2.285999999999990262 ) ) ;
#4792 = CARTESIAN_POINT ( 'NONE',  ( 6.563695275366480786, 1.018960161258258612, -2.285999999999992482 ) ) ;
#4793 = CARTESIAN_POINT ( 'NONE',  ( 4.747678667655629070, -3.569061278851721752, -2.285999999999994259 ) ) ;
#4794 = EDGE_LOOP ( 'NONE', ( #4325, #2440, #3898, #4668 ) ) ;
#4795 = CARTESIAN_POINT ( 'NONE',  ( 2.301950562403208167, 5.414792396100660987, 2.286000000000000476 ) ) ;
#4796 = CARTESIAN_POINT ( 'NONE',  ( -6.317209250654446606, 0.8662984254189454170, -2.285999999999992482 ) ) ;
#4797 = AXIS2_PLACEMENT_3D ( 'NONE', #4922, #2983, #4201 ) ;
#4798 = EDGE_CURVE ( 'NONE', #3733, #4391, #3325, .T. ) ;
#4799 = CARTESIAN_POINT ( 'NONE',  ( 0.7740819819406981050, -6.123650495384040937, 2.286000000000000476 ) ) ;
#4800 = CARTESIAN_POINT ( 'NONE',  ( -6.181594833392608734, -0.7992465585685066820, -2.285999999999992482 ) ) ;
#4801 = CARTESIAN_POINT ( 'NONE',  ( 5.753041440904886450, -2.398629593088690282, -2.286000000000000920 ) ) ;
#4802 = CARTESIAN_POINT ( 'NONE',  ( 6.992705799588004645, 2.232517294687439868, -2.286000000000002252 ) ) ;
#4803 = CARTESIAN_POINT ( 'NONE',  ( -5.840323052443586960, 0.7138485327532708702, 2.286000000000000476 ) ) ;
#4804 = CARTESIAN_POINT ( 'NONE',  ( -3.265033223548866825, 4.395000467436834590, -2.285999999999990706 ) ) ;
#4805 = CARTESIAN_POINT ( 'NONE',  ( -2.452899478489770857, -4.386741487291721420, 2.286000000000000476 ) ) ;
#4806 = CARTESIAN_POINT ( 'NONE',  ( 2.398629593088691614, -5.753041440904884674, 2.286000000000000476 ) ) ;
#4807 = CARTESIAN_POINT ( 'NONE',  ( 4.976155103217880793, 2.168461455044144781, 2.286000000000000476 ) ) ;
#4808 = CARTESIAN_POINT ( 'NONE',  ( -2.191741345851260903, 5.122257907086414264, -2.286000000000000920 ) ) ;
#4809 = CARTESIAN_POINT ( 'NONE',  ( 0.6301014820750935330, 5.438698666219212718, 2.286000000000000476 ) ) ;
#4810 = ORIENTED_EDGE ( 'NONE', *, *, #3296, .T. ) ;
#4811 = CARTESIAN_POINT ( 'NONE',  ( 2.396986420425919917, -4.422841945095524530, -2.285999999999994259 ) ) ;
#4812 = CARTESIAN_POINT ( 'NONE',  ( 0.7138485327532705371, 5.840323052443586960, 2.286000000000000476 ) ) ;
#4813 = CARTESIAN_POINT ( 'NONE',  ( -5.753041440904884674, -2.398629593088692946, 2.286000000000000476 ) ) ;
#4814 = CARTESIAN_POINT ( 'NONE',  ( 6.317209250654444830, 0.8662984254189458611, 2.286000000000000476 ) ) ;
#4815 = CARTESIAN_POINT ( 'NONE',  ( 2.819336768032399299, 4.241326470143100380, 2.286000000000000476 ) ) ;
#4816 = CARTESIAN_POINT ( 'NONE',  ( -2.347567037772632315, -4.462463875555765291, -2.285999999999990262 ) ) ;
#4817 = CARTESIAN_POINT ( 'NONE',  ( 0.6301014820750948653, -5.438698666219214495, -2.286000000000000920 ) ) ;
#4818 = CARTESIAN_POINT ( 'NONE',  ( 0.000000000000000000, 0.000000000000000000, 2.286000000000000476 ) ) ;
#4819 = CARTESIAN_POINT ( 'NONE',  ( 0.9605012029655741745, 6.476356000746373631, -2.286000000000000920 ) ) ;
#4820 = ORIENTED_EDGE ( 'NONE', *, *, #215, .T. ) ;
#4821 = CARTESIAN_POINT ( 'NONE',  ( 2.204381686920550809, 5.170712537599050584, -2.285999999999991594 ) ) ;
#4822 = CARTESIAN_POINT ( 'NONE',  ( 6.555650691920508422, -2.347321263097897237, 2.286000000000000476 ) ) ;
#4823 = CARTESIAN_POINT ( 'NONE',  ( 0.7045212705935078867, -5.732355088791446285, 2.286000000000000476 ) ) ;
#4824 = CARTESIAN_POINT ( 'NONE',  ( -6.394046406055663212, -0.9097610735845655938, 2.286000000000000476 ) ) ;
#4825 = EDGE_CURVE ( 'NONE', #4428, #4438, #3590, .T. ) ;
#4826 = AXIS2_PLACEMENT_3D ( 'NONE', #3594, #886, #2429 ) ;
#4827 = PLANE ( 'NONE',  #1543 ) ;
#4828 = AXIS2_PLACEMENT_3D ( 'NONE', #4781, #4447, #2915 ) ;
#4829 = CARTESIAN_POINT ( 'NONE',  ( 4.774490053667269862, 2.178781297287131213, -2.286000000000000920 ) ) ;
#4830 = CARTESIAN_POINT ( 'NONE',  ( -2.232778667186853028, 4.615372461749464250, -2.285999999999990706 ) ) ;
#4831 = CARTESIAN_POINT ( 'NONE',  ( -3.476310862236191124, -4.612104495109642599, 2.286000000000000476 ) ) ;
#4832 = CARTESIAN_POINT ( 'NONE',  ( 2.232517294705866018, -6.992705799529129962, 2.286000000000000476 ) ) ;
#4833 = PRODUCT ( '228-2500-213', '228-2500-213', '', ( #1894 ) ) ;
#4834 = CARTESIAN_POINT ( 'NONE',  ( 6.193806931796396853, 2.399402252589303952, 2.286000000000000476 ) ) ;
#4835 = CARTESIAN_POINT ( 'NONE',  ( -4.381051063935445633, -5.266605046998204642, -2.286000000000000920 ) ) ;
#4836 = CARTESIAN_POINT ( 'NONE',  ( 0.3740431840629586668, 5.113419133395584737, 2.286000000000000476 ) ) ;
#4837 = ORIENTED_EDGE ( 'NONE', *, *, #566, .T. ) ;
#4838 = CARTESIAN_POINT ( 'NONE',  ( 2.301622352330629173, -4.510804669069876205, -2.285999999999994259 ) ) ;
#4839 = CARTESIAN_POINT ( 'NONE',  ( -7.150027965879814120E-16, 5.028024231767894925, -2.285999999999994259 ) ) ;
#4840 = CARTESIAN_POINT ( 'NONE',  ( 2.391450586719564342, 5.690277883870091813, -2.286000000000000920 ) ) ;
#4841 = CARTESIAN_POINT ( 'NONE',  ( 5.082764852903506991, 0.3209540278680262371, 2.286000000000000476 ) ) ;
#4842 = CYLINDRICAL_SURFACE ( 'NONE', #269, 7.408333222071330049 ) ;
#4843 = CARTESIAN_POINT ( 'NONE',  ( -2.404730280458375891, -5.824206007570943200, -2.285999999999990262 ) ) ;
#4844 = CARTESIAN_POINT ( 'NONE',  ( 7.227524615896121496, 1.626741853203377275, -2.285999999999992482 ) ) ;
#4845 = CARTESIAN_POINT ( 'NONE',  ( -5.266605046998203754, 4.381051063935444745, 2.286000000000000476 ) ) ;
#4846 = CARTESIAN_POINT ( 'NONE',  ( 5.266605046998202866, -4.381051063935445633, 2.286000000000000476 ) ) ;
#4847 = ORIENTED_EDGE ( 'NONE', *, *, #3600, .T. ) ;
#4848 = CARTESIAN_POINT ( 'NONE',  ( 3.507955818454320696, 4.655371438823713071, -2.285999999999991594 ) ) ;
#4849 = CARTESIAN_POINT ( 'NONE',  ( 4.722047456352864714, -2.191273222451026736, 2.286000000000000476 ) ) ;
#4850 = CARTESIAN_POINT ( 'NONE',  ( 1.626741853203377497, -7.227524615896121496, 2.286000000000000476 ) ) ;
#4851 = CARTESIAN_POINT ( 'NONE',  ( -5.785647839301008233, -0.7102931347230240222, -2.285999999999992482 ) ) ;
#4852 = B_SPLINE_CURVE_WITH_KNOTS ( 'NONE', 3,
 ( #1926, #2654, #1900, #1084, #1829, #2200, #3443, #1444, #3748, #5028, #750, #3467, #4183, #4642, #3063, #701, #3393, #724, #3370, #1877, #1060, #3038, #4590, #4927, #4951, #2273, #2298, #3418, #1162, #2988, #2605, #2681, #4976, #4233, #3844, #365, #1545, #1493, #2708, #4538, #3090, #651, #4158, #674, #2224, #3772, #292, #1469, #3014, #2249, #1110, #540, #101, #4817, #1283, #8, #127, #1308, #952, #419, #152, #1331, #2732, #1570, #2447, #4383, #2877, #1690, #4434, #3116, #3260, #2825, #904, #2496, #804, #2118, #3996, #2471, #3870 ),
 .UNSPECIFIED., .F., .F.,
 ( 4, 1, 1, 1, 1, 1, 1, 1, 1, 1, 1, 1, 1, 1, 1, 1, 1, 1, 1, 1, 1, 1, 1, 1, 1, 1, 1, 1, 1, 1, 1, 1, 1, 1, 1, 1, 1, 1, 1, 1, 1, 1, 1, 1, 1, 1, 1, 1, 1, 1, 1, 1, 1, 1, 1, 1, 1, 1, 1, 1, 1, 1, 1, 1, 1, 1, 1, 1, 1, 1, 1, 1, 1, 1, 1, 1, 4 ),
 ( 0.01103315320116526541, 0.05345531963080774052, 0.07807290109913944676, 0.1012837636727261792, 0.1230879073546432556, 0.1434853321486017075, 0.1624760380591379061, 0.1800600250918766854, 0.1962372932539097059, 0.2110078425543557845, 0.2243716730052127684, 0.2363287846227128952, 0.2468791774295817643, 0.2560228514590334736, 0.2765703373738778725, 0.2861597148600217855, 0.2955281054245302297, 0.3046873400362805073, 0.3136510682187724219, 0.3224350908376913960, 0.3310577570337658315, 0.3395404348280692819, 0.3479080632824442798, 0.3561897892115020170, 0.3644196805880378642, 0.3726374874240482304, 0.3808893818503648054, 0.3892285417683729598, 0.3977153332009296660, 0.4064166828338137138, 0.4154040162538316094, 0.4247489170962575056, 0.4345155871249806179, 0.4447495655339210874, 0.4554634245512343416, 0.4666225055634414254, 0.4781364573014081909, 0.4871735315700953528, 0.5000000000000000000, 0.5128264684299046472, 0.5218635426985918091, 0.5333774944365585746, 0.5445365754487655474, 0.5552504344660789126, 0.5654844128750193821, 0.5752510829037424944, 0.5845959837461683906, 0.5935833171661862862, 0.6022846667990703340, 0.6107714582316270402, 0.6191106181496351946, 0.6273625125759517696, 0.6355803194119621358, 0.6438102107884980940, 0.6520919367175557202, 0.6604595651719308291, 0.6689422429662341685, 0.6775649091623087150, 0.6863489317812278001, 0.6953126599637196037, 0.7044718945754698813, 0.7138402851399783255, 0.7234296626261221830, 0.7439771485409665264, 0.7531208225704181247, 0.7636712153772871048, 0.7756283269947872316, 0.7889921574456442155, 0.8037627067460902941, 0.8199399749081233146, 0.8375239619408619829, 0.8565146678513981815, 0.8769120926453565223, 0.8987162363272737098, 0.9219270989008604422, 0.9465446803691922595, 0.9889668467988226297 ),
 .UNSPECIFIED. ) ;
#4853 = DIRECTION ( 'NONE',  ( 1.000000000000000000, 0.000000000000000000, 0.000000000000000000 ) ) ;
#4854 = CARTESIAN_POINT ( 'NONE',  ( 6.865202557812140505, 2.272426521269213850, -2.286000000000000920 ) ) ;
#4855 = CARTESIAN_POINT ( 'NONE',  ( -2.452899478489774410, 4.386741487291719643, -2.285999999999990706 ) ) ;
#4856 = CARTESIAN_POINT ( 'NONE',  ( -2.219332909268641352, -5.219213881833814739, 2.286000000000000476 ) ) ;
#4857 = EDGE_CURVE ( 'NONE', #3578, #2297, #1955, .T. ) ;
#4858 = CARTESIAN_POINT ( 'NONE',  ( 2.408368181655957674, -5.904012904798280559, 2.286000000000000476 ) ) ;
#4859 = LINE ( 'NONE', #4087, #2668 ) ;
#4860 = CARTESIAN_POINT ( 'NONE',  ( -2.631800271163144078, -4.287272105162937663, -2.286000000000000920 ) ) ;
#4861 = CARTESIAN_POINT ( 'NONE',  ( 0.2621389074985147061, 5.057282611089284785, 2.286000000000000476 ) ) ;
#4862 = VERTEX_POINT ( 'NONE', #2003 ) ;
#4863 = CARTESIAN_POINT ( 'NONE',  ( 3.476310862236191568, -4.612104495109639934, -2.285999999999994259 ) ) ;
#4864 = CARTESIAN_POINT ( 'NONE',  ( 0.2621389074985147061, 5.057282611089284785, -2.285999999999994259 ) ) ;
#4865 = CARTESIAN_POINT ( 'NONE',  ( 2.301950562403208167, 5.414792396100660987, -2.286000000000000920 ) ) ;
#4866 = FACE_OUTER_BOUND ( 'NONE', #3314, .T. ) ;
#4867 = CARTESIAN_POINT ( 'NONE',  ( -2.191273222451026736, -4.722047456352865602, 2.286000000000000920 ) ) ;
#4868 = CARTESIAN_POINT ( 'NONE',  ( 5.349734136913458116, 0.5875270965913544918, 2.286000000000000476 ) ) ;
#4869 = CARTESIAN_POINT ( 'NONE',  ( -5.037714479379336474, 3.908841068998488044, 2.286000000000000476 ) ) ;
#4870 = CARTESIAN_POINT ( 'NONE',  ( 4.916195901929393486, -3.732199908664471266, -2.285999999999994259 ) ) ;
#4871 = VERTEX_POINT ( 'NONE', #3541 ) ;
#4872 = CARTESIAN_POINT ( 'NONE',  ( 3.094096482592025410, 4.292995347704376741, 2.286000000000000476 ) ) ;
#4873 = CARTESIAN_POINT ( 'NONE',  ( 6.306703394980817556, -2.387648127366833961, 2.286000000000000476 ) ) ;
#4874 = CARTESIAN_POINT ( 'NONE',  ( 0.6876082620354383446, -5.629638264086795907, 2.286000000000000476 ) ) ;
#4875 = CARTESIAN_POINT ( 'NONE',  ( -2.391450586719571447, 5.690277883870089148, 2.286000000000000476 ) ) ;
#4876 = CIRCLE ( 'NONE', #2837, 7.408333222071330049 ) ;
#4877 = CARTESIAN_POINT ( 'NONE',  ( -5.904012904798279671, 2.408368181655954121, 2.286000000000000476 ) ) ;
#4878 = CARTESIAN_POINT ( 'NONE',  ( 6.555650691920506645, 2.347321263097901234, -2.286000000000002697 ) ) ;
#4879 = CARTESIAN_POINT ( 'NONE',  ( 5.824206007570938759, 2.404730280458378999, -2.286000000000000920 ) ) ;
#4880 = CARTESIAN_POINT ( 'NONE',  ( -2.178781297287131213, 4.774490053667269862, 2.286000000000000476 ) ) ;
#4881 = VERTEX_POINT ( 'NONE', #1312 ) ;
#4882 = CARTESIAN_POINT ( 'NONE',  ( -6.193806931796397741, -2.399402252589303064, -2.286000000000000920 ) ) ;
#4883 = CARTESIAN_POINT ( 'NONE',  ( -2.204962537704680869, 7.072590850357781456, 2.286000000000000476 ) ) ;
#4884 = CARTESIAN_POINT ( 'NONE',  ( -2.166710717189361368, -4.876787775934691815, -2.286000000000000920 ) ) ;
#4885 = CARTESIAN_POINT ( 'NONE',  ( 0.6476699409902353377, 5.484739481868279753, 2.286000000000000476 ) ) ;
#4886 = EDGE_CURVE ( 'NONE', #909, #3542, #1794, .T. ) ;
#4887 = ORIENTED_EDGE ( 'NONE', *, *, #1282, .F. ) ;
#4888 = CARTESIAN_POINT ( 'NONE',  ( 3.045439027948420474, -4.274124979574704497, 2.286000000000000476 ) ) ;
#4889 = CARTESIAN_POINT ( 'NONE',  ( 0.3740431840629586668, 5.113419133395584737, 2.286000000000000476 ) ) ;
#4890 = CARTESIAN_POINT ( 'NONE',  ( 6.394046406055662324, -0.9097610735845642616, 2.286000000000000476 ) ) ;
#4891 = CARTESIAN_POINT ( 'NONE',  ( -7.072590850445099164, 2.204962537674557854, -2.285999999999988486 ) ) ;
#4892 = CARTESIAN_POINT ( 'NONE',  ( -2.327079695769369128, -5.464737068976783796, 2.286000000000000920 ) ) ;
#4893 = CARTESIAN_POINT ( 'NONE',  ( 5.785647839301008233, 0.7102931347230232451, -2.285999999999992482 ) ) ;
#4894 = CARTESIAN_POINT ( 'NONE',  ( -7.227524615835570820, 1.626741853133637505, -2.286000000000000476 ) ) ;
#4895 = CARTESIAN_POINT ( 'NONE',  ( 1.626741853133641946, 7.227524615835569044, -2.286000000000000476 ) ) ;
#4896 = ORIENTED_EDGE ( 'NONE', *, *, #215, .F. ) ;
#4897 = CARTESIAN_POINT ( 'NONE',  ( 3.671527976878541821, 4.864396098905575450, -2.285999999999991594 ) ) ;
#4898 = CARTESIAN_POINT ( 'NONE',  ( 4.976155103217882569, -2.168461455044141228, 2.286000000000000476 ) ) ;
#4899 = CARTESIAN_POINT ( 'NONE',  ( 0.8662984254189463051, -6.317209250654444830, -2.285999999999993371 ) ) ;
#4900 = CARTESIAN_POINT ( 'NONE',  ( -4.395000467436835478, 3.265033223548862384, -2.286000000000000920 ) ) ;
#4901 = CARTESIAN_POINT ( 'NONE',  ( -5.824206007570942312, 2.404730280458375447, 2.286000000000000476 ) ) ;
#4902 = CARTESIAN_POINT ( 'NONE',  ( 6.691150755271281447, 2.317559181621140052, -2.286000000000002697 ) ) ;
#4903 = CARTESIAN_POINT ( 'NONE',  ( 4.615372461749464250, 2.232778667186853028, -2.286000000000000920 ) ) ;
#4904 = CARTESIAN_POINT ( 'NONE',  ( -2.301950562403215272, 5.414792396100657434, -2.285999999999990706 ) ) ;
#4905 = ORIENTED_EDGE ( 'NONE', *, *, #597, .T. ) ;
#4906 = AXIS2_PLACEMENT_3D ( 'NONE', #2260, #1913, #3455 ) ;
#4907 = CARTESIAN_POINT ( 'NONE',  ( -5.316625765703147266, -2.256044226555257382, -2.286000000000000920 ) ) ;
#4908 = CARTESIAN_POINT ( 'NONE',  ( -4.700943863347387008, -3.538372490040377016, 2.286000000000000476 ) ) ;
#4909 = CARTESIAN_POINT ( 'NONE',  ( -3.603620000172905069, -4.819588668520772501, -2.286000000000000920 ) ) ;
#4910 = CARTESIAN_POINT ( 'NONE',  ( -0.3209540278680271252, 5.082764852903506991, 2.286000000000000476 ) ) ;
#4911 = CARTESIAN_POINT ( 'NONE',  ( 2.256044226555256049, -5.316625765703148154, 2.286000000000000476 ) ) ;
#4912 = CARTESIAN_POINT ( 'NONE',  ( 0.7110321314750346344, -5.975696222817057368, 2.286000000000000476 ) ) ;
#4913 = CARTESIAN_POINT ( 'NONE',  ( -5.896140974621092212, 0.7170584013211526164, -2.286000000000000920 ) ) ;
#4914 = CARTESIAN_POINT ( 'NONE',  ( -5.824206007570942312, 2.404730280458375447, 2.286000000000000476 ) ) ;
#4915 = DIRECTION ( 'NONE',  ( -0.000000000000000000, -0.000000000000000000, 1.000000000000000000 ) ) ;
#4916 = CARTESIAN_POINT ( 'NONE',  ( -2.993776443851757119, -4.258722005451613057, -2.285999999999990262 ) ) ;
#4917 = CARTESIAN_POINT ( 'NONE',  ( 5.349734136913458116, 0.5875270965913544918, -2.285999999999992482 ) ) ;
#4918 = CARTESIAN_POINT ( 'NONE',  ( -5.429769591367957560, 4.939602216230065679, 2.286000000000000476 ) ) ;
#4919 = CARTESIAN_POINT ( 'NONE',  ( 0.7992465585685045726, 6.181594833392607846, -2.286000000000000920 ) ) ;
#4920 = ORIENTED_EDGE ( 'NONE', *, *, #3447, .T. ) ;
#4921 = CARTESIAN_POINT ( 'NONE',  ( 2.263428084871100587, 4.562280498011126895, -2.285999999999991594 ) ) ;
#4922 = CARTESIAN_POINT ( 'NONE',  ( 0.000000000000000000, 0.000000000000000000, 2.286000000000000476 ) ) ;
#4923 = CARTESIAN_POINT ( 'NONE',  ( -0.5330684818325865937, -5.264891270736411499, -2.285999999999993371 ) ) ;
#4924 = CARTESIAN_POINT ( 'NONE',  ( -5.170712537599049696, -2.204381686920557915, 2.286000000000000476 ) ) ;
#4925 = EDGE_CURVE ( 'NONE', #4438, #2390, #2501, .T. ) ;
#4926 = CARTESIAN_POINT ( 'NONE',  ( -4.864396098905574561, 3.671527976878544042, -2.286000000000000920 ) ) ;
#4927 = CARTESIAN_POINT ( 'NONE',  ( -0.6630252695113224570, -5.531876145198175720, -2.286000000000000920 ) ) ;
#4928 = PLANE ( 'NONE',  #4390 ) ;
#4929 = CARTESIAN_POINT ( 'NONE',  ( -2.173665442670352554, 5.025101949511928012, 2.286000000000000476 ) ) ;
#4930 = CARTESIAN_POINT ( 'NONE',  ( -5.824206007570938759, -2.404730280458378555, -2.286000000000000920 ) ) ;
#4931 = CARTESIAN_POINT ( 'NONE',  ( 5.128438219115360575, 4.069996442506890411, -2.286000000000002697 ) ) ;
#4932 = CARTESIAN_POINT ( 'NONE',  ( -4.459232637575090585, -3.340134799346918815, 2.286000000000000476 ) ) ;
#4933 = CARTESIAN_POINT ( 'NONE',  ( -5.022562078130826002, 5.445848997224130628, -2.286000000000000476 ) ) ;
#4934 = CYLINDRICAL_SURFACE ( 'NONE', #2295, 7.408333222071330049 ) ;
#4935 = CARTESIAN_POINT ( 'NONE',  ( 2.327079695769370904, -5.464737068976782020, -2.285999999999994259 ) ) ;
#4936 = CARTESIAN_POINT ( 'NONE',  ( 1.562936208206572308, 7.172119510977707613, -2.285999999999994259 ) ) ;
#4937 = DIRECTION ( 'NONE',  ( 1.000000000000000000, 0.000000000000000000, 0.000000000000000000 ) ) ;
#4938 = CARTESIAN_POINT ( 'NONE',  ( -6.992705799587967341, 2.232517294687446974, 2.286000000000000476 ) ) ;
#4939 = CARTESIAN_POINT ( 'NONE',  ( 3.538372490040370799, 4.700943863347389673, 2.286000000000000476 ) ) ;
#4940 = CARTESIAN_POINT ( 'NONE',  ( -4.381051063935445633, -5.266605046998204642, 2.286000000000000920 ) ) ;
#4941 = CARTESIAN_POINT ( 'NONE',  ( 5.224220325235548579, 0.5003650740925668083, -2.285999999999992482 ) ) ;
#4942 = CARTESIAN_POINT ( 'NONE',  ( 5.147865004549772472, 0.4213890162108048787, -2.286000000000000920 ) ) ;
#4943 = CARTESIAN_POINT ( 'NONE',  ( -1.338510251577865073, 6.953486125426932674, -2.286000000000000920 ) ) ;
#4944 = CARTESIAN_POINT ( 'NONE',  ( 3.476310862236187571, 4.612104495109643487, -2.285999999999991594 ) ) ;
#4945 = CARTESIAN_POINT ( 'NONE',  ( 5.128438219115363239, -4.069996442506887746, 2.286000000000000476 ) ) ;
#4946 = CARTESIAN_POINT ( 'NONE',  ( -0.6970097785450477534, -5.680356212974282393, 2.286000000000000476 ) ) ;
#4947 = CARTESIAN_POINT ( 'NONE',  ( -6.088939422080937192, -2.406359558239487662, -2.285999999999997812 ) ) ;
#4948 = CARTESIAN_POINT ( 'NONE',  ( -2.347321263097901234, 6.555650691920506645, 2.286000000000000476 ) ) ;
#4949 = EDGE_CURVE ( 'NONE', #4076, #2795, #2112, .T. ) ;
#4950 = CARTESIAN_POINT ( 'NONE',  ( -5.147865004549772472, -0.4213890162108055448, -2.285999999999992482 ) ) ;
#4951 = CARTESIAN_POINT ( 'NONE',  ( -0.6476699409902360038, -5.484739481868279753, -2.286000000000000920 ) ) ;
#4952 = CARTESIAN_POINT ( 'NONE',  ( 2.272426521269211186, -6.865202557812143169, -2.286000000000000920 ) ) ;
#4953 = APPLICATION_CONTEXT ( 'configuration controlled 3d designs of mechanical parts and assemblies' ) ;
#4954 = CARTESIAN_POINT ( 'NONE',  ( 2.406359558239480556, 6.088939422080939856, -2.286000000000000920 ) ) ;
#4955 = B_SPLINE_SURFACE_WITH_KNOTS ( 'NONE', 3, 1, ( 
 ( #1882, #1907 ),
 ( #3424, #3019 ),
 ( #4595, #1016 ),
 ( #1500, #730 ),
 ( #1449, #4982 ),
 ( #4570, #657 ),
 ( #4114, #1090 ),
 ( #297, #1115 ),
 ( #705, #4496 ),
 ( #3730, #4957 ),
 ( #4140, #1857 ),
 ( #3374, #682 ),
 ( #2586, #2181 ),
 ( #2205, #2253 ),
 ( #3397, #1425 ),
 ( #3800, #2659 ),
 ( #2278, #320 ),
 ( #4908, #248 ),
 ( #3753, #631 ),
 ( #3826, #345 ),
 ( #4547, #3449 ),
 ( #1400, #2942 ),
 ( #1808, #3350 ),
 ( #4932, #2969 ),
 ( #4521, #2634 ),
 ( #2611, #1041 ),
 ( #2229, #3777 ),
 ( #274, #1474 ),
 ( #1166, #4265 ),
 ( #3849, #1958 ),
 ( #781, #755 ),
 ( #5032, #12 ),
 ( #1574, #4619 ),
 ( #3471, #1549 ),
 ( #2305, #1193 ),
 ( #3874, #1524 ),
 ( #4238, #1930 ),
 ( #3094, #3068 ),
 ( #3120, #4646 ),
 ( #370, #2737 ),
 ( #3498, #2712 ),
 ( #2330, #5007 ),
 ( #395, #4674 ),
 ( #4290, #808 ),
 ( #1142, #2686 ),
 ( #1441, #1946 ),
 ( #2650, #4228 ),
 ( #2603, #1514 ),
 ( #671, #1130 ),
 ( #4179, #4586 ),
 ( #698, #360 ),
 ( #1157, #1896 ),
 ( #312, #4536 ),
 ( #3058, #2219 ),
 ( #1106, #4203 ),
 ( #4636, #1489 ),
 ( #4924, #2985 ),
 ( #4609, #3390 ),
 ( #2268, #3815 ),
 ( #2245, #3437 ),
 ( #4997, #3792 ),
 ( #335, #2674 ),
 ( #385, #719 ),
 ( #744, #1057 ),
 ( #4155, #2292 ),
 ( #3839, #3768 ),
 ( #1539, #1921 ),
 ( #1872, #289 ),
 ( #1464, #5022 ),
 ( #2700, #3462 ),
 ( #1848, #4947 ),
 ( #3011, #4562 ),
 ( #3084, #4253 ),
 ( #771, #1081 ),
 ( #3414, #2318 ),
 ( #3863, #2626 ),
 ( #4972, #3033 ),
 ( #1448, #1114 ),
 ( #394, #4569 ) ),
 .UNSPECIFIED., .F., .F., .F.,
 ( 4, 1, 1, 1, 1, 1, 1, 1, 1, 1, 1, 1, 1, 1, 1, 1, 1, 1, 1, 1, 1, 1, 1, 1, 1, 1, 1, 1, 1, 1, 1, 1, 1, 1, 1, 1, 1, 1, 1, 1, 1, 1, 1, 1, 1, 1, 1, 1, 1, 1, 1, 1, 1, 1, 1, 1, 1, 1, 1, 1, 1, 1, 1, 1, 1, 1, 1, 1, 1, 1, 1, 1, 1, 1, 1, 1, 4 ),
 ( 2, 2 ),
 ( 0.01103315318568797235, 0.05345531963080774052, 0.07807290109913955778, 0.1012837636727262902, 0.1230879073546434777, 0.1434853321486018185, 0.1624760380591380171, 0.1800600250918766854, 0.1962372932539097059, 0.2110078425543557845, 0.2243716730052127684, 0.2363287846227128952, 0.2468791774295818753, 0.2560228514590334736, 0.2765703373738778170, 0.2861597148600216745, 0.2955281054245301187, 0.3046873400362803963, 0.3136510682187723109, 0.3224350908376912850, 0.3310577570337658315, 0.3395404348280691709, 0.3479080632824442798, 0.3561897892115019060, 0.3644196805880378642, 0.3726374874240482304, 0.3808893818503648054, 0.3892285417683729598, 0.3977153332009296660, 0.4064166828338137138, 0.4154040162538316094, 0.4247489170962575056, 0.4345155871249806179, 0.4447495655339210874, 0.4554634245512343416, 0.4666225055634414254, 0.4781364573014081909, 0.4871735315700953528, 0.5000000000000000000, 0.5128264684299046472, 0.5218635426985918091, 0.5333774944365585746, 0.5445365754487656584, 0.5552504344660789126, 0.5654844128750193821, 0.5752510829037424944, 0.5845959837461683906, 0.5935833171661862862, 0.6022846667990703340, 0.6107714582316270402, 0.6191106181496351946, 0.6273625125759517696, 0.6355803194119621358, 0.6438102107884979830, 0.6520919367175557202, 0.6604595651719307181, 0.6689422429662341685, 0.6775649091623086040, 0.6863489317812275781, 0.6953126599637194927, 0.7044718945754697703, 0.7138402851399782145, 0.7234296626261220720, 0.7439771485409665264, 0.7531208225704182357, 0.7636712153772871048, 0.7756283269947872316, 0.7889921574456442155, 0.8037627067460902941, 0.8199399749081233146, 0.8375239619408620939, 0.8565146678513982925, 0.8769120926453567444, 0.8987162363272738208, 0.9219270989008605532, 0.9465446803691922595, 0.9889668468143231195 ),
 ( 0.000000000000000000, 1.000000000000000000 ),
 .UNSPECIFIED. ) ;
#4956 = CARTESIAN_POINT ( 'NONE',  ( 4.700943863347386120, 3.538372490040377905, 2.286000000000000476 ) ) ;
#4957 = CARTESIAN_POINT ( 'NONE',  ( -5.082526083828510899, -3.984899404126270639, -2.285999999999997812 ) ) ;
#4958 = CARTESIAN_POINT ( 'NONE',  ( -2.204962537704698189, -7.072590850357725500, -2.286000000000000476 ) ) ;
#4959 = DIRECTION ( 'NONE',  ( 0.000000000000000000, 0.000000000000000000, -1.000000000000000000 ) ) ;
#4960 = CARTESIAN_POINT ( 'NONE',  ( 2.409147001929395238, -5.992287157413075604, -2.285999999999994259 ) ) ;
#4961 = CARTESIAN_POINT ( 'NONE',  ( 0.5330684818325873708, -5.264891270736412388, 2.286000000000000476 ) ) ;
#4962 = CARTESIAN_POINT ( 'NONE',  ( -6.751539294367503885, 1.160798993145837787, -2.286000000000000920 ) ) ;
#4963 = CARTESIAN_POINT ( 'NONE',  ( -4.976155103217883457, 2.168461455044140340, -2.285999999999988930 ) ) ;
#4964 = CYLINDRICAL_SURFACE ( 'NONE', #4906, 7.408333222071330049 ) ;
#4965 = CARTESIAN_POINT ( 'NONE',  ( -3.569061278851721308, -4.747678667655630846, -2.285999999999990262 ) ) ;
#4966 = CARTESIAN_POINT ( 'NONE',  ( 5.057282611089283009, 0.2621389074985163714, -2.285999999999992482 ) ) ;
#4967 = CARTESIAN_POINT ( 'NONE',  ( 6.317209250654446606, -0.8662984254189461941, -2.286000000000000920 ) ) ;
#4968 = CARTESIAN_POINT ( 'NONE',  ( -0.8295454916588390626, 6.246275499659565966, -2.286000000000000920 ) ) ;
#4969 = CARTESIAN_POINT ( 'NONE',  ( 5.022562078221622706, 5.445848997241736988, -2.285999999999991594 ) ) ;
#4970 = DIRECTION ( 'NONE',  ( 1.000000000000000000, 0.000000000000000000, 0.000000000000000000 ) ) ;
#4971 = CARTESIAN_POINT ( 'NONE',  ( 0.2621389074985167045, -5.057282611089283009, -2.285999999999993371 ) ) ;
#4972 = CARTESIAN_POINT ( 'NONE',  ( -6.865202557842011721, -2.272426521261466714, 2.286000000000000476 ) ) ;
#4973 = CARTESIAN_POINT ( 'NONE',  ( -2.376926607282876525, 5.611834548134891243, 2.286000000000000476 ) ) ;
#4974 = CARTESIAN_POINT ( 'NONE',  ( 6.088939422080938968, -2.406359558239485441, 2.286000000000000476 ) ) ;
#4975 = CARTESIAN_POINT ( 'NONE',  ( -5.680356212974282393, 0.6970097785450474204, -2.285999999999992482 ) ) ;
#4976 = CARTESIAN_POINT ( 'NONE',  ( -0.4213890162108050452, -5.147865004549771584, -2.286000000000000920 ) ) ;
#4977 = EDGE_CURVE ( 'NONE', #157, #5001, #2431, .T. ) ;
#4978 = CARTESIAN_POINT ( 'NONE',  ( 2.166710717189362700, -4.876787775934690927, -2.286000000000000920 ) ) ;
#4979 = ORIENTED_EDGE ( 'NONE', *, *, #720, .T. ) ;
#4980 = CARTESIAN_POINT ( 'NONE',  ( 2.819336768032399299, 4.241326470143100380, -2.286000000000000920 ) ) ;
#4981 = CARTESIAN_POINT ( 'NONE',  ( 5.310665190646406408, 4.503699405991246962, 2.286000000000000476 ) ) ;
#4982 = CARTESIAN_POINT ( 'NONE',  ( -5.310665190646407297, -4.503699405991246074, -2.285999999999997812 ) ) ;
#4983 = CARTESIAN_POINT ( 'NONE',  ( -2.399402252589299067, -6.193806931796399518, -2.286000000000000920 ) ) ;
#4984 = CARTESIAN_POINT ( 'NONE',  ( 2.178781297287129437, -4.774490053667271638, -2.285999999999994259 ) ) ;
#4985 = CARTESIAN_POINT ( 'NONE',  ( 1.160798993145837343, 6.751539294367503885, -2.285999999999994259 ) ) ;
#4986 = AXIS2_PLACEMENT_3D ( 'NONE', #470, #4644, #446 ) ;
#4987 = CARTESIAN_POINT ( 'NONE',  ( 5.438698666219212718, -0.6301014820750944212, 2.286000000000000476 ) ) ;
#4988 = CARTESIAN_POINT ( 'NONE',  ( -4.264284629575964658, 2.690823560815334137, 2.286000000000000476 ) ) ;
#4989 = CARTESIAN_POINT ( 'NONE',  ( 3.443806281393315238, 4.570827893707977374, 2.286000000000000476 ) ) ;
#4990 = CARTESIAN_POINT ( 'NONE',  ( -3.225246005036190411, -4.366020258804536702, 2.286000000000000920 ) ) ;
#4991 = CARTESIAN_POINT ( 'NONE',  ( 5.306777461419536657, -0.5619673642293576687, 2.286000000000000476 ) ) ;
#4992 = CARTESIAN_POINT ( 'NONE',  ( 5.147865004549771584, -0.4213890162108053783, -2.286000000000000920 ) ) ;
#4993 = CARTESIAN_POINT ( 'NONE',  ( -0.1355698399325909465, 5.028786691589065327, -2.286000000000000920 ) ) ;
#4994 = CARTESIAN_POINT ( 'NONE',  ( -5.037714479379332921, -3.908841068998490709, 2.286000000000000476 ) ) ;
#4995 = CARTESIAN_POINT ( 'NONE',  ( 5.400580374558712649, -4.809226556556635224, 2.286000000000000032 ) ) ;
#4996 = CARTESIAN_POINT ( 'NONE',  ( -0.4213890162108050452, -5.147865004549771584, -2.285999999999993371 ) ) ;
#4997 = CARTESIAN_POINT ( 'NONE',  ( -5.365664573546731653, -2.277692020846684873, 2.286000000000000476 ) ) ;
#4998 = CARTESIAN_POINT ( 'NONE',  ( -5.267837672253023129, 2.236549931580962713, -2.286000000000000920 ) ) ;
#4999 = CARTESIAN_POINT ( 'NONE',  ( 6.691150755271284112, -2.317559181621136055, 2.286000000000000476 ) ) ;
#5000 = CARTESIAN_POINT ( 'NONE',  ( -5.484739481868279753, 0.6476699409902356708, -2.285999999999992482 ) ) ;
#5001 = VERTEX_POINT ( 'NONE', #4153 ) ;
#5002 = DIRECTION ( 'NONE',  ( 1.000000000000000000, 0.000000000000000000, 0.000000000000000000 ) ) ;
#5003 = CARTESIAN_POINT ( 'NONE',  ( 2.317559181621137832, -6.691150755271283224, -2.286000000000000920 ) ) ;
#5004 = ORIENTED_EDGE ( 'NONE', *, *, #1652, .T. ) ;
#5005 = CARTESIAN_POINT ( 'NONE',  ( 4.264284629575963770, -2.690823560815335025, -2.286000000000000920 ) ) ;
#5006 = CARTESIAN_POINT ( 'NONE',  ( 4.426088753942309495, 3.303268363099254756, -2.286000000000002697 ) ) ;
#5007 = CARTESIAN_POINT ( 'NONE',  ( -4.422841945095524530, -2.396986420425921249, -2.285999999999997812 ) ) ;
#5008 = CARTESIAN_POINT ( 'NONE',  ( 0.000000000000000000, 0.000000000000000000, -2.286000000000000476 ) ) ;
#5009 = CARTESIAN_POINT ( 'NONE',  ( 2.372076222644153187, -5.530620799995804582, -2.285999999999994259 ) ) ;
#5010 = CARTESIAN_POINT ( 'NONE',  ( 0.8662984254189449729, 6.317209250654446606, 2.286000000000000476 ) ) ;
#5011 = EDGE_CURVE ( 'NONE', #508, #4862, #1155, .T. ) ;
#5012 = CARTESIAN_POINT ( 'NONE',  ( -6.317209250654444830, -0.8662984254189466382, -2.286000000000000920 ) ) ;
#5013 = CARTESIAN_POINT ( 'NONE',  ( -4.258722005451613057, 2.993776443851756230, 2.286000000000000476 ) ) ;
#5014 = CARTESIAN_POINT ( 'NONE',  ( -2.500000000000000000, 0.000000000000000000, 2.286000000000000032 ) ) ;
#5015 = CARTESIAN_POINT ( 'NONE',  ( -3.984899404126267086, -5.082526083828513563, -2.285999999999990262 ) ) ;
#5016 = CARTESIAN_POINT ( 'NONE',  ( 5.732355088791447173, -0.7045212705935075537, -2.285999999999992482 ) ) ;
#5017 = CARTESIAN_POINT ( 'NONE',  ( 5.306777461419535769, 0.5619673642293576687, -2.286000000000000920 ) ) ;
#5018 = CARTESIAN_POINT ( 'NONE',  ( 0.4213890162108044346, 5.147865004549771584, -2.286000000000000920 ) ) ;
#5019 = CARTESIAN_POINT ( 'NONE',  ( -4.339242117764194440, -3.183680459516557093, 2.286000000000000476 ) ) ;
#5020 = CARTESIAN_POINT ( 'NONE',  ( 5.352640503693420371, -4.635926943805795730, 2.286000000000000476 ) ) ;
#5021 = CARTESIAN_POINT ( 'NONE',  ( 0.1355698399325903081, -5.028786691589065327, 2.286000000000000476 ) ) ;
#5022 = CARTESIAN_POINT ( 'NONE',  ( -5.904012904798280559, -2.408368181655959450, -2.285999999999997812 ) ) ;
#5023 = CARTESIAN_POINT ( 'NONE',  ( -1.338510251577865073, 6.953486125426932674, 2.286000000000000476 ) ) ;
#5024 = APPLICATION_CONTEXT ( 'configuration controlled 3d designs of mechanical parts and assemblies' ) ;
#5025 = CARTESIAN_POINT ( 'NONE',  ( 5.122257907086415152, -2.191741345851257794, 2.286000000000000476 ) ) ;
#5026 = CARTESIAN_POINT ( 'NONE',  ( -5.349734136913458116, -0.5875270965913551580, 2.286000000000000476 ) ) ;
#5027 = ORIENTED_EDGE ( 'NONE', *, *, #2961, .F. ) ;
#5028 = CARTESIAN_POINT ( 'NONE',  ( -0.9097610735845638175, -6.394046406055662324, -2.286000000000000920 ) ) ;
#5029 = CARTESIAN_POINT ( 'NONE',  ( 2.181471118769027218, -5.073758694932547719, -2.286000000000000920 ) ) ;
#5030 = CARTESIAN_POINT ( 'NONE',  ( 4.953794882336380212, -3.782965240303916676, -2.286000000000000920 ) ) ;
#5031 = CARTESIAN_POINT ( 'NONE',  ( 4.612104495109638158, 3.476310862236193788, 2.286000000000000476 ) ) ;
#5032 = CARTESIAN_POINT ( 'NONE',  ( -4.258722005451611281, -2.993776443851758451, 2.286000000000000476 ) ) ;
#5033 = VECTOR ( 'NONE', #242, 1000.000000000000000 ) ;
#5034 = DIRECTION ( 'NONE',  ( -0.000000000000000000, -0.000000000000000000, 1.000000000000000000 ) ) ;
#5035 = CARTESIAN_POINT ( 'NONE',  ( 0.000000000000000000, 0.000000000000000000, -3.174999999999999822 ) ) ;
#5036 = CARTESIAN_POINT ( 'NONE',  ( -1.244985501274098239, -6.851020669089141535, 2.286000000000000476 ) ) ;
#5037 = B_SPLINE_CURVE_WITH_KNOTS ( 'NONE', 3,
 ( #4895, #156, #1387, #3364, #1720, #1412, #542, #569, #4819, #4100, #4532, #181, #4919, #2473, #3289, #4025, #4460, #3262, #3313, #2879, #4437, #2498, #4049, #1744, #2904, #979, #593, #4075, #2145, #1769, #1534, #1845, #5018, #3030, #2646, #3079, #2622, #3859, #4199, #4224, #668, #4993, #2216, #1868, #3054, #356, #4176, #1052, #2264, #307, #1103, #4248, #1152, #1126, #2696, #2598, #4151, #4631, #380, #2288, #1942, #716, #3836, #3765, #3811, #286, #1510, #4968, #740, #3385, #3104, #766, #331, #1917, #1485, #4943, #2670, #2314, #1460 ),
 .UNSPECIFIED., .F., .F.,
 ( 4, 1, 1, 1, 1, 1, 1, 1, 1, 1, 1, 1, 1, 1, 1, 1, 1, 1, 1, 1, 1, 1, 1, 1, 1, 1, 1, 1, 1, 1, 1, 1, 1, 1, 1, 1, 1, 1, 1, 1, 1, 1, 1, 1, 1, 1, 1, 1, 1, 1, 1, 1, 1, 1, 1, 1, 1, 1, 1, 1, 1, 1, 1, 1, 1, 1, 1, 1, 1, 1, 1, 1, 1, 1, 1, 1, 4 ),
 ( 0.01103315320116545796, 0.05345531963080774052, 0.07807290109913944676, 0.1012837636727261792, 0.1230879073546432556, 0.1434853321486017075, 0.1624760380591379061, 0.1800600250918766854, 0.1962372932539097059, 0.2110078425543557845, 0.2243716730052127684, 0.2363287846227128952, 0.2468791774295817643, 0.2560228514590334736, 0.2765703373738778725, 0.2861597148600217855, 0.2955281054245302297, 0.3046873400362805073, 0.3136510682187724219, 0.3224350908376913960, 0.3310577570337658315, 0.3395404348280692819, 0.3479080632824442798, 0.3561897892115020170, 0.3644196805880378642, 0.3726374874240482304, 0.3808893818503648054, 0.3892285417683729598, 0.3977153332009296660, 0.4064166828338137138, 0.4154040162538316094, 0.4247489170962575056, 0.4345155871249806179, 0.4447495655339210874, 0.4554634245512343416, 0.4666225055634414254, 0.4781364573014081909, 0.4871735315700953528, 0.5000000000000000000, 0.5128264684299046472, 0.5218635426985918091, 0.5333774944365585746, 0.5445365754487656584, 0.5552504344660789126, 0.5654844128750193821, 0.5752510829037424944, 0.5845959837461683906, 0.5935833171661862862, 0.6022846667990703340, 0.6107714582316270402, 0.6191106181496351946, 0.6273625125759517696, 0.6355803194119621358, 0.6438102107884980940, 0.6520919367175557202, 0.6604595651719308291, 0.6689422429662341685, 0.6775649091623087150, 0.6863489317812276891, 0.6953126599637194927, 0.7044718945754698813, 0.7138402851399783255, 0.7234296626261221830, 0.7439771485409665264, 0.7531208225704181247, 0.7636712153772871048, 0.7756283269947872316, 0.7889921574456442155, 0.8037627067460902941, 0.8199399749081233146, 0.8375239619408619829, 0.8565146678513981815, 0.8769120926453565223, 0.8987162363272737098, 0.9219270989008604422, 0.9465446803691922595, 0.9889668467988226297 ),
 .UNSPECIFIED. ) ;
#5038 = AXIS2_PLACEMENT_3D ( 'NONE', #2425, #1618, #3921 ) ;
#5039 = CARTESIAN_POINT ( 'NONE',  ( -6.048454584161421010, -0.7474384492293203452, -2.286000000000000920 ) ) ;
#5040 = CARTESIAN_POINT ( 'NONE',  ( -4.826063829536962224, 2.170794788144380760, -2.285999999999988930 ) ) ;
#5041 = CARTESIAN_POINT ( 'NONE',  ( 5.022562078130896168, -5.445848997224147503, 2.286000000000000476 ) ) ;
#5042 = DIRECTION ( 'NONE',  ( -0.000000000000000000, -0.000000000000000000, 1.000000000000000000 ) ) ;
#5043 = CARTESIAN_POINT ( 'NONE',  ( 6.123650495384040937, -0.7740819819406978830, 2.286000000000000476 ) ) ;
#5044 = ADVANCED_FACE ( 'NONE', ( #2624 ), #1537, .T. ) ;
#5045 = CARTESIAN_POINT ( 'NONE',  ( 5.629638264086795907, -0.6876082620354379005, -2.286000000000000920 ) ) ;
#5046 = FACE_OUTER_BOUND ( 'NONE', #3263, .T. ) ;
#5047 = CARTESIAN_POINT ( 'NONE',  ( -4.655371438823708630, -3.507955818454326913, 2.286000000000000476 ) ) ;
#5048 = CARTESIAN_POINT ( 'NONE',  ( -5.445848997224132404, -5.022562078130826002, -2.286000000000000476 ) ) ;
#5049 = CALENDAR_DATE ( 2022, 6, 6 ) ;
ENDSEC;
END-ISO-10303-21;
