ISO-10303-21;
HEADER;
FILE_DESCRIPTION (( 'STEP AP203' ),
    '1' );
FILE_NAME ('228-2500-129.step',
    '2022-06-06T19:05:47',
    ( '' ),
    ( '' ),
    'SwSTEP 2.0',
    'SolidWorks 2021',
    '' );
FILE_SCHEMA (( 'CONFIG_CONTROL_DESIGN' ));
ENDSEC;

DATA;
#1 = CARTESIAN_POINT ( 'NONE',  ( 0.4000000000000001887, 2.232710535457612888, 5.620762745781209269 ) ) ;
#2 = DIRECTION ( 'NONE',  ( 1.000000000000000000, 0.000000000000000000, 0.000000000000000000 ) ) ;
#3 = DIRECTION ( 'NONE',  ( 0.7071067811865463515, 0.7071067811865487940, 0.000000000000000000 ) ) ;
#4 = CARTESIAN_POINT ( 'NONE',  ( 0.7206315775864680084, -3.174999999999999822, 5.138999999999997570 ) ) ;
#5 = ORIENTED_EDGE ( 'NONE', *, *, #1234, .T. ) ;
#6 = ADVANCED_FACE ( 'NONE', ( #350 ), #1485, .F. ) ;
#7 = CARTESIAN_POINT ( 'NONE',  ( -0.3999999999999999667, -1.502637486114517751, 6.138999999999998458 ) ) ;
#8 = CARTESIAN_POINT ( 'NONE',  ( -5.200000000000001066, -22.48074015516494129, -2.000000000000000000 ) ) ;
#9 = DIRECTION ( 'NONE',  ( 0.000000000000000000, 0.000000000000000000, -1.000000000000000000 ) ) ;
#10 = DIRECTION ( 'NONE',  ( 0.000000000000000000, 0.000000000000000000, 1.000000000000000000 ) ) ;
#11 = DIRECTION ( 'NONE',  ( 1.000000000000000000, 0.000000000000000000, 0.000000000000000000 ) ) ;
#12 = ORIENTED_EDGE ( 'NONE', *, *, #529, .T. ) ;
#13 = VECTOR ( 'NONE', #318, 1000.000000000000000 ) ;
#14 = EDGE_CURVE ( 'NONE', #701, #776, #384, .T. ) ;
#15 = CARTESIAN_POINT ( 'NONE',  ( -2.099872945368625121, 0.000000000000000000, 6.138999999999998458 ) ) ;
#16 = CARTESIAN_POINT ( 'NONE',  ( -3.100000000000010303, 3.099999999999998757, 0.000000000000000000 ) ) ;
#17 = ORIENTED_EDGE ( 'NONE', *, *, #1478, .T. ) ;
#18 = PERSON_AND_ORGANIZATION_ROLE ( 'creator' ) ;
#19 = CARTESIAN_POINT ( 'NONE',  ( 0.000000000000000000, 0.000000000000000000, 5.389000000000001123 ) ) ;
#20 = ORIENTED_EDGE ( 'NONE', *, *, #871, .T. ) ;
#21 = CIRCLE ( 'NONE', #100, 2.100000000000000089 ) ;
#22 = VECTOR ( 'NONE', #1406, 1000.000000000000000 ) ;
#23 = VERTEX_POINT ( 'NONE', #723 ) ;
#24 = DIRECTION ( 'NONE',  ( 0.000000000000000000, 0.000000000000000000, 1.000000000000000000 ) ) ;
#25 = CARTESIAN_POINT ( 'NONE',  ( 1.554966049364602254, 0.000000000000000000, 6.138999999999998458 ) ) ;
#26 = VERTEX_POINT ( 'NONE', #81 ) ;
#27 = CALENDAR_DATE ( 2022, 6, 6 ) ;
#28 = EDGE_CURVE ( 'NONE', #1415, #919, #636, .T. ) ;
#29 = CARTESIAN_POINT ( 'NONE',  ( -6.200000000000001954, -2.174999999999998934, -2.000000000000000000 ) ) ;
#30 = ORIENTED_EDGE ( 'NONE', *, *, #1388, .T. ) ;
#31 = DIRECTION ( 'NONE',  ( -0.000000000000000000, -0.000000000000000000, 1.000000000000000000 ) ) ;
#32 = VERTEX_POINT ( 'NONE', #592 ) ;
#33 = CARTESIAN_POINT ( 'NONE',  ( -0.3999999999999999667, 0.000000000000000000, 6.138999999999998458 ) ) ;
#34 = CARTESIAN_POINT ( 'NONE',  ( -0.7206315775864664541, -3.174999999999999822, 5.138999999999997570 ) ) ;
#35 = PLANE ( 'NONE',  #1203 ) ;
#36 = ORIENTED_EDGE ( 'NONE', *, *, #61, .T. ) ;
#37 = COORDINATED_UNIVERSAL_TIME_OFFSET ( 6, 0, .BEHIND. ) ;
#38 = CARTESIAN_POINT ( 'NONE',  ( -4.710026574756802331E-17, -0.8890000000000000124, -8.450000000000002842 ) ) ;
#39 = VERTEX_POINT ( 'NONE', #87 ) ;
#40 = CIRCLE ( 'NONE', #903, 2.100000000000001865 ) ;
#41 = EDGE_CURVE ( 'NONE', #1206, #663, #477, .T. ) ;
#42 = CARTESIAN_POINT ( 'NONE',  ( 0.000000000000000000, 0.000000000000000000, -12.55000000000000249 ) ) ;
#43 = VERTEX_POINT ( 'NONE', #1411 ) ;
#44 = VECTOR ( 'NONE', #1433, 1000.000000000000000 ) ;
#45 = DIRECTION ( 'NONE',  ( 0.000000000000000000, 0.000000000000000000, 1.000000000000000000 ) ) ;
#46 = VECTOR ( 'NONE', #357, 1000.000000000000000 ) ;
#47 = CARTESIAN_POINT ( 'NONE',  ( 0.000000000000000000, 0.000000000000000000, 5.438999999999999169 ) ) ;
#48 = DIRECTION ( 'NONE',  ( -0.000000000000000000, -0.000000000000000000, 1.000000000000000000 ) ) ;
#49 = EDGE_LOOP ( 'NONE', ( #114, #677, #1537, #1423 ) ) ;
#50 = DIRECTION ( 'NONE',  ( -1.000000000000000000, 0.000000000000000000, 0.000000000000000000 ) ) ;
#51 = ORIENTED_EDGE ( 'NONE', *, *, #448, .T. ) ;
#52 = EDGE_CURVE ( 'NONE', #481, #91, #1498, .T. ) ;
#53 = ORIENTED_EDGE ( 'NONE', *, *, #52, .T. ) ;
#54 = VECTOR ( 'NONE', #425, 1000.000000000000000 ) ;
#55 = ORIENTED_EDGE ( 'NONE', *, *, #496, .T. ) ;
#56 = CYLINDRICAL_SURFACE ( 'NONE', #148, 2.100000000000000089 ) ;
#57 = EDGE_LOOP ( 'NONE', ( #1642, #1453, #1375, #294 ) ) ;
#58 = CARTESIAN_POINT ( 'NONE',  ( -3.042760935685123916E-16, -5.460999999999999410, -3.174999999999998490 ) ) ;
#59 = ORIENTED_EDGE ( 'NONE', *, *, #1166, .T. ) ;
#60 = ORIENTED_EDGE ( 'NONE', *, *, #854, .F. ) ;
#61 = EDGE_CURVE ( 'NONE', #251, #1195, #441, .T. ) ;
#62 = ORIENTED_EDGE ( 'NONE', *, *, #1180, .T. ) ;
#63 = CARTESIAN_POINT ( 'NONE',  ( -0.3999999999999999667, -2.264950330581225746, 5.523072258617638397 ) ) ;
#64 = ORIENTED_EDGE ( 'NONE', *, *, #1672, .T. ) ;
#65 = DIRECTION ( 'NONE',  ( -1.000000000000000000, 1.668003342285390811E-16, -8.340016711426954302E-16 ) ) ;
#66 = EDGE_CURVE ( 'NONE', #1212, #417, #1523, .T. ) ;
#67 = LINE ( 'NONE', #1510, #1128 ) ;
#68 = ORIENTED_EDGE ( 'NONE', *, *, #953, .F. ) ;
#69 = CIRCLE ( 'NONE', #281, 3.175000000000001155 ) ;
#70 = CARTESIAN_POINT ( 'NONE',  ( -9.299999999999998934, -3.100000000000010303, 0.000000000000000000 ) ) ;
#71 = ADVANCED_FACE ( 'NONE', ( #361 ), #1134, .T. ) ;
#72 = AXIS2_PLACEMENT_3D ( 'NONE', #793, #1315, #147 ) ;
#73 = ORIENTED_EDGE ( 'NONE', *, *, #660, .T. ) ;
#74 = DIRECTION ( 'NONE',  ( 0.000000000000000000, 1.000000000000000000, 0.000000000000000000 ) ) ;
#75 = EDGE_CURVE ( 'NONE', #543, #1448, #632, .T. ) ;
#76 = DIRECTION ( 'NONE',  ( 1.993935029858399143E-16, -0.000000000000000000, -1.000000000000000000 ) ) ;
#77 = ORIENTED_EDGE ( 'NONE', *, *, #465, .F. ) ;
#78 = VECTOR ( 'NONE', #568, 1000.000000000000000 ) ;
#79 = AXIS2_PLACEMENT_3D ( 'NONE', #1549, #748, #774 ) ;
#80 = LINE ( 'NONE', #1611, #13 ) ;
#81 = CARTESIAN_POINT ( 'NONE',  ( -3.042760935685123916E-16, -0.8890000000000000124, -9.525000000000002132 ) ) ;
#82 = CARTESIAN_POINT ( 'NONE',  ( 0.000000000000000000, 0.000000000000000000, 0.8890000000000009006 ) ) ;
#83 = EDGE_CURVE ( 'NONE', #1651, #1566, #688, .T. ) ;
#84 = CARTESIAN_POINT ( 'NONE',  ( 8.454926516077241380E-17, -2.174999999999999822, -3.174999999999998490 ) ) ;
#85 = ORIENTED_EDGE ( 'NONE', *, *, #1603, .T. ) ;
#86 = CARTESIAN_POINT ( 'NONE',  ( 8.454926516077236449E-17, -0.8890000000000000124, -3.174999999999998490 ) ) ;
#87 = CARTESIAN_POINT ( 'NONE',  ( -0.3999999999999999667, -2.232710535457612888, 5.620762745781209269 ) ) ;
#88 = CARTESIAN_POINT ( 'NONE',  ( -2.100000000000000089, 0.000000000000000000, 0.8890000000000009006 ) ) ;
#89 = CARTESIAN_POINT ( 'NONE',  ( -6.199999999999999289, -6.200000000000000178, -2.000000000000000000 ) ) ;
#90 = EDGE_CURVE ( 'NONE', #1302, #792, #754, .T. ) ;
#91 = VERTEX_POINT ( 'NONE', #110 ) ;
#92 = DIRECTION ( 'NONE',  ( -1.993935029858398650E-16, 2.789456375699901830E-32, 1.000000000000000000 ) ) ;
#93 = DIRECTION ( 'NONE',  ( 0.7071067811865489050, -0.7071067811865461294, 0.000000000000000000 ) ) ;
#94 =( GEOMETRIC_REPRESENTATION_CONTEXT ( 3 ) GLOBAL_UNCERTAINTY_ASSIGNED_CONTEXT ( ( #839 ) ) GLOBAL_UNIT_ASSIGNED_CONTEXT ( ( #1454, #171, #807 ) ) REPRESENTATION_CONTEXT ( 'NONE', 'WORKASPACE' ) );
#95 = FACE_OUTER_BOUND ( 'NONE', #707, .T. ) ;
#96 = CONICAL_SURFACE ( 'NONE', #316, 2.100000000000000089, 1.172861257340199304 ) ;
#97 = CARTESIAN_POINT ( 'NONE',  ( 0.000000000000000000, 0.000000000000000000, 5.438999999999999169 ) ) ;
#98 = EDGE_LOOP ( 'NONE', ( #973, #654, #1314, #442 ) ) ;
#99 = LINE ( 'NONE', #1521, #1335 ) ;
#100 = AXIS2_PLACEMENT_3D ( 'NONE', #328, #1364, #851 ) ;
#101 = CARTESIAN_POINT ( 'NONE',  ( -6.199999999999999289, -6.200000000000000178, 0.000000000000000000 ) ) ;
#102 = AXIS2_PLACEMENT_3D ( 'NONE', #1156, #120, #504 ) ;
#103 = CARTESIAN_POINT ( 'NONE',  ( -0.3999999999999999667, 2.264950330581225302, 5.523072258617638397 ) ) ;
#104 = DIRECTION ( 'NONE',  ( 1.993935029858398650E-16, 0.000000000000000000, -1.000000000000000000 ) ) ;
#105 = EDGE_LOOP ( 'NONE', ( #998, #679, #1089, #1316 ) ) ;
#106 = CARTESIAN_POINT ( 'NONE',  ( 0.4000000000000000222, 2.129368206736822255, 5.466985055880803301 ) ) ;
#107 = ORIENTED_EDGE ( 'NONE', *, *, #224, .T. ) ;
#108 = LINE ( 'NONE', #622, #1445 ) ;
#109 = EDGE_CURVE ( 'NONE', #435, #26, #69, .T. ) ;
#110 = CARTESIAN_POINT ( 'NONE',  ( -3.174999999999999822, 0.000000000000000000, 0.000000000000000000 ) ) ;
#111 = DIRECTION ( 'NONE',  ( -0.000000000000000000, -0.000000000000000000, 1.000000000000000000 ) ) ;
#112 = CARTESIAN_POINT ( 'NONE',  ( 6.200000000000001954, -22.48074015516494129, -6.349999999999999645 ) ) ;
#113 = CARTESIAN_POINT ( 'NONE',  ( -6.200000000000001954, -4.174999999999998934, -88.76025477448607148 ) ) ;
#114 = ORIENTED_EDGE ( 'NONE', *, *, #518, .F. ) ;
#115 = CARTESIAN_POINT ( 'NONE',  ( 0.4000000000000000777, -2.083236664664703586, 5.905597390643911204 ) ) ;
#116 = AXIS2_PLACEMENT_3D ( 'NONE', #475, #999, #1514 ) ;
#117 = EDGE_CURVE ( 'NONE', #857, #1440, #1146, .T. ) ;
#118 = CARTESIAN_POINT ( 'NONE',  ( 0.000000000000000000, 0.000000000000000000, 5.389000000000001123 ) ) ;
#119 = ADVANCED_FACE ( 'NONE', ( #1257 ), #1522, .F. ) ;
#120 = DIRECTION ( 'NONE',  ( 0.000000000000000000, 0.000000000000000000, 1.000000000000000000 ) ) ;
#121 = FACE_BOUND ( 'NONE', #817, .T. ) ;
#122 = ORIENTED_EDGE ( 'NONE', *, *, #310, .T. ) ;
#123 = DIRECTION ( 'NONE',  ( 0.000000000000000000, -1.000000000000000000, 0.000000000000000000 ) ) ;
#124 = DIRECTION ( 'NONE',  ( 0.7071067811865489050, -0.7071067811865461294, 0.000000000000000000 ) ) ;
#125 = CARTESIAN_POINT ( 'NONE',  ( -5.200000000000001066, -6.200000000000001066, -6.350000000000000533 ) ) ;
#126 = AXIS2_PLACEMENT_3D ( 'NONE', #738, #379, #1404 ) ;
#127 = CARTESIAN_POINT ( 'NONE',  ( 0.000000000000000000, 0.000000000000000000, 0.000000000000000000 ) ) ;
#128 = CARTESIAN_POINT ( 'NONE',  ( -0.3999999999999999667, 2.232710535457612888, 5.620762745781209269 ) ) ;
#129 = ADVANCED_FACE ( 'NONE', ( #1030 ), #378, .T. ) ;
#130 = CARTESIAN_POINT ( 'NONE',  ( 5.200000000000001066, -22.48074015516494129, -2.000000000000000000 ) ) ;
#131 = VERTEX_POINT ( 'NONE', #101 ) ;
#132 = DIRECTION ( 'NONE',  ( 0.000000000000000000, 1.000000000000000000, 0.000000000000000000 ) ) ;
#133 = CARTESIAN_POINT ( 'NONE',  ( -4.710026574756812192E-17, -6.201024999999999565, -8.450000000000001066 ) ) ;
#134 = LINE ( 'NONE', #86, #364 ) ;
#135 = DIRECTION ( 'NONE',  ( 1.000000000000000000, 0.000000000000000000, 0.000000000000000000 ) ) ;
#136 = CARTESIAN_POINT ( 'NONE',  ( 0.4000000000000001887, 2.264950330581225302, 5.523072258617638397 ) ) ;
#137 = ADVANCED_FACE ( 'NONE', ( #1140 ), #254, .T. ) ;
#138 = VERTEX_POINT ( 'NONE', #370 ) ;
#139 = EDGE_CURVE ( 'NONE', #1081, #799, #1024, .T. ) ;
#140 = CARTESIAN_POINT ( 'NONE',  ( 0.5734863112436890953, -2.021666578221207988, 3.457121909598164233 ) ) ;
#141 = CARTESIAN_POINT ( 'NONE',  ( 0.4000000000000001332, 2.081805041010027502, 5.906940355987363667 ) ) ;
#142 = ORIENTED_EDGE ( 'NONE', *, *, #1104, .T. ) ;
#143 = CIRCLE ( 'NONE', #629, 2.268258436585968152 ) ;
#144 = DATE_TIME_ROLE ( 'creation_date' ) ;
#145 = CARTESIAN_POINT ( 'NONE',  ( -0.7206315775864664541, -1.972483239316685122, 5.138999999999997570 ) ) ;
#146 = EDGE_LOOP ( 'NONE', ( #53, #59, #930, #850 ) ) ;
#147 = DIRECTION ( 'NONE',  ( 1.000000000000000000, 0.000000000000000000, 8.260587980841937794E-15 ) ) ;
#148 = AXIS2_PLACEMENT_3D ( 'NONE', #1473, #1431, #1053 ) ;
#149 = ORIENTED_EDGE ( 'NONE', *, *, #246, .F. ) ;
#150 = AXIS2_PLACEMENT_3D ( 'NONE', #1595, #547, #1329 ) ;
#151 = EDGE_CURVE ( 'NONE', #1494, #815, #899, .T. ) ;
#152 = CARTESIAN_POINT ( 'NONE',  ( 0.1233449203368022079, 2.100009524403048111, 2.138959997505216926 ) ) ;
#153 = LINE ( 'NONE', #1067, #181 ) ;
#154 = ORIENTED_EDGE ( 'NONE', *, *, #1401, .T. ) ;
#155 = PERSON_AND_ORGANIZATION ( #1658, #1474 ) ;
#156 = LINE ( 'NONE', #1597, #729 ) ;
#157 = ORIENTED_EDGE ( 'NONE', *, *, #1506, .T. ) ;
#158 = AXIS2_PLACEMENT_3D ( 'NONE', #1647, #609, #1249 ) ;
#159 = PLANE ( 'NONE',  #1638 ) ;
#160 = CONICAL_SURFACE ( 'NONE', #1348, 2.100000000000000089, 1.172861257340199304 ) ;
#161 = EDGE_LOOP ( 'NONE', ( #1075, #561, #319, #868 ) ) ;
#162 = LINE ( 'NONE', #34, #1385 ) ;
#163 = PLANE ( 'NONE',  #664 ) ;
#164 = EDGE_CURVE ( 'NONE', #978, #1566, #1012, .T. ) ;
#165 = VERTEX_POINT ( 'NONE', #557 ) ;
#166 = DATE_AND_TIME ( #813, #460 ) ;
#167 = CARTESIAN_POINT ( 'NONE',  ( -3.042760935685123916E-16, -5.460999999999999410, -6.349999999999999645 ) ) ;
#168 = ORIENTED_EDGE ( 'NONE', *, *, #1373, .F. ) ;
#169 = LINE ( 'NONE', #1294, #989 ) ;
#170 = EDGE_LOOP ( 'NONE', ( #1572, #400, #1175, #569 ) ) ;
#171 =( NAMED_UNIT ( * ) PLANE_ANGLE_UNIT ( ) SI_UNIT ( $, .RADIAN. ) );
#172 = LINE ( 'NONE', #8, #762 ) ;
#173 = DIRECTION ( 'NONE',  ( 0.000000000000000000, 0.000000000000000000, -1.000000000000000000 ) ) ;
#174 = EDGE_LOOP ( 'NONE', ( #1426, #186, #68, #1627 ) ) ;
#175 = EDGE_CURVE ( 'NONE', #983, #543, #954, .T. ) ;
#176 = CARTESIAN_POINT ( 'NONE',  ( -5.200000000000001066, -0.1999999999999996503, -6.350000000000000533 ) ) ;
#177 = EDGE_LOOP ( 'NONE', ( #1137, #1058 ) ) ;
#178 = ADVANCED_FACE ( 'NONE', ( #1424 ), #1320, .F. ) ;
#179 = ORIENTED_EDGE ( 'NONE', *, *, #1443, .T. ) ;
#180 = CIRCLE ( 'NONE', #1584, 1.554966049364602254 ) ;
#181 = VECTOR ( 'NONE', #650, 1000.000000000000000 ) ;
#182 = ORIENTED_EDGE ( 'NONE', *, *, #695, .T. ) ;
#183 = DIRECTION ( 'NONE',  ( 1.000000000000000000, 0.000000000000000000, 0.000000000000000000 ) ) ;
#184 = DIRECTION ( 'NONE',  ( 0.000000000000000000, 0.000000000000000000, 1.000000000000000000 ) ) ;
#185 = DIRECTION ( 'NONE',  ( 1.000000000000000000, -1.398970545142585802E-16, 0.000000000000000000 ) ) ;
#186 = ORIENTED_EDGE ( 'NONE', *, *, #1430, .T. ) ;
#187 = CIRCLE ( 'NONE', #1346, 5.200000000000001954 ) ;
#188 = EDGE_CURVE ( 'NONE', #857, #1622, #1223, .T. ) ;
#189 = ORIENTED_EDGE ( 'NONE', *, *, #1018, .F. ) ;
#190 = ORIENTED_EDGE ( 'NONE', *, *, #215, .T. ) ;
#191 = CARTESIAN_POINT ( 'NONE',  ( -0.3999999999999999667, -2.197165962000668493, 5.495012552331536071 ) ) ;
#192 = EDGE_LOOP ( 'NONE', ( #1606, #1429, #1354, #882, #214, #1594, #716, #1181, #305, #1222, #627, #757 ) ) ;
#193 = CARTESIAN_POINT ( 'NONE',  ( -0.3999999999999998557, 1.821676962433381952, 6.089970303311147859 ) ) ;
#194 = DIRECTION ( 'NONE',  ( -0.000000000000000000, -1.000000000000000000, -0.000000000000000000 ) ) ;
#195 = VERTEX_POINT ( 'NONE', #1308 ) ;
#196 = EDGE_CURVE ( 'NONE', #303, #1596, #172, .T. ) ;
#197 = ORIENTED_EDGE ( 'NONE', *, *, #1242, .T. ) ;
#198 = EDGE_CURVE ( 'NONE', #548, #453, #562, .T. ) ;
#199 = FACE_OUTER_BOUND ( 'NONE', #161, .T. ) ;
#200 = EDGE_LOOP ( 'NONE', ( #1562, #403, #375, #1608, #382, #942, #154, #1667, #952, #971, #20, #73 ) ) ;
#201 = CARTESIAN_POINT ( 'NONE',  ( 5.200000000000001954, -4.175000000000001599, -6.349999999999999645 ) ) ;
#202 = DIRECTION ( 'NONE',  ( 1.398970545142585802E-16, 1.000000000000000000, 0.000000000000000000 ) ) ;
#203 = ORIENTED_EDGE ( 'NONE', *, *, #1544, .F. ) ;
#204 = VECTOR ( 'NONE', #124, 1000.000000000000114 ) ;
#205 = CARTESIAN_POINT ( 'NONE',  ( -6.199999999999998401, 0.000000000000000000, -2.000000000000007105 ) ) ;
#206 = AXIS2_PLACEMENT_3D ( 'NONE', #499, #898, #1661 ) ;
#207 = CARTESIAN_POINT ( 'NONE',  ( -3.042760935685124409E-16, -0.1999999999999996503, -6.349999999999999645 ) ) ;
#208 = DIRECTION ( 'NONE',  ( -0.000000000000000000, 1.000000000000000000, -0.000000000000000000 ) ) ;
#209 = LINE ( 'NONE', #1243, #359 ) ;
#210 = CC_DESIGN_PERSON_AND_ORGANIZATION_ASSIGNMENT ( #931, #675, ( #1036 ) ) ;
#211 = ORIENTED_EDGE ( 'NONE', *, *, #263, .T. ) ;
#212 = AXIS2_PLACEMENT_3D ( 'NONE', #167, #1071, #10 ) ;
#213 = DIRECTION ( 'NONE',  ( 0.9218631515885042926, 0.000000000000000000, 0.3875155864520939408 ) ) ;
#214 = ORIENTED_EDGE ( 'NONE', *, *, #198, .T. ) ;
#215 = EDGE_CURVE ( 'NONE', #1582, #980, #143, .T. ) ;
#216 = CARTESIAN_POINT ( 'NONE',  ( -0.3999999999999999667, 1.502637486114517751, 6.138999999999998458 ) ) ;
#217 = CARTESIAN_POINT ( 'NONE',  ( -6.199999999999998401, 0.000000000000000000, 0.000000000000000000 ) ) ;
#218 = ORIENTED_EDGE ( 'NONE', *, *, #880, .F. ) ;
#219 = CARTESIAN_POINT ( 'NONE',  ( 0.4000000000000001887, 2.061552812808830293, 5.438999999999999169 ) ) ;
#220 = DIRECTION ( 'NONE',  ( -0.000000000000000000, -0.000000000000000000, -1.000000000000000000 ) ) ;
#221 = DIRECTION ( 'NONE',  ( 8.115498896123167176E-15, 0.000000000000000000, 1.000000000000000000 ) ) ;
#222 = ADVANCED_FACE ( 'NONE', ( #289 ), #1199, .T. ) ;
#223 = CARTESIAN_POINT ( 'NONE',  ( -5.200000000000001066, -2.174999999999999822, -2.000000000000000000 ) ) ;
#224 = EDGE_CURVE ( 'NONE', #1494, #713, #1548, .T. ) ;
#225 = ORIENTED_EDGE ( 'NONE', *, *, #794, .T. ) ;
#226 = AXIS2_PLACEMENT_3D ( 'NONE', #1148, #1515, #1384 ) ;
#227 = CARTESIAN_POINT ( 'NONE',  ( 5.200000000000001954, -2.174999999999999822, -6.349999999999999645 ) ) ;
#228 = FACE_BOUND ( 'NONE', #473, .T. ) ;
#229 = CARTESIAN_POINT ( 'NONE',  ( -3.042760935685123916E-16, -0.8890000000000000124, -6.349999999999999645 ) ) ;
#230 = DIRECTION ( 'NONE',  ( 0.000000000000000000, 1.000000000000000000, 0.000000000000000000 ) ) ;
#231 = AXIS2_PLACEMENT_3D ( 'NONE', #1200, #1190, #558 ) ;
#232 = CARTESIAN_POINT ( 'NONE',  ( -0.3999999999999999667, 2.264950330581225302, 5.523072258617638397 ) ) ;
#233 = FACE_OUTER_BOUND ( 'NONE', #806, .T. ) ;
#234 = ORIENTED_EDGE ( 'NONE', *, *, #1557, .T. ) ;
#235 = EDGE_CURVE ( 'NONE', #962, #1296, #526, .T. ) ;
#236 = DIRECTION ( 'NONE',  ( 0.000000000000000000, -0.000000000000000000, -1.000000000000000000 ) ) ;
#237 = LINE ( 'NONE', #1376, #1496 ) ;
#238 = CIRCLE ( 'NONE', #778, 3.175000000000001155 ) ;
#239 = DIRECTION ( 'NONE',  ( -0.000000000000000000, 1.000000000000000000, -0.000000000000000000 ) ) ;
#240 = VECTOR ( 'NONE', #185, 1000.000000000000000 ) ;
#241 = LINE ( 'NONE', #909, #639 ) ;
#242 = CARTESIAN_POINT ( 'NONE',  ( 0.4286119346557879517, -2.057850353472996385, 2.353605336466520814 ) ) ;
#243 = FACE_OUTER_BOUND ( 'NONE', #1238, .T. ) ;
#244 = EDGE_LOOP ( 'NONE', ( #1350, #1636, #1520, #55 ) ) ;
#245 = ADVANCED_FACE ( 'NONE', ( #946 ), #1090, .T. ) ;
#246 = EDGE_CURVE ( 'NONE', #267, #705, #40, .T. ) ;
#247 = ADVANCED_FACE ( 'NONE', ( #797 ), #649, .F. ) ;
#248 = CARTESIAN_POINT ( 'NONE',  ( 0.4000000000000001887, -2.061552812808830293, 5.438999999999999169 ) ) ;
#249 = LINE ( 'NONE', #112, #614 ) ;
#250 = FACE_BOUND ( 'NONE', #177, .T. ) ;
#251 = VERTEX_POINT ( 'NONE', #1446 ) ;
#252 = CARTESIAN_POINT ( 'NONE',  ( -0.3999999999999999667, -2.232710535457612888, 5.620762745781209269 ) ) ;
#253 = MANIFOLD_SOLID_BREP ( '228-2500-129', #1304 ) ;
#254 = PLANE ( 'NONE',  #1163 ) ;
#255 = CARTESIAN_POINT ( 'NONE',  ( 0.000000000000000000, 0.000000000000000000, 5.523072258617638397 ) ) ;
#256 = DIRECTION ( 'NONE',  ( 1.993935029858398650E-16, -2.789456375699901830E-32, -1.000000000000000000 ) ) ;
#257 = ORIENTED_EDGE ( 'NONE', *, *, #407, .T. ) ;
#258 = PRODUCT_DEFINITION_SHAPE ( 'NONE', 'NONE',  #1258 ) ;
#259 = LINE ( 'NONE', #777, #767 ) ;
#260 = DIRECTION ( 'NONE',  ( -0.000000000000000000, -0.000000000000000000, -1.000000000000000000 ) ) ;
#261 = DIRECTION ( 'NONE',  ( 1.000000000000000000, 0.000000000000000000, 0.000000000000000000 ) ) ;
#262 = CIRCLE ( 'NONE', #295, 3.175000000000001155 ) ;
#263 = EDGE_CURVE ( 'NONE', #667, #23, #162, .T. ) ;
#264 = MECHANICAL_CONTEXT ( 'NONE', #337, 'mechanical' ) ;
#265 = CARTESIAN_POINT ( 'NONE',  ( 0.4980973490458738828, 2.040073290564206943, 2.595422128626172054 ) ) ;
#266 = CARTESIAN_POINT ( 'NONE',  ( 6.200000000000001954, -6.200000000000001066, -6.349999999999999645 ) ) ;
#267 = VERTEX_POINT ( 'NONE', #1457 ) ;
#268 = DIRECTION ( 'NONE',  ( -1.084202172485504434E-16, 0.000000000000000000, -1.000000000000000000 ) ) ;
#269 = FACE_OUTER_BOUND ( 'NONE', #1463, .T. ) ;
#270 = ORIENTED_EDGE ( 'NONE', *, *, #310, .F. ) ;
#271 = COORDINATED_UNIVERSAL_TIME_OFFSET ( 6, 0, .BEHIND. ) ;
#272 = CARTESIAN_POINT ( 'NONE',  ( 0.000000000000000000, 0.000000000000000000, 0.000000000000000000 ) ) ;
#273 = ORIENTED_EDGE ( 'NONE', *, *, #783, .F. ) ;
#274 = CARTESIAN_POINT ( 'NONE',  ( -6.200000000000001954, -2.174999999999998934, -88.76025477448607148 ) ) ;
#275 = EDGE_CURVE ( 'NONE', #417, #705, #1328, .T. ) ;
#276 = ORIENTED_EDGE ( 'NONE', *, *, #377, .F. ) ;
#277 = CARTESIAN_POINT ( 'NONE',  ( 0.000000000000000000, 0.000000000000000000, 0.8890000000000009006 ) ) ;
#278 = CARTESIAN_POINT ( 'NONE',  ( 0.000000000000000000, 0.000000000000000000, 5.620762745781209269 ) ) ;
#279 = CARTESIAN_POINT ( 'NONE',  ( -2.299999999999999822, 0.000000000000000000, 5.523072258617638397 ) ) ;
#280 = VERTEX_POINT ( 'NONE', #219 ) ;
#281 = AXIS2_PLACEMENT_3D ( 'NONE', #229, #1403, #623 ) ;
#282 = APPROVAL_DATE_TIME ( #1568, #1648 ) ;
#283 = FACE_OUTER_BOUND ( 'NONE', #470, .T. ) ;
#284 = ORIENTED_EDGE ( 'NONE', *, *, #706, .F. ) ;
#285 = DIRECTION ( 'NONE',  ( 1.000000000000000000, 0.000000000000000000, 0.000000000000000000 ) ) ;
#286 = ORIENTED_EDGE ( 'NONE', *, *, #1267, .T. ) ;
#287 = EDGE_CURVE ( 'NONE', #1342, #436, #99, .T. ) ;
#288 = CARTESIAN_POINT ( 'NONE',  ( 0.000000000000000000, 0.000000000000000000, 6.138999999999998458 ) ) ;
#289 = FACE_OUTER_BOUND ( 'NONE', #949, .T. ) ;
#290 = FACE_OUTER_BOUND ( 'NONE', #1344, .T. ) ;
#291 = VERTEX_POINT ( 'NONE', #1132 ) ;
#292 = DATE_AND_TIME ( #27, #652 ) ;
#293 = LINE ( 'NONE', #29, #240 ) ;
#294 = ORIENTED_EDGE ( 'NONE', *, *, #90, .T. ) ;
#295 = AXIS2_PLACEMENT_3D ( 'NONE', #454, #1492, #335 ) ;
#296 = DIRECTION ( 'NONE',  ( -0.000000000000000000, -0.000000000000000000, 1.000000000000000000 ) ) ;
#297 = AXIS2_PLACEMENT_3D ( 'NONE', #1017, #1656, #912 ) ;
#298 = ORIENTED_EDGE ( 'NONE', *, *, #1000, .T. ) ;
#299 = CARTESIAN_POINT ( 'NONE',  ( -5.200000000000001066, -0.1999999999999996503, -6.350000000000000533 ) ) ;
#300 = EDGE_CURVE ( 'NONE', #1311, #429, #237, .T. ) ;
#301 = CARTESIAN_POINT ( 'NONE',  ( -0.4871798639138819054, 2.042738866564660416, 2.470634702552896744 ) ) ;
#302 = CARTESIAN_POINT ( 'NONE',  ( -8.000000000000000000, -1.800000000000007594, -12.55000000000000249 ) ) ;
#303 = VERTEX_POINT ( 'NONE', #1383 ) ;
#304 = DIRECTION ( 'NONE',  ( -0.3090169943749442316, 0.000000000000000000, -0.9510565162951545304 ) ) ;
#305 = ORIENTED_EDGE ( 'NONE', *, *, #349, .T. ) ;
#306 = ORIENTED_EDGE ( 'NONE', *, *, #1603, .F. ) ;
#307 = EDGE_LOOP ( 'NONE', ( #1145, #837, #1100, #838 ) ) ;
#308 = DIRECTION ( 'NONE',  ( 0.000000000000000000, 0.000000000000000000, 1.000000000000000000 ) ) ;
#309 = VERTEX_POINT ( 'NONE', #1123 ) ;
#310 = EDGE_CURVE ( 'NONE', #1311, #165, #993, .T. ) ;
#311 = DIRECTION ( 'NONE',  ( 0.000000000000000000, 0.000000000000000000, 1.000000000000000000 ) ) ;
#312 = EDGE_LOOP ( 'NONE', ( #507, #804, #969, #77 ) ) ;
#313 = AXIS2_PLACEMENT_3D ( 'NONE', #1644, #482, #753 ) ;
#314 = ORIENTED_EDGE ( 'NONE', *, *, #1672, .F. ) ;
#315 = AXIS2_PLACEMENT_3D ( 'NONE', #1530, #648, #1055 ) ;
#316 = AXIS2_PLACEMENT_3D ( 'NONE', #566, #458, #829 ) ;
#317 = EDGE_LOOP ( 'NONE', ( #1072, #1330, #459, #1164 ) ) ;
#318 = DIRECTION ( 'NONE',  ( -0.000000000000000000, -0.000000000000000000, 1.000000000000000000 ) ) ;
#319 = ORIENTED_EDGE ( 'NONE', *, *, #164, .T. ) ;
#320 = LINE ( 'NONE', #600, #1619 ) ;
#321 = ADVANCED_FACE ( 'NONE', ( #1246 ), #1256, .T. ) ;
#322 = DIRECTION ( 'NONE',  ( 1.000000000000000000, 0.000000000000000000, 0.000000000000000000 ) ) ;
#323 = AXIS2_PLACEMENT_3D ( 'NONE', #1439, #416, #941 ) ;
#324 = CIRCLE ( 'NONE', #1318, 3.175000000000001155 ) ;
#325 = ORIENTED_EDGE ( 'NONE', *, *, #992, .F. ) ;
#326 = CARTESIAN_POINT ( 'NONE',  ( 6.199999999999998401, 6.200000000000000178, -2.000000000000000000 ) ) ;
#327 = DIRECTION ( 'NONE',  ( 0.000000000000000000, 1.000000000000000000, 0.000000000000000000 ) ) ;
#328 = CARTESIAN_POINT ( 'NONE',  ( 0.000000000000000000, 0.000000000000000000, 5.139000000000004675 ) ) ;
#329 = CARTESIAN_POINT ( 'NONE',  ( -3.042760935685123916E-16, -2.174999999999999822, -6.349999999999999645 ) ) ;
#330 = EDGE_LOOP ( 'NONE', ( #234, #1336, #951, #994, #182, #157 ) ) ;
#331 = ADVANCED_FACE ( 'NONE', ( #1505 ), #1007, .F. ) ;
#332 = CARTESIAN_POINT ( 'NONE',  ( -0.3999999999999999667, -3.174999999999999822, 5.139000000000001123 ) ) ;
#333 = ORIENTED_EDGE ( 'NONE', *, *, #854, .T. ) ;
#334 = APPROVAL_PERSON_ORGANIZATION ( #542, #1648, #1069 ) ;
#335 = DIRECTION ( 'NONE',  ( 0.000000000000000000, 0.000000000000000000, 1.000000000000000000 ) ) ;
#336 = DIRECTION ( 'NONE',  ( -0.000000000000000000, 1.000000000000000000, -0.000000000000000000 ) ) ;
#337 = APPLICATION_CONTEXT ( 'configuration controlled 3d designs of mechanical parts and assemblies' ) ;
#338 = ORIENTED_EDGE ( 'NONE', *, *, #1443, .F. ) ;
#339 = AXIS2_PLACEMENT_3D ( 'NONE', #746, #1015, #93 ) ;
#340 = ADVANCED_FACE ( 'NONE', ( #875, #228 ), #744, .F. ) ;
#341 = CARTESIAN_POINT ( 'NONE',  ( -0.3999999999999999667, -2.061552812808830293, 5.438999999999999169 ) ) ;
#342 = VECTOR ( 'NONE', #1389, 1000.000000000000000 ) ;
#343 = EDGE_LOOP ( 'NONE', ( #432, #444, #1598, #1098 ) ) ;
#344 = CARTESIAN_POINT ( 'NONE',  ( 0.7206315775864680084, -3.174999999999999822, 5.138999999999997570 ) ) ;
#345 = LINE ( 'NONE', #1237, #516 ) ;
#346 = ORIENTED_EDGE ( 'NONE', *, *, #61, .F. ) ;
#347 = VECTOR ( 'NONE', #894, 1000.000000000000000 ) ;
#348 = DIRECTION ( 'NONE',  ( -0.000000000000000000, -0.000000000000000000, 1.000000000000000000 ) ) ;
#349 = EDGE_CURVE ( 'NONE', #1263, #713, #345, .T. ) ;
#350 = FACE_OUTER_BOUND ( 'NONE', #343, .T. ) ;
#351 = PLANE ( 'NONE',  #1560 ) ;
#352 = DIRECTION ( 'NONE',  ( -0.000000000000000000, 1.000000000000000000, -0.000000000000000000 ) ) ;
#353 = ORIENTED_EDGE ( 'NONE', *, *, #1276, .F. ) ;
#354 = CARTESIAN_POINT ( 'NONE',  ( 0.4000000000000000222, -2.197165961088449748, 5.495012551953919022 ) ) ;
#355 = DIRECTION ( 'NONE',  ( 1.000000000000000000, 0.000000000000000000, 0.000000000000000000 ) ) ;
#356 = DIRECTION ( 'NONE',  ( 1.000000000000000000, -1.365923996832131116E-16, 0.000000000000000000 ) ) ;
#357 = DIRECTION ( 'NONE',  ( -2.797941090285173083E-16, 1.000000000000000000, -0.000000000000000000 ) ) ;
#358 = ORIENTED_EDGE ( 'NONE', *, *, #83, .T. ) ;
#359 = VECTOR ( 'NONE', #76, 1000.000000000000000 ) ;
#360 = CARTESIAN_POINT ( 'NONE',  ( -2.268258436585968152, 0.000000000000000000, 5.620762745781209269 ) ) ;
#361 = FACE_OUTER_BOUND ( 'NONE', #450, .T. ) ;
#362 = APPROVAL_PERSON_ORGANIZATION ( #155, #970, #1284 ) ;
#363 = DIRECTION ( 'NONE',  ( -0.000000000000000000, -0.000000000000000000, -1.000000000000000000 ) ) ;
#364 = VECTOR ( 'NONE', #972, 1000.000000000000000 ) ;
#365 = CARTESIAN_POINT ( 'NONE',  ( 0.4980973490458738828, -2.040073290564207831, 2.595422128626172054 ) ) ;
#366 = EDGE_CURVE ( 'NONE', #815, #32, #1470, .T. ) ;
#367 = VERTEX_POINT ( 'NONE', #1358 ) ;
#368 = ADVANCED_FACE ( 'NONE', ( #455 ), #718, .T. ) ;
#369 = CIRCLE ( 'NONE', #427, 2.299999999999999822 ) ;
#370 = CARTESIAN_POINT ( 'NONE',  ( -3.174999999999999822, 3.888253587292846081E-16, 0.8890000000000009006 ) ) ;
#371 = AXIS2_PLACEMENT_3D ( 'NONE', #521, #1041, #1051 ) ;
#372 = DIRECTION ( 'NONE',  ( 0.000000000000000000, 0.000000000000000000, 1.000000000000000000 ) ) ;
#373 = CARTESIAN_POINT ( 'NONE',  ( -0.3999999999999999667, 2.254205848354697395, 5.555636450100673862 ) ) ;
#374 = PLANE ( 'NONE',  #966 ) ;
#375 = ORIENTED_EDGE ( 'NONE', *, *, #769, .T. ) ;
#376 = ORIENTED_EDGE ( 'NONE', *, *, #164, .F. ) ;
#377 = EDGE_CURVE ( 'NONE', #1415, #1553, #982, .T. ) ;
#378 = CYLINDRICAL_SURFACE ( 'NONE', #796, 3.175000000000001155 ) ;
#379 = DIRECTION ( 'NONE',  ( -0.000000000000000000, 1.000000000000000000, -0.000000000000000000 ) ) ;
#380 = CARTESIAN_POINT ( 'NONE',  ( -9.299999999999998934, -3.100000000000010303, -2.000000000000000000 ) ) ;
#381 = DIRECTION ( 'NONE',  ( 0.000000000000000000, 1.000000000000000000, 0.000000000000000000 ) ) ;
#382 = ORIENTED_EDGE ( 'NONE', *, *, #1495, .F. ) ;
#383 = PLANE ( 'NONE',  #206 ) ;
#384 = CIRCLE ( 'NONE', #577, 6.200000000000001954 ) ;
#385 = DIRECTION ( 'NONE',  ( -0.000000000000000000, 1.000000000000000000, -0.000000000000000000 ) ) ;
#386 = DIRECTION ( 'NONE',  ( -0.000000000000000000, 1.000000000000000000, -0.000000000000000000 ) ) ;
#387 = VECTOR ( 'NONE', #943, 1000.000000000000000 ) ;
#388 = CARTESIAN_POINT ( 'NONE',  ( -5.199999999999984190, -4.174999999999998934, -88.76025477448607148 ) ) ;
#389 = VECTOR ( 'NONE', #395, 1000.000000000000000 ) ;
#390 = DIRECTION ( 'NONE',  ( 0.000000000000000000, 0.000000000000000000, 1.000000000000000000 ) ) ;
#391 = ORIENTED_EDGE ( 'NONE', *, *, #1050, .F. ) ;
#392 = DIRECTION ( 'NONE',  ( 0.000000000000000000, 1.000000000000000000, 0.000000000000000000 ) ) ;
#393 = CARTESIAN_POINT ( 'NONE',  ( 0.4282819678817722520, 2.057911970479199049, 2.353224001008316524 ) ) ;
#394 = AXIS2_PLACEMENT_3D ( 'NONE', #118, #1386, #355 ) ;
#395 = DIRECTION ( 'NONE',  ( -0.000000000000000000, -0.000000000000000000, -1.000000000000000000 ) ) ;
#396 = AXIS2_PLACEMENT_3D ( 'NONE', #329, #202, #356 ) ;
#397 = ADVANCED_FACE ( 'NONE', ( #860 ), #1493, .T. ) ;
#398 = CARTESIAN_POINT ( 'NONE',  ( -3.042760935685123423E-16, -2.174999999999999822, -9.525000000000002132 ) ) ;
#399 = CARTESIAN_POINT ( 'NONE',  ( 0.000000000000000000, 0.000000000000000000, 0.000000000000000000 ) ) ;
#400 = ORIENTED_EDGE ( 'NONE', *, *, #66, .F. ) ;
#401 = DIRECTION ( 'NONE',  ( 0.000000000000000000, 1.000000000000000000, 0.000000000000000000 ) ) ;
#402 = FACE_OUTER_BOUND ( 'NONE', #1271, .T. ) ;
#403 = ORIENTED_EDGE ( 'NONE', *, *, #1615, .T. ) ;
#404 = APPROVAL_DATE_TIME ( #166, #628 ) ;
#405 = DIRECTION ( 'NONE',  ( -0.000000000000000000, 1.000000000000000000, -0.000000000000000000 ) ) ;
#406 = VERTEX_POINT ( 'NONE', #84 ) ;
#407 = EDGE_CURVE ( 'NONE', #1173, #701, #209, .T. ) ;
#408 = DIRECTION ( 'NONE',  ( 0.000000000000000000, 0.000000000000000000, 1.000000000000000000 ) ) ;
#409 = ORIENTED_EDGE ( 'NONE', *, *, #1216, .T. ) ;
#410 = DIRECTION ( 'NONE',  ( 0.000000000000000000, 1.000000000000000000, 0.000000000000000000 ) ) ;
#411 = CARTESIAN_POINT ( 'NONE',  ( -3.174999999999999822, 3.888253587292846081E-16, 0.000000000000000000 ) ) ;
#412 = EDGE_LOOP ( 'NONE', ( #694, #990, #985, #848 ) ) ;
#413 = AXIS2_PLACEMENT_3D ( 'NONE', #422, #519, #809 ) ;
#414 = PERSON_AND_ORGANIZATION_ROLE ( 'classification_officer' ) ;
#415 = DIRECTION ( 'NONE',  ( 0.000000000000000000, 0.000000000000000000, 1.000000000000000000 ) ) ;
#416 = DIRECTION ( 'NONE',  ( 1.398970545142585802E-16, 1.000000000000000000, 0.000000000000000000 ) ) ;
#417 = VERTEX_POINT ( 'NONE', #996 ) ;
#418 = PLANE ( 'NONE',  #770 ) ;
#419 = ADVANCED_FACE ( 'NONE', ( #1097 ), #595, .F. ) ;
#420 = EDGE_LOOP ( 'NONE', ( #203, #575, #30, #1461 ) ) ;
#421 = APPLICATION_CONTEXT ( 'configuration controlled 3d designs of mechanical parts and assemblies' ) ;
#422 = CARTESIAN_POINT ( 'NONE',  ( 0.000000000000000000, 0.000000000000000000, 5.523072258617638397 ) ) ;
#423 = CARTESIAN_POINT ( 'NONE',  ( -3.042760935685125395E-16, -6.200000000000001066, -6.349999999999997868 ) ) ;
#424 = ORIENTED_EDGE ( 'NONE', *, *, #1506, .F. ) ;
#425 = DIRECTION ( 'NONE',  ( -1.000000000000000000, 0.000000000000000000, -0.000000000000000000 ) ) ;
#426 = ORIENTED_EDGE ( 'NONE', *, *, #514, .F. ) ;
#427 = AXIS2_PLACEMENT_3D ( 'NONE', #1467, #1060, #50 ) ;
#428 = CARTESIAN_POINT ( 'NONE',  ( 5.200000000000001954, -4.175000000000000711, -88.76025477448607148 ) ) ;
#429 = VERTEX_POINT ( 'NONE', #217 ) ;
#430 = VERTEX_POINT ( 'NONE', #1250 ) ;
#431 = FACE_OUTER_BOUND ( 'NONE', #98, .T. ) ;
#432 = ORIENTED_EDGE ( 'NONE', *, *, #846, .F. ) ;
#433 = CARTESIAN_POINT ( 'NONE',  ( -6.200000000000001954, -4.174999999999998934, -2.000000000000000000 ) ) ;
#434 = ORIENTED_EDGE ( 'NONE', *, *, #109, .T. ) ;
#435 = VERTEX_POINT ( 'NONE', #1221 ) ;
#436 = VERTEX_POINT ( 'NONE', #223 ) ;
#437 = DIRECTION ( 'NONE',  ( 0.7071067811865463515, 0.7071067811865487940, 0.000000000000000000 ) ) ;
#438 = EDGE_CURVE ( 'NONE', #785, #131, #1641, .T. ) ;
#439 = ORIENTED_EDGE ( 'NONE', *, *, #645, .F. ) ;
#440 = DIRECTION ( 'NONE',  ( 0.000000000000000000, 0.000000000000000000, 1.000000000000000000 ) ) ;
#441 = CIRCLE ( 'NONE', #1248, 2.299999999999999822 ) ;
#442 = ORIENTED_EDGE ( 'NONE', *, *, #235, .T. ) ;
#443 = VECTOR ( 'NONE', #780, 1000.000000000000000 ) ;
#444 = ORIENTED_EDGE ( 'NONE', *, *, #198, .F. ) ;
#445 = FACE_OUTER_BOUND ( 'NONE', #488, .T. ) ;
#446 = ORIENTED_EDGE ( 'NONE', *, *, #188, .F. ) ;
#447 = FACE_OUTER_BOUND ( 'NONE', #534, .T. ) ;
#448 = EDGE_CURVE ( 'NONE', #1263, #1553, #1649, .T. ) ;
#449 = DIRECTION ( 'NONE',  ( 0.000000000000000000, -1.000000000000000000, 0.000000000000000000 ) ) ;
#450 = EDGE_LOOP ( 'NONE', ( #559, #1590, #122, #60, #703, #1187 ) ) ;
#451 = VECTOR ( 'NONE', #587, 1000.000000000000000 ) ;
#452 = PLANE ( 'NONE',  #1309 ) ;
#453 = VERTEX_POINT ( 'NONE', #1617 ) ;
#454 = CARTESIAN_POINT ( 'NONE',  ( -3.042760935685123916E-16, -0.8890000000000000124, -6.349999999999999645 ) ) ;
#455 = FACE_OUTER_BOUND ( 'NONE', #1325, .T. ) ;
#456 = ADVANCED_FACE ( 'NONE', ( #1487 ), #160, .T. ) ;
#457 = VERTEX_POINT ( 'NONE', #1127 ) ;
#458 = DIRECTION ( 'NONE',  ( 0.000000000000000000, 0.000000000000000000, 1.000000000000000000 ) ) ;
#459 = ORIENTED_EDGE ( 'NONE', *, *, #742, .T. ) ;
#460 = LOCAL_TIME ( 14, 5, 47.00000000000000000, #37 ) ;
#461 = CARTESIAN_POINT ( 'NONE',  ( 6.199999999999998401, 6.200000000000000178, -2.000000000000000000 ) ) ;
#462 = DIRECTION ( 'NONE',  ( 0.000000000000000000, 0.000000000000000000, 1.000000000000000000 ) ) ;
#463 = AXIS2_PLACEMENT_3D ( 'NONE', #47, #24, #819 ) ;
#464 = ORIENTED_EDGE ( 'NONE', *, *, #604, .T. ) ;
#465 = EDGE_CURVE ( 'NONE', #1592, #1432, #324, .T. ) ;
#466 = AXIS2_PLACEMENT_3D ( 'NONE', #127, #415, #642 ) ;
#467 = EDGE_CURVE ( 'NONE', #165, #1078, #67, .T. ) ;
#468 = CARTESIAN_POINT ( 'NONE',  ( 5.200000000000001954, -6.200000000000001066, -6.349999999999999645 ) ) ;
#469 = VECTOR ( 'NONE', #213, 1000.000000000000227 ) ;
#470 = EDGE_LOOP ( 'NONE', ( #1579, #957, #603, #904 ) ) ;
#471 = LINE ( 'NONE', #1220, #1646 ) ;
#472 = CARTESIAN_POINT ( 'NONE',  ( -0.7206315775864664541, -3.174999999999999822, 5.138999999999997570 ) ) ;
#473 = EDGE_LOOP ( 'NONE', ( #1356, #735 ) ) ;
#474 = VECTOR ( 'NONE', #1172, 1000.000000000000000 ) ;
#475 = CARTESIAN_POINT ( 'NONE',  ( -6.199999999999999289, -6.200000000000000178, -2.000000000000000000 ) ) ;
#476 = EDGE_CURVE ( 'NONE', #309, #367, #590, .T. ) ;
#477 = LINE ( 'NONE', #869, #204 ) ;
#478 = LINE ( 'NONE', #1002, #1077 ) ;
#479 = CARTESIAN_POINT ( 'NONE',  ( -5.200000000000001066, -22.48074015516494129, -6.350000000000000533 ) ) ;
#480 = LINE ( 'NONE', #1519, #46 ) ;
#481 = VERTEX_POINT ( 'NONE', #1479 ) ;
#482 = DIRECTION ( 'NONE',  ( 0.000000000000000000, 1.000000000000000000, 0.000000000000000000 ) ) ;
#483 = DIRECTION ( 'NONE',  ( 0.000000000000000000, 1.000000000000000000, 0.000000000000000000 ) ) ;
#484 = ADVANCED_FACE ( 'NONE', ( #845, #1351 ), #712, .T. ) ;
#485 = LINE ( 'NONE', #503, #1593 ) ;
#486 = LINE ( 'NONE', #1011, #1620 ) ;
#487 = CARTESIAN_POINT ( 'NONE',  ( -3.042760935685125395E-16, -22.48074015516494129, -6.349999999999997868 ) ) ;
#488 = EDGE_LOOP ( 'NONE', ( #961, #1120, #1660, #1489, #1083, #1043 ) ) ;
#489 = VECTOR ( 'NONE', #739, 1000.000000000000000 ) ;
#490 = DIRECTION ( 'NONE',  ( -1.000000000000000000, 0.000000000000000000, 0.000000000000000000 ) ) ;
#491 = CARTESIAN_POINT ( 'NONE',  ( 0.4980973490458738828, 2.040073290564206943, 2.595422128626172054 ) ) ;
#492 = CIRCLE ( 'NONE', #906, 2.100000000000000089 ) ;
#493 = CARTESIAN_POINT ( 'NONE',  ( -3.042760935685123916E-16, -4.174999999999999822, -6.349999999999999645 ) ) ;
#494 = CARTESIAN_POINT ( 'NONE',  ( 5.200000000000001066, -0.1999999999999996503, -2.000000000000000000 ) ) ;
#495 = B_SPLINE_CURVE_WITH_KNOTS ( 'NONE', 3,
 ( #63, #191, #583, #341 ),
 .UNSPECIFIED., .F., .F.,
 ( 4, 4 ),
 ( 0.003029541235337105884, 0.003249628748158705192 ),
 .UNSPECIFIED. ) ;
#496 = EDGE_CURVE ( 'NONE', #621, #406, #751, .T. ) ;
#497 = FACE_OUTER_BOUND ( 'NONE', #1214, .T. ) ;
#498 = ORIENTED_EDGE ( 'NONE', *, *, #655, .T. ) ;
#499 = CARTESIAN_POINT ( 'NONE',  ( -6.199999999999999289, -6.200000000000000178, 0.000000000000000000 ) ) ;
#500 = CIRCLE ( 'NONE', #1670, 2.268258436585968152 ) ;
#501 = CARTESIAN_POINT ( 'NONE',  ( 0.4000000000000000222, 2.243459280444427772, 5.588199955838118349 ) ) ;
#502 = AXIS2_PLACEMENT_3D ( 'NONE', #702, #1204, #922 ) ;
#503 = CARTESIAN_POINT ( 'NONE',  ( -6.199999999999999289, 0.000000000000000000, 0.000000000000000000 ) ) ;
#504 = DIRECTION ( 'NONE',  ( 1.000000000000000000, 0.000000000000000000, 0.000000000000000000 ) ) ;
#505 = DIRECTION ( 'NONE',  ( 1.000000000000000000, 0.000000000000000000, 0.000000000000000000 ) ) ;
#506 = EDGE_CURVE ( 'NONE', #303, #962, #1026, .T. ) ;
#507 = ORIENTED_EDGE ( 'NONE', *, *, #863, .F. ) ;
#508 = FACE_OUTER_BOUND ( 'NONE', #200, .T. ) ;
#509 = CARTESIAN_POINT ( 'NONE',  ( 0.7206315775864680084, 1.972483239316684234, 5.138999999999997570 ) ) ;
#510 = CARTESIAN_POINT ( 'NONE',  ( 0.000000000000000000, 0.000000000000000000, 5.620762745781209269 ) ) ;
#511 = CARTESIAN_POINT ( 'NONE',  ( 0.7206315775864680084, -1.972483239316684234, 5.138999999999997570 ) ) ;
#512 = PLANE ( 'NONE',  #1070 ) ;
#513 = ORIENTED_EDGE ( 'NONE', *, *, #117, .F. ) ;
#514 = EDGE_CURVE ( 'NONE', #1342, #682, #1150, .T. ) ;
#515 = CARTESIAN_POINT ( 'NONE',  ( -0.3999999999999999112, -2.081805041010027946, 5.906940355987363667 ) ) ;
#516 = VECTOR ( 'NONE', #578, 1000.000000000000000 ) ;
#517 = B_SPLINE_CURVE_WITH_KNOTS ( 'NONE', 3,
 ( #929, #1179, #811, #1602 ),
 .UNSPECIFIED., .F., .F.,
 ( 4, 4 ),
 ( 0.003655977453372196047, 0.003758849537120531516 ),
 .UNSPECIFIED. ) ;
#518 = EDGE_CURVE ( 'NONE', #1512, #701, #249, .T. ) ;
#519 = DIRECTION ( 'NONE',  ( -0.000000000000000000, -0.000000000000000000, -1.000000000000000000 ) ) ;
#520 = AXIS2_PLACEMENT_3D ( 'NONE', #1571, #1326, #1174 ) ;
#521 = CARTESIAN_POINT ( 'NONE',  ( 6.505213034913026604E-16, -3.174999999999999822, 2.638999999999998902 ) ) ;
#522 = TOROIDAL_SURFACE ( 'NONE', #886, 1.554966049364602254, 0.7500000000000000000 ) ;
#523 = CARTESIAN_POINT ( 'NONE',  ( 0.7206315775864680084, 1.972483239316684234, 5.138999999999997570 ) ) ;
#524 = VERTEX_POINT ( 'NONE', #1143 ) ;
#525 = CARTESIAN_POINT ( 'NONE',  ( -0.5734863112436872079, -2.021666578221208432, 3.457121909598156240 ) ) ;
#526 = LINE ( 'NONE', #1290, #986 ) ;
#527 = CIRCLE ( 'NONE', #1176, 3.174999999999999822 ) ;
#528 = CARTESIAN_POINT ( 'NONE',  ( 3.099999999999979217, 3.099999999999992983, 0.000000000000000000 ) ) ;
#529 = EDGE_CURVE ( 'NONE', #799, #195, #619, .T. ) ;
#530 = ORIENTED_EDGE ( 'NONE', *, *, #1581, .F. ) ;
#531 = CIRCLE ( 'NONE', #975, 3.174999999999999822 ) ;
#532 = APPROVAL_STATUS ( 'not_yet_approved' ) ;
#533 = DIRECTION ( 'NONE',  ( 0.000000000000000000, 0.000000000000000000, 1.000000000000000000 ) ) ;
#534 = EDGE_LOOP ( 'NONE', ( #1131, #1068, #1215, #306 ) ) ;
#535 = CARTESIAN_POINT ( 'NONE',  ( 0.000000000000000000, 0.000000000000000000, 6.138999999999998458 ) ) ;
#536 = ORIENTED_EDGE ( 'NONE', *, *, #1495, .T. ) ;
#537 = CARTESIAN_POINT ( 'NONE',  ( 0.3999999999999999667, -3.174999999999999822, 5.139000000000001123 ) ) ;
#538 = DIRECTION ( 'NONE',  ( -0.000000000000000000, 1.000000000000000000, -0.000000000000000000 ) ) ;
#539 = ORIENTED_EDGE ( 'NONE', *, *, #188, .T. ) ;
#540 = EDGE_CURVE ( 'NONE', #919, #980, #1552, .T. ) ;
#541 = ADVANCED_FACE ( 'NONE', ( #761 ), #1277, .T. ) ;
#542 = PERSON_AND_ORGANIZATION ( #1658, #1474 ) ;
#543 = VERTEX_POINT ( 'NONE', #265 ) ;
#544 = CARTESIAN_POINT ( 'NONE',  ( -3.042760935685123916E-16, -4.174999999999999822, -3.174999999999998490 ) ) ;
#545 = EDGE_LOOP ( 'NONE', ( #1028, #861 ) ) ;
#546 = DIRECTION ( 'NONE',  ( -0.000000000000000000, 1.000000000000000000, -0.000000000000000000 ) ) ;
#547 = DIRECTION ( 'NONE',  ( 1.000000000000000000, -0.000000000000000000, 1.993935029858398650E-16 ) ) ;
#548 = VERTEX_POINT ( 'NONE', #511 ) ;
#549 = VECTOR ( 'NONE', #616, 1000.000000000000000 ) ;
#550 = APPROVAL_STATUS ( 'not_yet_approved' ) ;
#551 = ORIENTED_EDGE ( 'NONE', *, *, #1306, .F. ) ;
#552 = DIRECTION ( 'NONE',  ( 1.000000000000000000, 0.000000000000000000, 0.000000000000000000 ) ) ;
#553 = LOCAL_TIME ( 14, 5, 47.00000000000000000, #1040 ) ;
#554 = ADVANCED_FACE ( 'NONE', ( #878 ), #1045, .T. ) ;
#555 = ORIENTED_EDGE ( 'NONE', *, *, #1643, .F. ) ;
#556 = CARTESIAN_POINT ( 'NONE',  ( -0.4980973490458723840, -2.040073290564207831, 2.595422128626172054 ) ) ;
#557 = CARTESIAN_POINT ( 'NONE',  ( -6.200000000000001954, -0.1999999999999996503, -2.000000000000000000 ) ) ;
#558 = DIRECTION ( 'NONE',  ( 1.000000000000000000, -1.365923996832131116E-16, 0.000000000000000000 ) ) ;
#559 = ORIENTED_EDGE ( 'NONE', *, *, #695, .F. ) ;
#560 = CARTESIAN_POINT ( 'NONE',  ( -0.4871800118523818002, -2.042738830444500664, 2.470636393497685823 ) ) ;
#561 = ORIENTED_EDGE ( 'NONE', *, *, #1353, .T. ) ;
#562 =( BOUNDED_CURVE ( )  B_SPLINE_CURVE ( 3, ( #1066, #1178, #140, #1297 ),
 .UNSPECIFIED., .F., .T. ) 
 B_SPLINE_CURVE_WITH_KNOTS ( ( 4, 4 ),
 ( 4.362112093716119077, 4.472917508490046323 ),
 .UNSPECIFIED. ) 
 CURVE ( )  GEOMETRIC_REPRESENTATION_ITEM ( )  RATIONAL_B_SPLINE_CURVE ( ( 1.000000000000000000, 0.9989771083553060649, 0.9989771083553060649, 1.000000000000000000 ) ) 
 REPRESENTATION_ITEM ( '' )  );
#563 = ORIENTED_EDGE ( 'NONE', *, *, #574, .F. ) ;
#564 = EDGE_CURVE ( 'NONE', #91, #481, #531, .T. ) ;
#565 = ORIENTED_EDGE ( 'NONE', *, *, #1655, .T. ) ;
#566 = CARTESIAN_POINT ( 'NONE',  ( 0.000000000000000000, 0.000000000000000000, 5.438999999999999169 ) ) ;
#567 = ORIENTED_EDGE ( 'NONE', *, *, #1255, .F. ) ;
#568 = DIRECTION ( 'NONE',  ( -0.000000000000000000, -0.000000000000000000, 1.000000000000000000 ) ) ;
#569 = ORIENTED_EDGE ( 'NONE', *, *, #246, .T. ) ;
#570 = EDGE_LOOP ( 'NONE', ( #812, #439, #211, #728 ) ) ;
#571 = CC_DESIGN_APPROVAL ( #1648, ( #1245 ) ) ;
#572 = VERTEX_POINT ( 'NONE', #494 ) ;
#573 = CARTESIAN_POINT ( 'NONE',  ( -0.4980973490458723840, 2.040073290564207831, 2.595422128626172054 ) ) ;
#574 = EDGE_CURVE ( 'NONE', #1311, #1207, #1387, .T. ) ;
#575 = ORIENTED_EDGE ( 'NONE', *, *, #1264, .F. ) ;
#576 = DIRECTION ( 'NONE',  ( 0.000000000000000000, 0.000000000000000000, 1.000000000000000000 ) ) ;
#577 = AXIS2_PLACEMENT_3D ( 'NONE', #207, #327, #184 ) ;
#578 = DIRECTION ( 'NONE',  ( 0.000000000000000000, 0.000000000000000000, 1.000000000000000000 ) ) ;
#579 = EDGE_CURVE ( 'NONE', #1596, #1296, #626, .T. ) ;
#580 = ORIENTED_EDGE ( 'NONE', *, *, #540, .F. ) ;
#581 = AXIS2_PLACEMENT_3D ( 'NONE', #1029, #1392, #490 ) ;
#582 = CIRCLE ( 'NONE', #231, 3.175000000000001155 ) ;
#583 = CARTESIAN_POINT ( 'NONE',  ( -0.3999999999999999667, -2.129368206736822700, 5.466985055880803301 ) ) ;
#584 = ORIENTED_EDGE ( 'NONE', *, *, #574, .T. ) ;
#585 = ADVANCED_FACE ( 'NONE', ( #1412 ), #1031, .F. ) ;
#586 = DIRECTION ( 'NONE',  ( -0.000000000000000000, -0.000000000000000000, 1.000000000000000000 ) ) ;
#587 = DIRECTION ( 'NONE',  ( -0.000000000000000000, 1.000000000000000000, -0.000000000000000000 ) ) ;
#588 = AXIS2_PLACEMENT_3D ( 'NONE', #872, #576, #1372 ) ;
#589 = ORIENTED_EDGE ( 'NONE', *, *, #1276, .T. ) ;
#590 = CIRCLE ( 'NONE', #1398, 3.175000000000001155 ) ;
#591 = DIRECTION ( 'NONE',  ( 0.000000000000000000, 0.000000000000000000, 1.000000000000000000 ) ) ;
#592 = CARTESIAN_POINT ( 'NONE',  ( 2.100000000000000089, 2.571758278209441957E-16, 0.8890000000000009006 ) ) ;
#593 = LINE ( 'NONE', #1631, #1021 ) ;
#594 = ADVANCED_FACE ( 'NONE', ( #895 ), #1285, .F. ) ;
#595 = PLANE ( 'NONE',  #1663 ) ;
#596 = EDGE_CURVE ( 'NONE', #26, #621, #486, .T. ) ;
#597 = VERTEX_POINT ( 'NONE', #782 ) ;
#598 = CARTESIAN_POINT ( 'NONE',  ( -3.042760935685123916E-16, -0.8890000000000000124, -6.349999999999999645 ) ) ;
#599 = ORIENTED_EDGE ( 'NONE', *, *, #655, .F. ) ;
#600 = CARTESIAN_POINT ( 'NONE',  ( 0.4980973490458738828, -3.174999999999999822, 2.595422128626172054 ) ) ;
#601 = DIRECTION ( 'NONE',  ( -0.000000000000000000, 1.000000000000000000, -0.000000000000000000 ) ) ;
#602 = AXIS2_PLACEMENT_3D ( 'NONE', #1247, #737, #1539 ) ;
#603 = ORIENTED_EDGE ( 'NONE', *, *, #846, .T. ) ;
#604 = EDGE_CURVE ( 'NONE', #572, #1173, #1525, .T. ) ;
#605 = AXIS2_PLACEMENT_3D ( 'NONE', #535, #408, #11 ) ;
#606 = DIRECTION ( 'NONE',  ( 1.398970545142586541E-16, -1.000000000000000000, 0.000000000000000000 ) ) ;
#607 = VECTOR ( 'NONE', #437, 999.9999999999998863 ) ;
#608 = CARTESIAN_POINT ( 'NONE',  ( 0.4000000000000001887, -2.264950330581225746, 5.523072258617638397 ) ) ;
#609 = DIRECTION ( 'NONE',  ( 0.000000000000000000, -1.000000000000000000, 0.000000000000000000 ) ) ;
#610 = CARTESIAN_POINT ( 'NONE',  ( -0.3999999999999999667, -3.174999999999999822, 5.139000000000001123 ) ) ;
#611 = DIRECTION ( 'NONE',  ( 0.000000000000000000, 0.000000000000000000, 1.000000000000000000 ) ) ;
#612 = VERTEX_POINT ( 'NONE', #889 ) ;
#613 = AXIS2_PLACEMENT_3D ( 'NONE', #791, #405, #932 ) ;
#614 = VECTOR ( 'NONE', #901, 1000.000000000000000 ) ;
#615 = EDGE_CURVE ( 'NONE', #453, #1154, #643, .T. ) ;
#616 = DIRECTION ( 'NONE',  ( -0.000000000000000000, 1.000000000000000000, -0.000000000000000000 ) ) ;
#617 = DIRECTION ( 'NONE',  ( 0.000000000000000000, 1.000000000000000000, 0.000000000000000000 ) ) ;
#618 = DIRECTION ( 'NONE',  ( 1.000000000000000000, 0.000000000000000000, 0.000000000000000000 ) ) ;
#619 = LINE ( 'NONE', #1541, #22 ) ;
#620 = CARTESIAN_POINT ( 'NONE',  ( 0.4000000000000001887, -2.264950330581225746, 5.523072258617638397 ) ) ;
#621 = VERTEX_POINT ( 'NONE', #398 ) ;
#622 = CARTESIAN_POINT ( 'NONE',  ( 5.200000000000001066, -22.48074015516494129, -2.000000000000000000 ) ) ;
#623 = DIRECTION ( 'NONE',  ( 0.000000000000000000, 0.000000000000000000, 1.000000000000000000 ) ) ;
#624 = CARTESIAN_POINT ( 'NONE',  ( -5.200000000000001066, -0.1999999999999996503, -2.000000000000000000 ) ) ;
#625 = EDGE_CURVE ( 'NONE', #436, #963, #293, .T. ) ;
#626 = LINE ( 'NONE', #388, #1022 ) ;
#627 = ORIENTED_EDGE ( 'NONE', *, *, #151, .T. ) ;
#628 = APPROVAL ( #532, 'UNSPECIFIED' ) ;
#629 = AXIS2_PLACEMENT_3D ( 'NONE', #1037, #1160, #680 ) ;
#630 = CARTESIAN_POINT ( 'NONE',  ( 0.4000000000000000222, -1.821676962433383062, 6.089970303311149635 ) ) ;
#631 = CARTESIAN_POINT ( 'NONE',  ( 0.000000000000000000, 0.000000000000000000, 5.438999999999999169 ) ) ;
#632 =( BOUNDED_CURVE ( )  B_SPLINE_CURVE ( 3, ( #491, #887, #1394, #509 ),
 .UNSPECIFIED., .F., .T. ) 
 B_SPLINE_CURVE_WITH_KNOTS ( ( 4, 4 ),
 ( 1.810267798689539687, 1.921073213463467599 ),
 .UNSPECIFIED. ) 
 CURVE ( )  GEOMETRIC_REPRESENTATION_ITEM ( )  RATIONAL_B_SPLINE_CURVE ( ( 1.000000000000000000, 0.9989771083553060649, 0.9989771083553060649, 1.000000000000000000 ) ) 
 REPRESENTATION_ITEM ( '' )  );
#633 = EDGE_CURVE ( 'NONE', #1566, #1081, #1471, .T. ) ;
#634 = CARTESIAN_POINT ( 'NONE',  ( -5.200000000000001066, -6.200000000000001066, -6.350000000000000533 ) ) ;
#635 = DIRECTION ( 'NONE',  ( 0.000000000000000000, 1.000000000000000000, 0.000000000000000000 ) ) ;
#636 = B_SPLINE_CURVE_WITH_KNOTS ( 'NONE', 3,
 ( #1630, #1370, #731, #1240 ),
 .UNSPECIFIED., .F., .F.,
 ( 4, 4 ),
 ( 0.007647354141962973799, 0.007869202712918556275 ),
 .UNSPECIFIED. ) ;
#637 = ORIENTED_EDGE ( 'NONE', *, *, #1531, .T. ) ;
#638 = LINE ( 'NONE', #1265, #1165 ) ;
#639 = VECTOR ( 'NONE', #372, 1000.000000000000000 ) ;
#640 = CARTESIAN_POINT ( 'NONE',  ( -3.042760935685123916E-16, -5.460999999999999410, -6.349999999999999645 ) ) ;
#641 = DIRECTION ( 'NONE',  ( 0.000000000000000000, 0.000000000000000000, 1.000000000000000000 ) ) ;
#642 = DIRECTION ( 'NONE',  ( 1.000000000000000000, 0.000000000000000000, 0.000000000000000000 ) ) ;
#643 = B_SPLINE_CURVE_WITH_KNOTS ( 'NONE', 3,
 ( #365, #1397, #242, #1535, #1270, #1313, #1341, #1460, #560, #1589 ),
 .UNSPECIFIED., .F., .F.,
 ( 4, 2, 2, 2, 4 ),
 ( 0.000000000000000000, 0.0003704147845104412639, 0.0007408295690208825278, 0.001111244353531323521, 0.001481659138041764622 ),
 .UNSPECIFIED. ) ;
#644 = DIRECTION ( 'NONE',  ( -0.000000000000000000, -0.000000000000000000, 1.000000000000000000 ) ) ;
#645 = EDGE_CURVE ( 'NONE', #667, #1263, #1261, .T. ) ;
#646 = LINE ( 'NONE', #4, #835 ) ;
#647 = ORIENTED_EDGE ( 'NONE', *, *, #625, .T. ) ;
#648 = DIRECTION ( 'NONE',  ( 0.000000000000000000, -0.000000000000000000, -1.000000000000000000 ) ) ;
#649 = CYLINDRICAL_SURFACE ( 'NONE', #765, 2.100000000000000977 ) ;
#650 = DIRECTION ( 'NONE',  ( 0.000000000000000000, 1.000000000000000000, 0.000000000000000000 ) ) ;
#651 = DIRECTION ( 'NONE',  ( -0.000000000000000000, -0.000000000000000000, 1.000000000000000000 ) ) ;
#652 = LOCAL_TIME ( 14, 5, 47.00000000000000000, #940 ) ;
#653 = CARTESIAN_POINT ( 'NONE',  ( 3.099999999999979217, 3.099999999999992983, -2.000000000000000000 ) ) ;
#654 = ORIENTED_EDGE ( 'NONE', *, *, #196, .F. ) ;
#655 = EDGE_CURVE ( 'NONE', #1582, #1195, #156, .T. ) ;
#656 = LINE ( 'NONE', #33, #1612 ) ;
#657 = DIRECTION ( 'NONE',  ( 1.000000000000000000, -8.881784197001252323E-16, 0.000000000000000000 ) ) ;
#658 = CARTESIAN_POINT ( 'NONE',  ( 0.000000000000000000, 0.000000000000000000, 5.389000000000001123 ) ) ;
#659 = ORIENTED_EDGE ( 'NONE', *, *, #496, .F. ) ;
#660 = EDGE_CURVE ( 'NONE', #1633, #280, #1559, .T. ) ;
#661 = CIRCLE ( 'NONE', #605, 1.554966049364602254 ) ;
#662 = CARTESIAN_POINT ( 'NONE',  ( 6.200000000000001954, -0.1999999999999996503, -6.349999999999999645 ) ) ;
#663 = VERTEX_POINT ( 'NONE', #1450 ) ;
#664 = AXIS2_PLACEMENT_3D ( 'NONE', #302, #918, #681 ) ;
#665 = FACE_OUTER_BOUND ( 'NONE', #307, .T. ) ;
#666 = B_SPLINE_CURVE_WITH_KNOTS ( 'NONE', 3,
 ( #1130, #1527, #106, #902 ),
 .UNSPECIFIED., .F., .F.,
 ( 4, 4 ),
 ( 0.003029541235337106318, 0.003249628748158706060 ),
 .UNSPECIFIED. ) ;
#667 = VERTEX_POINT ( 'NONE', #145 ) ;
#668 = ADVANCED_FACE ( 'NONE', ( #283 ), #1332, .F. ) ;
#669 = DIRECTION ( 'NONE',  ( 1.000000000000000000, 0.000000000000000000, -1.084202172485504434E-16 ) ) ;
#670 = CONICAL_SURFACE ( 'NONE', #842, 2.299999999999999822, 0.3141592653589760364 ) ;
#671 = CARTESIAN_POINT ( 'NONE',  ( 6.200000000000000178, -0.1999999999999996503, -2.000000000000000000 ) ) ;
#672 = EDGE_CURVE ( 'NONE', #367, #309, #1177, .T. ) ;
#673 = ORIENTED_EDGE ( 'NONE', *, *, #633, .F. ) ;
#674 = AXIS2_PLACEMENT_3D ( 'NONE', #1665, #651, #135 ) ;
#675 = PERSON_AND_ORGANIZATION_ROLE ( 'design_supplier' ) ;
#676 = LINE ( 'NONE', #685, #54 ) ;
#677 = ORIENTED_EDGE ( 'NONE', *, *, #733, .T. ) ;
#678 = CARTESIAN_POINT ( 'NONE',  ( -2.099872945368625121, 0.000000000000000000, 6.138999999999998458 ) ) ;
#679 = ORIENTED_EDGE ( 'NONE', *, *, #196, .T. ) ;
#680 = DIRECTION ( 'NONE',  ( 1.000000000000000000, 8.881784197001252323E-16, 0.000000000000000000 ) ) ;
#681 = DIRECTION ( 'NONE',  ( 0.7071067811865463515, 0.7071067811865487940, 0.000000000000000000 ) ) ;
#682 = VERTEX_POINT ( 'NONE', #176 ) ;
#683 = PERSON_AND_ORGANIZATION_ROLE ( 'creator' ) ;
#684 = EDGE_CURVE ( 'NONE', #91, #429, #676, .T. ) ;
#685 = CARTESIAN_POINT ( 'NONE',  ( -6.199999999999999289, 0.000000000000000000, 0.000000000000000000 ) ) ;
#686 = ORIENTED_EDGE ( 'NONE', *, *, #1625, .T. ) ;
#687 = ORIENTED_EDGE ( 'NONE', *, *, #892, .T. ) ;
#688 = B_SPLINE_CURVE_WITH_KNOTS ( 'NONE', 3,
 ( #248, #1268, #354, #608 ),
 .UNSPECIFIED., .F., .F.,
 ( 4, 4 ),
 ( 0.007647354141962971197, 0.007869202712918554540 ),
 .UNSPECIFIED. ) ;
#689 = CARTESIAN_POINT ( 'NONE',  ( -0.1236690215010796678, 2.099990463092004322, 2.139040055015564601 ) ) ;
#690 = AXIS2_PLACEMENT_3D ( 'NONE', #278, #1417, #657 ) ;
#691 = CARTESIAN_POINT ( 'NONE',  ( -0.4980973490458723840, -2.040073290564207831, 2.595422128626172054 ) ) ;
#692 = ORIENTED_EDGE ( 'NONE', *, *, #821, .F. ) ;
#693 = DIRECTION ( 'NONE',  ( 1.398970545142586541E-16, -1.000000000000000000, 0.000000000000000000 ) ) ;
#694 = ORIENTED_EDGE ( 'NONE', *, *, #1353, .F. ) ;
#695 = EDGE_CURVE ( 'NONE', #429, #131, #1194, .T. ) ;
#696 = LOCAL_TIME ( 14, 5, 47.00000000000000000, #271 ) ;
#697 = AXIS2_PLACEMENT_3D ( 'NONE', #862, #1091, #1114 ) ;
#698 = ORIENTED_EDGE ( 'NONE', *, *, #910, .T. ) ;
#699 = EDGE_LOOP ( 'NONE', ( #1088, #939, #1049, #314 ) ) ;
#700 = DIRECTION ( 'NONE',  ( 1.000000000000000000, 0.000000000000000000, 8.115498896123205041E-15 ) ) ;
#701 = VERTEX_POINT ( 'NONE', #662 ) ;
#702 = CARTESIAN_POINT ( 'NONE',  ( 0.000000000000000000, 0.000000000000000000, 5.139000000000004675 ) ) ;
#703 = ORIENTED_EDGE ( 'NONE', *, *, #855, .F. ) ;
#704 = CIRCLE ( 'NONE', #613, 6.200000000000001954 ) ;
#705 = VERTEX_POINT ( 'NONE', #38 ) ;
#706 = EDGE_CURVE ( 'NONE', #1195, #919, #369, .T. ) ;
#707 = EDGE_LOOP ( 'NONE', ( #599, #190, #580, #284 ) ) ;
#708 = DIRECTION ( 'NONE',  ( -2.797941090285173083E-16, 1.000000000000000000, 0.000000000000000000 ) ) ;
#709 = ORIENTED_EDGE ( 'NONE', *, *, #1216, .F. ) ;
#710 = CC_DESIGN_DATE_AND_TIME_ASSIGNMENT ( #1300, #144, ( #1258 ) ) ;
#711 = DIRECTION ( 'NONE',  ( 1.000000000000000000, 0.000000000000000000, -8.115498896123167176E-15 ) ) ;
#712 = PLANE ( 'NONE',  #1103 ) ;
#713 = VERTEX_POINT ( 'NONE', #1428 ) ;
#714 = EDGE_CURVE ( 'NONE', #1106, #1206, #1534, .T. ) ;
#715 = CARTESIAN_POINT ( 'NONE',  ( -0.7206315775864664541, 1.972483239316684234, 5.138999999999997570 ) ) ;
#716 = ORIENTED_EDGE ( 'NONE', *, *, #1643, .T. ) ;
#717 = CARTESIAN_POINT ( 'NONE',  ( -0.4000000000000000222, 2.083236664664702698, 5.905597390643911204 ) ) ;
#718 = CYLINDRICAL_SURFACE ( 'NONE', #1278, 3.175000000000001155 ) ;
#719 = ORIENTED_EDGE ( 'NONE', *, *, #1456, .F. ) ;
#720 = AXIS2_PLACEMENT_3D ( 'NONE', #277, #795, #1573 ) ;
#721 = FACE_OUTER_BOUND ( 'NONE', #330, .T. ) ;
#722 = EDGE_CURVE ( 'NONE', #291, #1596, #1569, .T. ) ;
#723 = CARTESIAN_POINT ( 'NONE',  ( -0.7206315775864664541, 1.972483239316684234, 5.138999999999997570 ) ) ;
#724 = DIRECTION ( 'NONE',  ( -1.398970545142585802E-16, -1.000000000000000000, -0.000000000000000000 ) ) ;
#725 = ADVANCED_FACE ( 'NONE', ( #958 ), #1044, .T. ) ;
#726 = CARTESIAN_POINT ( 'NONE',  ( 0.000000000000000000, 0.000000000000000000, 0.8890000000000009006 ) ) ;
#727 = CIRCLE ( 'NONE', #1422, 2.100000000000001865 ) ;
#728 = ORIENTED_EDGE ( 'NONE', *, *, #1401, .F. ) ;
#729 = VECTOR ( 'NONE', #304, 1000.000000000000114 ) ;
#730 = CARTESIAN_POINT ( 'NONE',  ( -5.200000000000001066, -4.174999999999998046, -6.350000000000000533 ) ) ;
#731 = CARTESIAN_POINT ( 'NONE',  ( -0.3999999999999999667, 2.197165961088449304, 5.495012551953918134 ) ) ;
#732 = CARTESIAN_POINT ( 'NONE',  ( -0.4000000000000001332, 1.663407726524676500, 6.139000000000000234 ) ) ;
#733 = EDGE_CURVE ( 'NONE', #1512, #785, #704, .T. ) ;
#734 = DIRECTION ( 'NONE',  ( 1.000000000000000000, 0.000000000000000000, 0.000000000000000000 ) ) ;
#735 = ORIENTED_EDGE ( 'NONE', *, *, #769, .F. ) ;
#736 = CARTESIAN_POINT ( 'NONE',  ( -6.200000000000001066, 6.200000000000000178, -2.000000000000000000 ) ) ;
#737 = DIRECTION ( 'NONE',  ( -0.000000000000000000, -0.000000000000000000, 1.000000000000000000 ) ) ;
#738 = CARTESIAN_POINT ( 'NONE',  ( -3.042760935685123916E-16, -6.201024999999999565, -6.349999999999999645 ) ) ;
#739 = DIRECTION ( 'NONE',  ( -0.000000000000000000, -0.000000000000000000, -1.000000000000000000 ) ) ;
#740 = EDGE_CURVE ( 'NONE', #1587, #1342, #1153, .T. ) ;
#741 = EDGE_LOOP ( 'NONE', ( #424, #1381, #1085, #298 ) ) ;
#742 = EDGE_CURVE ( 'NONE', #1296, #792, #187, .T. ) ;
#743 = APPROVAL_PERSON_ORGANIZATION ( #1171, #628, #1577 ) ;
#744 = PLANE ( 'NONE',  #1033 ) ;
#745 = CIRCLE ( 'NONE', #908, 5.200000000000001066 ) ;
#746 = CARTESIAN_POINT ( 'NONE',  ( 8.000000000000000000, -1.800000000000007594, -12.55000000000000249 ) ) ;
#747 = CARTESIAN_POINT ( 'NONE',  ( 0.000000000000000000, 0.000000000000000000, 5.523072258617638397 ) ) ;
#748 = DIRECTION ( 'NONE',  ( -1.000000000000000000, 0.000000000000000000, -0.000000000000000000 ) ) ;
#749 = DIRECTION ( 'NONE',  ( 1.000000000000000000, 0.000000000000000000, 0.000000000000000000 ) ) ;
#750 = ORIENTED_EDGE ( 'NONE', *, *, #596, .F. ) ;
#751 = CIRCLE ( 'NONE', #396, 3.175000000000001155 ) ;
#752 = EDGE_CURVE ( 'NONE', #1093, #195, #997, .T. ) ;
#753 = DIRECTION ( 'NONE',  ( 0.000000000000000000, 0.000000000000000000, 1.000000000000000000 ) ) ;
#754 = LINE ( 'NONE', #1645, #1609 ) ;
#755 = DIRECTION ( 'NONE',  ( -1.000000000000000000, 0.000000000000000000, -0.000000000000000000 ) ) ;
#756 = CARTESIAN_POINT ( 'NONE',  ( -0.3999999999999999667, 2.243459280444428217, 5.588199955838119237 ) ) ;
#757 = ORIENTED_EDGE ( 'NONE', *, *, #366, .T. ) ;
#758 = EDGE_CURVE ( 'NONE', #1173, #524, #843, .T. ) ;
#759 = CARTESIAN_POINT ( 'NONE',  ( 0.4000000000000001887, -2.232710535457612888, 5.620762745781209269 ) ) ;
#760 = LINE ( 'NONE', #1259, #347 ) ;
#761 = FACE_OUTER_BOUND ( 'NONE', #699, .T. ) ;
#762 = VECTOR ( 'NONE', #401, 1000.000000000000000 ) ;
#763 = B_SPLINE_CURVE_WITH_KNOTS ( 'NONE', 3,
 ( #1425, #1298, #938, #141, #798, #1447 ),
 .UNSPECIFIED., .F., .F.,
 ( 4, 2, 4 ),
 ( 0.000000000000000000, 0.0004757428370953073232, 0.0009514856741906142128 ),
 .UNSPECIFIED. ) ;
#764 = ORIENTED_EDGE ( 'NONE', *, *, #540, .T. ) ;
#765 = AXIS2_PLACEMENT_3D ( 'NONE', #937, #385, #779 ) ;
#766 = CARTESIAN_POINT ( 'NONE',  ( 8.454926516077246310E-17, -4.174999999999999822, -9.525000000000002132 ) ) ;
#767 = VECTOR ( 'NONE', #1382, 1000.000000000000000 ) ;
#768 = DIRECTION ( 'NONE',  ( -0.000000000000000000, 1.000000000000000000, -0.000000000000000000 ) ) ;
#769 = EDGE_CURVE ( 'NONE', #32, #815, #1396, .T. ) ;
#770 = AXIS2_PLACEMENT_3D ( 'NONE', #274, #1591, #1196 ) ;
#771 = DIRECTION ( 'NONE',  ( 0.000000000000000000, 0.000000000000000000, 1.000000000000000000 ) ) ;
#772 = ADVANCED_FACE ( 'NONE', ( #447 ), #1616, .T. ) ;
#773 = APPLICATION_PROTOCOL_DEFINITION ( 'international standard', 'config_control_design', 1994, #421 ) ;
#774 = DIRECTION ( 'NONE',  ( -0.000000000000000000, 0.000000000000000000, 1.000000000000000000 ) ) ;
#775 = CARTESIAN_POINT ( 'NONE',  ( 0.000000000000000000, 0.000000000000000000, 5.438999999999999169 ) ) ;
#776 = VERTEX_POINT ( 'NONE', #1117 ) ;
#777 = CARTESIAN_POINT ( 'NONE',  ( 2.100000000000000089, 2.571758278209441957E-16, 5.438999999999999169 ) ) ;
#778 = AXIS2_PLACEMENT_3D ( 'NONE', #493, #1283, #641 ) ;
#779 = DIRECTION ( 'NONE',  ( 0.000000000000000000, 0.000000000000000000, 1.000000000000000000 ) ) ;
#780 = DIRECTION ( 'NONE',  ( -0.000000000000000000, -0.000000000000000000, 1.000000000000000000 ) ) ;
#781 = APPROVAL_STATUS ( 'not_yet_approved' ) ;
#782 = CARTESIAN_POINT ( 'NONE',  ( 5.200000000000001066, -6.200000000000001066, -2.000000000000000000 ) ) ;
#783 = EDGE_CURVE ( 'NONE', #980, #1480, #1513, .T. ) ;
#784 = CARTESIAN_POINT ( 'NONE',  ( -0.3999999999999999667, 2.061552812808830293, 5.438999999999999169 ) ) ;
#785 = VERTEX_POINT ( 'NONE', #1227 ) ;
#786 = CARTESIAN_POINT ( 'NONE',  ( 0.3999999999999999667, 2.061552812808831181, 5.139000000000001123 ) ) ;
#787 = CARTESIAN_POINT ( 'NONE',  ( -0.4980973490458723840, -3.174999999999999822, 2.595422128626172054 ) ) ;
#788 = PRODUCT ( '228-2500-129', '228-2500-129', '', ( #264 ) ) ;
#789 = ORIENTED_EDGE ( 'NONE', *, *, #139, .T. ) ;
#790 = CALENDAR_DATE ( 2022, 6, 6 ) ;
#791 = CARTESIAN_POINT ( 'NONE',  ( -3.042760935685124409E-16, -6.200000000000001066, -6.349999999999999645 ) ) ;
#792 = VERTEX_POINT ( 'NONE', #201 ) ;
#793 = CARTESIAN_POINT ( 'NONE',  ( 0.000000000000000000, 0.000000000000000000, 5.139000000000004675 ) ) ;
#794 = EDGE_CURVE ( 'NONE', #417, #1212, #727, .T. ) ;
#795 = DIRECTION ( 'NONE',  ( -0.000000000000000000, -0.000000000000000000, 1.000000000000000000 ) ) ;
#796 = AXIS2_PLACEMENT_3D ( 'NONE', #1124, #768, #1546 ) ;
#797 = FACE_OUTER_BOUND ( 'NONE', #170, .T. ) ;
#798 = CARTESIAN_POINT ( 'NONE',  ( 0.4000000000000000777, 2.182266827280789911, 5.773579458367406048 ) ) ;
#799 = VERTEX_POINT ( 'NONE', #1378 ) ;
#800 = SHAPE_DEFINITION_REPRESENTATION ( #258, #1129 ) ;
#801 = AXIS2_PLACEMENT_3D ( 'NONE', #399, #296, #285 ) ;
#802 = APPLICATION_PROTOCOL_DEFINITION ( 'international standard', 'config_control_design', 1994, #337 ) ;
#803 = CARTESIAN_POINT ( 'NONE',  ( 0.4000000000000000222, -2.243459280444428217, 5.588199955838118349 ) ) ;
#804 = ORIENTED_EDGE ( 'NONE', *, *, #476, .T. ) ;
#805 = DIRECTION ( 'NONE',  ( -0.000000000000000000, 1.000000000000000000, -0.000000000000000000 ) ) ;
#806 = EDGE_LOOP ( 'NONE', ( #719, #637, #1205, #1657 ) ) ;
#807 =( NAMED_UNIT ( * ) SI_UNIT ( $, .STERADIAN. ) SOLID_ANGLE_UNIT ( ) );
#808 = ADVANCED_FACE ( 'NONE', ( #1086 ), #351, .F. ) ;
#809 = DIRECTION ( 'NONE',  ( -1.000000000000000000, 0.000000000000000000, 0.000000000000000000 ) ) ;
#810 = VECTOR ( 'NONE', #1501, 1000.000000000000000 ) ;
#811 = CARTESIAN_POINT ( 'NONE',  ( -0.3999999999999999667, -2.254205848354697395, 5.555636450100673862 ) ) ;
#812 = ORIENTED_EDGE ( 'NONE', *, *, #448, .F. ) ;
#813 = CALENDAR_DATE ( 2022, 6, 6 ) ;
#814 = CARTESIAN_POINT ( 'NONE',  ( -3.042760935685125395E-16, -4.174999999999998046, -6.349999999999997868 ) ) ;
#815 = VERTEX_POINT ( 'NONE', #88 ) ;
#816 = CARTESIAN_POINT ( 'NONE',  ( 0.3999999999999999667, -3.174999999999999822, 5.139000000000001123 ) ) ;
#817 = EDGE_LOOP ( 'NONE', ( #149, #353 ) ) ;
#818 =( BOUNDED_CURVE ( )  B_SPLINE_CURVE ( 3, ( #715, #1484, #979, #573 ),
 .UNSPECIFIED., .F., .T. ) 
 B_SPLINE_CURVE_WITH_KNOTS ( ( 4, 4 ),
 ( 4.362112093716119077, 4.472917508490047211 ),
 .UNSPECIFIED. ) 
 CURVE ( )  GEOMETRIC_REPRESENTATION_ITEM ( )  RATIONAL_B_SPLINE_CURVE ( ( 1.000000000000000000, 0.9989771083553060649, 0.9989771083553060649, 1.000000000000000000 ) ) 
 REPRESENTATION_ITEM ( '' )  );
#819 = DIRECTION ( 'NONE',  ( 1.000000000000000000, 0.000000000000000000, 0.000000000000000000 ) ) ;
#820 = CARTESIAN_POINT ( 'NONE',  ( 5.200000000000001066, -22.48074015516494129, -6.349999999999999645 ) ) ;
#821 = EDGE_CURVE ( 'NONE', #367, #1432, #858, .T. ) ;
#822 = ORIENTED_EDGE ( 'NONE', *, *, #1092, .T. ) ;
#823 = CARTESIAN_POINT ( 'NONE',  ( 0.4000000000000000222, -2.254205848354697395, 5.555636450100674750 ) ) ;
#824 = ORIENTED_EDGE ( 'NONE', *, *, #1293, .F. ) ;
#825 = LOCAL_TIME ( 14, 5, 47.00000000000000000, #1059 ) ;
#826 = ORIENTED_EDGE ( 'NONE', *, *, #90, .F. ) ;
#827 = EDGE_LOOP ( 'NONE', ( #1613, #936, #338, #959 ) ) ;
#828 = VECTOR ( 'NONE', #606, 1000.000000000000000 ) ;
#829 = DIRECTION ( 'NONE',  ( 1.000000000000000000, 0.000000000000000000, 0.000000000000000000 ) ) ;
#830 = ORIENTED_EDGE ( 'NONE', *, *, #109, .F. ) ;
#831 = VECTOR ( 'NONE', #1632, 1000.000000000000000 ) ;
#832 = EDGE_CURVE ( 'NONE', #481, #430, #965, .T. ) ;
#833 = DIRECTION ( 'NONE',  ( 1.000000000000000000, 0.000000000000000000, 0.000000000000000000 ) ) ;
#834 = ORIENTED_EDGE ( 'NONE', *, *, #1624, .T. ) ;
#835 = VECTOR ( 'NONE', #1032, 1000.000000000000000 ) ;
#836 = CIRCLE ( 'NONE', #697, 2.100000000000000089 ) ;
#837 = ORIENTED_EDGE ( 'NONE', *, *, #714, .T. ) ;
#838 = ORIENTED_EDGE ( 'NONE', *, *, #1625, .F. ) ;
#839 = UNCERTAINTY_MEASURE_WITH_UNIT (LENGTH_MEASURE( 1.000000000000000082E-05 ), #1454, 'distance_accuracy_value', 'NONE');
#840 = PLANE ( 'NONE',  #991 ) ;
#841 = ORIENTED_EDGE ( 'NONE', *, *, #275, .T. ) ;
#842 = AXIS2_PLACEMENT_3D ( 'NONE', #747, #1524, #1155 ) ;
#843 = LINE ( 'NONE', #461, #810 ) ;
#844 = VECTOR ( 'NONE', #533, 1000.000000000000000 ) ;
#845 = FACE_BOUND ( 'NONE', #1197, .T. ) ;
#846 = EDGE_CURVE ( 'NONE', #453, #543, #320, .T. ) ;
#847 = ORIENTED_EDGE ( 'NONE', *, *, #604, .F. ) ;
#848 = ORIENTED_EDGE ( 'NONE', *, *, #1418, .T. ) ;
#849 = PLANE ( 'NONE',  #1038 ) ;
#850 = ORIENTED_EDGE ( 'NONE', *, *, #832, .F. ) ;
#851 = DIRECTION ( 'NONE',  ( 1.000000000000000000, 0.000000000000000000, -8.260587980841937794E-15 ) ) ;
#852 = DIRECTION ( 'NONE',  ( 0.000000000000000000, 0.000000000000000000, 1.000000000000000000 ) ) ;
#853 = ORIENTED_EDGE ( 'NONE', *, *, #300, .T. ) ;
#854 = EDGE_CURVE ( 'NONE', #776, #165, #593, .T. ) ;
#855 = EDGE_CURVE ( 'NONE', #785, #776, #1486, .T. ) ;
#856 = LINE ( 'NONE', #70, #607 ) ;
#857 = VERTEX_POINT ( 'NONE', #1605 ) ;
#858 = LINE ( 'NONE', #58, #1481 ) ;
#859 = AXIS2_PLACEMENT_3D ( 'NONE', #1339, #1109, #1491 ) ;
#860 = FACE_OUTER_BOUND ( 'NONE', #244, .T. ) ;
#861 = ORIENTED_EDGE ( 'NONE', *, *, #1637, .T. ) ;
#862 = CARTESIAN_POINT ( 'NONE',  ( 0.000000000000000000, 0.000000000000000000, 5.139000000000004675 ) ) ;
#863 = EDGE_CURVE ( 'NONE', #309, #1592, #471, .T. ) ;
#864 = EDGE_LOOP ( 'NONE', ( #1333, #1219 ) ) ;
#865 = CARTESIAN_POINT ( 'NONE',  ( -5.200000000000001066, -22.48074015516494129, -6.350000000000000533 ) ) ;
#866 = CARTESIAN_POINT ( 'NONE',  ( -0.3999999999999999667, 2.061552812808830737, 5.438999999999999169 ) ) ;
#867 = AXIS2_PLACEMENT_3D ( 'NONE', #272, #1184, #1079 ) ;
#868 = ORIENTED_EDGE ( 'NONE', *, *, #83, .F. ) ;
#869 = CARTESIAN_POINT ( 'NONE',  ( 3.099999999999969003, 3.100000000000006306, 0.000000000000000000 ) ) ;
#870 =( BOUNDED_CURVE ( )  B_SPLINE_CURVE ( 3, ( #556, #525, #1444, #1188 ),
 .UNSPECIFIED., .F., .T. ) 
 B_SPLINE_CURVE_WITH_KNOTS ( ( 4, 4 ),
 ( 1.810267798689539021, 1.921073213463466933 ),
 .UNSPECIFIED. ) 
 CURVE ( )  GEOMETRIC_REPRESENTATION_ITEM ( )  RATIONAL_B_SPLINE_CURVE ( ( 1.000000000000000000, 0.9989771083553060649, 0.9989771083553060649, 1.000000000000000000 ) ) 
 REPRESENTATION_ITEM ( '' )  );
#871 = EDGE_CURVE ( 'NONE', #1448, #1633, #21, .T. ) ;
#872 = CARTESIAN_POINT ( 'NONE',  ( 0.000000000000000000, 0.000000000000000000, 6.138999999999998458 ) ) ;
#873 = DIRECTION ( 'NONE',  ( -0.000000000000000000, -0.000000000000000000, 1.000000000000000000 ) ) ;
#874 = EDGE_LOOP ( 'NONE', ( #567, #1507, #1472, #1013, #1185, #1475 ) ) ;
#875 = FACE_OUTER_BOUND ( 'NONE', #896, .T. ) ;
#876 = CARTESIAN_POINT ( 'NONE',  ( 0.4000000000000000222, 2.254205848354697395, 5.555636450100673862 ) ) ;
#877 = DIRECTION ( 'NONE',  ( 1.000000000000000000, 0.000000000000000000, 0.000000000000000000 ) ) ;
#878 = FACE_OUTER_BOUND ( 'NONE', #1570, .T. ) ;
#879 = VECTOR ( 'NONE', #220, 1000.000000000000000 ) ;
#880 = EDGE_CURVE ( 'NONE', #1400, #524, #1357, .T. ) ;
#881 = CARTESIAN_POINT ( 'NONE',  ( -2.100000000000000089, 0.000000000000000000, 5.438999999999999169 ) ) ;
#882 = ORIENTED_EDGE ( 'NONE', *, *, #1264, .T. ) ;
#883 = CIRCLE ( 'NONE', #1338, 2.100000000000000089 ) ;
#884 = FACE_OUTER_BOUND ( 'NONE', #741, .T. ) ;
#885 = CARTESIAN_POINT ( 'NONE',  ( 0.000000000000000000, 0.000000000000000000, 0.8890000000000009006 ) ) ;
#886 = AXIS2_PLACEMENT_3D ( 'NONE', #658, #1169, #261 ) ;
#887 = CARTESIAN_POINT ( 'NONE',  ( 0.5734863112436885402, 2.021666578221208432, 3.457121909598158016 ) ) ;
#888 = CARTESIAN_POINT ( 'NONE',  ( 2.300000000000003819, 0.000000000000000000, 5.523072258617638397 ) ) ;
#889 = CARTESIAN_POINT ( 'NONE',  ( 2.100000000000000089, 2.571758278209441957E-16, 5.438999999999999169 ) ) ;
#890 = ORIENTED_EDGE ( 'NONE', *, *, #1629, .T. ) ;
#891 = CIRCLE ( 'NONE', #158, 0.7499999999999997780 ) ;
#892 = EDGE_CURVE ( 'NONE', #26, #435, #262, .T. ) ;
#893 = DIRECTION ( 'NONE',  ( 0.000000000000000000, 0.000000000000000000, 1.000000000000000000 ) ) ;
#894 = DIRECTION ( 'NONE',  ( 0.000000000000000000, 0.000000000000000000, 1.000000000000000000 ) ) ;
#895 = FACE_OUTER_BOUND ( 'NONE', #105, .T. ) ;
#896 = EDGE_LOOP ( 'NONE', ( #1367, #64 ) ) ;
#897 = EDGE_CURVE ( 'NONE', #612, #280, #1233, .T. ) ;
#898 = DIRECTION ( 'NONE',  ( -0.000000000000000000, 0.000000000000000000, 1.000000000000000000 ) ) ;
#899 = LINE ( 'NONE', #1282, #879 ) ;
#900 = FACE_OUTER_BOUND ( 'NONE', #1061, .T. ) ;
#901 = DIRECTION ( 'NONE',  ( 0.000000000000000000, 1.000000000000000000, 0.000000000000000000 ) ) ;
#902 = CARTESIAN_POINT ( 'NONE',  ( 0.4000000000000001887, 2.061552812808830293, 5.438999999999999169 ) ) ;
#903 = AXIS2_PLACEMENT_3D ( 'NONE', #1564, #410, #1435 ) ;
#904 = ORIENTED_EDGE ( 'NONE', *, *, #175, .F. ) ;
#905 = CARTESIAN_POINT ( 'NONE',  ( 5.200000000000001954, -0.1999999999999996503, -6.349999999999999645 ) ) ;
#906 = AXIS2_PLACEMENT_3D ( 'NONE', #1421, #1262, #749 ) ;
#907 = CARTESIAN_POINT ( 'NONE',  ( 0.2470723783330723289, 2.087434397081523674, 2.187282604411544096 ) ) ;
#908 = AXIS2_PLACEMENT_3D ( 'NONE', #1349, #1231, #591 ) ;
#909 = CARTESIAN_POINT ( 'NONE',  ( 6.200000000000001954, -6.200000000000000178, -2.000000000000000000 ) ) ;
#910 = EDGE_CURVE ( 'NONE', #1622, #1081, #500, .T. ) ;
#911 = PERSON_AND_ORGANIZATION ( #1658, #1474 ) ;
#912 = DIRECTION ( 'NONE',  ( 1.000000000000000000, 0.000000000000000000, 0.000000000000000000 ) ) ;
#913 = DIRECTION ( 'NONE',  ( 1.000000000000000000, 0.000000000000000000, -0.000000000000000000 ) ) ;
#914 = ORIENTED_EDGE ( 'NONE', *, *, #633, .T. ) ;
#915 = AXIS2_PLACEMENT_3D ( 'NONE', #19, #311, #833 ) ;
#916 = VECTOR ( 'NONE', #1623, 1000.000000000000114 ) ;
#917 = CARTESIAN_POINT ( 'NONE',  ( 0.4980973490458738828, 2.040073290564206943, 2.595422128626172054 ) ) ;
#918 = DIRECTION ( 'NONE',  ( 0.7071067811865487940, -0.7071067811865463515, 0.000000000000000000 ) ) ;
#919 = VERTEX_POINT ( 'NONE', #103 ) ;
#920 = EDGE_CURVE ( 'NONE', #1432, #1592, #238, .T. ) ;
#921 = APPROVAL_DATE_TIME ( #1558, #970 ) ;
#922 = DIRECTION ( 'NONE',  ( 1.000000000000000000, 0.000000000000000000, 8.260587980841937794E-15 ) ) ;
#923 = ORIENTED_EDGE ( 'NONE', *, *, #1225, .T. ) ;
#924 = CYLINDRICAL_SURFACE ( 'NONE', #801, 3.174999999999999822 ) ;
#925 = EDGE_LOOP ( 'NONE', ( #1299, #333, #1226, #565, #1305, #197, #464, #257 ) ) ;
#926 = PRODUCT_RELATED_PRODUCT_CATEGORY ( 'detail', '', ( #788 ) ) ;
#927 = DIRECTION ( 'NONE',  ( 0.000000000000000000, -1.000000000000000000, 0.000000000000000000 ) ) ;
#928 = DIRECTION ( 'NONE',  ( 0.000000000000000000, 0.000000000000000000, 1.000000000000000000 ) ) ;
#929 = CARTESIAN_POINT ( 'NONE',  ( -0.3999999999999999667, -2.232710535457612888, 5.620762745781209269 ) ) ;
#930 = ORIENTED_EDGE ( 'NONE', *, *, #976, .F. ) ;
#931 = PERSON_AND_ORGANIZATION ( #1658, #1474 ) ;
#932 = DIRECTION ( 'NONE',  ( 0.000000000000000000, 0.000000000000000000, -1.000000000000000000 ) ) ;
#933 = EDGE_LOOP ( 'NONE', ( #764, #1528, #890, #1253, #409, #286, #1347, #51, #276, #1054 ) ) ;
#934 = FACE_OUTER_BOUND ( 'NONE', #545, .T. ) ;
#935 = ADVANCED_FACE ( 'NONE', ( #900 ), #1126, .T. ) ;
#936 = ORIENTED_EDGE ( 'NONE', *, *, #1018, .T. ) ;
#937 = CARTESIAN_POINT ( 'NONE',  ( -3.042760935685123916E-16, -6.201024999999999565, -6.349999999999999645 ) ) ;
#938 = CARTESIAN_POINT ( 'NONE',  ( 0.4000000000000000222, 1.820969194338324160, 6.090132639966192585 ) ) ;
#939 = ORIENTED_EDGE ( 'NONE', *, *, #564, .T. ) ;
#940 = COORDINATED_UNIVERSAL_TIME_OFFSET ( 6, 0, .BEHIND. ) ;
#941 = DIRECTION ( 'NONE',  ( 1.000000000000000000, -1.668003342285390811E-16, 0.000000000000000000 ) ) ;
#942 = ORIENTED_EDGE ( 'NONE', *, *, #377, .T. ) ;
#943 = DIRECTION ( 'NONE',  ( 0.000000000000000000, -0.000000000000000000, 1.000000000000000000 ) ) ;
#944 = ORIENTED_EDGE ( 'NONE', *, *, #66, .T. ) ;
#945 = ADVANCED_FACE ( 'NONE', ( #1269 ), #670, .T. ) ;
#946 = FACE_OUTER_BOUND ( 'NONE', #1217, .T. ) ;
#947 = VECTOR ( 'NONE', #386, 1000.000000000000000 ) ;
#948 = CARTESIAN_POINT ( 'NONE',  ( -3.042760935685123916E-16, -0.8890000000000000124, -6.349999999999999645 ) ) ;
#949 = EDGE_LOOP ( 'NONE', ( #1115, #179, #1543 ) ) ;
#950 = CARTESIAN_POINT ( 'NONE',  ( -6.200000000000001066, 6.200000000000000178, 0.000000000000000000 ) ) ;
#951 = ORIENTED_EDGE ( 'NONE', *, *, #564, .F. ) ;
#952 = ORIENTED_EDGE ( 'NONE', *, *, #175, .T. ) ;
#953 = EDGE_CURVE ( 'NONE', #1302, #597, #760, .T. ) ;
#954 = B_SPLINE_CURVE_WITH_KNOTS ( 'NONE', 3,
 ( #1076, #301, #1167, #1555, #689, #152, #907, #393, #1574, #917 ),
 .UNSPECIFIED., .F., .F.,
 ( 4, 2, 2, 2, 4 ),
 ( 0.000000000000000000, 0.0003704147845104410470, 0.0007408295690208820941, 0.001111244353531323087, 0.001481659138041764188 ),
 .UNSPECIFIED. ) ;
#955 = ORIENTED_EDGE ( 'NONE', *, *, #1151, .F. ) ;
#956 = DIRECTION ( 'NONE',  ( 0.000000000000000000, -1.000000000000000000, 0.000000000000000000 ) ) ;
#957 = ORIENTED_EDGE ( 'NONE', *, *, #615, .F. ) ;
#958 = FACE_OUTER_BOUND ( 'NONE', #827, .T. ) ;
#959 = ORIENTED_EDGE ( 'NONE', *, *, #139, .F. ) ;
#960 = CC_DESIGN_SECURITY_CLASSIFICATION ( #1245, ( #1036 ) ) ;
#961 = ORIENTED_EDGE ( 'NONE', *, *, #1306, .T. ) ;
#962 = VERTEX_POINT ( 'NONE', #125 ) ;
#963 = VERTEX_POINT ( 'NONE', #1025 ) ;
#964 = ADVANCED_FACE ( 'NONE', ( #95 ), #1260, .T. ) ;
#965 = LINE ( 'NONE', #995, #78 ) ;
#966 = AXIS2_PLACEMENT_3D ( 'NONE', #113, #1152, #1144 ) ;
#967 = DIRECTION ( 'NONE',  ( 0.000000000000000000, 0.000000000000000000, 1.000000000000000000 ) ) ;
#968 = VECTOR ( 'NONE', #538, 1000.000000000000000 ) ;
#969 = ORIENTED_EDGE ( 'NONE', *, *, #821, .T. ) ;
#970 = APPROVAL ( #781, 'UNSPECIFIED' ) ;
#971 = ORIENTED_EDGE ( 'NONE', *, *, #75, .T. ) ;
#972 = DIRECTION ( 'NONE',  ( -0.000000000000000000, -1.000000000000000000, -0.000000000000000000 ) ) ;
#973 = ORIENTED_EDGE ( 'NONE', *, *, #579, .F. ) ;
#974 = CARTESIAN_POINT ( 'NONE',  ( -0.3999999999999999667, 2.232710535457612888, 5.620762745781209269 ) ) ;
#975 = AXIS2_PLACEMENT_3D ( 'NONE', #1136, #644, #1004 ) ;
#976 = EDGE_CURVE ( 'NONE', #430, #138, #527, .T. ) ;
#977 = DIRECTION ( 'NONE',  ( 0.000000000000000000, 0.000000000000000000, 1.000000000000000000 ) ) ;
#978 = VERTEX_POINT ( 'NONE', #888 ) ;
#979 = CARTESIAN_POINT ( 'NONE',  ( -0.5734863112436878740, 2.021666578221208432, 3.457121909598164233 ) ) ;
#980 = VERTEX_POINT ( 'NONE', #1540 ) ;
#981 = DIRECTION ( 'NONE',  ( -0.000000000000000000, 1.000000000000000000, -0.000000000000000000 ) ) ;
#982 = LINE ( 'NONE', #866, #489 ) ;
#983 = VERTEX_POINT ( 'NONE', #1125 ) ;
#984 = FACE_OUTER_BOUND ( 'NONE', #570, .T. ) ;
#985 = ORIENTED_EDGE ( 'NONE', *, *, #1478, .F. ) ;
#986 = VECTOR ( 'NONE', #1056, 1000.000000000000000 ) ;
#987 = DIRECTION ( 'NONE',  ( 1.993935029858399143E-16, 0.000000000000000000, 1.000000000000000000 ) ) ;
#988 = DIRECTION ( 'NONE',  ( -0.9961946980917461003, 0.000000000000000000, -0.08715574274765176821 ) ) ;
#989 = VECTOR ( 'NONE', #1561, 1000.000000000000000 ) ;
#990 = ORIENTED_EDGE ( 'NONE', *, *, #897, .T. ) ;
#991 = AXIS2_PLACEMENT_3D ( 'NONE', #326, #1362, #708 ) ;
#992 = EDGE_CURVE ( 'NONE', #1212, #267, #1016, .T. ) ;
#993 = LINE ( 'NONE', #736, #828 ) ;
#994 = ORIENTED_EDGE ( 'NONE', *, *, #684, .T. ) ;
#995 = CARTESIAN_POINT ( 'NONE',  ( 3.174999999999999822, 0.000000000000000000, 0.000000000000000000 ) ) ;
#996 = CARTESIAN_POINT ( 'NONE',  ( -4.710026574756802331E-17, -5.460999999999999410, -8.450000000000002842 ) ) ;
#997 = CIRCLE ( 'NONE', #588, 1.554966049364602254 ) ;
#998 = ORIENTED_EDGE ( 'NONE', *, *, #1430, .F. ) ;
#999 = DIRECTION ( 'NONE',  ( -0.000000000000000000, 0.000000000000000000, 1.000000000000000000 ) ) ;
#1000 = EDGE_CURVE ( 'NONE', #1512, #457, #241, .T. ) ;
#1001 = DIRECTION ( 'NONE',  ( -1.000000000000000000, 0.000000000000000000, 0.000000000000000000 ) ) ;
#1002 = CARTESIAN_POINT ( 'NONE',  ( -3.100000000000010303, 3.099999999999998757, -12.55000000000000249 ) ) ;
#1003 = EDGE_CURVE ( 'NONE', #663, #481, #485, .T. ) ;
#1004 = DIRECTION ( 'NONE',  ( 1.000000000000000000, 0.000000000000000000, 0.000000000000000000 ) ) ;
#1005 = CARTESIAN_POINT ( 'NONE',  ( 5.200000000000001066, -22.48074015516494129, -6.349999999999999645 ) ) ;
#1006 = ORIENTED_EDGE ( 'NONE', *, *, #1456, .T. ) ;
#1007 = PLANE ( 'NONE',  #116 ) ;
#1008 = CARTESIAN_POINT ( 'NONE',  ( 0.4000000000000001887, 2.264950330581225302, 5.523072258617638397 ) ) ;
#1009 = DIRECTION ( 'NONE',  ( 0.000000000000000000, 0.000000000000000000, 1.000000000000000000 ) ) ;
#1010 = ADVANCED_FACE ( 'NONE', ( #1135 ), #1419, .F. ) ;
#1011 = CARTESIAN_POINT ( 'NONE',  ( -3.042760935685123916E-16, -0.8890000000000000124, -9.525000000000000355 ) ) ;
#1012 = CIRCLE ( 'NONE', #413, 2.299999999999999822 ) ;
#1013 = ORIENTED_EDGE ( 'NONE', *, *, #1003, .F. ) ;
#1014 = CARTESIAN_POINT ( 'NONE',  ( -6.199999999999999289, -6.200000000000000178, -2.000000000000000000 ) ) ;
#1015 = DIRECTION ( 'NONE',  ( -0.7071067811865461294, -0.7071067811865489050, 0.000000000000000000 ) ) ;
#1016 = LINE ( 'NONE', #1395, #947 ) ;
#1017 = CARTESIAN_POINT ( 'NONE',  ( -6.199999999999999289, -6.200000000000000178, -2.000000000000000000 ) ) ;
#1018 = EDGE_CURVE ( 'NONE', #1622, #1093, #891, .T. ) ;
#1019 = CARTESIAN_POINT ( 'NONE',  ( -0.3999999999999999667, 1.502637486114517751, 6.138999999999998458 ) ) ;
#1020 = ORIENTED_EDGE ( 'NONE', *, *, #117, .T. ) ;
#1021 = VECTOR ( 'NONE', #987, 1000.000000000000000 ) ;
#1022 = VECTOR ( 'NONE', #256, 1000.000000000000000 ) ;
#1023 = CARTESIAN_POINT ( 'NONE',  ( 0.4000000000000001887, -1.663407726524675834, 6.138999999999999346 ) ) ;
#1024 = B_SPLINE_CURVE_WITH_KNOTS ( 'NONE', 3,
 ( #759, #1274, #115, #630, #1023, #1377 ),
 .UNSPECIFIED., .F., .F.,
 ( 4, 2, 4 ),
 ( 0.000000000000000000, 0.0004757001404452628575, 0.0009514002808905257149 ),
 .UNSPECIFIED. ) ;
#1025 = CARTESIAN_POINT ( 'NONE',  ( 5.200000000000001066, -2.174999999999999822, -2.000000000000000000 ) ) ;
#1026 = LINE ( 'NONE', #634, #1536 ) ;
#1027 = PLANE ( 'NONE',  #1551 ) ;
#1028 = ORIENTED_EDGE ( 'NONE', *, *, #1629, .F. ) ;
#1029 = CARTESIAN_POINT ( 'NONE',  ( 0.000000000000000000, 0.000000000000000000, 5.438999999999999169 ) ) ;
#1030 = FACE_OUTER_BOUND ( 'NONE', #312, .T. ) ;
#1031 = PLANE ( 'NONE',  #79 ) ;
#1032 = DIRECTION ( 'NONE',  ( -0.000000000000000000, 1.000000000000000000, -0.000000000000000000 ) ) ;
#1033 = AXIS2_PLACEMENT_3D ( 'NONE', #885, #1393, #1266 ) ;
#1034 = ORIENTED_EDGE ( 'NONE', *, *, #920, .F. ) ;
#1035 = CARTESIAN_POINT ( 'NONE',  ( -0.4000000000000000222, -2.182266827280790356, 5.773579458367407824 ) ) ;
#1036 = PRODUCT_DEFINITION_FORMATION_WITH_SPECIFIED_SOURCE ( 'ANY', '', #788, .NOT_KNOWN. ) ;
#1037 = CARTESIAN_POINT ( 'NONE',  ( 0.000000000000000000, 0.000000000000000000, 5.620762745781209269 ) ) ;
#1038 = AXIS2_PLACEMENT_3D ( 'NONE', #1355, #1464, #183 ) ;
#1039 = CARTESIAN_POINT ( 'NONE',  ( 3.099999999999979217, 3.099999999999992983, -12.55000000000000249 ) ) ;
#1040 = COORDINATED_UNIVERSAL_TIME_OFFSET ( 6, 0, .BEHIND. ) ;
#1041 = DIRECTION ( 'NONE',  ( -0.000000000000000000, 1.000000000000000000, -0.000000000000000000 ) ) ;
#1042 = DIRECTION ( 'NONE',  ( 0.000000000000000000, 0.000000000000000000, -1.000000000000000000 ) ) ;
#1043 = ORIENTED_EDGE ( 'NONE', *, *, #758, .T. ) ;
#1044 = TOROIDAL_SURFACE ( 'NONE', #915, 1.554966049364602254, 0.7500000000000000000 ) ;
#1045 = CONICAL_SURFACE ( 'NONE', #102, 2.100000000000000089, 1.172861257340199304 ) ;
#1046 = DIRECTION ( 'NONE',  ( -1.000000000000000000, 0.000000000000000000, 0.000000000000000000 ) ) ;
#1047 = DESIGN_CONTEXT ( 'detailed design', #421, 'design' ) ;
#1048 = CARTESIAN_POINT ( 'NONE',  ( -3.042760935685123916E-16, -5.460999999999999410, -4.249999999999997335 ) ) ;
#1049 = ORIENTED_EDGE ( 'NONE', *, *, #832, .T. ) ;
#1050 = EDGE_CURVE ( 'NONE', #1207, #1106, #478, .T. ) ;
#1051 = DIRECTION ( 'NONE',  ( 0.000000000000000000, 0.000000000000000000, 1.000000000000000000 ) ) ;
#1052 = EDGE_LOOP ( 'NONE', ( #830, #923, #1063, #750 ) ) ;
#1053 = DIRECTION ( 'NONE',  ( -1.000000000000000000, 0.000000000000000000, 0.000000000000000000 ) ) ;
#1054 = ORIENTED_EDGE ( 'NONE', *, *, #28, .T. ) ;
#1055 = DIRECTION ( 'NONE',  ( 1.000000000000000000, 1.776356839400250465E-15, 0.000000000000000000 ) ) ;
#1056 = DIRECTION ( 'NONE',  ( 0.000000000000000000, 1.000000000000000000, 0.000000000000000000 ) ) ;
#1057 = DIRECTION ( 'NONE',  ( -1.000000000000000000, 0.000000000000000000, 0.000000000000000000 ) ) ;
#1058 = ORIENTED_EDGE ( 'NONE', *, *, #465, .T. ) ;
#1059 = COORDINATED_UNIVERSAL_TIME_OFFSET ( 6, 0, .BEHIND. ) ;
#1060 = DIRECTION ( 'NONE',  ( -0.000000000000000000, -0.000000000000000000, -1.000000000000000000 ) ) ;
#1061 = EDGE_LOOP ( 'NONE', ( #530, #1080, #273, #1462, #1576 ) ) ;
#1062 = LINE ( 'NONE', #1441, #1502 ) ;
#1063 = ORIENTED_EDGE ( 'NONE', *, *, #1151, .T. ) ;
#1064 = CARTESIAN_POINT ( 'NONE',  ( 0.4000000000000001887, -2.061552812808830293, 5.438999999999999169 ) ) ;
#1065 = AXIS2_PLACEMENT_3D ( 'NONE', #726, #873, #1374 ) ;
#1066 = CARTESIAN_POINT ( 'NONE',  ( 0.7206315775864680084, -1.972483239316684234, 5.138999999999997570 ) ) ;
#1067 = CARTESIAN_POINT ( 'NONE',  ( 5.200000000000001954, -22.48074015516494129, -6.349999999999999645 ) ) ;
#1068 = ORIENTED_EDGE ( 'NONE', *, *, #514, .T. ) ;
#1069 = APPROVAL_ROLE ( '' ) ;
#1070 = AXIS2_PLACEMENT_3D ( 'NONE', #1407, #635, #1413 ) ;
#1071 = DIRECTION ( 'NONE',  ( -0.000000000000000000, 1.000000000000000000, -0.000000000000000000 ) ) ;
#1072 = ORIENTED_EDGE ( 'NONE', *, *, #722, .T. ) ;
#1073 = CYLINDRICAL_SURFACE ( 'NONE', #1228, 4.384062043356588667 ) ;
#1074 = ADVANCED_FACE ( 'NONE', ( #1533 ), #1654, .F. ) ;
#1075 = ORIENTED_EDGE ( 'NONE', *, *, #1517, .T. ) ;
#1076 = CARTESIAN_POINT ( 'NONE',  ( -0.4980973490458723840, 2.040073290564207831, 2.595422128626172054 ) ) ;
#1077 = VECTOR ( 'NONE', #111, 1000.000000000000000 ) ;
#1078 = VERTEX_POINT ( 'NONE', #624 ) ;
#1079 = DIRECTION ( 'NONE',  ( 1.000000000000000000, 1.776356839400250465E-15, 0.000000000000000000 ) ) ;
#1080 = ORIENTED_EDGE ( 'NONE', *, *, #1637, .F. ) ;
#1081 = VERTEX_POINT ( 'NONE', #1142 ) ;
#1082 = EDGE_CURVE ( 'NONE', #1400, #1206, #1664, .T. ) ;
#1083 = ORIENTED_EDGE ( 'NONE', *, *, #407, .F. ) ;
#1084 = CARTESIAN_POINT ( 'NONE',  ( -0.3999999999999999667, -1.502637486114517751, 6.138999999999998458 ) ) ;
#1085 = ORIENTED_EDGE ( 'NONE', *, *, #733, .F. ) ;
#1086 = FACE_OUTER_BOUND ( 'NONE', #420, .T. ) ;
#1087 = EDGE_LOOP ( 'NONE', ( #1451, #841, #589, #325 ) ) ;
#1088 = ORIENTED_EDGE ( 'NONE', *, *, #1166, .F. ) ;
#1089 = ORIENTED_EDGE ( 'NONE', *, *, #722, .F. ) ;
#1090 = CONICAL_SURFACE ( 'NONE', #1116, 2.299999999999999822, 0.3141592653589760364 ) ;
#1091 = DIRECTION ( 'NONE',  ( 8.115498896123167176E-15, 0.000000000000000000, 1.000000000000000000 ) ) ;
#1092 = EDGE_CURVE ( 'NONE', #1587, #1610, #153, .T. ) ;
#1093 = VERTEX_POINT ( 'NONE', #25 ) ;
#1094 = DIRECTION ( 'NONE',  ( -1.000000000000000000, 0.000000000000000000, 0.000000000000000000 ) ) ;
#1095 = EDGE_CURVE ( 'NONE', #962, #1302, #1416, .T. ) ;
#1096 = VECTOR ( 'NONE', #1550, 1000.000000000000000 ) ;
#1097 = FACE_OUTER_BOUND ( 'NONE', #1158, .T. ) ;
#1098 = ORIENTED_EDGE ( 'NONE', *, *, #75, .F. ) ;
#1099 = DIRECTION ( 'NONE',  ( 0.000000000000000000, 1.000000000000000000, 0.000000000000000000 ) ) ;
#1100 = ORIENTED_EDGE ( 'NONE', *, *, #1082, .F. ) ;
#1101 = VECTOR ( 'NONE', #693, 1000.000000000000000 ) ;
#1102 = CARTESIAN_POINT ( 'NONE',  ( 3.099999999999969003, 3.100000000000006306, -2.000000000000000000 ) ) ;
#1103 = AXIS2_PLACEMENT_3D ( 'NONE', #1626, #449, #977 ) ;
#1104 = EDGE_CURVE ( 'NONE', #1154, #983, #1161, .T. ) ;
#1105 = CARTESIAN_POINT ( 'NONE',  ( -3.042760935685123916E-16, -5.460999999999999410, -6.349999999999999645 ) ) ;
#1106 = VERTEX_POINT ( 'NONE', #16 ) ;
#1107 = CC_DESIGN_PERSON_AND_ORGANIZATION_ASSIGNMENT ( #1182, #414, ( #1245 ) ) ;
#1108 = CARTESIAN_POINT ( 'NONE',  ( 2.100000000000000089, 0.000000000000000000, 5.438999999999999169 ) ) ;
#1109 = DIRECTION ( 'NONE',  ( 0.9961946980917461003, 0.000000000000000000, -0.08715574274765176821 ) ) ;
#1110 = CARTESIAN_POINT ( 'NONE',  ( -0.3999999999999999667, 2.182283254615324797, 5.773529692572011207 ) ) ;
#1111 = DIRECTION ( 'NONE',  ( -0.08715574274765176821, 0.000000000000000000, 0.9961946980917461003 ) ) ;
#1112 = ADVANCED_FACE ( 'NONE', ( #269 ), #35, .T. ) ;
#1113 = ORIENTED_EDGE ( 'NONE', *, *, #863, .T. ) ;
#1114 = DIRECTION ( 'NONE',  ( 1.000000000000000000, 0.000000000000000000, -8.260587980841937794E-15 ) ) ;
#1115 = ORIENTED_EDGE ( 'NONE', *, *, #529, .F. ) ;
#1116 = AXIS2_PLACEMENT_3D ( 'NONE', #1189, #260, #1046 ) ;
#1117 = CARTESIAN_POINT ( 'NONE',  ( -6.200000000000001954, -0.1999999999999996503, -6.349999999999999645 ) ) ;
#1118 = CARTESIAN_POINT ( 'NONE',  ( -3.042760935685123916E-16, -4.174999999999999822, -6.349999999999999645 ) ) ;
#1119 = CIRCLE ( 'NONE', #72, 2.100000000000000089 ) ;
#1120 = ORIENTED_EDGE ( 'NONE', *, *, #1557, .F. ) ;
#1121 = ADVANCED_FACE ( 'NONE', ( #1436 ), #1310, .T. ) ;
#1122 = EDGE_CURVE ( 'NONE', #1651, #43, #1321, .T. ) ;
#1123 = CARTESIAN_POINT ( 'NONE',  ( 8.454926516077246310E-17, -5.460999999999999410, -9.525000000000002132 ) ) ;
#1124 = CARTESIAN_POINT ( 'NONE',  ( -3.042760935685123916E-16, -5.460999999999999410, -6.349999999999999645 ) ) ;
#1125 = CARTESIAN_POINT ( 'NONE',  ( -0.4980973490458723840, 2.040073290564207831, 2.595422128626172054 ) ) ;
#1126 = TOROIDAL_SURFACE ( 'NONE', #394, 1.554966049364602254, 0.7500000000000000000 ) ;
#1127 = CARTESIAN_POINT ( 'NONE',  ( 6.200000000000001954, -6.200000000000000178, 0.000000000000000000 ) ) ;
#1128 = VECTOR ( 'NONE', #322, 1000.000000000000000 ) ;
#1129 = ADVANCED_BREP_SHAPE_REPRESENTATION ( '228-2500-129', ( #253, #466 ), #94 ) ;
#1130 = CARTESIAN_POINT ( 'NONE',  ( 0.4000000000000001887, 2.264950330581225302, 5.523072258617638397 ) ) ;
#1131 = ORIENTED_EDGE ( 'NONE', *, *, #287, .F. ) ;
#1132 = CARTESIAN_POINT ( 'NONE',  ( 5.200000000000001066, -4.175000000000001599, -2.000000000000000000 ) ) ;
#1133 = ADVANCED_FACE ( 'NONE', ( #431 ), #1565, .T. ) ;
#1134 = PLANE ( 'NONE',  #226 ) ;
#1135 = FACE_OUTER_BOUND ( 'NONE', #1087, .T. ) ;
#1136 = CARTESIAN_POINT ( 'NONE',  ( 0.000000000000000000, 0.000000000000000000, 0.000000000000000000 ) ) ;
#1137 = ORIENTED_EDGE ( 'NONE', *, *, #920, .T. ) ;
#1138 = LINE ( 'NONE', #1279, #342 ) ;
#1139 = EDGE_LOOP ( 'NONE', ( #1202, #1601, #647, #1006 ) ) ;
#1140 = FACE_OUTER_BOUND ( 'NONE', #925, .T. ) ;
#1141 = ADVANCED_FACE ( 'NONE', ( #402 ), #163, .F. ) ;
#1142 = CARTESIAN_POINT ( 'NONE',  ( 0.4000000000000001887, -2.232710535457612888, 5.620762745781209269 ) ) ;
#1143 = CARTESIAN_POINT ( 'NONE',  ( 6.199999999999999289, -1.257674520083185143E-14, -2.000000000000007105 ) ) ;
#1144 = DIRECTION ( 'NONE',  ( -1.000000000000000000, 1.398970545142585802E-16, 0.000000000000000000 ) ) ;
#1145 = ORIENTED_EDGE ( 'NONE', *, *, #1050, .T. ) ;
#1146 = B_SPLINE_CURVE_WITH_KNOTS ( 'NONE', 3,
 ( #1, #501, #876, #1008 ),
 .UNSPECIFIED., .F., .F.,
 ( 4, 4 ),
 ( 0.003655977453372196047, 0.003758849537120531516 ),
 .UNSPECIFIED. ) ;
#1147 = CIRCLE ( 'NONE', #720, 3.174999999999999822 ) ;
#1148 = CARTESIAN_POINT ( 'NONE',  ( -6.200000000000001066, 6.200000000000000178, -2.000000000000000000 ) ) ;
#1149 = DIRECTION ( 'NONE',  ( -1.000000000000000000, 0.000000000000000000, 0.000000000000000000 ) ) ;
#1150 = LINE ( 'NONE', #479, #1236 ) ;
#1151 = EDGE_CURVE ( 'NONE', #406, #621, #582, .T. ) ;
#1152 = DIRECTION ( 'NONE',  ( 1.398970545142585802E-16, 1.000000000000000000, 0.000000000000000000 ) ) ;
#1153 = CIRCLE ( 'NONE', #323, 5.200000000000001954 ) ;
#1154 = VERTEX_POINT ( 'NONE', #691 ) ;
#1155 = DIRECTION ( 'NONE',  ( -1.000000000000000000, 0.000000000000000000, 0.000000000000000000 ) ) ;
#1156 = CARTESIAN_POINT ( 'NONE',  ( 0.000000000000000000, 0.000000000000000000, 5.438999999999999169 ) ) ;
#1157 = FACE_OUTER_BOUND ( 'NONE', #317, .T. ) ;
#1158 = EDGE_LOOP ( 'NONE', ( #142, #824, #1466, #555 ) ) ;
#1159 = CYLINDRICAL_SURFACE ( 'NONE', #581, 2.100000000000000089 ) ;
#1160 = DIRECTION ( 'NONE',  ( -0.000000000000000000, -0.000000000000000000, -1.000000000000000000 ) ) ;
#1161 = LINE ( 'NONE', #787, #968 ) ;
#1162 = FACE_OUTER_BOUND ( 'NONE', #1139, .T. ) ;
#1163 = AXIS2_PLACEMENT_3D ( 'NONE', #1662, #617, #1532 ) ;
#1164 = ORIENTED_EDGE ( 'NONE', *, *, #1373, .T. ) ;
#1165 = VECTOR ( 'NONE', #392, 1000.000000000000000 ) ;
#1166 = EDGE_CURVE ( 'NONE', #91, #138, #1586, .T. ) ;
#1167 = CARTESIAN_POINT ( 'NONE',  ( -0.4286119346557866194, 2.057850353472996385, 2.353605336466521258 ) ) ;
#1168 = AXIS2_PLACEMENT_3D ( 'NONE', #1516, #230, #1009 ) ;
#1169 = DIRECTION ( 'NONE',  ( 0.000000000000000000, 0.000000000000000000, 1.000000000000000000 ) ) ;
#1170 = ORIENTED_EDGE ( 'NONE', *, *, #740, .F. ) ;
#1171 = PERSON_AND_ORGANIZATION ( #1658, #1474 ) ;
#1172 = DIRECTION ( 'NONE',  ( -1.000000000000000000, 1.398970545142585802E-16, -0.000000000000000000 ) ) ;
#1173 = VERTEX_POINT ( 'NONE', #671 ) ;
#1174 = DIRECTION ( 'NONE',  ( -1.000000000000000000, 0.000000000000000000, 0.000000000000000000 ) ) ;
#1175 = ORIENTED_EDGE ( 'NONE', *, *, #992, .T. ) ;
#1176 = AXIS2_PLACEMENT_3D ( 'NONE', #1669, #1547, #2 ) ;
#1177 = CIRCLE ( 'NONE', #212, 3.175000000000001155 ) ;
#1178 = CARTESIAN_POINT ( 'NONE',  ( 0.6477403412507656277, -1.999113491775012408, 4.305849356269923156 ) ) ;
#1179 = CARTESIAN_POINT ( 'NONE',  ( -0.3999999999999999667, -2.243459280444427772, 5.588199955838118349 ) ) ;
#1180 = EDGE_CURVE ( 'NONE', #195, #857, #763, .T. ) ;
#1181 = ORIENTED_EDGE ( 'NONE', *, *, #645, .T. ) ;
#1182 = PERSON_AND_ORGANIZATION ( #1658, #1474 ) ;
#1183 = CALENDAR_DATE ( 2022, 6, 6 ) ;
#1184 = DIRECTION ( 'NONE',  ( 0.000000000000000000, -0.000000000000000000, -1.000000000000000000 ) ) ;
#1185 = ORIENTED_EDGE ( 'NONE', *, *, #41, .F. ) ;
#1186 = FACE_BOUND ( 'NONE', #1191, .T. ) ;
#1187 = ORIENTED_EDGE ( 'NONE', *, *, #438, .T. ) ;
#1188 = CARTESIAN_POINT ( 'NONE',  ( -0.7206315775864664541, -1.972483239316685122, 5.138999999999997570 ) ) ;
#1189 = CARTESIAN_POINT ( 'NONE',  ( 0.000000000000000000, 0.000000000000000000, 5.523072258617638397 ) ) ;
#1190 = DIRECTION ( 'NONE',  ( 1.398970545142585802E-16, 1.000000000000000000, 0.000000000000000000 ) ) ;
#1191 = EDGE_LOOP ( 'NONE', ( #659, #955 ) ) ;
#1192 = ADVANCED_FACE ( 'NONE', ( #290 ), #522, .T. ) ;
#1193 = DATE_TIME_ROLE ( 'classification_date' ) ;
#1194 = LINE ( 'NONE', #950, #1101 ) ;
#1195 = VERTEX_POINT ( 'NONE', #279 ) ;
#1196 = DIRECTION ( 'NONE',  ( 1.000000000000000000, -1.398970545142585802E-16, 0.000000000000000000 ) ) ;
#1197 = EDGE_LOOP ( 'NONE', ( #944, #225 ) ) ;
#1198 = AXIS2_PLACEMENT_3D ( 'NONE', #640, #239, #893 ) ;
#1199 = PLANE ( 'NONE',  #1634 ) ;
#1200 = CARTESIAN_POINT ( 'NONE',  ( -3.042760935685123916E-16, -2.174999999999999822, -6.349999999999999645 ) ) ;
#1201 = CIRCLE ( 'NONE', #315, 4.384062043356588667 ) ;
#1202 = ORIENTED_EDGE ( 'NONE', *, *, #740, .T. ) ;
#1203 = AXIS2_PLACEMENT_3D ( 'NONE', #820, #1057, #1556 ) ;
#1204 = DIRECTION ( 'NONE',  ( -8.115498896123205041E-15, 0.000000000000000000, 1.000000000000000000 ) ) ;
#1205 = ORIENTED_EDGE ( 'NONE', *, *, #1242, .F. ) ;
#1206 = VERTEX_POINT ( 'NONE', #528 ) ;
#1207 = VERTEX_POINT ( 'NONE', #1291 ) ;
#1208 = VECTOR ( 'NONE', #74, 1000.000000000000000 ) ;
#1209 = LINE ( 'NONE', #1108, #469 ) ;
#1210 = CC_DESIGN_PERSON_AND_ORGANIZATION_ASSIGNMENT ( #911, #1312, ( #788 ) ) ;
#1211 = B_SPLINE_CURVE_WITH_KNOTS ( 'NONE', 3,
 ( #7, #1652, #1409, #515, #1035, #252 ),
 .UNSPECIFIED., .F., .F.,
 ( 4, 2, 4 ),
 ( 0.000000000000000000, 0.0004757428370953073775, 0.0009514856741906147549 ),
 .UNSPECIFIED. ) ;
#1212 = VERTEX_POINT ( 'NONE', #1048 ) ;
#1213 = DIRECTION ( 'NONE',  ( 1.993935029858398650E-16, 0.000000000000000000, -1.000000000000000000 ) ) ;
#1214 = EDGE_LOOP ( 'NONE', ( #687, #434 ) ) ;
#1215 = ORIENTED_EDGE ( 'NONE', *, *, #1655, .F. ) ;
#1216 = EDGE_CURVE ( 'NONE', #39, #251, #517, .T. ) ;
#1217 = EDGE_LOOP ( 'NONE', ( #5, #498, #346, #709 ) ) ;
#1218 = CARTESIAN_POINT ( 'NONE',  ( 0.000000000000000000, 0.000000000000000000, 5.620762745781209269 ) ) ;
#1219 = ORIENTED_EDGE ( 'NONE', *, *, #476, .F. ) ;
#1220 = CARTESIAN_POINT ( 'NONE',  ( 8.454926516077236449E-17, -5.460999999999999410, -9.525000000000000355 ) ) ;
#1221 = CARTESIAN_POINT ( 'NONE',  ( 8.454926516077236449E-17, -0.8890000000000000124, -3.174999999999998490 ) ) ;
#1222 = ORIENTED_EDGE ( 'NONE', *, *, #224, .F. ) ;
#1223 = CIRCLE ( 'NONE', #690, 2.268258436585968152 ) ;
#1224 = DIRECTION ( 'NONE',  ( 1.000000000000000000, 0.000000000000000000, 0.000000000000000000 ) ) ;
#1225 = EDGE_CURVE ( 'NONE', #435, #406, #134, .T. ) ;
#1226 = ORIENTED_EDGE ( 'NONE', *, *, #467, .T. ) ;
#1227 = CARTESIAN_POINT ( 'NONE',  ( -6.200000000000001954, -6.200000000000001066, -6.349999999999999645 ) ) ;
#1228 = AXIS2_PLACEMENT_3D ( 'NONE', #42, #31, #552 ) ;
#1229 = DIRECTION ( 'NONE',  ( 0.000000000000000000, 0.000000000000000000, -1.000000000000000000 ) ) ;
#1230 = ORIENTED_EDGE ( 'NONE', *, *, #1343, .F. ) ;
#1231 = DIRECTION ( 'NONE',  ( -0.000000000000000000, -1.000000000000000000, -0.000000000000000000 ) ) ;
#1232 = ORIENTED_EDGE ( 'NONE', *, *, #1180, .F. ) ;
#1233 = CIRCLE ( 'NONE', #1508, 2.100000000000000089 ) ;
#1234 = EDGE_CURVE ( 'NONE', #39, #1582, #1476, .T. ) ;
#1235 = CARTESIAN_POINT ( 'NONE',  ( -3.042760935685123916E-16, -5.460999999999999410, -6.349999999999999645 ) ) ;
#1236 = VECTOR ( 'NONE', #1671, 1000.000000000000000 ) ;
#1237 = CARTESIAN_POINT ( 'NONE',  ( -0.3999999999999999667, -2.061552812808830293, 5.438999999999999169 ) ) ;
#1238 = EDGE_LOOP ( 'NONE', ( #1170, #822, #1230, #426 ) ) ;
#1239 = FACE_OUTER_BOUND ( 'NONE', #192, .T. ) ;
#1240 = CARTESIAN_POINT ( 'NONE',  ( -0.3999999999999999667, 2.264950330581225302, 5.523072258617638397 ) ) ;
#1241 = DIRECTION ( 'NONE',  ( -0.000000000000000000, 1.000000000000000000, -0.000000000000000000 ) ) ;
#1242 = EDGE_CURVE ( 'NONE', #1610, #572, #1628, .T. ) ;
#1243 = CARTESIAN_POINT ( 'NONE',  ( 6.200000000000001954, -0.1999999999999996503, -6.349999999999999645 ) ) ;
#1244 = VERTEX_POINT ( 'NONE', #1084 ) ;
#1245 = SECURITY_CLASSIFICATION ( '', '', #1449 ) ;
#1246 = FACE_OUTER_BOUND ( 'NONE', #49, .T. ) ;
#1247 = CARTESIAN_POINT ( 'NONE',  ( 0.000000000000000000, 0.000000000000000000, 0.000000000000000000 ) ) ;
#1248 = AXIS2_PLACEMENT_3D ( 'NONE', #1668, #1653, #1001 ) ;
#1249 = DIRECTION ( 'NONE',  ( 0.000000000000000000, 0.000000000000000000, -1.000000000000000000 ) ) ;
#1250 = CARTESIAN_POINT ( 'NONE',  ( 3.174999999999999822, 0.000000000000000000, 0.8890000000000009006 ) ) ;
#1251 = AXIS2_PLACEMENT_3D ( 'NONE', #487, #381, #611 ) ;
#1252 = CARTESIAN_POINT ( 'NONE',  ( -0.3999999999999999667, 2.061552812808830737, 5.139000000000001123 ) ) ;
#1253 = ORIENTED_EDGE ( 'NONE', *, *, #1581, .T. ) ;
#1254 = VECTOR ( 'NONE', #48, 1000.000000000000000 ) ;
#1255 = EDGE_CURVE ( 'NONE', #429, #1106, #856, .T. ) ;
#1256 = CYLINDRICAL_SURFACE ( 'NONE', #313, 6.200000000000001954 ) ;
#1257 = FACE_OUTER_BOUND ( 'NONE', #1500, .T. ) ;
#1258 = PRODUCT_DEFINITION ( 'UNKNOWN', '', #1036, #1047 ) ;
#1259 = CARTESIAN_POINT ( 'NONE',  ( 5.200000000000001066, -6.200000000000001066, -6.349999999999999645 ) ) ;
#1260 = CONICAL_SURFACE ( 'NONE', #1371, 2.299999999999999822, 0.3141592653589760364 ) ;
#1261 = CIRCLE ( 'NONE', #502, 2.100000000000000089 ) ;
#1262 = DIRECTION ( 'NONE',  ( 0.000000000000000000, 0.000000000000000000, 1.000000000000000000 ) ) ;
#1263 = VERTEX_POINT ( 'NONE', #1490 ) ;
#1264 = EDGE_CURVE ( 'NONE', #43, #548, #836, .T. ) ;
#1265 = CARTESIAN_POINT ( 'NONE',  ( -5.200000000000001066, -22.48074015516494129, -2.000000000000000000 ) ) ;
#1266 = DIRECTION ( 'NONE',  ( -1.000000000000000000, 0.000000000000000000, -0.000000000000000000 ) ) ;
#1267 = EDGE_CURVE ( 'NONE', #251, #713, #495, .T. ) ;
#1268 = CARTESIAN_POINT ( 'NONE',  ( 0.4000000000000000222, -2.129368205736811070, 5.466985055468133403 ) ) ;
#1269 = FACE_OUTER_BOUND ( 'NONE', #1408, .T. ) ;
#1270 = CARTESIAN_POINT ( 'NONE',  ( 0.1236690215010813193, -2.099990463092003878, 2.139040055015564601 ) ) ;
#1271 = EDGE_LOOP ( 'NONE', ( #853, #1673, #391, #563 ) ) ;
#1272 = FACE_OUTER_BOUND ( 'NONE', #874, .T. ) ;
#1273 = CC_DESIGN_APPROVAL ( #628, ( #1036 ) ) ;
#1274 = CARTESIAN_POINT ( 'NONE',  ( 0.4000000000000000777, -2.182283254615324797, 5.773529692572009431 ) ) ;
#1275 = DIRECTION ( 'NONE',  ( -0.000000000000000000, -0.000000000000000000, -1.000000000000000000 ) ) ;
#1276 = EDGE_CURVE ( 'NONE', #705, #267, #1640, .T. ) ;
#1277 = CYLINDRICAL_SURFACE ( 'NONE', #674, 3.174999999999999822 ) ;
#1278 = AXIS2_PLACEMENT_3D ( 'NONE', #1503, #336, #852 ) ;
#1279 = CARTESIAN_POINT ( 'NONE',  ( -6.199999999999999289, -6.200000000000000178, 0.000000000000000000 ) ) ;
#1280 = ORIENTED_EDGE ( 'NONE', *, *, #1267, .F. ) ;
#1281 = FACE_BOUND ( 'NONE', #174, .T. ) ;
#1282 = CARTESIAN_POINT ( 'NONE',  ( -2.100000000000000089, 0.000000000000000000, 5.438999999999999169 ) ) ;
#1283 = DIRECTION ( 'NONE',  ( -0.000000000000000000, 1.000000000000000000, -0.000000000000000000 ) ) ;
#1284 = APPROVAL_ROLE ( '' ) ;
#1285 = PLANE ( 'NONE',  #297 ) ;
#1286 = LINE ( 'NONE', #130, #1096 ) ;
#1287 = AXIS2_PLACEMENT_3D ( 'NONE', #82, #586, #1094 ) ;
#1288 = ORIENTED_EDGE ( 'NONE', *, *, #41, .T. ) ;
#1289 = CARTESIAN_POINT ( 'NONE',  ( 2.268258436585968152, 0.000000000000000000, 5.620762745781209269 ) ) ;
#1290 = CARTESIAN_POINT ( 'NONE',  ( -5.200000000000001066, -22.48074015516494129, -6.350000000000000533 ) ) ;
#1291 = CARTESIAN_POINT ( 'NONE',  ( -3.100000000000010303, 3.099999999999998757, -2.000000000000000000 ) ) ;
#1292 = DIRECTION ( 'NONE',  ( 1.000000000000000000, -0.000000000000000000, -0.000000000000000000 ) ) ;
#1293 = EDGE_CURVE ( 'NONE', #23, #983, #818, .T. ) ;
#1294 = CARTESIAN_POINT ( 'NONE',  ( -6.199999999999999289, -6.200000000000000178, -2.000000000000000000 ) ) ;
#1295 = ADVANCED_FACE ( 'NONE', ( #984 ), #452, .F. ) ;
#1296 = VERTEX_POINT ( 'NONE', #730 ) ;
#1297 = CARTESIAN_POINT ( 'NONE',  ( 0.4980973490458738828, -2.040073290564207831, 2.595422128626172054 ) ) ;
#1298 = CARTESIAN_POINT ( 'NONE',  ( 0.4000000000000002998, 1.663442899047754775, 6.139000000000001123 ) ) ;
#1299 = ORIENTED_EDGE ( 'NONE', *, *, #14, .T. ) ;
#1300 = DATE_AND_TIME ( #790, #696 ) ;
#1301 = CARTESIAN_POINT ( 'NONE',  ( 0.4000000000000001887, -2.232710535457612888, 5.620762745781209269 ) ) ;
#1302 = VERTEX_POINT ( 'NONE', #468 ) ;
#1303 = LINE ( 'NONE', #428, #387 ) ;
#1304 = CLOSED_SHELL ( 'NONE', ( #368, #1121, #1010, #725, #1331, #1607, #1379, #245, #71, #1322, #1369, #1497, #594, #331, #1567, #1319, #1600, #554, #964, #1465, #340, #541, #1360, #456, #945, #222, #1295, #419, #668, #6, #808, #585, #178, #1192, #935, #247, #1511, #397, #1112, #1074, #1133, #772, #1488, #1526, #321, #137, #129, #484, #1410, #1141, #119 ) ) ;
#1305 = ORIENTED_EDGE ( 'NONE', *, *, #1343, .T. ) ;
#1306 = EDGE_CURVE ( 'NONE', #524, #663, #80, .T. ) ;
#1307 = CIRCLE ( 'NONE', #520, 2.299999999999999822 ) ;
#1308 = CARTESIAN_POINT ( 'NONE',  ( 0.4000000000000001887, 1.502637486114518195, 6.138999999999998458 ) ) ;
#1309 = AXIS2_PLACEMENT_3D ( 'NONE', #332, #1499, #700 ) ;
#1310 = CYLINDRICAL_SURFACE ( 'NONE', #1340, 3.175000000000000711 ) ;
#1311 = VERTEX_POINT ( 'NONE', #205 ) ;
#1312 = PERSON_AND_ORGANIZATION_ROLE ( 'design_owner' ) ;
#1313 = CARTESIAN_POINT ( 'NONE',  ( -0.1233449203368002373, -2.100009524403047223, 2.138959997505216926 ) ) ;
#1314 = ORIENTED_EDGE ( 'NONE', *, *, #506, .T. ) ;
#1315 = DIRECTION ( 'NONE',  ( -8.115498896123205041E-15, 0.000000000000000000, 1.000000000000000000 ) ) ;
#1316 = ORIENTED_EDGE ( 'NONE', *, *, #1624, .F. ) ;
#1317 = AXIS2_PLACEMENT_3D ( 'NONE', #865, #1477, #1213 ) ;
#1318 = AXIS2_PLACEMENT_3D ( 'NONE', #1118, #601, #967 ) ;
#1319 = ADVANCED_FACE ( 'NONE', ( #445 ), #840, .T. ) ;
#1320 = PLANE ( 'NONE',  #1361 ) ;
#1321 = LINE ( 'NONE', #1575, #389 ) ;
#1322 = ADVANCED_FACE ( 'NONE', ( #721 ), #849, .T. ) ;
#1323 = ORIENTED_EDGE ( 'NONE', *, *, #625, .F. ) ;
#1324 = CARTESIAN_POINT ( 'NONE',  ( 0.4000000000000001887, 2.061552812808830737, 5.438999999999999169 ) ) ;
#1325 = EDGE_LOOP ( 'NONE', ( #1334, #1113, #1034, #692 ) ) ;
#1326 = DIRECTION ( 'NONE',  ( -0.000000000000000000, -0.000000000000000000, -1.000000000000000000 ) ) ;
#1327 = ORIENTED_EDGE ( 'NONE', *, *, #467, .F. ) ;
#1328 = LINE ( 'NONE', #133, #549 ) ;
#1329 = DIRECTION ( 'NONE',  ( 1.993935029858398650E-16, 0.000000000000000000, -1.000000000000000000 ) ) ;
#1330 = ORIENTED_EDGE ( 'NONE', *, *, #579, .T. ) ;
#1331 = ADVANCED_FACE ( 'NONE', ( #199 ), #96, .T. ) ;
#1332 = CYLINDRICAL_SURFACE ( 'NONE', #371, 0.5000000000000000000 ) ;
#1333 = ORIENTED_EDGE ( 'NONE', *, *, #672, .F. ) ;
#1334 = ORIENTED_EDGE ( 'NONE', *, *, #672, .T. ) ;
#1335 = VECTOR ( 'NONE', #92, 1000.000000000000000 ) ;
#1336 = ORIENTED_EDGE ( 'NONE', *, *, #1003, .T. ) ;
#1337 = CARTESIAN_POINT ( 'NONE',  ( -5.200000000000001066, -2.174999999999999822, -6.350000000000000533 ) ) ;
#1338 = AXIS2_PLACEMENT_3D ( 'NONE', #775, #1650, #505 ) ;
#1339 = CARTESIAN_POINT ( 'NONE',  ( 0.4980973490458738828, -3.174999999999999822, 2.595422128626172054 ) ) ;
#1340 = AXIS2_PLACEMENT_3D ( 'NONE', #948, #1458, #9 ) ;
#1341 = CARTESIAN_POINT ( 'NONE',  ( -0.2470723783330709133, -2.087434397081524118, 2.187282604411544096 ) ) ;
#1342 = VERTEX_POINT ( 'NONE', #1337 ) ;
#1343 = EDGE_CURVE ( 'NONE', #682, #1610, #745, .T. ) ;
#1344 = EDGE_LOOP ( 'NONE', ( #189, #446, #1232, #1469 ) ) ;
#1345 = CC_DESIGN_DATE_AND_TIME_ASSIGNMENT ( #292, #1193, ( #1245 ) ) ;
#1346 = AXIS2_PLACEMENT_3D ( 'NONE', #814, #724, #65 ) ;
#1347 = ORIENTED_EDGE ( 'NONE', *, *, #349, .F. ) ;
#1348 = AXIS2_PLACEMENT_3D ( 'NONE', #97, #462, #734 ) ;
#1349 = CARTESIAN_POINT ( 'NONE',  ( -3.042760935685125395E-16, -0.1999999999999996503, -6.349999999999997868 ) ) ;
#1350 = ORIENTED_EDGE ( 'NONE', *, *, #1225, .F. ) ;
#1351 = FACE_OUTER_BOUND ( 'NONE', #864, .T. ) ;
#1352 = ORIENTED_EDGE ( 'NONE', *, *, #1418, .F. ) ;
#1353 = EDGE_CURVE ( 'NONE', #612, #978, #1209, .T. ) ;
#1354 = ORIENTED_EDGE ( 'NONE', *, *, #1122, .T. ) ;
#1355 = CARTESIAN_POINT ( 'NONE',  ( -6.199999999999999289, -6.200000000000000178, 0.000000000000000000 ) ) ;
#1356 = ORIENTED_EDGE ( 'NONE', *, *, #366, .F. ) ;
#1357 = LINE ( 'NONE', #1102, #916 ) ;
#1358 = CARTESIAN_POINT ( 'NONE',  ( -3.042760935685123916E-16, -5.460999999999999410, -3.174999999999998490 ) ) ;
#1359 = ORIENTED_EDGE ( 'NONE', *, *, #28, .F. ) ;
#1360 = ADVANCED_FACE ( 'NONE', ( #1239 ), #56, .T. ) ;
#1361 = AXIS2_PLACEMENT_3D ( 'NONE', #537, #669, #268 ) ;
#1362 = DIRECTION ( 'NONE',  ( 1.000000000000000000, 2.797941090285173083E-16, -0.000000000000000000 ) ) ;
#1363 = ORIENTED_EDGE ( 'NONE', *, *, #1082, .T. ) ;
#1364 = DIRECTION ( 'NONE',  ( 8.115498896123167176E-15, 0.000000000000000000, 1.000000000000000000 ) ) ;
#1365 = AXIS2_PLACEMENT_3D ( 'NONE', #1014, #123, #236 ) ;
#1366 = CARTESIAN_POINT ( 'NONE',  ( -3.042760935685123916E-16, -0.8890000000000000124, -6.349999999999999645 ) ) ;
#1367 = ORIENTED_EDGE ( 'NONE', *, *, #976, .T. ) ;
#1368 = DIRECTION ( 'NONE',  ( 0.000000000000000000, 0.000000000000000000, 1.000000000000000000 ) ) ;
#1369 = ADVANCED_FACE ( 'NONE', ( #1186, #1162 ), #418, .F. ) ;
#1370 = CARTESIAN_POINT ( 'NONE',  ( -0.3999999999999999667, 2.129368205736810182, 5.466985055468133403 ) ) ;
#1371 = AXIS2_PLACEMENT_3D ( 'NONE', #255, #363, #1149 ) ;
#1372 = DIRECTION ( 'NONE',  ( 1.000000000000000000, 0.000000000000000000, 0.000000000000000000 ) ) ;
#1373 = EDGE_CURVE ( 'NONE', #792, #291, #1303, .T. ) ;
#1374 = DIRECTION ( 'NONE',  ( -1.000000000000000000, 0.000000000000000000, 0.000000000000000000 ) ) ;
#1375 = ORIENTED_EDGE ( 'NONE', *, *, #1095, .T. ) ;
#1376 = CARTESIAN_POINT ( 'NONE',  ( -6.199999999999999289, 0.000000000000000000, -12.55100000000000193 ) ) ;
#1377 = CARTESIAN_POINT ( 'NONE',  ( 0.4000000000000001887, -1.502637486114517751, 6.138999999999998458 ) ) ;
#1378 = CARTESIAN_POINT ( 'NONE',  ( 0.4000000000000001887, -1.502637486114517751, 6.138999999999998458 ) ) ;
#1379 = ADVANCED_FACE ( 'NONE', ( #1452 ), #924, .T. ) ;
#1380 = DIRECTION ( 'NONE',  ( 0.000000000000000000, 0.000000000000000000, 1.000000000000000000 ) ) ;
#1381 = ORIENTED_EDGE ( 'NONE', *, *, #438, .F. ) ;
#1382 = DIRECTION ( 'NONE',  ( -0.000000000000000000, -0.000000000000000000, -1.000000000000000000 ) ) ;
#1383 = CARTESIAN_POINT ( 'NONE',  ( -5.200000000000001066, -6.200000000000001066, -2.000000000000000000 ) ) ;
#1384 = DIRECTION ( 'NONE',  ( 1.398970545142586541E-16, -1.000000000000000000, 0.000000000000000000 ) ) ;
#1385 = VECTOR ( 'NONE', #546, 1000.000000000000000 ) ;
#1386 = DIRECTION ( 'NONE',  ( 0.000000000000000000, 0.000000000000000000, 1.000000000000000000 ) ) ;
#1387 = LINE ( 'NONE', #380, #1483 ) ;
#1388 = EDGE_CURVE ( 'NONE', #43, #1633, #1580, .T. ) ;
#1389 = DIRECTION ( 'NONE',  ( 1.000000000000000000, 0.000000000000000000, 0.000000000000000000 ) ) ;
#1390 = ORIENTED_EDGE ( 'NONE', *, *, #1531, .F. ) ;
#1391 = AXIS2_PLACEMENT_3D ( 'NONE', #423, #956, #173 ) ;
#1392 = DIRECTION ( 'NONE',  ( -0.000000000000000000, -0.000000000000000000, -1.000000000000000000 ) ) ;
#1393 = DIRECTION ( 'NONE',  ( 0.000000000000000000, 0.000000000000000000, -1.000000000000000000 ) ) ;
#1394 = CARTESIAN_POINT ( 'NONE',  ( 0.6477403412507657388, 1.999113491775012852, 4.305849356269923156 ) ) ;
#1395 = CARTESIAN_POINT ( 'NONE',  ( -3.042760935685123916E-16, -6.201024999999999565, -4.249999999999998224 ) ) ;
#1396 = CIRCLE ( 'NONE', #1287, 2.100000000000000089 ) ;
#1397 = CARTESIAN_POINT ( 'NONE',  ( 0.4871798639138836262, -2.042738866564660416, 2.470634702552897188 ) ) ;
#1398 = AXIS2_PLACEMENT_3D ( 'NONE', #1105, #352, #1380 ) ;
#1399 = DIRECTION ( 'NONE',  ( 0.000000000000000000, 0.000000000000000000, 1.000000000000000000 ) ) ;
#1400 = VERTEX_POINT ( 'NONE', #653 ) ;
#1401 = EDGE_CURVE ( 'NONE', #1553, #23, #1119, .T. ) ;
#1402 = CARTESIAN_POINT ( 'NONE',  ( -5.200000000000001066, -4.174999999999998046, -2.000000000000000000 ) ) ;
#1403 = DIRECTION ( 'NONE',  ( 0.000000000000000000, 1.000000000000000000, 0.000000000000000000 ) ) ;
#1404 = DIRECTION ( 'NONE',  ( 0.000000000000000000, 0.000000000000000000, 1.000000000000000000 ) ) ;
#1405 = CC_DESIGN_PERSON_AND_ORGANIZATION_ASSIGNMENT ( #1438, #683, ( #1036 ) ) ;
#1406 = DIRECTION ( 'NONE',  ( -0.000000000000000000, 1.000000000000000000, 0.000000000000000000 ) ) ;
#1407 = CARTESIAN_POINT ( 'NONE',  ( -3.042760935685123916E-16, -0.8890000000000000124, -6.349999999999999645 ) ) ;
#1408 = EDGE_LOOP ( 'NONE', ( #513, #539, #698, #673, #376, #1352 ) ) ;
#1409 = CARTESIAN_POINT ( 'NONE',  ( -0.4000000000000000222, -1.820969194338324382, 6.090132639966193473 ) ) ;
#1410 = ADVANCED_FACE ( 'NONE', ( #665 ), #1073, .T. ) ;
#1411 = CARTESIAN_POINT ( 'NONE',  ( 0.3999999999999999667, -2.061552812808830293, 5.139000000000001123 ) ) ;
#1412 = FACE_OUTER_BOUND ( 'NONE', #933, .T. ) ;
#1413 = DIRECTION ( 'NONE',  ( 0.000000000000000000, -0.000000000000000000, 1.000000000000000000 ) ) ;
#1414 = CC_DESIGN_APPROVAL ( #970, ( #1258 ) ) ;
#1415 = VERTEX_POINT ( 'NONE', #784 ) ;
#1416 = CIRCLE ( 'NONE', #1391, 5.200000000000002842 ) ;
#1417 = DIRECTION ( 'NONE',  ( -0.000000000000000000, -0.000000000000000000, -1.000000000000000000 ) ) ;
#1418 = EDGE_CURVE ( 'NONE', #1440, #978, #1307, .T. ) ;
#1419 = CYLINDRICAL_SURFACE ( 'NONE', #126, 2.100000000000000977 ) ;
#1420 = DIRECTION ( 'NONE',  ( -0.000000000000000000, -1.000000000000000000, -0.000000000000000000 ) ) ;
#1421 = CARTESIAN_POINT ( 'NONE',  ( 0.000000000000000000, 0.000000000000000000, 5.438999999999999169 ) ) ;
#1422 = AXIS2_PLACEMENT_3D ( 'NONE', #1235, #1241, #440 ) ;
#1423 = ORIENTED_EDGE ( 'NONE', *, *, #14, .F. ) ;
#1424 = FACE_OUTER_BOUND ( 'NONE', #1599, .T. ) ;
#1425 = CARTESIAN_POINT ( 'NONE',  ( 0.4000000000000001887, 1.502637486114518195, 6.138999999999998458 ) ) ;
#1426 = ORIENTED_EDGE ( 'NONE', *, *, #506, .F. ) ;
#1427 = PERSON_AND_ORGANIZATION ( #1658, #1474 ) ;
#1428 = CARTESIAN_POINT ( 'NONE',  ( -0.3999999999999999667, -2.061552812808830293, 5.438999999999999169 ) ) ;
#1429 = ORIENTED_EDGE ( 'NONE', *, *, #1517, .F. ) ;
#1430 = EDGE_CURVE ( 'NONE', #303, #597, #169, .T. ) ;
#1431 = DIRECTION ( 'NONE',  ( -0.000000000000000000, -0.000000000000000000, -1.000000000000000000 ) ) ;
#1432 = VERTEX_POINT ( 'NONE', #544 ) ;
#1433 = DIRECTION ( 'NONE',  ( 1.993935029858398650E-16, -0.000000000000000000, -1.000000000000000000 ) ) ;
#1434 = CC_DESIGN_PERSON_AND_ORGANIZATION_ASSIGNMENT ( #1427, #18, ( #1258 ) ) ;
#1435 = DIRECTION ( 'NONE',  ( 0.000000000000000000, 0.000000000000000000, 1.000000000000000000 ) ) ;
#1436 = FACE_OUTER_BOUND ( 'NONE', #1052, .T. ) ;
#1437 = ORIENTED_EDGE ( 'NONE', *, *, #706, .T. ) ;
#1438 = PERSON_AND_ORGANIZATION ( #1658, #1474 ) ;
#1439 = CARTESIAN_POINT ( 'NONE',  ( -3.042760935685125395E-16, -2.174999999999999822, -6.349999999999997868 ) ) ;
#1440 = VERTEX_POINT ( 'NONE', #136 ) ;
#1441 = CARTESIAN_POINT ( 'NONE',  ( 5.200000000000001954, -2.175000000000000711, -88.76025477448607148 ) ) ;
#1442 = AXIS2_PLACEMENT_3D ( 'NONE', #1366, #194, #1229 ) ;
#1443 = EDGE_CURVE ( 'NONE', #799, #1093, #661, .T. ) ;
#1444 = CARTESIAN_POINT ( 'NONE',  ( -0.6477403412507644065, -1.999113491775013296, 4.305849356269921380 ) ) ;
#1445 = VECTOR ( 'NONE', #132, 1000.000000000000000 ) ;
#1446 = CARTESIAN_POINT ( 'NONE',  ( -0.3999999999999999667, -2.264950330581225746, 5.523072258617638397 ) ) ;
#1447 = CARTESIAN_POINT ( 'NONE',  ( 0.4000000000000001887, 2.232710535457612888, 5.620762745781209269 ) ) ;
#1448 = VERTEX_POINT ( 'NONE', #523 ) ;
#1449 = SECURITY_CLASSIFICATION_LEVEL ( 'unclassified' ) ;
#1450 = CARTESIAN_POINT ( 'NONE',  ( 6.199999999999999289, 1.355252715606880543E-17, 0.000000000000000000 ) ) ;
#1451 = ORIENTED_EDGE ( 'NONE', *, *, #794, .F. ) ;
#1452 = FACE_OUTER_BOUND ( 'NONE', #146, .T. ) ;
#1453 = ORIENTED_EDGE ( 'NONE', *, *, #235, .F. ) ;
#1454 =( LENGTH_UNIT ( ) NAMED_UNIT ( * ) SI_UNIT ( .MILLI., .METRE. ) );
#1455 = VECTOR ( 'NONE', #1292, 1000.000000000000000 ) ;
#1456 = EDGE_CURVE ( 'NONE', #963, #1587, #1062, .T. ) ;
#1457 = CARTESIAN_POINT ( 'NONE',  ( -3.042760935685123916E-16, -0.8890000000000000124, -4.249999999999997335 ) ) ;
#1458 = DIRECTION ( 'NONE',  ( -0.000000000000000000, -1.000000000000000000, -0.000000000000000000 ) ) ;
#1459 = ORIENTED_EDGE ( 'NONE', *, *, #953, .T. ) ;
#1460 = CARTESIAN_POINT ( 'NONE',  ( -0.4282819678817709752, -2.057911970479199937, 2.353224001008317412 ) ) ;
#1461 = ORIENTED_EDGE ( 'NONE', *, *, #871, .F. ) ;
#1462 = ORIENTED_EDGE ( 'NONE', *, *, #215, .F. ) ;
#1463 = EDGE_LOOP ( 'NONE', ( #168, #826, #1459, #834 ) ) ;
#1464 = DIRECTION ( 'NONE',  ( -0.000000000000000000, 0.000000000000000000, 1.000000000000000000 ) ) ;
#1465 = ADVANCED_FACE ( 'NONE', ( #934 ), #159, .T. ) ;
#1466 = ORIENTED_EDGE ( 'NONE', *, *, #263, .F. ) ;
#1467 = CARTESIAN_POINT ( 'NONE',  ( 0.000000000000000000, 0.000000000000000000, 5.523072258617638397 ) ) ;
#1468 = ORIENTED_EDGE ( 'NONE', *, *, #1388, .F. ) ;
#1469 = ORIENTED_EDGE ( 'NONE', *, *, #752, .F. ) ;
#1470 = CIRCLE ( 'NONE', #1065, 2.100000000000000089 ) ;
#1471 = B_SPLINE_CURVE_WITH_KNOTS ( 'NONE', 3,
 ( #1578, #823, #803, #1301 ),
 .UNSPECIFIED., .F., .F.,
 ( 4, 4 ),
 ( 0.002832913685900423535, 0.002935786532568636018 ),
 .UNSPECIFIED. ) ;
#1472 = ORIENTED_EDGE ( 'NONE', *, *, #52, .F. ) ;
#1473 = CARTESIAN_POINT ( 'NONE',  ( 0.000000000000000000, 0.000000000000000000, 5.438999999999999169 ) ) ;
#1474 = ORGANIZATION ( 'UNSPECIFIED', 'UNSPECIFIED', '' ) ;
#1475 = ORIENTED_EDGE ( 'NONE', *, *, #714, .F. ) ;
#1476 = CIRCLE ( 'NONE', #1614, 2.268258436585968152 ) ;
#1477 = DIRECTION ( 'NONE',  ( 1.000000000000000000, -0.000000000000000000, 1.993935029858398650E-16 ) ) ;
#1478 = EDGE_CURVE ( 'NONE', #1440, #280, #666, .T. ) ;
#1479 = CARTESIAN_POINT ( 'NONE',  ( 3.174999999999999822, 0.000000000000000000, 0.000000000000000000 ) ) ;
#1480 = VERTEX_POINT ( 'NONE', #1019 ) ;
#1481 = VECTOR ( 'NONE', #208, 1000.000000000000000 ) ;
#1482 = ORIENTED_EDGE ( 'NONE', *, *, #1122, .F. ) ;
#1483 = VECTOR ( 'NONE', #3, 999.9999999999998863 ) ;
#1484 = CARTESIAN_POINT ( 'NONE',  ( -0.6477403412507650726, 1.999113491775012852, 4.305849356269930261 ) ) ;
#1485 = PLANE ( 'NONE',  #859 ) ;
#1486 = LINE ( 'NONE', #1509, #1208 ) ;
#1487 = FACE_OUTER_BOUND ( 'NONE', #412, .T. ) ;
#1488 = ADVANCED_FACE ( 'NONE', ( #243 ), #1659, .F. ) ;
#1489 = ORIENTED_EDGE ( 'NONE', *, *, #518, .T. ) ;
#1490 = CARTESIAN_POINT ( 'NONE',  ( -0.3999999999999999667, -2.061552812808830293, 5.139000000000001123 ) ) ;
#1491 = DIRECTION ( 'NONE',  ( -0.08715574274765176821, 0.000000000000000000, -0.9961946980917461003 ) ) ;
#1492 = DIRECTION ( 'NONE',  ( 0.000000000000000000, 1.000000000000000000, 0.000000000000000000 ) ) ;
#1493 = CYLINDRICAL_SURFACE ( 'NONE', #1442, 3.175000000000000711 ) ;
#1494 = VERTEX_POINT ( 'NONE', #881 ) ;
#1495 = EDGE_CURVE ( 'NONE', #1415, #1494, #492, .T. ) ;
#1496 = VECTOR ( 'NONE', #348, 1000.000000000000000 ) ;
#1497 = ADVANCED_FACE ( 'NONE', ( #250, #1157 ), #374, .F. ) ;
#1498 = CIRCLE ( 'NONE', #602, 3.174999999999999822 ) ;
#1499 = DIRECTION ( 'NONE',  ( -8.115498896123205041E-15, 0.000000000000000000, 1.000000000000000000 ) ) ;
#1500 = EDGE_LOOP ( 'NONE', ( #1363, #1288, #551, #218 ) ) ;
#1501 = DIRECTION ( 'NONE',  ( -2.797941090285173083E-16, 1.000000000000000000, -0.000000000000000000 ) ) ;
#1502 = VECTOR ( 'NONE', #1042, 1000.000000000000000 ) ;
#1503 = CARTESIAN_POINT ( 'NONE',  ( -3.042760935685123916E-16, -5.460999999999999410, -6.349999999999999645 ) ) ;
#1504 = EDGE_LOOP ( 'NONE', ( #270, #584, #686, #1538, #1604, #847, #1390, #1323, #85, #1327 ) ) ;
#1505 = FACE_OUTER_BOUND ( 'NONE', #1504, .T. ) ;
#1506 = EDGE_CURVE ( 'NONE', #131, #457, #1138, .T. ) ;
#1507 = ORIENTED_EDGE ( 'NONE', *, *, #684, .F. ) ;
#1508 = AXIS2_PLACEMENT_3D ( 'NONE', #631, #771, #877 ) ;
#1509 = CARTESIAN_POINT ( 'NONE',  ( -6.200000000000001954, -22.48074015516494129, -6.349999999999999645 ) ) ;
#1510 = CARTESIAN_POINT ( 'NONE',  ( -6.200000000000001954, -0.1999999999999996503, -2.000000000000000000 ) ) ;
#1511 = ADVANCED_FACE ( 'NONE', ( #497, #121 ), #512, .T. ) ;
#1512 = VERTEX_POINT ( 'NONE', #266 ) ;
#1513 = B_SPLINE_CURVE_WITH_KNOTS ( 'NONE', 3,
 ( #974, #1110, #717, #193, #732, #216 ),
 .UNSPECIFIED., .F., .F.,
 ( 4, 2, 4 ),
 ( 0.000000000000000000, 0.0004757001404452627490, 0.0009514002808905259317 ),
 .UNSPECIFIED. ) ;
#1514 = DIRECTION ( 'NONE',  ( 1.000000000000000000, 0.000000000000000000, 0.000000000000000000 ) ) ;
#1515 = DIRECTION ( 'NONE',  ( -1.000000000000000000, -1.398970545142586541E-16, 0.000000000000000000 ) ) ;
#1516 = CARTESIAN_POINT ( 'NONE',  ( -3.042760935685125395E-16, -22.48074015516494129, -6.349999999999997868 ) ) ;
#1517 = EDGE_CURVE ( 'NONE', #1651, #612, #883, .T. ) ;
#1518 = CARTESIAN_POINT ( 'NONE',  ( 6.200000000000001954, -0.1999999999999996503, -2.000000000000000000 ) ) ;
#1519 = CARTESIAN_POINT ( 'NONE',  ( 6.199999999999998401, 6.200000000000000178, 0.000000000000000000 ) ) ;
#1520 = ORIENTED_EDGE ( 'NONE', *, *, #596, .T. ) ;
#1521 = CARTESIAN_POINT ( 'NONE',  ( -5.199999999999984190, -2.174999999999998934, -88.76025477448607148 ) ) ;
#1522 = PLANE ( 'NONE',  #339 ) ;
#1523 = CIRCLE ( 'NONE', #1198, 2.100000000000001865 ) ;
#1524 = DIRECTION ( 'NONE',  ( -0.000000000000000000, -0.000000000000000000, -1.000000000000000000 ) ) ;
#1525 = LINE ( 'NONE', #1518, #1455 ) ;
#1526 = ADVANCED_FACE ( 'NONE', ( #233 ), #1027, .T. ) ;
#1527 = CARTESIAN_POINT ( 'NONE',  ( 0.4000000000000000222, 2.197165962000668493, 5.495012552331536959 ) ) ;
#1528 = ORIENTED_EDGE ( 'NONE', *, *, #783, .T. ) ;
#1529 = VECTOR ( 'NONE', #1368, 1000.000000000000000 ) ;
#1530 = CARTESIAN_POINT ( 'NONE',  ( 0.000000000000000000, 0.000000000000000000, -2.000000000000000000 ) ) ;
#1531 = EDGE_CURVE ( 'NONE', #963, #572, #1286, .T. ) ;
#1532 = DIRECTION ( 'NONE',  ( 0.000000000000000000, -0.000000000000000000, 1.000000000000000000 ) ) ;
#1533 = FACE_OUTER_BOUND ( 'NONE', #57, .T. ) ;
#1534 = CIRCLE ( 'NONE', #867, 4.384062043356588667 ) ;
#1535 = CARTESIAN_POINT ( 'NONE',  ( 0.2470917478819859014, -2.087439085565598429, 2.187221323398956585 ) ) ;
#1536 = VECTOR ( 'NONE', #104, 1000.000000000000000 ) ;
#1537 = ORIENTED_EDGE ( 'NONE', *, *, #855, .T. ) ;
#1538 = ORIENTED_EDGE ( 'NONE', *, *, #880, .T. ) ;
#1539 = DIRECTION ( 'NONE',  ( 1.000000000000000000, 0.000000000000000000, 0.000000000000000000 ) ) ;
#1540 = CARTESIAN_POINT ( 'NONE',  ( -0.3999999999999999667, 2.232710535457612888, 5.620762745781209269 ) ) ;
#1541 = CARTESIAN_POINT ( 'NONE',  ( 0.4000000000000001887, 0.000000000000000000, 6.138999999999998458 ) ) ;
#1542 = DIRECTION ( 'NONE',  ( -1.000000000000000000, 0.000000000000000000, 0.000000000000000000 ) ) ;
#1543 = ORIENTED_EDGE ( 'NONE', *, *, #752, .T. ) ;
#1544 = EDGE_CURVE ( 'NONE', #548, #1448, #646, .T. ) ;
#1545 = PLANE ( 'NONE',  #1365 ) ;
#1546 = DIRECTION ( 'NONE',  ( 0.000000000000000000, 0.000000000000000000, 1.000000000000000000 ) ) ;
#1547 = DIRECTION ( 'NONE',  ( -0.000000000000000000, -0.000000000000000000, 1.000000000000000000 ) ) ;
#1548 = CIRCLE ( 'NONE', #463, 2.100000000000000089 ) ;
#1549 = CARTESIAN_POINT ( 'NONE',  ( -0.3999999999999999667, -3.174999999999999822, 6.138999999999998458 ) ) ;
#1550 = DIRECTION ( 'NONE',  ( 0.000000000000000000, 1.000000000000000000, 0.000000000000000000 ) ) ;
#1551 = AXIS2_PLACEMENT_3D ( 'NONE', #1005, #1542, #390 ) ;
#1552 = B_SPLINE_CURVE_WITH_KNOTS ( 'NONE', 3,
 ( #232, #373, #756, #128 ),
 .UNSPECIFIED., .F., .F.,
 ( 4, 4 ),
 ( 0.002832913685900423535, 0.002935786532568635150 ),
 .UNSPECIFIED. ) ;
#1553 = VERTEX_POINT ( 'NONE', #1252 ) ;
#1554 = AXIS2_PLACEMENT_3D ( 'NONE', #598, #1099, #308 ) ;
#1555 = CARTESIAN_POINT ( 'NONE',  ( -0.2470917478819843194, 2.087439085565598429, 2.187221323398956585 ) ) ;
#1556 = DIRECTION ( 'NONE',  ( 0.000000000000000000, 0.000000000000000000, 1.000000000000000000 ) ) ;
#1557 = EDGE_CURVE ( 'NONE', #457, #663, #480, .T. ) ;
#1558 = DATE_AND_TIME ( #1183, #553 ) ;
#1559 = LINE ( 'NONE', #1324, #844 ) ;
#1560 = AXIS2_PLACEMENT_3D ( 'NONE', #344, #221, #711 ) ;
#1561 = DIRECTION ( 'NONE',  ( 1.000000000000000000, 0.000000000000000000, 0.000000000000000000 ) ) ;
#1562 = ORIENTED_EDGE ( 'NONE', *, *, #897, .F. ) ;
#1563 = LINE ( 'NONE', #299, #44 ) ;
#1564 = CARTESIAN_POINT ( 'NONE',  ( -3.042760935685123916E-16, -0.8890000000000000124, -6.349999999999999645 ) ) ;
#1565 = PLANE ( 'NONE',  #150 ) ;
#1566 = VERTEX_POINT ( 'NONE', #620 ) ;
#1567 = ADVANCED_FACE ( 'NONE', ( #1272 ), #383, .T. ) ;
#1568 = DATE_AND_TIME ( #1588, #825 ) ;
#1569 = LINE ( 'NONE', #433, #474 ) ;
#1570 = EDGE_LOOP ( 'NONE', ( #1280, #36, #1437, #1359, #536, #107 ) ) ;
#1571 = CARTESIAN_POINT ( 'NONE',  ( 0.000000000000000000, 0.000000000000000000, 5.523072258617638397 ) ) ;
#1572 = ORIENTED_EDGE ( 'NONE', *, *, #275, .F. ) ;
#1573 = DIRECTION ( 'NONE',  ( 1.000000000000000000, 0.000000000000000000, 0.000000000000000000 ) ) ;
#1574 = CARTESIAN_POINT ( 'NONE',  ( 0.4871800118523835210, 2.042738830444499332, 2.470636393497685823 ) ) ;
#1575 = CARTESIAN_POINT ( 'NONE',  ( 0.4000000000000001887, -2.061552812808830293, 5.438999999999999169 ) ) ;
#1576 = ORIENTED_EDGE ( 'NONE', *, *, #1234, .F. ) ;
#1577 = APPROVAL_ROLE ( '' ) ;
#1578 = CARTESIAN_POINT ( 'NONE',  ( 0.4000000000000001887, -2.264950330581225746, 5.523072258617638397 ) ) ;
#1579 = ORIENTED_EDGE ( 'NONE', *, *, #1104, .F. ) ;
#1580 = LINE ( 'NONE', #816, #1666 ) ;
#1581 = EDGE_CURVE ( 'NONE', #1244, #39, #1211, .T. ) ;
#1582 = VERTEX_POINT ( 'NONE', #360 ) ;
#1583 = DIRECTION ( 'NONE',  ( 1.000000000000000000, 0.000000000000000000, 0.000000000000000000 ) ) ;
#1584 = AXIS2_PLACEMENT_3D ( 'NONE', #288, #45, #1583 ) ;
#1585 = DIRECTION ( 'NONE',  ( 1.000000000000000000, 0.000000000000000000, -0.000000000000000000 ) ) ;
#1586 = LINE ( 'NONE', #411, #1254 ) ;
#1587 = VERTEX_POINT ( 'NONE', #227 ) ;
#1588 = CALENDAR_DATE ( 2022, 6, 6 ) ;
#1589 = CARTESIAN_POINT ( 'NONE',  ( -0.4980973490458723840, -2.040073290564207831, 2.595422128626172054 ) ) ;
#1590 = ORIENTED_EDGE ( 'NONE', *, *, #300, .F. ) ;
#1591 = DIRECTION ( 'NONE',  ( -1.398970545142585802E-16, -1.000000000000000000, 0.000000000000000000 ) ) ;
#1592 = VERTEX_POINT ( 'NONE', #766 ) ;
#1593 = VECTOR ( 'NONE', #755, 1000.000000000000000 ) ;
#1594 = ORIENTED_EDGE ( 'NONE', *, *, #615, .T. ) ;
#1595 = CARTESIAN_POINT ( 'NONE',  ( -5.200000000000001066, -22.48074015516494129, -6.350000000000000533 ) ) ;
#1596 = VERTEX_POINT ( 'NONE', #1402 ) ;
#1597 = CARTESIAN_POINT ( 'NONE',  ( -2.299999999999999822, 0.000000000000000000, 5.523072258617638397 ) ) ;
#1598 = ORIENTED_EDGE ( 'NONE', *, *, #1544, .T. ) ;
#1599 = EDGE_LOOP ( 'NONE', ( #914, #789, #12, #62, #1020, #17, #1618, #1468, #1482, #358 ) ) ;
#1600 = ADVANCED_FACE ( 'NONE', ( #1281, #884 ), #1545, .T. ) ;
#1601 = ORIENTED_EDGE ( 'NONE', *, *, #287, .T. ) ;
#1602 = CARTESIAN_POINT ( 'NONE',  ( -0.3999999999999999667, -2.264950330581225746, 5.523072258617638397 ) ) ;
#1603 = EDGE_CURVE ( 'NONE', #436, #1078, #638, .T. ) ;
#1604 = ORIENTED_EDGE ( 'NONE', *, *, #758, .F. ) ;
#1605 = CARTESIAN_POINT ( 'NONE',  ( 0.4000000000000001887, 2.232710535457612888, 5.620762745781209269 ) ) ;
#1606 = ORIENTED_EDGE ( 'NONE', *, *, #1615, .F. ) ;
#1607 = ADVANCED_FACE ( 'NONE', ( #508 ), #1159, .T. ) ;
#1608 = ORIENTED_EDGE ( 'NONE', *, *, #151, .F. ) ;
#1609 = VECTOR ( 'NONE', #483, 1000.000000000000000 ) ;
#1610 = VERTEX_POINT ( 'NONE', #905 ) ;
#1611 = CARTESIAN_POINT ( 'NONE',  ( 6.199999999999999289, 1.355252715606880543E-17, -12.55100000000000193 ) ) ;
#1612 = VECTOR ( 'NONE', #927, 1000.000000000000000 ) ;
#1613 = ORIENTED_EDGE ( 'NONE', *, *, #910, .F. ) ;
#1614 = AXIS2_PLACEMENT_3D ( 'NONE', #1218, #1635, #1224 ) ;
#1615 = EDGE_CURVE ( 'NONE', #612, #32, #259, .T. ) ;
#1616 = PLANE ( 'NONE',  #1317 ) ;
#1617 = CARTESIAN_POINT ( 'NONE',  ( 0.4980973490458738828, -2.040073290564207831, 2.595422128626172054 ) ) ;
#1618 = ORIENTED_EDGE ( 'NONE', *, *, #660, .F. ) ;
#1619 = VECTOR ( 'NONE', #1639, 1000.000000000000000 ) ;
#1620 = VECTOR ( 'NONE', #1420, 1000.000000000000000 ) ;
#1621 = CARTESIAN_POINT ( 'NONE',  ( 5.200000000000001066, -0.1999999999999996503, -6.349999999999999645 ) ) ;
#1622 = VERTEX_POINT ( 'NONE', #1289 ) ;
#1623 = DIRECTION ( 'NONE',  ( 0.7071067811865489050, -0.7071067811865461294, 0.000000000000000000 ) ) ;
#1624 = EDGE_CURVE ( 'NONE', #597, #291, #108, .T. ) ;
#1625 = EDGE_CURVE ( 'NONE', #1207, #1400, #1201, .T. ) ;
#1626 = CARTESIAN_POINT ( 'NONE',  ( -3.042760935685123916E-16, -5.460999999999999410, -6.349999999999999645 ) ) ;
#1627 = ORIENTED_EDGE ( 'NONE', *, *, #1095, .F. ) ;
#1628 = LINE ( 'NONE', #1621, #1529 ) ;
#1629 = EDGE_CURVE ( 'NONE', #1480, #1244, #656, .T. ) ;
#1630 = CARTESIAN_POINT ( 'NONE',  ( -0.3999999999999999667, 2.061552812808830293, 5.438999999999999169 ) ) ;
#1631 = CARTESIAN_POINT ( 'NONE',  ( -6.200000000000001954, -0.1999999999999996503, -6.349999999999999645 ) ) ;
#1632 = DIRECTION ( 'NONE',  ( 0.000000000000000000, 0.000000000000000000, 1.000000000000000000 ) ) ;
#1633 = VERTEX_POINT ( 'NONE', #786 ) ;
#1634 = AXIS2_PLACEMENT_3D ( 'NONE', #15, #928, #1585 ) ;
#1635 = DIRECTION ( 'NONE',  ( -0.000000000000000000, -0.000000000000000000, -1.000000000000000000 ) ) ;
#1636 = ORIENTED_EDGE ( 'NONE', *, *, #892, .F. ) ;
#1637 = EDGE_CURVE ( 'NONE', #1480, #1244, #180, .T. ) ;
#1638 = AXIS2_PLACEMENT_3D ( 'NONE', #678, #1399, #913 ) ;
#1639 = DIRECTION ( 'NONE',  ( -0.000000000000000000, 1.000000000000000000, -0.000000000000000000 ) ) ;
#1640 = CIRCLE ( 'NONE', #1554, 2.100000000000001865 ) ;
#1641 = LINE ( 'NONE', #89, #831 ) ;
#1642 = ORIENTED_EDGE ( 'NONE', *, *, #742, .F. ) ;
#1643 = EDGE_CURVE ( 'NONE', #1154, #667, #870, .T. ) ;
#1644 = CARTESIAN_POINT ( 'NONE',  ( -3.042760935685124409E-16, -22.48074015516494129, -6.349999999999999645 ) ) ;
#1645 = CARTESIAN_POINT ( 'NONE',  ( 5.200000000000001954, -22.48074015516494129, -6.349999999999999645 ) ) ;
#1646 = VECTOR ( 'NONE', #981, 1000.000000000000000 ) ;
#1647 = CARTESIAN_POINT ( 'NONE',  ( 1.554966049364602254, 0.000000000000000000, 5.389000000000001123 ) ) ;
#1648 = APPROVAL ( #550, 'UNSPECIFIED' ) ;
#1649 = LINE ( 'NONE', #610, #451 ) ;
#1650 = DIRECTION ( 'NONE',  ( 0.000000000000000000, 0.000000000000000000, 1.000000000000000000 ) ) ;
#1651 = VERTEX_POINT ( 'NONE', #1064 ) ;
#1652 = CARTESIAN_POINT ( 'NONE',  ( -0.3999999999999999667, -1.663442899047753887, 6.138999999999997570 ) ) ;
#1653 = DIRECTION ( 'NONE',  ( -0.000000000000000000, -0.000000000000000000, -1.000000000000000000 ) ) ;
#1654 = CYLINDRICAL_SURFACE ( 'NONE', #1168, 5.200000000000001954 ) ;
#1655 = EDGE_CURVE ( 'NONE', #1078, #682, #1563, .T. ) ;
#1656 = DIRECTION ( 'NONE',  ( -0.000000000000000000, 0.000000000000000000, 1.000000000000000000 ) ) ;
#1657 = ORIENTED_EDGE ( 'NONE', *, *, #1092, .F. ) ;
#1658 = PERSON ( 'UNSPECIFIED', 'UNSPECIFIED', 'UNSPECIFIED', ('UNSPECIFIED'), ('UNSPECIFIED'), ('UNSPECIFIED') ) ;
#1659 = CYLINDRICAL_SURFACE ( 'NONE', #1251, 5.200000000000001954 ) ;
#1660 = ORIENTED_EDGE ( 'NONE', *, *, #1000, .F. ) ;
#1661 = DIRECTION ( 'NONE',  ( 1.000000000000000000, 0.000000000000000000, 0.000000000000000000 ) ) ;
#1662 = CARTESIAN_POINT ( 'NONE',  ( -3.042760935685124409E-16, -0.1999999999999996503, -6.349999999999999645 ) ) ;
#1663 = AXIS2_PLACEMENT_3D ( 'NONE', #472, #988, #1111 ) ;
#1664 = LINE ( 'NONE', #1039, #443 ) ;
#1665 = CARTESIAN_POINT ( 'NONE',  ( 0.000000000000000000, 0.000000000000000000, 0.000000000000000000 ) ) ;
#1666 = VECTOR ( 'NONE', #805, 1000.000000000000000 ) ;
#1667 = ORIENTED_EDGE ( 'NONE', *, *, #1293, .T. ) ;
#1668 = CARTESIAN_POINT ( 'NONE',  ( 0.000000000000000000, 0.000000000000000000, 5.523072258617638397 ) ) ;
#1669 = CARTESIAN_POINT ( 'NONE',  ( 0.000000000000000000, 0.000000000000000000, 0.8890000000000009006 ) ) ;
#1670 = AXIS2_PLACEMENT_3D ( 'NONE', #510, #1275, #618 ) ;
#1671 = DIRECTION ( 'NONE',  ( 0.000000000000000000, 1.000000000000000000, 0.000000000000000000 ) ) ;
#1672 = EDGE_CURVE ( 'NONE', #138, #430, #1147, .T. ) ;
#1673 = ORIENTED_EDGE ( 'NONE', *, *, #1255, .T. ) ;
ENDSEC;
END-ISO-10303-21;
