ISO-10303-21;
HEADER;
FILE_DESCRIPTION (( 'STEP AP203' ),
    '1' );
FILE_NAME ('228-2500-137.step',
    '2022-06-06T19:08:08',
    ( '' ),
    ( '' ),
    'SwSTEP 2.0',
    'SolidWorks 2021',
    '' );
FILE_SCHEMA (( 'CONFIG_CONTROL_DESIGN' ));
ENDSEC;

DATA;
#1 = ORIENTED_EDGE ( 'NONE', *, *, #483, .T. ) ;
#2 = DIRECTION ( 'NONE',  ( -0.7071067811865449082, 0.000000000000000000, 0.7071067811865501263 ) ) ;
#3 = LINE ( 'NONE', #2702, #1154 ) ;
#4 = EDGE_CURVE ( 'NONE', #952, #4742, #5042, .T. ) ;
#5 = AXIS2_PLACEMENT_3D ( 'NONE', #1477, #1064, #5537 ) ;
#6 = LINE ( 'NONE', #820, #4425 ) ;
#7 = DIRECTION ( 'NONE',  ( 0.000000000000000000, 0.000000000000000000, 1.000000000000000000 ) ) ;
#8 = AXIS2_PLACEMENT_3D ( 'NONE', #5618, #4359, #4738 ) ;
#9 = ORIENTED_EDGE ( 'NONE', *, *, #2318, .F. ) ;
#10 = CARTESIAN_POINT ( 'NONE',  ( -32.91256980544238075, -4.174999999999996270, -74.66698539317044947 ) ) ;
#11 = ADVANCED_FACE ( 'NONE', ( #5827 ), #4201, .F. ) ;
#12 = FACE_OUTER_BOUND ( 'NONE', #652, .T. ) ;
#13 = AXIS2_PLACEMENT_3D ( 'NONE', #3177, #3977, #908 ) ;
#14 = DIRECTION ( 'NONE',  ( 0.000000000000000000, 1.000000000000000000, 0.000000000000000000 ) ) ;
#15 = VECTOR ( 'NONE', #2569, 1000.000000000000000 ) ;
#16 = VERTEX_POINT ( 'NONE', #1133 ) ;
#17 = DIRECTION ( 'NONE',  ( 0.000000000000000000, 0.000000000000000000, 1.000000000000000000 ) ) ;
#18 = LINE ( 'NONE', #1386, #5755 ) ;
#19 = VECTOR ( 'NONE', #4277, 1000.000000000000000 ) ;
#20 = CARTESIAN_POINT ( 'NONE',  ( 17.89999999999999858, -50.04532472225498907, -11.15441558772853270 ) ) ;
#21 = CARTESIAN_POINT ( 'NONE',  ( -0.4980973490458723840, -2.040073290564207831, 2.595422128626172054 ) ) ;
#22 = EDGE_LOOP ( 'NONE', ( #718, #2643, #5470, #3395 ) ) ;
#23 = EDGE_LOOP ( 'NONE', ( #2522, #933, #4104, #2835 ) ) ;
#24 = ORIENTED_EDGE ( 'NONE', *, *, #2862, .T. ) ;
#25 = VERTEX_POINT ( 'NONE', #212 ) ;
#26 = CARTESIAN_POINT ( 'NONE',  ( 11.97936842241353439, 1.972483239316684234, 5.138999999999997570 ) ) ;
#27 = LINE ( 'NONE', #109, #1410 ) ;
#28 = EDGE_CURVE ( 'NONE', #312, #5275, #241, .T. ) ;
#29 = CC_DESIGN_APPROVAL ( #176, ( #701 ) ) ;
#30 = VECTOR ( 'NONE', #5668, 1000.000000000000000 ) ;
#31 = FACE_OUTER_BOUND ( 'NONE', #388, .T. ) ;
#32 = EDGE_CURVE ( 'NONE', #1269, #50, #2018, .T. ) ;
#33 = CARTESIAN_POINT ( 'NONE',  ( 17.89999999999999858, -6.199999999999997513, -31.75000000000000000 ) ) ;
#34 = PLANE ( 'NONE',  #855 ) ;
#35 = AXIS2_PLACEMENT_3D ( 'NONE', #238, #4312, #2043 ) ;
#36 = EDGE_CURVE ( 'NONE', #3263, #5453, #1576, .T. ) ;
#37 = ORIENTED_EDGE ( 'NONE', *, *, #5447, .F. ) ;
#38 = CARTESIAN_POINT ( 'NONE',  ( 12.30000000000000071, 1.502637486114517751, 6.138999999999998458 ) ) ;
#39 = LINE ( 'NONE', #2847, #5300 ) ;
#40 = CARTESIAN_POINT ( 'NONE',  ( 0.4000000000000001887, -2.232710535457612888, 5.620762745781209269 ) ) ;
#41 = ORIENTED_EDGE ( 'NONE', *, *, #3474, .F. ) ;
#42 = EDGE_CURVE ( 'NONE', #1764, #5533, #269, .T. ) ;
#43 = EDGE_CURVE ( 'NONE', #230, #2124, #3996, .T. ) ;
#44 = LINE ( 'NONE', #3129, #1511 ) ;
#45 = DIRECTION ( 'NONE',  ( 0.7071067811865452413, 0.000000000000000000, -0.7071067811865499042 ) ) ;
#46 = CARTESIAN_POINT ( 'NONE',  ( 12.69999999999999929, -0.8890000000000000124, -19.05000000000000071 ) ) ;
#47 = CARTESIAN_POINT ( 'NONE',  ( -0.2470723783330709133, -2.087434397081524118, 2.187282604411544096 ) ) ;
#48 = ORIENTED_EDGE ( 'NONE', *, *, #376, .T. ) ;
#49 = ORIENTED_EDGE ( 'NONE', *, *, #3500, .F. ) ;
#50 = VERTEX_POINT ( 'NONE', #2905 ) ;
#51 = ORIENTED_EDGE ( 'NONE', *, *, #1605, .F. ) ;
#52 = LINE ( 'NONE', #5511, #3545 ) ;
#53 = CARTESIAN_POINT ( 'NONE',  ( 33.06256980544236512, -4.175000000000003375, -62.11698539317092127 ) ) ;
#54 = CIRCLE ( 'NONE', #828, 3.174999999999999822 ) ;
#55 = CARTESIAN_POINT ( 'NONE',  ( -2.630594115711841125E-16, -5.460999999999999410, -19.05000000000000071 ) ) ;
#56 = DIRECTION ( 'NONE',  ( -0.000000000000000000, -0.000000000000000000, -1.000000000000000000 ) ) ;
#57 = CARTESIAN_POINT ( 'NONE',  ( 12.69999999999999929, -6.201024999999999565, -19.05000000000000071 ) ) ;
#58 = B_SPLINE_CURVE_WITH_KNOTS ( 'NONE', 3,
 ( #2808, #2755, #4167, #112, #1922, #4638, #3720, #3316, #4553, #5463 ),
 .UNSPECIFIED., .F., .F.,
 ( 4, 2, 2, 2, 4 ),
 ( 0.000000000000000000, 0.0003704147845104410470, 0.0007408295690208820941, 0.001111244353531323087, 0.001481659138041764188 ),
 .UNSPECIFIED. ) ;
#59 = ORIENTED_EDGE ( 'NONE', *, *, #106, .T. ) ;
#60 = CARTESIAN_POINT ( 'NONE',  ( 0.000000000000000000, 0.000000000000000000, 0.8890000000000009006 ) ) ;
#61 = DIRECTION ( 'NONE',  ( -0.000000000000000000, 1.000000000000000000, -0.000000000000000000 ) ) ;
#62 = ADVANCED_FACE ( 'NONE', ( #2517 ), #660, .T. ) ;
#63 = ADVANCED_FACE ( 'NONE', ( #3874 ), #5173, .T. ) ;
#64 = CARTESIAN_POINT ( 'NONE',  ( -5.200000000000000178, -0.1999999999999996503, -1.999999999999998224 ) ) ;
#65 = ORIENTED_EDGE ( 'NONE', *, *, #5347, .F. ) ;
#66 = CIRCLE ( 'NONE', #5165, 2.100000000000000977 ) ;
#67 = CARTESIAN_POINT ( 'NONE',  ( 17.89999999999999147, -50.04532472225498907, -14.24558441227167371 ) ) ;
#68 = DIRECTION ( 'NONE',  ( 0.000000000000000000, 0.000000000000000000, 1.000000000000000000 ) ) ;
#69 = PLANE ( 'NONE',  #1219 ) ;
#70 = VECTOR ( 'NONE', #696, 1000.000000000000227 ) ;
#71 = EDGE_CURVE ( 'NONE', #5451, #643, #1608, .T. ) ;
#72 = DIRECTION ( 'NONE',  ( 1.000000000000000000, 0.000000000000000000, 0.000000000000000000 ) ) ;
#73 = VECTOR ( 'NONE', #1761, 1000.000000000000000 ) ;
#74 = ORIENTED_EDGE ( 'NONE', *, *, #5512, .F. ) ;
#75 = VERTEX_POINT ( 'NONE', #590 ) ;
#76 = CARTESIAN_POINT ( 'NONE',  ( 6.350000000000002309, -0.8890000000000000124, -10.59999999999999787 ) ) ;
#77 = ORIENTED_EDGE ( 'NONE', *, *, #32, .T. ) ;
#78 = VECTOR ( 'NONE', #2646, 1000.000000000000000 ) ;
#79 = ORIENTED_EDGE ( 'NONE', *, *, #2198, .T. ) ;
#80 = DIRECTION ( 'NONE',  ( 1.209468558947973047E-16, 1.000000000000000000, 0.000000000000000000 ) ) ;
#81 = CARTESIAN_POINT ( 'NONE',  ( 12.30000000000000071, -3.174999999999998934, 6.138999999999998458 ) ) ;
#82 = EDGE_CURVE ( 'NONE', #433, #1162, #3954, .T. ) ;
#83 = CIRCLE ( 'NONE', #5460, 2.268258436585967264 ) ;
#84 = DIRECTION ( 'NONE',  ( -1.000000000000000000, 0.000000000000000000, 0.000000000000000000 ) ) ;
#85 = VECTOR ( 'NONE', #3356, 1000.000000000000000 ) ;
#86 = DIRECTION ( 'NONE',  ( 0.000000000000000000, 0.000000000000000000, 1.000000000000000000 ) ) ;
#87 = DIRECTION ( 'NONE',  ( 1.000000000000000000, 0.000000000000000000, 0.000000000000000000 ) ) ;
#88 = CARTESIAN_POINT ( 'NONE',  ( 0.000000000000000000, 0.000000000000000000, 5.620762745781209269 ) ) ;
#89 = ORIENTED_EDGE ( 'NONE', *, *, #2668, .T. ) ;
#90 =( BOUNDED_CURVE ( )  B_SPLINE_CURVE ( 3, ( #1009, #5434, #3750, #4993 ),
 .UNSPECIFIED., .F., .T. ) 
 B_SPLINE_CURVE_WITH_KNOTS ( ( 4, 4 ),
 ( 4.362112093716118189, 4.472917508490046323 ),
 .UNSPECIFIED. ) 
 CURVE ( )  GEOMETRIC_REPRESENTATION_ITEM ( )  RATIONAL_B_SPLINE_CURVE ( ( 1.000000000000000000, 0.9989771083553060649, 0.9989771083553060649, 1.000000000000000000 ) ) 
 REPRESENTATION_ITEM ( '' )  );
#91 = VERTEX_POINT ( 'NONE', #1839 ) ;
#92 = CARTESIAN_POINT ( 'NONE',  ( -6.199999999999862510, -0.1999999999999996503, -26.53137084989835159 ) ) ;
#93 = FACE_BOUND ( 'NONE', #253, .T. ) ;
#94 = CARTESIAN_POINT ( 'NONE',  ( 0.000000000000000000, 0.000000000000000000, 5.523072258617638397 ) ) ;
#95 = CARTESIAN_POINT ( 'NONE',  ( 18.89999999999999858, 1.734723475976807094E-15, -2.000000000000000000 ) ) ;
#96 = VERTEX_POINT ( 'NONE', #5073 ) ;
#97 = VECTOR ( 'NONE', #2155, 1000.000000000000114 ) ;
#98 = CARTESIAN_POINT ( 'NONE',  ( 18.89999999999978542, -0.1999999999999996503, -31.75000000000000000 ) ) ;
#99 = CARTESIAN_POINT ( 'NONE',  ( -5.883583750239766598E-18, -0.8890000000000000124, -21.15000000000000213 ) ) ;
#100 = CARTESIAN_POINT ( 'NONE',  ( -42.91698539317077632, -2.174999999999994493, -64.66256980544233102 ) ) ;
#101 = CARTESIAN_POINT ( 'NONE',  ( 10.59999999999999787, 0.000000000000000000, 5.438999999999999169 ) ) ;
#102 = VERTEX_POINT ( 'NONE', #141 ) ;
#103 = DIRECTION ( 'NONE',  ( 0.000000000000000000, 1.000000000000000000, 0.000000000000000000 ) ) ;
#104 = ORIENTED_EDGE ( 'NONE', *, *, #4660, .F. ) ;
#105 = AXIS2_PLACEMENT_3D ( 'NONE', #5136, #2455, #3778 ) ;
#106 = EDGE_CURVE ( 'NONE', #5285, #3637, #27, .T. ) ;
#107 = ORIENTED_EDGE ( 'NONE', *, *, #4620, .T. ) ;
#108 = DIRECTION ( 'NONE',  ( 0.000000000000000000, 1.000000000000000000, 0.000000000000000000 ) ) ;
#109 = CARTESIAN_POINT ( 'NONE',  ( -49.26698539317067826, -4.174999999999994493, -58.31256980544262802 ) ) ;
#110 = EDGE_CURVE ( 'NONE', #3483, #4549, #2335, .T. ) ;
#111 = EDGE_CURVE ( 'NONE', #3380, #413, #937, .T. ) ;
#112 = CARTESIAN_POINT ( 'NONE',  ( -0.2470917478819843194, 2.087439085565598429, 2.187221323398956585 ) ) ;
#113 = DIRECTION ( 'NONE',  ( 0.000000000000000000, 1.000000000000000000, 0.000000000000000000 ) ) ;
#114 = CARTESIAN_POINT ( 'NONE',  ( 6.349999999999997868, 6.349999999999999645, 0.000000000000000000 ) ) ;
#115 = ORIENTED_EDGE ( 'NONE', *, *, #4885, .F. ) ;
#116 = VECTOR ( 'NONE', #1093, 999.9999999999998863 ) ;
#117 = VERTEX_POINT ( 'NONE', #5107 ) ;
#118 = CARTESIAN_POINT ( 'NONE',  ( 12.30000000000000249, 1.663407726524675834, 6.138999999999999346 ) ) ;
#119 = FACE_OUTER_BOUND ( 'NONE', #3554, .T. ) ;
#120 = PLANE ( 'NONE',  #3524 ) ;
#121 = EDGE_CURVE ( 'NONE', #2510, #5187, #3639, .T. ) ;
#122 = VECTOR ( 'NONE', #3727, 1000.000000000000000 ) ;
#123 = CARTESIAN_POINT ( 'NONE',  ( 12.30000000000000071, -2.254205848354697839, 5.555636450100673862 ) ) ;
#124 = VERTEX_POINT ( 'NONE', #3313 ) ;
#125 = DIRECTION ( 'NONE',  ( -0.000000000000000000, -0.000000000000000000, 1.000000000000000000 ) ) ;
#126 = AXIS2_PLACEMENT_3D ( 'NONE', #4438, #4852, #2610 ) ;
#127 = DIRECTION ( 'NONE',  ( 0.000000000000000000, 1.000000000000000000, 0.000000000000000000 ) ) ;
#128 = CARTESIAN_POINT ( 'NONE',  ( 17.89999999999999858, -2.175000000000003375, -11.15441558772853270 ) ) ;
#129 = PLANE ( 'NONE',  #3666 ) ;
#130 = ORIENTED_EDGE ( 'NONE', *, *, #2396, .T. ) ;
#131 = LINE ( 'NONE', #2860, #2990 ) ;
#132 = VECTOR ( 'NONE', #2955, 1000.000000000000000 ) ;
#133 = VERTEX_POINT ( 'NONE', #5513 ) ;
#134 = ORIENTED_EDGE ( 'NONE', *, *, #4348, .T. ) ;
#135 = DIRECTION ( 'NONE',  ( 0.000000000000000000, 1.000000000000000000, 0.000000000000000000 ) ) ;
#136 = B_SPLINE_CURVE_WITH_KNOTS ( 'NONE', 3,
 ( #5176, #2583, #1135, #5205, #1163, #3819 ),
 .UNSPECIFIED., .F., .F.,
 ( 4, 2, 4 ),
 ( 0.000000000000000000, 0.0004757428370953073232, 0.0009514856741906142128 ),
 .UNSPECIFIED. ) ;
#137 = DIRECTION ( 'NONE',  ( -0.000000000000000000, 1.000000000000000000, -0.000000000000000000 ) ) ;
#138 = VERTEX_POINT ( 'NONE', #2725 ) ;
#139 = EDGE_CURVE ( 'NONE', #5099, #446, #4990, .T. ) ;
#140 = EDGE_CURVE ( 'NONE', #3838, #5600, #3747, .T. ) ;
#141 = CARTESIAN_POINT ( 'NONE',  ( 14.25496604936460265, 0.000000000000000000, 6.138999999999998458 ) ) ;
#142 = DIRECTION ( 'NONE',  ( 0.000000000000000000, 1.000000000000000000, 0.000000000000000000 ) ) ;
#143 = EDGE_CURVE ( 'NONE', #4591, #1187, #5484, .T. ) ;
#144 = EDGE_CURVE ( 'NONE', #1192, #1297, #5454, .T. ) ;
#145 = AXIS2_PLACEMENT_3D ( 'NONE', #5348, #1311, #3113 ) ;
#146 = DIRECTION ( 'NONE',  ( -0.000000000000000000, 1.000000000000000000, -0.000000000000000000 ) ) ;
#147 = EDGE_CURVE ( 'NONE', #3008, #4872, #172, .T. ) ;
#148 = AXIS2_PLACEMENT_3D ( 'NONE', #2683, #859, #2657 ) ;
#149 = DIRECTION ( 'NONE',  ( 0.000000000000000000, -0.000000000000000000, -1.000000000000000000 ) ) ;
#150 = ORIENTED_EDGE ( 'NONE', *, *, #404, .F. ) ;
#151 = CIRCLE ( 'NONE', #3738, 5.199999999999864286 ) ;
#152 = ORIENTED_EDGE ( 'NONE', *, *, #5515, .F. ) ;
#153 = FACE_OUTER_BOUND ( 'NONE', #3323, .T. ) ;
#154 = CARTESIAN_POINT ( 'NONE',  ( 12.69999999999999929, 0.000000000000000000, 5.438999999999999169 ) ) ;
#155 = DIRECTION ( 'NONE',  ( -0.000000000000000000, 1.000000000000000000, -0.000000000000000000 ) ) ;
#156 = EDGE_CURVE ( 'NONE', #3329, #260, #4526, .T. ) ;
#157 = DIRECTION ( 'NONE',  ( -1.000000000000000000, 0.000000000000000000, -0.000000000000000000 ) ) ;
#158 = ORIENTED_EDGE ( 'NONE', *, *, #4730, .F. ) ;
#159 = PLANE ( 'NONE',  #3565 ) ;
#160 = CARTESIAN_POINT ( 'NONE',  ( 17.89999999999999858, -0.1999999999999996503, -11.15441558772853270 ) ) ;
#161 = DIRECTION ( 'NONE',  ( 0.000000000000000000, 0.000000000000000000, 1.000000000000000000 ) ) ;
#162 = DIRECTION ( 'NONE',  ( 0.000000000000000000, 0.000000000000000000, 1.000000000000000000 ) ) ;
#163 = CC_DESIGN_APPROVAL ( #2284, ( #5081 ) ) ;
#164 = ORIENTED_EDGE ( 'NONE', *, *, #2347, .T. ) ;
#165 = CARTESIAN_POINT ( 'NONE',  ( 12.70000000000008633, -6.199999999999997513, -36.94999999999989626 ) ) ;
#166 = VERTEX_POINT ( 'NONE', #5017 ) ;
#167 = ORIENTED_EDGE ( 'NONE', *, *, #1938, .F. ) ;
#168 = CARTESIAN_POINT ( 'NONE',  ( -6.199999999999774580, 6.201000000000002288, -26.53137084989835159 ) ) ;
#169 = CIRCLE ( 'NONE', #2256, 3.175000000000000711 ) ;
#170 = LINE ( 'NONE', #2896, #3719 ) ;
#171 = DIRECTION ( 'NONE',  ( -0.000000000000000000, 1.000000000000000000, 0.000000000000000000 ) ) ;
#172 = CIRCLE ( 'NONE', #460, 2.099999999999999645 ) ;
#173 = ORIENTED_EDGE ( 'NONE', *, *, #2787, .T. ) ;
#174 = VECTOR ( 'NONE', #731, 1000.000000000000000 ) ;
#175 = CARTESIAN_POINT ( 'NONE',  ( -0.3999999999999999667, -2.243459280444427772, 5.588199955838118349 ) ) ;
#176 = APPROVAL ( #2460, 'UNSPECIFIED' ) ;
#177 = CARTESIAN_POINT ( 'NONE',  ( 0.3999999999999999667, 2.061552812808831181, 5.139000000000001123 ) ) ;
#178 = LINE ( 'NONE', #2841, #2919 ) ;
#179 = CARTESIAN_POINT ( 'NONE',  ( -0.3999999999999999667, -2.232710535457612888, 5.620762745781209269 ) ) ;
#180 = VECTOR ( 'NONE', #4288, 1000.000000000000227 ) ;
#181 = VERTEX_POINT ( 'NONE', #3690 ) ;
#182 = EDGE_CURVE ( 'NONE', #4975, #1493, #4888, .T. ) ;
#183 = ORIENTED_EDGE ( 'NONE', *, *, #4089, .F. ) ;
#184 = DIRECTION ( 'NONE',  ( -0.7071067811865451302, 0.000000000000000000, 0.7071067811865499042 ) ) ;
#185 = LINE ( 'NONE', #3413, #1437 ) ;
#186 = FACE_OUTER_BOUND ( 'NONE', #2957, .T. ) ;
#187 = ORIENTED_EDGE ( 'NONE', *, *, #3902, .T. ) ;
#188 = EDGE_CURVE ( 'NONE', #3658, #1081, #1223, .T. ) ;
#189 = LINE ( 'NONE', #2826, #2414 ) ;
#190 = CYLINDRICAL_SURFACE ( 'NONE', #4726, 2.099999999999999645 ) ;
#191 = DIRECTION ( 'NONE',  ( -0.000000000000000000, 1.000000000000000000, -0.000000000000000000 ) ) ;
#192 = DIRECTION ( 'NONE',  ( -0.000000000000000000, 1.000000000000000000, -0.000000000000000000 ) ) ;
#193 = VECTOR ( 'NONE', #1242, 1000.000000000000000 ) ;
#194 = ORIENTED_EDGE ( 'NONE', *, *, #2655, .F. ) ;
#195 = DIRECTION ( 'NONE',  ( -0.000000000000000000, -1.000000000000000000, -0.000000000000000000 ) ) ;
#196 = ORIENTED_EDGE ( 'NONE', *, *, #5395, .T. ) ;
#197 = EDGE_LOOP ( 'NONE', ( #1631, #5553, #4091, #1728 ) ) ;
#198 = VECTOR ( 'NONE', #2854, 1000.000000000000000 ) ;
#199 = DIRECTION ( 'NONE',  ( -0.000000000000000000, -0.000000000000000000, 1.000000000000000000 ) ) ;
#200 = DIRECTION ( 'NONE',  ( 0.000000000000000000, 1.000000000000000000, 0.000000000000000000 ) ) ;
#201 = DIRECTION ( 'NONE',  ( 0.000000000000000000, 0.000000000000000000, 1.000000000000000000 ) ) ;
#202 = EDGE_CURVE ( 'NONE', #472, #5185, #529, .T. ) ;
#203 = CIRCLE ( 'NONE', #1814, 3.175000000000001599 ) ;
#204 = VECTOR ( 'NONE', #1230, 1000.000000000000000 ) ;
#205 = VERTEX_POINT ( 'NONE', #4607 ) ;
#206 = EDGE_CURVE ( 'NONE', #1694, #2979, #3249, .T. ) ;
#207 = VERTEX_POINT ( 'NONE', #1894 ) ;
#208 = FACE_BOUND ( 'NONE', #2834, .T. ) ;
#209 = AXIS2_PLACEMENT_3D ( 'NONE', #2566, #2036, #2954 ) ;
#210 = CARTESIAN_POINT ( 'NONE',  ( 0.000000000000000000, 0.000000000000000000, 0.000000000000000000 ) ) ;
#211 = LINE ( 'NONE', #1575, #1878 ) ;
#212 = CARTESIAN_POINT ( 'NONE',  ( -9.862449003463037502E-14, -0.1999999999999996503, -37.94999999999978257 ) ) ;
#213 = ORIENTED_EDGE ( 'NONE', *, *, #2364, .T. ) ;
#214 = LINE ( 'NONE', #723, #1643 ) ;
#215 = DIRECTION ( 'NONE',  ( 0.000000000000000000, 0.000000000000000000, -1.000000000000000000 ) ) ;
#216 = B_SPLINE_CURVE_WITH_KNOTS ( 'NONE', 3,
 ( #477, #423, #901, #3142, #450, #361, #1314, #3060, #5407, #2200 ),
 .UNSPECIFIED., .F., .F.,
 ( 4, 2, 2, 2, 4 ),
 ( 0.000000000000000000, 0.0003704147845104416433, 0.0007408295690208832867, 0.001111244353531324822, 0.001481659138041766573 ),
 .UNSPECIFIED. ) ;
#217 = DIRECTION ( 'NONE',  ( 0.000000000000000000, 0.000000000000000000, 1.000000000000000000 ) ) ;
#218 = EDGE_CURVE ( 'NONE', #3059, #3135, #1452, .T. ) ;
#219 = ORIENTED_EDGE ( 'NONE', *, *, #2262, .F. ) ;
#220 = DIRECTION ( 'NONE',  ( 0.9961946980917461003, 0.000000000000000000, -0.08715574274765176821 ) ) ;
#221 = CYLINDRICAL_SURFACE ( 'NONE', #1431, 3.175000000000000711 ) ;
#222 = CARTESIAN_POINT ( 'NONE',  ( 0.000000000000000000, 0.000000000000000000, 0.8890000000000009006 ) ) ;
#223 = AXIS2_PLACEMENT_3D ( 'NONE', #3623, #486, #5415 ) ;
#224 = EDGE_CURVE ( 'NONE', #900, #516, #5527, .T. ) ;
#225 = EDGE_CURVE ( 'NONE', #1899, #313, #994, .T. ) ;
#226 = ORIENTED_EDGE ( 'NONE', *, *, #4458, .T. ) ;
#227 = CARTESIAN_POINT ( 'NONE',  ( -5.199999999999832312, -50.04532472225498907, -31.75000000000000000 ) ) ;
#228 = ORIENTED_EDGE ( 'NONE', *, *, #2856, .F. ) ;
#229 = VECTOR ( 'NONE', #5514, 1000.000000000000000 ) ;
#230 = VERTEX_POINT ( 'NONE', #911 ) ;
#231 = CARTESIAN_POINT ( 'NONE',  ( 6.350000000000002309, -4.174999999999999822, -15.87500000000000000 ) ) ;
#232 = CARTESIAN_POINT ( 'NONE',  ( 12.70000000000008633, -50.04532472225498907, -36.94999999999994600 ) ) ;
#233 = DIRECTION ( 'NONE',  ( 0.000000000000000000, 1.000000000000000000, 0.000000000000000000 ) ) ;
#234 = CIRCLE ( 'NONE', #4575, 3.175000000000000711 ) ;
#235 = VERTEX_POINT ( 'NONE', #40 ) ;
#236 = ORIENTED_EDGE ( 'NONE', *, *, #5594, .T. ) ;
#237 = VERTEX_POINT ( 'NONE', #4507 ) ;
#238 = CARTESIAN_POINT ( 'NONE',  ( -5.199999999999832312, -50.04532472225498907, -31.75000000000000000 ) ) ;
#239 = DATE_AND_TIME ( #3347, #3535 ) ;
#240 = DIRECTION ( 'NONE',  ( 1.000000000000000000, 0.000000000000000000, 0.000000000000000000 ) ) ;
#241 = LINE ( 'NONE', #3409, #4048 ) ;
#242 = EDGE_LOOP ( 'NONE', ( #4372, #1031 ) ) ;
#243 = FACE_OUTER_BOUND ( 'NONE', #1850, .T. ) ;
#244 = FACE_OUTER_BOUND ( 'NONE', #1253, .T. ) ;
#245 = FACE_OUTER_BOUND ( 'NONE', #1563, .T. ) ;
#246 = ORIENTED_EDGE ( 'NONE', *, *, #3722, .F. ) ;
#247 = CARTESIAN_POINT ( 'NONE',  ( -6.200000000000001066, -2.174999999999998934, -36.94999999999989626 ) ) ;
#248 = CARTESIAN_POINT ( 'NONE',  ( -2.630594115711841125E-16, -4.174999999999999822, -19.05000000000000071 ) ) ;
#249 = EDGE_CURVE ( 'NONE', #181, #549, #1691, .T. ) ;
#250 = CARTESIAN_POINT ( 'NONE',  ( 17.76862915010142885, -6.200000000000000178, -12.70000000000000284 ) ) ;
#251 = VERTEX_POINT ( 'NONE', #2322 ) ;
#252 = ORIENTED_EDGE ( 'NONE', *, *, #4524, .T. ) ;
#253 = EDGE_LOOP ( 'NONE', ( #4310, #130 ) ) ;
#254 = PLANE ( 'NONE',  #3794 ) ;
#255 = EDGE_CURVE ( 'NONE', #3513, #3357, #4119, .T. ) ;
#256 = CARTESIAN_POINT ( 'NONE',  ( 5.900214239177761313E-15, -5.460999999999999410, -6.350000000000004974 ) ) ;
#257 = DIRECTION ( 'NONE',  ( -0.000000000000000000, 1.000000000000000000, -0.000000000000000000 ) ) ;
#258 = AXIS2_PLACEMENT_3D ( 'NONE', #875, #1816, #3144 ) ;
#259 = ORIENTED_EDGE ( 'NONE', *, *, #1205, .F. ) ;
#260 = VERTEX_POINT ( 'NONE', #64 ) ;
#261 = ORIENTED_EDGE ( 'NONE', *, *, #3374, .T. ) ;
#262 = CIRCLE ( 'NONE', #932, 2.299999999999999822 ) ;
#263 = EDGE_CURVE ( 'NONE', #1899, #5299, #4176, .T. ) ;
#264 = ORIENTED_EDGE ( 'NONE', *, *, #992, .T. ) ;
#265 = CARTESIAN_POINT ( 'NONE',  ( -1.014510943328118249E-13, -50.04532472225498907, -37.94999999999973284 ) ) ;
#266 = DATE_AND_TIME ( #5200, #2251 ) ;
#267 = VECTOR ( 'NONE', #3551, 1000.000000000000000 ) ;
#268 = CARTESIAN_POINT ( 'NONE',  ( 13.09999999999999964, 2.061552812808830293, 5.438999999999999169 ) ) ;
#269 = LINE ( 'NONE', #3817, #3486 ) ;
#270 = CIRCLE ( 'NONE', #5174, 2.100000000000000977 ) ;
#271 = ORIENTED_EDGE ( 'NONE', *, *, #1645, .F. ) ;
#272 = PLANE ( 'NONE',  #2490 ) ;
#273 = CARTESIAN_POINT ( 'NONE',  ( 13.09999999999999964, 2.232710535457612888, 5.620762745781209269 ) ) ;
#274 = VECTOR ( 'NONE', #1445, 1000.000000000000000 ) ;
#275 = LINE ( 'NONE', #3063, #559 ) ;
#276 = EDGE_CURVE ( 'NONE', #565, #2696, #4791, .T. ) ;
#277 = ORIENTED_EDGE ( 'NONE', *, *, #4384, .T. ) ;
#278 = B_SPLINE_CURVE_WITH_KNOTS ( 'NONE', 3,
 ( #3783, #3346, #2901, #4697, #655, #357, #3557, #868, #5778, #2577 ),
 .UNSPECIFIED., .F., .F.,
 ( 4, 2, 2, 2, 4 ),
 ( 0.000000000000000000, 0.0003704147845104402339, 0.0007408295690208804678, 0.001111244353531320702, 0.001481659138041760936 ),
 .UNSPECIFIED. ) ;
#279 = AXIS2_PLACEMENT_3D ( 'NONE', #5328, #2554, #5355 ) ;
#280 = CARTESIAN_POINT ( 'NONE',  ( 2.300000000000003819, 0.000000000000000000, 5.523072258617638397 ) ) ;
#281 = CARTESIAN_POINT ( 'NONE',  ( -2.630594115711841125E-16, -5.460999999999999410, -19.05000000000000071 ) ) ;
#282 = CARTESIAN_POINT ( 'NONE',  ( 12.70000000000000284, -0.8890000000000000124, -3.175000000000003819 ) ) ;
#283 = ORIENTED_EDGE ( 'NONE', *, *, #1532, .F. ) ;
#284 = EDGE_LOOP ( 'NONE', ( #3830, #5677 ) ) ;
#285 = EDGE_CURVE ( 'NONE', #900, #3263, #3849, .T. ) ;
#286 = CARTESIAN_POINT ( 'NONE',  ( 12.69999999999999929, -4.174999999999999822, -19.05000000000000071 ) ) ;
#287 = ORIENTED_EDGE ( 'NONE', *, *, #5147, .T. ) ;
#288 = CARTESIAN_POINT ( 'NONE',  ( -49.26698539317067826, -2.174999999999993605, -58.31256980544262802 ) ) ;
#289 = DIRECTION ( 'NONE',  ( 0.000000000000000000, 1.000000000000000000, 0.000000000000000000 ) ) ;
#290 = LINE ( 'NONE', #1245, #15 ) ;
#291 = EDGE_LOOP ( 'NONE', ( #3809, #3082, #1577, #2654 ) ) ;
#292 = ORIENTED_EDGE ( 'NONE', *, *, #2198, .F. ) ;
#293 = ORIENTED_EDGE ( 'NONE', *, *, #448, .T. ) ;
#294 = ADVANCED_FACE ( 'NONE', ( #1467 ), #1382, .T. ) ;
#295 = AXIS2_PLACEMENT_3D ( 'NONE', #5397, #5422, #2715 ) ;
#296 = EDGE_LOOP ( 'NONE', ( #3981, #736, #912, #3574 ) ) ;
#297 = DIRECTION ( 'NONE',  ( 0.000000000000000000, 0.000000000000000000, 1.000000000000000000 ) ) ;
#298 = CONICAL_SURFACE ( 'NONE', #3515, 2.299999999999999822, 0.3141592653589760364 ) ;
#299 = SHAPE_DEFINITION_REPRESENTATION ( #798, #677 ) ;
#300 = ADVANCED_FACE ( 'NONE', ( #5001 ), #5028, .T. ) ;
#301 = CARTESIAN_POINT ( 'NONE',  ( -5.200000000000000178, -6.199999999999997513, -26.94558441227146872 ) ) ;
#302 = AXIS2_PLACEMENT_3D ( 'NONE', #3939, #4909, #1725 ) ;
#303 = ORIENTED_EDGE ( 'NONE', *, *, #3518, .T. ) ;
#304 = DIRECTION ( 'NONE',  ( 0.7071067811865466846, 0.000000000000000000, 0.7071067811865483499 ) ) ;
#305 = DIRECTION ( 'NONE',  ( 0.000000000000000000, 0.000000000000000000, 1.000000000000000000 ) ) ;
#306 = CARTESIAN_POINT ( 'NONE',  ( -0.3999999999999999667, 2.232710535457612888, 5.620762745781209269 ) ) ;
#307 = LINE ( 'NONE', #2144, #2549 ) ;
#308 = ORIENTED_EDGE ( 'NONE', *, *, #4267, .T. ) ;
#309 = CARTESIAN_POINT ( 'NONE',  ( 49.41698539317075500, -4.175000000000005151, -45.76256980544263087 ) ) ;
#310 = CARTESIAN_POINT ( 'NONE',  ( 0.4000000000000001887, 2.264950330581225302, 5.523072258617638397 ) ) ;
#311 = DIRECTION ( 'NONE',  ( 0.000000000000000000, 0.000000000000000000, 1.000000000000000000 ) ) ;
#312 = VERTEX_POINT ( 'NONE', #5441 ) ;
#313 = VERTEX_POINT ( 'NONE', #95 ) ;
#314 = CARTESIAN_POINT ( 'NONE',  ( 13.09999999999999964, 2.232710535457612888, 5.620762745781209269 ) ) ;
#315 = VERTEX_POINT ( 'NONE', #4151 ) ;
#316 = CIRCLE ( 'NONE', #4181, 2.100000000000000977 ) ;
#317 = CARTESIAN_POINT ( 'NONE',  ( -6.200000000000001066, 6.200000000000000178, -2.000000000000000000 ) ) ;
#318 = CARTESIAN_POINT ( 'NONE',  ( 13.09999999999999964, -3.174999999999998934, 5.139000000000001123 ) ) ;
#319 = CARTESIAN_POINT ( 'NONE',  ( -5.883583750239766598E-18, -5.460999999999999410, -21.15000000000000213 ) ) ;
#320 = PLANE ( 'NONE',  #751 ) ;
#321 = EDGE_LOOP ( 'NONE', ( #1715, #4907, #5119, #2468 ) ) ;
#322 = ORIENTED_EDGE ( 'NONE', *, *, #140, .F. ) ;
#323 = AXIS2_PLACEMENT_3D ( 'NONE', #3225, #1481, #2398 ) ;
#324 = VERTEX_POINT ( 'NONE', #3603 ) ;
#325 = ORIENTED_EDGE ( 'NONE', *, *, #3600, .T. ) ;
#326 = CARTESIAN_POINT ( 'NONE',  ( -0.7206315775864664541, -3.174999999999999822, 5.138999999999997570 ) ) ;
#327 = CIRCLE ( 'NONE', #3165, 3.174999999999999822 ) ;
#328 = EDGE_CURVE ( 'NONE', #4349, #2832, #1905, .T. ) ;
#329 = EDGE_CURVE ( 'NONE', #697, #5585, #1968, .T. ) ;
#330 = CARTESIAN_POINT ( 'NONE',  ( -3.654415587728433223, -2.174999999999996270, -25.39999999999989910 ) ) ;
#331 = ORIENTED_EDGE ( 'NONE', *, *, #3648, .T. ) ;
#332 = ADVANCED_FACE ( 'NONE', ( #5418 ), #3152, .T. ) ;
#333 = LINE ( 'NONE', #1610, #596 ) ;
#334 = EDGE_CURVE ( 'NONE', #1773, #1665, #368, .T. ) ;
#335 = DIRECTION ( 'NONE',  ( -0.000000000000000000, 1.000000000000000000, -0.000000000000000000 ) ) ;
#336 = ADVANCED_FACE ( 'NONE', ( #1825 ), #4974, .T. ) ;
#337 = DIRECTION ( 'NONE',  ( 0.7071067811865452413, -8.552234196640304973E-17, -0.7071067811865499042 ) ) ;
#338 = FACE_OUTER_BOUND ( 'NONE', #1304, .T. ) ;
#339 = EDGE_LOOP ( 'NONE', ( #4971, #683 ) ) ;
#340 = AXIS2_PLACEMENT_3D ( 'NONE', #4388, #1702, #5302 ) ;
#341 = CARTESIAN_POINT ( 'NONE',  ( 6.350000000000000533, -5.460999999999999410, -25.39999999999999858 ) ) ;
#342 = EDGE_CURVE ( 'NONE', #1805, #3329, #4095, .T. ) ;
#343 = DIRECTION ( 'NONE',  ( -0.000000000000000000, 1.000000000000000000, -0.000000000000000000 ) ) ;
#344 = DIRECTION ( 'NONE',  ( -1.084202172485504434E-16, 0.000000000000000000, -1.000000000000000000 ) ) ;
#345 = ORIENTED_EDGE ( 'NONE', *, *, #2253, .T. ) ;
#346 = VERTEX_POINT ( 'NONE', #965 ) ;
#347 = LINE ( 'NONE', #5710, #4243 ) ;
#348 = CARTESIAN_POINT ( 'NONE',  ( -5.200000000000000178, -50.04532472225498907, -1.999999999999998224 ) ) ;
#349 = CARTESIAN_POINT ( 'NONE',  ( -9.862449244826502123E-14, -6.199999999999997513, -37.94999999999973284 ) ) ;
#350 = CARTESIAN_POINT ( 'NONE',  ( -5.200000000000000178, -4.174999999999998046, -11.15441558772853270 ) ) ;
#351 = DIRECTION ( 'NONE',  ( 0.000000000000000000, 0.000000000000000000, 1.000000000000000000 ) ) ;
#352 = VERTEX_POINT ( 'NONE', #2766 ) ;
#353 = ORIENTED_EDGE ( 'NONE', *, *, #3594, .F. ) ;
#354 = EDGE_CURVE ( 'NONE', #2623, #5335, #3762, .T. ) ;
#355 = EDGE_LOOP ( 'NONE', ( #1707, #822 ) ) ;
#356 = EDGE_LOOP ( 'NONE', ( #3613, #2930 ) ) ;
#357 = CARTESIAN_POINT ( 'NONE',  ( 12.82334492033679929, 2.100009524403047223, 2.138959997505217370 ) ) ;
#358 = DIRECTION ( 'NONE',  ( 0.000000000000000000, 0.000000000000000000, 1.000000000000000000 ) ) ;
#359 = VECTOR ( 'NONE', #2956, 1000.000000000000000 ) ;
#360 = ORIENTED_EDGE ( 'NONE', *, *, #4660, .T. ) ;
#361 = CARTESIAN_POINT ( 'NONE',  ( 12.57665507966319929, -2.100009524403047223, 2.138959997505217814 ) ) ;
#362 = AXIS2_PLACEMENT_3D ( 'NONE', #461, #2269, #4066 ) ;
#363 = DIRECTION ( 'NONE',  ( -0.000000000000000000, 1.000000000000000000, -0.000000000000000000 ) ) ;
#364 = VECTOR ( 'NONE', #5400, 1000.000000000000000 ) ;
#365 = DIRECTION ( 'NONE',  ( 0.000000000000000000, 0.000000000000000000, 1.000000000000000000 ) ) ;
#366 = DIRECTION ( 'NONE',  ( 0.000000000000000000, 0.000000000000000000, 1.000000000000000000 ) ) ;
#367 = ORIENTED_EDGE ( 'NONE', *, *, #1921, .T. ) ;
#368 = CIRCLE ( 'NONE', #362, 3.175000000000000266 ) ;
#369 = EDGE_CURVE ( 'NONE', #2667, #3933, #3386, .T. ) ;
#370 = VECTOR ( 'NONE', #2400, 1000.000000000000000 ) ;
#371 = DIRECTION ( 'NONE',  ( 3.484311720645859373E-14, -3.612141836310068301E-30, -1.000000000000000000 ) ) ;
#372 = DIRECTION ( 'NONE',  ( -0.000000000000000000, 1.000000000000000000, -0.000000000000000000 ) ) ;
#373 = AXIS2_PLACEMENT_3D ( 'NONE', #1634, #1751, #4436 ) ;
#374 = CARTESIAN_POINT ( 'NONE',  ( 9.450000000000001066, 9.449999999999999289, 0.000000000000000000 ) ) ;
#375 = ORIENTED_EDGE ( 'NONE', *, *, #3237, .T. ) ;
#376 = EDGE_CURVE ( 'NONE', #2433, #5533, #5359, .T. ) ;
#377 = VECTOR ( 'NONE', #2175, 1000.000000000000000 ) ;
#378 = ORIENTED_EDGE ( 'NONE', *, *, #3306, .F. ) ;
#379 = ADVANCED_FACE ( 'NONE', ( #1934 ), #3327, .T. ) ;
#380 = CARTESIAN_POINT ( 'NONE',  ( 5.900214239177761313E-15, -5.460999999999999410, -6.350000000000004974 ) ) ;
#381 = CARTESIAN_POINT ( 'NONE',  ( -5.200000000000000178, -4.174999999999998046, -1.999999999999998224 ) ) ;
#382 = CARTESIAN_POINT ( 'NONE',  ( 12.30000000000000071, 2.264950330581225746, 5.523072258617638397 ) ) ;
#383 = DIRECTION ( 'NONE',  ( -1.000000000000000000, 0.000000000000000000, 0.000000000000000000 ) ) ;
#384 = DIRECTION ( 'NONE',  ( 0.7071067811865507924, 0.000000000000000000, 0.7071067811865441310 ) ) ;
#385 = ORIENTED_EDGE ( 'NONE', *, *, #1784, .T. ) ;
#386 = ORIENTED_EDGE ( 'NONE', *, *, #5122, .T. ) ;
#387 = ORIENTED_EDGE ( 'NONE', *, *, #2254, .F. ) ;
#388 = EDGE_LOOP ( 'NONE', ( #5162, #1419 ) ) ;
#389 = DIRECTION ( 'NONE',  ( 1.209468558947973047E-16, 1.000000000000000000, 0.000000000000000000 ) ) ;
#390 = EDGE_CURVE ( 'NONE', #4516, #75, #3793, .T. ) ;
#391 = AXIS2_PLACEMENT_3D ( 'NONE', #2407, #155, #5830 ) ;
#392 = DIRECTION ( 'NONE',  ( -0.000000000000000000, -1.000000000000000000, -0.000000000000000000 ) ) ;
#393 = ORIENTED_EDGE ( 'NONE', *, *, #4649, .F. ) ;
#394 = DIRECTION ( 'NONE',  ( 0.000000000000000000, 0.000000000000000000, 1.000000000000000000 ) ) ;
#395 = AXIS2_PLACEMENT_3D ( 'NONE', #4505, #4535, #487 ) ;
#396 = CARTESIAN_POINT ( 'NONE',  ( 12.69999999999999929, 0.000000000000000000, 5.139000000000004675 ) ) ;
#397 = LINE ( 'NONE', #3119, #3956 ) ;
#398 = CYLINDRICAL_SURFACE ( 'NONE', #279, 3.174999999999999822 ) ;
#399 = EDGE_LOOP ( 'NONE', ( #1369, #1341, #760, #4844 ) ) ;
#400 = VECTOR ( 'NONE', #4029, 1000.000000000000000 ) ;
#401 = DIRECTION ( 'NONE',  ( 0.000000000000000000, 0.000000000000000000, 1.000000000000000000 ) ) ;
#402 = LINE ( 'NONE', #4093, #5105 ) ;
#403 = CARTESIAN_POINT ( 'NONE',  ( 0.4000000000000001887, -2.232710535457612888, 5.620762745781209269 ) ) ;
#404 = EDGE_CURVE ( 'NONE', #5567, #2340, #1607, .T. ) ;
#405 = ORIENTED_EDGE ( 'NONE', *, *, #3587, .T. ) ;
#406 = ORIENTED_EDGE ( 'NONE', *, *, #3479, .F. ) ;
#407 = DIRECTION ( 'NONE',  ( 1.398970545142586541E-16, -1.000000000000000000, 0.000000000000000000 ) ) ;
#408 = CARTESIAN_POINT ( 'NONE',  ( 18.89999999999999858, 1.734723475976807094E-15, -2.000000000000000000 ) ) ;
#409 = CARTESIAN_POINT ( 'NONE',  ( -2.630594115711841125E-16, -5.460999999999999410, -31.75000000000000000 ) ) ;
#410 = EDGE_CURVE ( 'NONE', #3020, #1473, #1327, .T. ) ;
#411 = CARTESIAN_POINT ( 'NONE',  ( 6.350000000000000533, -6.201024999999999565, -27.50000000000000000 ) ) ;
#412 = CARTESIAN_POINT ( 'NONE',  ( 12.69999999999999929, 0.000000000000000000, 5.139000000000004675 ) ) ;
#413 = VERTEX_POINT ( 'NONE', #5208 ) ;
#414 = VERTEX_POINT ( 'NONE', #3415 ) ;
#415 = ORIENTED_EDGE ( 'NONE', *, *, #4212, .F. ) ;
#416 = AXIS2_PLACEMENT_3D ( 'NONE', #2283, #3220, #1006 ) ;
#417 = ORIENTED_EDGE ( 'NONE', *, *, #990, .F. ) ;
#418 = FACE_OUTER_BOUND ( 'NONE', #5519, .T. ) ;
#419 = VECTOR ( 'NONE', #762, 1000.000000000000000 ) ;
#420 = CARTESIAN_POINT ( 'NONE',  ( 6.350000000000000533, -0.8890000000000000124, -27.50000000000000000 ) ) ;
#421 = CIRCLE ( 'NONE', #5323, 3.175000000000000711 ) ;
#422 = VERTEX_POINT ( 'NONE', #667 ) ;
#423 = CARTESIAN_POINT ( 'NONE',  ( 13.18717986391388131, -2.042738866564660416, 2.470634702552896744 ) ) ;
#424 = CARTESIAN_POINT ( 'NONE',  ( 4.804415587728428250, -0.1999999999999996503, -36.94999999999988916 ) ) ;
#425 = LINE ( 'NONE', #33, #1308 ) ;
#426 = CARTESIAN_POINT ( 'NONE',  ( 6.349999999999995204, 6.201000000000000512, -36.81862915010142956 ) ) ;
#427 = CIRCLE ( 'NONE', #2680, 2.100000000000000977 ) ;
#428 = ORIENTED_EDGE ( 'NONE', *, *, #1701, .T. ) ;
#429 = PLANE ( 'NONE',  #5320 ) ;
#430 = DIRECTION ( 'NONE',  ( 0.000000000000000000, 0.000000000000000000, 1.000000000000000000 ) ) ;
#431 = CARTESIAN_POINT ( 'NONE',  ( 12.69999999999999929, -6.201024999999999565, -31.75000000000000000 ) ) ;
#432 = VERTEX_POINT ( 'NONE', #1962 ) ;
#433 = VERTEX_POINT ( 'NONE', #2521 ) ;
#434 = ADVANCED_FACE ( 'NONE', ( #186, #5178 ), #4322, .T. ) ;
#435 = DIRECTION ( 'NONE',  ( 1.398970545142586541E-16, -1.000000000000000000, 0.000000000000000000 ) ) ;
#436 = ADVANCED_FACE ( 'NONE', ( #2883 ), #2025, .T. ) ;
#437 = DIRECTION ( 'NONE',  ( -1.000000000000000000, 1.668003342285434445E-16, 0.000000000000000000 ) ) ;
#438 = CARTESIAN_POINT ( 'NONE',  ( 18.89999999999999858, 6.200000000000000178, -2.000000000000000000 ) ) ;
#439 = LINE ( 'NONE', #4488, #4696 ) ;
#440 = FACE_OUTER_BOUND ( 'NONE', #1677, .T. ) ;
#441 = CIRCLE ( 'NONE', #2142, 3.174999999999999822 ) ;
#442 = ORIENTED_EDGE ( 'NONE', *, *, #2581, .F. ) ;
#443 = ORIENTED_EDGE ( 'NONE', *, *, #369, .T. ) ;
#444 = ORIENTED_EDGE ( 'NONE', *, *, #1349, .T. ) ;
#445 = ADVANCED_FACE ( 'NONE', ( #245 ), #5146, .T. ) ;
#446 = VERTEX_POINT ( 'NONE', #2467 ) ;
#447 = PLANE ( 'NONE',  #1372 ) ;
#448 = EDGE_CURVE ( 'NONE', #4207, #1305, #1512, .T. ) ;
#449 = ORIENTED_EDGE ( 'NONE', *, *, #3016, .F. ) ;
#450 = CARTESIAN_POINT ( 'NONE',  ( 12.82366902150107890, -2.099990463092004322, 2.139040055015564601 ) ) ;
#451 = CARTESIAN_POINT ( 'NONE',  ( -5.068629150101425118, 6.201000000000001400, -12.70000000000000639 ) ) ;
#452 = CARTESIAN_POINT ( 'NONE',  ( -1.014510943328118249E-13, -50.04532472225498907, -36.94999999999989626 ) ) ;
#453 = LINE ( 'NONE', #426, #5549 ) ;
#454 = VECTOR ( 'NONE', #5564, 1000.000000000000000 ) ;
#455 = ORIENTED_EDGE ( 'NONE', *, *, #5664, .T. ) ;
#456 = CARTESIAN_POINT ( 'NONE',  ( 0.3999999999999999667, -2.061552812808830293, 5.139000000000001123 ) ) ;
#457 = CYLINDRICAL_SURFACE ( 'NONE', #784, 2.100000000000000977 ) ;
#458 = DIRECTION ( 'NONE',  ( 0.000000000000000000, 0.000000000000000000, 1.000000000000000000 ) ) ;
#459 = VECTOR ( 'NONE', #3453, 1000.000000000000000 ) ;
#460 = AXIS2_PLACEMENT_3D ( 'NONE', #1008, #5542, #1399 ) ;
#461 = CARTESIAN_POINT ( 'NONE',  ( -2.630594115711841125E-16, -2.174999999999999822, -31.75000000000000000 ) ) ;
#462 = ORIENTED_EDGE ( 'NONE', *, *, #1821, .T. ) ;
#463 = EDGE_LOOP ( 'NONE', ( #5318, #3916 ) ) ;
#464 = DIRECTION ( 'NONE',  ( -0.000000000000000000, 1.000000000000000000, -0.000000000000000000 ) ) ;
#465 = DIRECTION ( 'NONE',  ( -0.000000000000000000, 1.000000000000000000, -0.000000000000000000 ) ) ;
#466 = VECTOR ( 'NONE', #365, 1000.000000000000000 ) ;
#467 = CARTESIAN_POINT ( 'NONE',  ( 17.89999999999999858, -50.04532472225498907, -11.15441558772853270 ) ) ;
#468 = CARTESIAN_POINT ( 'NONE',  ( 0.000000000000000000, 0.000000000000000000, 0.000000000000000000 ) ) ;
#469 = VERTEX_POINT ( 'NONE', #1580 ) ;
#470 = CC_DESIGN_DATE_AND_TIME_ASSIGNMENT ( #5257, #5227, ( #701 ) ) ;
#471 = ORIENTED_EDGE ( 'NONE', *, *, #4461, .T. ) ;
#472 = VERTEX_POINT ( 'NONE', #2972 ) ;
#473 = EDGE_LOOP ( 'NONE', ( #988, #4045, #2343, #4365, #3050, #226, #1834, #308, #553, #1153, #4474, #4813 ) ) ;
#474 = PLANE ( 'NONE',  #416 ) ;
#475 = EDGE_CURVE ( 'NONE', #4842, #2773, #3673, .T. ) ;
#476 = CARTESIAN_POINT ( 'NONE',  ( 12.69999999999999929, -0.8890000000000000124, -19.05000000000000071 ) ) ;
#477 = CARTESIAN_POINT ( 'NONE',  ( 13.19809734904587195, -2.040073290564207831, 2.595422128626172054 ) ) ;
#478 = CARTESIAN_POINT ( 'NONE',  ( 13.10000000000000142, 0.000000000000000000, 6.138999999999998458 ) ) ;
#479 = ADVANCED_FACE ( 'NONE', ( #1138, #2943 ), #1492, .T. ) ;
#480 = EDGE_CURVE ( 'NONE', #629, #5651, #602, .T. ) ;
#481 = AXIS2_PLACEMENT_3D ( 'NONE', #5101, #199, #5482 ) ;
#482 = CARTESIAN_POINT ( 'NONE',  ( 43.06698539317081753, -4.175000000000004263, -52.11256980544232675 ) ) ;
#483 = EDGE_CURVE ( 'NONE', #3459, #3187, #4678, .T. ) ;
#484 = LINE ( 'NONE', #1868, #3298 ) ;
#485 = ORIENTED_EDGE ( 'NONE', *, *, #959, .F. ) ;
#486 = DIRECTION ( 'NONE',  ( 0.000000000000000000, 0.000000000000000000, 1.000000000000000000 ) ) ;
#487 = DIRECTION ( 'NONE',  ( 0.000000000000000000, 0.000000000000000000, 1.000000000000000000 ) ) ;
#488 = AXIS2_PLACEMENT_3D ( 'NONE', #2206, #3094, #3624 ) ;
#489 = DIRECTION ( 'NONE',  ( 0.7071067811865466846, 0.000000000000000000, -0.7071067811865483499 ) ) ;
#490 = EDGE_LOOP ( 'NONE', ( #3963, #1069, #920, #2816 ) ) ;
#491 = CARTESIAN_POINT ( 'NONE',  ( -2.630594115711841125E-16, -2.174999999999999822, -19.05000000000000071 ) ) ;
#492 = PLANE ( 'NONE',  #4444 ) ;
#493 = VECTOR ( 'NONE', #4646, 1000.000000000000000 ) ;
#494 = CARTESIAN_POINT ( 'NONE',  ( 6.350000000000000533, -2.175000000000000711, -28.57499999999999929 ) ) ;
#495 = EDGE_CURVE ( 'NONE', #324, #4067, #307, .T. ) ;
#496 = CARTESIAN_POINT ( 'NONE',  ( -5.199999999999993072, -50.04532472225498907, -14.24558441227167371 ) ) ;
#497 = ORIENTED_EDGE ( 'NONE', *, *, #5231, .F. ) ;
#498 = ORIENTED_EDGE ( 'NONE', *, *, #2389, .T. ) ;
#499 = ORIENTED_EDGE ( 'NONE', *, *, #787, .T. ) ;
#500 = ORIENTED_EDGE ( 'NONE', *, *, #2687, .F. ) ;
#501 = LINE ( 'NONE', #3340, #3239 ) ;
#502 = CARTESIAN_POINT ( 'NONE',  ( 6.350000000000000533, -0.8890000000000000124, -25.39999999999999858 ) ) ;
#503 = EDGE_CURVE ( 'NONE', #1533, #5012, #275, .T. ) ;
#504 = DIRECTION ( 'NONE',  ( 1.000000000000000000, -1.365923996832131363E-16, 0.000000000000000000 ) ) ;
#505 = ADVANCED_FACE ( 'NONE', ( #5298 ), #2203, .T. ) ;
#506 = VECTOR ( 'NONE', #1407, 1000.000000000000000 ) ;
#507 = CARTESIAN_POINT ( 'NONE',  ( 0.000000000000000000, 0.000000000000000000, 5.139000000000004675 ) ) ;
#508 = CARTESIAN_POINT ( 'NONE',  ( -3.654415587728433223, -4.174999999999998046, -25.39999999999989910 ) ) ;
#509 = AXIS2_PLACEMENT_3D ( 'NONE', #3086, #3970, #3169 ) ;
#510 = EDGE_CURVE ( 'NONE', #2249, #50, #4911, .T. ) ;
#511 = VERTEX_POINT ( 'NONE', #849 ) ;
#512 = CARTESIAN_POINT ( 'NONE',  ( -6.200000000000093436, -4.174999999999998934, -36.94999999999991047 ) ) ;
#513 = DIRECTION ( 'NONE',  ( 1.209468558947973047E-16, 1.000000000000000000, 0.000000000000000000 ) ) ;
#514 = CIRCLE ( 'NONE', #3351, 2.299999999999999822 ) ;
#515 = CARTESIAN_POINT ( 'NONE',  ( 12.30000000000000071, -2.264950330581225746, 5.523072258617638397 ) ) ;
#516 = VERTEX_POINT ( 'NONE', #3915 ) ;
#517 = EDGE_CURVE ( 'NONE', #5791, #3256, #3863, .T. ) ;
#518 = CARTESIAN_POINT ( 'NONE',  ( -0.3999999999999999667, -2.197165962000668493, 5.495012552331536071 ) ) ;
#519 = CARTESIAN_POINT ( 'NONE',  ( -6.199999999999774580, 6.201000000000002288, -11.56862915010164983 ) ) ;
#520 = CARTESIAN_POINT ( 'NONE',  ( 1.257659471581004217E-16, -5.460999999999999410, -22.22500000000000142 ) ) ;
#521 = CARTESIAN_POINT ( 'NONE',  ( 0.000000000000000000, 0.000000000000000000, 5.620762745781209269 ) ) ;
#522 = ORIENTED_EDGE ( 'NONE', *, *, #1390, .T. ) ;
#523 = VERTEX_POINT ( 'NONE', #821 ) ;
#524 = CARTESIAN_POINT ( 'NONE',  ( 18.89999999999976055, -0.1999999999999996503, -24.26862915010165977 ) ) ;
#525 = ORIENTED_EDGE ( 'NONE', *, *, #3326, .F. ) ;
#526 = ORIENTED_EDGE ( 'NONE', *, *, #4776, .F. ) ;
#527 = CARTESIAN_POINT ( 'NONE',  ( 2.978334981051645070, 6.200000000000000178, -2.000000000000001776 ) ) ;
#528 = ADVANCED_FACE ( 'NONE', ( #3444, #4441 ), #4855, .T. ) ;
#529 = LINE ( 'NONE', #981, #2341 ) ;
#530 = B_SPLINE_CURVE_WITH_KNOTS ( 'NONE', 3,
 ( #3099, #5363, #941, #2741 ),
 .UNSPECIFIED., .F., .F.,
 ( 4, 4 ),
 ( 0.003655977453372196047, 0.003758849537120531516 ),
 .UNSPECIFIED. ) ;
#531 = LINE ( 'NONE', #622, #229 ) ;
#532 = DIRECTION ( 'NONE',  ( 0.000000000000000000, 0.000000000000000000, 1.000000000000000000 ) ) ;
#533 = CARTESIAN_POINT ( 'NONE',  ( 17.89999999999999858, -50.04532472225498907, -11.15441558772853270 ) ) ;
#534 = ORIENTED_EDGE ( 'NONE', *, *, #2842, .F. ) ;
#535 = DIRECTION ( 'NONE',  ( -0.7071067811865453523, 0.000000000000000000, 0.7071067811865496822 ) ) ;
#536 = FACE_BOUND ( 'NONE', #611, .T. ) ;
#537 = CARTESIAN_POINT ( 'NONE',  ( 6.350000000000002309, -0.8890000000000000124, -15.87500000000000000 ) ) ;
#538 = CARTESIAN_POINT ( 'NONE',  ( 12.69999999999999929, 0.000000000000000000, 0.000000000000000000 ) ) ;
#539 = EDGE_CURVE ( 'NONE', #5330, #1003, #2243, .T. ) ;
#540 = EDGE_LOOP ( 'NONE', ( #1549, #4840 ) ) ;
#541 = AXIS2_PLACEMENT_3D ( 'NONE', #2472, #4213, #998 ) ;
#542 = CARTESIAN_POINT ( 'NONE',  ( 5.218629150101681269, 6.201000000000001400, -37.94999999999973284 ) ) ;
#543 = DIRECTION ( 'NONE',  ( -0.000000000000000000, 1.000000000000000000, -0.000000000000000000 ) ) ;
#544 = DIRECTION ( 'NONE',  ( 0.000000000000000000, 1.000000000000000000, 0.000000000000000000 ) ) ;
#545 = AXIS2_PLACEMENT_3D ( 'NONE', #3718, #1861, #1510 ) ;
#546 = CARTESIAN_POINT ( 'NONE',  ( -0.1233449203368002373, -2.100009524403047223, 2.138959997505216926 ) ) ;
#547 = CIRCLE ( 'NONE', #1226, 3.175000000000000711 ) ;
#548 = ADVANCED_FACE ( 'NONE', ( #338 ), #398, .T. ) ;
#549 = VERTEX_POINT ( 'NONE', #2616 ) ;
#550 = EDGE_CURVE ( 'NONE', #879, #414, #3596, .T. ) ;
#551 = CARTESIAN_POINT ( 'NONE',  ( -2.630594115711841125E-16, -2.174999999999999822, -31.75000000000000000 ) ) ;
#552 = AXIS2_PLACEMENT_3D ( 'NONE', #5278, #2532, #4669 ) ;
#553 = ORIENTED_EDGE ( 'NONE', *, *, #2395, .T. ) ;
#554 = VERTEX_POINT ( 'NONE', #1699 ) ;
#555 = DIRECTION ( 'NONE',  ( 0.000000000000000000, -1.000000000000000000, 0.000000000000000000 ) ) ;
#556 = DIRECTION ( 'NONE',  ( 0.000000000000000000, 0.000000000000000000, 1.000000000000000000 ) ) ;
#557 = AXIS2_PLACEMENT_3D ( 'NONE', #88, #5383, #1347 ) ;
#558 = DIRECTION ( 'NONE',  ( 0.7071067811865496822, -8.451223556522561397E-17, 0.7071067811865453523 ) ) ;
#559 = VECTOR ( 'NONE', #4881, 1000.000000000000000 ) ;
#560 = EDGE_CURVE ( 'NONE', #1156, #895, #1319, .T. ) ;
#561 = DIRECTION ( 'NONE',  ( 1.209468558947973047E-16, 1.000000000000000000, 0.000000000000000000 ) ) ;
#562 = CARTESIAN_POINT ( 'NONE',  ( 12.69999999999999929, -5.460999999999999410, -31.75000000000000000 ) ) ;
#563 = CARTESIAN_POINT ( 'NONE',  ( -2.630594115711841125E-16, -0.8890000000000000124, -19.05000000000000071 ) ) ;
#564 = ADVANCED_FACE ( 'NONE', ( #5701 ), #876, .T. ) ;
#565 = VERTEX_POINT ( 'NONE', #1727 ) ;
#566 = ORIENTED_EDGE ( 'NONE', *, *, #3258, .F. ) ;
#567 = CARTESIAN_POINT ( 'NONE',  ( 17.89999999999999858, -50.04532472225498907, -31.75000000000000000 ) ) ;
#568 = FACE_OUTER_BOUND ( 'NONE', #2058, .T. ) ;
#569 = FACE_OUTER_BOUND ( 'NONE', #5749, .T. ) ;
#570 = CARTESIAN_POINT ( 'NONE',  ( -2.099872945368625121, 0.000000000000000000, 6.138999999999998458 ) ) ;
#571 = ORIENTED_EDGE ( 'NONE', *, *, #5457, .F. ) ;
#572 = TOROIDAL_SURFACE ( 'NONE', #5007, 1.554966049364602254, 0.7500000000000000000 ) ;
#573 = LINE ( 'NONE', #2325, #1572 ) ;
#574 = DIRECTION ( 'NONE',  ( -0.000000000000000000, 1.000000000000000000, -0.000000000000000000 ) ) ;
#575 = ADVANCED_FACE ( 'NONE', ( #3471 ), #3534, .T. ) ;
#576 = CARTESIAN_POINT ( 'NONE',  ( -0.4980973490458723840, -2.040073290564207831, 2.595422128626172054 ) ) ;
#577 = CIRCLE ( 'NONE', #1348, 3.175000000000000711 ) ;
#578 = DIRECTION ( 'NONE',  ( 0.000000000000000000, 0.000000000000000000, 1.000000000000000000 ) ) ;
#579 = EDGE_LOOP ( 'NONE', ( #4311, #5596, #748, #1916 ) ) ;
#580 = DIRECTION ( 'NONE',  ( -0.000000000000000000, -0.000000000000000000, 1.000000000000000000 ) ) ;
#581 = ORIENTED_EDGE ( 'NONE', *, *, #1285, .F. ) ;
#582 = CIRCLE ( 'NONE', #3517, 3.175000000000000711 ) ;
#583 = ADVANCED_FACE ( 'NONE', ( #2113 ), #5266, .F. ) ;
#584 = EDGE_CURVE ( 'NONE', #2979, #3522, #1884, .T. ) ;
#585 = ORIENTED_EDGE ( 'NONE', *, *, #1676, .T. ) ;
#586 = CARTESIAN_POINT ( 'NONE',  ( 6.350000000000000533, -0.8890000000000000124, -25.39999999999999858 ) ) ;
#587 = ADVANCED_FACE ( 'NONE', ( #931 ), #5411, .T. ) ;
#588 = DIRECTION ( 'NONE',  ( -1.000000000000000000, 0.000000000000000000, -0.000000000000000000 ) ) ;
#589 = ORIENTED_EDGE ( 'NONE', *, *, #5730, .F. ) ;
#590 = CARTESIAN_POINT ( 'NONE',  ( 17.89999999999999147, -0.1999999999999996503, -23.85441558772832948 ) ) ;
#591 = ADVANCED_FACE ( 'NONE', ( #1459, #5048 ), #3254, .T. ) ;
#592 = PLANE ( 'NONE',  #1460 ) ;
#593 = CARTESIAN_POINT ( 'NONE',  ( 12.69999999999999929, 0.000000000000000000, 5.523072258617638397 ) ) ;
#594 = CARTESIAN_POINT ( 'NONE',  ( -6.199999999999999289, -6.200000000000000178, -2.000000000000000000 ) ) ;
#595 = ORIENTED_EDGE ( 'NONE', *, *, #2181, .F. ) ;
#596 = VECTOR ( 'NONE', #2140, 1000.000000000000000 ) ;
#597 = ORIENTED_EDGE ( 'NONE', *, *, #1581, .T. ) ;
#598 = CARTESIAN_POINT ( 'NONE',  ( 6.350000000000002309, -2.175000000000000711, -12.69999999999999929 ) ) ;
#599 = FACE_BOUND ( 'NONE', #3635, .T. ) ;
#600 = CYLINDRICAL_SURFACE ( 'NONE', #5751, 3.174999999999997158 ) ;
#601 = CIRCLE ( 'NONE', #4659, 3.175000000000000711 ) ;
#602 = LINE ( 'NONE', #2408, #3120 ) ;
#603 = EDGE_LOOP ( 'NONE', ( #5737, #1912, #3461, #4777 ) ) ;
#604 = DIRECTION ( 'NONE',  ( 0.000000000000000000, -1.000000000000000000, 0.000000000000000000 ) ) ;
#605 = AXIS2_PLACEMENT_3D ( 'NONE', #5289, #3056, #4495 ) ;
#606 = CARTESIAN_POINT ( 'NONE',  ( -5.199999999999866063, -2.174999999999996270, -31.75000000000000000 ) ) ;
#607 = CARTESIAN_POINT ( 'NONE',  ( 14.96825843658596611, 0.000000000000000000, 5.620762745781209269 ) ) ;
#608 = LINE ( 'NONE', #2001, #2069 ) ;
#609 = VERTEX_POINT ( 'NONE', #4532 ) ;
#610 = FACE_OUTER_BOUND ( 'NONE', #5492, .T. ) ;
#611 = EDGE_LOOP ( 'NONE', ( #2476, #4218 ) ) ;
#612 = EDGE_CURVE ( 'NONE', #2247, #5224, #453, .T. ) ;
#613 = ORIENTED_EDGE ( 'NONE', *, *, #3571, .T. ) ;
#614 = DIRECTION ( 'NONE',  ( -0.000000000000000000, -0.000000000000000000, -1.000000000000000000 ) ) ;
#615 = DIRECTION ( 'NONE',  ( 0.000000000000000000, 0.000000000000000000, 1.000000000000000000 ) ) ;
#616 = DIRECTION ( 'NONE',  ( 0.000000000000000000, 0.000000000000000000, 1.000000000000000000 ) ) ;
#617 = ORIENTED_EDGE ( 'NONE', *, *, #3089, .T. ) ;
#618 = ORIENTED_EDGE ( 'NONE', *, *, #3757, .F. ) ;
#619 = EDGE_CURVE ( 'NONE', #3085, #1305, #4557, .T. ) ;
#620 = AXIS2_PLACEMENT_3D ( 'NONE', #341, #5646, #3475 ) ;
#621 = DIRECTION ( 'NONE',  ( 0.000000000000000000, 0.000000000000000000, 1.000000000000000000 ) ) ;
#622 = CARTESIAN_POINT ( 'NONE',  ( -6.200000000000001066, 6.200000000000000178, -2.000000000000000000 ) ) ;
#623 = CIRCLE ( 'NONE', #4680, 2.100000000000000977 ) ;
#624 = CARTESIAN_POINT ( 'NONE',  ( -2.630594115711841125E-16, -0.1999999999999996503, -31.75000000000000000 ) ) ;
#625 = EDGE_CURVE ( 'NONE', #3829, #5803, #1127, .T. ) ;
#626 = AXIS2_PLACEMENT_3D ( 'NONE', #4178, #5590, #3330 ) ;
#627 = DIRECTION ( 'NONE',  ( -0.7071067811865489050, 0.000000000000000000, 0.7071067811865462405 ) ) ;
#628 = ORIENTED_EDGE ( 'NONE', *, *, #4268, .T. ) ;
#629 = VERTEX_POINT ( 'NONE', #2761 ) ;
#630 = CARTESIAN_POINT ( 'NONE',  ( 7.895584412271571928, -6.199999999999997513, -36.94999999999989626 ) ) ;
#631 = LINE ( 'NONE', #4174, #3043 ) ;
#632 = DESIGN_CONTEXT ( 'detailed design', #3284, 'design' ) ;
#633 = CARTESIAN_POINT ( 'NONE',  ( -6.199999999999999289, -6.200000000000000178, -2.000000000000000000 ) ) ;
#634 = EDGE_LOOP ( 'NONE', ( #5438, #2884, #893, #5550, #3307, #1270 ) ) ;
#635 = DIRECTION ( 'NONE',  ( 0.000000000000000000, 1.000000000000000000, 0.000000000000000000 ) ) ;
#636 = LINE ( 'NONE', #1556, #3511 ) ;
#637 = ADVANCED_FACE ( 'NONE', ( #1788 ), #4939, .F. ) ;
#638 = CARTESIAN_POINT ( 'NONE',  ( 13.09999999999999964, 2.264950330581225746, 5.523072258617638397 ) ) ;
#639 = LINE ( 'NONE', #2385, #1876 ) ;
#641 = VERTEX_POINT ( 'NONE', #4144 ) ;
#640 = VECTOR ( 'NONE', #2327, 1000.000000000000000 ) ;
#642 = DIRECTION ( 'NONE',  ( 1.000000000000000000, 0.000000000000000000, -8.260587980841934638E-15 ) ) ;
#643 = VERTEX_POINT ( 'NONE', #508 ) ;
#644 = ORIENTED_EDGE ( 'NONE', *, *, #2902, .F. ) ;
#645 = CARTESIAN_POINT ( 'NONE',  ( 11.97936842241353439, -3.174999999999998934, 5.138999999999997570 ) ) ;
#646 = CIRCLE ( 'NONE', #3948, 2.268258436585968152 ) ;
#647 = CARTESIAN_POINT ( 'NONE',  ( 13.10000000000000142, 1.820969194338324382, 6.090132639966193473 ) ) ;
#648 = DIRECTION ( 'NONE',  ( 1.000000000000000000, 0.000000000000000000, -0.000000000000000000 ) ) ;
#649 = AXIS2_PLACEMENT_3D ( 'NONE', #4223, #2123, #3073 ) ;
#650 = AXIS2_PLACEMENT_3D ( 'NONE', #3674, #2821, #3233 ) ;
#651 = EDGE_CURVE ( 'NONE', #837, #235, #2268, .T. ) ;
#652 = EDGE_LOOP ( 'NONE', ( #4802, #3021, #3234, #4615 ) ) ;
#653 = VECTOR ( 'NONE', #2829, 1000.000000000000000 ) ;
#654 = ORIENTED_EDGE ( 'NONE', *, *, #4555, .T. ) ;
#655 = CARTESIAN_POINT ( 'NONE',  ( 12.57633097849892323, 2.099990463092004322, 2.139040055015564601 ) ) ;
#656 = EDGE_CURVE ( 'NONE', #4202, #4942, #4801, .T. ) ;
#657 = MECHANICAL_CONTEXT ( 'NONE', #2083, 'mechanical' ) ;
#658 = FACE_OUTER_BOUND ( 'NONE', #4171, .T. ) ;
#659 = AXIS2_PLACEMENT_3D ( 'NONE', #2516, #1693, #358 ) ;
#660 = PLANE ( 'NONE',  #1499 ) ;
#661 = ORIENTED_EDGE ( 'NONE', *, *, #1170, .F. ) ;
#662 = ADVANCED_FACE ( 'NONE', ( #1404 ), #3229, .T. ) ;
#663 = DIRECTION ( 'NONE',  ( -0.000000000000000000, -0.000000000000000000, -1.000000000000000000 ) ) ;
#664 = EDGE_CURVE ( 'NONE', #414, #879, #4429, .T. ) ;
#665 = CIRCLE ( 'NONE', #649, 3.174999999999999822 ) ;
#666 = CARTESIAN_POINT ( 'NONE',  ( -5.068629150101426006, -0.1999999999999996503, -25.39999999999999503 ) ) ;
#667 = CARTESIAN_POINT ( 'NONE',  ( -3.654415587728433223, -0.1999999999999996503, -25.39999999999989910 ) ) ;
#668 = ORIENTED_EDGE ( 'NONE', *, *, #2698, .T. ) ;
#669 = DIRECTION ( 'NONE',  ( 0.7071067811865466846, -8.552234196640324694E-17, -0.7071067811865483499 ) ) ;
#670 = DIRECTION ( 'NONE',  ( 6.067067617147292200E-32, -4.336808689942018229E-16, 1.000000000000000000 ) ) ;
#671 = LINE ( 'NONE', #100, #5722 ) ;
#672 = CARTESIAN_POINT ( 'NONE',  ( -0.3999999999999999667, 1.502637486114517751, 6.138999999999998458 ) ) ;
#673 = CIRCLE ( 'NONE', #5003, 3.175000000000000711 ) ;
#674 = ORIENTED_EDGE ( 'NONE', *, *, #990, .T. ) ;
#675 = CARTESIAN_POINT ( 'NONE',  ( 12.69999999999999929, 0.000000000000000000, 5.139000000000004675 ) ) ;
#676 = ORIENTED_EDGE ( 'NONE', *, *, #4874, .T. ) ;
#677 = ADVANCED_BREP_SHAPE_REPRESENTATION ( '228-2500-137', ( #3219, #3748 ), #2723 ) ;
#678 = ORIENTED_EDGE ( 'NONE', *, *, #3223, .T. ) ;
#679 = VECTOR ( 'NONE', #1025, 1000.000000000000000 ) ;
#680 = DIRECTION ( 'NONE',  ( 1.000000000000000000, 0.000000000000000000, 0.000000000000000000 ) ) ;
#681 = CARTESIAN_POINT ( 'NONE',  ( -0.3999999999999999667, -3.174999999999999822, 5.139000000000001123 ) ) ;
#682 = CARTESIAN_POINT ( 'NONE',  ( 0.4000000000000000222, -2.197165961088449748, 5.495012551953919022 ) ) ;
#683 = ORIENTED_EDGE ( 'NONE', *, *, #4233, .T. ) ;
#684 = VECTOR ( 'NONE', #5814, 1000.000000000000000 ) ;
#685 = EDGE_LOOP ( 'NONE', ( #3585, #3128, #4283, #3887 ) ) ;
#686 = ORIENTED_EDGE ( 'NONE', *, *, #5138, .T. ) ;
#687 = CARTESIAN_POINT ( 'NONE',  ( 12.69999999999999929, -2.175000000000001599, -15.87500000000000000 ) ) ;
#688 = PERSON_AND_ORGANIZATION ( #1732, #5532 ) ;
#689 = DIRECTION ( 'NONE',  ( 0.7071067811865453523, 0.000000000000000000, 0.7071067811865496822 ) ) ;
#690 = CARTESIAN_POINT ( 'NONE',  ( 13.09999999999999964, -1.821676962433383062, 6.089970303311149635 ) ) ;
#691 = ADVANCED_FACE ( 'NONE', ( #1817 ), #34, .T. ) ;
#692 = ADVANCED_FACE ( 'NONE', ( #1843 ), #1430, .F. ) ;
#693 = ORIENTED_EDGE ( 'NONE', *, *, #5776, .F. ) ;
#694 = DIRECTION ( 'NONE',  ( 0.000000000000000000, 0.000000000000000000, 1.000000000000000000 ) ) ;
#695 = DIRECTION ( 'NONE',  ( 1.000000000000000000, 0.000000000000000000, -8.115498896123167176E-15 ) ) ;
#696 = DIRECTION ( 'NONE',  ( -0.7071067811865453523, 0.000000000000000000, -0.7071067811865496822 ) ) ;
#697 = VERTEX_POINT ( 'NONE', #2733 ) ;
#698 = CIRCLE ( 'NONE', #1167, 3.174999999999999822 ) ;
#699 = EDGE_CURVE ( 'NONE', #5360, #5598, #484, .T. ) ;
#700 = DIRECTION ( 'NONE',  ( 1.000000000000000000, 0.000000000000000000, 1.444274288350615811E-15 ) ) ;
#701 = SECURITY_CLASSIFICATION ( '', '', #1662 ) ;
#702 = CARTESIAN_POINT ( 'NONE',  ( 12.70000000000008633, -2.174999999999996270, -36.94999999999994600 ) ) ;
#703 = DIRECTION ( 'NONE',  ( 0.000000000000000000, 0.000000000000000000, 1.000000000000000000 ) ) ;
#704 = AXIS2_PLACEMENT_3D ( 'NONE', #598, #2405, #963 ) ;
#705 = ORIENTED_EDGE ( 'NONE', *, *, #779, .F. ) ;
#706 = EDGE_CURVE ( 'NONE', #2099, #3467, #3643, .T. ) ;
#707 = ORIENTED_EDGE ( 'NONE', *, *, #2856, .T. ) ;
#708 = ADVANCED_FACE ( 'NONE', ( #986 ), #2786, .T. ) ;
#709 = CIRCLE ( 'NONE', #4286, 3.174999999999999822 ) ;
#710 =( BOUNDED_CURVE ( )  B_SPLINE_CURVE ( 3, ( #2584, #1374, #4853, #3971 ),
 .UNSPECIFIED., .F., .T. ) 
 B_SPLINE_CURVE_WITH_KNOTS ( ( 4, 4 ),
 ( 4.362112093716119077, 4.472917508490047211 ),
 .UNSPECIFIED. ) 
 CURVE ( )  GEOMETRIC_REPRESENTATION_ITEM ( )  RATIONAL_B_SPLINE_CURVE ( ( 1.000000000000000000, 0.9989771083553060649, 0.9989771083553060649, 1.000000000000000000 ) ) 
 REPRESENTATION_ITEM ( '' )  );
#711 = ORIENTED_EDGE ( 'NONE', *, *, #4847, .T. ) ;
#712 = LINE ( 'NONE', #4395, #2556 ) ;
#713 = CARTESIAN_POINT ( 'NONE',  ( -6.199999999999833200, -0.1999999999999996503, -31.75000000000000000 ) ) ;
#714 = DIRECTION ( 'NONE',  ( -0.000000000000000000, 1.000000000000000000, -0.000000000000000000 ) ) ;
#715 = AXIS2_PLACEMENT_3D ( 'NONE', #438, #1767, #3577 ) ;
#716 = ORIENTED_EDGE ( 'NONE', *, *, #2822, .T. ) ;
#717 = ORIENTED_EDGE ( 'NONE', *, *, #3333, .F. ) ;
#718 = ORIENTED_EDGE ( 'NONE', *, *, #276, .F. ) ;
#719 = PLANE ( 'NONE',  #1927 ) ;
#720 = CARTESIAN_POINT ( 'NONE',  ( 12.30000000000000071, 2.264950330581225746, 5.523072258617638397 ) ) ;
#721 = CARTESIAN_POINT ( 'NONE',  ( 13.09999999999999964, -2.232710535457612888, 5.620762745781209269 ) ) ;
#722 = ORIENTED_EDGE ( 'NONE', *, *, #4195, .T. ) ;
#723 = CARTESIAN_POINT ( 'NONE',  ( 12.69999999999999929, -5.460999999999999410, -34.92499999999999716 ) ) ;
#724 = CONICAL_SURFACE ( 'NONE', #2611, 2.100000000000000089, 1.172861257340199304 ) ;
#725 = CARTESIAN_POINT ( 'NONE',  ( 13.42063157758646774, -3.174999999999998934, 5.138999999999997570 ) ) ;
#726 = ADVANCED_FACE ( 'NONE', ( #5609, #2017 ), #2935, .T. ) ;
#727 = DIRECTION ( 'NONE',  ( 1.209468558947973047E-16, 1.000000000000000000, 0.000000000000000000 ) ) ;
#728 = ORIENTED_EDGE ( 'NONE', *, *, #1066, .F. ) ;
#729 = DIRECTION ( 'NONE',  ( -0.7071067811865452413, 7.330486454263118196E-17, 0.7071067811865499042 ) ) ;
#730 = CARTESIAN_POINT ( 'NONE',  ( 0.4000000000000001887, 2.232710535457612888, 5.620762745781209269 ) ) ;
#731 = DIRECTION ( 'NONE',  ( 0.000000000000000000, 0.000000000000000000, 1.000000000000000000 ) ) ;
#732 = EDGE_CURVE ( 'NONE', #5426, #1185, #1953, .T. ) ;
#733 = EDGE_LOOP ( 'NONE', ( #2719, #1487, #2209, #2869 ) ) ;
#734 = ORIENTED_EDGE ( 'NONE', *, *, #2994, .T. ) ;
#735 = PLANE ( 'NONE',  #552 ) ;
#736 = ORIENTED_EDGE ( 'NONE', *, *, #4267, .F. ) ;
#737 = CARTESIAN_POINT ( 'NONE',  ( -39.26256980544222586, -4.174999999999995381, -68.31698539317088148 ) ) ;
#738 = DIRECTION ( 'NONE',  ( 0.000000000000000000, 0.000000000000000000, 1.000000000000000000 ) ) ;
#739 = EDGE_CURVE ( 'NONE', #3263, #4742, #83, .T. ) ;
#740 = EDGE_CURVE ( 'NONE', #4960, #5567, #211, .T. ) ;
#741 = DIRECTION ( 'NONE',  ( 1.000000000000000000, 0.000000000000000000, 0.000000000000000000 ) ) ;
#742 = VECTOR ( 'NONE', #4385, 1000.000000000000000 ) ;
#743 = EDGE_LOOP ( 'NONE', ( #5739, #1591 ) ) ;
#744 = VERTEX_POINT ( 'NONE', #1073 ) ;
#745 =( BOUNDED_CURVE ( )  B_SPLINE_CURVE ( 3, ( #4905, #3965, #4464, #5838 ),
 .UNSPECIFIED., .F., .T. ) 
 B_SPLINE_CURVE_WITH_KNOTS ( ( 4, 4 ),
 ( 1.810267798689539021, 1.921073213463466933 ),
 .UNSPECIFIED. ) 
 CURVE ( )  GEOMETRIC_REPRESENTATION_ITEM ( )  RATIONAL_B_SPLINE_CURVE ( ( 1.000000000000000000, 0.9989771083553060649, 0.9989771083553060649, 1.000000000000000000 ) ) 
 REPRESENTATION_ITEM ( '' )  );
#746 = VERTEX_POINT ( 'NONE', #3319 ) ;
#747 = AXIS2_PLACEMENT_3D ( 'NONE', #5312, #4866, #834 ) ;
#748 = ORIENTED_EDGE ( 'NONE', *, *, #815, .T. ) ;
#749 = DIRECTION ( 'NONE',  ( 0.000000000000000000, 1.000000000000000000, 0.000000000000000000 ) ) ;
#750 = APPROVAL_DATE_TIME ( #2995, #176 ) ;
#751 = AXIS2_PLACEMENT_3D ( 'NONE', #2128, #4839, #1214 ) ;
#752 = CARTESIAN_POINT ( 'NONE',  ( 12.70000000000000284, -5.460999999999999410, -4.250000000000003553 ) ) ;
#753 = AXIS2_PLACEMENT_3D ( 'NONE', #768, #4364, #3040 ) ;
#754 = VECTOR ( 'NONE', #4353, 1000.000000000000000 ) ;
#755 = ORIENTED_EDGE ( 'NONE', *, *, #1810, .T. ) ;
#756 = DIRECTION ( 'NONE',  ( 1.209468558947973047E-16, 1.000000000000000000, 0.000000000000000000 ) ) ;
#757 = DIRECTION ( 'NONE',  ( 1.000000000000000000, 0.000000000000000000, 0.000000000000000000 ) ) ;
#758 = AXIS2_PLACEMENT_3D ( 'NONE', #960, #5465, #689 ) ;
#759 = CARTESIAN_POINT ( 'NONE',  ( 16.35441558772843251, -0.1999999999999996503, -25.39999999999989910 ) ) ;
#760 = ORIENTED_EDGE ( 'NONE', *, *, #4806, .T. ) ;
#761 = AXIS2_PLACEMENT_3D ( 'NONE', #1106, #1165, #217 ) ;
#762 = DIRECTION ( 'NONE',  ( 0.000000000000000000, 0.000000000000000000, 1.000000000000000000 ) ) ;
#763 = DIRECTION ( 'NONE',  ( 0.000000000000000000, 1.000000000000000000, 0.000000000000000000 ) ) ;
#764 = DIRECTION ( 'NONE',  ( 0.000000000000000000, 1.000000000000000000, 0.000000000000000000 ) ) ;
#765 = ORIENTED_EDGE ( 'NONE', *, *, #5183, .F. ) ;
#766 = EDGE_LOOP ( 'NONE', ( #2079, #4010, #5251, #2132 ) ) ;
#767 = EDGE_CURVE ( 'NONE', #5155, #3460, #5583, .T. ) ;
#768 = CARTESIAN_POINT ( 'NONE',  ( 0.000000000000000000, 0.000000000000000000, 5.438999999999999169 ) ) ;
#769 = ADVANCED_FACE ( 'NONE', ( #3378 ), #2044, .T. ) ;
#770 = ORIENTED_EDGE ( 'NONE', *, *, #4496, .F. ) ;
#771 = DIRECTION ( 'NONE',  ( 1.000000000000000000, 0.000000000000000000, 1.444274288350615811E-15 ) ) ;
#772 = CARTESIAN_POINT ( 'NONE',  ( -5.883583750239910658E-18, -6.201024999999999565, -33.85000000000000142 ) ) ;
#773 = DIRECTION ( 'NONE',  ( -0.000000000000000000, 1.000000000000000000, -0.000000000000000000 ) ) ;
#774 = VECTOR ( 'NONE', #5446, 1000.000000000000000 ) ;
#775 = CARTESIAN_POINT ( 'NONE',  ( -0.3999999999999999667, 2.061552812808830293, 5.438999999999999169 ) ) ;
#776 = ORIENTED_EDGE ( 'NONE', *, *, #1736, .F. ) ;
#777 = ORIENTED_EDGE ( 'NONE', *, *, #28, .F. ) ;
#778 = VERTEX_POINT ( 'NONE', #1606 ) ;
#779 = EDGE_CURVE ( 'NONE', #4460, #3106, #3282, .T. ) ;
#780 = VECTOR ( 'NONE', #3919, 1000.000000000000000 ) ;
#781 = ADVANCED_FACE ( 'NONE', ( #1042 ), #4330, .T. ) ;
#782 = ORIENTED_EDGE ( 'NONE', *, *, #410, .F. ) ;
#783 = DIRECTION ( 'NONE',  ( -0.7071067811865453523, 0.000000000000000000, 0.7071067811865496822 ) ) ;
#784 = AXIS2_PLACEMENT_3D ( 'NONE', #5822, #1379, #4859 ) ;
#785 = AXIS2_PLACEMENT_3D ( 'NONE', #1315, #874, #3503 ) ;
#786 = DIRECTION ( 'NONE',  ( 0.7071067811865474617, 0.7071067811865475727, 0.000000000000000000 ) ) ;
#787 = EDGE_CURVE ( 'NONE', #5420, #2852, #2825, .T. ) ;
#788 = AXIS2_PLACEMENT_3D ( 'NONE', #4952, #4015, #915 ) ;
#789 = ORIENTED_EDGE ( 'NONE', *, *, #3943, .T. ) ;
#790 = CARTESIAN_POINT ( 'NONE',  ( 17.89999999999999858, -50.04532472225498907, -31.75000000000000000 ) ) ;
#791 = LINE ( 'NONE', #4236, #2948 ) ;
#792 = CARTESIAN_POINT ( 'NONE',  ( -0.3999999999999998557, 1.821676962433381952, 6.089970303311147859 ) ) ;
#793 = DIRECTION ( 'NONE',  ( -0.000000000000000000, 1.000000000000000000, -0.000000000000000000 ) ) ;
#794 = ORIENTED_EDGE ( 'NONE', *, *, #5696, .F. ) ;
#795 = CARTESIAN_POINT ( 'NONE',  ( 43.06698539317081753, -2.175000000000005151, -52.11256980544232675 ) ) ;
#796 = CARTESIAN_POINT ( 'NONE',  ( 0.4000000000000001887, -2.232710535457612888, 5.620762745781209269 ) ) ;
#797 = CARTESIAN_POINT ( 'NONE',  ( 18.89999999999999858, 6.200000000000000178, -2.000000000000000000 ) ) ;
#798 = PRODUCT_DEFINITION_SHAPE ( 'NONE', 'NONE',  #5081 ) ;
#799 = VERTEX_POINT ( 'NONE', #1546 ) ;
#800 = ORIENTED_EDGE ( 'NONE', *, *, #3662, .F. ) ;
#801 = LINE ( 'NONE', #1651, #2166 ) ;
#802 = VECTOR ( 'NONE', #3388, 1000.000000000000000 ) ;
#803 = CARTESIAN_POINT ( 'NONE',  ( -1.014510943328118249E-13, -0.1999999999999996503, -36.94999999999989626 ) ) ;
#804 = DIRECTION ( 'NONE',  ( -0.000000000000000000, 1.000000000000000000, -0.000000000000000000 ) ) ;
#805 = CYLINDRICAL_SURFACE ( 'NONE', #3322, 3.175000000000000711 ) ;
#806 = DIRECTION ( 'NONE',  ( 8.115498896123167176E-15, 0.000000000000000000, 1.000000000000000000 ) ) ;
#807 = EDGE_LOOP ( 'NONE', ( #1833, #5773, #1719, #2871 ) ) ;
#808 = EDGE_CURVE ( 'NONE', #3423, #1773, #2811, .T. ) ;
#809 = ORIENTED_EDGE ( 'NONE', *, *, #4627, .F. ) ;
#810 = VECTOR ( 'NONE', #4933, 1000.000000000000000 ) ;
#811 = EDGE_LOOP ( 'NONE', ( #1126, #4490 ) ) ;
#812 = ORIENTED_EDGE ( 'NONE', *, *, #4442, .T. ) ;
#813 = CARTESIAN_POINT ( 'NONE',  ( -2.630594115710311721E-16, -0.1999999999999996503, -31.75000000000000000 ) ) ;
#814 = VECTOR ( 'NONE', #4926, 1000.000000000000000 ) ;
#815 = EDGE_CURVE ( 'NONE', #3562, #5040, #1793, .T. ) ;
#816 = CARTESIAN_POINT ( 'NONE',  ( -2.630594115711841125E-16, -0.8890000000000000124, -31.75000000000000000 ) ) ;
#817 = ORIENTED_EDGE ( 'NONE', *, *, #4097, .T. ) ;
#818 = DIRECTION ( 'NONE',  ( 0.000000000000000000, 1.000000000000000000, 0.000000000000000000 ) ) ;
#819 = EDGE_CURVE ( 'NONE', #2491, #1125, #1926, .T. ) ;
#820 = CARTESIAN_POINT ( 'NONE',  ( 16.35441558772843251, -50.04532472225498907, -12.70000000000010409 ) ) ;
#821 = CARTESIAN_POINT ( 'NONE',  ( 1.257659471581004217E-16, -0.8890000000000000124, -15.87500000000000000 ) ) ;
#822 = ORIENTED_EDGE ( 'NONE', *, *, #2842, .T. ) ;
#823 = DIRECTION ( 'NONE',  ( 0.7071067811865452413, 0.000000000000000000, 0.7071067811865499042 ) ) ;
#824 = CARTESIAN_POINT ( 'NONE',  ( 7.481370849898350883, -6.199999999999997513, -37.94999999999978257 ) ) ;
#825 = PLANE ( 'NONE',  #3387 ) ;
#826 = AXIS2_PLACEMENT_3D ( 'NONE', #1535, #2950, #1588 ) ;
#827 = ORIENTED_EDGE ( 'NONE', *, *, #4518, .F. ) ;
#828 = AXIS2_PLACEMENT_3D ( 'NONE', #2853, #2410, #2913 ) ;
#829 = ORIENTED_EDGE ( 'NONE', *, *, #2567, .F. ) ;
#830 = ADVANCED_FACE ( 'NONE', ( #1484 ), #3816, .T. ) ;
#831 = CARTESIAN_POINT ( 'NONE',  ( 12.69999999999999929, 0.000000000000000000, 5.438999999999999169 ) ) ;
#832 = LINE ( 'NONE', #4924, #3328 ) ;
#833 = FACE_OUTER_BOUND ( 'NONE', #2183, .T. ) ;
#834 = DIRECTION ( 'NONE',  ( 1.000000000000000000, 0.000000000000000000, 0.000000000000000000 ) ) ;
#835 = DIRECTION ( 'NONE',  ( -0.000000000000000000, -0.000000000000000000, -1.000000000000000000 ) ) ;
#836 = ORIENTED_EDGE ( 'NONE', *, *, #156, .T. ) ;
#837 = VERTEX_POINT ( 'NONE', #2843 ) ;
#838 = ORIENTED_EDGE ( 'NONE', *, *, #3401, .F. ) ;
#839 = ORIENTED_EDGE ( 'NONE', *, *, #1357, .T. ) ;
#840 = CARTESIAN_POINT ( 'NONE',  ( 18.89999999999976055, -0.1999999999999996503, -13.83137084989834165 ) ) ;
#841 = CARTESIAN_POINT ( 'NONE',  ( 17.89999999999999147, -6.199999999999997513, -23.85441558772832948 ) ) ;
#842 = EDGE_CURVE ( 'NONE', #1313, #1447, #4641, .T. ) ;
#843 = EDGE_LOOP ( 'NONE', ( #5443, #871, #5209, #2670 ) ) ;
#844 = LINE ( 'NONE', #2644, #4567 ) ;
#845 = AXIS2_PLACEMENT_3D ( 'NONE', #502, #954, #1949 ) ;
#846 = DIRECTION ( 'NONE',  ( 0.000000000000000000, 1.000000000000000000, 0.000000000000000000 ) ) ;
#847 = AXIS2_PLACEMENT_3D ( 'NONE', #2691, #1769, #4018 ) ;
#848 = FACE_OUTER_BOUND ( 'NONE', #2090, .T. ) ;
#849 = CARTESIAN_POINT ( 'NONE',  ( 6.289039597907045724E-15, -0.8890000000000000124, -3.175000000000005151 ) ) ;
#850 = EDGE_LOOP ( 'NONE', ( #3993, #2571, #2665, #264 ) ) ;
#851 = VECTOR ( 'NONE', #113, 1000.000000000000000 ) ;
#852 = EDGE_CURVE ( 'NONE', #1148, #5361, #3754, .T. ) ;
#853 = CARTESIAN_POINT ( 'NONE',  ( 39.41256980544224575, -2.175000000000004707, -55.76698539317088432 ) ) ;
#854 = CYLINDRICAL_SURFACE ( 'NONE', #395, 2.100000000000000977 ) ;
#855 = AXIS2_PLACEMENT_3D ( 'NONE', #4502, #3620, #4970 ) ;
#856 = LINE ( 'NONE', #2653, #3584 ) ;
#857 = ORIENTED_EDGE ( 'NONE', *, *, #619, .F. ) ;
#858 = VERTEX_POINT ( 'NONE', #179 ) ;
#859 = DIRECTION ( 'NONE',  ( 0.000000000000000000, 1.000000000000000000, 0.000000000000000000 ) ) ;
#860 = CYLINDRICAL_SURFACE ( 'NONE', #2088, 3.174999999999999822 ) ;
#861 = CARTESIAN_POINT ( 'NONE',  ( 6.157390066998704967E-15, -0.8890000000000000124, -8.450000000000004619 ) ) ;
#862 = LINE ( 'NONE', #20, #2909 ) ;
#863 = CARTESIAN_POINT ( 'NONE',  ( -0.3999999999999999667, 2.129368205736810182, 5.466985055468133403 ) ) ;
#864 = ORIENTED_EDGE ( 'NONE', *, *, #1456, .T. ) ;
#865 = ORIENTED_EDGE ( 'NONE', *, *, #2536, .F. ) ;
#866 = ORIENTED_EDGE ( 'NONE', *, *, #5480, .F. ) ;
#867 = ORIENTED_EDGE ( 'NONE', *, *, #4233, .F. ) ;
#868 = CARTESIAN_POINT ( 'NONE',  ( 13.12828196788177415, 2.057911970479199493, 2.353224001008317412 ) ) ;
#869 = VECTOR ( 'NONE', #3236, 1000.000000000000000 ) ;
#870 = CYLINDRICAL_SURFACE ( 'NONE', #1194, 3.175000000000000711 ) ;
#871 = ORIENTED_EDGE ( 'NONE', *, *, #2250, .T. ) ;
#872 = DIRECTION ( 'NONE',  ( 0.000000000000000000, 0.000000000000000000, 1.000000000000000000 ) ) ;
#873 = VECTOR ( 'NONE', #1997, 1000.000000000000000 ) ;
#874 = DIRECTION ( 'NONE',  ( -8.115498896123205041E-15, 0.000000000000000000, 1.000000000000000000 ) ) ;
#875 = CARTESIAN_POINT ( 'NONE',  ( 0.000000000000000000, 0.000000000000000000, 5.438999999999999169 ) ) ;
#876 = PLANE ( 'NONE',  #4338 ) ;
#877 = ADVANCED_FACE ( 'NONE', ( #658 ), #4258, .T. ) ;
#878 = AXIS2_PLACEMENT_3D ( 'NONE', #1541, #201, #648 ) ;
#879 = VERTEX_POINT ( 'NONE', #752 ) ;
#880 = DIRECTION ( 'NONE',  ( -0.7071067811865466846, 8.552234196640324694E-17, 0.7071067811865483499 ) ) ;
#881 = DIRECTION ( 'NONE',  ( 0.000000000000000000, 1.000000000000000000, 0.000000000000000000 ) ) ;
#882 = EDGE_CURVE ( 'NONE', #2152, #4718, #5738, .T. ) ;
#883 = ORIENTED_EDGE ( 'NONE', *, *, #1921, .F. ) ;
#884 = VERTEX_POINT ( 'NONE', #330 ) ;
#885 = CARTESIAN_POINT ( 'NONE',  ( -2.299999999999999822, 0.000000000000000000, 5.523072258617638397 ) ) ;
#886 = FACE_BOUND ( 'NONE', #2067, .T. ) ;
#887 = CARTESIAN_POINT ( 'NONE',  ( 12.30000000000000071, 2.061552812808830293, 5.438999999999999169 ) ) ;
#888 = DIRECTION ( 'NONE',  ( -0.000000000000000000, -0.000000000000000000, -1.000000000000000000 ) ) ;
#889 = CARTESIAN_POINT ( 'NONE',  ( 12.69999999999999929, -5.460999999999999410, -29.64999999999999858 ) ) ;
#890 = EDGE_CURVE ( 'NONE', #4430, #3256, #3936, .T. ) ;
#891 = VERTEX_POINT ( 'NONE', #5695 ) ;
#892 = ORIENTED_EDGE ( 'NONE', *, *, #560, .T. ) ;
#893 = ORIENTED_EDGE ( 'NONE', *, *, #5198, .T. ) ;
#894 = VECTOR ( 'NONE', #989, 1000.000000000000000 ) ;
#895 = VERTEX_POINT ( 'NONE', #3995 ) ;
#896 = DIRECTION ( 'NONE',  ( 0.000000000000000000, 0.000000000000000000, 1.000000000000000000 ) ) ;
#897 = VECTOR ( 'NONE', #5181, 1000.000000000000000 ) ;
#898 = CIRCLE ( 'NONE', #5130, 2.100000000000000977 ) ;
#899 = EDGE_CURVE ( 'NONE', #2696, #565, #1418, .T. ) ;
#900 = VERTEX_POINT ( 'NONE', #1286 ) ;
#901 = CARTESIAN_POINT ( 'NONE',  ( 13.12861193465578680, -2.057850353472996385, 2.353605336466521702 ) ) ;
#902 = CARTESIAN_POINT ( 'NONE',  ( -5.200000000000000178, -2.174999999999996270, -26.94558441227146872 ) ) ;
#903 = LINE ( 'NONE', #5353, #466 ) ;
#904 = DIRECTION ( 'NONE',  ( 0.000000000000000000, 0.000000000000000000, 1.000000000000000000 ) ) ;
#905 = AXIS2_PLACEMENT_3D ( 'NONE', #1449, #108, #556 ) ;
#906 = VERTEX_POINT ( 'NONE', #5291 ) ;
#907 = CARTESIAN_POINT ( 'NONE',  ( -6.199999999999933564, -0.1999999999999996503, -13.83137084989834520 ) ) ;
#908 = DIRECTION ( 'NONE',  ( 0.000000000000000000, -0.000000000000000000, 1.000000000000000000 ) ) ;
#909 = CC_DESIGN_PERSON_AND_ORGANIZATION_ASSIGNMENT ( #4257, #4313, ( #5081 ) ) ;
#910 = CARTESIAN_POINT ( 'NONE',  ( 0.5734863112436885402, 2.021666578221208432, 3.457121909598158016 ) ) ;
#911 = CARTESIAN_POINT ( 'NONE',  ( 13.09999999999999964, -2.232710535457612888, 5.620762745781209269 ) ) ;
#912 = ORIENTED_EDGE ( 'NONE', *, *, #5385, .F. ) ;
#913 = ORIENTED_EDGE ( 'NONE', *, *, #3295, .F. ) ;
#914 = PLANE ( 'NONE',  #4060 ) ;
#915 = DIRECTION ( 'NONE',  ( 0.000000000000000000, -0.000000000000000000, 1.000000000000000000 ) ) ;
#916 = EDGE_CURVE ( 'NONE', #4931, #4689, #4995, .T. ) ;
#917 = CARTESIAN_POINT ( 'NONE',  ( 0.000000000000000000, 0.000000000000000000, 5.438999999999999169 ) ) ;
#918 = DIRECTION ( 'NONE',  ( 0.000000000000000000, 0.000000000000000000, 1.000000000000000000 ) ) ;
#919 = DIRECTION ( 'NONE',  ( 1.000000000000000000, 0.000000000000000000, 0.000000000000000000 ) ) ;
#920 = ORIENTED_EDGE ( 'NONE', *, *, #1787, .T. ) ;
#921 = EDGE_LOOP ( 'NONE', ( #5143, #2131, #4339, #2540, #571, #2042, #2032, #2005, #345, #5404, #49, #4571, #4437, #3288, #2238, #829, #1446, #107, #1658, #2333, #3202 ) ) ;
#922 = ORIENTED_EDGE ( 'NONE', *, *, #2396, .F. ) ;
#923 = CIRCLE ( 'NONE', #2618, 2.099999999999999645 ) ;
#924 = EDGE_CURVE ( 'NONE', #4387, #5250, #3026, .T. ) ;
#925 = ORIENTED_EDGE ( 'NONE', *, *, #3918, .T. ) ;
#926 = CARTESIAN_POINT ( 'NONE',  ( 12.70000000000008633, -4.174999999999998046, -36.94999999999994600 ) ) ;
#927 = ADVANCED_FACE ( 'NONE', ( #5782 ), #2174, .T. ) ;
#928 = LINE ( 'NONE', #5380, #2694 ) ;
#929 = CARTESIAN_POINT ( 'NONE',  ( -0.3999999999999999667, 2.061552812808830737, 5.438999999999999169 ) ) ;
#930 = PLANE ( 'NONE',  #2639 ) ;
#931 = FACE_OUTER_BOUND ( 'NONE', #603, .T. ) ;
#932 = AXIS2_PLACEMENT_3D ( 'NONE', #1626, #1655, #4808 ) ;
#933 = ORIENTED_EDGE ( 'NONE', *, *, #3216, .T. ) ;
#934 = DIRECTION ( 'NONE',  ( -1.000000000000000000, -0.000000000000000000, -0.000000000000000000 ) ) ;
#935 = CARTESIAN_POINT ( 'NONE',  ( -0.3999999999999999667, 0.000000000000000000, 6.138999999999998458 ) ) ;
#936 = B_SPLINE_CURVE_WITH_KNOTS ( 'NONE', 3,
 ( #3456, #5247, #5338, #1682, #2659, #4396 ),
 .UNSPECIFIED., .F., .F.,
 ( 4, 2, 4 ),
 ( 0.000000000000000000, 0.0004757428370953074317, 0.0009514856741906148633 ),
 .UNSPECIFIED. ) ;
#937 = CIRCLE ( 'NONE', #4520, 3.175000000000000711 ) ;
#938 = CARTESIAN_POINT ( 'NONE',  ( -3.654415587728433223, -50.04532472225498907, -12.70000000000010409 ) ) ;
#940 = VERTEX_POINT ( 'NONE', #841 ) ;
#939 = AXIS2_PLACEMENT_3D ( 'NONE', #5249, #351, #5771 ) ;
#941 = CARTESIAN_POINT ( 'NONE',  ( 0.4000000000000000222, 2.254205848354697395, 5.555636450100673862 ) ) ;
#942 = CARTESIAN_POINT ( 'NONE',  ( 7.895584412271571928, -4.174999999999998046, -36.94999999999989626 ) ) ;
#943 = CARTESIAN_POINT ( 'NONE',  ( 18.89999999999976055, 6.200999999999999623, -24.26862915010165977 ) ) ;
#944 = CARTESIAN_POINT ( 'NONE',  ( 0.2470917478819859014, -2.087439085565598429, 2.187221323398956585 ) ) ;
#945 = AXIS2_PLACEMENT_3D ( 'NONE', #563, #5141, #5517 ) ;
#946 = ORIENTED_EDGE ( 'NONE', *, *, #3723, .F. ) ;
#947 = ORIENTED_EDGE ( 'NONE', *, *, #4581, .T. ) ;
#948 = ORIENTED_EDGE ( 'NONE', *, *, #143, .F. ) ;
#949 = ADVANCED_FACE ( 'NONE', ( #5321 ), #4783, .T. ) ;
#950 = EDGE_CURVE ( 'NONE', #2695, #1665, #1190, .T. ) ;
#951 = EDGE_CURVE ( 'NONE', #414, #4984, #3560, .T. ) ;
#952 = VERTEX_POINT ( 'NONE', #720 ) ;
#953 = DIRECTION ( 'NONE',  ( -0.7071067811865453523, 0.000000000000000000, -0.7071067811865496822 ) ) ;
#954 = DIRECTION ( 'NONE',  ( 0.000000000000000000, 1.000000000000000000, 0.000000000000000000 ) ) ;
#955 = EDGE_CURVE ( 'NONE', #2763, #16, #4314, .T. ) ;
#956 = DIRECTION ( 'NONE',  ( -0.000000000000000000, 1.000000000000000000, -0.000000000000000000 ) ) ;
#957 = CARTESIAN_POINT ( 'NONE',  ( 12.70000000000000284, -5.460999999999999410, -9.525000000000005684 ) ) ;
#958 = TOROIDAL_SURFACE ( 'NONE', #4253, 1.554966049364602254, 0.7500000000000000000 ) ;
#959 = EDGE_CURVE ( 'NONE', #207, #5451, #3873, .T. ) ;
#960 = CARTESIAN_POINT ( 'NONE',  ( -6.199999999999756817, 6.201000000000002288, -13.83137084989834520 ) ) ;
#961 = CIRCLE ( 'NONE', #8, 3.175000000000000711 ) ;
#962 = ORIENTED_EDGE ( 'NONE', *, *, #4407, .T. ) ;
#963 = DIRECTION ( 'NONE',  ( 1.000000000000000000, -1.365923996832131609E-16, 1.092739197465705287E-15 ) ) ;
#964 = CARTESIAN_POINT ( 'NONE',  ( 6.349999999999995204, -0.1999999999999996503, -36.81862915010142956 ) ) ;
#965 = CARTESIAN_POINT ( 'NONE',  ( -0.3999999999999999667, -1.502637486114517751, 6.138999999999998458 ) ) ;
#966 = TOROIDAL_SURFACE ( 'NONE', #4361, 1.554966049364602254, 0.7500000000000000000 ) ;
#967 = ORIENTED_EDGE ( 'NONE', *, *, #3436, .T. ) ;
#968 = DIRECTION ( 'NONE',  ( 0.000000000000000000, 0.000000000000000000, -1.000000000000000000 ) ) ;
#969 = CARTESIAN_POINT ( 'NONE',  ( 17.89999999999999858, -50.04532472225498907, -11.15441558772853270 ) ) ;
#970 = ADVANCED_FACE ( 'NONE', ( #3437 ), #4347, .T. ) ;
#971 = CONICAL_SURFACE ( 'NONE', #2006, 2.100000000000000089, 1.172861257340199304 ) ;
#972 = DIRECTION ( 'NONE',  ( 0.9218631515885042926, 0.000000000000000000, 0.3875155864520939408 ) ) ;
#973 = CARTESIAN_POINT ( 'NONE',  ( 12.69999999999999929, 0.000000000000000000, 5.438999999999999169 ) ) ;
#974 = B_SPLINE_CURVE_WITH_KNOTS ( 'NONE', 3,
 ( #403, #3978, #4477, #1325, #4887, #2207 ),
 .UNSPECIFIED., .F., .F.,
 ( 4, 2, 4 ),
 ( 0.000000000000000000, 0.0004757001404452628575, 0.0009514002808905257149 ),
 .UNSPECIFIED. ) ;
#975 = ORIENTED_EDGE ( 'NONE', *, *, #4378, .F. ) ;
#976 = VERTEX_POINT ( 'NONE', #4849 ) ;
#977 = FACE_OUTER_BOUND ( 'NONE', #3138, .T. ) ;
#978 = ORIENTED_EDGE ( 'NONE', *, *, #4524, .F. ) ;
#979 = VERTEX_POINT ( 'NONE', #301 ) ;
#980 = LINE ( 'NONE', #4523, #2486 ) ;
#981 = CARTESIAN_POINT ( 'NONE',  ( 18.89999999999983515, -0.1999999999999996503, -31.75000000000000000 ) ) ;
#982 = LINE ( 'NONE', #2784, #3906 ) ;
#983 = VECTOR ( 'NONE', #729, 1000.000000000000114 ) ;
#984 = ADVANCED_FACE ( 'NONE', ( #2107 ), #4818, .T. ) ;
#985 = DIRECTION ( 'NONE',  ( 0.7071067811865467956, -0.000000000000000000, -0.7071067811865483499 ) ) ;
#986 = FACE_OUTER_BOUND ( 'NONE', #4752, .T. ) ;
#987 = AXIS2_PLACEMENT_3D ( 'NONE', #4610, #4139, #2314 ) ;
#988 = ORIENTED_EDGE ( 'NONE', *, *, #1819, .F. ) ;
#989 = DIRECTION ( 'NONE',  ( 1.000000000000000000, 0.000000000000000000, -0.000000000000000000 ) ) ;
#990 = EDGE_CURVE ( 'NONE', #5651, #2844, #1663, .T. ) ;
#991 = DIRECTION ( 'NONE',  ( 0.000000000000000000, 0.000000000000000000, 1.000000000000000000 ) ) ;
#992 = EDGE_CURVE ( 'NONE', #5836, #4381, #2580, .T. ) ;
#993 = AXIS2_PLACEMENT_3D ( 'NONE', #256, #2064, #5218 ) ;
#994 = LINE ( 'NONE', #2709, #5168 ) ;
#995 = ORIENTED_EDGE ( 'NONE', *, *, #4306, .T. ) ;
#996 = CARTESIAN_POINT ( 'NONE',  ( 15.87500000000000000, 0.000000000000000000, 0.000000000000000000 ) ) ;
#997 = CYLINDRICAL_SURFACE ( 'NONE', #1994, 2.100000000000000089 ) ;
#998 = DIRECTION ( 'NONE',  ( 0.000000000000000000, 0.000000000000000000, 1.000000000000000000 ) ) ;
#999 = CARTESIAN_POINT ( 'NONE',  ( 7.895584412271571928, -2.175000000000003375, -36.94999999999989626 ) ) ;
#1000 = ORIENTED_EDGE ( 'NONE', *, *, #2748, .T. ) ;
#1001 = FACE_OUTER_BOUND ( 'NONE', #685, .T. ) ;
#1002 = ADVANCED_FACE ( 'NONE', ( #4600 ), #3709, .T. ) ;
#1003 = VERTEX_POINT ( 'NONE', #5377 ) ;
#1004 = ORIENTED_EDGE ( 'NONE', *, *, #1599, .T. ) ;
#1005 = FACE_OUTER_BOUND ( 'NONE', #4106, .T. ) ;
#1006 = DIRECTION ( 'NONE',  ( 1.000000000000000000, 0.000000000000000000, 8.115498896123205041E-15 ) ) ;
#1007 = AXIS2_PLACEMENT_3D ( 'NONE', #551, #2800, #4129 ) ;
#1008 = CARTESIAN_POINT ( 'NONE',  ( 5.900214239177761313E-15, -0.8890000000000000124, -6.350000000000004974 ) ) ;
#1009 = CARTESIAN_POINT ( 'NONE',  ( 13.42063157758646774, -1.972483239316683346, 5.138999999999997570 ) ) ;
#1010 = EDGE_CURVE ( 'NONE', #1665, #1773, #4208, .T. ) ;
#1011 = CARTESIAN_POINT ( 'NONE',  ( -2.630594115711841125E-16, -6.201024999999999565, -31.75000000000000000 ) ) ;
#1012 = CARTESIAN_POINT ( 'NONE',  ( 12.69999999999999929, -5.460999999999999410, -19.05000000000000071 ) ) ;
#1013 = ORIENTED_EDGE ( 'NONE', *, *, #5322, .F. ) ;
#1014 = EDGE_CURVE ( 'NONE', #4323, #4349, #5478, .T. ) ;
#1015 = EDGE_LOOP ( 'NONE', ( #4482, #2035, #2170, #3780 ) ) ;
#1016 = CYLINDRICAL_SURFACE ( 'NONE', #2870, 3.175000000000000711 ) ;
#1017 = DIRECTION ( 'NONE',  ( 1.000000000000000000, 0.000000000000000000, -1.084202172485504434E-16 ) ) ;
#1018 = VECTOR ( 'NONE', #2304, 1000.000000000000000 ) ;
#1019 = FACE_OUTER_BOUND ( 'NONE', #4716, .T. ) ;
#1020 = DIRECTION ( 'NONE',  ( -0.000000000000000000, 1.000000000000000000, -0.000000000000000000 ) ) ;
#1021 = ORIENTED_EDGE ( 'NONE', *, *, #5457, .T. ) ;
#1022 = EDGE_CURVE ( 'NONE', #1107, #2162, #2387, .T. ) ;
#1023 = AXIS2_PLACEMENT_3D ( 'NONE', #3210, #3653, #3632 ) ;
#1024 = FACE_OUTER_BOUND ( 'NONE', #1033, .T. ) ;
#1025 = DIRECTION ( 'NONE',  ( -0.000000000000000000, 1.000000000000000000, -0.000000000000000000 ) ) ;
#1026 = DIRECTION ( 'NONE',  ( -0.7071067811865452413, 0.000000000000000000, -0.7071067811865499042 ) ) ;
#1027 = CLOSED_SHELL ( 'NONE', ( #3872, #5560, #1480, #1633, #3749, #3815, #5817, #3084, #3628, #332, #5703, #5295, #5551, #970, #2721, #3098, #3832, #3548, #4161, #2438, #4991, #4466, #5123, #5809, #5171, #4901, #1316, #1123, #5736, #3041, #1085, #2059, #3478, #927, #3897, #505, #3271, #726, #3446, #5051, #1359, #3275, #1388, #2938, #3054, #2431, #2496, #1570, #2607, #4126, #1486, #1204, #3621, #294, #1925, #5378, #3558, #3058, #4013, #949, #2712, #2575, #637, #4393, #4796, #1345, #4986, #3684, #5552, #3701, #2190, #1785, #2146, #300, #5230, #3987, #781, #1002, #583, #1224, #4768, #1678, #4120, #2714, #3979, #4090, #3193, #4059, #4342, #3252, #11, #692, #4085, #3825, #2255, #3555, #4519, #984, #1426, #1097, #5255, #575, #434, #1979, #3183, #2544, #1048, #379, #1638, #1387, #2613, #4138, #4814, #4955, #1558, #662, #1827, #2106, #2038, #2138, #5317, #2215, #1617, #4493, #1137, #62, #2620, #877, #5019, #336, #5206, #2397, #3297, #4414, #3492, #5670, #3901, #2355, #4083, #5352, #2046, #587, #4957, #1951, #564, #63, #4920, #4155, #3439, #4922, #2503, #3189, #5442, #1636, #2980, #5456, #4976, #528, #4332, #5694, #445, #591, #830, #3407, #4527, #4357, #3296, #479, #548, #2805, #1130, #769, #2759, #691, #5520, #1995, #1889, #708, #436, #1191, #2135, #2974, #1049 ) ) ;
#1028 = CARTESIAN_POINT ( 'NONE',  ( 12.70000000000000284, -0.8890000000000000124, -9.525000000000005684 ) ) ;
#1029 = ORIENTED_EDGE ( 'NONE', *, *, #1010, .T. ) ;
#1030 = CARTESIAN_POINT ( 'NONE',  ( 10.60012705463137550, 0.000000000000000000, 6.138999999999998458 ) ) ;
#1031 = ORIENTED_EDGE ( 'NONE', *, *, #448, .F. ) ;
#1032 = CIRCLE ( 'NONE', #5638, 3.175000000000001155 ) ;
#1033 = EDGE_LOOP ( 'NONE', ( #1432, #2386, #5650, #4344 ) ) ;
#1034 = DIRECTION ( 'NONE',  ( 1.000000000000000000, -1.365923996832131363E-16, 0.000000000000000000 ) ) ;
#1035 = PLANE ( 'NONE',  #5038 ) ;
#1036 = AXIS2_PLACEMENT_3D ( 'NONE', #3841, #1101, #149 ) ;
#1037 = CARTESIAN_POINT ( 'NONE',  ( -6.200000000000000178, -0.1999999999999996503, -2.000000000000000000 ) ) ;
#1038 = VECTOR ( 'NONE', #5544, 1000.000000000000000 ) ;
#1039 = AXIS2_PLACEMENT_3D ( 'NONE', #1669, #4412, #366 ) ;
#1040 = FACE_OUTER_BOUND ( 'NONE', #4648, .T. ) ;
#1041 = DIRECTION ( 'NONE',  ( 0.000000000000000000, 1.000000000000000000, 0.000000000000000000 ) ) ;
#1042 = FACE_OUTER_BOUND ( 'NONE', #4329, .T. ) ;
#1043 = EDGE_LOOP ( 'NONE', ( #2894, #925 ) ) ;
#1044 = ORIENTED_EDGE ( 'NONE', *, *, #3712, .T. ) ;
#1045 = CARTESIAN_POINT ( 'NONE',  ( 12.30000000000000071, 1.502637486114517751, 6.138999999999998458 ) ) ;
#1046 = CARTESIAN_POINT ( 'NONE',  ( -2.630594115711841125E-16, -5.460999999999999410, -31.75000000000000000 ) ) ;
#1047 = CARTESIAN_POINT ( 'NONE',  ( 12.70000000000000284, -4.174999999999999822, -9.525000000000005684 ) ) ;
#1048 = ADVANCED_FACE ( 'NONE', ( #5011, #3740 ), #3242, .T. ) ;
#1049 = ADVANCED_FACE ( 'NONE', ( #1340 ), #1913, .F. ) ;
#1050 = CARTESIAN_POINT ( 'NONE',  ( 12.70000000000000284, -5.460999999999999410, -6.350000000000004974 ) ) ;
#1051 = ORIENTED_EDGE ( 'NONE', *, *, #1813, .T. ) ;
#1052 = VECTOR ( 'NONE', #127, 1000.000000000000000 ) ;
#1053 = DIRECTION ( 'NONE',  ( 0.000000000000000000, 0.000000000000000000, -1.000000000000000000 ) ) ;
#1054 = LINE ( 'NONE', #519, #198 ) ;
#1055 = DIRECTION ( 'NONE',  ( 0.000000000000000000, 0.000000000000000000, -1.000000000000000000 ) ) ;
#1056 = AXIS2_PLACEMENT_3D ( 'NONE', #3204, #1489, #3290 ) ;
#1057 = EDGE_CURVE ( 'NONE', #516, #5292, #1865, .T. ) ;
#1058 = PLANE ( 'NONE',  #4037 ) ;
#1059 = ORIENTED_EDGE ( 'NONE', *, *, #890, .F. ) ;
#1060 = CARTESIAN_POINT ( 'NONE',  ( 12.30000000000000071, -2.129368206736822700, 5.466985055880803301 ) ) ;
#1061 = VERTEX_POINT ( 'NONE', #165 ) ;
#1062 = CIRCLE ( 'NONE', #1629, 3.175000000000000711 ) ;
#1063 = EDGE_LOOP ( 'NONE', ( #1258, #4599, #1517, #5820 ) ) ;
#1064 = DIRECTION ( 'NONE',  ( 0.000000000000000000, 1.000000000000000000, 0.000000000000000000 ) ) ;
#1065 = DIRECTION ( 'NONE',  ( 0.000000000000000000, 0.000000000000000000, 1.000000000000000000 ) ) ;
#1066 = EDGE_CURVE ( 'NONE', #1192, #4772, #1777, .T. ) ;
#1067 = CARTESIAN_POINT ( 'NONE',  ( 12.69999999999999929, -5.460999999999999410, -33.85000000000000142 ) ) ;
#1068 = ORIENTED_EDGE ( 'NONE', *, *, #3587, .F. ) ;
#1069 = ORIENTED_EDGE ( 'NONE', *, *, #4649, .T. ) ;
#1070 = CARTESIAN_POINT ( 'NONE',  ( -2.630594115711840632E-16, -2.174999999999999822, -22.22500000000000142 ) ) ;
#1071 = CARTESIAN_POINT ( 'NONE',  ( 12.69999999999999929, -2.175000000000001599, -19.05000000000000071 ) ) ;
#1072 = LINE ( 'NONE', #3280, #4328 ) ;
#1073 = CARTESIAN_POINT ( 'NONE',  ( 12.30000000000000071, 2.061552812808830293, 5.139000000000001123 ) ) ;
#1074 = VERTEX_POINT ( 'NONE', #5811 ) ;
#1075 = VECTOR ( 'NONE', #4504, 1000.000000000000114 ) ;
#1076 = ORIENTED_EDGE ( 'NONE', *, *, #3786, .F. ) ;
#1077 = FACE_OUTER_BOUND ( 'NONE', #3269, .T. ) ;
#1078 = DIRECTION ( 'NONE',  ( -0.7071067811865452413, 0.000000000000000000, 0.7071067811865499042 ) ) ;
#1079 = AXIS2_PLACEMENT_3D ( 'NONE', #4051, #1749, #2638 ) ;
#1080 = CARTESIAN_POINT ( 'NONE',  ( 12.69999999999999929, -0.8890000000000000124, -19.05000000000000071 ) ) ;
#1081 = VERTEX_POINT ( 'NONE', #4184 ) ;
#1082 = LINE ( 'NONE', #2885, #4676 ) ;
#1083 = CARTESIAN_POINT ( 'NONE',  ( 0.000000000000000000, 0.000000000000000000, 5.523072258617638397 ) ) ;
#1084 = DIRECTION ( 'NONE',  ( 0.7071067811865483499, 0.000000000000000000, -0.7071067811865466846 ) ) ;
#1085 = ADVANCED_FACE ( 'NONE', ( #5065 ), #724, .T. ) ;
#1086 = CARTESIAN_POINT ( 'NONE',  ( 12.70000000000000284, -0.8890000000000000124, -6.350000000000004974 ) ) ;
#1087 = ORIENTED_EDGE ( 'NONE', *, *, #5789, .T. ) ;
#1088 = CARTESIAN_POINT ( 'NONE',  ( 5.900214239177761313E-15, -0.8890000000000000124, -9.525000000000005684 ) ) ;
#1089 = ORIENTED_EDGE ( 'NONE', *, *, #656, .F. ) ;
#1090 = EDGE_CURVE ( 'NONE', #237, #1462, #3267, .T. ) ;
#1091 = ORIENTED_EDGE ( 'NONE', *, *, #539, .T. ) ;
#1092 = DIRECTION ( 'NONE',  ( -0.7071067811865452413, 0.000000000000000000, -0.7071067811865499042 ) ) ;
#1093 = DIRECTION ( 'NONE',  ( 0.7071067811865487940, 0.000000000000000000, -0.7071067811865463515 ) ) ;
#1094 = DIRECTION ( 'NONE',  ( 3.484311720645859373E-14, 0.000000000000000000, -1.000000000000000000 ) ) ;
#1095 = ORIENTED_EDGE ( 'NONE', *, *, #4912, .T. ) ;
#1096 = EDGE_CURVE ( 'NONE', #432, #1003, #131, .T. ) ;
#1097 = ADVANCED_FACE ( 'NONE', ( #610 ), #4216, .T. ) ;
#1098 = CARTESIAN_POINT ( 'NONE',  ( 18.89999999999976055, -6.200000000000000178, -24.26862915010165977 ) ) ;
#1099 = AXIS2_PLACEMENT_3D ( 'NONE', #5534, #580, #2774 ) ;
#1100 = APPROVAL_STATUS ( 'not_yet_approved' ) ;
#1101 = DIRECTION ( 'NONE',  ( 0.000000000000000000, -1.000000000000000000, 0.000000000000000000 ) ) ;
#1102 = ORIENTED_EDGE ( 'NONE', *, *, #111, .F. ) ;
#1103 = ORIENTED_EDGE ( 'NONE', *, *, #475, .F. ) ;
#1104 = CARTESIAN_POINT ( 'NONE',  ( 12.69999999999999929, -50.04532472225498907, -31.75000000000000000 ) ) ;
#1105 = DIRECTION ( 'NONE',  ( 8.115498896123167176E-15, 0.000000000000000000, 1.000000000000000000 ) ) ;
#1106 = CARTESIAN_POINT ( 'NONE',  ( 12.69999999999999929, -5.460999999999999410, -19.05000000000000071 ) ) ;
#1107 = VERTEX_POINT ( 'NONE', #4906 ) ;
#1108 = FACE_OUTER_BOUND ( 'NONE', #1287, .T. ) ;
#1109 = LINE ( 'NONE', #1616, #2194 ) ;
#1110 = DIRECTION ( 'NONE',  ( 0.000000000000000000, 0.000000000000000000, 1.000000000000000000 ) ) ;
#1111 = CARTESIAN_POINT ( 'NONE',  ( -2.630594115711841125E-16, -5.460999999999999410, -31.75000000000000000 ) ) ;
#1112 = ORIENTED_EDGE ( 'NONE', *, *, #3162, .T. ) ;
#1113 = CARTESIAN_POINT ( 'NONE',  ( 18.89999999999976055, 6.200999999999999623, -13.83137084989834165 ) ) ;
#1114 = EDGE_LOOP ( 'NONE', ( #1803, #3583, #3725, #3836 ) ) ;
#1115 =( BOUNDED_CURVE ( )  B_SPLINE_CURVE ( 3, ( #26, #2779, #3276, #5015 ),
 .UNSPECIFIED., .F., .T. ) 
 B_SPLINE_CURVE_WITH_KNOTS ( ( 4, 4 ),
 ( 4.362112093716119077, 4.472917508490047211 ),
 .UNSPECIFIED. ) 
 CURVE ( )  GEOMETRIC_REPRESENTATION_ITEM ( )  RATIONAL_B_SPLINE_CURVE ( ( 1.000000000000000000, 0.9989771083553060649, 0.9989771083553060649, 1.000000000000000000 ) ) 
 REPRESENTATION_ITEM ( '' )  );
#1116 = ORIENTED_EDGE ( 'NONE', *, *, #3424, .T. ) ;
#1117 = VECTOR ( 'NONE', #5392, 1000.000000000000000 ) ;
#1118 = DIRECTION ( 'NONE',  ( -0.000000000000000000, -0.000000000000000000, -1.000000000000000000 ) ) ;
#1119 = AXIS2_PLACEMENT_3D ( 'NONE', #2678, #4447, #4506 ) ;
#1120 = CARTESIAN_POINT ( 'NONE',  ( 12.70000000000000284, -2.175000000000001599, -6.350000000000004974 ) ) ;
#1121 = DIRECTION ( 'NONE',  ( 1.000000000000000000, 0.000000000000000000, -8.260587980841937794E-15 ) ) ;
#1122 = VERTEX_POINT ( 'NONE', #420 ) ;
#1123 = ADVANCED_FACE ( 'NONE', ( #977 ), #870, .T. ) ;
#1124 = EDGE_CURVE ( 'NONE', #124, #5185, #4573, .T. ) ;
#1125 = VERTEX_POINT ( 'NONE', #76 ) ;
#1126 = ORIENTED_EDGE ( 'NONE', *, *, #1243, .T. ) ;
#1127 = CIRCLE ( 'NONE', #1509, 2.100000000000000089 ) ;
#1128 = CARTESIAN_POINT ( 'NONE',  ( 18.89999999999977831, 6.200999999999999623, -11.56862915010164627 ) ) ;
#1129 = DATE_AND_TIME ( #3435, #5259 ) ;
#1130 = ADVANCED_FACE ( 'NONE', ( #1001 ), #3392, .T. ) ;
#1131 = DIRECTION ( 'NONE',  ( 1.000000000000000000, 0.000000000000000000, 0.000000000000000000 ) ) ;
#1132 = AXIS2_PLACEMENT_3D ( 'NONE', #1291, #3091, #4789 ) ;
#1133 = CARTESIAN_POINT ( 'NONE',  ( 13.09999999999999964, 2.061552812808830293, 5.438999999999999169 ) ) ;
#1134 = ORIENTED_EDGE ( 'NONE', *, *, #1849, .T. ) ;
#1135 = CARTESIAN_POINT ( 'NONE',  ( 0.4000000000000000222, 1.820969194338324160, 6.090132639966192585 ) ) ;
#1136 = CARTESIAN_POINT ( 'NONE',  ( 6.350000000000000533, -4.174999999999999822, -25.39999999999999858 ) ) ;
#1137 = ADVANCED_FACE ( 'NONE', ( #5186 ), #5568, .T. ) ;
#1138 = FACE_BOUND ( 'NONE', #4341, .T. ) ;
#1139 = ORIENTED_EDGE ( 'NONE', *, *, #4699, .F. ) ;
#1140 = DIRECTION ( 'NONE',  ( -0.000000000000000000, -0.000000000000000000, -1.000000000000000000 ) ) ;
#1141 = CARTESIAN_POINT ( 'NONE',  ( 12.69999999999999929, 0.000000000000000000, 0.000000000000000000 ) ) ;
#1142 = CYLINDRICAL_SURFACE ( 'NONE', #5543, 6.199999999999781686 ) ;
#1143 = CIRCLE ( 'NONE', #481, 2.100000000000000977 ) ;
#1144 = EDGE_LOOP ( 'NONE', ( #5157, #5127, #4432, #686 ) ) ;
#1145 = CARTESIAN_POINT ( 'NONE',  ( 0.000000000000000000, 0.000000000000000000, 0.8890000000000009006 ) ) ;
#1146 = ORIENTED_EDGE ( 'NONE', *, *, #1581, .F. ) ;
#1147 = EDGE_CURVE ( 'NONE', #5803, #3829, #5149, .T. ) ;
#1148 = VERTEX_POINT ( 'NONE', #4717 ) ;
#1149 = AXIS2_PLACEMENT_3D ( 'NONE', #2886, #5501, #68 ) ;
#1150 = DIRECTION ( 'NONE',  ( 0.7071067811865466846, -7.330486454263132987E-17, 0.7071067811865483499 ) ) ;
#1151 = DIRECTION ( 'NONE',  ( 1.000000000000000000, -1.365923996832131363E-16, 0.000000000000000000 ) ) ;
#1152 = CARTESIAN_POINT ( 'NONE',  ( 12.69999999999999929, -6.201024999999999565, -21.15000000000000213 ) ) ;
#1153 = ORIENTED_EDGE ( 'NONE', *, *, #5131, .T. ) ;
#1154 = VECTOR ( 'NONE', #4500, 1000.000000000000000 ) ;
#1155 = ORIENTED_EDGE ( 'NONE', *, *, #390, .T. ) ;
#1156 = VERTEX_POINT ( 'NONE', #4741 ) ;
#1157 = DIRECTION ( 'NONE',  ( 1.000000000000000000, 0.000000000000000000, 0.000000000000000000 ) ) ;
#1158 = DATE_TIME_ROLE ( 'creation_date' ) ;
#1159 = CARTESIAN_POINT ( 'NONE',  ( 12.70000000000000284, -6.201024999999999565, -8.450000000000006395 ) ) ;
#1160 = DIRECTION ( 'NONE',  ( -0.000000000000000000, 1.000000000000000000, -0.000000000000000000 ) ) ;
#1161 = EDGE_CURVE ( 'NONE', #1597, #5600, #3363, .T. ) ;
#1162 = VERTEX_POINT ( 'NONE', #5597 ) ;
#1163 = CARTESIAN_POINT ( 'NONE',  ( 0.4000000000000000777, 2.182266827280789911, 5.773579458367406048 ) ) ;
#1164 = CARTESIAN_POINT ( 'NONE',  ( 18.89999999999978542, -50.04532472225498907, -31.75000000000000000 ) ) ;
#1165 = DIRECTION ( 'NONE',  ( -0.000000000000000000, 1.000000000000000000, -0.000000000000000000 ) ) ;
#1166 = ORIENTED_EDGE ( 'NONE', *, *, #2425, .F. ) ;
#1167 = AXIS2_PLACEMENT_3D ( 'NONE', #2867, #5135, #615 ) ;
#1168 = EDGE_CURVE ( 'NONE', #2906, #1598, #5128, .T. ) ;
#1169 = LINE ( 'NONE', #309, #983 ) ;
#1170 = EDGE_CURVE ( 'NONE', #4890, #1321, #2033, .T. ) ;
#1171 = FACE_OUTER_BOUND ( 'NONE', #1642, .T. ) ;
#1172 = CARTESIAN_POINT ( 'NONE',  ( -2.630594115711841125E-16, -0.8890000000000000124, -16.94999999999999929 ) ) ;
#1173 = VECTOR ( 'NONE', #371, 1000.000000000000000 ) ;
#1174 = VERTEX_POINT ( 'NONE', #4687 ) ;
#1175 = VERTEX_POINT ( 'NONE', #5156 ) ;
#1176 = CIRCLE ( 'NONE', #4850, 3.175000000000000711 ) ;
#1177 = DIRECTION ( 'NONE',  ( 0.7071067811865453523, 0.000000000000000000, -0.7071067811865496822 ) ) ;
#1178 = EDGE_LOOP ( 'NONE', ( #534, #2681, #4331, #1013 ) ) ;
#1179 = CARTESIAN_POINT ( 'NONE',  ( 6.350000000000002309, -5.460999999999999410, -12.69999999999999929 ) ) ;
#1180 = CARTESIAN_POINT ( 'NONE',  ( 13.09999999999999964, 2.182266827280790356, 5.773579458367407824 ) ) ;
#1181 = LINE ( 'NONE', #4307, #4133 ) ;
#1182 = EDGE_CURVE ( 'NONE', #4252, #432, #623, .T. ) ;
#1183 = CIRCLE ( 'NONE', #1933, 2.100000000000000977 ) ;
#1184 = ORIENTED_EDGE ( 'NONE', *, *, #1482, .T. ) ;
#1185 = VERTEX_POINT ( 'NONE', #2003 ) ;
#1186 = ORIENTED_EDGE ( 'NONE', *, *, #819, .F. ) ;
#1187 = VERTEX_POINT ( 'NONE', #3803 ) ;
#1188 = DIRECTION ( 'NONE',  ( 0.7071067811865466846, 0.000000000000000000, 0.7071067811865483499 ) ) ;
#1189 = COORDINATED_UNIVERSAL_TIME_OFFSET ( 6, 0, .BEHIND. ) ;
#1190 = LINE ( 'NONE', #4755, #1602 ) ;
#1191 = ADVANCED_FACE ( 'NONE', ( #4273 ), #3828, .T. ) ;
#1192 = VERTEX_POINT ( 'NONE', #5309 ) ;
#1193 = FACE_OUTER_BOUND ( 'NONE', #4246, .T. ) ;
#1194 = AXIS2_PLACEMENT_3D ( 'NONE', #4465, #4025, #1887 ) ;
#1195 = DIRECTION ( 'NONE',  ( 0.000000000000000000, 0.000000000000000000, -1.000000000000000000 ) ) ;
#1196 = AXIS2_PLACEMENT_3D ( 'NONE', #5528, #1996, #4153 ) ;
#1197 = DIRECTION ( 'NONE',  ( 0.000000000000000000, 0.000000000000000000, -1.000000000000000000 ) ) ;
#1198 = EDGE_CURVE ( 'NONE', #4172, #3304, #151, .T. ) ;
#1199 = EDGE_LOOP ( 'NONE', ( #4183, #3896, #415, #2506 ) ) ;
#1200 = EDGE_CURVE ( 'NONE', #906, #2541, #923, .T. ) ;
#1201 = FACE_OUTER_BOUND ( 'NONE', #1114, .T. ) ;
#1202 = FACE_OUTER_BOUND ( 'NONE', #634, .T. ) ;
#1203 = DIRECTION ( 'NONE',  ( -1.195183497228115281E-16, -1.000000000000000000, 0.000000000000000000 ) ) ;
#1204 = ADVANCED_FACE ( 'NONE', ( #5139 ), #5153, .T. ) ;
#1205 = EDGE_CURVE ( 'NONE', #4103, #1928, #3484, .T. ) ;
#1206 = EDGE_CURVE ( 'NONE', #4202, #641, #1251, .T. ) ;
#1207 = ORIENTED_EDGE ( 'NONE', *, *, #787, .F. ) ;
#1208 = ORIENTED_EDGE ( 'NONE', *, *, #2133, .T. ) ;
#1209 = DIRECTION ( 'NONE',  ( 0.000000000000000000, 1.000000000000000000, 0.000000000000000000 ) ) ;
#1210 = ORIENTED_EDGE ( 'NONE', *, *, #2233, .F. ) ;
#1211 = LINE ( 'NONE', #3955, #3051 ) ;
#1212 = FACE_OUTER_BOUND ( 'NONE', #5558, .T. ) ;
#1213 = DIRECTION ( 'NONE',  ( 1.209468558947973047E-16, 1.000000000000000000, 0.000000000000000000 ) ) ;
#1214 = DIRECTION ( 'NONE',  ( 0.000000000000000000, 0.000000000000000000, -1.000000000000000000 ) ) ;
#1215 = EDGE_CURVE ( 'NONE', #124, #446, #801, .T. ) ;
#1216 = ORIENTED_EDGE ( 'NONE', *, *, #156, .F. ) ;
#1217 = ORIENTED_EDGE ( 'NONE', *, *, #4834, .F. ) ;
#1218 = ORIENTED_EDGE ( 'NONE', *, *, #3258, .T. ) ;
#1219 = AXIS2_PLACEMENT_3D ( 'NONE', #467, #1853, #3550 ) ;
#1220 = ORIENTED_EDGE ( 'NONE', *, *, #2181, .T. ) ;
#1221 = CARTESIAN_POINT ( 'NONE',  ( -5.199999999999866063, -50.04532472225498907, -31.75000000000000000 ) ) ;
#1222 = VECTOR ( 'NONE', #2240, 1000.000000000000114 ) ;
#1223 = CIRCLE ( 'NONE', #2534, 3.175000000000000711 ) ;
#1224 = ADVANCED_FACE ( 'NONE', ( #1708 ), #735, .F. ) ;
#1225 = COORDINATED_UNIVERSAL_TIME_OFFSET ( 6, 0, .BEHIND. ) ;
#1226 = AXIS2_PLACEMENT_3D ( 'NONE', #5390, #5763, #4917 ) ;
#1227 = CARTESIAN_POINT ( 'NONE',  ( -5.199999999999993072, -50.04532472225498907, -23.85441558772832948 ) ) ;
#1228 = ORIENTED_EDGE ( 'NONE', *, *, #3341, .T. ) ;
#1229 = CARTESIAN_POINT ( 'NONE',  ( 12.69999999999999929, -4.174999999999999822, -34.92499999999999716 ) ) ;
#1230 = DIRECTION ( 'NONE',  ( -0.7071067811865453523, 0.000000000000000000, 0.7071067811865496822 ) ) ;
#1231 = DIRECTION ( 'NONE',  ( -1.444274288350615811E-15, 0.000000000000000000, 1.000000000000000000 ) ) ;
#1232 = AXIS2_PLACEMENT_3D ( 'NONE', #3695, #5022, #7 ) ;
#1233 = CARTESIAN_POINT ( 'NONE',  ( 12.30000000000000071, -3.174999999999998934, 5.139000000000001123 ) ) ;
#1234 = ORIENTED_EDGE ( 'NONE', *, *, #5488, .F. ) ;
#1235 = CARTESIAN_POINT ( 'NONE',  ( 0.7206315775864680084, 1.972483239316684234, 5.138999999999997570 ) ) ;
#1236 = CARTESIAN_POINT ( 'NONE',  ( 14.25496604936460265, 0.000000000000000000, 5.389000000000001123 ) ) ;
#1237 = CC_DESIGN_PERSON_AND_ORGANIZATION_ASSIGNMENT ( #3904, #4754, ( #4784 ) ) ;
#1238 = DIRECTION ( 'NONE',  ( 1.000000000000000000, 0.000000000000000000, 0.000000000000000000 ) ) ;
#1239 = ORIENTED_EDGE ( 'NONE', *, *, #2690, .F. ) ;
#1240 = EDGE_LOOP ( 'NONE', ( #3230, #5717, #4899, #3410, #1468, #3696, #995, #89, #5414, #1091, #5526, #5215 ) ) ;
#1241 = CARTESIAN_POINT ( 'NONE',  ( 12.69999999999999929, -4.174999999999999822, -31.75000000000000000 ) ) ;
#1242 = DIRECTION ( 'NONE',  ( -0.000000000000000000, -1.000000000000000000, -0.000000000000000000 ) ) ;
#1243 = EDGE_CURVE ( 'NONE', #352, #2013, #3852, .T. ) ;
#1244 = DIRECTION ( 'NONE',  ( 0.000000000000000000, 0.000000000000000000, 1.000000000000000000 ) ) ;
#1245 = CARTESIAN_POINT ( 'NONE',  ( 39.41256980544224575, -4.175000000000003375, -55.76698539317088432 ) ) ;
#1246 = VECTOR ( 'NONE', #3776, 1000.000000000000000 ) ;
#1247 = CARTESIAN_POINT ( 'NONE',  ( 9.524999999999998579, 3.888253587292846081E-16, 0.000000000000000000 ) ) ;
#1248 = ORIENTED_EDGE ( 'NONE', *, *, #2929, .T. ) ;
#1249 = ORIENTED_EDGE ( 'NONE', *, *, #2324, .T. ) ;
#1250 = EDGE_LOOP ( 'NONE', ( #3394, #485, #4189, #628 ) ) ;
#1251 = B_SPLINE_CURVE_WITH_KNOTS ( 'NONE', 3,
 ( #314, #1513, #2982, #2873 ),
 .UNSPECIFIED., .F., .F.,
 ( 4, 4 ),
 ( 0.003655977453372196047, 0.003758849537120531516 ),
 .UNSPECIFIED. ) ;
#1252 = EDGE_CURVE ( 'NONE', #5628, #1175, #4803, .T. ) ;
#1253 = EDGE_LOOP ( 'NONE', ( #2824, #2047, #3703, #5616 ) ) ;
#1254 = DIRECTION ( 'NONE',  ( 0.000000000000000000, 1.000000000000000000, 0.000000000000000000 ) ) ;
#1255 = B_SPLINE_CURVE_WITH_KNOTS ( 'NONE', 3,
 ( #4102, #5449, #1802, #944, #5035, #546, #47, #3610, #2276, #21 ),
 .UNSPECIFIED., .F., .F.,
 ( 4, 2, 2, 2, 4 ),
 ( 0.000000000000000000, 0.0003704147845104412639, 0.0007408295690208825278, 0.001111244353531323521, 0.001481659138041764622 ),
 .UNSPECIFIED. ) ;
#1256 = VECTOR ( 'NONE', #2081, 1000.000000000000000 ) ;
#1257 = DIRECTION ( 'NONE',  ( -0.000000000000000000, -1.000000000000000000, -0.000000000000000000 ) ) ;
#1258 = ORIENTED_EDGE ( 'NONE', *, *, #4195, .F. ) ;
#1259 = DIRECTION ( 'NONE',  ( -0.000000000000000000, 1.000000000000000000, -0.000000000000000000 ) ) ;
#1260 = DIRECTION ( 'NONE',  ( -0.000000000000000000, -0.000000000000000000, 1.000000000000000000 ) ) ;
#1261 = PLANE ( 'NONE',  #4315 ) ;
#1262 = DIRECTION ( 'NONE',  ( 1.000000000000000000, 0.000000000000000000, -0.000000000000000000 ) ) ;
#1263 = EDGE_CURVE ( 'NONE', #96, #1334, #665, .T. ) ;
#1264 = ORIENTED_EDGE ( 'NONE', *, *, #4635, .F. ) ;
#1265 = CARTESIAN_POINT ( 'NONE',  ( 17.89999999999995239, -6.199999999999997513, -31.75000000000000000 ) ) ;
#1266 = CARTESIAN_POINT ( 'NONE',  ( 0.6477403412507656277, -1.999113491775012408, 4.305849356269923156 ) ) ;
#1267 = DIRECTION ( 'NONE',  ( -0.000000000000000000, 1.000000000000000000, -0.000000000000000000 ) ) ;
#1268 = PRODUCT ( '228-2500-137', '228-2500-137', '', ( #657 ) ) ;
#1269 = VERTEX_POINT ( 'NONE', #3923 ) ;
#1270 = ORIENTED_EDGE ( 'NONE', *, *, #4627, .T. ) ;
#1271 = DIRECTION ( 'NONE',  ( 0.000000000000000000, 0.000000000000000000, 1.000000000000000000 ) ) ;
#1272 = CIRCLE ( 'NONE', #2393, 2.100000000000000089 ) ;
#1273 = CARTESIAN_POINT ( 'NONE',  ( -2.630594115710311721E-16, -6.199999999999997513, -36.94999999999986784 ) ) ;
#1274 = DIRECTION ( 'NONE',  ( -0.000000000000000000, 1.000000000000000000, -0.000000000000000000 ) ) ;
#1275 = CARTESIAN_POINT ( 'NONE',  ( -2.100000000000000089, 0.000000000000000000, 5.438999999999999169 ) ) ;
#1276 = DIRECTION ( 'NONE',  ( 1.000000000000000000, 0.000000000000000000, 0.000000000000000000 ) ) ;
#1277 = ORIENTED_EDGE ( 'NONE', *, *, #1310, .T. ) ;
#1278 = ORIENTED_EDGE ( 'NONE', *, *, #2893, .T. ) ;
#1279 = EDGE_LOOP ( 'NONE', ( #5429, #5826 ) ) ;
#1280 = EDGE_CURVE ( 'NONE', #554, #166, #3968, .T. ) ;
#1281 = ORIENTED_EDGE ( 'NONE', *, *, #5322, .T. ) ;
#1282 = FACE_OUTER_BOUND ( 'NONE', #1250, .T. ) ;
#1283 = CIRCLE ( 'NONE', #2313, 3.175000000000001155 ) ;
#1284 = EDGE_CURVE ( 'NONE', #979, #2512, #347, .T. ) ;
#1285 = EDGE_CURVE ( 'NONE', #5802, #3658, #5679, .T. ) ;
#1286 = CARTESIAN_POINT ( 'NONE',  ( 12.30000000000000071, -2.232710535457612888, 5.620762745781209269 ) ) ;
#1287 = EDGE_LOOP ( 'NONE', ( #5114, #5014, #4238, #104 ) ) ;
#1288 = CARTESIAN_POINT ( 'NONE',  ( 12.69999999999999929, 0.000000000000000000, 0.8890000000000009006 ) ) ;
#1289 = FACE_OUTER_BOUND ( 'NONE', #2609, .T. ) ;
#1290 = PLANE ( 'NONE',  #4598 ) ;
#1291 = CARTESIAN_POINT ( 'NONE',  ( -2.630594115711841125E-16, -0.8890000000000000124, -19.05000000000000071 ) ) ;
#1292 = EDGE_LOOP ( 'NONE', ( #74, #4631 ) ) ;
#1293 = CARTESIAN_POINT ( 'NONE',  ( -5.199999999997406697, -4.174999999999998934, -101.3795551986129766 ) ) ;
#1294 = AXIS2_PLACEMENT_3D ( 'NONE', #4098, #2768, #435 ) ;
#1295 = LINE ( 'NONE', #2298, #4913 ) ;
#1296 = CARTESIAN_POINT ( 'NONE',  ( 0.4980973490458738828, 2.040073290564206943, 2.595422128626172054 ) ) ;
#1297 = VERTEX_POINT ( 'NONE', #2184 ) ;
#1298 = ORIENTED_EDGE ( 'NONE', *, *, #3247, .F. ) ;
#1299 = PLANE ( 'NONE',  #148 ) ;
#1300 = CARTESIAN_POINT ( 'NONE',  ( -6.199999999999783462, -6.199999999999997513, -31.75000000000000000 ) ) ;
#1301 = CARTESIAN_POINT ( 'NONE',  ( 0.7206315775864680084, -3.174999999999999822, 5.138999999999997570 ) ) ;
#1302 = LINE ( 'NONE', #4017, #640 ) ;
#1303 = PLANE ( 'NONE',  #4420 ) ;
#1304 = EDGE_LOOP ( 'NONE', ( #1596, #4459, #2533, #922 ) ) ;
#1305 = VERTEX_POINT ( 'NONE', #5244 ) ;
#1306 = ORIENTED_EDGE ( 'NONE', *, *, #4879, .T. ) ;
#1307 = ORIENTED_EDGE ( 'NONE', *, *, #4797, .F. ) ;
#1308 = VECTOR ( 'NONE', #4061, 1000.000000000000000 ) ;
#1309 = PLANE ( 'NONE',  #4665 ) ;
#1310 = EDGE_CURVE ( 'NONE', #205, #124, #3009, .T. ) ;
#1311 = DIRECTION ( 'NONE',  ( -0.000000000000000000, -1.000000000000000000, -0.000000000000000000 ) ) ;
#1312 = AXIS2_PLACEMENT_3D ( 'NONE', #2916, #5124, #1026 ) ;
#1313 = VERTEX_POINT ( 'NONE', #3953 ) ;
#1314 = CARTESIAN_POINT ( 'NONE',  ( 12.45292762166693024, -2.087434397081524118, 2.187282604411543652 ) ) ;
#1315 = CARTESIAN_POINT ( 'NONE',  ( 0.000000000000000000, 0.000000000000000000, 5.139000000000004675 ) ) ;
#1316 = ADVANCED_FACE ( 'NONE', ( #5740 ), #4863, .T. ) ;
#1317 = AXIS2_PLACEMENT_3D ( 'NONE', #431, #2237, #458 ) ;
#1318 = FACE_OUTER_BOUND ( 'NONE', #5686, .T. ) ;
#1319 = LINE ( 'NONE', #5758, #4809 ) ;
#1320 = VECTOR ( 'NONE', #1402, 1000.000000000000000 ) ;
#1321 = VERTEX_POINT ( 'NONE', #5108 ) ;
#1322 = CARTESIAN_POINT ( 'NONE',  ( -1.014510943328118249E-13, -0.1999999999999996503, -37.94999999999973284 ) ) ;
#1323 = EDGE_CURVE ( 'NONE', #858, #251, #4481, .T. ) ;
#1324 = CARTESIAN_POINT ( 'NONE',  ( 9.721665018948350223, 6.200000000000000178, -37.94999999999978257 ) ) ;
#1325 = CARTESIAN_POINT ( 'NONE',  ( 0.4000000000000000222, -1.821676962433383062, 6.089970303311149635 ) ) ;
#1326 = ORIENTED_EDGE ( 'NONE', *, *, #2424, .T. ) ;
#1327 = CIRCLE ( 'NONE', #2357, 3.175000000000000711 ) ;
#1328 = ORIENTED_EDGE ( 'NONE', *, *, #5147, .F. ) ;
#1329 = DIRECTION ( 'NONE',  ( 1.000000000000000000, 0.000000000000000000, 0.000000000000000000 ) ) ;
#1330 = CARTESIAN_POINT ( 'NONE',  ( 6.350000000000002309, -0.8890000000000000124, -12.69999999999999929 ) ) ;
#1331 = FACE_OUTER_BOUND ( 'NONE', #4509, .T. ) ;
#1332 = DIRECTION ( 'NONE',  ( 0.000000000000000000, 0.000000000000000000, 1.000000000000000000 ) ) ;
#1333 = DIRECTION ( 'NONE',  ( -0.000000000000000000, 1.000000000000000000, -0.000000000000000000 ) ) ;
#1334 = VERTEX_POINT ( 'NONE', #1070 ) ;
#1335 = ORIENTED_EDGE ( 'NONE', *, *, #1398, .F. ) ;
#1336 = ORIENTED_EDGE ( 'NONE', *, *, #2424, .F. ) ;
#1337 = ORIENTED_EDGE ( 'NONE', *, *, #5020, .T. ) ;
#1338 = CARTESIAN_POINT ( 'NONE',  ( -2.630594115711841125E-16, -5.460999999999999410, -16.94999999999999929 ) ) ;
#1339 = VECTOR ( 'NONE', #670, 1000.000000000000000 ) ;
#1340 = FACE_OUTER_BOUND ( 'NONE', #5834, .T. ) ;
#1341 = ORIENTED_EDGE ( 'NONE', *, *, #550, .F. ) ;
#1342 = CARTESIAN_POINT ( 'NONE',  ( -2.630594115711841125E-16, -0.8890000000000000124, -31.75000000000000000 ) ) ;
#1343 = CIRCLE ( 'NONE', #5662, 2.100000000000000977 ) ;
#1344 = CARTESIAN_POINT ( 'NONE',  ( 6.289039597907045724E-15, -0.8890000000000000124, -3.175000000000005151 ) ) ;
#1345 = ADVANCED_FACE ( 'NONE', ( #5579 ), #4977, .F. ) ;
#1346 = CARTESIAN_POINT ( 'NONE',  ( 6.350000000000000533, -5.460999999999999410, -28.57499999999999929 ) ) ;
#1347 = DIRECTION ( 'NONE',  ( 1.000000000000000000, 0.000000000000000000, 0.000000000000000000 ) ) ;
#1348 = AXIS2_PLACEMENT_3D ( 'NONE', #4118, #61, #3672 ) ;
#1349 = EDGE_CURVE ( 'NONE', #1334, #96, #1796, .T. ) ;
#1350 = EDGE_LOOP ( 'NONE', ( #5764, #3656, #187, #2219 ) ) ;
#1351 = DIRECTION ( 'NONE',  ( 0.000000000000000000, 1.000000000000000000, 0.000000000000000000 ) ) ;
#1352 = CARTESIAN_POINT ( 'NONE',  ( 6.350000000000002309, -5.460999999999999410, -12.69999999999999929 ) ) ;
#1353 = CARTESIAN_POINT ( 'NONE',  ( 17.89999999999999147, -2.175000000000002043, -101.3795551986130192 ) ) ;
#1354 = DIRECTION ( 'NONE',  ( -8.115498896123205041E-15, 0.000000000000000000, 1.000000000000000000 ) ) ;
#1355 = ORIENTED_EDGE ( 'NONE', *, *, #329, .F. ) ;
#1356 = EDGE_CURVE ( 'NONE', #5379, #2749, #44, .T. ) ;
#1357 = EDGE_CURVE ( 'NONE', #3741, #3726, #530, .T. ) ;
#1358 = CARTESIAN_POINT ( 'NONE',  ( -2.630594115711841125E-16, -6.201024999999999565, -19.05000000000000071 ) ) ;
#1359 = ADVANCED_FACE ( 'NONE', ( #4893 ), #914, .T. ) ;
#1360 = CARTESIAN_POINT ( 'NONE',  ( 12.69999999999999929, -0.8890000000000000124, -31.75000000000000000 ) ) ;
#1361 = LINE ( 'NONE', #5829, #1537 ) ;
#1362 = CARTESIAN_POINT ( 'NONE',  ( -1.014510943328118249E-13, -50.04532472225498907, -37.94999999999973284 ) ) ;
#1363 = CARTESIAN_POINT ( 'NONE',  ( 0.7206315775864680084, -3.174999999999999822, 5.138999999999997570 ) ) ;
#1364 = CARTESIAN_POINT ( 'NONE',  ( 9.721665018948350223, 6.200000000000000178, -2.000000000000001776 ) ) ;
#1365 = ORIENTED_EDGE ( 'NONE', *, *, #255, .F. ) ;
#1366 = ORIENTED_EDGE ( 'NONE', *, *, #4555, .F. ) ;
#1367 = ORIENTED_EDGE ( 'NONE', *, *, #1532, .T. ) ;
#1368 = VECTOR ( 'NONE', #5210, 1000.000000000000000 ) ;
#1369 = ORIENTED_EDGE ( 'NONE', *, *, #951, .F. ) ;
#1370 = DIRECTION ( 'NONE',  ( 0.000000000000000000, 0.000000000000000000, -1.000000000000000000 ) ) ;
#1371 = CIRCLE ( 'NONE', #5031, 5.199999999999866063 ) ;
#1372 = AXIS2_PLACEMENT_3D ( 'NONE', #5750, #5376, #5720 ) ;
#1373 = FACE_OUTER_BOUND ( 'NONE', #197, .T. ) ;
#1374 = CARTESIAN_POINT ( 'NONE',  ( -0.6477403412507650726, 1.999113491775012852, 4.305849356269930261 ) ) ;
#1375 = CARTESIAN_POINT ( 'NONE',  ( -0.7206315775864664541, 1.972483239316684234, 5.138999999999997570 ) ) ;
#1376 = DIRECTION ( 'NONE',  ( -0.000000000000000000, 1.000000000000000000, -0.000000000000000000 ) ) ;
#1377 = EDGE_LOOP ( 'NONE', ( #3038, #4857, #967, #1743 ) ) ;
#1378 = CARTESIAN_POINT ( 'NONE',  ( -6.200000000000000178, 3.469446951953614189E-15, -2.000000000000000000 ) ) ;
#1379 = DIRECTION ( 'NONE',  ( -0.000000000000000000, 1.000000000000000000, -0.000000000000000000 ) ) ;
#1380 = EDGE_CURVE ( 'NONE', #4900, #5629, #4715, .T. ) ;
#1381 = EDGE_CURVE ( 'NONE', #4661, #3634, #4484, .T. ) ;
#1382 = PLANE ( 'NONE',  #2729 ) ;
#1383 = ORIENTED_EDGE ( 'NONE', *, *, #4348, .F. ) ;
#1384 = CIRCLE ( 'NONE', #4404, 3.175000000000000711 ) ;
#1385 = CARTESIAN_POINT ( 'NONE',  ( -0.3999999999999999667, -3.174999999999999822, 6.138999999999998458 ) ) ;
#1386 = CARTESIAN_POINT ( 'NONE',  ( -6.199999999999999289, -6.200000000000000178, -2.000000000000000000 ) ) ;
#1387 = ADVANCED_FACE ( 'NONE', ( #4510 ), #3156, .T. ) ;
#1388 = ADVANCED_FACE ( 'NONE', ( #4014 ), #1798, .T. ) ;
#1389 = LINE ( 'NONE', #4101, #3006 ) ;
#1390 = EDGE_CURVE ( 'NONE', #1628, #3838, #3606, .T. ) ;
#1391 = CARTESIAN_POINT ( 'NONE',  ( 13.19809734904587195, 2.040073290564206943, 2.595422128626172054 ) ) ;
#1392 = VECTOR ( 'NONE', #3676, 1000.000000000000000 ) ;
#1393 = EDGE_LOOP ( 'NONE', ( #3802, #2574, #3137, #194 ) ) ;
#1394 = ORIENTED_EDGE ( 'NONE', *, *, #3122, .F. ) ;
#1395 = ORIENTED_EDGE ( 'NONE', *, *, #1956, .F. ) ;
#1396 = ORIENTED_EDGE ( 'NONE', *, *, #3950, .T. ) ;
#1397 = DIRECTION ( 'NONE',  ( 0.000000000000000000, -0.000000000000000000, 1.000000000000000000 ) ) ;
#1398 = EDGE_CURVE ( 'NONE', #251, #5287, #2366, .T. ) ;
#1399 = DIRECTION ( 'NONE',  ( 0.000000000000000000, 0.000000000000000000, 1.000000000000000000 ) ) ;
#1400 = CYLINDRICAL_SURFACE ( 'NONE', #987, 2.099999999999999645 ) ;
#1401 = CARTESIAN_POINT ( 'NONE',  ( 12.30000000000000071, -1.502637486114517751, 6.138999999999998458 ) ) ;
#1402 = DIRECTION ( 'NONE',  ( -0.000000000000000000, 1.000000000000000000, -0.000000000000000000 ) ) ;
#1403 = CIRCLE ( 'NONE', #1494, 3.174999999999999822 ) ;
#1404 = FACE_OUTER_BOUND ( 'NONE', #850, .T. ) ;
#1405 = TOROIDAL_SURFACE ( 'NONE', #939, 1.554966049364602254, 0.7500000000000000000 ) ;
#1406 = ORIENTED_EDGE ( 'NONE', *, *, #2863, .T. ) ;
#1407 = DIRECTION ( 'NONE',  ( 0.000000000000000000, 0.000000000000000000, -1.000000000000000000 ) ) ;
#1408 = CARTESIAN_POINT ( 'NONE',  ( 6.289039597907045724E-15, -2.174999999999999822, -3.175000000000005151 ) ) ;
#1409 = AXIS2_PLACEMENT_3D ( 'NONE', #1385, #4539, #4452 ) ;
#1410 = VECTOR ( 'NONE', #2286, 1000.000000000000114 ) ;
#1411 = DIRECTION ( 'NONE',  ( 1.000000000000000000, 0.000000000000000000, -0.000000000000000000 ) ) ;
#1413 = VERTEX_POINT ( 'NONE', #3982 ) ;
#1412 = AXIS2_PLACEMENT_3D ( 'NONE', #3752, #3667, #2809 ) ;
#1414 = CARTESIAN_POINT ( 'NONE',  ( -0.3999999999999999667, -2.129368206736822700, 5.466985055880803301 ) ) ;
#1415 = PLANE ( 'NONE',  #4068 ) ;
#1416 = DIRECTION ( 'NONE',  ( -5.597763149370537802E-15, 0.000000000000000000, 1.000000000000000000 ) ) ;
#1417 = DIRECTION ( 'NONE',  ( 1.000000000000000000, 8.881784197001252323E-16, 0.000000000000000000 ) ) ;
#1418 = CIRCLE ( 'NONE', #4710, 2.100000000000000977 ) ;
#1419 = ORIENTED_EDGE ( 'NONE', *, *, #3479, .T. ) ;
#1420 = ORIENTED_EDGE ( 'NONE', *, *, #3224, .F. ) ;
#1421 = EDGE_LOOP ( 'NONE', ( #5606, #1210, #2089, #3681 ) ) ;
#1422 = EDGE_CURVE ( 'NONE', #2068, #166, #3629, .T. ) ;
#1423 = EDGE_LOOP ( 'NONE', ( #2700, #3485, #3960, #1877 ) ) ;
#1424 = CARTESIAN_POINT ( 'NONE',  ( 1.257659471581005203E-16, -0.8890000000000000124, -28.57499999999999929 ) ) ;
#1425 = DIRECTION ( 'NONE',  ( 0.000000000000000000, 0.000000000000000000, 1.000000000000000000 ) ) ;
#1426 = ADVANCED_FACE ( 'NONE', ( #3546, #5396 ), #1299, .T. ) ;
#1427 = LINE ( 'NONE', #2874, #1745 ) ;
#1428 = VECTOR ( 'NONE', #3074, 1000.000000000000000 ) ;
#1429 = CARTESIAN_POINT ( 'NONE',  ( 7.481370849898351771, -0.1999999999999996503, -37.94999999999978257 ) ) ;
#1430 = CYLINDRICAL_SURFACE ( 'NONE', #3766, 2.100000000000000977 ) ;
#1431 = AXIS2_PLACEMENT_3D ( 'NONE', #3946, #2914, #2028 ) ;
#1432 = ORIENTED_EDGE ( 'NONE', *, *, #1890, .F. ) ;
#1433 = CARTESIAN_POINT ( 'NONE',  ( -2.630594115711841125E-16, -50.04532472225498907, -31.75000000000000000 ) ) ;
#1434 = DIRECTION ( 'NONE',  ( -0.000000000000000000, -0.000000000000000000, -1.000000000000000000 ) ) ;
#1435 = EDGE_CURVE ( 'NONE', #1687, #2510, #5708, .T. ) ;
#1436 = CARTESIAN_POINT ( 'NONE',  ( -6.200000000000001066, 6.200000000000000178, -2.000000000000000000 ) ) ;
#1437 = VECTOR ( 'NONE', #1991, 1000.000000000000000 ) ;
#1438 = ORIENTED_EDGE ( 'NONE', *, *, #1747, .T. ) ;
#1439 = DIRECTION ( 'NONE',  ( -0.000000000000000000, 0.000000000000000000, 1.000000000000000000 ) ) ;
#1440 = CARTESIAN_POINT ( 'NONE',  ( 5.900214239177761313E-15, -5.460999999999999410, -3.175000000000005151 ) ) ;
#1441 = CARTESIAN_POINT ( 'NONE',  ( 17.89999999999999858, -2.175000000000002043, -101.3795551986130192 ) ) ;
#1442 = DIRECTION ( 'NONE',  ( 0.000000000000000000, 0.000000000000000000, 1.000000000000000000 ) ) ;
#1443 = ORIENTED_EDGE ( 'NONE', *, *, #664, .F. ) ;
#1444 = ORIENTED_EDGE ( 'NONE', *, *, #1664, .F. ) ;
#1445 = DIRECTION ( 'NONE',  ( 0.000000000000000000, 1.000000000000000000, 0.000000000000000000 ) ) ;
#1446 = ORIENTED_EDGE ( 'NONE', *, *, #4934, .F. ) ;
#1447 = VERTEX_POINT ( 'NONE', #4039 ) ;
#1448 = DIRECTION ( 'NONE',  ( -1.000000000000000000, -0.000000000000000000, -0.000000000000000000 ) ) ;
#1449 = CARTESIAN_POINT ( 'NONE',  ( 12.69999999999999929, -0.8890000000000000124, -19.05000000000000071 ) ) ;
#1450 = EDGE_CURVE ( 'NONE', #2491, #5426, #4209, .T. ) ;
#1451 = VECTOR ( 'NONE', #3549, 1000.000000000000000 ) ;
#1452 = LINE ( 'NONE', #5044, #2917 ) ;
#1453 = CC_DESIGN_SECURITY_CLASSIFICATION ( #701, ( #4784 ) ) ;
#1454 = DIRECTION ( 'NONE',  ( -0.000000000000000000, 1.000000000000000000, -0.000000000000000000 ) ) ;
#1455 = VECTOR ( 'NONE', #5116, 1000.000000000000000 ) ;
#1456 = EDGE_CURVE ( 'NONE', #3513, #3552, #2992, .T. ) ;
#1457 = EDGE_CURVE ( 'NONE', #4251, #5481, #441, .T. ) ;
#1458 = FACE_OUTER_BOUND ( 'NONE', #1015, .T. ) ;
#1459 = FACE_BOUND ( 'NONE', #2550, .T. ) ;
#1460 = AXIS2_PLACEMENT_3D ( 'NONE', #1950, #5076, #5109 ) ;
#1461 = VERTEX_POINT ( 'NONE', #4594 ) ;
#1462 = VERTEX_POINT ( 'NONE', #4624 ) ;
#1463 = CARTESIAN_POINT ( 'NONE',  ( 12.70000000000000284, -0.8890000000000000124, -4.250000000000003553 ) ) ;
#1464 = CARTESIAN_POINT ( 'NONE',  ( 12.69999999999999929, -6.199999999999997513, -37.94999999999978257 ) ) ;
#1465 = DIRECTION ( 'NONE',  ( 1.000000000000000000, 0.000000000000000000, 0.000000000000000000 ) ) ;
#1466 = VECTOR ( 'NONE', #3046, 1000.000000000000000 ) ;
#1467 = FACE_OUTER_BOUND ( 'NONE', #3865, .T. ) ;
#1468 = ORIENTED_EDGE ( 'NONE', *, *, #5386, .F. ) ;
#1469 = CARTESIAN_POINT ( 'NONE',  ( -6.199999999999999289, -6.200000000000000178, -2.000000000000000000 ) ) ;
#1470 = CARTESIAN_POINT ( 'NONE',  ( 5.900214239177761313E-15, -6.201024999999999565, -6.350000000000004974 ) ) ;
#1471 = LINE ( 'NONE', #3266, #5356 ) ;
#1472 = DIRECTION ( 'NONE',  ( 1.000000000000000000, 0.000000000000000000, -0.000000000000000000 ) ) ;
#1473 = VERTEX_POINT ( 'NONE', #3358 ) ;
#1474 = CARTESIAN_POINT ( 'NONE',  ( 12.30000000000000071, -2.264950330581225746, 5.523072258617638397 ) ) ;
#1475 = ORIENTED_EDGE ( 'NONE', *, *, #206, .T. ) ;
#1476 = EDGE_LOOP ( 'NONE', ( #3930, #387, #4462, #5286 ) ) ;
#1477 = CARTESIAN_POINT ( 'NONE',  ( -2.630594115710311721E-16, -50.04532472225498907, -31.75000000000000000 ) ) ;
#1478 = FACE_OUTER_BOUND ( 'NONE', #1659, .T. ) ;
#1479 = DIRECTION ( 'NONE',  ( -0.000000000000000000, 1.000000000000000000, -0.000000000000000000 ) ) ;
#1480 = ADVANCED_FACE ( 'NONE', ( #1108 ), #4682, .T. ) ;
#1481 = DIRECTION ( 'NONE',  ( -0.000000000000000000, 1.000000000000000000, -0.000000000000000000 ) ) ;
#1482 = EDGE_CURVE ( 'NONE', #1061, #1660, #3734, .T. ) ;
#1483 = CARTESIAN_POINT ( 'NONE',  ( -5.199999999999993072, -0.1999999999999996503, -23.85441558772832948 ) ) ;
#1484 = FACE_OUTER_BOUND ( 'NONE', #2892, .T. ) ;
#1485 = ORIENTED_EDGE ( 'NONE', *, *, #3559, .F. ) ;
#1486 = ADVANCED_FACE ( 'NONE', ( #1908 ), #1496, .T. ) ;
#1487 = ORIENTED_EDGE ( 'NONE', *, *, #2098, .T. ) ;
#1488 = DIRECTION ( 'NONE',  ( 0.000000000000000000, 0.000000000000000000, -1.000000000000000000 ) ) ;
#1489 = DIRECTION ( 'NONE',  ( -0.000000000000000000, 1.000000000000000000, -0.000000000000000000 ) ) ;
#1490 = AXIS2_PLACEMENT_3D ( 'NONE', #2112, #192, #3470 ) ;
#1491 = DIRECTION ( 'NONE',  ( 0.000000000000000000, 0.000000000000000000, -1.000000000000000000 ) ) ;
#1492 = PLANE ( 'NONE',  #4904 ) ;
#1493 = VERTEX_POINT ( 'NONE', #3735 ) ;
#1494 = AXIS2_PLACEMENT_3D ( 'NONE', #3958, #1213, #1741 ) ;
#1495 = EDGE_CURVE ( 'NONE', #4903, #1899, #4239, .T. ) ;
#1496 = PLANE ( 'NONE',  #626 ) ;
#1497 = CARTESIAN_POINT ( 'NONE',  ( -5.199999999999993072, -4.174999999999998046, -14.24558441227167371 ) ) ;
#1498 = CARTESIAN_POINT ( 'NONE',  ( 13.09999999999999964, -2.254205848354697839, 5.555636450100674750 ) ) ;
#1499 = AXIS2_PLACEMENT_3D ( 'NONE', #2078, #2045, #3842 ) ;
#1500 = CARTESIAN_POINT ( 'NONE',  ( 6.350000000000000533, -6.201024999999999565, -23.29999999999999716 ) ) ;
#1501 = ORIENTED_EDGE ( 'NONE', *, *, #2855, .F. ) ;
#1502 = DIRECTION ( 'NONE',  ( -0.000000000000000000, -1.000000000000000000, -0.000000000000000000 ) ) ;
#1503 = ORIENTED_EDGE ( 'NONE', *, *, #1890, .T. ) ;
#1504 = CIRCLE ( 'NONE', #258, 2.100000000000000089 ) ;
#1505 = EDGE_LOOP ( 'NONE', ( #2072, #2204, #2191, #597 ) ) ;
#1506 = LINE ( 'NONE', #168, #1246 ) ;
#1507 = CARTESIAN_POINT ( 'NONE',  ( 12.69999999999999929, -2.175000000000001599, -31.75000000000000000 ) ) ;
#1508 = DIRECTION ( 'NONE',  ( 0.000000000000000000, -0.000000000000000000, 1.000000000000000000 ) ) ;
#1509 = AXIS2_PLACEMENT_3D ( 'NONE', #1898, #5437, #5818 ) ;
#1510 = DIRECTION ( 'NONE',  ( 0.000000000000000000, 0.000000000000000000, 1.000000000000000000 ) ) ;
#1511 = VECTOR ( 'NONE', #4566, 1000.000000000000000 ) ;
#1512 = CIRCLE ( 'NONE', #4618, 3.174999999999999822 ) ;
#1513 = CARTESIAN_POINT ( 'NONE',  ( 13.09999999999999964, 2.243459280444427772, 5.588199955838118349 ) ) ;
#1514 = LINE ( 'NONE', #3251, #2780 ) ;
#1515 = CARTESIAN_POINT ( 'NONE',  ( -2.630594115711841125E-16, -5.460999999999999410, -31.75000000000000000 ) ) ;
#1516 = CARTESIAN_POINT ( 'NONE',  ( 16.35441558772843251, -6.199999999999997513, -25.39999999999989910 ) ) ;
#1517 = ORIENTED_EDGE ( 'NONE', *, *, #1988, .T. ) ;
#1518 = ORIENTED_EDGE ( 'NONE', *, *, #2748, .F. ) ;
#1519 = PLANE ( 'NONE',  #3065 ) ;
#1520 = AXIS2_PLACEMENT_3D ( 'NONE', #5625, #5682, #4836 ) ;
#1521 = CARTESIAN_POINT ( 'NONE',  ( 12.70000000000000284, -5.460999999999999410, -6.350000000000004974 ) ) ;
#1522 = CARTESIAN_POINT ( 'NONE',  ( 17.89999999999999147, -50.04532472225498907, -23.85441558772832948 ) ) ;
#1523 = EDGE_CURVE ( 'NONE', #1746, #4451, #4681, .T. ) ;
#1524 = EDGE_LOOP ( 'NONE', ( #765, #4027, #1004, #1103 ) ) ;
#1525 = CIRCLE ( 'NONE', #5199, 3.175000000000000711 ) ;
#1526 = DIRECTION ( 'NONE',  ( -0.7071067811865499042, 0.000000000000000000, -0.7071067811865452413 ) ) ;
#1527 = DIRECTION ( 'NONE',  ( -0.000000000000000000, -0.000000000000000000, -1.000000000000000000 ) ) ;
#1528 = CARTESIAN_POINT ( 'NONE',  ( 12.69999999999999929, -0.8890000000000000124, -31.75000000000000000 ) ) ;
#1529 = VECTOR ( 'NONE', #5389, 1000.000000000000000 ) ;
#1530 = AXIS2_PLACEMENT_3D ( 'NONE', #3911, #2110, #757 ) ;
#1531 = CARTESIAN_POINT ( 'NONE',  ( -0.4000000000000000222, 2.083236664664702698, 5.905597390643911204 ) ) ;
#1532 = EDGE_CURVE ( 'NONE', #2832, #117, #54, .T. ) ;
#1533 = VERTEX_POINT ( 'NONE', #5499 ) ;
#1534 = EDGE_CURVE ( 'NONE', #3459, #1413, #3299, .T. ) ;
#1535 = CARTESIAN_POINT ( 'NONE',  ( 5.218629150101652847, 6.201000000000001400, -37.94999999999976126 ) ) ;
#1536 = VERTEX_POINT ( 'NONE', #98 ) ;
#1537 = VECTOR ( 'NONE', #465, 1000.000000000000000 ) ;
#1538 = EDGE_LOOP ( 'NONE', ( #2139, #864 ) ) ;
#1539 = FACE_OUTER_BOUND ( 'NONE', #3525, .T. ) ;
#1540 = DIRECTION ( 'NONE',  ( 1.209468558947973047E-16, 1.000000000000000000, 0.000000000000000000 ) ) ;
#1541 = CARTESIAN_POINT ( 'NONE',  ( 7.895584412271571928, -50.04532472225498907, -36.94999999999989626 ) ) ;
#1542 = ORIENTED_EDGE ( 'NONE', *, *, #5122, .F. ) ;
#1543 = DIRECTION ( 'NONE',  ( 0.000000000000000000, 0.000000000000000000, -1.000000000000000000 ) ) ;
#1544 = FACE_BOUND ( 'NONE', #2477, .T. ) ;
#1545 = EDGE_CURVE ( 'NONE', #1148, #315, #573, .T. ) ;
#1546 = CARTESIAN_POINT ( 'NONE',  ( 12.69999999999999929, -2.175000000000001599, -34.92499999999999716 ) ) ;
#1547 = ORIENTED_EDGE ( 'NONE', *, *, #5839, .T. ) ;
#1548 = AXIS2_PLACEMENT_3D ( 'NONE', #3468, #5261, #4382 ) ;
#1549 = ORIENTED_EDGE ( 'NONE', *, *, #1147, .F. ) ;
#1550 = DIRECTION ( 'NONE',  ( -0.000000000000000000, 1.000000000000000000, -0.000000000000000000 ) ) ;
#1551 = LINE ( 'NONE', #1639, #2758 ) ;
#1552 = VECTOR ( 'NONE', #3813, 1000.000000000000000 ) ;
#1553 = DIRECTION ( 'NONE',  ( 0.7071067811865496822, -8.451223556522560164E-17, -0.7071067811865453523 ) ) ;
#1554 = EDGE_LOOP ( 'NONE', ( #2778, #4508, #3951, #1613, #2692, #2775, #5477, #3109, #1134, #1888, #5667, #1337, #4998, #1249, #3622, #1635, #3495, #3611, #4723, #1826, #3213 ) ) ;
#1555 = LINE ( 'NONE', #996, #2136 ) ;
#1556 = CARTESIAN_POINT ( 'NONE',  ( -1.014510943328118249E-13, -50.04532472225498907, -36.94999999999989626 ) ) ;
#1557 = VECTOR ( 'NONE', #137, 1000.000000000000000 ) ;
#1558 = ADVANCED_FACE ( 'NONE', ( #3264 ), #159, .T. ) ;
#1559 = CARTESIAN_POINT ( 'NONE',  ( 18.89999999999999858, -6.200000000000000178, -13.83137084989834165 ) ) ;
#1560 = CARTESIAN_POINT ( 'NONE',  ( 6.350000000000002309, -5.460999999999999410, -14.80000000000000071 ) ) ;
#1561 = ORIENTED_EDGE ( 'NONE', *, *, #3216, .F. ) ;
#1562 = DIRECTION ( 'NONE',  ( -0.7071067811865466846, 8.552234196640324694E-17, -0.7071067811865483499 ) ) ;
#1563 = EDGE_LOOP ( 'NONE', ( #5316, #3543, #164, #978 ) ) ;
#1564 = ORIENTED_EDGE ( 'NONE', *, *, #1435, .F. ) ;
#1565 = CARTESIAN_POINT ( 'NONE',  ( 0.7206315775864680084, -1.972483239316684234, 5.138999999999997570 ) ) ;
#1566 = EDGE_CURVE ( 'NONE', #1162, #2249, #189, .T. ) ;
#1567 = DIRECTION ( 'NONE',  ( 0.000000000000000000, 0.000000000000000000, 1.000000000000000000 ) ) ;
#1568 = DIRECTION ( 'NONE',  ( 0.000000000000000000, 0.000000000000000000, 1.000000000000000000 ) ) ;
#1569 = ORIENTED_EDGE ( 'NONE', *, *, #276, .T. ) ;
#1570 = ADVANCED_FACE ( 'NONE', ( #1879 ), #5472, .F. ) ;
#1571 = VERTEX_POINT ( 'NONE', #3235 ) ;
#1572 = VECTOR ( 'NONE', #3767, 1000.000000000000000 ) ;
#1573 = LINE ( 'NONE', #1221, #2399 ) ;
#1574 = COORDINATED_UNIVERSAL_TIME_OFFSET ( 6, 0, .BEHIND. ) ;
#1575 = CARTESIAN_POINT ( 'NONE',  ( 12.70000000000000284, -0.8890000000000000124, -3.175000000000003819 ) ) ;
#1576 = LINE ( 'NONE', #5610, #1781 ) ;
#1577 = ORIENTED_EDGE ( 'NONE', *, *, #1495, .T. ) ;
#1578 = DIRECTION ( 'NONE',  ( -0.7071067811865483499, 0.000000000000000000, 0.7071067811865466846 ) ) ;
#1579 = DIRECTION ( 'NONE',  ( -0.000000000000000000, 1.000000000000000000, -0.000000000000000000 ) ) ;
#1580 = CARTESIAN_POINT ( 'NONE',  ( 18.89999999999977831, -0.1999999999999996503, -11.56862915010164627 ) ) ;
#1581 = EDGE_CURVE ( 'NONE', #1413, #4549, #1082, .T. ) ;
#1582 = VERTEX_POINT ( 'NONE', #5059 ) ;
#1583 = CARTESIAN_POINT ( 'NONE',  ( 6.289039597907045724E-15, -5.460999999999999410, -9.525000000000005684 ) ) ;
#1584 = DIRECTION ( 'NONE',  ( 0.000000000000000000, 0.000000000000000000, 1.000000000000000000 ) ) ;
#1585 = DIRECTION ( 'NONE',  ( 0.000000000000000000, 0.000000000000000000, 1.000000000000000000 ) ) ;
#1587 = ORIENTED_EDGE ( 'NONE', *, *, #2004, .F. ) ;
#1586 = CONICAL_SURFACE ( 'NONE', #4883, 2.100000000000000977, 1.172861257340199304 ) ;
#1588 = DIRECTION ( 'NONE',  ( -0.7071067811865507924, 0.000000000000000000, -0.7071067811865441310 ) ) ;
#1589 = ORIENTED_EDGE ( 'NONE', *, *, #3017, .T. ) ;
#1590 = CC_DESIGN_PERSON_AND_ORGANIZATION_ASSIGNMENT ( #4377, #2105, ( #4784 ) ) ;
#1591 = ORIENTED_EDGE ( 'NONE', *, *, #5522, .F. ) ;
#1592 = FACE_OUTER_BOUND ( 'NONE', #2066, .T. ) ;
#1593 = VECTOR ( 'NONE', #4125, 1000.000000000000000 ) ;
#1594 = CARTESIAN_POINT ( 'NONE',  ( -6.200000000000093436, -2.174999999999998934, -36.94999999999991047 ) ) ;
#1595 = LINE ( 'NONE', #2898, #3984 ) ;
#1596 = ORIENTED_EDGE ( 'NONE', *, *, #1701, .F. ) ;
#1597 = VERTEX_POINT ( 'NONE', #5030 ) ;
#1598 = VERTEX_POINT ( 'NONE', #2442 ) ;
#1599 = EDGE_CURVE ( 'NONE', #1074, #2773, #1555, .T. ) ;
#1600 = CIRCLE ( 'NONE', #1789, 2.100000000000000977 ) ;
#1601 = EDGE_LOOP ( 'NONE', ( #776, #1772, #152, #65, #4811 ) ) ;
#1602 = VECTOR ( 'NONE', #392, 1000.000000000000000 ) ;
#1603 = CARTESIAN_POINT ( 'NONE',  ( 6.350000000000000533, -6.201024999999999565, -25.39999999999999858 ) ) ;
#1604 = B_SPLINE_CURVE_WITH_KNOTS ( 'NONE', 3,
 ( #5103, #3398, #4221, #4250 ),
 .UNSPECIFIED., .F., .F.,
 ( 4, 4 ),
 ( 0.003029541235337106318, 0.003249628748158706060 ),
 .UNSPECIFIED. ) ;
#1605 = EDGE_CURVE ( 'NONE', #1694, #4614, #2795, .T. ) ;
#1606 = CARTESIAN_POINT ( 'NONE',  ( -2.630594115711841125E-16, -0.8890000000000000124, -22.22500000000000142 ) ) ;
#1607 = CIRCLE ( 'NONE', #2647, 3.175000000000000711 ) ;
#1608 = LINE ( 'NONE', #53, #5541 ) ;
#1609 = ORIENTED_EDGE ( 'NONE', *, *, #2850, .F. ) ;
#1610 = CARTESIAN_POINT ( 'NONE',  ( 18.89999999999983515, -0.1999999999999996503, -31.75000000000000000 ) ) ;
#1611 = CARTESIAN_POINT ( 'NONE',  ( 5.900214239177761313E-15, -0.8890000000000000124, -6.350000000000004974 ) ) ;
#1612 = DIRECTION ( 'NONE',  ( 0.000000000000000000, -0.000000000000000000, 1.000000000000000000 ) ) ;
#1613 = ORIENTED_EDGE ( 'NONE', *, *, #5480, .T. ) ;
#1614 = B_SPLINE_CURVE_WITH_KNOTS ( 'NONE', 3,
 ( #3359, #5151, #4829, #796 ),
 .UNSPECIFIED., .F., .F.,
 ( 4, 4 ),
 ( 0.002832913685900423535, 0.002935786532568636018 ),
 .UNSPECIFIED. ) ;
#1615 = LINE ( 'NONE', #4269, #419 ) ;
#1616 = CARTESIAN_POINT ( 'NONE',  ( 7.895584412271571928, -50.04532472225498907, -36.94999999999989626 ) ) ;
#1617 = ADVANCED_FACE ( 'NONE', ( #1024 ), #2382, .T. ) ;
#1618 = DIRECTION ( 'NONE',  ( 0.7071067811865466846, 0.000000000000000000, 0.7071067811865483499 ) ) ;
#1619 = CIRCLE ( 'NONE', #5572, 2.100000000000000977 ) ;
#1620 = ORIENTED_EDGE ( 'NONE', *, *, #5561, .F. ) ;
#1621 = VERTEX_POINT ( 'NONE', #2148 ) ;
#1622 = ORIENTED_EDGE ( 'NONE', *, *, #4767, .T. ) ;
#1623 = AXIS2_PLACEMENT_3D ( 'NONE', #4204, #1903, #4148 ) ;
#1624 = CARTESIAN_POINT ( 'NONE',  ( 13.09999999999999964, -2.061552812808830293, 5.438999999999999169 ) ) ;
#1625 = DIRECTION ( 'NONE',  ( -0.000000000000000000, 1.000000000000000000, -0.000000000000000000 ) ) ;
#1626 = CARTESIAN_POINT ( 'NONE',  ( 12.69999999999999929, 0.000000000000000000, 5.523072258617638397 ) ) ;
#1627 = EDGE_LOOP ( 'NONE', ( #4177, #1239, #4769, #196 ) ) ;
#1628 = VERTEX_POINT ( 'NONE', #3066 ) ;
#1629 = AXIS2_PLACEMENT_3D ( 'NONE', #2315, #4664, #616 ) ;
#1630 = VERTEX_POINT ( 'NONE', #5271 ) ;
#1631 = ORIENTED_EDGE ( 'NONE', *, *, #36, .F. ) ;
#1632 = FACE_OUTER_BOUND ( 'NONE', #5083, .T. ) ;
#1633 = ADVANCED_FACE ( 'NONE', ( #1201 ), #1644, .T. ) ;
#1634 = CARTESIAN_POINT ( 'NONE',  ( -2.099872945368625121, 0.000000000000000000, 6.138999999999998458 ) ) ;
#1635 = ORIENTED_EDGE ( 'NONE', *, *, #4848, .T. ) ;
#1636 = ADVANCED_FACE ( 'NONE', ( #3033 ), #4828, .T. ) ;
#1637 = CARTESIAN_POINT ( 'NONE',  ( 13.10000000000000142, -1.502637486114517751, 6.138999999999998458 ) ) ;
#1638 = ADVANCED_FACE ( 'NONE', ( #3945, #5733 ), #2975, .T. ) ;
#1639 = CARTESIAN_POINT ( 'NONE',  ( -5.200000000000000178, -0.1999999999999996503, -11.15441558772853270 ) ) ;
#1640 = EDGE_CURVE ( 'NONE', #891, #2068, #1384, .T. ) ;
#1641 = CARTESIAN_POINT ( 'NONE',  ( -5.200000000000000178, -50.04532472225498907, -11.15441558772853270 ) ) ;
#1642 = EDGE_LOOP ( 'NONE', ( #3670, #1208, #5064, #4632 ) ) ;
#1643 = VECTOR ( 'NONE', #2021, 1000.000000000000000 ) ;
#1644 = CYLINDRICAL_SURFACE ( 'NONE', #620, 3.175000000000000711 ) ;
#1645 = EDGE_CURVE ( 'NONE', #3732, #5360, #2053, .T. ) ;
#1646 = CARTESIAN_POINT ( 'NONE',  ( 17.89999999999999147, -6.199999999999997513, -23.85441558772832948 ) ) ;
#1647 = PLANE ( 'NONE',  #4889 ) ;
#1648 = ORIENTED_EDGE ( 'NONE', *, *, #218, .F. ) ;
#1649 = ORIENTED_EDGE ( 'NONE', *, *, #2324, .F. ) ;
#1650 = VECTOR ( 'NONE', #3531, 1000.000000000000000 ) ;
#1651 = CARTESIAN_POINT ( 'NONE',  ( 17.76862915010142885, 6.200999999999999623, -25.39999999999999858 ) ) ;
#1652 = ORIENTED_EDGE ( 'NONE', *, *, #517, .T. ) ;
#1653 = LINE ( 'NONE', #803, #5471 ) ;
#1654 = DIRECTION ( 'NONE',  ( -0.000000000000000000, 1.000000000000000000, -0.000000000000000000 ) ) ;
#1655 = DIRECTION ( 'NONE',  ( -0.000000000000000000, -0.000000000000000000, -1.000000000000000000 ) ) ;
#1656 = CARTESIAN_POINT ( 'NONE',  ( 12.30000000000000071, -2.061552812808830293, 5.438999999999999169 ) ) ;
#1657 = EDGE_LOOP ( 'NONE', ( #3001, #693, #2012, #5401 ) ) ;
#1658 = ORIENTED_EDGE ( 'NONE', *, *, #139, .T. ) ;
#1659 = EDGE_LOOP ( 'NONE', ( #2374, #3371, #4355, #5676 ) ) ;
#1660 = VERTEX_POINT ( 'NONE', #1265 ) ;
#1661 = DIRECTION ( 'NONE',  ( -0.000000000000000000, 1.000000000000000000, -0.000000000000000000 ) ) ;
#1662 = SECURITY_CLASSIFICATION_LEVEL ( 'unclassified' ) ;
#1663 = LINE ( 'NONE', #5258, #2073 ) ;
#1664 = EDGE_CURVE ( 'NONE', #1269, #2440, #3882, .T. ) ;
#1665 = VERTEX_POINT ( 'NONE', #2589 ) ;
#1666 = LINE ( 'NONE', #5640, #3343 ) ;
#1667 = CARTESIAN_POINT ( 'NONE',  ( -5.199999999999993072, -50.04532472225498907, -23.85441558772832948 ) ) ;
#1668 = DIRECTION ( 'NONE',  ( 0.000000000000000000, -1.000000000000000000, 0.000000000000000000 ) ) ;
#1669 = CARTESIAN_POINT ( 'NONE',  ( 12.70000000000000284, -5.460999999999999410, -6.350000000000004974 ) ) ;
#1670 = ORIENTED_EDGE ( 'NONE', *, *, #1948, .F. ) ;
#1671 = EDGE_CURVE ( 'NONE', #251, #3634, #5593, .T. ) ;
#1672 = FACE_OUTER_BOUND ( 'NONE', #1955, .T. ) ;
#1673 = CARTESIAN_POINT ( 'NONE',  ( 6.350000000000000533, -0.8890000000000000124, -25.39999999999999858 ) ) ;
#1674 = CARTESIAN_POINT ( 'NONE',  ( 12.69999999999999929, 0.000000000000000000, 5.523072258617638397 ) ) ;
#1675 = ORIENTED_EDGE ( 'NONE', *, *, #4792, .F. ) ;
#1676 = EDGE_CURVE ( 'NONE', #75, #2988, #1615, .T. ) ;
#1677 = EDGE_LOOP ( 'NONE', ( #5660, #1587, #2845, #5644, #2308, #5747, #5624, #3556, #3244, #809, #613, #3052 ) ) ;
#1678 = ADVANCED_FACE ( 'NONE', ( #1672 ), #4764, .F. ) ;
#1679 = CARTESIAN_POINT ( 'NONE',  ( 1.257659471581005696E-16, -5.460999999999999410, -34.92499999999999716 ) ) ;
#1680 = ORIENTED_EDGE ( 'NONE', *, *, #2270, .T. ) ;
#1681 = CARTESIAN_POINT ( 'NONE',  ( -0.3999999999999999667, 2.264950330581225302, 5.523072258617638397 ) ) ;
#1682 = CARTESIAN_POINT ( 'NONE',  ( 12.29999999999999716, -2.081805041010028390, 5.906940355987363667 ) ) ;
#1683 = DIRECTION ( 'NONE',  ( -0.000000000000000000, -0.000000000000000000, -1.000000000000000000 ) ) ;
#1684 = DIRECTION ( 'NONE',  ( -0.000000000000000000, -1.000000000000000000, -0.000000000000000000 ) ) ;
#1685 = ORIENTED_EDGE ( 'NONE', *, *, #1198, .F. ) ;
#1686 = ORIENTED_EDGE ( 'NONE', *, *, #1422, .T. ) ;
#1687 = VERTEX_POINT ( 'NONE', #1235 ) ;
#1688 = VECTOR ( 'NONE', #1416, 1000.000000000000000 ) ;
#1689 = ORIENTED_EDGE ( 'NONE', *, *, #5569, .T. ) ;
#1690 = LINE ( 'NONE', #3994, #810 ) ;
#1691 = CIRCLE ( 'NONE', #2635, 2.100000000000000977 ) ;
#1692 = VECTOR ( 'NONE', #2180, 1000.000000000000000 ) ;
#1693 = DIRECTION ( 'NONE',  ( -0.000000000000000000, 1.000000000000000000, -0.000000000000000000 ) ) ;
#1694 = VERTEX_POINT ( 'NONE', #4794 ) ;
#1695 = CARTESIAN_POINT ( 'NONE',  ( 16.35441558772843251, -50.04532472225498907, -25.39999999999989910 ) ) ;
#1696 = CARTESIAN_POINT ( 'NONE',  ( 17.76862915010142885, -6.200000000000000178, -12.70000000000000284 ) ) ;
#1697 = DIRECTION ( 'NONE',  ( -0.000000000000000000, 1.000000000000000000, -0.000000000000000000 ) ) ;
#1698 = AXIS2_PLACEMENT_3D ( 'NONE', #5079, #3348, #4228 ) ;
#1699 = CARTESIAN_POINT ( 'NONE',  ( 12.69999999999999929, -4.174999999999999822, -15.87500000000000000 ) ) ;
#1700 = ORIENTED_EDGE ( 'NONE', *, *, #4574, .T. ) ;
#1701 = EDGE_CURVE ( 'NONE', #3190, #5481, #5673, .T. ) ;
#1702 = DIRECTION ( 'NONE',  ( -0.7071067811865449082, 0.000000000000000000, 0.7071067811865501263 ) ) ;
#1703 = PLANE ( 'NONE',  #488 ) ;
#1704 = DIRECTION ( 'NONE',  ( 1.000000000000000000, 0.000000000000000000, -1.084202172485504434E-16 ) ) ;
#1705 = EDGE_CURVE ( 'NONE', #4172, #746, #3418, .T. ) ;
#1706 = ORIENTED_EDGE ( 'NONE', *, *, #5656, .T. ) ;
#1707 = ORIENTED_EDGE ( 'NONE', *, *, #5559, .T. ) ;
#1708 = FACE_OUTER_BOUND ( 'NONE', #3445, .T. ) ;
#1709 = CARTESIAN_POINT ( 'NONE',  ( -5.883583750239766598E-18, -6.201024999999999565, -21.15000000000000213 ) ) ;
#1710 = LINE ( 'NONE', #4367, #1451 ) ;
#1711 = EDGE_CURVE ( 'NONE', #4103, #2623, #2945, .T. ) ;
#1712 = EDGE_CURVE ( 'NONE', #4381, #4740, #1169, .T. ) ;
#1713 = CARTESIAN_POINT ( 'NONE',  ( 6.349999999999999645, -50.04532472225498907, -35.40441558772833019 ) ) ;
#1714 = FACE_OUTER_BOUND ( 'NONE', #5341, .T. ) ;
#1715 = ORIENTED_EDGE ( 'NONE', *, *, #5362, .F. ) ;
#1716 = ORIENTED_EDGE ( 'NONE', *, *, #3042, .F. ) ;
#1717 = ORIENTED_EDGE ( 'NONE', *, *, #3801, .F. ) ;
#1718 = AXIS2_PLACEMENT_3D ( 'NONE', #1236, #2471, #4712 ) ;
#1719 = ORIENTED_EDGE ( 'NONE', *, *, #1671, .F. ) ;
#1720 = CARTESIAN_POINT ( 'NONE',  ( 5.900214239177761313E-15, -0.8890000000000000124, -6.350000000000004974 ) ) ;
#1721 = AXIS2_PLACEMENT_3D ( 'NONE', #396, #4968, #5786 ) ;
#1722 = CARTESIAN_POINT ( 'NONE',  ( 0.000000000000000000, 0.000000000000000000, 5.523072258617638397 ) ) ;
#1723 = VERTEX_POINT ( 'NONE', #4325 ) ;
#1724 = DIRECTION ( 'NONE',  ( -0.000000000000000000, -0.000000000000000000, 1.000000000000000000 ) ) ;
#1725 = DIRECTION ( 'NONE',  ( 0.000000000000000000, 0.000000000000000000, 1.000000000000000000 ) ) ;
#1726 = CARTESIAN_POINT ( 'NONE',  ( 2.100000000000000089, 2.571758278209441957E-16, 5.438999999999999169 ) ) ;
#1727 = CARTESIAN_POINT ( 'NONE',  ( 12.69999999999999929, -5.460999999999999410, -21.15000000000000213 ) ) ;
#1728 = ORIENTED_EDGE ( 'NONE', *, *, #5198, .F. ) ;
#1729 = DIRECTION ( 'NONE',  ( -0.000000000000000000, 1.000000000000000000, -0.000000000000000000 ) ) ;
#1730 = PLANE ( 'NONE',  #13 ) ;
#1731 = CARTESIAN_POINT ( 'NONE',  ( 0.6477403412507657388, 1.999113491775012852, 4.305849356269923156 ) ) ;
#1732 = PERSON ( 'UNSPECIFIED', 'UNSPECIFIED', 'UNSPECIFIED', ('UNSPECIFIED'), ('UNSPECIFIED'), ('UNSPECIFIED') ) ;
#1733 = VECTOR ( 'NONE', #5459, 1000.000000000000000 ) ;
#1734 = VERTEX_POINT ( 'NONE', #280 ) ;
#1735 = ORIENTED_EDGE ( 'NONE', *, *, #5611, .T. ) ;
#1736 = EDGE_CURVE ( 'NONE', #346, #858, #1873, .T. ) ;
#1737 = DIRECTION ( 'NONE',  ( -0.000000000000000000, 1.000000000000000000, -0.000000000000000000 ) ) ;
#1738 = CIRCLE ( 'NONE', #2588, 3.175000000000001599 ) ;
#1739 = DIRECTION ( 'NONE',  ( 0.000000000000000000, 0.000000000000000000, 1.000000000000000000 ) ) ;
#1740 = LINE ( 'NONE', #1301, #3999 ) ;
#1741 = DIRECTION ( 'NONE',  ( 1.000000000000000000, -1.365923996832131609E-16, 0.000000000000000000 ) ) ;
#1742 = CARTESIAN_POINT ( 'NONE',  ( 0.000000000000000000, 0.000000000000000000, 5.438999999999999169 ) ) ;
#1743 = ORIENTED_EDGE ( 'NONE', *, *, #1284, .T. ) ;
#1744 = ORIENTED_EDGE ( 'NONE', *, *, #2752, .F. ) ;
#1745 = VECTOR ( 'NONE', #4670, 1000.000000000000114 ) ;
#1746 = VERTEX_POINT ( 'NONE', #38 ) ;
#1747 = EDGE_CURVE ( 'NONE', #1660, #3933, #3568, .T. ) ;
#1748 = ORIENTED_EDGE ( 'NONE', *, *, #4834, .T. ) ;
#1749 = DIRECTION ( 'NONE',  ( 0.000000000000000000, 1.000000000000000000, 0.000000000000000000 ) ) ;
#1750 = VECTOR ( 'NONE', #1654, 1000.000000000000000 ) ;
#1751 = DIRECTION ( 'NONE',  ( 0.000000000000000000, 0.000000000000000000, 1.000000000000000000 ) ) ;
#1752 = EDGE_CURVE ( 'NONE', #906, #3008, #4943, .T. ) ;
#1753 = ORIENTED_EDGE ( 'NONE', *, *, #2904, .T. ) ;
#1754 = DIRECTION ( 'NONE',  ( 0.000000000000000000, 0.000000000000000000, 1.000000000000000000 ) ) ;
#1755 = CARTESIAN_POINT ( 'NONE',  ( -9.862449003463037502E-14, -50.04532472225498907, -37.94999999999978257 ) ) ;
#1756 = CYLINDRICAL_SURFACE ( 'NONE', #2168, 3.175000000000001155 ) ;
#1757 = DIRECTION ( 'NONE',  ( 0.000000000000000000, 1.000000000000000000, 0.000000000000000000 ) ) ;
#1758 = ORIENTED_EDGE ( 'NONE', *, *, #1310, .F. ) ;
#1759 = DIRECTION ( 'NONE',  ( 0.000000000000000000, 0.000000000000000000, -1.000000000000000000 ) ) ;
#1760 = CARTESIAN_POINT ( 'NONE',  ( 2.100000000000000089, 2.571758278209441957E-16, 0.8890000000000009006 ) ) ;
#1761 = DIRECTION ( 'NONE',  ( -0.000000000000000000, 1.000000000000000000, -0.000000000000000000 ) ) ;
#1762 = EDGE_CURVE ( 'NONE', #3552, #3513, #2684, .T. ) ;
#1763 = EDGE_LOOP ( 'NONE', ( #1748, #4724, #2220, #3174 ) ) ;
#1764 = VERTEX_POINT ( 'NONE', #4064 ) ;
#1765 = DIRECTION ( 'NONE',  ( 0.000000000000000000, 0.000000000000000000, 1.000000000000000000 ) ) ;
#1766 = CARTESIAN_POINT ( 'NONE',  ( -2.630594115711841125E-16, -0.8890000000000000124, -34.92499999999999716 ) ) ;
#1767 = DIRECTION ( 'NONE',  ( 1.000000000000000000, 0.000000000000000000, -0.000000000000000000 ) ) ;
#1768 = CARTESIAN_POINT ( 'NONE',  ( 12.30000000000000071, 2.232710535457612888, 5.620762745781209269 ) ) ;
#1769 = DIRECTION ( 'NONE',  ( -0.000000000000000000, -0.000000000000000000, -1.000000000000000000 ) ) ;
#1770 = ORIENTED_EDGE ( 'NONE', *, *, #5810, .F. ) ;
#1771 = ORIENTED_EDGE ( 'NONE', *, *, #4806, .F. ) ;
#1772 = ORIENTED_EDGE ( 'NONE', *, *, #3884, .F. ) ;
#1773 = VERTEX_POINT ( 'NONE', #3175 ) ;
#1774 = AXIS2_PLACEMENT_3D ( 'NONE', #1515, #5047, #4143 ) ;
#1775 = DIRECTION ( 'NONE',  ( -0.000000000000000000, -1.000000000000000000, -0.000000000000000000 ) ) ;
#1776 = EDGE_CURVE ( 'NONE', #5024, #5711, #4858, .T. ) ;
#1777 = LINE ( 'NONE', #2669, #5050 ) ;
#1778 = CIRCLE ( 'NONE', #4788, 2.299999999999999822 ) ;
#1779 = EDGE_LOOP ( 'NONE', ( #3364, #150 ) ) ;
#1780 = CARTESIAN_POINT ( 'NONE',  ( -2.630594115711841125E-16, -4.174999999999999822, -15.87500000000000000 ) ) ;
#1781 = VECTOR ( 'NONE', #4756, 1000.000000000000114 ) ;
#1782 = CARTESIAN_POINT ( 'NONE',  ( 3.174999999999999822, 0.000000000000000000, 0.000000000000000000 ) ) ;
#1783 = VECTOR ( 'NONE', #5675, 1000.000000000000000 ) ;
#1784 = EDGE_CURVE ( 'NONE', #1986, #2099, #2651, .T. ) ;
#1785 = ADVANCED_FACE ( 'NONE', ( #2296 ), #4884, .T. ) ;
#1786 = LINE ( 'NONE', #4938, #3112 ) ;
#1787 = EDGE_CURVE ( 'NONE', #1582, #352, #2735, .T. ) ;
#1788 = FACE_OUTER_BOUND ( 'NONE', #4494, .T. ) ;
#1789 = AXIS2_PLACEMENT_3D ( 'NONE', #4685, #3800, #578 ) ;
#1790 = ORIENTED_EDGE ( 'NONE', *, *, #43, .F. ) ;
#1791 = CARTESIAN_POINT ( 'NONE',  ( 6.157390066998704967E-15, -6.201024999999999565, -8.450000000000004619 ) ) ;
#1792 = LINE ( 'NONE', #3540, #4077 ) ;
#1793 = CIRCLE ( 'NONE', #945, 2.100000000000000977 ) ;
#1794 = LINE ( 'NONE', #2708, #73 ) ;
#1795 = EDGE_LOOP ( 'NONE', ( #183, #393 ) ) ;
#1796 = CIRCLE ( 'NONE', #5085, 3.174999999999999822 ) ;
#1797 = CARTESIAN_POINT ( 'NONE',  ( 12.30000000000000071, 2.243459280444428217, 5.588199955838118349 ) ) ;
#1798 = PLANE ( 'NONE',  #1294 ) ;
#1799 = DIRECTION ( 'NONE',  ( -0.7071067811865453523, 0.000000000000000000, -0.7071067811865496822 ) ) ;
#1800 = CARTESIAN_POINT ( 'NONE',  ( 6.349999999999997868, 6.349999999999999645, -2.000000000000001776 ) ) ;
#1801 = FACE_OUTER_BOUND ( 'NONE', #2257, .T. ) ;
#1802 = CARTESIAN_POINT ( 'NONE',  ( 0.4286119346557879517, -2.057850353472996385, 2.353605336466520814 ) ) ;
#1803 = ORIENTED_EDGE ( 'NONE', *, *, #2502, .T. ) ;
#1804 = VERTEX_POINT ( 'NONE', #907 ) ;
#1805 = VERTEX_POINT ( 'NONE', #1378 ) ;
#1806 = ORIENTED_EDGE ( 'NONE', *, *, #32, .F. ) ;
#1807 = AXIS2_PLACEMENT_3D ( 'NONE', #317, #4304, #3426 ) ;
#1808 = PLANE ( 'NONE',  #605 ) ;
#1809 = VECTOR ( 'NONE', #3547, 1000.000000000000114 ) ;
#1810 = EDGE_CURVE ( 'NONE', #5155, #16, #3434, .T. ) ;
#1811 = ORIENTED_EDGE ( 'NONE', *, *, #495, .T. ) ;
#1812 = LINE ( 'NONE', #4936, #3542 ) ;
#1813 = EDGE_CURVE ( 'NONE', #4349, #629, #4563, .T. ) ;
#1814 = AXIS2_PLACEMENT_3D ( 'NONE', #4645, #513, #1847 ) ;
#1815 = CARTESIAN_POINT ( 'NONE',  ( -3.654415587728433223, -50.04532472225498907, -25.39999999999989910 ) ) ;
#1816 = DIRECTION ( 'NONE',  ( 0.000000000000000000, 0.000000000000000000, 1.000000000000000000 ) ) ;
#1817 = FACE_OUTER_BOUND ( 'NONE', #5010, .T. ) ;
#1818 = AXIS2_PLACEMENT_3D ( 'NONE', #507, #2730, #1121 ) ;
#1819 = EDGE_CURVE ( 'NONE', #3898, #5187, #1272, .T. ) ;
#1820 = EDGE_CURVE ( 'NONE', #2512, #746, #3645, .T. ) ;
#1821 = EDGE_CURVE ( 'NONE', #3637, #5451, #5439, .T. ) ;
#1822 = ORIENTED_EDGE ( 'NONE', *, *, #1958, .F. ) ;
#1823 = DIRECTION ( 'NONE',  ( 1.000000000000000000, 0.000000000000000000, 0.000000000000000000 ) ) ;
#1824 = DIRECTION ( 'NONE',  ( 0.000000000000000000, 0.000000000000000000, 1.000000000000000000 ) ) ;
#1825 = FACE_OUTER_BOUND ( 'NONE', #2404, .T. ) ;
#1826 = ORIENTED_EDGE ( 'NONE', *, *, #1862, .T. ) ;
#1827 = ADVANCED_FACE ( 'NONE', ( #2676 ), #429, .T. ) ;
#1828 = CARTESIAN_POINT ( 'NONE',  ( 5.900214239177761313E-15, -4.174999999999999822, -6.350000000000004974 ) ) ;
#1829 = CARTESIAN_POINT ( 'NONE',  ( 17.89999999999999858, -0.1999999999999996503, -1.999999999999998224 ) ) ;
#1830 = LINE ( 'NONE', #943, #4415 ) ;
#1831 = CYLINDRICAL_SURFACE ( 'NONE', #4137, 3.174999999999999822 ) ;
#1832 = ORIENTED_EDGE ( 'NONE', *, *, #3350, .F. ) ;
#1833 = ORIENTED_EDGE ( 'NONE', *, *, #3228, .T. ) ;
#1834 = ORIENTED_EDGE ( 'NONE', *, *, #329, .T. ) ;
#1835 = CIRCLE ( 'NONE', #4005, 5.199999999999951328 ) ;
#1836 = VERTEX_POINT ( 'NONE', #2619 ) ;
#1837 = FACE_OUTER_BOUND ( 'NONE', #4247, .T. ) ;
#1838 = VECTOR ( 'NONE', #4877, 1000.000000000000000 ) ;
#1839 = CARTESIAN_POINT ( 'NONE',  ( 4.804415587728428250, -2.175000000000003375, -36.94999999999988916 ) ) ;
#1840 = PLANE ( 'NONE',  #5783 ) ;
#1841 = FACE_BOUND ( 'NONE', #1279, .T. ) ;
#1842 = CARTESIAN_POINT ( 'NONE',  ( -2.630594115711841125E-16, -5.460999999999999410, -15.87500000000000000 ) ) ;
#1843 = FACE_OUTER_BOUND ( 'NONE', #3081, .T. ) ;
#1844 = EDGE_CURVE ( 'NONE', #2440, #2418, #5792, .T. ) ;
#1845 = EDGE_LOOP ( 'NONE', ( #4982, #5232, #5179, #4392 ) ) ;
#1846 = DIRECTION ( 'NONE',  ( 0.000000000000000000, 0.000000000000000000, 1.000000000000000000 ) ) ;
#1847 = DIRECTION ( 'NONE',  ( 1.000000000000000000, -1.365923996832130870E-16, 1.092739197465704696E-15 ) ) ;
#1848 = CARTESIAN_POINT ( 'NONE',  ( -6.200000000000001066, 6.200000000000000178, -2.000000000000000000 ) ) ;
#1849 = EDGE_CURVE ( 'NONE', #2418, #3732, #1835, .T. ) ;
#1850 = EDGE_LOOP ( 'NONE', ( #794, #3650, #2545, #5657 ) ) ;
#1851 = DIRECTION ( 'NONE',  ( 1.209468558947973047E-16, 1.000000000000000000, 0.000000000000000000 ) ) ;
#1852 = PLANE ( 'NONE',  #788 ) ;
#1853 = DIRECTION ( 'NONE',  ( -1.000000000000000000, 0.000000000000000000, 0.000000000000000000 ) ) ;
#1854 = CARTESIAN_POINT ( 'NONE',  ( 2.978334981051645070, 6.200000000000000178, 0.000000000000000000 ) ) ;
#1855 = EDGE_CURVE ( 'NONE', #4516, #1269, #5357, .T. ) ;
#1856 = EDGE_LOOP ( 'NONE', ( #4629, #442 ) ) ;
#1857 = VERTEX_POINT ( 'NONE', #456 ) ;
#1858 = ORIENTED_EDGE ( 'NONE', *, *, #2603, .F. ) ;
#1859 = ORIENTED_EDGE ( 'NONE', *, *, #4694, .T. ) ;
#1860 = DIRECTION ( 'NONE',  ( 1.000000000000000000, -1.365923996832131363E-16, 0.000000000000000000 ) ) ;
#1861 = DIRECTION ( 'NONE',  ( -0.000000000000000000, -1.000000000000000000, -0.000000000000000000 ) ) ;
#1862 = EDGE_CURVE ( 'NONE', #1628, #133, #3976, .T. ) ;
#1863 = DIRECTION ( 'NONE',  ( 1.209468558947973047E-16, 1.000000000000000000, 0.000000000000000000 ) ) ;
#1864 = CARTESIAN_POINT ( 'NONE',  ( -2.630594115710311721E-16, -50.04532472225498907, -31.75000000000000000 ) ) ;
#1865 = B_SPLINE_CURVE_WITH_KNOTS ( 'NONE', 3,
 ( #1474, #5037, #1060, #3270 ),
 .UNSPECIFIED., .F., .F.,
 ( 4, 4 ),
 ( 0.003029541235337107185, 0.003249628748158706927 ),
 .UNSPECIFIED. ) ;
#1866 =( NAMED_UNIT ( * ) SI_UNIT ( $, .STERADIAN. ) SOLID_ANGLE_UNIT ( ) );
#1867 = AXIS2_PLACEMENT_3D ( 'NONE', #46, #2217, #918 ) ;
#1868 = CARTESIAN_POINT ( 'NONE',  ( 33.06256980544232249, -2.175000000000003819, -62.11698539317055889 ) ) ;
#1869 = VECTOR ( 'NONE', #2365, 1000.000000000000000 ) ;
#1870 = AXIS2_PLACEMENT_3D ( 'NONE', #412, #806, #2218 ) ;
#1871 = ORIENTED_EDGE ( 'NONE', *, *, #1161, .F. ) ;
#1872 = LINE ( 'NONE', #3203, #5125 ) ;
#1873 = B_SPLINE_CURVE_WITH_KNOTS ( 'NONE', 3,
 ( #2085, #3002, #2116, #3917, #5704, #5761 ),
 .UNSPECIFIED., .F., .F.,
 ( 4, 2, 4 ),
 ( 0.000000000000000000, 0.0004757428370953073775, 0.0009514856741906147549 ),
 .UNSPECIFIED. ) ;
#1874 = DIRECTION ( 'NONE',  ( -0.000000000000000000, 1.000000000000000000, -0.000000000000000000 ) ) ;
#1875 = DIRECTION ( 'NONE',  ( 0.000000000000000000, 0.000000000000000000, 1.000000000000000000 ) ) ;
#1877 = ORIENTED_EDGE ( 'NONE', *, *, #3691, .F. ) ;
#1876 = VECTOR ( 'NONE', #3361, 1000.000000000000000 ) ;
#1878 = VECTOR ( 'NONE', #1985, 1000.000000000000000 ) ;
#1879 = FACE_OUTER_BOUND ( 'NONE', #1993, .T. ) ;
#1880 = LINE ( 'NONE', #4211, #4351 ) ;
#1881 = EDGE_CURVE ( 'NONE', #1885, #1986, #2235, .T. ) ;
#1882 = FACE_OUTER_BOUND ( 'NONE', #4443, .T. ) ;
#1883 = DIRECTION ( 'NONE',  ( -0.000000000000000000, -0.000000000000000000, -1.000000000000000000 ) ) ;
#1884 = CIRCLE ( 'NONE', #5180, 6.199999999999781686 ) ;
#1885 = VERTEX_POINT ( 'NONE', #3289 ) ;
#1886 = ORIENTED_EDGE ( 'NONE', *, *, #739, .F. ) ;
#1887 = DIRECTION ( 'NONE',  ( 1.000000000000000000, 0.000000000000000000, 0.000000000000000000 ) ) ;
#1888 = ORIENTED_EDGE ( 'NONE', *, *, #1645, .T. ) ;
#1889 = ADVANCED_FACE ( 'NONE', ( #1077 ), #1519, .T. ) ;
#1890 = EDGE_CURVE ( 'NONE', #609, #1986, #5521, .T. ) ;
#1891 = ORIENTED_EDGE ( 'NONE', *, *, #4022, .T. ) ;
#1892 = DIRECTION ( 'NONE',  ( 0.7071067811865466846, 0.000000000000000000, -0.7071067811865483499 ) ) ;
#1893 = CARTESIAN_POINT ( 'NONE',  ( 18.89999999999999858, 6.200000000000000178, -2.000000000000000000 ) ) ;
#1894 = CARTESIAN_POINT ( 'NONE',  ( -5.199999999999993072, -6.199999999999997513, -23.85441558772832948 ) ) ;
#1895 = DIRECTION ( 'NONE',  ( 1.000000000000000000, -8.340016711427172225E-17, 0.000000000000000000 ) ) ;
#1896 = CIRCLE ( 'NONE', #2661, 5.199999999999866063 ) ;
#1897 = FACE_OUTER_BOUND ( 'NONE', #5277, .T. ) ;
#1898 = CARTESIAN_POINT ( 'NONE',  ( 0.000000000000000000, 0.000000000000000000, 0.8890000000000009006 ) ) ;
#1899 = VERTEX_POINT ( 'NONE', #3231 ) ;
#1900 = CIRCLE ( 'NONE', #5294, 3.175000000000000711 ) ;
#1901 = ORIENTED_EDGE ( 'NONE', *, *, #924, .T. ) ;
#1902 = CARTESIAN_POINT ( 'NONE',  ( 12.30000000000000071, 2.182283254615324797, 5.773529692572009431 ) ) ;
#1903 = DIRECTION ( 'NONE',  ( 1.036687336241119596E-16, 1.000000000000000000, 0.000000000000000000 ) ) ;
#1904 = DIRECTION ( 'NONE',  ( -0.000000000000000000, -0.000000000000000000, -1.000000000000000000 ) ) ;
#1905 = LINE ( 'NONE', #2378, #1117 ) ;
#1906 = AXIS2_PLACEMENT_3D ( 'NONE', #4692, #2757, #4086 ) ;
#1907 = EDGE_LOOP ( 'NONE', ( #134, #4815 ) ) ;
#1908 = FACE_OUTER_BOUND ( 'NONE', #291, .T. ) ;
#1909 = CARTESIAN_POINT ( 'NONE',  ( 18.89999999999999858, -6.200000000000000178, -2.000000000000000000 ) ) ;
#1910 = CARTESIAN_POINT ( 'NONE',  ( 13.09999999999999964, -2.243459280444428217, 5.588199955838118349 ) ) ;
#1911 = FACE_OUTER_BOUND ( 'NONE', #843, .T. ) ;
#1912 = ORIENTED_EDGE ( 'NONE', *, *, #4199, .T. ) ;
#1913 = CYLINDRICAL_SURFACE ( 'NONE', #5806, 3.374999999999999556 ) ;
#1914 = ORIENTED_EDGE ( 'NONE', *, *, #2016, .T. ) ;
#1915 = EDGE_CURVE ( 'NONE', #2773, #4842, #5408, .T. ) ;
#1916 = ORIENTED_EDGE ( 'NONE', *, *, #2727, .F. ) ;
#1917 = CARTESIAN_POINT ( 'NONE',  ( 12.69999999999999929, 0.000000000000000000, 5.389000000000001123 ) ) ;
#1918 = DIRECTION ( 'NONE',  ( 0.7071067811865496822, -8.451223556522561397E-17, -0.7071067811865453523 ) ) ;
#1919 = AXIS2_PLACEMENT_3D ( 'NONE', #4455, #5769, #3131 ) ;
#1920 = CARTESIAN_POINT ( 'NONE',  ( 0.4000000000000001887, 2.061552812808830737, 5.438999999999999169 ) ) ;
#1921 = EDGE_CURVE ( 'NONE', #2988, #3527, #5053, .T. ) ;
#1922 = CARTESIAN_POINT ( 'NONE',  ( -0.1236690215010796678, 2.099990463092004322, 2.139040055015564601 ) ) ;
#1923 = VECTOR ( 'NONE', #934, 1000.000000000000000 ) ;
#1924 = DIRECTION ( 'NONE',  ( 0.000000000000000000, -1.000000000000000000, 0.000000000000000000 ) ) ;
#1925 = ADVANCED_FACE ( 'NONE', ( #2344, #2846 ), #4147, .F. ) ;
#1926 = LINE ( 'NONE', #2370, #2456 ) ;
#1927 = AXIS2_PLACEMENT_3D ( 'NONE', #265, #3405, #3433 ) ;
#1928 = VERTEX_POINT ( 'NONE', #92 ) ;
#1929 = EDGE_LOOP ( 'NONE', ( #2518, #5655, #3907, #1790 ) ) ;
#1930 = DIRECTION ( 'NONE',  ( 0.000000000000000000, 0.000000000000000000, -1.000000000000000000 ) ) ;
#1931 = CARTESIAN_POINT ( 'NONE',  ( 12.70000000000000284, -4.174999999999999822, -3.175000000000003819 ) ) ;
#1932 = CARTESIAN_POINT ( 'NONE',  ( -2.630594115711841125E-16, -0.8890000000000000124, -31.75000000000000000 ) ) ;
#1933 = AXIS2_PLACEMENT_3D ( 'NONE', #4165, #4989, #3715 ) ;
#1934 = FACE_OUTER_BOUND ( 'NONE', #2987, .T. ) ;
#1935 = ORIENTED_EDGE ( 'NONE', *, *, #3765, .F. ) ;
#1936 = CARTESIAN_POINT ( 'NONE',  ( -1.014510943328118249E-13, -50.04532472225498907, -36.94999999999989626 ) ) ;
#1937 = FACE_OUTER_BOUND ( 'NONE', #3708, .T. ) ;
#1938 = EDGE_CURVE ( 'NONE', #4742, #1746, #3036, .T. ) ;
#1939 = CARTESIAN_POINT ( 'NONE',  ( -2.630594115711841125E-16, -0.8890000000000000124, -31.75000000000000000 ) ) ;
#1940 = FACE_OUTER_BOUND ( 'NONE', #1601, .T. ) ;
#1941 = ORIENTED_EDGE ( 'NONE', *, *, #2690, .T. ) ;
#1942 = CARTESIAN_POINT ( 'NONE',  ( 6.349999999999997868, 6.349999999999999645, -37.94999999999978257 ) ) ;
#1943 = ORIENTED_EDGE ( 'NONE', *, *, #3902, .F. ) ;
#1944 = ORIENTED_EDGE ( 'NONE', *, *, #779, .T. ) ;
#1945 = VECTOR ( 'NONE', #195, 1000.000000000000000 ) ;
#1946 = DIRECTION ( 'NONE',  ( -0.000000000000000000, 1.000000000000000000, -0.000000000000000000 ) ) ;
#1947 = LINE ( 'NONE', #2392, #3706 ) ;
#1948 = EDGE_CURVE ( 'NONE', #138, #5330, #1872, .T. ) ;
#1949 = DIRECTION ( 'NONE',  ( 0.000000000000000000, 0.000000000000000000, 1.000000000000000000 ) ) ;
#1950 = CARTESIAN_POINT ( 'NONE',  ( 6.349999999999999645, -50.04532472225498907, -35.40441558772833019 ) ) ;
#1951 = ADVANCED_FACE ( 'NONE', ( #1957 ), #5467, .T. ) ;
#1952 = DIRECTION ( 'NONE',  ( 0.000000000000000000, 1.000000000000000000, 0.000000000000000000 ) ) ;
#1953 = LINE ( 'NONE', #2488, #5462 ) ;
#1954 = ORIENTED_EDGE ( 'NONE', *, *, #4531, .T. ) ;
#1955 = EDGE_LOOP ( 'NONE', ( #1670, #5772, #4107, #4408 ) ) ;
#1956 = EDGE_CURVE ( 'NONE', #1764, #2562, #2213, .T. ) ;
#1957 = FACE_OUTER_BOUND ( 'NONE', #1974, .T. ) ;
#1958 = EDGE_CURVE ( 'NONE', #2418, #1162, #5025, .T. ) ;
#1959 = FACE_OUTER_BOUND ( 'NONE', #2601, .T. ) ;
#1960 = APPROVAL_PERSON_ORGANIZATION ( #688, #2284, #4698 ) ;
#1961 = DIRECTION ( 'NONE',  ( -1.000000000000000000, 0.000000000000000000, 0.000000000000000000 ) ) ;
#1962 = CARTESIAN_POINT ( 'NONE',  ( 13.42063157758646774, -1.972483239316683346, 5.138999999999997570 ) ) ;
#1963 = VERTEX_POINT ( 'NONE', #1463 ) ;
#1964 = AXIS2_PLACEMENT_3D ( 'NONE', #2096, #4775, #741 ) ;
#1965 = DIRECTION ( 'NONE',  ( 1.000000000000000000, 0.000000000000000000, 0.000000000000000000 ) ) ;
#1966 = DIRECTION ( 'NONE',  ( -0.000000000000000000, -1.000000000000000000, -0.000000000000000000 ) ) ;
#1967 = CARTESIAN_POINT ( 'NONE',  ( 12.70000000000000462, 6.200000000000000178, 0.000000000000000000 ) ) ;
#1968 = CIRCLE ( 'NONE', #2445, 2.100000000000000089 ) ;
#1969 = DIRECTION ( 'NONE',  ( 1.000000000000000000, 0.000000000000000000, 1.444274288350615811E-15 ) ) ;
#1970 = VECTOR ( 'NONE', #2356, 1000.000000000000000 ) ;
#1971 = ORIENTED_EDGE ( 'NONE', *, *, #5776, .T. ) ;
#1972 = DIRECTION ( 'NONE',  ( 1.000000000000000000, 0.000000000000000000, 0.000000000000000000 ) ) ;
#1973 = ORIENTED_EDGE ( 'NONE', *, *, #1243, .F. ) ;
#1974 = EDGE_LOOP ( 'NONE', ( #4291, #2403, #5279, #3188 ) ) ;
#1975 = LINE ( 'NONE', #3274, #4831 ) ;
#1976 = DIRECTION ( 'NONE',  ( -0.000000000000000000, -0.000000000000000000, 1.000000000000000000 ) ) ;
#1977 = LINE ( 'NONE', #929, #4454 ) ;
#1978 = VECTOR ( 'NONE', #4997, 1000.000000000000000 ) ;
#1979 = ADVANCED_FACE ( 'NONE', ( #153 ), #1016, .T. ) ;
#1980 = ORIENTED_EDGE ( 'NONE', *, *, #1671, .T. ) ;
#1981 = AXIS2_PLACEMENT_3D ( 'NONE', #831, #2625, #3315 ) ;
#1982 = CARTESIAN_POINT ( 'NONE',  ( -0.3999999999999999667, -2.254205848354697395, 5.555636450100673862 ) ) ;
#1983 = CARTESIAN_POINT ( 'NONE',  ( -5.200000000000000178, -4.174999999999998046, -26.94558441227146872 ) ) ;
#1984 = FACE_OUTER_BOUND ( 'NONE', #2497, .T. ) ;
#1985 = DIRECTION ( 'NONE',  ( -0.000000000000000000, -1.000000000000000000, -0.000000000000000000 ) ) ;
#1986 = VERTEX_POINT ( 'NONE', #4675 ) ;
#1987 = EDGE_CURVE ( 'NONE', #1305, #4207, #3151, .T. ) ;
#1988 = EDGE_CURVE ( 'NONE', #1187, #1061, #3760, .T. ) ;
#1989 = ORIENTED_EDGE ( 'NONE', *, *, #2425, .T. ) ;
#1990 = CARTESIAN_POINT ( 'NONE',  ( 12.69999999999999929, -0.8890000000000000124, -19.05000000000000071 ) ) ;
#1991 = DIRECTION ( 'NONE',  ( 0.000000000000000000, -0.000000000000000000, 1.000000000000000000 ) ) ;
#1992 = CARTESIAN_POINT ( 'NONE',  ( 12.69999999999999929, -2.175000000000001599, -19.05000000000000071 ) ) ;
#1993 = EDGE_LOOP ( 'NONE', ( #1234, #5835, #3787, #3615 ) ) ;
#1994 = AXIS2_PLACEMENT_3D ( 'NONE', #2326, #5563, #5060 ) ;
#1995 = ADVANCED_FACE ( 'NONE', ( #2435 ), #4234, .T. ) ;
#1996 = DIRECTION ( 'NONE',  ( -0.000000000000000000, 1.000000000000000000, -0.000000000000000000 ) ) ;
#1997 = DIRECTION ( 'NONE',  ( 0.000000000000000000, 0.000000000000000000, 1.000000000000000000 ) ) ;
#1998 = CARTESIAN_POINT ( 'NONE',  ( 17.76862915010142885, -0.1999999999999996503, -12.70000000000000284 ) ) ;
#1999 = CIRCLE ( 'NONE', #3614, 3.175000000000000711 ) ;
#2000 = AXIS2_PLACEMENT_3D ( 'NONE', #5234, #1579, #3029 ) ;
#2001 = CARTESIAN_POINT ( 'NONE',  ( -6.199999999999999289, -6.200000000000000178, -2.000000000000000000 ) ) ;
#2002 = ORIENTED_EDGE ( 'NONE', *, *, #342, .T. ) ;
#2003 = CARTESIAN_POINT ( 'NONE',  ( 6.350000000000002309, -0.8890000000000000124, -14.80000000000000071 ) ) ;
#2004 = EDGE_CURVE ( 'NONE', #5223, #5155, #316, .T. ) ;
#2005 = ORIENTED_EDGE ( 'NONE', *, *, #842, .F. ) ;
#2006 = AXIS2_PLACEMENT_3D ( 'NONE', #917, #5055, #5087 ) ;
#2007 = ORIENTED_EDGE ( 'NONE', *, *, #4458, .F. ) ;
#2008 = CARTESIAN_POINT ( 'NONE',  ( -0.3999999999999999667, 1.502637486114517751, 6.138999999999998458 ) ) ;
#2009 = DIRECTION ( 'NONE',  ( -0.000000000000000000, -1.000000000000000000, -0.000000000000000000 ) ) ;
#2010 = DIRECTION ( 'NONE',  ( 0.000000000000000000, 0.000000000000000000, 1.000000000000000000 ) ) ;
#2011 = ORIENTED_EDGE ( 'NONE', *, *, #3111, .F. ) ;
#2012 = ORIENTED_EDGE ( 'NONE', *, *, #5308, .T. ) ;
#2013 = VERTEX_POINT ( 'NONE', #1229 ) ;
#2014 = CARTESIAN_POINT ( 'NONE',  ( 17.89999999999999858, -50.04532472225498907, -1.999999999999998224 ) ) ;
#2015 = APPROVAL_ROLE ( '' ) ;
#2016 = EDGE_CURVE ( 'NONE', #4929, #3741, #136, .T. ) ;
#2017 = FACE_OUTER_BOUND ( 'NONE', #921, .T. ) ;
#2018 = LINE ( 'NONE', #4702, #2167 ) ;
#2019 = AXIS2_PLACEMENT_3D ( 'NONE', #3851, #1140, #2470 ) ;
#2020 = VERTEX_POINT ( 'NONE', #4786 ) ;
#2021 = DIRECTION ( 'NONE',  ( -0.000000000000000000, 1.000000000000000000, -0.000000000000000000 ) ) ;
#2022 = LINE ( 'NONE', #2049, #4261 ) ;
#2023 = CC_DESIGN_PERSON_AND_ORGANIZATION_ASSIGNMENT ( #2547, #5634, ( #1268 ) ) ;
#2024 = AXIS2_PLACEMENT_3D ( 'NONE', #1104, #818, #872 ) ;
#2025 = PLANE ( 'NONE',  #2272 ) ;
#2026 = VERTEX_POINT ( 'NONE', #2969 ) ;
#2027 = CARTESIAN_POINT ( 'NONE',  ( 12.70000000000000284, -0.8890000000000000124, -6.350000000000004974 ) ) ;
#2028 = DIRECTION ( 'NONE',  ( 0.000000000000000000, 0.000000000000000000, 1.000000000000000000 ) ) ;
#2029 = CIRCLE ( 'NONE', #5329, 2.100000000000000977 ) ;
#2030 = DIRECTION ( 'NONE',  ( -0.7071067811865501263, 8.552234196640365370E-17, -0.7071067811865449082 ) ) ;
#2031 = EDGE_CURVE ( 'NONE', #5497, #4772, #1738, .T. ) ;
#2032 = ORIENTED_EDGE ( 'NONE', *, *, #4187, .T. ) ;
#2033 = LINE ( 'NONE', #2891, #3173 ) ;
#2034 = EDGE_LOOP ( 'NONE', ( #2409, #865 ) ) ;
#2035 = ORIENTED_EDGE ( 'NONE', *, *, #36, .T. ) ;
#2036 = DIRECTION ( 'NONE',  ( 0.000000000000000000, 1.000000000000000000, 0.000000000000000000 ) ) ;
#2037 = CARTESIAN_POINT ( 'NONE',  ( 4.804415587728428250, -0.1999999999999996503, -36.94999999999988916 ) ) ;
#2038 = ADVANCED_FACE ( 'NONE', ( #4732 ), #3411, .T. ) ;
#2039 = DIRECTION ( 'NONE',  ( -1.195183497228115281E-16, -1.000000000000000000, 0.000000000000000000 ) ) ;
#2040 = ORIENTED_EDGE ( 'NONE', *, *, #110, .T. ) ;
#2041 = ORIENTED_EDGE ( 'NONE', *, *, #3162, .F. ) ;
#2042 = ORIENTED_EDGE ( 'NONE', *, *, #1252, .T. ) ;
#2043 = DIRECTION ( 'NONE',  ( 3.484311720645859373E-14, 0.000000000000000000, -1.000000000000000000 ) ) ;
#2044 = PLANE ( 'NONE',  #4992 ) ;
#2045 = DIRECTION ( 'NONE',  ( 0.7071067811865483499, 0.000000000000000000, -0.7071067811865466846 ) ) ;
#2046 = ADVANCED_FACE ( 'NONE', ( #3844 ), #272, .T. ) ;
#2047 = ORIENTED_EDGE ( 'NONE', *, *, #1182, .F. ) ;
#2048 = CARTESIAN_POINT ( 'NONE',  ( 1.257659471581005203E-16, -5.460999999999999410, -22.22500000000000142 ) ) ;
#2049 = CARTESIAN_POINT ( 'NONE',  ( 17.89999999999999858, -50.04532472225498907, -1.999999999999998224 ) ) ;
#2050 = DIRECTION ( 'NONE',  ( 0.000000000000000000, 0.000000000000000000, -1.000000000000000000 ) ) ;
#2051 = ORIENTED_EDGE ( 'NONE', *, *, #1014, .F. ) ;
#2052 = CIRCLE ( 'NONE', #2523, 1.554966049364602254 ) ;
#2053 = LINE ( 'NONE', #247, #4140 ) ;
#2054 = LINE ( 'NONE', #1646, #2666 ) ;
#2055 = LINE ( 'NONE', #3854, #174 ) ;
#2057 = ORIENTED_EDGE ( 'NONE', *, *, #510, .T. ) ;
#2056 = CIRCLE ( 'NONE', #541, 3.175000000000000711 ) ;
#2058 = EDGE_LOOP ( 'NONE', ( #4402, #1622, #5812, #618, #449, #4130 ) ) ;
#2059 = ADVANCED_FACE ( 'NONE', ( #3381 ), #3909, .T. ) ;
#2060 = ORIENTED_EDGE ( 'NONE', *, *, #3943, .F. ) ;
#2061 = AXIS2_PLACEMENT_3D ( 'NONE', #3292, #4237, #3821 ) ;
#2062 = DIRECTION ( 'NONE',  ( 0.7071067811865487940, 0.000000000000000000, -0.7071067811865463515 ) ) ;
#2063 = CIRCLE ( 'NONE', #2537, 2.299999999999999822 ) ;
#2064 = DIRECTION ( 'NONE',  ( 0.000000000000000000, -1.000000000000000000, 0.000000000000000000 ) ) ;
#2065 = CARTESIAN_POINT ( 'NONE',  ( -2.268258436585968152, 0.000000000000000000, 5.620762745781209269 ) ) ;
#2066 = EDGE_LOOP ( 'NONE', ( #705, #4763, #1811, #3212 ) ) ;
#2067 = EDGE_LOOP ( 'NONE', ( #1989, #213 ) ) ;
#2068 = VERTEX_POINT ( 'NONE', #4292 ) ;
#2069 = VECTOR ( 'NONE', #5094, 1000.000000000000000 ) ;
#2070 = EDGE_CURVE ( 'NONE', #3775, #2013, #214, .T. ) ;
#2071 = EDGE_CURVE ( 'NONE', #4900, #4929, #5698, .T. ) ;
#2072 = ORIENTED_EDGE ( 'NONE', *, *, #110, .F. ) ;
#2073 = VECTOR ( 'NONE', #786, 1000.000000000000000 ) ;
#2074 = FACE_BOUND ( 'NONE', #2664, .T. ) ;
#2075 = PERSON_AND_ORGANIZATION ( #1732, #5532 ) ;
#2076 = DIRECTION ( 'NONE',  ( 0.000000000000000000, 0.000000000000000000, 1.000000000000000000 ) ) ;
#2077 = VECTOR ( 'NONE', #3941, 1000.000000000000000 ) ;
#2078 = CARTESIAN_POINT ( 'NONE',  ( -3.654415587728433223, -50.04532472225498907, -25.39999999999989910 ) ) ;
#2079 = ORIENTED_EDGE ( 'NONE', *, *, #3414, .F. ) ;
#2080 = PLANE ( 'NONE',  #1548 ) ;
#2081 = DIRECTION ( 'NONE',  ( 0.000000000000000000, 1.000000000000000000, 0.000000000000000000 ) ) ;
#2082 = CARTESIAN_POINT ( 'NONE',  ( 12.69999999999999929, -5.460999999999999410, -31.75000000000000000 ) ) ;
#2083 = APPLICATION_CONTEXT ( 'configuration controlled 3d designs of mechanical parts and assemblies' ) ;
#2084 = ORIENTED_EDGE ( 'NONE', *, *, #2812, .F. ) ;
#2085 = CARTESIAN_POINT ( 'NONE',  ( -0.3999999999999999667, -1.502637486114517751, 6.138999999999998458 ) ) ;
#2086 = DIRECTION ( 'NONE',  ( 0.000000000000000000, 0.000000000000000000, 1.000000000000000000 ) ) ;
#2087 = CARTESIAN_POINT ( 'NONE',  ( -5.883583750239525472E-18, -5.460999999999999410, -33.85000000000000853 ) ) ;
#2088 = AXIS2_PLACEMENT_3D ( 'NONE', #2626, #4485, #2658 ) ;
#2089 = ORIENTED_EDGE ( 'NONE', *, *, #808, .T. ) ;
#2090 = EDGE_LOOP ( 'NONE', ( #4373, #654, #293, #857 ) ) ;
#2091 = DIRECTION ( 'NONE',  ( -0.000000000000000000, 1.000000000000000000, -0.000000000000000000 ) ) ;
#2092 = ORIENTED_EDGE ( 'NONE', *, *, #82, .F. ) ;
#2093 = CIRCLE ( 'NONE', #4918, 3.175000000000001155 ) ;
#2094 = CARTESIAN_POINT ( 'NONE',  ( -6.200000000000000178, -0.1999999999999996503, -2.000000000000000000 ) ) ;
#2095 = LINE ( 'NONE', #232, #3449 ) ;
#2096 = CARTESIAN_POINT ( 'NONE',  ( 12.69999999999999929, 0.000000000000000000, 6.138999999999998458 ) ) ;
#2097 = ORIENTED_EDGE ( 'NONE', *, *, #5089, .T. ) ;
#2098 = EDGE_CURVE ( 'NONE', #523, #96, #3876, .T. ) ;
#2099 = VERTEX_POINT ( 'NONE', #2998 ) ;
#2100 = EDGE_CURVE ( 'NONE', #3459, #3483, #1666, .T. ) ;
#2101 = AXIS2_PLACEMENT_3D ( 'NONE', #3641, #5435, #1508 ) ;
#2102 = ORIENTED_EDGE ( 'NONE', *, *, #3350, .T. ) ;
#2103 = VERTEX_POINT ( 'NONE', #5613 ) ;
#2104 = DIRECTION ( 'NONE',  ( -1.195183497228115281E-16, -1.000000000000000000, 0.000000000000000000 ) ) ;
#2105 = PERSON_AND_ORGANIZATION_ROLE ( 'design_supplier' ) ;
#2106 = ADVANCED_FACE ( 'NONE', ( #243 ), #2080, .T. ) ;
#2107 = FACE_OUTER_BOUND ( 'NONE', #1421, .T. ) ;
#2108 = EDGE_LOOP ( 'NONE', ( #5490, #2879, #2092, #3241 ) ) ;
#2109 = DIRECTION ( 'NONE',  ( 0.000000000000000000, 0.000000000000000000, 1.000000000000000000 ) ) ;
#2110 = DIRECTION ( 'NONE',  ( -0.000000000000000000, 0.000000000000000000, 1.000000000000000000 ) ) ;
#2111 = EDGE_CURVE ( 'NONE', #3961, #469, #333, .T. ) ;
#2112 = CARTESIAN_POINT ( 'NONE',  ( 12.70000000000000284, -5.460999999999999410, -6.350000000000004974 ) ) ;
#2113 = FACE_OUTER_BOUND ( 'NONE', #1476, .T. ) ;
#2114 = ORIENTED_EDGE ( 'NONE', *, *, #3472, .T. ) ;
#2115 = AXIS2_PLACEMENT_3D ( 'NONE', #4534, #401, #1823 ) ;
#2116 = CARTESIAN_POINT ( 'NONE',  ( -0.4000000000000000222, -1.820969194338324382, 6.090132639966193473 ) ) ;
#2117 = LINE ( 'NONE', #3476, #1339 ) ;
#2118 = DIRECTION ( 'NONE',  ( -0.000000000000000000, 1.000000000000000000, -0.000000000000000000 ) ) ;
#2119 = VECTOR ( 'NONE', #783, 1000.000000000000000 ) ;
#2120 = ORIENTED_EDGE ( 'NONE', *, *, #1711, .F. ) ;
#2121 = ORIENTED_EDGE ( 'NONE', *, *, #2862, .F. ) ;
#2122 = AXIS2_PLACEMENT_3D ( 'NONE', #4024, #4845, #3528 ) ;
#2123 = DIRECTION ( 'NONE',  ( 1.209468558947973047E-16, 1.000000000000000000, 0.000000000000000000 ) ) ;
#2124 = VERTEX_POINT ( 'NONE', #1637 ) ;
#2125 = DIRECTION ( 'NONE',  ( 0.7071067811865463515, -0.000000000000000000, 0.7071067811865487940 ) ) ;
#2126 = CARTESIAN_POINT ( 'NONE',  ( 6.350000000000002309, -5.460999999999999410, -9.524999999999998579 ) ) ;
#2127 = CARTESIAN_POINT ( 'NONE',  ( 5.218629150101651959, -0.1999999999999996503, -37.94999999999976126 ) ) ;
#2128 = CARTESIAN_POINT ( 'NONE',  ( -5.200000000000000178, -50.04532472225498907, -11.15441558772853270 ) ) ;
#2129 = ORIENTED_EDGE ( 'NONE', *, *, #3908, .T. ) ;
#2130 = ORIENTED_EDGE ( 'NONE', *, *, #4058, .F. ) ;
#2131 = ORIENTED_EDGE ( 'NONE', *, *, #4371, .T. ) ;
#2132 = ORIENTED_EDGE ( 'NONE', *, *, #3654, .T. ) ;
#2133 = EDGE_CURVE ( 'NONE', #4749, #4718, #3938, .T. ) ;
#2134 = DIRECTION ( 'NONE',  ( -0.9961946980917461003, 0.000000000000000000, -0.08715574274765176821 ) ) ;
#2135 = ADVANCED_FACE ( 'NONE', ( #4319 ), #3441, .F. ) ;
#2136 = VECTOR ( 'NONE', #125, 1000.000000000000000 ) ;
#2137 = CARTESIAN_POINT ( 'NONE',  ( -0.6477403412507644065, -1.999113491775013296, 4.305849356269921380 ) ) ;
#2138 = ADVANCED_FACE ( 'NONE', ( #1193 ), #5144, .F. ) ;
#2139 = ORIENTED_EDGE ( 'NONE', *, *, #1762, .T. ) ;
#2140 = DIRECTION ( 'NONE',  ( -5.597763149370537802E-15, -0.000000000000000000, -1.000000000000000000 ) ) ;
#2141 = DIRECTION ( 'NONE',  ( 0.000000000000000000, 0.000000000000000000, 1.000000000000000000 ) ) ;
#2142 = AXIS2_PLACEMENT_3D ( 'NONE', #1828, #5421, #5150 ) ;
#2143 = DIRECTION ( 'NONE',  ( 0.000000000000000000, 0.000000000000000000, -1.000000000000000000 ) ) ;
#2144 = CARTESIAN_POINT ( 'NONE',  ( 12.70000000000000284, -5.460999999999999410, -3.175000000000003819 ) ) ;
#2145 = VERTEX_POINT ( 'NONE', #4028 ) ;
#2146 = ADVANCED_FACE ( 'NONE', ( #4967, #3617 ), #5325, .F. ) ;
#2147 = EDGE_CURVE ( 'NONE', #4749, #2513, #3069, .T. ) ;
#2148 = CARTESIAN_POINT ( 'NONE',  ( 12.30000000000000071, 2.061552812808830293, 5.438999999999999169 ) ) ;
#2149 = EDGE_CURVE ( 'NONE', #138, #312, #216, .T. ) ;
#2150 = CARTESIAN_POINT ( 'NONE',  ( -0.3999999999999999667, 2.232710535457612888, 5.620762745781209269 ) ) ;
#2151 = CARTESIAN_POINT ( 'NONE',  ( -32.91256980544238075, -2.174999999999995826, -74.66698539317044947 ) ) ;
#2152 = VERTEX_POINT ( 'NONE', #1780 ) ;
#2153 = ORIENTED_EDGE ( 'NONE', *, *, #5611, .F. ) ;
#2154 = CARTESIAN_POINT ( 'NONE',  ( 17.76862915010142885, -0.1999999999999996503, -25.39999999999999858 ) ) ;
#2155 = DIRECTION ( 'NONE',  ( 0.7071067811865452413, -8.552234196640304973E-17, 0.7071067811865499042 ) ) ;
#2156 = CARTESIAN_POINT ( 'NONE',  ( 17.89999999999999147, -0.1999999999999996503, -14.24558441227167371 ) ) ;
#2157 = DIRECTION ( 'NONE',  ( 0.000000000000000000, 0.000000000000000000, 1.000000000000000000 ) ) ;
#2158 = CARTESIAN_POINT ( 'NONE',  ( 6.349999999999993427, -6.200000000000000178, -36.81862915010142956 ) ) ;
#2159 = CIRCLE ( 'NONE', #1867, 2.100000000000000977 ) ;
#2160 = ORIENTED_EDGE ( 'NONE', *, *, #4486, .F. ) ;
#2161 = EDGE_LOOP ( 'NONE', ( #3997, #1307 ) ) ;
#2162 = VERTEX_POINT ( 'NONE', #5293 ) ;
#2163 = VECTOR ( 'NONE', #3211, 1000.000000000000000 ) ;
#2164 = ORIENTED_EDGE ( 'NONE', *, *, #3480, .T. ) ;
#2165 = CARTESIAN_POINT ( 'NONE',  ( 5.900214239177761313E-15, -2.174999999999999822, -6.350000000000004974 ) ) ;
#2166 = VECTOR ( 'NONE', #4771, 1000.000000000000000 ) ;
#2167 = VECTOR ( 'NONE', #4316, 1000.000000000000000 ) ;
#2168 = AXIS2_PLACEMENT_3D ( 'NONE', #4087, #2673, #3171 ) ;
#2169 = DIRECTION ( 'NONE',  ( 0.000000000000000000, 1.000000000000000000, 0.000000000000000000 ) ) ;
#2170 = ORIENTED_EDGE ( 'NONE', *, *, #5045, .F. ) ;
#2171 = DIRECTION ( 'NONE',  ( -0.000000000000000000, 1.000000000000000000, -0.000000000000000000 ) ) ;
#2172 = CARTESIAN_POINT ( 'NONE',  ( -2.630594115711841125E-16, -5.460999999999999410, -19.05000000000000071 ) ) ;
#2173 = DIRECTION ( 'NONE',  ( 0.000000000000000000, 0.000000000000000000, 1.000000000000000000 ) ) ;
#2174 = CONICAL_SURFACE ( 'NONE', #4054, 2.299999999999999822, 0.3141592653589760364 ) ;
#2175 = DIRECTION ( 'NONE',  ( -0.7071067811865467956, -0.000000000000000000, 0.7071067811865483499 ) ) ;
#2176 = EDGE_CURVE ( 'NONE', #5361, #3349, #5785, .T. ) ;
#2177 = ORIENTED_EDGE ( 'NONE', *, *, #656, .T. ) ;
#2178 = CARTESIAN_POINT ( 'NONE',  ( -32.91256980544227417, -2.174999999999995826, -74.66698539317093264 ) ) ;
#2179 = DIRECTION ( 'NONE',  ( 1.000000000000000000, 0.000000000000000000, 0.000000000000000000 ) ) ;
#2180 = DIRECTION ( 'NONE',  ( 0.7071067811865475727, -0.7071067811865474617, 0.000000000000000000 ) ) ;
#2181 = EDGE_CURVE ( 'NONE', #5600, #3135, #2229, .T. ) ;
#2182 = ORIENTED_EDGE ( 'NONE', *, *, #4496, .T. ) ;
#2183 = EDGE_LOOP ( 'NONE', ( #2415, #1589, #3627, #5689 ) ) ;
#2184 = CARTESIAN_POINT ( 'NONE',  ( 6.350000000000000533, -0.8890000000000000124, -22.22499999999999787 ) ) ;
#2185 = CARTESIAN_POINT ( 'NONE',  ( 17.89999999999999858, -4.175000000000005151, -1.999999999999998224 ) ) ;
#2186 = CARTESIAN_POINT ( 'NONE',  ( -2.630594115711841125E-16, -5.460999999999999410, -19.05000000000000071 ) ) ;
#2187 = CARTESIAN_POINT ( 'NONE',  ( 12.69999999999999929, -5.460999999999999410, -31.75000000000000000 ) ) ;
#2188 = CIRCLE ( 'NONE', #5581, 0.7499999999999997780 ) ;
#2189 = FACE_BOUND ( 'NONE', #3273, .T. ) ;
#2190 = ADVANCED_FACE ( 'NONE', ( #1373 ), #3630, .T. ) ;
#2191 = ORIENTED_EDGE ( 'NONE', *, *, #1534, .T. ) ;
#2192 = EDGE_LOOP ( 'NONE', ( #5697, #522, #3385, #589 ) ) ;
#2193 = ORIENTED_EDGE ( 'NONE', *, *, #4954, .F. ) ;
#2194 = VECTOR ( 'NONE', #763, 1000.000000000000000 ) ;
#2195 = EDGE_LOOP ( 'NONE', ( #5082, #962, #3037, #2505 ) ) ;
#2196 = DIRECTION ( 'NONE',  ( 1.000000000000000000, -1.365923996832131609E-16, 0.000000000000000000 ) ) ;
#2197 = CARTESIAN_POINT ( 'NONE',  ( 12.69999999999999929, -6.201024999999999565, -33.85000000000000142 ) ) ;
#2198 = EDGE_CURVE ( 'NONE', #2440, #2249, #928, .T. ) ;
#2199 = ORIENTED_EDGE ( 'NONE', *, *, #1752, .T. ) ;
#2200 = CARTESIAN_POINT ( 'NONE',  ( 12.20190265095412840, -2.040073290564207831, 2.595422128626172054 ) ) ;
#2201 = FACE_OUTER_BOUND ( 'NONE', #1657, .T. ) ;
#2202 = DIRECTION ( 'NONE',  ( 0.000000000000000000, 1.000000000000000000, 0.000000000000000000 ) ) ;
#2203 = PLANE ( 'NONE',  #5645 ) ;
#2204 = ORIENTED_EDGE ( 'NONE', *, *, #2100, .F. ) ;
#2205 = CARTESIAN_POINT ( 'NONE',  ( 17.89999999999999147, -50.04532472225498907, -23.85441558772832948 ) ) ;
#2206 = CARTESIAN_POINT ( 'NONE',  ( 16.35441558772843251, -50.04532472225498907, -25.39999999999989910 ) ) ;
#2207 = CARTESIAN_POINT ( 'NONE',  ( 0.4000000000000001887, -1.502637486114517751, 6.138999999999998458 ) ) ;
#2208 = CIRCLE ( 'NONE', #4469, 3.175000000000000711 ) ;
#2209 = ORIENTED_EDGE ( 'NONE', *, *, #1263, .T. ) ;
#2210 = ORIENTED_EDGE ( 'NONE', *, *, #5425, .F. ) ;
#2211 = LOCAL_TIME ( 14, 8, 8.000000000000000000, #2934 ) ;
#2212 = DIRECTION ( 'NONE',  ( 8.115498896123167176E-15, 0.000000000000000000, 1.000000000000000000 ) ) ;
#2213 = CIRCLE ( 'NONE', #4282, 3.175000000000000711 ) ;
#2214 = FACE_OUTER_BOUND ( 'NONE', #2718, .T. ) ;
#2215 = ADVANCED_FACE ( 'NONE', ( #3502 ), #4528, .T. ) ;
#2216 = CARTESIAN_POINT ( 'NONE',  ( 12.70000000000000284, -0.8890000000000000124, -9.525000000000005684 ) ) ;
#2217 = DIRECTION ( 'NONE',  ( 0.000000000000000000, 1.000000000000000000, 0.000000000000000000 ) ) ;
#2218 = DIRECTION ( 'NONE',  ( 1.000000000000000000, 0.000000000000000000, -8.260587980841934638E-15 ) ) ;
#2219 = ORIENTED_EDGE ( 'NONE', *, *, #4736, .F. ) ;
#2220 = ORIENTED_EDGE ( 'NONE', *, *, #4371, .F. ) ;
#2221 = AXIS2_PLACEMENT_3D ( 'NONE', #1071, #1863, #504 ) ;
#2222 = VERTEX_POINT ( 'NONE', #4468 ) ;
#2223 = EDGE_CURVE ( 'NONE', #2696, #4975, #1812, .T. ) ;
#2224 = ORIENTED_EDGE ( 'NONE', *, *, #188, .F. ) ;
#2225 = CARTESIAN_POINT ( 'NONE',  ( -5.068629150101426006, -6.200000000000000178, -25.39999999999999503 ) ) ;
#2226 = CIRCLE ( 'NONE', #3072, 2.100000000000000089 ) ;
#2227 = CARTESIAN_POINT ( 'NONE',  ( -6.199999999999999289, 0.000000000000000000, 0.000000000000000000 ) ) ;
#2228 = ORIENTED_EDGE ( 'NONE', *, *, #3414, .T. ) ;
#2229 = LINE ( 'NONE', #3592, #5599 ) ;
#2230 = CARTESIAN_POINT ( 'NONE',  ( 6.349999999999999645, -0.1999999999999996503, -35.40441558772833019 ) ) ;
#2231 = DIRECTION ( 'NONE',  ( -1.000000000000000000, 0.000000000000000000, 0.000000000000000000 ) ) ;
#2232 = DIRECTION ( 'NONE',  ( -1.195183497228115281E-16, -1.000000000000000000, 0.000000000000000000 ) ) ;
#2233 = EDGE_CURVE ( 'NONE', #3423, #2695, #1176, .T. ) ;
#2234 = ORIENTED_EDGE ( 'NONE', *, *, #1820, .F. ) ;
#2235 = LINE ( 'NONE', #4559, #122 ) ;
#2236 = DIRECTION ( 'NONE',  ( 0.000000000000000000, 0.000000000000000000, 1.000000000000000000 ) ) ;
#2237 = DIRECTION ( 'NONE',  ( -0.000000000000000000, 1.000000000000000000, -0.000000000000000000 ) ) ;
#2238 = ORIENTED_EDGE ( 'NONE', *, *, #4762, .T. ) ;
#2239 = ORIENTED_EDGE ( 'NONE', *, *, #1398, .T. ) ;
#2240 = DIRECTION ( 'NONE',  ( -0.3090169943749442316, 0.000000000000000000, -0.9510565162951545304 ) ) ;
#2241 = CARTESIAN_POINT ( 'NONE',  ( 18.89999999999999858, 1.734723475976807094E-15, 0.000000000000000000 ) ) ;
#2242 = CARTESIAN_POINT ( 'NONE',  ( 12.69999999999999929, -3.174999999999998934, 2.638999999999998902 ) ) ;
#2243 =( BOUNDED_CURVE ( )  B_SPLINE_CURVE ( 3, ( #2674, #3973, #3879, #3567 ),
 .UNSPECIFIED., .F., .T. ) 
 B_SPLINE_CURVE_WITH_KNOTS ( ( 4, 4 ),
 ( 1.810267798689539687, 1.921073213463467599 ),
 .UNSPECIFIED. ) 
 CURVE ( )  GEOMETRIC_REPRESENTATION_ITEM ( )  RATIONAL_B_SPLINE_CURVE ( ( 1.000000000000000000, 0.9989771083553060649, 0.9989771083553060649, 1.000000000000000000 ) ) 
 REPRESENTATION_ITEM ( '' )  );
#2244 = FACE_OUTER_BOUND ( 'NONE', #4096, .T. ) ;
#2245 = ORIENTED_EDGE ( 'NONE', *, *, #1599, .F. ) ;
#2246 = ORIENTED_EDGE ( 'NONE', *, *, #3480, .F. ) ;
#2247 = VERTEX_POINT ( 'NONE', #2701 ) ;
#2248 = EDGE_CURVE ( 'NONE', #5711, #3822, #2287, .T. ) ;
#2249 = VERTEX_POINT ( 'NONE', #2258 ) ;
#2250 = EDGE_CURVE ( 'NONE', #629, #4349, #709, .T. ) ;
#2251 = LOCAL_TIME ( 14, 8, 8.000000000000000000, #1574 ) ;
#2252 = LINE ( 'NONE', #4403, #2402 ) ;
#2253 = EDGE_CURVE ( 'NONE', #1313, #2623, #844, .T. ) ;
#2254 = EDGE_CURVE ( 'NONE', #1571, #1630, #4009, .T. ) ;
#2255 = ADVANCED_FACE ( 'NONE', ( #4409 ), #1400, .F. ) ;
#2256 = AXIS2_PLACEMENT_3D ( 'NONE', #2187, #5219, #5770 ) ;
#2257 = EDGE_LOOP ( 'NONE', ( #4076, #4876, #4983, #1564 ) ) ;
#2258 = CARTESIAN_POINT ( 'NONE',  ( 17.89999999999999858, -0.1999999999999996503, -26.94558441227146872 ) ) ;
#2259 = CARTESIAN_POINT ( 'NONE',  ( 9.524999999999998579, 0.000000000000000000, 0.000000000000000000 ) ) ;
#2260 = CIRCLE ( 'NONE', #1119, 2.099999999999999645 ) ;
#2261 = CARTESIAN_POINT ( 'NONE',  ( 6.349999999999999645, -2.175000000000003375, -35.40441558772833019 ) ) ;
#2262 = EDGE_CURVE ( 'NONE', #5533, #2433, #3443, .T. ) ;
#2263 = DIRECTION ( 'NONE',  ( 0.000000000000000000, -1.000000000000000000, 0.000000000000000000 ) ) ;
#2264 = CIRCLE ( 'NONE', #5063, 3.175000000000000711 ) ;
#2265 = EDGE_LOOP ( 'NONE', ( #4674, #236, #2530, #1770 ) ) ;
#2266 = CARTESIAN_POINT ( 'NONE',  ( 0.000000000000000000, 0.000000000000000000, 5.438999999999999169 ) ) ;
#2267 = CYLINDRICAL_SURFACE ( 'NONE', #4547, 3.174999999999999822 ) ;
#2268 = CIRCLE ( 'NONE', #557, 2.268258436585968152 ) ;
#2269 = DIRECTION ( 'NONE',  ( 1.209468558947973047E-16, 1.000000000000000000, 0.000000000000000000 ) ) ;
#2270 = EDGE_CURVE ( 'NONE', #3349, #5748, #1427, .T. ) ;
#2271 = ORIENTED_EDGE ( 'NONE', *, *, #1349, .F. ) ;
#2272 = AXIS2_PLACEMENT_3D ( 'NONE', #5615, #1553, #4294 ) ;
#2273 = DIRECTION ( 'NONE',  ( 0.000000000000000000, 1.000000000000000000, 0.000000000000000000 ) ) ;
#2274 = DIRECTION ( 'NONE',  ( -0.7071067811865466846, 0.000000000000000000, -0.7071067811865483499 ) ) ;
#2275 = DIRECTION ( 'NONE',  ( -5.597763149370537802E-15, 0.000000000000000000, 1.000000000000000000 ) ) ;
#2276 = CARTESIAN_POINT ( 'NONE',  ( -0.4871800118523818002, -2.042738830444500664, 2.470636393497685823 ) ) ;
#2277 = EDGE_LOOP ( 'NONE', ( #1891, #1944, #4686, #3473 ) ) ;
#2278 = B_SPLINE_CURVE_WITH_KNOTS ( 'NONE', 3,
 ( #5683, #3861, #647, #5653, #1180, #2985 ),
 .UNSPECIFIED., .F., .F.,
 ( 4, 2, 4 ),
 ( 0.000000000000000000, 0.0004757428370953073775, 0.0009514856741906147549 ),
 .UNSPECIFIED. ) ;
#2279 = ORIENTED_EDGE ( 'NONE', *, *, #3115, .F. ) ;
#2280 = ORIENTED_EDGE ( 'NONE', *, *, #3717, .T. ) ;
#2281 = ORIENTED_EDGE ( 'NONE', *, *, #1855, .F. ) ;
#2282 = CIRCLE ( 'NONE', #4538, 2.299999999999999822 ) ;
#2283 = CARTESIAN_POINT ( 'NONE',  ( -0.3999999999999999667, -3.174999999999999822, 5.139000000000001123 ) ) ;
#2284 = APPROVAL ( #1100, 'UNSPECIFIED' ) ;
#2285 = AXIS2_PLACEMENT_3D ( 'NONE', #281, #3448, #5239 ) ;
#2286 = DIRECTION ( 'NONE',  ( -0.7071067811865452413, 7.330486454263118196E-17, -0.7071067811865499042 ) ) ;
#2287 = LINE ( 'NONE', #5754, #1838 ) ;
#2288 = VECTOR ( 'NONE', #3149, 1000.000000000000000 ) ;
#2289 = PLANE ( 'NONE',  #878 ) ;
#2290 = VECTOR ( 'NONE', #846, 1000.000000000000000 ) ;
#2291 = EDGE_CURVE ( 'NONE', #2068, #891, #421, .T. ) ;
#2292 = CARTESIAN_POINT ( 'NONE',  ( 12.70000000000000284, -2.175000000000001599, -3.175000000000003819 ) ) ;
#2293 = DIRECTION ( 'NONE',  ( -0.7071067811865487940, 8.552234196640348114E-17, 0.7071067811865463515 ) ) ;
#2294 = VECTOR ( 'NONE', #1448, 1000.000000000000000 ) ;
#2295 = ORIENTED_EDGE ( 'NONE', *, *, #354, .F. ) ;
#2296 = FACE_OUTER_BOUND ( 'NONE', #284, .T. ) ;
#2297 = EDGE_CURVE ( 'NONE', #884, #422, #1514, .T. ) ;
#2298 = CARTESIAN_POINT ( 'NONE',  ( -6.199999999999756817, -0.1999999999999996503, -24.26862915010165622 ) ) ;
#2299 = CARTESIAN_POINT ( 'NONE',  ( 0.000000000000000000, 0.000000000000000000, 5.139000000000004675 ) ) ;
#2300 = ORIENTED_EDGE ( 'NONE', *, *, #3500, .T. ) ;
#2301 = DIRECTION ( 'NONE',  ( -0.000000000000000000, -1.000000000000000000, -0.000000000000000000 ) ) ;
#2302 = LINE ( 'NONE', #408, #774 ) ;
#2303 = LINE ( 'NONE', #4071, #5538 ) ;
#2304 = DIRECTION ( 'NONE',  ( 0.000000000000000000, 1.000000000000000000, 0.000000000000000000 ) ) ;
#2305 = ORIENTED_EDGE ( 'NONE', *, *, #3261, .F. ) ;
#2306 = ORIENTED_EDGE ( 'NONE', *, *, #2147, .F. ) ;
#2307 = LOCAL_TIME ( 14, 8, 8.000000000000000000, #1189 ) ;
#2308 = ORIENTED_EDGE ( 'NONE', *, *, #2372, .T. ) ;
#2309 = VECTOR ( 'NONE', #880, 1000.000000000000000 ) ;
#2310 = EDGE_LOOP ( 'NONE', ( #2102, #428, #2360, #1485 ) ) ;
#2311 = CARTESIAN_POINT ( 'NONE',  ( 12.69999999999999929, -0.8890000000000000124, -31.75000000000000000 ) ) ;
#2312 = DIRECTION ( 'NONE',  ( -0.000000000000000000, 1.000000000000000000, -0.000000000000000000 ) ) ;
#2313 = AXIS2_PLACEMENT_3D ( 'NONE', #5602, #2926, #2454 ) ;
#2314 = DIRECTION ( 'NONE',  ( 0.000000000000000000, 0.000000000000000000, 1.000000000000000000 ) ) ;
#2315 = CARTESIAN_POINT ( 'NONE',  ( 6.350000000000002309, -0.8890000000000000124, -12.69999999999999929 ) ) ;
#2316 = CARTESIAN_POINT ( 'NONE',  ( 0.4980973490458738828, -3.174999999999999822, 2.595422128626172054 ) ) ;
#2317 = DIRECTION ( 'NONE',  ( 0.000000000000000000, 0.000000000000000000, 1.000000000000000000 ) ) ;
#2318 = EDGE_CURVE ( 'NONE', #2705, #3403, #531, .T. ) ;
#2319 = ORIENTED_EDGE ( 'NONE', *, *, #111, .T. ) ;
#2320 = DIRECTION ( 'NONE',  ( 1.000000000000000000, 0.000000000000000000, 0.000000000000000000 ) ) ;
#2321 = CARTESIAN_POINT ( 'NONE',  ( 14.80000000000000071, 2.571758278209441957E-16, 5.438999999999999169 ) ) ;
#2322 = CARTESIAN_POINT ( 'NONE',  ( -0.3999999999999999667, -2.264950330581225746, 5.523072258617638397 ) ) ;
#2323 = ORIENTED_EDGE ( 'NONE', *, *, #1705, .T. ) ;
#2324 = EDGE_CURVE ( 'NONE', #2103, #3591, #1371, .T. ) ;
#2325 = CARTESIAN_POINT ( 'NONE',  ( 17.89999999999999858, -50.04532472225498907, -26.94558441227146872 ) ) ;
#2326 = CARTESIAN_POINT ( 'NONE',  ( 0.000000000000000000, 0.000000000000000000, 5.438999999999999169 ) ) ;
#2327 = DIRECTION ( 'NONE',  ( -0.000000000000000000, 1.000000000000000000, -0.000000000000000000 ) ) ;
#2328 = CARTESIAN_POINT ( 'NONE',  ( -6.199999999999999289, -6.200000000000000178, 0.000000000000000000 ) ) ;
#2329 = ORIENTED_EDGE ( 'NONE', *, *, #1450, .F. ) ;
#2330 = ORIENTED_EDGE ( 'NONE', *, *, #1200, .T. ) ;
#2331 = DIRECTION ( 'NONE',  ( 0.7071067811865453523, 0.000000000000000000, 0.7071067811865496822 ) ) ;
#2332 = ORIENTED_EDGE ( 'NONE', *, *, #955, .F. ) ;
#2333 = ORIENTED_EDGE ( 'NONE', *, *, #2481, .T. ) ;
#2334 = CYLINDRICAL_SURFACE ( 'NONE', #4483, 3.174999999999997158 ) ;
#2335 = LINE ( 'NONE', #2838, #3286 ) ;
#2336 = CARTESIAN_POINT ( 'NONE',  ( -2.630594115710311721E-16, -2.174999999999996270, -31.75000000000000000 ) ) ;
#2337 = CARTESIAN_POINT ( 'NONE',  ( 17.89999999999999147, -4.175000000000005151, -23.85441558772832948 ) ) ;
#2338 = CIRCLE ( 'NONE', #3104, 2.100000000000000977 ) ;
#2339 = DIRECTION ( 'NONE',  ( 0.000000000000000000, 0.000000000000000000, 1.000000000000000000 ) ) ;
#2340 = VERTEX_POINT ( 'NONE', #3196 ) ;
#2341 = VECTOR ( 'NONE', #2781, 1000.000000000000000 ) ;
#2342 = CIRCLE ( 'NONE', #3108, 3.175000000000000711 ) ;
#2343 = ORIENTED_EDGE ( 'NONE', *, *, #625, .T. ) ;
#2344 = FACE_OUTER_BOUND ( 'NONE', #2593, .T. ) ;
#2345 = FACE_BOUND ( 'NONE', #1907, .T. ) ;
#2346 = CARTESIAN_POINT ( 'NONE',  ( -5.199999999999993072, -6.199999999999997513, -23.85441558772832948 ) ) ;
#2347 = EDGE_CURVE ( 'NONE', #891, #554, #4110, .T. ) ;
#2348 = DIRECTION ( 'NONE',  ( 1.000000000000000000, 0.000000000000000000, 0.000000000000000000 ) ) ;
#2350 = ORIENTED_EDGE ( 'NONE', *, *, #475, .T. ) ;
#2349 = VECTOR ( 'NONE', #337, 1000.000000000000114 ) ;
#2351 = AXIS2_PLACEMENT_3D ( 'NONE', #4088, #3597, #2339 ) ;
#2352 = DIRECTION ( 'NONE',  ( 1.195183497228115281E-16, 1.000000000000000000, 0.000000000000000000 ) ) ;
#2353 = FACE_OUTER_BOUND ( 'NONE', #5709, .T. ) ;
#2354 = CARTESIAN_POINT ( 'NONE',  ( 18.89999999999999858, 6.200000000000000178, 0.000000000000000000 ) ) ;
#2355 = ADVANCED_FACE ( 'NONE', ( #1040 ), #1840, .T. ) ;
#2356 = DIRECTION ( 'NONE',  ( -0.000000000000000000, 1.000000000000000000, -0.000000000000000000 ) ) ;
#2357 = AXIS2_PLACEMENT_3D ( 'NONE', #5118, #4708, #5588 ) ;
#2358 = ORIENTED_EDGE ( 'NONE', *, *, #1263, .F. ) ;
#2359 = CARTESIAN_POINT ( 'NONE',  ( 6.350000000000002309, -0.8890000000000000124, -12.69999999999999929 ) ) ;
#2360 = ORIENTED_EDGE ( 'NONE', *, *, #1457, .F. ) ;
#2361 = ORIENTED_EDGE ( 'NONE', *, *, #815, .F. ) ;
#2362 = DIRECTION ( 'NONE',  ( -0.000000000000000000, 1.000000000000000000, -0.000000000000000000 ) ) ;
#2363 = CARTESIAN_POINT ( 'NONE',  ( 12.30000000000000071, 2.061552812808830293, 5.438999999999999169 ) ) ;
#2364 = EDGE_CURVE ( 'NONE', #5214, #5458, #898, .T. ) ;
#2365 = DIRECTION ( 'NONE',  ( 1.000000000000000000, 0.000000000000000000, 1.734723475976807094E-15 ) ) ;
#2366 = B_SPLINE_CURVE_WITH_KNOTS ( 'NONE', 3,
 ( #5336, #518, #1414, #3208 ),
 .UNSPECIFIED., .F., .F.,
 ( 4, 4 ),
 ( 0.003029541235337105884, 0.003249628748158705192 ),
 .UNSPECIFIED. ) ;
#2367 = DIRECTION ( 'NONE',  ( 0.7071067811865452413, 0.000000000000000000, 0.7071067811865499042 ) ) ;
#2368 = VECTOR ( 'NONE', #1799, 1000.000000000000000 ) ;
#2369 = DIRECTION ( 'NONE',  ( 0.000000000000000000, 0.000000000000000000, 1.000000000000000000 ) ) ;
#2370 = CARTESIAN_POINT ( 'NONE',  ( 6.350000000000002309, -6.201024999999999565, -10.59999999999999787 ) ) ;
#2371 = ORIENTED_EDGE ( 'NONE', *, *, #2248, .F. ) ;
#2372 = EDGE_CURVE ( 'NONE', #432, #138, #90, .T. ) ;
#2373 = AXIS2_PLACEMENT_3D ( 'NONE', #3728, #3259, #5468 ) ;
#2374 = ORIENTED_EDGE ( 'NONE', *, *, #1456, .F. ) ;
#2375 = DIRECTION ( 'NONE',  ( -0.7071067811865496822, 8.451223556522560164E-17, -0.7071067811865453523 ) ) ;
#2376 = FACE_BOUND ( 'NONE', #356, .T. ) ;
#2377 = DIRECTION ( 'NONE',  ( 0.000000000000000000, 0.000000000000000000, 1.000000000000000000 ) ) ;
#2378 = CARTESIAN_POINT ( 'NONE',  ( 3.174999999999999822, 0.000000000000000000, 0.000000000000000000 ) ) ;
#2379 = VECTOR ( 'NONE', #4937, 1000.000000000000000 ) ;
#2380 = EDGE_LOOP ( 'NONE', ( #2097, #2319 ) ) ;
#2381 = CC_DESIGN_DATE_AND_TIME_ASSIGNMENT ( #266, #1158, ( #5081 ) ) ;
#2382 = PLANE ( 'NONE',  #4963 ) ;
#2383 = DIRECTION ( 'NONE',  ( -1.000000000000000000, 0.000000000000000000, 0.000000000000000000 ) ) ;
#2384 = DIRECTION ( 'NONE',  ( 0.7071067811865453523, 0.000000000000000000, 0.7071067811865496822 ) ) ;
#2385 = CARTESIAN_POINT ( 'NONE',  ( 6.350000000000000533, -5.460999999999999410, -28.57499999999999929 ) ) ;
#2386 = ORIENTED_EDGE ( 'NONE', *, *, #3654, .F. ) ;
#2387 = LINE ( 'NONE', #4159, #2419 ) ;
#2388 = ORIENTED_EDGE ( 'NONE', *, *, #4052, .T. ) ;
#2389 = EDGE_CURVE ( 'NONE', #4546, #2637, #3248, .T. ) ;
#2390 = ORIENTED_EDGE ( 'NONE', *, *, #2679, .F. ) ;
#2391 = LINE ( 'NONE', #3714, #5290 ) ;
#2392 = CARTESIAN_POINT ( 'NONE',  ( 33.06256980544236512, -2.175000000000003819, -62.11698539317092127 ) ) ;
#2393 = AXIS2_PLACEMENT_3D ( 'NONE', #2266, #1846, #4033 ) ;
#2394 = CARTESIAN_POINT ( 'NONE',  ( 6.349999999999999645, -6.199999999999997513, -35.40441558772833019 ) ) ;
#2395 = EDGE_CURVE ( 'NONE', #3746, #4577, #58, .T. ) ;
#2396 = EDGE_CURVE ( 'NONE', #5481, #4251, #2592, .T. ) ;
#2397 = ADVANCED_FACE ( 'NONE', ( #3279 ), #592, .T. ) ;
#2398 = DIRECTION ( 'NONE',  ( 0.000000000000000000, 0.000000000000000000, 1.000000000000000000 ) ) ;
#2399 = VECTOR ( 'NONE', #3025, 1000.000000000000000 ) ;
#2400 = DIRECTION ( 'NONE',  ( -0.000000000000000000, 1.000000000000000000, -0.000000000000000000 ) ) ;
#2401 = DIRECTION ( 'NONE',  ( -0.000000000000000000, 1.000000000000000000, -0.000000000000000000 ) ) ;
#2402 = VECTOR ( 'NONE', #5808, 1000.000000000000000 ) ;
#2403 = ORIENTED_EDGE ( 'NONE', *, *, #584, .T. ) ;
#2404 = EDGE_LOOP ( 'NONE', ( #3713, #1146, #5571, #1941 ) ) ;
#2405 = DIRECTION ( 'NONE',  ( 1.209468558947973047E-16, 1.000000000000000000, 0.000000000000000000 ) ) ;
#2406 = FACE_BOUND ( 'NONE', #811, .T. ) ;
#2407 = CARTESIAN_POINT ( 'NONE',  ( 5.900214239177761313E-15, -5.460999999999999410, -6.350000000000004974 ) ) ;
#2408 = CARTESIAN_POINT ( 'NONE',  ( -6.199999999999999289, 0.000000000000000000, 0.000000000000000000 ) ) ;
#2409 = ORIENTED_EDGE ( 'NONE', *, *, #3717, .F. ) ;
#2410 = DIRECTION ( 'NONE',  ( -0.000000000000000000, -0.000000000000000000, 1.000000000000000000 ) ) ;
#2411 = FACE_OUTER_BOUND ( 'NONE', #4391, .T. ) ;
#2412 = CARTESIAN_POINT ( 'NONE',  ( 13.09999999999999964, 2.061552812808830293, 5.438999999999999169 ) ) ;
#2413 = LINE ( 'NONE', #2858, #754 ) ;
#2414 = VECTOR ( 'NONE', #4650, 1000.000000000000000 ) ;
#2415 = ORIENTED_EDGE ( 'NONE', *, *, #5384, .F. ) ;
#2416 = DIRECTION ( 'NONE',  ( -0.000000000000000000, -0.000000000000000000, 1.000000000000000000 ) ) ;
#2417 = ORIENTED_EDGE ( 'NONE', *, *, #3223, .F. ) ;
#2418 = VERTEX_POINT ( 'NONE', #5018 ) ;
#2419 = VECTOR ( 'NONE', #3589, 1000.000000000000000 ) ;
#2420 = CARTESIAN_POINT ( 'NONE',  ( 12.69999999999999929, -6.201024999999999565, -31.75000000000000000 ) ) ;
#2421 = LINE ( 'NONE', #2037, #4290 ) ;
#2422 = DIRECTION ( 'NONE',  ( 0.000000000000000000, 0.000000000000000000, 1.000000000000000000 ) ) ;
#2423 = EDGE_LOOP ( 'NONE', ( #246, #3141, #4023, #728 ) ) ;
#2424 = EDGE_CURVE ( 'NONE', #1805, #3403, #982, .T. ) ;
#2425 = EDGE_CURVE ( 'NONE', #5458, #5214, #5500, .T. ) ;
#2426 = EDGE_LOOP ( 'NONE', ( #1335, #1980, #5307, #2952, #4363, #3805 ) ) ;
#2427 = CARTESIAN_POINT ( 'NONE',  ( -0.3999999999999999667, -2.232710535457612888, 5.620762745781209269 ) ) ;
#2428 = FACE_BOUND ( 'NONE', #242, .T. ) ;
#2429 = EDGE_CURVE ( 'NONE', #3187, #3493, #5608, .T. ) ;
#2430 = EDGE_CURVE ( 'NONE', #5774, #4318, #5661, .T. ) ;
#2431 = ADVANCED_FACE ( 'NONE', ( #1632 ), #719, .T. ) ;
#2432 = DIRECTION ( 'NONE',  ( -0.000000000000000000, 1.000000000000000000, -0.000000000000000000 ) ) ;
#2433 = VERTEX_POINT ( 'NONE', #687 ) ;
#2434 = ORIENTED_EDGE ( 'NONE', *, *, #3795, .F. ) ;
#2435 = FACE_OUTER_BOUND ( 'NONE', #2864, .T. ) ;
#2436 = LINE ( 'NONE', #2321, #5391 ) ;
#2437 = AXIS2_PLACEMENT_3D ( 'NONE', #5367, #888, #2689 ) ;
#2438 = ADVANCED_FACE ( 'NONE', ( #5580 ), #3900, .F. ) ;
#2439 = DIRECTION ( 'NONE',  ( -0.000000000000000000, -0.000000000000000000, 1.000000000000000000 ) ) ;
#2440 = VERTEX_POINT ( 'NONE', #4753 ) ;
#2441 = CIRCLE ( 'NONE', #1023, 3.175000000000001155 ) ;
#2442 = CARTESIAN_POINT ( 'NONE',  ( 5.900214239177761313E-15, -2.174999999999999822, -9.525000000000005684 ) ) ;
#2443 = CARTESIAN_POINT ( 'NONE',  ( 1.257659471581009147E-16, -4.174999999999999822, -34.92499999999999716 ) ) ;
#2444 = FACE_OUTER_BOUND ( 'NONE', #4019, .T. ) ;
#2445 = AXIS2_PLACEMENT_3D ( 'NONE', #2299, #1354, #3702 ) ;
#2446 = CARTESIAN_POINT ( 'NONE',  ( 6.289039597907045724E-15, -4.174999999999999822, -9.525000000000005684 ) ) ;
#2447 = ORIENTED_EDGE ( 'NONE', *, *, #3474, .T. ) ;
#2448 = DIRECTION ( 'NONE',  ( -0.000000000000000000, -0.000000000000000000, 1.000000000000000000 ) ) ;
#2449 = ORIENTED_EDGE ( 'NONE', *, *, #5594, .F. ) ;
#2450 = EDGE_CURVE ( 'NONE', #469, #4832, #2546, .T. ) ;
#2451 = B_SPLINE_CURVE_WITH_KNOTS ( 'NONE', 3,
 ( #638, #5061, #5033, #2412 ),
 .UNSPECIFIED., .F., .F.,
 ( 4, 4 ),
 ( 0.003029541235337105450, 0.003249628748158706060 ),
 .UNSPECIFIED. ) ;
#2452 = EDGE_LOOP ( 'NONE', ( #1, #4743, #4300, #4433, #1858, #1717, #3308, #2911, #5807, #5402, #948, #2011, #4266, #1685, #2160, #2576, #2747, #1518, #1420, #1298, #4400 ) ) ;
#2453 = DIRECTION ( 'NONE',  ( 1.000000000000000000, 0.000000000000000000, 0.000000000000000000 ) ) ;
#2454 = DIRECTION ( 'NONE',  ( 0.000000000000000000, 0.000000000000000000, 1.000000000000000000 ) ) ;
#2455 = DIRECTION ( 'NONE',  ( -0.000000000000000000, 1.000000000000000000, -0.000000000000000000 ) ) ;
#2456 = VECTOR ( 'NONE', #2432, 1000.000000000000000 ) ;
#2457 = VERTEX_POINT ( 'NONE', #3839 ) ;
#2458 = ORIENTED_EDGE ( 'NONE', *, *, #4730, .T. ) ;
#2459 = FACE_BOUND ( 'NONE', #1856, .T. ) ;
#2460 = APPROVAL_STATUS ( 'not_yet_approved' ) ;
#2461 = DIRECTION ( 'NONE',  ( -1.000000000000000000, 0.000000000000000000, 0.000000000000000000 ) ) ;
#2462 = CARTESIAN_POINT ( 'NONE',  ( 13.10000000000000142, -2.083236664664703586, 5.905597390643911204 ) ) ;
#2463 = EDGE_CURVE ( 'NONE', #3591, #4399, #1573, .T. ) ;
#2464 = ORIENTED_EDGE ( 'NONE', *, *, #2855, .T. ) ;
#2465 = CARTESIAN_POINT ( 'NONE',  ( 0.4000000000000001887, 0.000000000000000000, 6.138999999999998458 ) ) ;
#2466 = PLANE ( 'NONE',  #1530 ) ;
#2467 = CARTESIAN_POINT ( 'NONE',  ( 17.76862915010142885, -6.200000000000000178, -25.39999999999999858 ) ) ;
#2468 = ORIENTED_EDGE ( 'NONE', *, *, #4058, .T. ) ;
#2469 = EDGE_CURVE ( 'NONE', #2020, #433, #5197, .T. ) ;
#2470 = DIRECTION ( 'NONE',  ( -1.000000000000000000, 0.000000000000000000, 0.000000000000000000 ) ) ;
#2471 = DIRECTION ( 'NONE',  ( 0.000000000000000000, -1.000000000000000000, 0.000000000000000000 ) ) ;
#2472 = CARTESIAN_POINT ( 'NONE',  ( 6.350000000000002309, -0.8890000000000000124, -12.69999999999999929 ) ) ;
#2473 = AXIS2_PLACEMENT_3D ( 'NONE', #3170, #335, #2141 ) ;
#2474 = ORIENTED_EDGE ( 'NONE', *, *, #147, .F. ) ;
#2475 = DIRECTION ( 'NONE',  ( -1.000000000000000000, 0.000000000000000000, 0.000000000000000000 ) ) ;
#2476 = ORIENTED_EDGE ( 'NONE', *, *, #882, .T. ) ;
#2477 = EDGE_LOOP ( 'NONE', ( #219, #3742 ) ) ;
#2478 = CARTESIAN_POINT ( 'NONE',  ( 13.09999999999999964, -2.264950330581225746, 5.523072258617638397 ) ) ;
#2479 = CARTESIAN_POINT ( 'NONE',  ( 3.174999999999999822, 0.000000000000000000, 0.8890000000000009006 ) ) ;
#2480 = FACE_OUTER_BOUND ( 'NONE', #5716, .T. ) ;
#2481 = EDGE_CURVE ( 'NONE', #446, #2734, #5633, .T. ) ;
#2482 = ORIENTED_EDGE ( 'NONE', *, *, #4486, .T. ) ;
#2483 = ORIENTED_EDGE ( 'NONE', *, *, #3111, .T. ) ;
#2484 = EDGE_LOOP ( 'NONE', ( #838, #2246 ) ) ;
#2485 = DIRECTION ( 'NONE',  ( -0.000000000000000000, 1.000000000000000000, -0.000000000000000000 ) ) ;
#2486 = VECTOR ( 'NONE', #3246, 1000.000000000000000 ) ;
#2487 = APPROVAL_DATE_TIME ( #1129, #2284 ) ;
#2488 = CARTESIAN_POINT ( 'NONE',  ( 6.350000000000002309, -6.201024999999999565, -14.80000000000000071 ) ) ;
#2489 = CARTESIAN_POINT ( 'NONE',  ( 13.09999999999999964, -1.663407726524675834, 6.138999999999999346 ) ) ;
#2490 = AXIS2_PLACEMENT_3D ( 'NONE', #4350, #1578, #304 ) ;
#2491 = VERTEX_POINT ( 'NONE', #4781 ) ;
#2492 = CARTESIAN_POINT ( 'NONE',  ( 0.000000000000000000, 0.000000000000000000, 5.438999999999999169 ) ) ;
#2493 = DIRECTION ( 'NONE',  ( -0.000000000000000000, -0.000000000000000000, -1.000000000000000000 ) ) ;
#2494 = VECTOR ( 'NONE', #956, 1000.000000000000000 ) ;
#2495 = DIRECTION ( 'NONE',  ( -0.000000000000000000, -1.000000000000000000, -0.000000000000000000 ) ) ;
#2496 = ADVANCED_FACE ( 'NONE', ( #2960, #4816, #2993, #208, #5167, #2074, #1544, #2428, #2459 ), #4255, .F. ) ;
#2497 = EDGE_LOOP ( 'NONE', ( #5002, #734, #1306, #4779 ) ) ;
#2498 = DIRECTION ( 'NONE',  ( -0.000000000000000000, 1.000000000000000000, -0.000000000000000000 ) ) ;
#2499 = CARTESIAN_POINT ( 'NONE',  ( 12.69999999999999929, -5.460999999999999410, -34.92499999999999716 ) ) ;
#2500 = VECTOR ( 'NONE', #2598, 1000.000000000000000 ) ;
#2501 = LINE ( 'NONE', #2947, #1783 ) ;
#2502 = EDGE_CURVE ( 'NONE', #1156, #5578, #601, .T. ) ;
#2503 = ADVANCED_FACE ( 'NONE', ( #5225 ), #4285, .T. ) ;
#2504 = ORIENTED_EDGE ( 'NONE', *, *, #3722, .T. ) ;
#2505 = ORIENTED_EDGE ( 'NONE', *, *, #4748, .F. ) ;
#2506 = ORIENTED_EDGE ( 'NONE', *, *, #4407, .F. ) ;
#2507 = PLANE ( 'NONE',  #1520 ) ;
#2508 = CARTESIAN_POINT ( 'NONE',  ( 17.89999999999999858, -0.1999999999999996503, -11.15441558772853270 ) ) ;
#2509 = CARTESIAN_POINT ( 'NONE',  ( -0.3999999999999999667, -2.061552812808830293, 5.139000000000001123 ) ) ;
#2510 = VERTEX_POINT ( 'NONE', #177 ) ;
#2511 = EDGE_LOOP ( 'NONE', ( #2084, #975, #4232, #1355 ) ) ;
#2512 = VERTEX_POINT ( 'NONE', #1983 ) ;
#2513 = VERTEX_POINT ( 'NONE', #3869 ) ;
#2514 = DIRECTION ( 'NONE',  ( 0.000000000000000000, 0.000000000000000000, 1.000000000000000000 ) ) ;
#2515 = APPLICATION_PROTOCOL_DEFINITION ( 'international standard', 'config_control_design', 1994, #3284 ) ;
#2516 = CARTESIAN_POINT ( 'NONE',  ( -2.630594115711841125E-16, -4.174999999999999822, -19.05000000000000071 ) ) ;
#2517 = FACE_OUTER_BOUND ( 'NONE', #1377, .T. ) ;
#2518 = ORIENTED_EDGE ( 'NONE', *, *, #3005, .F. ) ;
#2519 = CARTESIAN_POINT ( 'NONE',  ( 6.350000000000000533, -2.175000000000000711, -25.39999999999999858 ) ) ;
#2520 = DIRECTION ( 'NONE',  ( 1.000000000000000000, -1.036687336241119596E-16, 0.000000000000000000 ) ) ;
#2521 = CARTESIAN_POINT ( 'NONE',  ( 12.70000000000008633, -0.1999999999999996503, -36.94999999999994600 ) ) ;
#2522 = ORIENTED_EDGE ( 'NONE', *, *, #651, .F. ) ;
#2523 = AXIS2_PLACEMENT_3D ( 'NONE', #5547, #3200, #87 ) ;
#2524 = DIRECTION ( 'NONE',  ( -1.000000000000000000, 1.209468558947973047E-16, 0.000000000000000000 ) ) ;
#2525 = DIRECTION ( 'NONE',  ( 0.000000000000000000, 0.000000000000000000, 1.000000000000000000 ) ) ;
#2526 = EDGE_CURVE ( 'NONE', #5275, #5330, #278, .T. ) ;
#2527 = EDGE_CURVE ( 'NONE', #472, #1533, #4873, .T. ) ;
#2528 = CARTESIAN_POINT ( 'NONE',  ( 12.69999999999999929, -6.201024999999999565, -19.05000000000000071 ) ) ;
#2530 = ORIENTED_EDGE ( 'NONE', *, *, #2863, .F. ) ;
#2529 = AXIS2_PLACEMENT_3D ( 'NONE', #1363, #2770, #4956 ) ;
#2531 = ORIENTED_EDGE ( 'NONE', *, *, #4097, .F. ) ;
#2532 = DIRECTION ( 'NONE',  ( -0.9961946980917461003, 0.000000000000000000, -0.08715574274765176821 ) ) ;
#2533 = ORIENTED_EDGE ( 'NONE', *, *, #3559, .T. ) ;
#2534 = AXIS2_PLACEMENT_3D ( 'NONE', #4552, #2312, #1425 ) ;
#2535 = CYLINDRICAL_SURFACE ( 'NONE', #4346, 3.175000000000001155 ) ;
#2536 = EDGE_CURVE ( 'NONE', #1122, #2026, #2875, .T. ) ;
#2537 = AXIS2_PLACEMENT_3D ( 'NONE', #3521, #3048, #4369 ) ;
#2538 = LINE ( 'NONE', #713, #132 ) ;
#2539 = CARTESIAN_POINT ( 'NONE',  ( -3.654415587728433223, -0.1999999999999996503, -25.39999999999989910 ) ) ;
#2540 = ORIENTED_EDGE ( 'NONE', *, *, #1356, .F. ) ;
#2541 = VERTEX_POINT ( 'NONE', #3586 ) ;
#2542 = ORIENTED_EDGE ( 'NONE', *, *, #1200, .F. ) ;
#2543 = CONICAL_SURFACE ( 'NONE', #3573, 2.299999999999999822, 0.3141592653589760364 ) ;
#2544 = ADVANCED_FACE ( 'NONE', ( #5405 ), #3110, .T. ) ;
#2545 = ORIENTED_EDGE ( 'NONE', *, *, #852, .T. ) ;
#2546 = LINE ( 'NONE', #1128, #4940 ) ;
#2547 = PERSON_AND_ORGANIZATION ( #1732, #5532 ) ;
#2548 = DIRECTION ( 'NONE',  ( -0.000000000000000000, 1.000000000000000000, -0.000000000000000000 ) ) ;
#2549 = VECTOR ( 'NONE', #3505, 1000.000000000000000 ) ;
#2550 = EDGE_LOOP ( 'NONE', ( #3344, #1569 ) ) ;
#2551 = DIRECTION ( 'NONE',  ( -1.000000000000000000, 0.000000000000000000, 0.000000000000000000 ) ) ;
#2552 = FACE_OUTER_BOUND ( 'NONE', #5632, .T. ) ;
#2553 = FACE_OUTER_BOUND ( 'NONE', #3432, .T. ) ;
#2554 = DIRECTION ( 'NONE',  ( -0.000000000000000000, 1.000000000000000000, -0.000000000000000000 ) ) ;
#2555 = ORIENTED_EDGE ( 'NONE', *, *, #5630, .F. ) ;
#2556 = VECTOR ( 'NONE', #5246, 1000.000000000000000 ) ;
#2557 = CARTESIAN_POINT ( 'NONE',  ( -5.199999999999866063, -50.04532472225498907, -31.75000000000000000 ) ) ;
#2558 = DIRECTION ( 'NONE',  ( 0.000000000000000000, 0.000000000000000000, 1.000000000000000000 ) ) ;
#2559 = FACE_OUTER_BOUND ( 'NONE', #5505, .T. ) ;
#2560 = AXIS2_PLACEMENT_3D ( 'NONE', #248, #343, #2086 ) ;
#2561 = ORIENTED_EDGE ( 'NONE', *, *, #4874, .F. ) ;
#2562 = VERTEX_POINT ( 'NONE', #3616 ) ;
#2563 = CARTESIAN_POINT ( 'NONE',  ( -2.630594115710311721E-16, -6.199999999999997513, -31.75000000000000000 ) ) ;
#2564 = EDGE_LOOP ( 'NONE', ( #4688, #3217, #3272, #5535 ) ) ;
#2565 = AXIS2_PLACEMENT_3D ( 'NONE', #2652, #1824, #2179 ) ;
#2566 = CARTESIAN_POINT ( 'NONE',  ( 6.350000000000002309, -0.8890000000000000124, -12.69999999999999929 ) ) ;
#2567 = EDGE_CURVE ( 'NONE', #4063, #3822, #1690, .T. ) ;
#2568 = CARTESIAN_POINT ( 'NONE',  ( 0.000000000000000000, 0.000000000000000000, 5.523072258617638397 ) ) ;
#2569 = DIRECTION ( 'NONE',  ( 0.7071067811865466846, -7.330486454263132987E-17, -0.7071067811865483499 ) ) ;
#2570 = CYLINDRICAL_SURFACE ( 'NONE', #5732, 3.175000000000000711 ) ;
#2571 = ORIENTED_EDGE ( 'NONE', *, *, #4274, .F. ) ;
#2572 = ORIENTED_EDGE ( 'NONE', *, *, #4186, .T. ) ;
#2573 = CIRCLE ( 'NONE', #5106, 3.175000000000000711 ) ;
#2574 = ORIENTED_EDGE ( 'NONE', *, *, #890, .T. ) ;
#2575 = ADVANCED_FACE ( 'NONE', ( #3934 ), #3168, .F. ) ;
#2576 = ORIENTED_EDGE ( 'NONE', *, *, #3436, .F. ) ;
#2577 = CARTESIAN_POINT ( 'NONE',  ( 13.19809734904587195, 2.040073290564206943, 2.595422128626172054 ) ) ;
#2578 = APPROVAL_STATUS ( 'not_yet_approved' ) ;
#2579 = EDGE_CURVE ( 'NONE', #312, #1571, #745, .T. ) ;
#2580 = LINE ( 'NONE', #4379, #274 ) ;
#2581 = EDGE_CURVE ( 'NONE', #4032, #1598, #327, .T. ) ;
#2582 = ORIENTED_EDGE ( 'NONE', *, *, #3472, .F. ) ;
#2583 = CARTESIAN_POINT ( 'NONE',  ( 0.4000000000000002998, 1.663442899047754775, 6.139000000000001123 ) ) ;
#2584 = CARTESIAN_POINT ( 'NONE',  ( -0.7206315775864664541, 1.972483239316684234, 5.138999999999997570 ) ) ;
#2585 = CARTESIAN_POINT ( 'NONE',  ( 12.69999999999999929, -0.8890000000000000124, -19.05000000000000071 ) ) ;
#2586 = DIRECTION ( 'NONE',  ( -8.115498896123205041E-15, 0.000000000000000000, 1.000000000000000000 ) ) ;
#2587 = ORIENTED_EDGE ( 'NONE', *, *, #3837, .F. ) ;
#2588 = AXIS2_PLACEMENT_3D ( 'NONE', #2519, #756, #4820 ) ;
#2589 = CARTESIAN_POINT ( 'NONE',  ( 1.257659471581005696E-16, -2.174999999999999822, -28.57499999999999929 ) ) ;
#2590 = CARTESIAN_POINT ( 'NONE',  ( 0.4980973490458738828, -2.040073290564207831, 2.595422128626172054 ) ) ;
#2591 = DIRECTION ( 'NONE',  ( 1.000000000000000000, 0.000000000000000000, -0.000000000000000000 ) ) ;
#2592 = CIRCLE ( 'NONE', #323, 3.174999999999999822 ) ;
#2593 = EDGE_LOOP ( 'NONE', ( #1367, #5148 ) ) ;
#2594 = ORIENTED_EDGE ( 'NONE', *, *, #3867, .F. ) ;
#2595 = CIRCLE ( 'NONE', #4757, 2.268258436585967264 ) ;
#2596 = DIRECTION ( 'NONE',  ( -0.000000000000000000, 1.000000000000000000, -0.000000000000000000 ) ) ;
#2597 = LINE ( 'NONE', #288, #97 ) ;
#2598 = DIRECTION ( 'NONE',  ( 0.7071067811865467956, 0.000000000000000000, 0.7071067811865483499 ) ) ;
#2599 = CARTESIAN_POINT ( 'NONE',  ( 0.4980973490458738828, 2.040073290564206943, 2.595422128626172054 ) ) ;
#2600 = FACE_OUTER_BOUND ( 'NONE', #2423, .T. ) ;
#2601 = EDGE_LOOP ( 'NONE', ( #676, #4401, #5804, #2989, #2663, #4642, #2332, #3180, #4463, #3105 ) ) ;
#2602 = EDGE_LOOP ( 'NONE', ( #3136, #1542, #2388, #4131 ) ) ;
#2603 = EDGE_CURVE ( 'NONE', #940, #5836, #2252, .T. ) ;
#2604 = ORIENTED_EDGE ( 'NONE', *, *, #4954, .T. ) ;
#2605 = ORIENTED_EDGE ( 'NONE', *, *, #5810, .T. ) ;
#2606 = LINE ( 'NONE', #5319, #4945 ) ;
#2607 = ADVANCED_FACE ( 'NONE', ( #418 ), #447, .F. ) ;
#2608 = DIRECTION ( 'NONE',  ( -0.000000000000000000, -1.000000000000000000, -0.000000000000000000 ) ) ;
#2609 = EDGE_LOOP ( 'NONE', ( #782, #378 ) ) ;
#2610 = DIRECTION ( 'NONE',  ( 1.000000000000000000, 0.000000000000000000, 8.260587980841934638E-15 ) ) ;
#2611 = AXIS2_PLACEMENT_3D ( 'NONE', #3305, #5098, #1972 ) ;
#2612 = CARTESIAN_POINT ( 'NONE',  ( -2.100000000000000089, 0.000000000000000000, 5.438999999999999169 ) ) ;
#2613 = ADVANCED_FACE ( 'NONE', ( #3139, #5346 ), #1309, .T. ) ;
#2614 = AXIS2_PLACEMENT_3D ( 'NONE', #5120, #604, #3797 ) ;
#2615 = DIRECTION ( 'NONE',  ( -0.000000000000000000, 1.000000000000000000, -0.000000000000000000 ) ) ;
#2616 = CARTESIAN_POINT ( 'NONE',  ( -5.883583750239525472E-18, -0.8890000000000000124, -33.85000000000000853 ) ) ;
#2617 = ORIENTED_EDGE ( 'NONE', *, *, #224, .T. ) ;
#2618 = AXIS2_PLACEMENT_3D ( 'NONE', #380, #4423, #1271 ) ;
#2619 = CARTESIAN_POINT ( 'NONE',  ( -0.3999999999999999667, 2.061552812808830293, 5.438999999999999169 ) ) ;
#2620 = ADVANCED_FACE ( 'NONE', ( #1282 ), #1808, .T. ) ;
#2621 = DIRECTION ( 'NONE',  ( 0.000000000000000000, 1.000000000000000000, 0.000000000000000000 ) ) ;
#2622 = CARTESIAN_POINT ( 'NONE',  ( 0.3999999999999999667, -3.174999999999999822, 5.139000000000001123 ) ) ;
#2623 = VERTEX_POINT ( 'NONE', #2225 ) ;
#2624 = ORIENTED_EDGE ( 'NONE', *, *, #1712, .F. ) ;
#2625 = DIRECTION ( 'NONE',  ( -0.000000000000000000, -0.000000000000000000, -1.000000000000000000 ) ) ;
#2626 = CARTESIAN_POINT ( 'NONE',  ( 0.000000000000000000, 0.000000000000000000, 0.000000000000000000 ) ) ;
#2627 = LINE ( 'NONE', #772, #5491 ) ;
#2628 = CARTESIAN_POINT ( 'NONE',  ( 12.69999999999999929, 0.000000000000000000, 5.523072258617638397 ) ) ;
#2629 = LINE ( 'NONE', #5801, #5450 ) ;
#2630 = CIRCLE ( 'NONE', #3383, 2.100000000000000977 ) ;
#2631 = ORIENTED_EDGE ( 'NONE', *, *, #28, .T. ) ;
#2632 = ORIENTED_EDGE ( 'NONE', *, *, #5559, .F. ) ;
#2633 = EDGE_CURVE ( 'NONE', #3106, #4067, #3914, .T. ) ;
#2634 = ORIENTED_EDGE ( 'NONE', *, *, #1168, .T. ) ;
#2635 = AXIS2_PLACEMENT_3D ( 'NONE', #2792, #14, #5056 ) ;
#2636 = AXIS2_PLACEMENT_3D ( 'NONE', #3004, #3477, #1618 ) ;
#2637 = VERTEX_POINT ( 'NONE', #1338 ) ;
#2638 = DIRECTION ( 'NONE',  ( 0.000000000000000000, 0.000000000000000000, 1.000000000000000000 ) ) ;
#2639 = AXIS2_PLACEMENT_3D ( 'NONE', #2732, #4530, #4411 ) ;
#2640 = DIRECTION ( 'NONE',  ( -0.000000000000000000, 1.000000000000000000, -0.000000000000000000 ) ) ;
#2641 = AXIS2_PLACEMENT_3D ( 'NONE', #3408, #4701, #2461 ) ;
#2642 = CC_DESIGN_PERSON_AND_ORGANIZATION_ASSIGNMENT ( #2075, #3465, ( #701 ) ) ;
#2643 = ORIENTED_EDGE ( 'NONE', *, *, #4654, .T. ) ;
#2644 = CARTESIAN_POINT ( 'NONE',  ( -6.199999999999758593, -6.200000000000000178, -24.26862915010165622 ) ) ;
#2645 = CARTESIAN_POINT ( 'NONE',  ( 12.69999999999999929, 0.000000000000000000, 0.000000000000000000 ) ) ;
#2646 = DIRECTION ( 'NONE',  ( -0.7071067811865466846, 7.330486454263132987E-17, 0.7071067811865483499 ) ) ;
#2647 = AXIS2_PLACEMENT_3D ( 'NONE', #5525, #727, #3847 ) ;
#2648 = CARTESIAN_POINT ( 'NONE',  ( 18.89999999999999858, 6.200000000000000178, -2.000000000000000000 ) ) ;
#2649 = ORIENTED_EDGE ( 'NONE', *, *, #2250, .F. ) ;
#2650 = EDGE_CURVE ( 'NONE', #4399, #1461, #5417, .T. ) ;
#2651 = LINE ( 'NONE', #10, #4376 ) ;
#2652 = CARTESIAN_POINT ( 'NONE',  ( 0.000000000000000000, 0.000000000000000000, 6.138999999999998458 ) ) ;
#2653 = CARTESIAN_POINT ( 'NONE',  ( -42.91698539317077632, -4.174999999999995381, -64.66256980544233102 ) ) ;
#2654 = ORIENTED_EDGE ( 'NONE', *, *, #263, .T. ) ;
#2655 = EDGE_CURVE ( 'NONE', #5253, #5791, #2606, .T. ) ;
#2656 = ORIENTED_EDGE ( 'NONE', *, *, #5745, .F. ) ;
#2657 = DIRECTION ( 'NONE',  ( 0.000000000000000000, -0.000000000000000000, 1.000000000000000000 ) ) ;
#2658 = DIRECTION ( 'NONE',  ( 1.000000000000000000, 0.000000000000000000, 0.000000000000000000 ) ) ;
#2659 = CARTESIAN_POINT ( 'NONE',  ( 12.30000000000000249, -2.182266827280790356, 5.773579458367407824 ) ) ;
#2660 = LINE ( 'NONE', #1998, #5819 ) ;
#2661 = AXIS2_PLACEMENT_3D ( 'NONE', #3100, #3130, #437 ) ;
#2662 = DIRECTION ( 'NONE',  ( -0.000000000000000000, -0.000000000000000000, 1.000000000000000000 ) ) ;
#2663 = ORIENTED_EDGE ( 'NONE', *, *, #1206, .T. ) ;
#2664 = EDGE_LOOP ( 'NONE', ( #5723, #5245 ) ) ;
#2665 = ORIENTED_EDGE ( 'NONE', *, *, #2603, .T. ) ;
#2666 = VECTOR ( 'NONE', #5211, 1000.000000000000114 ) ;
#2667 = VERTEX_POINT ( 'NONE', #926 ) ;
#2668 = EDGE_CURVE ( 'NONE', #5188, #5275, #1115, .T. ) ;
#2669 = CARTESIAN_POINT ( 'NONE',  ( 6.350000000000000533, -0.8890000000000000124, -28.57499999999999929 ) ) ;
#2670 = ORIENTED_EDGE ( 'NONE', *, *, #5016, .F. ) ;
#2671 = DIRECTION ( 'NONE',  ( 0.000000000000000000, 0.000000000000000000, -1.000000000000000000 ) ) ;
#2672 = LINE ( 'NONE', #1344, #2379 ) ;
#2673 = DIRECTION ( 'NONE',  ( -0.000000000000000000, 1.000000000000000000, -0.000000000000000000 ) ) ;
#2674 = CARTESIAN_POINT ( 'NONE',  ( 13.19809734904587195, 2.040073290564206943, 2.595422128626172054 ) ) ;
#2675 = ORIENTED_EDGE ( 'NONE', *, *, #2933, .T. ) ;
#2676 = FACE_OUTER_BOUND ( 'NONE', #3027, .T. ) ;
#2677 = CARTESIAN_POINT ( 'NONE',  ( 17.89999999999999858, -4.175000000000001599, -101.3795551986130192 ) ) ;
#2678 = CARTESIAN_POINT ( 'NONE',  ( 5.900214239177761313E-15, -5.460999999999999410, -6.350000000000004974 ) ) ;
#2679 = EDGE_CURVE ( 'NONE', #884, #3059, #1947, .T. ) ;
#2680 = AXIS2_PLACEMENT_3D ( 'NONE', #3310, #200, #1065 ) ;
#2681 = ORIENTED_EDGE ( 'NONE', *, *, #740, .T. ) ;
#2682 = ORIENTED_EDGE ( 'NONE', *, *, #1356, .T. ) ;
#2683 = CARTESIAN_POINT ( 'NONE',  ( 12.69999999999999929, -0.8890000000000000124, -31.75000000000000000 ) ) ;
#2684 = CIRCLE ( 'NONE', #4473, 3.175000000000000711 ) ;
#2685 = FACE_OUTER_BOUND ( 'NONE', #3811, .T. ) ;
#2686 = FACE_OUTER_BOUND ( 'NONE', #23, .T. ) ;
#2687 = EDGE_CURVE ( 'NONE', #3933, #315, #4578, .T. ) ;
#2688 = EDGE_CURVE ( 'NONE', #1621, #744, #4191, .T. ) ;
#2689 = DIRECTION ( 'NONE',  ( 1.000000000000000000, -8.881784197001252323E-16, 0.000000000000000000 ) ) ;
#2690 = EDGE_CURVE ( 'NONE', #2457, #5285, #980, .T. ) ;
#2691 = CARTESIAN_POINT ( 'NONE',  ( 12.69999999999999929, 0.000000000000000000, 5.523072258617638397 ) ) ;
#2692 = ORIENTED_EDGE ( 'NONE', *, *, #5113, .T. ) ;
#2693 = EDGE_LOOP ( 'NONE', ( #3796, #115 ) ) ;
#2694 = VECTOR ( 'NONE', #2728, 1000.000000000000000 ) ;
#2695 = VERTEX_POINT ( 'NONE', #1424 ) ;
#2696 = VERTEX_POINT ( 'NONE', #4134 ) ;
#2697 = DIRECTION ( 'NONE',  ( -0.000000000000000000, 1.000000000000000000, -0.000000000000000000 ) ) ;
#2698 = EDGE_CURVE ( 'NONE', #5253, #4430, #1183, .T. ) ;
#2699 = VECTOR ( 'NONE', #4605, 1000.000000000000000 ) ;
#2700 = ORIENTED_EDGE ( 'NONE', *, *, #2133, .F. ) ;
#2701 = CARTESIAN_POINT ( 'NONE',  ( 6.349999999999993427, -0.1999999999999996503, -36.81862915010142956 ) ) ;
#2702 = CARTESIAN_POINT ( 'NONE',  ( 17.89999999999999147, -50.04532472225498907, -23.85441558772832948 ) ) ;
#2703 = CARTESIAN_POINT ( 'NONE',  ( 1.554966049364602254, 0.000000000000000000, 6.138999999999998458 ) ) ;
#2704 = DIRECTION ( 'NONE',  ( -0.000000000000000000, 1.000000000000000000, -0.000000000000000000 ) ) ;
#2705 = VERTEX_POINT ( 'NONE', #527 ) ;
#2706 = CARTESIAN_POINT ( 'NONE',  ( 0.000000000000000000, 0.000000000000000000, 0.000000000000000000 ) ) ;
#2707 = FACE_OUTER_BOUND ( 'NONE', #2310, .T. ) ;
#2708 = CARTESIAN_POINT ( 'NONE',  ( 0.3999999999999999667, -3.174999999999999822, 5.139000000000001123 ) ) ;
#2709 = CARTESIAN_POINT ( 'NONE',  ( 9.450000000000001066, 9.449999999999999289, -2.000000000000000000 ) ) ;
#2710 = ORIENTED_EDGE ( 'NONE', *, *, #2070, .T. ) ;
#2711 = EDGE_LOOP ( 'NONE', ( #1649, #3116, #4491, #4667 ) ) ;
#2712 = ADVANCED_FACE ( 'NONE', ( #2724 ), #474, .F. ) ;
#2713 = DIRECTION ( 'NONE',  ( 1.000000000000000000, 0.000000000000000000, -8.260587980841937794E-15 ) ) ;
#2714 = ADVANCED_FACE ( 'NONE', ( #1837 ), #1035, .F. ) ;
#2715 = DIRECTION ( 'NONE',  ( 0.000000000000000000, 0.000000000000000000, 1.000000000000000000 ) ) ;
#2716 = FACE_OUTER_BOUND ( 'NONE', #3375, .T. ) ;
#2717 = CARTESIAN_POINT ( 'NONE',  ( -0.7206315775864664541, -3.174999999999999822, 5.138999999999997570 ) ) ;
#2718 = EDGE_LOOP ( 'NONE', ( #1051, #1689, #283, #5343 ) ) ;
#2719 = ORIENTED_EDGE ( 'NONE', *, *, #3536, .F. ) ;
#2720 = ORIENTED_EDGE ( 'NONE', *, *, #808, .F. ) ;
#2721 = ADVANCED_FACE ( 'NONE', ( #1478 ), #2334, .T. ) ;
#2722 = ORIENTED_EDGE ( 'NONE', *, *, #5603, .F. ) ;
#2723 =( GEOMETRIC_REPRESENTATION_CONTEXT ( 3 ) GLOBAL_UNCERTAINTY_ASSIGNED_CONTEXT ( ( #3355 ) ) GLOBAL_UNIT_ASSIGNED_CONTEXT ( ( #4226, #2760, #1866 ) ) REPRESENTATION_CONTEXT ( 'NONE', 'WORKASPACE' ) );
#2724 = FACE_OUTER_BOUND ( 'NONE', #2511, .T. ) ;
#2725 = CARTESIAN_POINT ( 'NONE',  ( 13.19809734904587195, -2.040073290564207831, 2.595422128626172054 ) ) ;
#2726 = VECTOR ( 'NONE', #4838, 1000.000000000000000 ) ;
#2727 = EDGE_CURVE ( 'NONE', #2637, #5040, #52, .T. ) ;
#2728 = DIRECTION ( 'NONE',  ( 0.000000000000000000, 1.000000000000000000, 0.000000000000000000 ) ) ;
#2729 = AXIS2_PLACEMENT_3D ( 'NONE', #570, #3178, #1411 ) ;
#2730 = DIRECTION ( 'NONE',  ( 8.115498896123167176E-15, 0.000000000000000000, 1.000000000000000000 ) ) ;
#2731 = CIRCLE ( 'NONE', #1870, 2.100000000000000977 ) ;
#2732 = CARTESIAN_POINT ( 'NONE',  ( -2.630594115711841125E-16, -5.460999999999999410, -19.05000000000000071 ) ) ;
#2733 = CARTESIAN_POINT ( 'NONE',  ( -0.3999999999999999667, 2.061552812808830737, 5.139000000000001123 ) ) ;
#2734 = VERTEX_POINT ( 'NONE', #3661 ) ;
#2735 = LINE ( 'NONE', #3124, #4846 ) ;
#2736 = CARTESIAN_POINT ( 'NONE',  ( -3.654415587728433223, -0.1999999999999996503, -12.70000000000010409 ) ) ;
#2737 = VECTOR ( 'NONE', #4672, 1000.000000000000000 ) ;
#2738 = EDGE_CURVE ( 'NONE', #3961, #313, #2751, .T. ) ;
#2739 = CARTESIAN_POINT ( 'NONE',  ( 12.69999999999999929, -0.8890000000000000124, -28.57499999999999929 ) ) ;
#2740 = ORIENTED_EDGE ( 'NONE', *, *, #1280, .T. ) ;
#2741 = CARTESIAN_POINT ( 'NONE',  ( 0.4000000000000001887, 2.264950330581225302, 5.523072258617638397 ) ) ;
#2742 = CYLINDRICAL_SURFACE ( 'NONE', #295, 5.199999999999947775 ) ;
#2743 = CARTESIAN_POINT ( 'NONE',  ( 12.69999999999999929, -0.1999999999999996503, -31.75000000000000000 ) ) ;
#2744 = CARTESIAN_POINT ( 'NONE',  ( 18.89999999999983515, -0.1999999999999996503, -31.75000000000000000 ) ) ;
#2745 = ORIENTED_EDGE ( 'NONE', *, *, #147, .T. ) ;
#2746 = ORIENTED_EDGE ( 'NONE', *, *, #4225, .T. ) ;
#2747 = ORIENTED_EDGE ( 'NONE', *, *, #3053, .F. ) ;
#2748 = EDGE_CURVE ( 'NONE', #5639, #207, #5043, .T. ) ;
#2749 = VERTEX_POINT ( 'NONE', #4550 ) ;
#2750 = AXIS2_PLACEMENT_3D ( 'NONE', #2420, #2362, #4164 ) ;
#2751 = LINE ( 'NONE', #1893, #1557 ) ;
#2752 = EDGE_CURVE ( 'NONE', #2562, #1764, #4105, .T. ) ;
#2753 = CIRCLE ( 'NONE', #3877, 3.175000000000000711 ) ;
#2754 = DIRECTION ( 'NONE',  ( 0.000000000000000000, 0.000000000000000000, 1.000000000000000000 ) ) ;
#2755 = CARTESIAN_POINT ( 'NONE',  ( -0.4871798639138819054, 2.042738866564660416, 2.470634702552896744 ) ) ;
#2756 = VECTOR ( 'NONE', #2621, 1000.000000000000000 ) ;
#2757 = DIRECTION ( 'NONE',  ( 0.9961946980917461003, 0.000000000000000000, -0.08715574274765176821 ) ) ;
#2758 = VECTOR ( 'NONE', #2493, 1000.000000000000000 ) ;
#2759 = ADVANCED_FACE ( 'NONE', ( #3192 ), #2837, .T. ) ;
#2760 =( NAMED_UNIT ( * ) PLANE_ANGLE_UNIT ( ) SI_UNIT ( $, .RADIAN. ) );
#2761 = CARTESIAN_POINT ( 'NONE',  ( -3.174999999999999822, 0.000000000000000000, 0.000000000000000000 ) ) ;
#2762 = AXIS2_PLACEMENT_3D ( 'NONE', #4745, #3487, #3455 ) ;
#2763 = VERTEX_POINT ( 'NONE', #3744 ) ;
#2764 = CARTESIAN_POINT ( 'NONE',  ( 12.69999999999999929, 0.000000000000000000, 5.438999999999999169 ) ) ;
#2765 = CARTESIAN_POINT ( 'NONE',  ( 13.09999999999999964, -3.174999999999998934, 5.139000000000001123 ) ) ;
#2766 = CARTESIAN_POINT ( 'NONE',  ( 12.69999999999999929, -4.174999999999999822, -28.57499999999999929 ) ) ;
#2767 = ORIENTED_EDGE ( 'NONE', *, *, #1987, .T. ) ;
#2768 = DIRECTION ( 'NONE',  ( -1.000000000000000000, -1.398970545142586541E-16, 0.000000000000000000 ) ) ;
#2769 = FACE_OUTER_BOUND ( 'NONE', #4362, .T. ) ;
#2770 = DIRECTION ( 'NONE',  ( 8.115498896123167176E-15, 0.000000000000000000, 1.000000000000000000 ) ) ;
#2771 = PLANE ( 'NONE',  #4700 ) ;
#2772 = ORIENTED_EDGE ( 'NONE', *, *, #1736, .T. ) ;
#2773 = VERTEX_POINT ( 'NONE', #2804 ) ;
#2774 = DIRECTION ( 'NONE',  ( -1.000000000000000000, 0.000000000000000000, 0.000000000000000000 ) ) ;
#2775 = ORIENTED_EDGE ( 'NONE', *, *, #1855, .T. ) ;
#2776 = VECTOR ( 'NONE', #184, 1000.000000000000114 ) ;
#2777 =( BOUNDED_CURVE ( )  B_SPLINE_CURVE ( 3, ( #1296, #910, #1731, #4035 ),
 .UNSPECIFIED., .F., .T. ) 
 B_SPLINE_CURVE_WITH_KNOTS ( ( 4, 4 ),
 ( 1.810267798689539687, 1.921073213463467599 ),
 .UNSPECIFIED. ) 
 CURVE ( )  GEOMETRIC_REPRESENTATION_ITEM ( )  RATIONAL_B_SPLINE_CURVE ( ( 1.000000000000000000, 0.9989771083553060649, 0.9989771083553060649, 1.000000000000000000 ) ) 
 REPRESENTATION_ITEM ( '' )  );
#2778 = ORIENTED_EDGE ( 'NONE', *, *, #4260, .T. ) ;
#2779 = CARTESIAN_POINT ( 'NONE',  ( 12.05225965874923233, 1.999113491775012852, 4.305849356269930261 ) ) ;
#2780 = VECTOR ( 'NONE', #142, 1000.000000000000000 ) ;
#2781 = DIRECTION ( 'NONE',  ( -5.597763149370537802E-15, -0.000000000000000000, -1.000000000000000000 ) ) ;
#2782 = AXIS2_PLACEMENT_3D ( 'NONE', #4663, #738, #4278 ) ;
#2783 = EDGE_CURVE ( 'NONE', #3357, #799, #234, .T. ) ;
#2784 = CARTESIAN_POINT ( 'NONE',  ( -9.300000000000002487, -3.099999999999996980, -2.000000000000000000 ) ) ;
#2785 = DIRECTION ( 'NONE',  ( 0.000000000000000000, 0.000000000000000000, 1.000000000000000000 ) ) ;
#2786 = PLANE ( 'NONE',  #758 ) ;
#2787 = EDGE_CURVE ( 'NONE', #2562, #2433, #501, .T. ) ;
#2788 = EDGE_LOOP ( 'NONE', ( #3422, #4422 ) ) ;
#2789 = CARTESIAN_POINT ( 'NONE',  ( 12.30000000000000071, 2.083236664664703586, 5.905597390643911204 ) ) ;
#2790 = DIRECTION ( 'NONE',  ( -0.000000000000000000, 1.000000000000000000, -0.000000000000000000 ) ) ;
#2791 = DIRECTION ( 'NONE',  ( 0.000000000000000000, 0.000000000000000000, -1.000000000000000000 ) ) ;
#2792 = CARTESIAN_POINT ( 'NONE',  ( -2.630594115711841125E-16, -0.8890000000000000124, -31.75000000000000000 ) ) ;
#2793 = ORIENTED_EDGE ( 'NONE', *, *, #767, .T. ) ;
#2794 = EDGE_CURVE ( 'NONE', #4272, #2020, #3369, .T. ) ;
#2795 = LINE ( 'NONE', #542, #2889 ) ;
#2796 = LINE ( 'NONE', #969, #1052 ) ;
#2797 = DIRECTION ( 'NONE',  ( 0.000000000000000000, 0.000000000000000000, 1.000000000000000000 ) ) ;
#2798 = LINE ( 'NONE', #4157, #364 ) ;
#2799 = ORIENTED_EDGE ( 'NONE', *, *, #2966, .F. ) ;
#2800 = DIRECTION ( 'NONE',  ( 1.209468558947973047E-16, 1.000000000000000000, 0.000000000000000000 ) ) ;
#2801 = ORIENTED_EDGE ( 'NONE', *, *, #480, .F. ) ;
#2802 = ORIENTED_EDGE ( 'NONE', *, *, #5183, .T. ) ;
#2803 = CYLINDRICAL_SURFACE ( 'NONE', #2750, 2.100000000000000977 ) ;
#2804 = CARTESIAN_POINT ( 'NONE',  ( 15.87500000000000000, 0.000000000000000000, 0.8890000000000009006 ) ) ;
#2805 = ADVANCED_FACE ( 'NONE', ( #4721, #3427 ), #4691, .T. ) ;
#2806 = DIRECTION ( 'NONE',  ( 0.000000000000000000, 1.000000000000000000, 0.000000000000000000 ) ) ;
#2807 = AXIS2_PLACEMENT_3D ( 'NONE', #624, #1952, #532 ) ;
#2808 = CARTESIAN_POINT ( 'NONE',  ( -0.4980973490458723840, 2.040073290564207831, 2.595422128626172054 ) ) ;
#2809 = DIRECTION ( 'NONE',  ( 0.000000000000000000, 0.000000000000000000, -1.000000000000000000 ) ) ;
#2810 = AXIS2_PLACEMENT_3D ( 'NONE', #2743, #3184, #1332 ) ;
#2811 = LINE ( 'NONE', #4613, #2737 ) ;
#2812 = EDGE_CURVE ( 'NONE', #4656, #697, #4220, .T. ) ;
#2813 = ORIENTED_EDGE ( 'NONE', *, *, #2687, .T. ) ;
#2814 = AXIS2_PLACEMENT_3D ( 'NONE', #1992, #4761, #5557 ) ;
#2815 = AXIS2_PLACEMENT_3D ( 'NONE', #1742, #5368, #1276 ) ;
#2816 = ORIENTED_EDGE ( 'NONE', *, *, #3526, .F. ) ;
#2817 = DIRECTION ( 'NONE',  ( -0.000000000000000000, -1.000000000000000000, -0.000000000000000000 ) ) ;
#2818 = DIRECTION ( 'NONE',  ( -0.000000000000000000, 1.000000000000000000, -0.000000000000000000 ) ) ;
#2819 = FACE_OUTER_BOUND ( 'NONE', #3154, .T. ) ;
#2820 = AXIS2_PLACEMENT_3D ( 'NONE', #1241, #2596, #621 ) ;
#2821 = DIRECTION ( 'NONE',  ( -0.000000000000000000, -0.000000000000000000, -1.000000000000000000 ) ) ;
#2822 = EDGE_CURVE ( 'NONE', #1107, #3329, #2538, .T. ) ;
#2824 = ORIENTED_EDGE ( 'NONE', *, *, #1096, .F. ) ;
#2823 = VECTOR ( 'NONE', #3253, 1000.000000000000114 ) ;
#2825 = CIRCLE ( 'NONE', #5642, 3.374999999999999556 ) ;
#2826 = CARTESIAN_POINT ( 'NONE',  ( 17.89999999999999858, -0.1999999999999996503, -31.75000000000000000 ) ) ;
#2827 = CARTESIAN_POINT ( 'NONE',  ( 10.59999999999999787, 0.000000000000000000, 5.438999999999999169 ) ) ;
#2828 = CARTESIAN_POINT ( 'NONE',  ( 0.4000000000000001887, -2.264950330581225746, 5.523072258617638397 ) ) ;
#2829 = DIRECTION ( 'NONE',  ( -0.000000000000000000, -1.000000000000000000, -0.000000000000000000 ) ) ;
#2830 = EDGE_CURVE ( 'NONE', #4882, #4202, #2278, .T. ) ;
#2831 = AXIS2_PLACEMENT_3D ( 'NONE', #4354, #1757, #3000 ) ;
#2832 = VERTEX_POINT ( 'NONE', #2479 ) ;
#2833 = DIRECTION ( 'NONE',  ( 1.000000000000000000, 0.000000000000000000, -0.000000000000000000 ) ) ;
#2834 = EDGE_LOOP ( 'NONE', ( #2271, #2358 ) ) ;
#2835 = ORIENTED_EDGE ( 'NONE', *, *, #5164, .F. ) ;
#2836 = CARTESIAN_POINT ( 'NONE',  ( 12.69999999999999929, -0.8890000000000000124, -33.85000000000000142 ) ) ;
#2837 = PLANE ( 'NONE',  #5229 ) ;
#2838 = CARTESIAN_POINT ( 'NONE',  ( -5.200000000000000178, -4.174999999999998934, -101.3795551986130192 ) ) ;
#2839 = DIRECTION ( 'NONE',  ( -0.000000000000000000, 1.000000000000000000, -0.000000000000000000 ) ) ;
#2840 = VECTOR ( 'NONE', #4568, 1000.000000000000000 ) ;
#2841 = CARTESIAN_POINT ( 'NONE',  ( -3.654415587728433223, -0.1999999999999996503, -12.70000000000010409 ) ) ;
#2842 = EDGE_CURVE ( 'NONE', #4960, #3010, #1283, .T. ) ;
#2843 = CARTESIAN_POINT ( 'NONE',  ( 2.268258436585968152, 0.000000000000000000, 5.620762745781209269 ) ) ;
#2844 = VERTEX_POINT ( 'NONE', #4249 ) ;
#2845 = ORIENTED_EDGE ( 'NONE', *, *, #3373, .T. ) ;
#2846 = FACE_BOUND ( 'NONE', #540, .T. ) ;
#2847 = CARTESIAN_POINT ( 'NONE',  ( 17.89999999999999147, -6.199999999999997513, -14.24558441227167371 ) ) ;
#2848 = CARTESIAN_POINT ( 'NONE',  ( 4.804415587728428250, -6.199999999999997513, -36.94999999999988916 ) ) ;
#2849 = DIRECTION ( 'NONE',  ( 0.000000000000000000, -1.000000000000000000, 0.000000000000000000 ) ) ;
#2850 = EDGE_CURVE ( 'NONE', #1061, #2667, #2095, .T. ) ;
#2851 = CIRCLE ( 'NONE', #785, 2.100000000000000089 ) ;
#2852 = VERTEX_POINT ( 'NONE', #3892 ) ;
#2853 = CARTESIAN_POINT ( 'NONE',  ( 0.000000000000000000, 0.000000000000000000, 0.8890000000000009006 ) ) ;
#2854 = DIRECTION ( 'NONE',  ( -1.195183497228115281E-16, -1.000000000000000000, 0.000000000000000000 ) ) ;
#2855 = EDGE_CURVE ( 'NONE', #5629, #4929, #5790, .T. ) ;
#2856 = EDGE_CURVE ( 'NONE', #511, #2906, #698, .T. ) ;
#2857 = CARTESIAN_POINT ( 'NONE',  ( 12.69999999999999929, -5.460999999999999410, -31.75000000000000000 ) ) ;
#2858 = CARTESIAN_POINT ( 'NONE',  ( -6.200000000000001066, -4.174999999999998934, -2.000000000000000000 ) ) ;
#2859 = VERTEX_POINT ( 'NONE', #2508 ) ;
#2860 = CARTESIAN_POINT ( 'NONE',  ( 13.42063157758646774, -3.174999999999998934, 5.138999999999997570 ) ) ;
#2861 = ORIENTED_EDGE ( 'NONE', *, *, #1022, .F. ) ;
#2862 = EDGE_CURVE ( 'NONE', #2906, #511, #4012, .T. ) ;
#2863 = EDGE_CURVE ( 'NONE', #4340, #4272, #2421, .T. ) ;
#2864 = EDGE_LOOP ( 'NONE', ( #3888, #1218, #2295, #2120 ) ) ;
#2865 = CARTESIAN_POINT ( 'NONE',  ( 6.289039597907045724E-15, -5.460999999999999410, -9.525000000000005684 ) ) ;
#2866 = EDGE_CURVE ( 'NONE', #4984, #1963, #427, .T. ) ;
#2867 = CARTESIAN_POINT ( 'NONE',  ( 5.900214239177761313E-15, -0.8890000000000000124, -6.350000000000004974 ) ) ;
#2868 = LINE ( 'NONE', #4111, #5110 ) ;
#2869 = ORIENTED_EDGE ( 'NONE', *, *, #3285, .F. ) ;
#2870 = AXIS2_PLACEMENT_3D ( 'NONE', #4173, #2817, #1930 ) ;
#2871 = ORIENTED_EDGE ( 'NONE', *, *, #1323, .F. ) ;
#2872 = EDGE_CURVE ( 'NONE', #3552, #799, #5160, .T. ) ;
#2873 = CARTESIAN_POINT ( 'NONE',  ( 13.09999999999999964, 2.264950330581225746, 5.523072258617638397 ) ) ;
#2874 = CARTESIAN_POINT ( 'NONE',  ( -32.91256980544227417, -4.174999999999996270, -74.66698539317093264 ) ) ;
#2875 = CIRCLE ( 'NONE', #1079, 2.100000000000000977 ) ;
#2876 = LINE ( 'NONE', #4112, #851 ) ;
#2877 = CARTESIAN_POINT ( 'NONE',  ( 6.349999999999995204, 6.201000000000000512, -36.81862915010142956 ) ) ;
#2878 = AXIS2_PLACEMENT_3D ( 'NONE', #813, #1775, #896 ) ;
#2879 = ORIENTED_EDGE ( 'NONE', *, *, #1958, .T. ) ;
#2880 = EDGE_LOOP ( 'NONE', ( #4050, #4074 ) ) ;
#2881 = DIRECTION ( 'NONE',  ( 0.000000000000000000, 0.000000000000000000, 1.000000000000000000 ) ) ;
#2882 = DIRECTION ( 'NONE',  ( -1.000000000000000000, 0.000000000000000000, 0.000000000000000000 ) ) ;
#2883 = FACE_OUTER_BOUND ( 'NONE', #1763, .T. ) ;
#2884 = ORIENTED_EDGE ( 'NONE', *, *, #5045, .T. ) ;
#2885 = CARTESIAN_POINT ( 'NONE',  ( -5.200000000000000178, -50.04532472225498907, -11.15441558772853270 ) ) ;
#2886 = CARTESIAN_POINT ( 'NONE',  ( -2.630594115711841125E-16, -0.8890000000000000124, -19.05000000000000071 ) ) ;
#2887 = CARTESIAN_POINT ( 'NONE',  ( 0.4000000000000001887, 1.502637486114518195, 6.138999999999998458 ) ) ;
#2888 = CARTESIAN_POINT ( 'NONE',  ( 0.000000000000000000, 0.000000000000000000, 5.389000000000001123 ) ) ;
#2889 = VECTOR ( 'NONE', #2352, 1000.000000000000000 ) ;
#2890 = ORIENTED_EDGE ( 'NONE', *, *, #140, .T. ) ;
#2891 = CARTESIAN_POINT ( 'NONE',  ( -39.26256980544222586, -2.174999999999994937, -68.31698539317088148 ) ) ;
#2892 = EDGE_LOOP ( 'NONE', ( #5158, #3636, #892, #867 ) ) ;
#2893 = EDGE_CURVE ( 'NONE', #2705, #5420, #170, .T. ) ;
#2894 = ORIENTED_EDGE ( 'NONE', *, *, #1450, .T. ) ;
#2895 = LINE ( 'NONE', #4248, #2294 ) ;
#2896 = CARTESIAN_POINT ( 'NONE',  ( 2.978334981051645070, 6.200000000000000178, -37.94999999999978257 ) ) ;
#2897 = AXIS2_PLACEMENT_3D ( 'NONE', #4122, #4711, #4210 ) ;
#2898 = CARTESIAN_POINT ( 'NONE',  ( 18.89999999999976055, 6.200999999999999623, -13.83137084989834165 ) ) ;
#2899 = ORIENTED_EDGE ( 'NONE', *, *, #5034, .T. ) ;
#2900 = EDGE_CURVE ( 'NONE', #1836, #4295, #2226, .T. ) ;
#2901 = CARTESIAN_POINT ( 'NONE',  ( 12.27138806534421356, 2.057850353472996385, 2.353605336466520370 ) ) ;
#2902 = EDGE_CURVE ( 'NONE', #91, #2103, #5574, .T. ) ;
#2903 = CARTESIAN_POINT ( 'NONE',  ( 12.70000000000000284, -5.460999999999999410, -9.525000000000005684 ) ) ;
#2904 = EDGE_CURVE ( 'NONE', #2340, #5567, #3250, .T. ) ;
#2905 = CARTESIAN_POINT ( 'NONE',  ( 16.35441558772843251, -0.1999999999999996503, -25.39999999999989910 ) ) ;
#2906 = VERTEX_POINT ( 'NONE', #4305 ) ;
#2907 = CARTESIAN_POINT ( 'NONE',  ( -9.625000000000000000, -3.424999999999994937, -37.94999999999978257 ) ) ;
#2908 = LINE ( 'NONE', #4293, #3789 ) ;
#2909 = VECTOR ( 'NONE', #3609, 1000.000000000000000 ) ;
#2910 = CARTESIAN_POINT ( 'NONE',  ( -5.068629150101426895, -6.200000000000000178, -25.39999999999999503 ) ) ;
#2911 = ORIENTED_EDGE ( 'NONE', *, *, #5656, .F. ) ;
#2912 = AXIS2_PLACEMENT_3D ( 'NONE', #5496, #3262, #4948 ) ;
#2913 = DIRECTION ( 'NONE',  ( 1.000000000000000000, 0.000000000000000000, 0.000000000000000000 ) ) ;
#2914 = DIRECTION ( 'NONE',  ( -0.000000000000000000, 1.000000000000000000, -0.000000000000000000 ) ) ;
#2915 = EDGE_CURVE ( 'NONE', #4252, #2763, #3985, .T. ) ;
#2916 = CARTESIAN_POINT ( 'NONE',  ( -5.199999999999993072, -50.04532472225498907, -14.24558441227167371 ) ) ;
#2917 = VECTOR ( 'NONE', #2806, 1000.000000000000000 ) ;
#2918 = CARTESIAN_POINT ( 'NONE',  ( 10.40000000000000036, 0.000000000000000000, 5.523072258617638397 ) ) ;
#2919 = VECTOR ( 'NONE', #985, 1000.000000000000000 ) ;
#2920 = ORIENTED_EDGE ( 'NONE', *, *, #5347, .T. ) ;
#2921 = DIRECTION ( 'NONE',  ( 3.484311720645859373E-14, 0.000000000000000000, -1.000000000000000000 ) ) ;
#2922 = AXIS2_PLACEMENT_3D ( 'NONE', #5172, #1131, #3967 ) ;
#2923 = EDGE_LOOP ( 'NONE', ( #717, #2153, #5115, #4709 ) ) ;
#2924 = ORIENTED_EDGE ( 'NONE', *, *, #951, .T. ) ;
#2925 = CARTESIAN_POINT ( 'NONE',  ( 0.000000000000000000, 0.000000000000000000, 5.620762745781209269 ) ) ;
#2926 = DIRECTION ( 'NONE',  ( 0.000000000000000000, 1.000000000000000000, 0.000000000000000000 ) ) ;
#2927 = CARTESIAN_POINT ( 'NONE',  ( 0.4000000000000001887, -2.264950330581225746, 5.523072258617638397 ) ) ;
#2928 = VECTOR ( 'NONE', #5548, 1000.000000000000000 ) ;
#2929 = EDGE_CURVE ( 'NONE', #3527, #2859, #5799, .T. ) ;
#2930 = ORIENTED_EDGE ( 'NONE', *, *, #2633, .T. ) ;
#2931 = ORIENTED_EDGE ( 'NONE', *, *, #5730, .T. ) ;
#2932 = DIRECTION ( 'NONE',  ( 1.000000000000000000, -1.209468558947973047E-16, 0.000000000000000000 ) ) ;
#2933 = EDGE_CURVE ( 'NONE', #3123, #1687, #1740, .T. ) ;
#2934 = COORDINATED_UNIVERSAL_TIME_OFFSET ( 6, 0, .BEHIND. ) ;
#2935 = PLANE ( 'NONE',  #1036 ) ;
#2936 = CARTESIAN_POINT ( 'NONE',  ( 13.09999999999999964, -2.182283254615324797, 5.773529692572009431 ) ) ;
#2937 = EDGE_LOOP ( 'NONE', ( #4185, #2329, #4962, #5066 ) ) ;
#2938 = ADVANCED_FACE ( 'NONE', ( #833 ), #4837, .T. ) ;
#2939 = DIRECTION ( 'NONE',  ( 1.000000000000000000, 0.000000000000000000, 0.000000000000000000 ) ) ;
#2940 = EDGE_CURVE ( 'NONE', #1473, #3380, #4041, .T. ) ;
#2941 = CIRCLE ( 'NONE', #2762, 3.174999999999999822 ) ;
#2942 = DIRECTION ( 'NONE',  ( -0.000000000000000000, 1.000000000000000000, -0.000000000000000000 ) ) ;
#2943 = FACE_OUTER_BOUND ( 'NONE', #743, .T. ) ;
#2944 = VERTEX_POINT ( 'NONE', #5713 ) ;
#2945 = LINE ( 'NONE', #4737, #1368 ) ;
#2946 = DIRECTION ( 'NONE',  ( 1.000000000000000000, 0.000000000000000000, 0.000000000000000000 ) ) ;
#2947 = CARTESIAN_POINT ( 'NONE',  ( -6.200000000000001066, 6.200000000000000178, 0.000000000000000000 ) ) ;
#2948 = VECTOR ( 'NONE', #4264, 1000.000000000000000 ) ;
#2949 = ORIENTED_EDGE ( 'NONE', *, *, #732, .T. ) ;
#2950 = DIRECTION ( 'NONE',  ( 0.7071067811865442421, -8.451223556522497302E-17, -0.7071067811865509034 ) ) ;
#2951 = ORIENTED_EDGE ( 'NONE', *, *, #3365, .F. ) ;
#2952 = ORIENTED_EDGE ( 'NONE', *, *, #5269, .F. ) ;
#2953 = EDGE_CURVE ( 'NONE', #4903, #2852, #1710, .T. ) ;
#2954 = DIRECTION ( 'NONE',  ( 0.000000000000000000, 0.000000000000000000, 1.000000000000000000 ) ) ;
#2955 = DIRECTION ( 'NONE',  ( -5.597763149370537802E-15, 0.000000000000000000, 1.000000000000000000 ) ) ;
#2956 = DIRECTION ( 'NONE',  ( -0.000000000000000000, 1.000000000000000000, -0.000000000000000000 ) ) ;
#2957 = EDGE_LOOP ( 'NONE', ( #5765, #5236 ) ) ;
#2958 = ORIENTED_EDGE ( 'NONE', *, *, #2031, .F. ) ;
#2959 = ORIENTED_EDGE ( 'NONE', *, *, #4693, .T. ) ;
#2960 = FACE_OUTER_BOUND ( 'NONE', #1554, .T. ) ;
#2961 = VECTOR ( 'NONE', #1625, 1000.000000000000000 ) ;
#2962 = PERSON_AND_ORGANIZATION ( #1732, #5532 ) ;
#2963 = DIRECTION ( 'NONE',  ( -0.000000000000000000, 1.000000000000000000, -0.000000000000000000 ) ) ;
#2964 = CARTESIAN_POINT ( 'NONE',  ( 13.10000000000000142, -1.502637486114517751, 6.138999999999998458 ) ) ;
#2965 = EDGE_CURVE ( 'NONE', #2513, #4749, #2208, .T. ) ;
#2966 = EDGE_CURVE ( 'NONE', #4451, #900, #936, .T. ) ;
#2967 = VECTOR ( 'NONE', #3028, 1000.000000000000000 ) ;
#2968 = ORIENTED_EDGE ( 'NONE', *, *, #2364, .F. ) ;
#2969 = CARTESIAN_POINT ( 'NONE',  ( 6.350000000000000533, -0.8890000000000000124, -23.29999999999999716 ) ) ;
#2970 = CARTESIAN_POINT ( 'NONE',  ( 12.70000000000008633, -50.04532472225498907, -36.94999999999994600 ) ) ;
#2971 = AXIS2_PLACEMENT_3D ( 'NONE', #5350, #2171, #394 ) ;
#2972 = CARTESIAN_POINT ( 'NONE',  ( 18.89999999999976055, -0.1999999999999996503, -13.83137084989834165 ) ) ;
#2973 = EDGE_LOOP ( 'NONE', ( #4861, #1686, #4778, #3875 ) ) ;
#2974 = ADVANCED_FACE ( 'NONE', ( #1331 ), #3519, .F. ) ;
#2975 = PLANE ( 'NONE',  #3927 ) ;
#2976 = CYLINDRICAL_SURFACE ( 'NONE', #2285, 3.175000000000000711 ) ;
#2977 = VECTOR ( 'NONE', #3608, 1000.000000000000114 ) ;
#2978 = DIRECTION ( 'NONE',  ( -0.000000000000000000, -0.000000000000000000, -1.000000000000000000 ) ) ;
#2979 = VERTEX_POINT ( 'NONE', #349 ) ;
#2980 = ADVANCED_FACE ( 'NONE', ( #1212 ), #3015, .T. ) ;
#2981 = ORIENTED_EDGE ( 'NONE', *, *, #2262, .T. ) ;
#2982 = CARTESIAN_POINT ( 'NONE',  ( 13.09999999999999964, 2.254205848354697839, 5.555636450100673862 ) ) ;
#2983 = ORIENTED_EDGE ( 'NONE', *, *, #42, .T. ) ;
#2984 = CARTESIAN_POINT ( 'NONE',  ( 13.09999999999999964, -2.197165961088450192, 5.495012551953919022 ) ) ;
#2985 = CARTESIAN_POINT ( 'NONE',  ( 13.09999999999999964, 2.232710535457612888, 5.620762745781209269 ) ) ;
#2986 = DIRECTION ( 'NONE',  ( 0.000000000000000000, 0.000000000000000000, 1.000000000000000000 ) ) ;
#2987 = EDGE_LOOP ( 'NONE', ( #1366, #4276, #5746, #2767 ) ) ;
#2988 = VERTEX_POINT ( 'NONE', #2156 ) ;
#2989 = ORIENTED_EDGE ( 'NONE', *, *, #2830, .T. ) ;
#2990 = VECTOR ( 'NONE', #4657, 1000.000000000000000 ) ;
#2991 = ORIENTED_EDGE ( 'NONE', *, *, #2536, .T. ) ;
#2992 = CIRCLE ( 'NONE', #4966, 3.175000000000000711 ) ;
#2993 = FACE_BOUND ( 'NONE', #4522, .T. ) ;
#2994 = EDGE_CURVE ( 'NONE', #4961, #549, #2627, .T. ) ;
#2995 = DATE_AND_TIME ( #5169, #2307 ) ;
#2996 = CARTESIAN_POINT ( 'NONE',  ( 12.69999999999999929, -5.460999999999999410, -19.05000000000000071 ) ) ;
#2997 = ORIENTED_EDGE ( 'NONE', *, *, #1711, .T. ) ;
#2998 = CARTESIAN_POINT ( 'NONE',  ( 6.349999999999994316, -4.175000000000000711, -35.40441558772835862 ) ) ;
#2999 = FACE_OUTER_BOUND ( 'NONE', #5687, .T. ) ;
#3000 = DIRECTION ( 'NONE',  ( 0.000000000000000000, 0.000000000000000000, 1.000000000000000000 ) ) ;
#3001 = ORIENTED_EDGE ( 'NONE', *, *, #2994, .F. ) ;
#3002 = CARTESIAN_POINT ( 'NONE',  ( -0.3999999999999999667, -1.663442899047753887, 6.138999999999997570 ) ) ;
#3003 = DIRECTION ( 'NONE',  ( 1.000000000000000000, 0.000000000000000000, 0.000000000000000000 ) ) ;
#3004 = CARTESIAN_POINT ( 'NONE',  ( 16.35441558772843251, -50.04532472225498907, -12.70000000000010409 ) ) ;
#3005 = EDGE_CURVE ( 'NONE', #4942, #230, #2595, .T. ) ;
#3007 = ORIENTED_EDGE ( 'NONE', *, *, #2395, .F. ) ;
#3006 = VECTOR ( 'NONE', #972, 1000.000000000000227 ) ;
#3008 = VERTEX_POINT ( 'NONE', #861 ) ;
#3009 = LINE ( 'NONE', #2154, #1038 ) ;
#3010 = VERTEX_POINT ( 'NONE', #2216 ) ;
#3011 = VECTOR ( 'NONE', #5461, 1000.000000000000114 ) ;
#3012 = DIRECTION ( 'NONE',  ( -0.000000000000000000, -0.000000000000000000, -1.000000000000000000 ) ) ;
#3013 = B_SPLINE_CURVE_WITH_KNOTS ( 'NONE', 3,
 ( #775, #863, #4457, #3929 ),
 .UNSPECIFIED., .F., .F.,
 ( 4, 4 ),
 ( 0.007647354141962973799, 0.007869202712918556275 ),
 .UNSPECIFIED. ) ;
#3014 = CIRCLE ( 'NONE', #2815, 2.100000000000000089 ) ;
#3015 = CYLINDRICAL_SURFACE ( 'NONE', #5216, 3.175000000000000711 ) ;
#3016 = EDGE_CURVE ( 'NONE', #1734, #4914, #514, .T. ) ;
#3017 = EDGE_CURVE ( 'NONE', #205, #5099, #5366, .T. ) ;
#3018 = DIRECTION ( 'NONE',  ( -0.000000000000000000, -1.000000000000000000, -0.000000000000000000 ) ) ;
#3019 = CARTESIAN_POINT ( 'NONE',  ( 6.350000000000000533, -5.460999999999999410, -27.50000000000000000 ) ) ;
#3020 = VERTEX_POINT ( 'NONE', #2126 ) ;
#3021 = ORIENTED_EDGE ( 'NONE', *, *, #2318, .T. ) ;
#3022 = ORIENTED_EDGE ( 'NONE', *, *, #5768, .T. ) ;
#3023 = VERTEX_POINT ( 'NONE', #5281 ) ;
#3024 = AXIS2_PLACEMENT_3D ( 'NONE', #533, #4472, #5489 ) ;
#3025 = DIRECTION ( 'NONE',  ( 0.000000000000000000, 1.000000000000000000, 0.000000000000000000 ) ) ;
#3026 = LINE ( 'NONE', #5752, #3393 ) ;
#3027 = EDGE_LOOP ( 'NONE', ( #3759, #3992, #5067, #4868 ) ) ;
#3028 = DIRECTION ( 'NONE',  ( -0.000000000000000000, 1.000000000000000000, 0.000000000000000000 ) ) ;
#3029 = DIRECTION ( 'NONE',  ( 0.000000000000000000, 0.000000000000000000, 1.000000000000000000 ) ) ;
#3030 = CARTESIAN_POINT ( 'NONE',  ( -5.199999999997406697, -2.174999999999998934, -101.3795551986129766 ) ) ;
#3031 = DIRECTION ( 'NONE',  ( 1.000000000000000000, 0.000000000000000000, 8.115498896123205041E-15 ) ) ;
#3032 = ORIENTED_EDGE ( 'NONE', *, *, #1323, .T. ) ;
#3033 = FACE_OUTER_BOUND ( 'NONE', #2265, .T. ) ;
#3034 = FACE_OUTER_BOUND ( 'NONE', #2973, .T. ) ;
#3035 = DIRECTION ( 'NONE',  ( -1.000000000000000000, 0.000000000000000000, 0.000000000000000000 ) ) ;
#3036 = B_SPLINE_CURVE_WITH_KNOTS ( 'NONE', 3,
 ( #5084, #1902, #2789, #3698, #118, #1045 ),
 .UNSPECIFIED., .F., .F.,
 ( 4, 2, 4 ),
 ( 0.000000000000000000, 0.0004757001404452628575, 0.0009514002808905257149 ),
 .UNSPECIFIED. ) ;
#3037 = ORIENTED_EDGE ( 'NONE', *, *, #3721, .F. ) ;
#3038 = ORIENTED_EDGE ( 'NONE', *, *, #5134, .F. ) ;
#3039 = EDGE_CURVE ( 'NONE', #1621, #952, #5075, .T. ) ;
#3040 = DIRECTION ( 'NONE',  ( 1.000000000000000000, 0.000000000000000000, 0.000000000000000000 ) ) ;
#3041 = ADVANCED_FACE ( 'NONE', ( #2686 ), #5605, .T. ) ;
#3042 = EDGE_CURVE ( 'NONE', #1963, #4984, #2029, .T. ) ;
#3043 = VECTOR ( 'NONE', #1874, 1000.000000000000000 ) ;
#3044 = CARTESIAN_POINT ( 'NONE',  ( 12.70000000000000284, -5.460999999999999410, -6.350000000000004974 ) ) ;
#3045 = AXIS2_PLACEMENT_3D ( 'NONE', #5381, #3088, #5725 ) ;
#3046 = DIRECTION ( 'NONE',  ( -0.000000000000000000, 1.000000000000000000, -0.000000000000000000 ) ) ;
#3047 = CARTESIAN_POINT ( 'NONE',  ( -5.199999999999832312, -0.1999999999999996503, -31.75000000000000000 ) ) ;
#3048 = DIRECTION ( 'NONE',  ( -0.000000000000000000, -0.000000000000000000, -1.000000000000000000 ) ) ;
#3049 = ORIENTED_EDGE ( 'NONE', *, *, #4479, .T. ) ;
#3050 = ORIENTED_EDGE ( 'NONE', *, *, #2900, .F. ) ;
#3051 = VECTOR ( 'NONE', #3012, 1000.000000000000000 ) ;
#3052 = ORIENTED_EDGE ( 'NONE', *, *, #3146, .T. ) ;
#3053 = EDGE_CURVE ( 'NONE', #207, #4480, #4175, .T. ) ;
#3054 = ADVANCED_FACE ( 'NONE', ( #1019 ), #120, .T. ) ;
#3055 = ORIENTED_EDGE ( 'NONE', *, *, #2787, .F. ) ;
#3056 = DIRECTION ( 'NONE',  ( 0.7071067811865499042, -0.000000000000000000, 0.7071067811865452413 ) ) ;
#3057 = DIRECTION ( 'NONE',  ( 0.000000000000000000, 0.000000000000000000, -1.000000000000000000 ) ) ;
#3058 = ADVANCED_FACE ( 'NONE', ( #3159 ), #971, .T. ) ;
#3059 = VERTEX_POINT ( 'NONE', #4150 ) ;
#3060 = CARTESIAN_POINT ( 'NONE',  ( 12.27171803211823153, -2.057911970479199493, 2.353224001008315192 ) ) ;
#3061 = PLANE ( 'NONE',  #1906 ) ;
#3062 = CARTESIAN_POINT ( 'NONE',  ( -1.014510943328118249E-13, -50.04532472225498907, -36.94999999999989626 ) ) ;
#3063 = CARTESIAN_POINT ( 'NONE',  ( 17.76862915010142885, 6.200999999999999623, -12.70000000000000284 ) ) ;
#3064 = ORIENTED_EDGE ( 'NONE', *, *, #1747, .F. ) ;
#3065 = AXIS2_PLACEMENT_3D ( 'NONE', #3324, #2375, #535 ) ;
#3066 = CARTESIAN_POINT ( 'NONE',  ( -3.654415587728433223, -2.174999999999996270, -12.70000000000010409 ) ) ;
#3067 = FACE_OUTER_BOUND ( 'NONE', #2937, .T. ) ;
#3068 = CARTESIAN_POINT ( 'NONE',  ( 6.350000000000000533, -4.174999999999999822, -25.39999999999999858 ) ) ;
#3069 = CIRCLE ( 'NONE', #2971, 3.175000000000000711 ) ;
#3070 = ORIENTED_EDGE ( 'NONE', *, *, #2812, .T. ) ;
#3071 = ORIENTED_EDGE ( 'NONE', *, *, #2098, .F. ) ;
#3072 = AXIS2_PLACEMENT_3D ( 'NONE', #3777, #3807, #5626 ) ;
#3073 = DIRECTION ( 'NONE',  ( 1.000000000000000000, -1.365923996832131609E-16, 0.000000000000000000 ) ) ;
#3074 = DIRECTION ( 'NONE',  ( -0.000000000000000000, 1.000000000000000000, -0.000000000000000000 ) ) ;
#3075 = CARTESIAN_POINT ( 'NONE',  ( 12.69999999999999929, 0.000000000000000000, 5.620762745781209269 ) ) ;
#3076 = LINE ( 'NONE', #5684, #4044 ) ;
#3077 = CARTESIAN_POINT ( 'NONE',  ( -1.014510943328118249E-13, -6.199999999999997513, -36.94999999999989626 ) ) ;
#3078 = ORIENTED_EDGE ( 'NONE', *, *, #4767, .F. ) ;
#3079 = PRODUCT_RELATED_PRODUCT_CATEGORY ( 'detail', '', ( #1268 ) ) ;
#3080 = ORIENTED_EDGE ( 'NONE', *, *, #1821, .F. ) ;
#3081 = EDGE_LOOP ( 'NONE', ( #4891, #3166, #5243, #4036 ) ) ;
#3082 = ORIENTED_EDGE ( 'NONE', *, *, #2953, .F. ) ;
#3083 = DIRECTION ( 'NONE',  ( -0.08715574274765176821, 0.000000000000000000, 0.9961946980917461003 ) ) ;
#3084 = ADVANCED_FACE ( 'NONE', ( #2819 ), #3729, .T. ) ;
#3085 = VERTEX_POINT ( 'NONE', #537 ) ;
#3086 = CARTESIAN_POINT ( 'NONE',  ( 12.69999999999999929, 0.000000000000000000, 5.523072258617638397 ) ) ;
#3087 = VECTOR ( 'NONE', #5506, 1000.000000000000000 ) ;
#3088 = DIRECTION ( 'NONE',  ( 0.000000000000000000, -1.000000000000000000, 0.000000000000000000 ) ) ;
#3089 = EDGE_CURVE ( 'NONE', #3726, #1734, #2282, .T. ) ;
#3090 = CARTESIAN_POINT ( 'NONE',  ( 17.89999999999999858, -50.04532472225498907, -31.75000000000000000 ) ) ;
#3091 = DIRECTION ( 'NONE',  ( -0.000000000000000000, -1.000000000000000000, -0.000000000000000000 ) ) ;
#3092 = ORIENTED_EDGE ( 'NONE', *, *, #4384, .F. ) ;
#3093 = DIRECTION ( 'NONE',  ( 1.000000000000000000, -8.340016711427035407E-17, 0.000000000000000000 ) ) ;
#3094 = DIRECTION ( 'NONE',  ( -0.7071067811865483499, 0.000000000000000000, -0.7071067811865466846 ) ) ;
#3095 = LINE ( 'NONE', #3570, #4608 ) ;
#3096 = ORIENTED_EDGE ( 'NONE', *, *, #4442, .F. ) ;
#3097 = ORIENTED_EDGE ( 'NONE', *, *, #5113, .F. ) ;
#3098 = ADVANCED_FACE ( 'NONE', ( #569 ), #600, .T. ) ;
#3099 = CARTESIAN_POINT ( 'NONE',  ( 0.4000000000000001887, 2.232710535457612888, 5.620762745781209269 ) ) ;
#3100 = CARTESIAN_POINT ( 'NONE',  ( -2.630594115710311721E-16, -4.174999999999998046, -31.75000000000000000 ) ) ;
#3101 = DIRECTION ( 'NONE',  ( 0.000000000000000000, 0.000000000000000000, 1.000000000000000000 ) ) ;
#3102 = CARTESIAN_POINT ( 'NONE',  ( 18.89999999999999858, -6.200000000000000178, -11.56862915010164627 ) ) ;
#3103 = DIRECTION ( 'NONE',  ( 0.000000000000000000, 1.000000000000000000, 0.000000000000000000 ) ) ;
#3104 = AXIS2_PLACEMENT_3D ( 'NONE', #2857, #191, #1110 ) ;
#3105 = ORIENTED_EDGE ( 'NONE', *, *, #3295, .T. ) ;
#3106 = VERTEX_POINT ( 'NONE', #1047 ) ;
#3107 = ORIENTED_EDGE ( 'NONE', *, *, #2071, .F. ) ;
#3108 = AXIS2_PLACEMENT_3D ( 'NONE', #3068, #1267, #3826 ) ;
#3109 = ORIENTED_EDGE ( 'NONE', *, *, #1844, .T. ) ;
#3110 = CYLINDRICAL_SURFACE ( 'NONE', #4099, 3.175000000000000711 ) ;
#3111 = EDGE_CURVE ( 'NONE', #1885, #4591, #5495, .T. ) ;
#3112 = VECTOR ( 'NONE', #5757, 1000.000000000000000 ) ;
#3113 = DIRECTION ( 'NONE',  ( 0.000000000000000000, 0.000000000000000000, -1.000000000000000000 ) ) ;
#3114 = VECTOR ( 'NONE', #2963, 1000.000000000000000 ) ;
#3115 = EDGE_CURVE ( 'NONE', #3190, #4281, #4817, .T. ) ;
#3116 = ORIENTED_EDGE ( 'NONE', *, *, #5630, .T. ) ;
#3117 = DIRECTION ( 'NONE',  ( 0.000000000000000000, 1.000000000000000000, 0.000000000000000000 ) ) ;
#3118 = LINE ( 'NONE', #1755, #684 ) ;
#3119 = CARTESIAN_POINT ( 'NONE',  ( 6.349999999999999645, -50.04532472225498907, -35.40441558772833019 ) ) ;
#3120 = VECTOR ( 'NONE', #157, 1000.000000000000000 ) ;
#3121 = DIRECTION ( 'NONE',  ( -0.000000000000000000, 1.000000000000000000, -0.000000000000000000 ) ) ;
#3122 = EDGE_CURVE ( 'NONE', #2705, #5299, #3412, .T. ) ;
#3123 = VERTEX_POINT ( 'NONE', #1565 ) ;
#3124 = CARTESIAN_POINT ( 'NONE',  ( 12.69999999999999929, -5.460999999999999410, -28.57499999999999929 ) ) ;
#3125 = FACE_OUTER_BOUND ( 'NONE', #4576, .T. ) ;
#3126 = LINE ( 'NONE', #1353, #5270 ) ;
#3127 = VERTEX_POINT ( 'NONE', #4662 ) ;
#3128 = ORIENTED_EDGE ( 'NONE', *, *, #612, .T. ) ;
#3129 = CARTESIAN_POINT ( 'NONE',  ( -6.199999999999999289, -6.200000000000000178, 0.000000000000000000 ) ) ;
#3130 = DIRECTION ( 'NONE',  ( -1.036687336241119596E-16, -1.000000000000000000, -0.000000000000000000 ) ) ;
#3131 = DIRECTION ( 'NONE',  ( 0.7071067811865475727, -0.7071067811865474617, 0.000000000000000000 ) ) ;
#3132 = FACE_OUTER_BOUND ( 'NONE', #5452, .T. ) ;
#3133 = CIRCLE ( 'NONE', #1149, 3.175000000000000711 ) ;
#3134 = CARTESIAN_POINT ( 'NONE',  ( 0.4000000000000001887, 2.061552812808830293, 5.438999999999999169 ) ) ;
#3135 = VERTEX_POINT ( 'NONE', #5133 ) ;
#3136 = ORIENTED_EDGE ( 'NONE', *, *, #1752, .F. ) ;
#3137 = ORIENTED_EDGE ( 'NONE', *, *, #4885, .T. ) ;
#3138 = EDGE_LOOP ( 'NONE', ( #4374, #2802, #3659, #2245 ) ) ;
#3139 = FACE_OUTER_BOUND ( 'NONE', #5252, .T. ) ;
#3140 = VECTOR ( 'NONE', #4000, 1000.000000000000227 ) ;
#3141 = ORIENTED_EDGE ( 'NONE', *, *, #5362, .T. ) ;
#3142 = CARTESIAN_POINT ( 'NONE',  ( 12.94709174788198069, -2.087439085565598429, 2.187221323398957473 ) ) ;
#3143 = CARTESIAN_POINT ( 'NONE',  ( 17.89999999999999147, -4.175000000000005151, -14.24558441227167371 ) ) ;
#3144 = DIRECTION ( 'NONE',  ( 1.000000000000000000, 0.000000000000000000, 0.000000000000000000 ) ) ;
#3145 = CARTESIAN_POINT ( 'NONE',  ( 12.70000000000000284, -5.460999999999999410, -6.350000000000004974 ) ) ;
#3146 = EDGE_CURVE ( 'NONE', #1462, #237, #1143, .T. ) ;
#3147 = EDGE_LOOP ( 'NONE', ( #668, #3779 ) ) ;
#3148 = CARTESIAN_POINT ( 'NONE',  ( 12.69999999999999929, -2.174999999999996270, -31.75000000000000000 ) ) ;
#3149 = DIRECTION ( 'NONE',  ( 0.000000000000000000, -1.000000000000000000, 0.000000000000000000 ) ) ;
#3150 = CYLINDRICAL_SURFACE ( 'NONE', #1317, 2.100000000000000977 ) ;
#3151 = CIRCLE ( 'NONE', #704, 3.174999999999999822 ) ;
#3152 = CYLINDRICAL_SURFACE ( 'NONE', #2912, 3.175000000000000711 ) ;
#3153 = EDGE_CURVE ( 'NONE', #5774, #4740, #3367, .T. ) ;
#3154 = EDGE_LOOP ( 'NONE', ( #3501, #5466, #1383, #2582 ) ) ;
#3155 = ORIENTED_EDGE ( 'NONE', *, *, #5395, .F. ) ;
#3156 = CYLINDRICAL_SURFACE ( 'NONE', #3561, 3.175000000000000711 ) ;
#3157 = VECTOR ( 'NONE', #1157, 1000.000000000000000 ) ;
#3158 = FACE_OUTER_BOUND ( 'NONE', #463, .T. ) ;
#3159 = FACE_OUTER_BOUND ( 'NONE', #3790, .T. ) ;
#3160 = DIRECTION ( 'NONE',  ( 0.000000000000000000, 0.000000000000000000, 1.000000000000000000 ) ) ;
#3161 = CARTESIAN_POINT ( 'NONE',  ( 16.35441558772843251, -6.199999999999997513, -25.39999999999989910 ) ) ;
#3162 = EDGE_CURVE ( 'NONE', #4614, #25, #2895, .T. ) ;
#3163 = VERTEX_POINT ( 'NONE', #2008 ) ;
#3164 = ORIENTED_EDGE ( 'NONE', *, *, #3518, .F. ) ;
#3165 = AXIS2_PLACEMENT_3D ( 'NONE', #2165, #389, #2196 ) ;
#3166 = ORIENTED_EDGE ( 'NONE', *, *, #899, .F. ) ;
#3167 = ORIENTED_EDGE ( 'NONE', *, *, #5696, .T. ) ;
#3168 = PLANE ( 'NONE',  #5693 ) ;
#3169 = DIRECTION ( 'NONE',  ( -1.000000000000000000, 0.000000000000000000, 0.000000000000000000 ) ) ;
#3170 = CARTESIAN_POINT ( 'NONE',  ( -2.630594115711841125E-16, -6.201024999999999565, -31.75000000000000000 ) ) ;
#3171 = DIRECTION ( 'NONE',  ( 0.000000000000000000, 0.000000000000000000, 1.000000000000000000 ) ) ;
#3172 = DIRECTION ( 'NONE',  ( 0.000000000000000000, 0.000000000000000000, 1.000000000000000000 ) ) ;
#3173 = VECTOR ( 'NONE', #1562, 1000.000000000000000 ) ;
#3174 = ORIENTED_EDGE ( 'NONE', *, *, #503, .F. ) ;
#3175 = CARTESIAN_POINT ( 'NONE',  ( -2.630594115711840632E-16, -2.174999999999999822, -34.92499999999999716 ) ) ;
#3176 = VECTOR ( 'NONE', #1737, 1000.000000000000000 ) ;
#3177 = CARTESIAN_POINT ( 'NONE',  ( -6.200000000000001066, 6.200000000000000178, -2.000000000000000000 ) ) ;
#3178 = DIRECTION ( 'NONE',  ( 0.000000000000000000, 0.000000000000000000, 1.000000000000000000 ) ) ;
#3179 = EDGE_CURVE ( 'NONE', #1571, #5188, #4634, .T. ) ;
#3180 = ORIENTED_EDGE ( 'NONE', *, *, #2915, .F. ) ;
#3181 = DIRECTION ( 'NONE',  ( 0.000000000000000000, 1.000000000000000000, 0.000000000000000000 ) ) ;
#3182 = CARTESIAN_POINT ( 'NONE',  ( 12.69999999999999929, -0.8890000000000000124, -28.57499999999999929 ) ) ;
#3183 = ADVANCED_FACE ( 'NONE', ( #4720, #3743 ), #5159, .T. ) ;
#3184 = DIRECTION ( 'NONE',  ( 0.000000000000000000, 1.000000000000000000, 0.000000000000000000 ) ) ;
#3185 = LINE ( 'NONE', #4513, #3293 ) ;
#3186 = EDGE_LOOP ( 'NONE', ( #4284, #2002, #4145, #331, #1021, #526 ) ) ;
#3187 = VERTEX_POINT ( 'NONE', #3245 ) ;
#3188 = ORIENTED_EDGE ( 'NONE', *, *, #5789, .F. ) ;
#3189 = ADVANCED_FACE ( 'NONE', ( #4190 ), #3309, .F. ) ;
#3190 = VERTEX_POINT ( 'NONE', #2865 ) ;
#3191 = VECTOR ( 'NONE', #4456, 1000.000000000000000 ) ;
#3192 = FACE_OUTER_BOUND ( 'NONE', #1845, .T. ) ;
#3193 = ADVANCED_FACE ( 'NONE', ( #1539 ), #958, .T. ) ;
#3194 = DIRECTION ( 'NONE',  ( 0.000000000000000000, 1.000000000000000000, 0.000000000000000000 ) ) ;
#3195 = AXIS2_PLACEMENT_3D ( 'NONE', #2528, #2118, #703 ) ;
#3196 = CARTESIAN_POINT ( 'NONE',  ( 12.70000000000000284, -2.175000000000001599, -9.525000000000005684 ) ) ;
#3197 = AXIS2_PLACEMENT_3D ( 'NONE', #3649, #1020, #1875 ) ;
#3198 = CARTESIAN_POINT ( 'NONE',  ( 0.4000000000000000222, -2.129368205736811070, 5.466985055468133403 ) ) ;
#3199 = CIRCLE ( 'NONE', #847, 2.299999999999999822 ) ;
#3200 = DIRECTION ( 'NONE',  ( 0.000000000000000000, 0.000000000000000000, 1.000000000000000000 ) ) ;
#3201 = CARTESIAN_POINT ( 'NONE',  ( 33.06256980544232249, -4.175000000000003375, -62.11698539317055889 ) ) ;
#3202 = ORIENTED_EDGE ( 'NONE', *, *, #3721, .T. ) ;
#3203 = CARTESIAN_POINT ( 'NONE',  ( 13.19809734904587195, -3.174999999999998934, 2.595422128626172054 ) ) ;
#3204 = CARTESIAN_POINT ( 'NONE',  ( 6.350000000000000533, -6.201024999999999565, -25.39999999999999858 ) ) ;
#3205 = VECTOR ( 'NONE', #4200, 1000.000000000000000 ) ;
#3206 = DIRECTION ( 'NONE',  ( 1.398970545142586541E-16, -1.000000000000000000, 0.000000000000000000 ) ) ;
#3207 = ORIENTED_EDGE ( 'NONE', *, *, #2966, .T. ) ;
#3208 = CARTESIAN_POINT ( 'NONE',  ( -0.3999999999999999667, -2.061552812808830293, 5.438999999999999169 ) ) ;
#3209 = CARTESIAN_POINT ( 'NONE',  ( -5.200000000000000178, -6.199999999999997513, -1.999999999999998224 ) ) ;
#3210 = CARTESIAN_POINT ( 'NONE',  ( 12.70000000000000284, -4.174999999999999822, -6.350000000000004974 ) ) ;
#3211 = DIRECTION ( 'NONE',  ( -0.000000000000000000, -1.000000000000000000, -0.000000000000000000 ) ) ;
#3212 = ORIENTED_EDGE ( 'NONE', *, *, #2633, .F. ) ;
#3213 = ORIENTED_EDGE ( 'NONE', *, *, #5071, .T. ) ;
#3214 = DIRECTION ( 'NONE',  ( 0.000000000000000000, 0.000000000000000000, 1.000000000000000000 ) ) ;
#3215 = ORIENTED_EDGE ( 'NONE', *, *, #3918, .F. ) ;
#3216 = EDGE_CURVE ( 'NONE', #837, #5629, #2188, .T. ) ;
#3217 = ORIENTED_EDGE ( 'NONE', *, *, #4792, .T. ) ;
#3218 = AXIS2_PLACEMENT_3D ( 'NONE', #1800, #4690, #680 ) ;
#3219 = MANIFOLD_SOLID_BREP ( '228-2500-137', #1027 ) ;
#3220 = DIRECTION ( 'NONE',  ( -8.115498896123205041E-15, 0.000000000000000000, 1.000000000000000000 ) ) ;
#3221 = AXIS2_PLACEMENT_3D ( 'NONE', #5529, #1966, #3331 ) ;
#3222 = DIRECTION ( 'NONE',  ( 0.000000000000000000, 0.000000000000000000, -1.000000000000000000 ) ) ;
#3223 = EDGE_CURVE ( 'NONE', #3974, #1857, #2391, .T. ) ;
#3224 = EDGE_CURVE ( 'NONE', #2457, #5639, #1975, .T. ) ;
#3225 = CARTESIAN_POINT ( 'NONE',  ( 5.900214239177761313E-15, -4.174999999999999822, -6.350000000000004974 ) ) ;
#3226 = AXIS2_PLACEMENT_3D ( 'NONE', #2172, #363, #5409 ) ;
#3227 = LINE ( 'NONE', #1483, #2823 ) ;
#3228 = EDGE_CURVE ( 'NONE', #858, #4661, #4551, .T. ) ;
#3229 = PLANE ( 'NONE',  #1232 ) ;
#3230 = ORIENTED_EDGE ( 'NONE', *, *, #1810, .F. ) ;
#3231 = CARTESIAN_POINT ( 'NONE',  ( 12.69999999999999929, 6.200000000000000178, -2.000000000000000000 ) ) ;
#3232 = DIRECTION ( 'NONE',  ( 1.000000000000000000, 0.000000000000000000, 0.000000000000000000 ) ) ;
#3233 = DIRECTION ( 'NONE',  ( 1.000000000000000000, 0.000000000000000000, 0.000000000000000000 ) ) ;
#3234 = ORIENTED_EDGE ( 'NONE', *, *, #4699, .T. ) ;
#3235 = CARTESIAN_POINT ( 'NONE',  ( 11.97936842241353439, -1.972483239316685122, 5.138999999999997570 ) ) ;
#3236 = DIRECTION ( 'NONE',  ( -0.000000000000000000, -0.000000000000000000, -1.000000000000000000 ) ) ;
#3237 = EDGE_CURVE ( 'NONE', #799, #3357, #673, .T. ) ;
#3238 = DIRECTION ( 'NONE',  ( 0.000000000000000000, 0.000000000000000000, -1.000000000000000000 ) ) ;
#3239 = VECTOR ( 'NONE', #4746, 1000.000000000000000 ) ;
#3240 = DIRECTION ( 'NONE',  ( 0.7071067811865507924, 0.000000000000000000, 0.7071067811865441310 ) ) ;
#3241 = ORIENTED_EDGE ( 'NONE', *, *, #4186, .F. ) ;
#3242 = PLANE ( 'NONE',  #4303 ) ;
#3243 = EDGE_LOOP ( 'NONE', ( #5196, #353, #3429, #2604 ) ) ;
#3244 = ORIENTED_EDGE ( 'NONE', *, *, #4518, .T. ) ;
#3245 = CARTESIAN_POINT ( 'NONE',  ( 17.89999999999999858, -6.199999999999997513, -1.999999999999998224 ) ) ;
#3246 = DIRECTION ( 'NONE',  ( 0.000000000000000000, 1.000000000000000000, 0.000000000000000000 ) ) ;
#3247 = EDGE_CURVE ( 'NONE', #1413, #2457, #4603, .T. ) ;
#3248 = CIRCLE ( 'NONE', #5226, 2.100000000000000977 ) ;
#3249 = LINE ( 'NONE', #4136, #4230 ) ;
#3250 = CIRCLE ( 'NONE', #5775, 3.175000000000000711 ) ;
#3251 = CARTESIAN_POINT ( 'NONE',  ( -3.654415587728433223, -50.04532472225498907, -25.39999999999989910 ) ) ;
#3252 = ADVANCED_FACE ( 'NONE', ( #1005 ), #2803, .F. ) ;
#3253 = DIRECTION ( 'NONE',  ( 0.7071067811865451302, 0.000000000000000000, -0.7071067811865499042 ) ) ;
#3254 = PLANE ( 'NONE',  #3497 ) ;
#3255 = ORIENTED_EDGE ( 'NONE', *, *, #4343, .T. ) ;
#3256 = VERTEX_POINT ( 'NONE', #2836 ) ;
#3257 = DIRECTION ( 'NONE',  ( -1.000000000000000000, 0.000000000000000000, -0.000000000000000000 ) ) ;
#3258 = EDGE_CURVE ( 'NONE', #1928, #5335, #1506, .T. ) ;
#3259 = DIRECTION ( 'NONE',  ( -1.000000000000000000, 0.000000000000000000, 0.000000000000000000 ) ) ;
#3260 = DIRECTION ( 'NONE',  ( 0.000000000000000000, 1.000000000000000000, 0.000000000000000000 ) ) ;
#3261 = EDGE_CURVE ( 'NONE', #4740, #3553, #5573, .T. ) ;
#3262 = DIRECTION ( 'NONE',  ( -0.000000000000000000, -1.000000000000000000, -0.000000000000000000 ) ) ;
#3263 = VERTEX_POINT ( 'NONE', #4805 ) ;
#3264 = FACE_OUTER_BOUND ( 'NONE', #5372, .T. ) ;
#3265 = CARTESIAN_POINT ( 'NONE',  ( 12.70000000000000284, -6.201024999999999565, -6.350000000000004974 ) ) ;
#3266 = CARTESIAN_POINT ( 'NONE',  ( -6.199999999999756817, 6.201000000000002288, -24.26862915010165622 ) ) ;
#3267 = CIRCLE ( 'NONE', #1099, 2.100000000000000977 ) ;
#3268 = DIRECTION ( 'NONE',  ( -0.7071067811865499042, 0.000000000000000000, -0.7071067811865452413 ) ) ;
#3269 = EDGE_LOOP ( 'NONE', ( #3544, #3804, #4162, #5029 ) ) ;
#3270 = CARTESIAN_POINT ( 'NONE',  ( 12.30000000000000071, -2.061552812808830293, 5.438999999999999169 ) ) ;
#3271 = ADVANCED_FACE ( 'NONE', ( #5741 ), #2507, .T. ) ;
#3272 = ORIENTED_EDGE ( 'NONE', *, *, #3016, .T. ) ;
#3273 = EDGE_LOOP ( 'NONE', ( #4334, #2361 ) ) ;
#3274 = CARTESIAN_POINT ( 'NONE',  ( -5.199999999999993072, -6.199999999999997513, -14.24558441227167371 ) ) ;
#3275 = ADVANCED_FACE ( 'NONE', ( #4366 ), #4773, .T. ) ;
#3276 = CARTESIAN_POINT ( 'NONE',  ( 12.12651368875630986, 2.021666578221208432, 3.457121909598164233 ) ) ;
#3277 = CARTESIAN_POINT ( 'NONE',  ( -5.199999999999993072, -0.1999999999999996503, -14.24558441227167371 ) ) ;
#3278 = CIRCLE ( 'NONE', #5455, 2.100000000000000977 ) ;
#3279 = FACE_OUTER_BOUND ( 'NONE', #1144, .T. ) ;
#3280 = CARTESIAN_POINT ( 'NONE',  ( -5.200000000000000178, -50.04532472225498907, -11.15441558772853270 ) ) ;
#3281 = AXIS2_PLACEMENT_3D ( 'NONE', #5152, #1084, #4626 ) ;
#3282 = LINE ( 'NONE', #2903, #5276 ) ;
#3283 = CARTESIAN_POINT ( 'NONE',  ( 12.30000000000000071, 2.264950330581225746, 5.523072258617638397 ) ) ;
#3284 = APPLICATION_CONTEXT ( 'configuration controlled 3d designs of mechanical parts and assemblies' ) ;
#3285 = EDGE_CURVE ( 'NONE', #778, #1334, #3860, .T. ) ;
#3286 = VECTOR ( 'NONE', #3222, 1000.000000000000000 ) ;
#3287 = AXIS2_PLACEMENT_3D ( 'NONE', #3894, #1333, #4928 ) ;
#3288 = ORIENTED_EDGE ( 'NONE', *, *, #5412, .T. ) ;
#3289 = CARTESIAN_POINT ( 'NONE',  ( 4.804415587728428250, -6.199999999999997513, -36.94999999999988916 ) ) ;
#3290 = DIRECTION ( 'NONE',  ( 0.000000000000000000, 0.000000000000000000, 1.000000000000000000 ) ) ;
#3291 = CARTESIAN_POINT ( 'NONE',  ( -2.630594115711841125E-16, -5.460999999999999410, -31.75000000000000000 ) ) ;
#3292 = CARTESIAN_POINT ( 'NONE',  ( 12.69999999999999929, -4.174999999999998046, -31.75000000000000000 ) ) ;
#3294 = ORIENTED_EDGE ( 'NONE', *, *, #1147, .T. ) ;
#3293 = VECTOR ( 'NONE', #3240, 1000.000000000000114 ) ;
#3295 = EDGE_CURVE ( 'NONE', #5223, #3320, #5498, .T. ) ;
#3296 = ADVANCED_FACE ( 'NONE', ( #1592 ), #2535, .T. ) ;
#3297 = ADVANCED_FACE ( 'NONE', ( #3831 ), #254, .T. ) ;
#3298 = VECTOR ( 'NONE', #2293, 1000.000000000000000 ) ;
#3299 = LINE ( 'NONE', #5091, #4113 ) ;
#3300 = CARTESIAN_POINT ( 'NONE',  ( 12.69999999999999929, -4.174999999999999822, -31.75000000000000000 ) ) ;
#3301 = CARTESIAN_POINT ( 'NONE',  ( -6.199999999999999289, 0.000000000000000000, 0.000000000000000000 ) ) ;
#3302 = FACE_BOUND ( 'NONE', #5753, .T. ) ;
#3303 = AXIS2_PLACEMENT_3D ( 'NONE', #1233, #2586, #3031 ) ;
#3304 = VERTEX_POINT ( 'NONE', #1273 ) ;
#3305 = CARTESIAN_POINT ( 'NONE',  ( 0.000000000000000000, 0.000000000000000000, 5.438999999999999169 ) ) ;
#3306 = EDGE_CURVE ( 'NONE', #1473, #3020, #3314, .T. ) ;
#3307 = ORIENTED_EDGE ( 'NONE', *, *, #5386, .T. ) ;
#3308 = ORIENTED_EDGE ( 'NONE', *, *, #852, .F. ) ;
#3309 = CYLINDRICAL_SURFACE ( 'NONE', #5, 5.199999999999864286 ) ;
#3310 = CARTESIAN_POINT ( 'NONE',  ( 12.70000000000000284, -0.8890000000000000124, -6.350000000000004974 ) ) ;
#3311 = DIRECTION ( 'NONE',  ( -0.000000000000000000, 1.000000000000000000, -0.000000000000000000 ) ) ;
#3312 = ORIENTED_EDGE ( 'NONE', *, *, #2698, .F. ) ;
#3313 = CARTESIAN_POINT ( 'NONE',  ( 17.76862915010142885, -0.1999999999999996503, -25.39999999999999858 ) ) ;
#3314 = CIRCLE ( 'NONE', #5096, 3.175000000000000711 ) ;
#3315 = DIRECTION ( 'NONE',  ( -1.000000000000000000, 0.000000000000000000, 0.000000000000000000 ) ) ;
#3316 = CARTESIAN_POINT ( 'NONE',  ( 0.4282819678817722520, 2.057911970479199049, 2.353224001008316524 ) ) ;
#3317 = CIRCLE ( 'NONE', #1718, 0.7499999999999997780 ) ;
#3318 = CARTESIAN_POINT ( 'NONE',  ( -0.4980973490458723840, -3.174999999999999822, 2.595422128626172054 ) ) ;
#3319 = CARTESIAN_POINT ( 'NONE',  ( -5.199999999999866063, -4.174999999999998046, -31.75000000000000000 ) ) ;
#3320 = VERTEX_POINT ( 'NONE', #2478 ) ;
#3321 = VECTOR ( 'NONE', #5494, 1000.000000000000000 ) ;
#3322 = AXIS2_PLACEMENT_3D ( 'NONE', #3988, #773, #3428 ) ;
#3323 = EDGE_LOOP ( 'NONE', ( #3055, #1395, #2983, #2981 ) ) ;
#3324 = CARTESIAN_POINT ( 'NONE',  ( -5.068629150101425118, 6.201000000000001400, -12.70000000000000639 ) ) ;
#3325 = FACE_OUTER_BOUND ( 'NONE', #3880, .T. ) ;
#3326 = EDGE_CURVE ( 'NONE', #1597, #1628, #2597, .T. ) ;
#3327 = CYLINDRICAL_SURFACE ( 'NONE', #4149, 3.175000000000000711 ) ;
#3328 = VECTOR ( 'NONE', #2274, 1000.000000000000000 ) ;
#3329 = VERTEX_POINT ( 'NONE', #2094 ) ;
#3330 = DIRECTION ( 'NONE',  ( 0.000000000000000000, -0.000000000000000000, 1.000000000000000000 ) ) ;
#3331 = DIRECTION ( 'NONE',  ( 0.000000000000000000, 0.000000000000000000, -1.000000000000000000 ) ) ;
#3332 = CARTESIAN_POINT ( 'NONE',  ( 13.10000000000000142, 1.502637486114517751, 6.138999999999998458 ) ) ;
#3333 = EDGE_CURVE ( 'NONE', #4546, #3562, #5712, .T. ) ;
#3334 = CARTESIAN_POINT ( 'NONE',  ( -6.199999999999756817, 6.201000000000002288, -24.26862915010165622 ) ) ;
#3335 = EDGE_LOOP ( 'NONE', ( #500, #3064, #1706, #4308 ) ) ;
#3336 = DIRECTION ( 'NONE',  ( 1.000000000000000000, -0.000000000000000000, 3.484311720645859373E-14 ) ) ;
#3337 = ORIENTED_EDGE ( 'NONE', *, *, #4574, .F. ) ;
#3338 = VERTEX_POINT ( 'NONE', #1681 ) ;
#3339 = CARTESIAN_POINT ( 'NONE',  ( 1.554966049364602254, 0.000000000000000000, 5.389000000000001123 ) ) ;
#3340 = CARTESIAN_POINT ( 'NONE',  ( 12.69999999999999929, -0.8890000000000000124, -15.87500000000000000 ) ) ;
#3341 = EDGE_CURVE ( 'NONE', #1461, #4340, #1653, .T. ) ;
#3342 = CARTESIAN_POINT ( 'NONE',  ( -3.654415587728433223, -6.199999999999997513, -25.39999999999989910 ) ) ;
#3343 = VECTOR ( 'NONE', #4263, 1000.000000000000000 ) ;
#3344 = ORIENTED_EDGE ( 'NONE', *, *, #899, .T. ) ;
#3345 = CARTESIAN_POINT ( 'NONE',  ( -5.068629150101425118, -0.1999999999999996503, -25.39999999999999503 ) ) ;
#3346 = CARTESIAN_POINT ( 'NONE',  ( 12.21282013608611372, 2.042738866564660416, 2.470634702552896300 ) ) ;
#3347 = CALENDAR_DATE ( 2022, 6, 6 ) ;
#3348 = DIRECTION ( 'NONE',  ( -0.000000000000000000, 1.000000000000000000, -0.000000000000000000 ) ) ;
#3349 = VERTEX_POINT ( 'NONE', #3396 ) ;
#3350 = EDGE_CURVE ( 'NONE', #4281, #3190, #2941, .T. ) ;
#3351 = AXIS2_PLACEMENT_3D ( 'NONE', #2568, #4016, #3957 ) ;
#3352 = ORIENTED_EDGE ( 'NONE', *, *, #5419, .T. ) ;
#3353 = DIRECTION ( 'NONE',  ( 0.7071067811865475727, -0.7071067811865474617, 0.000000000000000000 ) ) ;
#3354 = DIRECTION ( 'NONE',  ( 1.000000000000000000, 0.000000000000000000, 0.000000000000000000 ) ) ;
#3355 = UNCERTAINTY_MEASURE_WITH_UNIT (LENGTH_MEASURE( 1.000000000000000082E-05 ), #4226, 'distance_accuracy_value', 'NONE');
#3356 = DIRECTION ( 'NONE',  ( 0.000000000000000000, 1.000000000000000000, 0.000000000000000000 ) ) ;
#3357 = VERTEX_POINT ( 'NONE', #5189 ) ;
#3358 = CARTESIAN_POINT ( 'NONE',  ( 6.350000000000002309, -5.460999999999999410, -15.87500000000000000 ) ) ;
#3359 = CARTESIAN_POINT ( 'NONE',  ( 0.4000000000000001887, -2.264950330581225746, 5.523072258617638397 ) ) ;
#3360 = PLANE ( 'NONE',  #3281 ) ;
#3361 = DIRECTION ( 'NONE',  ( -0.000000000000000000, 1.000000000000000000, -0.000000000000000000 ) ) ;
#3362 = EDGE_LOOP ( 'NONE', ( #4643, #2504 ) ) ;
#3363 = LINE ( 'NONE', #5621, #4115 ) ;
#3364 = ORIENTED_EDGE ( 'NONE', *, *, #2904, .F. ) ;
#3365 = EDGE_CURVE ( 'NONE', #3425, #3961, #712, .T. ) ;
#3366 = ORIENTED_EDGE ( 'NONE', *, *, #2450, .F. ) ;
#3367 = LINE ( 'NONE', #3687, #5305 ) ;
#3368 = B_SPLINE_CURVE_WITH_KNOTS ( 'NONE', 3,
 ( #5530, #1498, #1910, #4180 ),
 .UNSPECIFIED., .F., .F.,
 ( 4, 4 ),
 ( 0.002832913685900423535, 0.002935786532568636018 ),
 .UNSPECIFIED. ) ;
#3369 = LINE ( 'NONE', #5102, #116 ) ;
#3370 = PLANE ( 'NONE',  #2101 ) ;
#3371 = ORIENTED_EDGE ( 'NONE', *, *, #255, .T. ) ;
#3372 = ORIENTED_EDGE ( 'NONE', *, *, #2469, .F. ) ;
#3373 = EDGE_CURVE ( 'NONE', #5223, #4252, #1211, .T. ) ;
#3374 = EDGE_CURVE ( 'NONE', #4565, #260, #4864, .T. ) ;
#3375 = EDGE_LOOP ( 'NONE', ( #5672, #1068, #4731, #5132 ) ) ;
#3376 = DIRECTION ( 'NONE',  ( -0.000000000000000000, 1.000000000000000000, -0.000000000000000000 ) ) ;
#3377 = DIRECTION ( 'NONE',  ( 1.000000000000000000, 0.000000000000000000, 0.000000000000000000 ) ) ;
#3378 = FACE_OUTER_BOUND ( 'NONE', #3644, .T. ) ;
#3379 = DIRECTION ( 'NONE',  ( 0.7071067811865483499, -0.000000000000000000, 0.7071067811865466846 ) ) ;
#3380 = VERTEX_POINT ( 'NONE', #231 ) ;
#3381 = FACE_OUTER_BOUND ( 'NONE', #473, .T. ) ;
#3382 = DIRECTION ( 'NONE',  ( 0.000000000000000000, 1.000000000000000000, 0.000000000000000000 ) ) ;
#3383 = AXIS2_PLACEMENT_3D ( 'NONE', #1528, #4684, #2797 ) ;
#3384 = DIRECTION ( 'NONE',  ( 1.000000000000000000, 0.000000000000000000, 0.000000000000000000 ) ) ;
#3385 = ORIENTED_EDGE ( 'NONE', *, *, #5805, .F. ) ;
#3386 = CIRCLE ( 'NONE', #2061, 5.199999999999949551 ) ;
#3387 = AXIS2_PLACEMENT_3D ( 'NONE', #2622, #1704, #344 ) ;
#3388 = DIRECTION ( 'NONE',  ( -0.000000000000000000, 1.000000000000000000, -0.000000000000000000 ) ) ;
#3389 = DIRECTION ( 'NONE',  ( 1.000000000000000000, 0.000000000000000000, 0.000000000000000000 ) ) ;
#3390 = CARTESIAN_POINT ( 'NONE',  ( 12.69999999999999929, -5.460999999999999410, -31.75000000000000000 ) ) ;
#3391 = EDGE_LOOP ( 'NONE', ( #3097, #5479, #5009, #4302 ) ) ;
#3392 = PLANE ( 'NONE',  #826 ) ;
#3393 = VECTOR ( 'NONE', #2169, 1000.000000000000000 ) ;
#3394 = ORIENTED_EDGE ( 'NONE', *, *, #71, .F. ) ;
#3395 = ORIENTED_EDGE ( 'NONE', *, *, #2223, .F. ) ;
#3396 = CARTESIAN_POINT ( 'NONE',  ( 16.35441558772843251, -4.175000000000005151, -25.39999999999989910 ) ) ;
#3397 = DIRECTION ( 'NONE',  ( -1.000000000000000000, 1.209468558947973047E-16, -1.444274288350615811E-15 ) ) ;
#3398 = CARTESIAN_POINT ( 'NONE',  ( 0.4000000000000000222, 2.197165962000668493, 5.495012552331536959 ) ) ;
#3399 = AXIS2_PLACEMENT_3D ( 'NONE', #1080, #4206, #1612 ) ;
#3400 = ORIENTED_EDGE ( 'NONE', *, *, #4560, .F. ) ;
#3401 = EDGE_CURVE ( 'NONE', #1125, #1185, #3686, .T. ) ;
#3402 = ORIENTED_EDGE ( 'NONE', *, *, #5371, .T. ) ;
#3403 = VERTEX_POINT ( 'NONE', #3983 ) ;
#3404 = ORIENTED_EDGE ( 'NONE', *, *, #3594, .T. ) ;
#3405 = DIRECTION ( 'NONE',  ( 0.000000000000000000, 0.000000000000000000, -1.000000000000000000 ) ) ;
#3406 = COORDINATED_UNIVERSAL_TIME_OFFSET ( 6, 0, .BEHIND. ) ;
#3407 = ADVANCED_FACE ( 'NONE', ( #886, #3158 ), #492, .T. ) ;
#3408 = CARTESIAN_POINT ( 'NONE',  ( 12.69999999999999929, 0.000000000000000000, 5.523072258617638397 ) ) ;
#3409 = CARTESIAN_POINT ( 'NONE',  ( 12.20190265095412840, -3.174999999999998934, 2.595422128626172054 ) ) ;
#3410 = ORIENTED_EDGE ( 'NONE', *, *, #3571, .F. ) ;
#3411 = PLANE ( 'NONE',  #5027 ) ;
#3412 = CIRCLE ( 'NONE', #3218, 3.374999999999999556 ) ;
#3413 = CARTESIAN_POINT ( 'NONE',  ( 17.89999999999999147, -4.175000000000001599, -101.3795551986130192 ) ) ;
#3414 = EDGE_CURVE ( 'NONE', #746, #609, #1896, .T. ) ;
#3415 = CARTESIAN_POINT ( 'NONE',  ( 12.70000000000000284, -5.460999999999999410, -8.450000000000006395 ) ) ;
#3416 = ORIENTED_EDGE ( 'NONE', *, *, #916, .T. ) ;
#3417 = CONICAL_SURFACE ( 'NONE', #4163, 2.100000000000000977, 1.172861257340199304 ) ;
#3418 = LINE ( 'NONE', #2557, #897 ) ;
#3419 = DIRECTION ( 'NONE',  ( 0.000000000000000000, 0.000000000000000000, 1.000000000000000000 ) ) ;
#3420 = DIRECTION ( 'NONE',  ( 0.7071067811865499042, 0.000000000000000000, -0.7071067811865452413 ) ) ;
#3421 = AXIS2_PLACEMENT_3D ( 'NONE', #1667, #5641, #1195 ) ;
#3422 = ORIENTED_EDGE ( 'NONE', *, *, #1640, .F. ) ;
#3423 = VERTEX_POINT ( 'NONE', #1766 ) ;
#3424 = EDGE_CURVE ( 'NONE', #313, #3440, #2302, .T. ) ;
#3425 = VERTEX_POINT ( 'NONE', #1829 ) ;
#3426 = DIRECTION ( 'NONE',  ( 1.398970545142586541E-16, -1.000000000000000000, 0.000000000000000000 ) ) ;
#3427 = FACE_OUTER_BOUND ( 'NONE', #4623, .T. ) ;
#3428 = DIRECTION ( 'NONE',  ( 0.000000000000000000, 0.000000000000000000, 1.000000000000000000 ) ) ;
#3429 = ORIENTED_EDGE ( 'NONE', *, *, #4668, .F. ) ;
#3430 = ORIENTED_EDGE ( 'NONE', *, *, #2929, .F. ) ;
#3431 = ORIENTED_EDGE ( 'NONE', *, *, #4762, .F. ) ;
#3432 = EDGE_LOOP ( 'NONE', ( #644, #2605, #4545, #2555 ) ) ;
#3433 = DIRECTION ( 'NONE',  ( -1.000000000000000000, 0.000000000000000000, -0.000000000000000000 ) ) ;
#3434 = CIRCLE ( 'NONE', #2115, 2.100000000000000977 ) ;
#3435 = CALENDAR_DATE ( 2022, 6, 6 ) ;
#3436 = EDGE_CURVE ( 'NONE', #4480, #979, #832, .T. ) ;
#3437 = FACE_OUTER_BOUND ( 'NONE', #733, .T. ) ;
#3438 = VECTOR ( 'NONE', #1759, 1000.000000000000000 ) ;
#3439 = ADVANCED_FACE ( 'NONE', ( #4100 ), #1415, .T. ) ;
#3440 = VERTEX_POINT ( 'NONE', #2241 ) ;
#3441 = PLANE ( 'NONE',  #4380 ) ;
#3442 = LINE ( 'NONE', #4878, #400 ) ;
#3443 = CIRCLE ( 'NONE', #2221, 3.175000000000000711 ) ;
#3444 = FACE_BOUND ( 'NONE', #3147, .T. ) ;
#3445 = EDGE_LOOP ( 'NONE', ( #2631, #5057, #4679, #3605 ) ) ;
#3446 = ADVANCED_FACE ( 'NONE', ( #2685 ), #1852, .T. ) ;
#3447 = DIRECTION ( 'NONE',  ( 0.000000000000000000, -0.000000000000000000, 1.000000000000000000 ) ) ;
#3448 = DIRECTION ( 'NONE',  ( -0.000000000000000000, 1.000000000000000000, -0.000000000000000000 ) ) ;
#3449 = VECTOR ( 'NONE', #4774, 1000.000000000000000 ) ;
#3450 = DIRECTION ( 'NONE',  ( -0.000000000000000000, -0.000000000000000000, 1.000000000000000000 ) ) ;
#3451 = EDGE_LOOP ( 'NONE', ( #4215, #1166, #5707, #2280 ) ) ;
#3452 = ORIENTED_EDGE ( 'NONE', *, *, #2794, .F. ) ;
#3453 = DIRECTION ( 'NONE',  ( -0.000000000000000000, 1.000000000000000000, -0.000000000000000000 ) ) ;
#3454 = ORIENTED_EDGE ( 'NONE', *, *, #4052, .F. ) ;
#3455 = DIRECTION ( 'NONE',  ( 0.000000000000000000, 0.000000000000000000, 1.000000000000000000 ) ) ;
#3456 = CARTESIAN_POINT ( 'NONE',  ( 12.30000000000000071, -1.502637486114517751, 6.138999999999998458 ) ) ;
#3457 = LINE ( 'NONE', #2539, #3580 ) ;
#3458 = DIRECTION ( 'NONE',  ( 0.000000000000000000, -0.000000000000000000, 1.000000000000000000 ) ) ;
#3459 = VERTEX_POINT ( 'NONE', #3209 ) ;
#3460 = VERTEX_POINT ( 'NONE', #3576 ) ;
#3461 = ORIENTED_EDGE ( 'NONE', *, *, #3600, .F. ) ;
#3462 = ORIENTED_EDGE ( 'NONE', *, *, #285, .F. ) ;
#3463 = AXIS2_PLACEMENT_3D ( 'NONE', #4951, #2212, #2713 ) ;
#3464 = CARTESIAN_POINT ( 'NONE',  ( 16.35441558772843251, -6.199999999999997513, -12.70000000000010409 ) ) ;
#3465 = PERSON_AND_ORGANIZATION_ROLE ( 'classification_officer' ) ;
#3466 = CARTESIAN_POINT ( 'NONE',  ( -2.630594115711841125E-16, -0.8890000000000000124, -19.05000000000000071 ) ) ;
#3467 = VERTEX_POINT ( 'NONE', #942 ) ;
#3468 = CARTESIAN_POINT ( 'NONE',  ( 16.35441558772843251, -50.04532472225498907, -25.39999999999989910 ) ) ;
#3469 = CYLINDRICAL_SURFACE ( 'NONE', #2000, 2.100000000000000977 ) ;
#3470 = DIRECTION ( 'NONE',  ( 0.000000000000000000, 0.000000000000000000, 1.000000000000000000 ) ) ;
#3471 = FACE_OUTER_BOUND ( 'NONE', #5370, .T. ) ;
#3472 = EDGE_CURVE ( 'NONE', #2222, #1081, #1361, .T. ) ;
#3473 = ORIENTED_EDGE ( 'NONE', *, *, #495, .F. ) ;
#3474 = EDGE_CURVE ( 'NONE', #2162, #1804, #4070, .T. ) ;
#3475 = DIRECTION ( 'NONE',  ( 0.000000000000000000, 0.000000000000000000, 1.000000000000000000 ) ) ;
#3476 = CARTESIAN_POINT ( 'NONE',  ( -6.200000000000000178, 2.602085213965210642E-15, -2.000000000000002665 ) ) ;
#3477 = DIRECTION ( 'NONE',  ( -0.7071067811865483499, 0.000000000000000000, 0.7071067811865466846 ) ) ;
#3478 = ADVANCED_FACE ( 'NONE', ( #2214 ), #860, .T. ) ;
#3479 = EDGE_CURVE ( 'NONE', #2695, #3423, #2753, .T. ) ;
#3480 = EDGE_CURVE ( 'NONE', #1185, #1125, #5659, .T. ) ;
#3482 = ORIENTED_EDGE ( 'NONE', *, *, #2738, .T. ) ;
#3481 = VECTOR ( 'NONE', #3238, 1000.000000000000000 ) ;
#3483 = VERTEX_POINT ( 'NONE', #381 ) ;
#3484 = LINE ( 'NONE', #3345, #4892 ) ;
#3485 = ORIENTED_EDGE ( 'NONE', *, *, #2147, .T. ) ;
#3486 = VECTOR ( 'NONE', #5202, 1000.000000000000000 ) ;
#3487 = DIRECTION ( 'NONE',  ( -0.000000000000000000, 1.000000000000000000, -0.000000000000000000 ) ) ;
#3488 = VECTOR ( 'NONE', #764, 1000.000000000000000 ) ;
#3489 = CARTESIAN_POINT ( 'NONE',  ( 16.35441558772843251, -0.1999999999999996503, -12.70000000000010409 ) ) ;
#3490 = FACE_OUTER_BOUND ( 'NONE', #3835, .T. ) ;
#3491 = FACE_OUTER_BOUND ( 'NONE', #1505, .T. ) ;
#3492 = ADVANCED_FACE ( 'NONE', ( #3607 ), #2742, .F. ) ;
#3493 = VERTEX_POINT ( 'NONE', #2185 ) ;
#3494 = ORIENTED_EDGE ( 'NONE', *, *, #1215, .T. ) ;
#3495 = ORIENTED_EDGE ( 'NONE', *, *, #2679, .T. ) ;
#3496 = EDGE_LOOP ( 'NONE', ( #1716, #4800 ) ) ;
#3497 = AXIS2_PLACEMENT_3D ( 'NONE', #1012, #2263, #904 ) ;
#3498 = DIRECTION ( 'NONE',  ( 0.000000000000000000, -0.000000000000000000, 1.000000000000000000 ) ) ;
#3499 = CARTESIAN_POINT ( 'NONE',  ( -0.5734863112436872079, -2.021666578221208432, 3.457121909598156240 ) ) ;
#3500 = EDGE_CURVE ( 'NONE', #3522, #5335, #18, .T. ) ;
#3501 = ORIENTED_EDGE ( 'NONE', *, *, #5512, .T. ) ;
#3502 = FACE_OUTER_BOUND ( 'NONE', #3899, .T. ) ;
#3503 = DIRECTION ( 'NONE',  ( 1.000000000000000000, 0.000000000000000000, 8.260587980841937794E-15 ) ) ;
#3504 = DIRECTION ( 'NONE',  ( -0.7071067811865496822, 8.451223556522561397E-17, -0.7071067811865453523 ) ) ;
#3505 = DIRECTION ( 'NONE',  ( -0.000000000000000000, 1.000000000000000000, -0.000000000000000000 ) ) ;
#3506 = ORIENTED_EDGE ( 'NONE', *, *, #5779, .T. ) ;
#3507 = VECTOR ( 'NONE', #1892, 1000.000000000000000 ) ;
#3508 = DIRECTION ( 'NONE',  ( 0.000000000000000000, 1.000000000000000000, 0.000000000000000000 ) ) ;
#3509 = CARTESIAN_POINT ( 'NONE',  ( 0.7206315775864680084, -1.972483239316684234, 5.138999999999997570 ) ) ;
#3510 = FACE_OUTER_BOUND ( 'NONE', #2195, .T. ) ;
#3511 = VECTOR ( 'NONE', #4154, 1000.000000000000000 ) ;
#3512 = ORIENTED_EDGE ( 'NONE', *, *, #664, .T. ) ;
#3513 = VERTEX_POINT ( 'NONE', #3182 ) ;
#3514 = DIRECTION ( 'NONE',  ( 0.000000000000000000, -1.000000000000000000, 0.000000000000000000 ) ) ;
#3515 = AXIS2_PLACEMENT_3D ( 'NONE', #5000, #4561, #2882 ) ;
#3516 = CARTESIAN_POINT ( 'NONE',  ( 13.09999999999999964, -2.129368205736811070, 5.466985055468133403 ) ) ;
#3517 = AXIS2_PLACEMENT_3D ( 'NONE', #1136, #2942, #3792 ) ;
#3518 = EDGE_CURVE ( 'NONE', #50, #75, #4978, .T. ) ;
#3519 = PLANE ( 'NONE',  #1919 ) ;
#3520 = DIRECTION ( 'NONE',  ( 0.000000000000000000, 1.000000000000000000, 0.000000000000000000 ) ) ;
#3521 = CARTESIAN_POINT ( 'NONE',  ( 0.000000000000000000, 0.000000000000000000, 5.523072258617638397 ) ) ;
#3522 = VERTEX_POINT ( 'NONE', #1300 ) ;
#3523 = ORIENTED_EDGE ( 'NONE', *, *, #4449, .F. ) ;
#3524 = AXIS2_PLACEMENT_3D ( 'NONE', #1362, #2791, #4205 ) ;
#3525 = EDGE_LOOP ( 'NONE', ( #2799, #5163, #167, #1886, #3462 ) ) ;
#3526 = EDGE_CURVE ( 'NONE', #2013, #352, #1900, .T. ) ;
#3527 = VERTEX_POINT ( 'NONE', #3677 ) ;
#3528 = DIRECTION ( 'NONE',  ( 0.000000000000000000, 0.000000000000000000, 1.000000000000000000 ) ) ;
#3529 = CARTESIAN_POINT ( 'NONE',  ( -0.7206315775864664541, -1.972483239316685122, 5.138999999999997570 ) ) ;
#3530 = ORIENTED_EDGE ( 'NONE', *, *, #369, .F. ) ;
#3531 = DIRECTION ( 'NONE',  ( 0.000000000000000000, 1.000000000000000000, 0.000000000000000000 ) ) ;
#3532 = DIRECTION ( 'NONE',  ( -1.195183497228115281E-16, -1.000000000000000000, 0.000000000000000000 ) ) ;
#3533 = CARTESIAN_POINT ( 'NONE',  ( -2.630594115711841125E-16, -5.460999999999999410, -19.05000000000000071 ) ) ;
#3534 = CYLINDRICAL_SURFACE ( 'NONE', #1132, 3.175000000000000711 ) ;
#3535 = LOCAL_TIME ( 14, 8, 8.000000000000000000, #1225 ) ;
#3536 = EDGE_CURVE ( 'NONE', #523, #778, #3133, .T. ) ;
#3537 = EDGE_LOOP ( 'NONE', ( #525, #4751, #322, #4275 ) ) ;
#3538 = AXIS2_PLACEMENT_3D ( 'NONE', #1433, #4616, #4644 ) ;
#3539 = DIRECTION ( 'NONE',  ( 1.000000000000000000, 0.000000000000000000, 0.000000000000000000 ) ) ;
#3540 = CARTESIAN_POINT ( 'NONE',  ( 12.70000000000010054, -50.04532472225498907, -37.94999999999973284 ) ) ;
#3541 = DIRECTION ( 'NONE',  ( 0.000000000000000000, 1.000000000000000000, 0.000000000000000000 ) ) ;
#3542 = VECTOR ( 'NONE', #1259, 1000.000000000000000 ) ;
#3543 = ORIENTED_EDGE ( 'NONE', *, *, #2291, .T. ) ;
#3544 = ORIENTED_EDGE ( 'NONE', *, *, #1022, .T. ) ;
#3545 = VECTOR ( 'NONE', #4080, 1000.000000000000000 ) ;
#3546 = FACE_OUTER_BOUND ( 'NONE', #1538, .T. ) ;
#3547 = DIRECTION ( 'NONE',  ( 0.7071067811865451302, -0.000000000000000000, 0.7071067811865499042 ) ) ;
#3548 = ADVANCED_FACE ( 'NONE', ( #5591 ), #190, .F. ) ;
#3549 = DIRECTION ( 'NONE',  ( -1.000000000000000000, -0.000000000000000000, -0.000000000000000000 ) ) ;
#3550 = DIRECTION ( 'NONE',  ( 0.000000000000000000, 0.000000000000000000, 1.000000000000000000 ) ) ;
#3551 = DIRECTION ( 'NONE',  ( 1.000000000000000000, 0.000000000000000000, 1.444274288350615811E-15 ) ) ;
#3552 = VERTEX_POINT ( 'NONE', #5092 ) ;
#3553 = VERTEX_POINT ( 'NONE', #4123 ) ;
#3554 = EDGE_LOOP ( 'NONE', ( #5690, #755, #3921, #5509 ) ) ;
#3555 = ADVANCED_FACE ( 'NONE', ( #3736 ), #3768, .F. ) ;
#3556 = ORIENTED_EDGE ( 'NONE', *, *, #2254, .T. ) ;
#3557 = CARTESIAN_POINT ( 'NONE',  ( 12.94707237833307367, 2.087434397081524118, 2.187282604411544540 ) ) ;
#3558 = ADVANCED_FACE ( 'NONE', ( #2411 ), #997, .T. ) ;
#3559 = EDGE_CURVE ( 'NONE', #4281, #4251, #5032, .T. ) ;
#3560 = LINE ( 'NONE', #1159, #3114 ) ;
#3561 = AXIS2_PLACEMENT_3D ( 'NONE', #5828, #2301, #968 ) ;
#3562 = VERTEX_POINT ( 'NONE', #99 ) ;
#3563 = DIRECTION ( 'NONE',  ( 1.000000000000000000, 0.000000000000000000, 0.000000000000000000 ) ) ;
#3564 = LINE ( 'NONE', #1815, #2290 ) ;
#3565 = AXIS2_PLACEMENT_3D ( 'NONE', #67, #1526, #3704 ) ;
#3566 = DIRECTION ( 'NONE',  ( 0.000000000000000000, 0.000000000000000000, 1.000000000000000000 ) ) ;
#3567 = CARTESIAN_POINT ( 'NONE',  ( 13.42063157758646774, 1.972483239316684234, 5.138999999999997570 ) ) ;
#3568 = LINE ( 'NONE', #5821, #3711 ) ;
#3569 = FACE_OUTER_BOUND ( 'NONE', #4217, .T. ) ;
#3570 = CARTESIAN_POINT ( 'NONE',  ( 7.895584412271571928, -50.04532472225498907, -36.94999999999989626 ) ) ;
#3571 = EDGE_CURVE ( 'NONE', #5373, #1462, #5473, .T. ) ;
#3572 = ORIENTED_EDGE ( 'NONE', *, *, #3306, .T. ) ;
#3573 = AXIS2_PLACEMENT_3D ( 'NONE', #593, #5516, #4169 ) ;
#3574 = ORIENTED_EDGE ( 'NONE', *, *, #916, .F. ) ;
#3575 = DIRECTION ( 'NONE',  ( 0.000000000000000000, 0.000000000000000000, 1.000000000000000000 ) ) ;
#3576 = CARTESIAN_POINT ( 'NONE',  ( 15.00000000000000533, 0.000000000000000000, 5.523072258617638397 ) ) ;
#3577 = DIRECTION ( 'NONE',  ( -0.000000000000000000, 0.000000000000000000, -1.000000000000000000 ) ) ;
#3578 = LINE ( 'NONE', #5006, #5631 ) ;
#3579 = CARTESIAN_POINT ( 'NONE',  ( 11.97936842241353439, 1.972483239316684234, 5.138999999999997570 ) ) ;
#3580 = VECTOR ( 'NONE', #5248, 1000.000000000000000 ) ;
#3581 = ORIENTED_EDGE ( 'NONE', *, *, #3751, .T. ) ;
#3582 = ORIENTED_EDGE ( 'NONE', *, *, #4405, .T. ) ;
#3583 = ORIENTED_EDGE ( 'NONE', *, *, #5502, .T. ) ;
#3584 = VECTOR ( 'NONE', #5823, 1000.000000000000000 ) ;
#3585 = ORIENTED_EDGE ( 'NONE', *, *, #5242, .T. ) ;
#3586 = CARTESIAN_POINT ( 'NONE',  ( 5.900214239177761313E-15, -5.460999999999999410, -4.250000000000005329 ) ) ;
#3587 = EDGE_CURVE ( 'NONE', #4318, #3553, #2796, .T. ) ;
#3588 = AXIS2_PLACEMENT_3D ( 'NONE', #2585, #5700, #2143 ) ;
#3589 = DIRECTION ( 'NONE',  ( 0.7071067811865453523, 0.000000000000000000, -0.7071067811865496822 ) ) ;
#3590 = AXIS2_PLACEMENT_3D ( 'NONE', #3145, #2704, #2317 ) ;
#3591 = VERTEX_POINT ( 'NONE', #606 ) ;
#3592 = CARTESIAN_POINT ( 'NONE',  ( -5.199999999999993072, -0.1999999999999996503, -23.85441558772832948 ) ) ;
#3593 = PLANE ( 'NONE',  #3045 ) ;
#3594 = EDGE_CURVE ( 'NONE', #1804, #1447, #1880, .T. ) ;
#3595 = CARTESIAN_POINT ( 'NONE',  ( -6.200000000000000178, 5.637851296924623057E-15, 0.000000000000000000 ) ) ;
#3596 = CIRCLE ( 'NONE', #1039, 2.100000000000000977 ) ;
#3597 = DIRECTION ( 'NONE',  ( -0.000000000000000000, 1.000000000000000000, -0.000000000000000000 ) ) ;
#3598 = ORIENTED_EDGE ( 'NONE', *, *, #225, .T. ) ;
#3599 = CARTESIAN_POINT ( 'NONE',  ( -5.199999999999993072, -4.174999999999998934, -101.3795551986130192 ) ) ;
#3600 = EDGE_CURVE ( 'NONE', #2859, #3425, #4595, .T. ) ;
#3601 = CARTESIAN_POINT ( 'NONE',  ( 2.100000000000000089, 2.571758278209441957E-16, 5.438999999999999169 ) ) ;
#3602 = CARTESIAN_POINT ( 'NONE',  ( 18.89999999999999858, -6.200000000000000178, -26.53137084989835870 ) ) ;
#3603 = CARTESIAN_POINT ( 'NONE',  ( 12.70000000000000284, -5.460999999999999410, -3.175000000000003819 ) ) ;
#3604 = ORIENTED_EDGE ( 'NONE', *, *, #550, .T. ) ;
#3605 = ORIENTED_EDGE ( 'NONE', *, *, #2579, .F. ) ;
#3606 = LINE ( 'NONE', #5445, #4583 ) ;
#3607 = FACE_OUTER_BOUND ( 'NONE', #2108, .T. ) ;
#3608 = DIRECTION ( 'NONE',  ( 0.7071067811865452413, 0.000000000000000000, -0.7071067811865499042 ) ) ;
#3609 = DIRECTION ( 'NONE',  ( 0.000000000000000000, 1.000000000000000000, 0.000000000000000000 ) ) ;
#3610 = CARTESIAN_POINT ( 'NONE',  ( -0.4282819678817709752, -2.057911970479199937, 2.353224001008317412 ) ) ;
#3611 = ORIENTED_EDGE ( 'NONE', *, *, #3871, .T. ) ;
#3612 = ORIENTED_EDGE ( 'NONE', *, *, #1206, .F. ) ;
#3613 = ORIENTED_EDGE ( 'NONE', *, *, #4707, .T. ) ;
#3614 = AXIS2_PLACEMENT_3D ( 'NONE', #1046, #2790, #4677 ) ;
#3615 = ORIENTED_EDGE ( 'NONE', *, *, #2100, .T. ) ;
#3616 = CARTESIAN_POINT ( 'NONE',  ( 12.69999999999999929, -0.8890000000000000124, -15.87500000000000000 ) ) ;
#3617 = FACE_BOUND ( 'NONE', #4921, .T. ) ;
#3618 = CARTESIAN_POINT ( 'NONE',  ( 5.900214239177761313E-15, -5.460999999999999410, -3.175000000000005151 ) ) ;
#3619 = DIRECTION ( 'NONE',  ( 0.000000000000000000, 0.000000000000000000, 1.000000000000000000 ) ) ;
#3620 = DIRECTION ( 'NONE',  ( 0.7071067811865496822, -8.451223556522560164E-17, 0.7071067811865453523 ) ) ;
#3621 = ADVANCED_FACE ( 'NONE', ( #2353 ), #4448, .T. ) ;
#3622 = ORIENTED_EDGE ( 'NONE', *, *, #5425, .T. ) ;
#3623 = CARTESIAN_POINT ( 'NONE',  ( 10.60012705463137550, 0.000000000000000000, 6.138999999999998458 ) ) ;
#3624 = DIRECTION ( 'NONE',  ( -0.7071067811865466846, 0.000000000000000000, 0.7071067811865483499 ) ) ;
#3625 = AXIS2_PLACEMENT_3D ( 'NONE', #5617, #220, #5238 ) ;
#3626 = DIRECTION ( 'NONE',  ( -0.000000000000000000, -0.000000000000000000, 1.000000000000000000 ) ) ;
#3627 = ORIENTED_EDGE ( 'NONE', *, *, #4620, .F. ) ;
#3628 = ADVANCED_FACE ( 'NONE', ( #1937 ), #4240, .T. ) ;
#3629 = LINE ( 'NONE', #5766, #3176 ) ;
#3630 = CONICAL_SURFACE ( 'NONE', #509, 2.299999999999999822, 0.3141592653589760364 ) ;
#3631 = DIRECTION ( 'NONE',  ( 0.000000000000000000, -1.000000000000000000, 0.000000000000000000 ) ) ;
#3632 = DIRECTION ( 'NONE',  ( 0.000000000000000000, 0.000000000000000000, 1.000000000000000000 ) ) ;
#3633 = FACE_OUTER_BOUND ( 'NONE', #1063, .T. ) ;
#3634 = VERTEX_POINT ( 'NONE', #4683 ) ;
#3635 = EDGE_LOOP ( 'NONE', ( #2740, #252 ) ) ;
#3636 = ORIENTED_EDGE ( 'NONE', *, *, #5274, .T. ) ;
#3637 = VERTEX_POINT ( 'NONE', #1497 ) ;
#3638 = CARTESIAN_POINT ( 'NONE',  ( -5.199999999999993072, -6.199999999999997513, -23.85441558772832948 ) ) ;
#3639 = LINE ( 'NONE', #1920, #4135 ) ;
#3640 = CARTESIAN_POINT ( 'NONE',  ( 12.69999999999999929, -5.460999999999999410, -19.05000000000000071 ) ) ;
#3641 = CARTESIAN_POINT ( 'NONE',  ( -2.630594115711841125E-16, -0.8890000000000000124, -31.75000000000000000 ) ) ;
#3642 = DIRECTION ( 'NONE',  ( 0.000000000000000000, 0.000000000000000000, 1.000000000000000000 ) ) ;
#3643 = LINE ( 'NONE', #3201, #1978 ) ;
#3644 = EDGE_LOOP ( 'NONE', ( #1396, #4038, #3431, #5039 ) ) ;
#3645 = LINE ( 'NONE', #1293, #1173 ) ;
#3646 = AXIS2_PLACEMENT_3D ( 'NONE', #4069, #464, #1765 ) ;
#3647 = FACE_BOUND ( 'NONE', #339, .T. ) ;
#3648 = EDGE_CURVE ( 'NONE', #1107, #5628, #1054, .T. ) ;
#3649 = CARTESIAN_POINT ( 'NONE',  ( 12.69999999999999929, -5.460999999999999410, -19.05000000000000071 ) ) ;
#3650 = ORIENTED_EDGE ( 'NONE', *, *, #1545, .F. ) ;
#3651 = CARTESIAN_POINT ( 'NONE',  ( -6.200000000000001066, 6.200000000000000178, -2.000000000000000000 ) ) ;
#3652 = DIRECTION ( 'NONE',  ( 0.000000000000000000, 0.000000000000000000, 1.000000000000000000 ) ) ;
#3653 = DIRECTION ( 'NONE',  ( -0.000000000000000000, 1.000000000000000000, -0.000000000000000000 ) ) ;
#3654 = EDGE_CURVE ( 'NONE', #3304, #609, #636, .T. ) ;
#3655 = CARTESIAN_POINT ( 'NONE',  ( -2.630594115711841125E-16, -6.201024999999999565, -29.64999999999999858 ) ) ;
#3656 = ORIENTED_EDGE ( 'NONE', *, *, #4934, .T. ) ;
#3657 = ORIENTED_EDGE ( 'NONE', *, *, #121, .F. ) ;
#3658 = VERTEX_POINT ( 'NONE', #2443 ) ;
#3659 = ORIENTED_EDGE ( 'NONE', *, *, #1915, .F. ) ;
#3660 = AXIS2_PLACEMENT_3D ( 'NONE', #4747, #714, #4368 ) ;
#3661 = CARTESIAN_POINT ( 'NONE',  ( 18.89999999999999858, -6.200000000000000178, -24.26862915010165977 ) ) ;
#3662 = EDGE_CURVE ( 'NONE', #4832, #2749, #3798, .T. ) ;
#3663 = VECTOR ( 'NONE', #3206, 1000.000000000000000 ) ;
#3664 = DIRECTION ( 'NONE',  ( 0.000000000000000000, 0.000000000000000000, 1.000000000000000000 ) ) ;
#3665 = CARTESIAN_POINT ( 'NONE',  ( 6.350000000000000533, -5.460999999999999410, -25.39999999999999858 ) ) ;
#3666 = AXIS2_PLACEMENT_3D ( 'NONE', #3334, #3504, #4242 ) ;
#3667 = DIRECTION ( 'NONE',  ( -0.000000000000000000, -1.000000000000000000, -0.000000000000000000 ) ) ;
#3668 = CARTESIAN_POINT ( 'NONE',  ( 12.69999999999999929, 0.000000000000000000, 5.620762745781209269 ) ) ;
#3669 = VECTOR ( 'NONE', #4031, 1000.000000000000000 ) ;
#3670 = ORIENTED_EDGE ( 'NONE', *, *, #2965, .T. ) ;
#3671 = DIRECTION ( 'NONE',  ( -0.000000000000000000, 1.000000000000000000, -0.000000000000000000 ) ) ;
#3672 = DIRECTION ( 'NONE',  ( 0.000000000000000000, 0.000000000000000000, 1.000000000000000000 ) ) ;
#3673 = CIRCLE ( 'NONE', #5375, 3.175000000000000711 ) ;
#3674 = CARTESIAN_POINT ( 'NONE',  ( 12.69999999999999929, 0.000000000000000000, 5.620762745781209269 ) ) ;
#3675 = ORIENTED_EDGE ( 'NONE', *, *, #225, .F. ) ;
#3676 = DIRECTION ( 'NONE',  ( -0.000000000000000000, 0.000000000000000000, -1.000000000000000000 ) ) ;
#3677 = CARTESIAN_POINT ( 'NONE',  ( 16.35441558772843251, -0.1999999999999996503, -12.70000000000010409 ) ) ;
#3678 = LINE ( 'NONE', #1441, #3481 ) ;
#3679 = DIRECTION ( 'NONE',  ( -0.7071067811865452413, 0.000000000000000000, 0.7071067811865499042 ) ) ;
#3680 = ORIENTED_EDGE ( 'NONE', *, *, #3884, .T. ) ;
#3681 = ORIENTED_EDGE ( 'NONE', *, *, #334, .T. ) ;
#3682 = DIRECTION ( 'NONE',  ( 1.000000000000000000, 0.000000000000000000, 0.000000000000000000 ) ) ;
#3683 = ORIENTED_EDGE ( 'NONE', *, *, #2071, .T. ) ;
#3684 = ADVANCED_FACE ( 'NONE', ( #2769 ), #572, .T. ) ;
#3685 = ORIENTED_EDGE ( 'NONE', *, *, #2567, .T. ) ;
#3686 = CIRCLE ( 'NONE', #209, 2.100000000000000977 ) ;
#3687 = CARTESIAN_POINT ( 'NONE',  ( 16.35441558772843251, -50.04532472225498907, -12.70000000000010409 ) ) ;
#3688 = CARTESIAN_POINT ( 'NONE',  ( 18.89999999999976055, 6.200999999999999623, -24.26862915010165977 ) ) ;
#3689 = AXIS2_PLACEMENT_3D ( 'NONE', #1083, #1527, #2383 ) ;
#3690 = CARTESIAN_POINT ( 'NONE',  ( -2.630594115711841125E-16, -0.8890000000000000124, -29.64999999999999858 ) ) ;
#3691 = EDGE_CURVE ( 'NONE', #4718, #2152, #4256, .T. ) ;
#3692 = DIRECTION ( 'NONE',  ( -0.000000000000000000, 1.000000000000000000, -0.000000000000000000 ) ) ;
#3693 = CIRCLE ( 'NONE', #5760, 3.175000000000000711 ) ;
#3694 = CARTESIAN_POINT ( 'NONE',  ( 17.89999999999999147, -6.199999999999997513, -14.24558441227167371 ) ) ;
#3695 = CARTESIAN_POINT ( 'NONE',  ( 17.89999999999999147, -50.04532472225498907, -23.85441558772832948 ) ) ;
#3696 = ORIENTED_EDGE ( 'NONE', *, *, #2688, .T. ) ;
#3697 = ORIENTED_EDGE ( 'NONE', *, *, #2655, .T. ) ;
#3698 = CARTESIAN_POINT ( 'NONE',  ( 12.29999999999999716, 1.821676962433383062, 6.089970303311149635 ) ) ;
#3699 = PLANE ( 'NONE',  #1623 ) ;
#3700 = CARTESIAN_POINT ( 'NONE',  ( 0.000000000000000000, 0.000000000000000000, 5.389000000000001123 ) ) ;
#3701 = ADVANCED_FACE ( 'NONE', ( #1202 ), #3417, .T. ) ;
#3702 = DIRECTION ( 'NONE',  ( 1.000000000000000000, 0.000000000000000000, 8.260587980841937794E-15 ) ) ;
#3703 = ORIENTED_EDGE ( 'NONE', *, *, #2915, .T. ) ;
#3704 = DIRECTION ( 'NONE',  ( -0.7071067811865452413, 0.000000000000000000, 0.7071067811865499042 ) ) ;
#3705 = CARTESIAN_POINT ( 'NONE',  ( 12.69999999999999929, -6.199999999999997513, -31.75000000000000000 ) ) ;
#3706 = VECTOR ( 'NONE', #5483, 1000.000000000000114 ) ;
#3707 = DIRECTION ( 'NONE',  ( -0.000000000000000000, -0.000000000000000000, 1.000000000000000000 ) ) ;
#3708 = EDGE_LOOP ( 'NONE', ( #228, #277, #5036, #4544 ) ) ;
#3709 = PLANE ( 'NONE',  #5344 ) ;
#3710 = ORIENTED_EDGE ( 'NONE', *, *, #42, .F. ) ;
#3711 = VECTOR ( 'NONE', #5388, 1000.000000000000000 ) ;
#3712 = EDGE_CURVE ( 'NONE', #1805, #5651, #2117, .T. ) ;
#3713 = ORIENTED_EDGE ( 'NONE', *, *, #4531, .F. ) ;
#3714 = CARTESIAN_POINT ( 'NONE',  ( 0.4000000000000001887, -2.061552812808830293, 5.438999999999999169 ) ) ;
#3715 = DIRECTION ( 'NONE',  ( 0.000000000000000000, 0.000000000000000000, 1.000000000000000000 ) ) ;
#3716 = VECTOR ( 'NONE', #749, 1000.000000000000000 ) ;
#3717 = EDGE_CURVE ( 'NONE', #2026, #1122, #1619, .T. ) ;
#3718 = CARTESIAN_POINT ( 'NONE',  ( 12.69999999999999929, -0.1999999999999996503, -31.75000000000000000 ) ) ;
#3719 = VECTOR ( 'NONE', #1976, 1000.000000000000000 ) ;
#3720 = CARTESIAN_POINT ( 'NONE',  ( 0.2470723783330723289, 2.087434397081523674, 2.187282604411544096 ) ) ;
#3721 = EDGE_CURVE ( 'NONE', #2734, #4870, #4795, .T. ) ;
#3722 = EDGE_CURVE ( 'NONE', #1297, #1192, #961, .T. ) ;
#3723 = EDGE_CURVE ( 'NONE', #3338, #976, #4142, .T. ) ;
#3724 = DIRECTION ( 'NONE',  ( -0.7071067811865462405, 8.451223556522519489E-17, -0.7071067811865489050 ) ) ;
#3725 = ORIENTED_EDGE ( 'NONE', *, *, #5058, .F. ) ;
#3726 = VERTEX_POINT ( 'NONE', #310 ) ;
#3727 = DIRECTION ( 'NONE',  ( 0.000000000000000000, 1.000000000000000000, 0.000000000000000000 ) ) ;
#3728 = CARTESIAN_POINT ( 'NONE',  ( 17.89999999999999147, -50.04532472225498907, -23.85441558772832948 ) ) ;
#3729 = CYLINDRICAL_SURFACE ( 'NONE', #5195, 3.175000000000000711 ) ;
#3730 = EDGE_CURVE ( 'NONE', #4942, #102, #3317, .T. ) ;
#3731 = CARTESIAN_POINT ( 'NONE',  ( 12.69999999999999929, 0.000000000000000000, 0.8890000000000009006 ) ) ;
#3732 = VERTEX_POINT ( 'NONE', #702 ) ;
#3733 = VECTOR ( 'NONE', #2331, 1000.000000000000000 ) ;
#3734 = CIRCLE ( 'NONE', #2614, 5.199999999999947775 ) ;
#3735 = CARTESIAN_POINT ( 'NONE',  ( 12.69999999999999929, -0.8890000000000000124, -21.15000000000000213 ) ) ;
#3736 = FACE_OUTER_BOUND ( 'NONE', #399, .T. ) ;
#3737 = CARTESIAN_POINT ( 'NONE',  ( 12.69999999999999929, 0.000000000000000000, 5.438999999999999169 ) ) ;
#3738 = AXIS2_PLACEMENT_3D ( 'NONE', #2563, #3514, #1543 ) ;
#3739 = ORIENTED_EDGE ( 'NONE', *, *, #3261, .T. ) ;
#3740 = FACE_BOUND ( 'NONE', #2484, .T. ) ;
#3741 = VERTEX_POINT ( 'NONE', #730 ) ;
#3742 = ORIENTED_EDGE ( 'NONE', *, *, #376, .F. ) ;
#3743 = FACE_BOUND ( 'NONE', #2034, .T. ) ;
#3744 = CARTESIAN_POINT ( 'NONE',  ( 13.09999999999999964, 2.061552812808831181, 5.139000000000001123 ) ) ;
#3745 = CARTESIAN_POINT ( 'NONE',  ( 17.89999999999999147, -2.175000000000003375, -23.85441558772832948 ) ) ;
#3746 = VERTEX_POINT ( 'NONE', #5647 ) ;
#3747 = LINE ( 'NONE', #3277, #3011 ) ;
#3748 = AXIS2_PLACEMENT_3D ( 'NONE', #210, #3840, #3377 ) ;
#3749 = ADVANCED_FACE ( 'NONE', ( #3034 ), #221, .T. ) ;
#3750 = CARTESIAN_POINT ( 'NONE',  ( 13.27348631124368872, -2.021666578221207988, 3.457121909598170895 ) ) ;
#3751 = EDGE_CURVE ( 'NONE', #4656, #5287, #3824, .T. ) ;
#3752 = CARTESIAN_POINT ( 'NONE',  ( 6.350000000000002309, -0.8890000000000000124, -12.69999999999999929 ) ) ;
#3753 = VECTOR ( 'NONE', #3520, 1000.000000000000000 ) ;
#3754 = LINE ( 'NONE', #1516, #2928 ) ;
#3755 = ORIENTED_EDGE ( 'NONE', *, *, #2149, .F. ) ;
#3756 = AXIS2_PLACEMENT_3D ( 'NONE', #476, #3194, #2754 ) ;
#3757 = EDGE_CURVE ( 'NONE', #4914, #235, #1614, .T. ) ;
#3758 = AXIS2_PLACEMENT_3D ( 'NONE', #1674, #2978, #3035 ) ;
#3759 = ORIENTED_EDGE ( 'NONE', *, *, #2270, .F. ) ;
#3760 = LINE ( 'NONE', #630, #894 ) ;
#3761 = PLANE ( 'NONE',  #2373 ) ;
#3762 = LINE ( 'NONE', #2910, #70 ) ;
#3764 = VERTEX_POINT ( 'NONE', #2590 ) ;
#3763 = VECTOR ( 'NONE', #4471, 1000.000000000000000 ) ;
#3765 = EDGE_CURVE ( 'NONE', #5360, #2020, #1109, .T. ) ;
#3766 = AXIS2_PLACEMENT_3D ( 'NONE', #57, #1376, #3172 ) ;
#3767 = DIRECTION ( 'NONE',  ( 0.000000000000000000, 1.000000000000000000, 0.000000000000000000 ) ) ;
#3768 = CYLINDRICAL_SURFACE ( 'NONE', #4542, 2.100000000000000977 ) ;
#3769 = DIRECTION ( 'NONE',  ( 0.7071067811865466846, -8.552234196640324694E-17, 0.7071067811865483499 ) ) ;
#3770 = CARTESIAN_POINT ( 'NONE',  ( 6.350000000000000533, -5.460999999999999410, -23.29999999999999716 ) ) ;
#3771 = VECTOR ( 'NONE', #669, 1000.000000000000000 ) ;
#3772 = ORIENTED_EDGE ( 'NONE', *, *, #3757, .T. ) ;
#3773 = DIRECTION ( 'NONE',  ( 0.000000000000000000, 1.000000000000000000, 0.000000000000000000 ) ) ;
#3774 = ORIENTED_EDGE ( 'NONE', *, *, #4585, .T. ) ;
#3775 = VERTEX_POINT ( 'NONE', #2499 ) ;
#3776 = DIRECTION ( 'NONE',  ( -1.195183497228115281E-16, -1.000000000000000000, 0.000000000000000000 ) ) ;
#3777 = CARTESIAN_POINT ( 'NONE',  ( 0.000000000000000000, 0.000000000000000000, 5.438999999999999169 ) ) ;
#3778 = DIRECTION ( 'NONE',  ( 0.000000000000000000, 0.000000000000000000, 1.000000000000000000 ) ) ;
#3779 = ORIENTED_EDGE ( 'NONE', *, *, #4941, .T. ) ;
#3780 = ORIENTED_EDGE ( 'NONE', *, *, #224, .F. ) ;
#3781 = VECTOR ( 'NONE', #1946, 1000.000000000000000 ) ;
#3782 = CARTESIAN_POINT ( 'NONE',  ( -0.3999999999999999667, -2.264950330581225746, 5.523072258617638397 ) ) ;
#3783 = CARTESIAN_POINT ( 'NONE',  ( 12.20190265095412840, 2.040073290564207831, 2.595422128626172054 ) ) ;
#3784 = CIRCLE ( 'NONE', #4072, 2.099999999999999645 ) ;
#3785 = DIRECTION ( 'NONE',  ( 1.000000000000000000, 0.000000000000000000, 0.000000000000000000 ) ) ;
#3786 = EDGE_CURVE ( 'NONE', #4872, #3008, #3784, .T. ) ;
#3787 = ORIENTED_EDGE ( 'NONE', *, *, #483, .F. ) ;
#3788 = CONICAL_SURFACE ( 'NONE', #4826, 2.100000000000000977, 1.172861257340199304 ) ;
#3789 = VECTOR ( 'NONE', #2520, 1000.000000000000000 ) ;
#3790 = EDGE_LOOP ( 'NONE', ( #1675, #4020, #3096, #617 ) ) ;
#3791 = CARTESIAN_POINT ( 'NONE',  ( -5.068629150101425118, 6.201000000000001400, -25.39999999999999503 ) ) ;
#3792 = DIRECTION ( 'NONE',  ( 0.000000000000000000, 0.000000000000000000, 1.000000000000000000 ) ) ;
#3793 = LINE ( 'NONE', #1522, #85 ) ;
#3794 = AXIS2_PLACEMENT_3D ( 'NONE', #5310, #2125, #2062 ) ;
#3795 = EDGE_CURVE ( 'NONE', #1074, #4323, #1525, .T. ) ;
#3796 = ORIENTED_EDGE ( 'NONE', *, *, #517, .F. ) ;
#3797 = DIRECTION ( 'NONE',  ( 0.000000000000000000, 0.000000000000000000, -1.000000000000000000 ) ) ;
#3798 = LINE ( 'NONE', #1909, #873 ) ;
#3799 = LINE ( 'NONE', #3301, #454 ) ;
#3800 = DIRECTION ( 'NONE',  ( 0.000000000000000000, 1.000000000000000000, 0.000000000000000000 ) ) ;
#3801 = EDGE_CURVE ( 'NONE', #5361, #940, #2054, .T. ) ;
#3802 = ORIENTED_EDGE ( 'NONE', *, *, #4941, .F. ) ;
#3803 = CARTESIAN_POINT ( 'NONE',  ( 7.895584412271571928, -6.199999999999997513, -36.94999999999989626 ) ) ;
#3804 = ORIENTED_EDGE ( 'NONE', *, *, #4317, .T. ) ;
#3805 = ORIENTED_EDGE ( 'NONE', *, *, #5561, .T. ) ;
#3806 = DIRECTION ( 'NONE',  ( 0.000000000000000000, -0.000000000000000000, 1.000000000000000000 ) ) ;
#3807 = DIRECTION ( 'NONE',  ( 0.000000000000000000, 0.000000000000000000, 1.000000000000000000 ) ) ;
#3808 = LINE ( 'NONE', #5540, #4548 ) ;
#3809 = ORIENTED_EDGE ( 'NONE', *, *, #3912, .F. ) ;
#3810 = VECTOR ( 'NONE', #5554, 1000.000000000000000 ) ;
#3811 = EDGE_LOOP ( 'NONE', ( #5194, #1217, #4309, #4492, #5097, #1758, #3858, #4533, #4229, #5649, #4558, #1112, #1087, #2458, #259, #2587, #4021, #41, #2861, #716, #836, #817, #5622, #2890, #1220, #3022, #3774, #3990, #4121, #1228, #1406, #4413, #4602, #4431, #4047, #2057, #303, #585, #367, #1248, #325, #5090 ) ) ;
#3812 = ORIENTED_EDGE ( 'NONE', *, *, #2004, .T. ) ;
#3813 = DIRECTION ( 'NONE',  ( 0.7071067811865453523, 0.000000000000000000, 0.7071067811865496822 ) ) ;
#3814 = AXIS2_PLACEMENT_3D ( 'NONE', #4056, #2, #4908 ) ;
#3815 = ADVANCED_FACE ( 'NONE', ( #1171 ), #2976, .T. ) ;
#3816 = CYLINDRICAL_SURFACE ( 'NONE', #1698, 3.175000000000000711 ) ;
#3817 = CARTESIAN_POINT ( 'NONE',  ( 12.69999999999999929, -0.8890000000000000124, -22.22500000000000142 ) ) ;
#3818 = ORIENTED_EDGE ( 'NONE', *, *, #2872, .T. ) ;
#3819 = CARTESIAN_POINT ( 'NONE',  ( 0.4000000000000001887, 2.232710535457612888, 5.620762745781209269 ) ) ;
#3820 = CARTESIAN_POINT ( 'NONE',  ( -5.199999999999832312, -6.199999999999997513, -31.75000000000000000 ) ) ;
#3821 = DIRECTION ( 'NONE',  ( -1.000000000000000000, 1.668003342285407574E-16, 0.000000000000000000 ) ) ;
#3822 = VERTEX_POINT ( 'NONE', #824 ) ;
#3823 = DIRECTION ( 'NONE',  ( 0.000000000000000000, 0.000000000000000000, 1.000000000000000000 ) ) ;
#3824 = LINE ( 'NONE', #5734, #780 ) ;
#3825 = ADVANCED_FACE ( 'NONE', ( #3067 ), #854, .F. ) ;
#3826 = DIRECTION ( 'NONE',  ( 0.000000000000000000, 0.000000000000000000, 1.000000000000000000 ) ) ;
#3827 = ORIENTED_EDGE ( 'NONE', *, *, #1784, .F. ) ;
#3828 = PLANE ( 'NONE',  #4871 ) ;
#3829 = VERTEX_POINT ( 'NONE', #1760 ) ;
#3830 = ORIENTED_EDGE ( 'NONE', *, *, #5839, .F. ) ;
#3831 = FACE_OUTER_BOUND ( 'NONE', #5129, .T. ) ;
#3832 = ADVANCED_FACE ( 'NONE', ( #3125 ), #457, .F. ) ;
#3833 = CARTESIAN_POINT ( 'NONE',  ( 12.69999999999999929, -0.8890000000000000124, -34.92499999999999716 ) ) ;
#3834 = DIRECTION ( 'NONE',  ( 0.000000000000000000, 1.000000000000000000, 0.000000000000000000 ) ) ;
#3835 = EDGE_LOOP ( 'NONE', ( #4160, #3572, #360, #1102 ) ) ;
#3836 = ORIENTED_EDGE ( 'NONE', *, *, #560, .F. ) ;
#3837 = EDGE_CURVE ( 'NONE', #3127, #4103, #1295, .T. ) ;
#3838 = VERTEX_POINT ( 'NONE', #2736 ) ;
#3839 = CARTESIAN_POINT ( 'NONE',  ( -3.654415587728433668, -6.199999999999997513, -12.70000000000010409 ) ) ;
#3840 = DIRECTION ( 'NONE',  ( 0.000000000000000000, 0.000000000000000000, 1.000000000000000000 ) ) ;
#3841 = CARTESIAN_POINT ( 'NONE',  ( -6.199999999999999289, -6.200000000000000178, -2.000000000000000000 ) ) ;
#3842 = DIRECTION ( 'NONE',  ( -0.7071067811865466846, 0.000000000000000000, -0.7071067811865483499 ) ) ;
#3843 = EDGE_LOOP ( 'NONE', ( #5536, #2997, #4770, #2193 ) ) ;
#3844 = FACE_OUTER_BOUND ( 'NONE', #3932, .T. ) ;
#3845 = FACE_OUTER_BOUND ( 'NONE', #4833, .T. ) ;
#3846 = VECTOR ( 'NONE', #4569, 1000.000000000000000 ) ;
#3847 = DIRECTION ( 'NONE',  ( 1.000000000000000000, -1.365923996832131363E-16, 0.000000000000000000 ) ) ;
#3848 = ORIENTED_EDGE ( 'NONE', *, *, #1776, .F. ) ;
#3849 = CIRCLE ( 'NONE', #650, 2.268258436585967264 ) ;
#3850 = CIRCLE ( 'NONE', #5635, 3.174999999999999822 ) ;
#3851 = CARTESIAN_POINT ( 'NONE',  ( 0.000000000000000000, 0.000000000000000000, 5.523072258617638397 ) ) ;
#3852 = CIRCLE ( 'NONE', #2820, 3.175000000000000711 ) ;
#3853 = DIRECTION ( 'NONE',  ( -0.000000000000000000, -0.000000000000000000, 1.000000000000000000 ) ) ;
#3854 = CARTESIAN_POINT ( 'NONE',  ( -5.200000000000000178, -2.174999999999998934, -101.3795551986130192 ) ) ;
#3855 = VECTOR ( 'NONE', #1924, 1000.000000000000000 ) ;
#3856 = ORIENTED_EDGE ( 'NONE', *, *, #3153, .F. ) ;
#3857 = VECTOR ( 'NONE', #5665, 1000.000000000000000 ) ;
#3858 = ORIENTED_EDGE ( 'NONE', *, *, #5384, .T. ) ;
#3859 = ORIENTED_EDGE ( 'NONE', *, *, #2297, .T. ) ;
#3860 = LINE ( 'NONE', #5652, #193 ) ;
#3861 = CARTESIAN_POINT ( 'NONE',  ( 13.10000000000000142, 1.663442899047753887, 6.138999999999997570 ) ) ;
#3862 = LINE ( 'NONE', #5654, #1688 ) ;
#3863 = CIRCLE ( 'NONE', #2831, 2.100000000000000977 ) ;
#3864 = ORIENTED_EDGE ( 'NONE', *, *, #139, .F. ) ;
#3865 = EDGE_LOOP ( 'NONE', ( #2060, #3680 ) ) ;
#3866 = ORIENTED_EDGE ( 'NONE', *, *, #1844, .F. ) ;
#3867 = EDGE_CURVE ( 'NONE', #3522, #3023, #5762, .T. ) ;
#3868 = ORIENTED_EDGE ( 'NONE', *, *, #1090, .F. ) ;
#3869 = CARTESIAN_POINT ( 'NONE',  ( -2.630594115711841125E-16, -5.460999999999999410, -15.87500000000000000 ) ) ;
#3870 = CALENDAR_DATE ( 2022, 6, 6 ) ;
#3871 = EDGE_CURVE ( 'NONE', #3059, #1597, #402, .T. ) ;
#3872 = ADVANCED_FACE ( 'NONE', ( #2707 ), #2267, .T. ) ;
#3873 = LINE ( 'NONE', #1227, #3857 ) ;
#3874 = FACE_OUTER_BOUND ( 'NONE', #2192, .T. ) ;
#3875 = ORIENTED_EDGE ( 'NONE', *, *, #2347, .F. ) ;
#3876 = LINE ( 'NONE', #4706, #30 ) ;
#3877 = AXIS2_PLACEMENT_3D ( 'NONE', #4040, #5364, #5337 ) ;
#3878 = CARTESIAN_POINT ( 'NONE',  ( 5.900214239177761313E-15, -4.174999999999999822, -3.175000000000005151 ) ) ;
#3879 = CARTESIAN_POINT ( 'NONE',  ( 13.34774034125076447, 1.999113491775012852, 4.305849356269923156 ) ) ;
#3880 = EDGE_LOOP ( 'NONE', ( #3739, #3962, #3937, #2040, #1954, #59, #462, #4841, #5680, #5137, #2228, #1503, #385, #3931, #722, #443, #2813, #3167, #1680, #2746, #4719 ) ) ;
#3881 = AXIS2_PLACEMENT_3D ( 'NONE', #2765, #1017, #4617 ) ;
#3882 = LINE ( 'NONE', #795, #3771 ) ;
#3883 = CARTESIAN_POINT ( 'NONE',  ( 0.000000000000000000, 0.000000000000000000, 5.389000000000001123 ) ) ;
#3884 = EDGE_CURVE ( 'NONE', #3163, #346, #4636, .T. ) ;
#3885 = CARTESIAN_POINT ( 'NONE',  ( 12.69999999999999929, -0.8890000000000000124, -16.94999999999999929 ) ) ;
#3886 = CIRCLE ( 'NONE', #4639, 3.175000000000000711 ) ;
#3887 = ORIENTED_EDGE ( 'NONE', *, *, #1605, .T. ) ;
#3888 = ORIENTED_EDGE ( 'NONE', *, *, #1205, .T. ) ;
#3889 = DIRECTION ( 'NONE',  ( 0.000000000000000000, 0.000000000000000000, 1.000000000000000000 ) ) ;
#3890 = EDGE_LOOP ( 'NONE', ( #2968, #1859, #2991, #37 ) ) ;
#3891 = DIRECTION ( 'NONE',  ( 0.000000000000000000, 0.000000000000000000, 1.000000000000000000 ) ) ;
#3892 = CARTESIAN_POINT ( 'NONE',  ( 9.721665018948350223, 6.200000000000000178, 0.000000000000000000 ) ) ;
#3893 = LINE ( 'NONE', #4397, #5444 ) ;
#3894 = CARTESIAN_POINT ( 'NONE',  ( 6.350000000000000533, -5.460999999999999410, -25.39999999999999858 ) ) ;
#3895 = VERTEX_POINT ( 'NONE', #4065 ) ;
#3896 = ORIENTED_EDGE ( 'NONE', *, *, #503, .T. ) ;
#3897 = ADVANCED_FACE ( 'NONE', ( #12 ), #1730, .T. ) ;
#3898 = VERTEX_POINT ( 'NONE', #3601 ) ;
#3899 = EDGE_LOOP ( 'NONE', ( #3827, #4902, #2483, #5584 ) ) ;
#3900 = CYLINDRICAL_SURFACE ( 'NONE', #5688, 2.100000000000000977 ) ;
#3901 = ADVANCED_FACE ( 'NONE', ( #3569 ), #1703, .T. ) ;
#3902 = EDGE_CURVE ( 'NONE', #4063, #5024, #1792, .T. ) ;
#3903 = VECTOR ( 'NONE', #1550, 1000.000000000000000 ) ;
#3904 = PERSON_AND_ORGANIZATION ( #1732, #5532 ) ;
#3905 = DIRECTION ( 'NONE',  ( 0.000000000000000000, 0.000000000000000000, -1.000000000000000000 ) ) ;
#3906 = VECTOR ( 'NONE', #4580, 1000.000000000000000 ) ;
#3907 = ORIENTED_EDGE ( 'NONE', *, *, #5779, .F. ) ;
#3908 = EDGE_CURVE ( 'NONE', #3123, #3764, #5781, .T. ) ;
#3909 = CYLINDRICAL_SURFACE ( 'NONE', #4094, 2.100000000000000089 ) ;
#3910 = EDGE_CURVE ( 'NONE', #3553, #3493, #5416, .T. ) ;
#3911 = CARTESIAN_POINT ( 'NONE',  ( -6.199999999999999289, -6.200000000000000178, 0.000000000000000000 ) ) ;
#3912 = EDGE_CURVE ( 'NONE', #2852, #5299, #5793, .T. ) ;
#3913 = DIRECTION ( 'NONE',  ( 0.000000000000000000, 0.000000000000000000, 1.000000000000000000 ) ) ;
#3914 = CIRCLE ( 'NONE', #2122, 3.175000000000001155 ) ;
#3915 = CARTESIAN_POINT ( 'NONE',  ( 12.30000000000000071, -2.264950330581225746, 5.523072258617638397 ) ) ;
#3916 = ORIENTED_EDGE ( 'NONE', *, *, #5274, .F. ) ;
#3917 = CARTESIAN_POINT ( 'NONE',  ( -0.3999999999999999112, -2.081805041010027946, 5.906940355987363667 ) ) ;
#3918 = EDGE_CURVE ( 'NONE', #5426, #2491, #1343, .T. ) ;
#3919 = DIRECTION ( 'NONE',  ( 0.000000000000000000, 0.000000000000000000, 1.000000000000000000 ) ) ;
#3920 = PLANE ( 'NONE',  #2636 ) ;
#3921 = ORIENTED_EDGE ( 'NONE', *, *, #4843, .F. ) ;
#3922 = ORIENTED_EDGE ( 'NONE', *, *, #5419, .F. ) ;
#3923 = CARTESIAN_POINT ( 'NONE',  ( 16.35441558772843251, -2.175000000000003375, -25.39999999999989910 ) ) ;
#3924 = EDGE_LOOP ( 'NONE', ( #3107, #5576, #2464 ) ) ;
#3925 = DIRECTION ( 'NONE',  ( -0.000000000000000000, 1.000000000000000000, -0.000000000000000000 ) ) ;
#3926 = CARTESIAN_POINT ( 'NONE',  ( 6.350000000000002309, -5.460999999999999410, -15.87500000000000000 ) ) ;
#3927 = AXIS2_PLACEMENT_3D ( 'NONE', #2027, #3508, #3447 ) ;
#3928 = LINE ( 'NONE', #1275, #5301 ) ;
#3929 = CARTESIAN_POINT ( 'NONE',  ( -0.3999999999999999667, 2.264950330581225302, 5.523072258617638397 ) ) ;
#3930 = ORIENTED_EDGE ( 'NONE', *, *, #5371, .F. ) ;
#3931 = ORIENTED_EDGE ( 'NONE', *, *, #706, .T. ) ;
#3932 = EDGE_LOOP ( 'NONE', ( #661, #2959, #3430, #5345 ) ) ;
#3933 = VERTEX_POINT ( 'NONE', #5303 ) ;
#3934 = FACE_OUTER_BOUND ( 'NONE', #296, .T. ) ;
#3935 = APPLICATION_PROTOCOL_DEFINITION ( 'international standard', 'config_control_design', 1994, #2083 ) ;
#3936 = LINE ( 'NONE', #2197, #3964 ) ;
#3937 = ORIENTED_EDGE ( 'NONE', *, *, #5488, .T. ) ;
#3938 = LINE ( 'NONE', #2048, #3903 ) ;
#3939 = CARTESIAN_POINT ( 'NONE',  ( -2.630594115711841125E-16, -4.174999999999999822, -31.75000000000000000 ) ) ;
#3940 = LINE ( 'NONE', #4714, #2349 ) ;
#3941 = DIRECTION ( 'NONE',  ( 1.000000000000000000, 0.000000000000000000, 0.000000000000000000 ) ) ;
#3942 = ORIENTED_EDGE ( 'NONE', *, *, #2111, .F. ) ;
#3943 = EDGE_CURVE ( 'NONE', #3163, #346, #4034, .T. ) ;
#3944 = CIRCLE ( 'NONE', #747, 2.100000000000000977 ) ;
#3945 = FACE_OUTER_BOUND ( 'NONE', #355, .T. ) ;
#3946 = CARTESIAN_POINT ( 'NONE',  ( 12.69999999999999929, -5.460999999999999410, -19.05000000000000071 ) ) ;
#3947 = FACE_OUTER_BOUND ( 'NONE', #1350, .T. ) ;
#3949 = EDGE_LOOP ( 'NONE', ( #2210, #5428, #3400, #4498 ) ) ;
#3948 = AXIS2_PLACEMENT_3D ( 'NONE', #521, #1883, #1417 ) ;
#3950 = EDGE_CURVE ( 'NONE', #2247, #5711, #4944, .T. ) ;
#3951 = ORIENTED_EDGE ( 'NONE', *, *, #1170, .T. ) ;
#3952 = AXIS2_PLACEMENT_3D ( 'NONE', #286, #2091, #3889 ) ;
#3953 = CARTESIAN_POINT ( 'NONE',  ( -6.199999999999999289, -6.200000000000000178, -24.26862915010165977 ) ) ;
#3954 = CIRCLE ( 'NONE', #545, 5.199999999999947775 ) ;
#3955 = CARTESIAN_POINT ( 'NONE',  ( 13.09999999999999964, -2.061552812808830293, 5.438999999999999169 ) ) ;
#3956 = VECTOR ( 'NONE', #3972, 1000.000000000000000 ) ;
#3957 = DIRECTION ( 'NONE',  ( -1.000000000000000000, 0.000000000000000000, 0.000000000000000000 ) ) ;
#3958 = CARTESIAN_POINT ( 'NONE',  ( 5.900214239177761313E-15, -2.174999999999999822, -6.350000000000004974 ) ) ;
#3959 = CARTESIAN_POINT ( 'NONE',  ( 12.69999999999999929, 0.000000000000000000, 5.438999999999999169 ) ) ;
#3960 = ORIENTED_EDGE ( 'NONE', *, *, #5678, .T. ) ;
#3961 = VERTEX_POINT ( 'NONE', #5026 ) ;
#3962 = ORIENTED_EDGE ( 'NONE', *, *, #3910, .T. ) ;
#3963 = ORIENTED_EDGE ( 'NONE', *, *, #2070, .F. ) ;
#3964 = VECTOR ( 'NONE', #2640, 1000.000000000000000 ) ;
#3965 = CARTESIAN_POINT ( 'NONE',  ( 12.12651368875631164, -2.021666578221208432, 3.457121909598156240 ) ) ;
#3966 = EDGE_CURVE ( 'NONE', #5155, #237, #2436, .T. ) ;
#3967 = DIRECTION ( 'NONE',  ( 0.000000000000000000, 0.000000000000000000, -1.000000000000000000 ) ) ;
#3968 = CIRCLE ( 'NONE', #3952, 3.175000000000000711 ) ;
#3969 = ORIENTED_EDGE ( 'NONE', *, *, #4965, .F. ) ;
#3970 = DIRECTION ( 'NONE',  ( -0.000000000000000000, -0.000000000000000000, -1.000000000000000000 ) ) ;
#3971 = CARTESIAN_POINT ( 'NONE',  ( -0.4980973490458723840, 2.040073290564207831, 2.595422128626172054 ) ) ;
#3972 = DIRECTION ( 'NONE',  ( 0.000000000000000000, 1.000000000000000000, 0.000000000000000000 ) ) ;
#3973 = CARTESIAN_POINT ( 'NONE',  ( 13.27348631124368694, 2.021666578221208432, 3.457121909598158016 ) ) ;
#3974 = VERTEX_POINT ( 'NONE', #5556 ) ;
#3975 = AXIS2_PLACEMENT_3D ( 'NONE', #586, #5510, #3806 ) ;
#3976 = LINE ( 'NONE', #853, #2309 ) ;
#3977 = DIRECTION ( 'NONE',  ( 0.000000000000000000, 1.000000000000000000, 0.000000000000000000 ) ) ;
#3978 = CARTESIAN_POINT ( 'NONE',  ( 0.4000000000000000777, -2.182283254615324797, 5.773529692572009431 ) ) ;
#3979 = ADVANCED_FACE ( 'NONE', ( #1959 ), #5117, .F. ) ;
#3980 = EDGE_LOOP ( 'NONE', ( #386, #2330 ) ) ;
#3981 = ORIENTED_EDGE ( 'NONE', *, *, #5728, .T. ) ;
#3982 = CARTESIAN_POINT ( 'NONE',  ( -5.200000000000000178, -6.199999999999997513, -11.15441558772853270 ) ) ;
#3983 = CARTESIAN_POINT ( 'NONE',  ( -6.938893903907228378E-15, 6.200000000000001066, -2.000000000000000000 ) ) ;
#3984 = VECTOR ( 'NONE', #2039, 1000.000000000000000 ) ;
#3985 = LINE ( 'NONE', #318, #1750 ) ;
#3986 = EDGE_CURVE ( 'NONE', #5836, #5774, #39, .T. ) ;
#3987 = ADVANCED_FACE ( 'NONE', ( #119 ), #3788, .T. ) ;
#3988 = CARTESIAN_POINT ( 'NONE',  ( 6.350000000000002309, -5.460999999999999410, -12.69999999999999929 ) ) ;
#3989 = DIRECTION ( 'NONE',  ( -1.000000000000000000, 0.000000000000000000, 0.000000000000000000 ) ) ;
#3990 = ORIENTED_EDGE ( 'NONE', *, *, #4560, .T. ) ;
#3991 = ORIENTED_EDGE ( 'NONE', *, *, #4378, .T. ) ;
#3992 = ORIENTED_EDGE ( 'NONE', *, *, #2176, .F. ) ;
#3993 = ORIENTED_EDGE ( 'NONE', *, *, #4225, .F. ) ;
#3994 = CARTESIAN_POINT ( 'NONE',  ( -1.014510943328118249E-13, -6.199999999999997513, -37.94999999999973284 ) ) ;
#3995 = CARTESIAN_POINT ( 'NONE',  ( 6.350000000000000533, -4.174999999999999822, -22.22499999999999787 ) ) ;
#3996 = B_SPLINE_CURVE_WITH_KNOTS ( 'NONE', 3,
 ( #721, #2936, #2462, #690, #2489, #2964 ),
 .UNSPECIFIED., .F., .F.,
 ( 4, 2, 4 ),
 ( 0.000000000000000000, 0.0004757001404452628575, 0.0009514002808905257149 ),
 .UNSPECIFIED. ) ;
#3997 = ORIENTED_EDGE ( 'NONE', *, *, #182, .F. ) ;
#3998 = DIRECTION ( 'NONE',  ( -0.000000000000000000, -0.000000000000000000, -1.000000000000000000 ) ) ;
#3999 = VECTOR ( 'NONE', #1274, 1000.000000000000000 ) ;
#4000 = DIRECTION ( 'NONE',  ( 0.7071067811865453523, 0.000000000000000000, 0.7071067811865496822 ) ) ;
#4001 = CARTESIAN_POINT ( 'NONE',  ( -5.199999999999993072, -0.1999999999999996503, -14.24558441227167371 ) ) ;
#4002 = DIRECTION ( 'NONE',  ( 0.000000000000000000, -1.000000000000000000, 0.000000000000000000 ) ) ;
#4003 = APPROVAL_PERSON_ORGANIZATION ( #4287, #176, #2015 ) ;
#4004 = ORIENTED_EDGE ( 'NONE', *, *, #3017, .F. ) ;
#4005 = AXIS2_PLACEMENT_3D ( 'NONE', #3148, #4915, #3093 ) ;
#4006 = DIRECTION ( 'NONE',  ( 0.000000000000000000, 0.000000000000000000, 1.000000000000000000 ) ) ;
#4007 = CARTESIAN_POINT ( 'NONE',  ( 0.4980973490458738828, -2.040073290564207831, 2.595422128626172054 ) ) ;
#4008 = FACE_OUTER_BOUND ( 'NONE', #1393, .T. ) ;
#4009 = CIRCLE ( 'NONE', #126, 2.100000000000000977 ) ;
#4010 = ORIENTED_EDGE ( 'NONE', *, *, #1705, .F. ) ;
#4011 = ORIENTED_EDGE ( 'NONE', *, *, #4525, .T. ) ;
#4012 = CIRCLE ( 'NONE', #4856, 3.174999999999999822 ) ;
#4013 = ADVANCED_FACE ( 'NONE', ( #568 ), #298, .T. ) ;
#4014 = FACE_OUTER_BOUND ( 'NONE', #4919, .T. ) ;
#4015 = DIRECTION ( 'NONE',  ( 0.000000000000000000, 1.000000000000000000, 0.000000000000000000 ) ) ;
#4016 = DIRECTION ( 'NONE',  ( -0.000000000000000000, -0.000000000000000000, -1.000000000000000000 ) ) ;
#4017 = CARTESIAN_POINT ( 'NONE',  ( 12.70000000000000284, -6.201024999999999565, -4.250000000000003553 ) ) ;
#4018 = DIRECTION ( 'NONE',  ( -1.000000000000000000, 0.000000000000000000, 0.000000000000000000 ) ) ;
#4019 = EDGE_LOOP ( 'NONE', ( #3812, #2793, #1700, #913 ) ) ;
#4020 = ORIENTED_EDGE ( 'NONE', *, *, #1819, .T. ) ;
#4021 = ORIENTED_EDGE ( 'NONE', *, *, #4668, .T. ) ;
#4022 = EDGE_CURVE ( 'NONE', #324, #4460, #2093, .T. ) ;
#4023 = ORIENTED_EDGE ( 'NONE', *, *, #2031, .T. ) ;
#4024 = CARTESIAN_POINT ( 'NONE',  ( 12.70000000000000284, -4.174999999999999822, -6.350000000000004974 ) ) ;
#4025 = DIRECTION ( 'NONE',  ( -0.000000000000000000, -0.000000000000000000, 1.000000000000000000 ) ) ;
#4026 = EDGE_CURVE ( 'NONE', #5802, #2222, #1999, .T. ) ;
#4027 = ORIENTED_EDGE ( 'NONE', *, *, #4299, .T. ) ;
#4028 = CARTESIAN_POINT ( 'NONE',  ( -5.200000000000000178, -0.1999999999999996503, -11.15441558772853270 ) ) ;
#4029 = DIRECTION ( 'NONE',  ( 1.000000000000000000, -1.209468558947973047E-16, 0.000000000000000000 ) ) ;
#4030 = DIRECTION ( 'NONE',  ( 1.000000000000000000, 0.000000000000000000, 0.000000000000000000 ) ) ;
#4031 = DIRECTION ( 'NONE',  ( -0.000000000000000000, -1.000000000000000000, -0.000000000000000000 ) ) ;
#4032 = VERTEX_POINT ( 'NONE', #1408 ) ;
#4033 = DIRECTION ( 'NONE',  ( 1.000000000000000000, 0.000000000000000000, 0.000000000000000000 ) ) ;
#4034 = LINE ( 'NONE', #935, #2288 ) ;
#4035 = CARTESIAN_POINT ( 'NONE',  ( 0.7206315775864680084, 1.972483239316684234, 5.138999999999997570 ) ) ;
#4036 = ORIENTED_EDGE ( 'NONE', *, *, #182, .T. ) ;
#4037 = AXIS2_PLACEMENT_3D ( 'NONE', #3062, #1231, #1969 ) ;
#4038 = ORIENTED_EDGE ( 'NONE', *, *, #2248, .T. ) ;
#4039 = CARTESIAN_POINT ( 'NONE',  ( -6.199999999999758593, -6.200000000000000178, -13.83137084989834520 ) ) ;
#4040 = CARTESIAN_POINT ( 'NONE',  ( -2.630594115711841125E-16, -0.8890000000000000124, -31.75000000000000000 ) ) ;
#4041 = LINE ( 'NONE', #3926, #1466 ) ;
#4042 = PLANE ( 'NONE',  #2529 ) ;
#4043 = LINE ( 'NONE', #2717, #1593 ) ;
#4044 = VECTOR ( 'NONE', #3018, 1000.000000000000000 ) ;
#4045 = ORIENTED_EDGE ( 'NONE', *, *, #5603, .T. ) ;
#4046 = EDGE_LOOP ( 'NONE', ( #1207, #2899, #417, #2801, #4930, #2051, #2434, #4666, #1328, #5241 ) ) ;
#4047 = ORIENTED_EDGE ( 'NONE', *, *, #1566, .T. ) ;
#4048 = VECTOR ( 'NONE', #1160, 1000.000000000000000 ) ;
#4049 = AXIS2_PLACEMENT_3D ( 'NONE', #5832, #4980, #1472 ) ;
#4050 = ORIENTED_EDGE ( 'NONE', *, *, #334, .F. ) ;
#4051 = CARTESIAN_POINT ( 'NONE',  ( 6.350000000000000533, -0.8890000000000000124, -25.39999999999999858 ) ) ;
#4052 = EDGE_CURVE ( 'NONE', #2541, #4872, #631, .T. ) ;
#4053 = CIRCLE ( 'NONE', #1490, 3.175000000000001155 ) ;
#4054 = AXIS2_PLACEMENT_3D ( 'NONE', #1722, #4875, #5721 ) ;
#4055 = ORIENTED_EDGE ( 'NONE', *, *, #4592, .T. ) ;
#4056 = CARTESIAN_POINT ( 'NONE',  ( 4.804415587728428250, -50.04532472225498907, -36.94999999999988916 ) ) ;
#4057 = FACE_OUTER_BOUND ( 'NONE', #1423, .T. ) ;
#4058 = EDGE_CURVE ( 'NONE', #4772, #5497, #203, .T. ) ;
#4059 = ADVANCED_FACE ( 'NONE', ( #93, #2376, #4588, #3647, #599, #536, #2406, #2345, #3325 ), #3699, .F. ) ;
#4060 = AXIS2_PLACEMENT_3D ( 'NONE', #3651, #5797, #407 ) ;
#4061 = DIRECTION ( 'NONE',  ( 0.000000000000000000, 0.000000000000000000, 1.000000000000000000 ) ) ;
#4062 = DIRECTION ( 'NONE',  ( 1.000000000000000000, 0.000000000000000000, 0.000000000000000000 ) ) ;
#4063 = VERTEX_POINT ( 'NONE', #1464 ) ;
#4064 = CARTESIAN_POINT ( 'NONE',  ( 12.69999999999999929, -0.8890000000000000124, -22.22500000000000142 ) ) ;
#4065 = CARTESIAN_POINT ( 'NONE',  ( 17.89999999999999147, -2.175000000000003375, -14.24558441227167371 ) ) ;
#4066 = DIRECTION ( 'NONE',  ( 1.000000000000000000, -1.365923996832131363E-16, 0.000000000000000000 ) ) ;
#4067 = VERTEX_POINT ( 'NONE', #1931 ) ;
#4068 = AXIS2_PLACEMENT_3D ( 'NONE', #4453, #4894, #45 ) ;
#4069 = CARTESIAN_POINT ( 'NONE',  ( 6.350000000000002309, -5.460999999999999410, -12.69999999999999929 ) ) ;
#4070 = LINE ( 'NONE', #5767, #2368 ) ;
#4071 = CARTESIAN_POINT ( 'NONE',  ( -6.200000000000001066, 6.200000000000000178, 0.000000000000000000 ) ) ;
#4072 = AXIS2_PLACEMENT_3D ( 'NONE', #4389, #4297, #5182 ) ;
#4073 = LINE ( 'NONE', #3655, #1970 ) ;
#4074 = ORIENTED_EDGE ( 'NONE', *, *, #1010, .F. ) ;
#4075 = ORIENTED_EDGE ( 'NONE', *, *, #4593, .T. ) ;
#4076 = ORIENTED_EDGE ( 'NONE', *, *, #2933, .F. ) ;
#4077 = VECTOR ( 'NONE', #881, 1000.000000000000000 ) ;
#4078 = AXIS2_PLACEMENT_3D ( 'NONE', #725, #1105, #695 ) ;
#4079 = ORIENTED_EDGE ( 'NONE', *, *, #3986, .T. ) ;
#4080 = DIRECTION ( 'NONE',  ( -0.000000000000000000, 1.000000000000000000, -0.000000000000000000 ) ) ;
#4081 = AXIS2_PLACEMENT_3D ( 'NONE', #2925, #614, #5068 ) ;
#4082 = DIRECTION ( 'NONE',  ( 0.7071067811865452413, -7.330486454263118196E-17, -0.7071067811865499042 ) ) ;
#4083 = ADVANCED_FACE ( 'NONE', ( #5440 ), #3761, .T. ) ;
#4084 = CARTESIAN_POINT ( 'NONE',  ( 17.89999999999999147, -50.04532472225498907, -23.85441558772832948 ) ) ;
#4085 = ADVANCED_FACE ( 'NONE', ( #5086 ), #5523, .F. ) ;
#4086 = DIRECTION ( 'NONE',  ( -0.08715574274765176821, 0.000000000000000000, -0.9961946980917461003 ) ) ;
#4087 = CARTESIAN_POINT ( 'NONE',  ( 12.70000000000000284, -5.460999999999999410, -6.350000000000004974 ) ) ;
#4088 = CARTESIAN_POINT ( 'NONE',  ( 6.505213034913026604E-16, -3.174999999999999822, 2.638999999999998902 ) ) ;
#4089 = EDGE_CURVE ( 'NONE', #1582, #3775, #577, .T. ) ;
#4090 = ADVANCED_FACE ( 'NONE', ( #2552 ), #966, .T. ) ;
#4091 = ORIENTED_EDGE ( 'NONE', *, *, #4, .F. ) ;
#4092 = DIRECTION ( 'NONE',  ( -0.000000000000000000, -0.000000000000000000, 1.000000000000000000 ) ) ;
#4093 = CARTESIAN_POINT ( 'NONE',  ( -5.199999999999993072, -2.174999999999998934, -101.3795551986130192 ) ) ;
#4094 = AXIS2_PLACEMENT_3D ( 'NONE', #2492, #663, #4759 ) ;
#4095 = LINE ( 'NONE', #1848, #3663 ) ;
#4096 = EDGE_LOOP ( 'NONE', ( #866, #455, #883, #3969 ) ) ;
#4097 = EDGE_CURVE ( 'NONE', #260, #2145, #1551, .T. ) ;
#4098 = CARTESIAN_POINT ( 'NONE',  ( -6.200000000000001066, 6.200000000000000178, -2.000000000000000000 ) ) ;
#4099 = AXIS2_PLACEMENT_3D ( 'NONE', #4435, #4375, #1370 ) ;
#4100 = FACE_OUTER_BOUND ( 'NONE', #5729, .T. ) ;
#4101 = CARTESIAN_POINT ( 'NONE',  ( 2.100000000000000089, 0.000000000000000000, 5.438999999999999169 ) ) ;
#4102 = CARTESIAN_POINT ( 'NONE',  ( 0.4980973490458738828, -2.040073290564207831, 2.595422128626172054 ) ) ;
#4103 = VERTEX_POINT ( 'NONE', #666 ) ;
#4104 = ORIENTED_EDGE ( 'NONE', *, *, #1380, .F. ) ;
#4105 = CIRCLE ( 'NONE', #905, 3.175000000000000711 ) ;
#4106 = EDGE_LOOP ( 'NONE', ( #1059, #3312, #3697, #1652 ) ) ;
#4107 = ORIENTED_EDGE ( 'NONE', *, *, #1096, .T. ) ;
#4108 = DIRECTION ( 'NONE',  ( -0.000000000000000000, 0.000000000000000000, 1.000000000000000000 ) ) ;
#4109 = DIRECTION ( 'NONE',  ( 0.000000000000000000, 0.000000000000000000, 1.000000000000000000 ) ) ;
#4110 = LINE ( 'NONE', #5486, #2494 ) ;
#4111 = CARTESIAN_POINT ( 'NONE',  ( -5.199999999999832312, -6.199999999999997513, -31.75000000000000000 ) ) ;
#4112 = CARTESIAN_POINT ( 'NONE',  ( 4.804415587728428250, -50.04532472225498907, -36.94999999999988916 ) ) ;
#4113 = VECTOR ( 'NONE', #1053, 1000.000000000000000 ) ;
#4114 = DIRECTION ( 'NONE',  ( -0.000000000000000000, -0.000000000000000000, -1.000000000000000000 ) ) ;
#4115 = VECTOR ( 'NONE', #3773, 1000.000000000000000 ) ;
#4116 = ORIENTED_EDGE ( 'NONE', *, *, #2688, .F. ) ;
#4117 = CARTESIAN_POINT ( 'NONE',  ( 17.89999999999999147, -0.1999999999999996503, -14.24558441227167371 ) ) ;
#4118 = CARTESIAN_POINT ( 'NONE',  ( 12.69999999999999929, -5.460999999999999410, -31.75000000000000000 ) ) ;
#4119 = LINE ( 'NONE', #2739, #4985 ) ;
#4120 = ADVANCED_FACE ( 'NONE', ( #244 ), #5145, .F. ) ;
#4121 = ORIENTED_EDGE ( 'NONE', *, *, #2650, .T. ) ;
#4122 = CARTESIAN_POINT ( 'NONE',  ( 12.69999999999999929, 0.000000000000000000, 6.138999999999998458 ) ) ;
#4123 = CARTESIAN_POINT ( 'NONE',  ( 17.89999999999999858, -4.175000000000005151, -11.15441558772853270 ) ) ;
#4124 = LINE ( 'NONE', #5423, #3846 ) ;
#4125 = DIRECTION ( 'NONE',  ( -0.000000000000000000, 1.000000000000000000, -0.000000000000000000 ) ) ;
#4126 = ADVANCED_FACE ( 'NONE', ( #5614 ), #2466, .T. ) ;
#4127 = ORIENTED_EDGE ( 'NONE', *, *, #4089, .T. ) ;
#4128 = ORIENTED_EDGE ( 'NONE', *, *, #5269, .T. ) ;
#4129 = DIRECTION ( 'NONE',  ( 1.000000000000000000, -1.365923996832131363E-16, 0.000000000000000000 ) ) ;
#4130 = ORIENTED_EDGE ( 'NONE', *, *, #3089, .F. ) ;
#4131 = ORIENTED_EDGE ( 'NONE', *, *, #3786, .T. ) ;
#4132 = CARTESIAN_POINT ( 'NONE',  ( 12.69999999999999929, -2.175000000000001599, -31.75000000000000000 ) ) ;
#4133 = VECTOR ( 'NONE', #257, 1000.000000000000000 ) ;
#4134 = CARTESIAN_POINT ( 'NONE',  ( 12.69999999999999929, -5.460999999999999410, -16.94999999999999929 ) ) ;
#4135 = VECTOR ( 'NONE', #3664, 1000.000000000000000 ) ;
#4136 = CARTESIAN_POINT ( 'NONE',  ( -1.014510943328118249E-13, -6.199999999999997513, -37.94999999999973284 ) ) ;
#4137 = AXIS2_PLACEMENT_3D ( 'NONE', #468, #3707, #919 ) ;
#4138 = ADVANCED_FACE ( 'NONE', ( #2999 ), #4352, .T. ) ;
#4139 = DIRECTION ( 'NONE',  ( -0.000000000000000000, 1.000000000000000000, -0.000000000000000000 ) ) ;
#4140 = VECTOR ( 'NONE', #2524, 1000.000000000000000 ) ;
#4141 = AXIS2_PLACEMENT_3D ( 'NONE', #1011, #4640, #2785 ) ;
#4142 = B_SPLINE_CURVE_WITH_KNOTS ( 'NONE', 3,
 ( #4270, #4326, #5674, #2150 ),
 .UNSPECIFIED., .F., .F.,
 ( 4, 4 ),
 ( 0.002832913685900423535, 0.002935786532568635150 ),
 .UNSPECIFIED. ) ;
#4143 = DIRECTION ( 'NONE',  ( 0.000000000000000000, 0.000000000000000000, 1.000000000000000000 ) ) ;
#4144 = CARTESIAN_POINT ( 'NONE',  ( 13.09999999999999964, 2.264950330581225746, 5.523072258617638397 ) ) ;
#4145 = ORIENTED_EDGE ( 'NONE', *, *, #2822, .F. ) ;
#4146 = ORIENTED_EDGE ( 'NONE', *, *, #4317, .F. ) ;
#4147 = PLANE ( 'NONE',  #5681 ) ;
#4148 = DIRECTION ( 'NONE',  ( -1.000000000000000000, 1.036687336241119596E-16, 0.000000000000000000 ) ) ;
#4149 = AXIS2_PLACEMENT_3D ( 'NONE', #4734, #2495, #2050 ) ;
#4150 = CARTESIAN_POINT ( 'NONE',  ( -5.199999999999993072, -2.174999999999996270, -23.85441558772832948 ) ) ;
#4151 = CARTESIAN_POINT ( 'NONE',  ( 17.89999999999999858, -4.175000000000005151, -26.94558441227146872 ) ) ;
#4152 = ORIENTED_EDGE ( 'NONE', *, *, #4847, .F. ) ;
#4153 = DIRECTION ( 'NONE',  ( 0.000000000000000000, 0.000000000000000000, 1.000000000000000000 ) ) ;
#4154 = DIRECTION ( 'NONE',  ( 0.000000000000000000, 1.000000000000000000, 0.000000000000000000 ) ) ;
#4155 = ADVANCED_FACE ( 'NONE', ( #3845 ), #4320, .T. ) ;
#4156 = DIRECTION ( 'NONE',  ( -0.000000000000000000, 1.000000000000000000, -0.000000000000000000 ) ) ;
#4157 = CARTESIAN_POINT ( 'NONE',  ( 12.30000000000000071, -3.174999999999998934, 5.139000000000001123 ) ) ;
#4158 = ORIENTED_EDGE ( 'NONE', *, *, #4, .T. ) ;
#4159 = CARTESIAN_POINT ( 'NONE',  ( -5.068629150101425118, -0.1999999999999996503, -12.70000000000000639 ) ) ;
#4160 = ORIENTED_EDGE ( 'NONE', *, *, #2940, .F. ) ;
#4161 = ADVANCED_FACE ( 'NONE', ( #4822 ), #3469, .F. ) ;
#4162 = ORIENTED_EDGE ( 'NONE', *, *, #1252, .F. ) ;
#4163 = AXIS2_PLACEMENT_3D ( 'NONE', #4765, #1584, #3389 ) ;
#4164 = DIRECTION ( 'NONE',  ( 0.000000000000000000, 0.000000000000000000, 1.000000000000000000 ) ) ;
#4165 = CARTESIAN_POINT ( 'NONE',  ( 12.69999999999999929, -5.460999999999999410, -31.75000000000000000 ) ) ;
#4166 = CARTESIAN_POINT ( 'NONE',  ( 12.30000000000000071, -2.232710535457612888, 5.620762745781209269 ) ) ;
#4167 = CARTESIAN_POINT ( 'NONE',  ( -0.4286119346557866194, 2.057850353472996385, 2.353605336466521258 ) ) ;
#4168 = VECTOR ( 'NONE', #5262, 1000.000000000000000 ) ;
#4169 = DIRECTION ( 'NONE',  ( -1.000000000000000000, 0.000000000000000000, 0.000000000000000000 ) ) ;
#4170 = DIRECTION ( 'NONE',  ( -0.000000000000000000, -0.000000000000000000, -1.000000000000000000 ) ) ;
#4171 = EDGE_LOOP ( 'NONE', ( #3080, #3155, #1000, #5387 ) ) ;
#4172 = VERTEX_POINT ( 'NONE', #3820 ) ;
#4173 = CARTESIAN_POINT ( 'NONE',  ( 12.69999999999999929, -0.8890000000000000124, -19.05000000000000071 ) ) ;
#4174 = CARTESIAN_POINT ( 'NONE',  ( 5.900214239177761313E-15, -6.201024999999999565, -4.250000000000005329 ) ) ;
#4175 = LINE ( 'NONE', #2346, #2977 ) ;
#4176 = LINE ( 'NONE', #1436, #5824 ) ;
#4177 = ORIENTED_EDGE ( 'NONE', *, *, #106, .F. ) ;
#4178 = CARTESIAN_POINT ( 'NONE',  ( -6.200000000000001066, 6.200000000000000178, -2.000000000000000000 ) ) ;
#4179 = DIRECTION ( 'NONE',  ( 0.000000000000000000, 0.000000000000000000, 1.000000000000000000 ) ) ;
#4180 = CARTESIAN_POINT ( 'NONE',  ( 13.09999999999999964, -2.232710535457612888, 5.620762745781209269 ) ) ;
#4181 = AXIS2_PLACEMENT_3D ( 'NONE', #2764, #2109, #2939 ) ;
#4182 = LINE ( 'NONE', #1500, #4704 ) ;
#4183 = ORIENTED_EDGE ( 'NONE', *, *, #2527, .T. ) ;
#4184 = CARTESIAN_POINT ( 'NONE',  ( -2.630594115711841125E-16, -4.174999999999999822, -28.57499999999999929 ) ) ;
#4185 = ORIENTED_EDGE ( 'NONE', *, *, #732, .F. ) ;
#4186 = EDGE_CURVE ( 'NONE', #3732, #433, #4760, .T. ) ;
#4187 = EDGE_CURVE ( 'NONE', #1175, #1447, #791, .T. ) ;
#4188 = AXIS2_PLACEMENT_3D ( 'NONE', #5692, #1661, #4345 ) ;
#4189 = ORIENTED_EDGE ( 'NONE', *, *, #3053, .T. ) ;
#4190 = FACE_OUTER_BOUND ( 'NONE', #2711, .T. ) ;
#4191 = LINE ( 'NONE', #2363, #2699 ) ;
#4192 = AXIS2_PLACEMENT_3D ( 'NONE', #1288, #2671, #5813 ) ;
#4193 = ORIENTED_EDGE ( 'NONE', *, *, #5164, .T. ) ;
#4194 = CARTESIAN_POINT ( 'NONE',  ( 6.350000000000002309, -4.174999999999999822, -12.69999999999999929 ) ) ;
#4195 = EDGE_CURVE ( 'NONE', #3467, #2667, #2908, .T. ) ;
#4196 = VECTOR ( 'NONE', #2009, 1000.000000000000000 ) ;
#4197 = DIRECTION ( 'NONE',  ( -0.7071067811865499042, 0.000000000000000000, 0.7071067811865452413 ) ) ;
#4198 = CARTESIAN_POINT ( 'NONE',  ( 16.35441558772843251, -6.199999999999997513, -12.70000000000010409 ) ) ;
#4199 = EDGE_CURVE ( 'NONE', #1723, #3425, #2022, .T. ) ;
#4200 = DIRECTION ( 'NONE',  ( 0.000000000000000000, 0.000000000000000000, 1.000000000000000000 ) ) ;
#4201 = CYLINDRICAL_SURFACE ( 'NONE', #4419, 2.100000000000000977 ) ;
#4202 = VERTEX_POINT ( 'NONE', #273 ) ;
#4203 = CARTESIAN_POINT ( 'NONE',  ( 12.69999999999999929, 0.000000000000000000, 0.8890000000000009006 ) ) ;
#4204 = CARTESIAN_POINT ( 'NONE',  ( -6.200000000000001066, -4.174999999999998934, -101.3795551986130192 ) ) ;
#4205 = DIRECTION ( 'NONE',  ( -1.000000000000000000, 0.000000000000000000, -0.000000000000000000 ) ) ;
#4206 = DIRECTION ( 'NONE',  ( 0.000000000000000000, 1.000000000000000000, 0.000000000000000000 ) ) ;
#4207 = VERTEX_POINT ( 'NONE', #5177 ) ;
#4208 = CIRCLE ( 'NONE', #1007, 3.175000000000000266 ) ;
#4209 = CIRCLE ( 'NONE', #3646, 2.100000000000000977 ) ;
#4210 = DIRECTION ( 'NONE',  ( 1.000000000000000000, 0.000000000000000000, 0.000000000000000000 ) ) ;
#4211 = CARTESIAN_POINT ( 'NONE',  ( -6.199999999999756817, 6.201000000000002288, -13.83137084989834520 ) ) ;
#4212 = EDGE_CURVE ( 'NONE', #4870, #5012, #4787, .T. ) ;
#4213 = DIRECTION ( 'NONE',  ( 0.000000000000000000, 1.000000000000000000, 0.000000000000000000 ) ) ;
#4214 = CARTESIAN_POINT ( 'NONE',  ( -2.630594115711841125E-16, -5.460999999999999410, -31.75000000000000000 ) ) ;
#4215 = ORIENTED_EDGE ( 'NONE', *, *, #4694, .F. ) ;
#4216 = CYLINDRICAL_SURFACE ( 'NONE', #145, 3.174999999999997158 ) ;
#4217 = EDGE_LOOP ( 'NONE', ( #1444, #77, #4572, #292 ) ) ;
#4218 = ORIENTED_EDGE ( 'NONE', *, *, #3691, .T. ) ;
#4219 = CARTESIAN_POINT ( 'NONE',  ( -3.654415587728433223, -6.199999999999997513, -12.70000000000010409 ) ) ;
#4220 = LINE ( 'NONE', #681, #2961 ) ;
#4221 = CARTESIAN_POINT ( 'NONE',  ( 0.4000000000000000222, 2.129368206736822255, 5.466985055880803301 ) ) ;
#4222 = ORIENTED_EDGE ( 'NONE', *, *, #3153, .T. ) ;
#4223 = CARTESIAN_POINT ( 'NONE',  ( -2.630594115711841125E-16, -2.174999999999999822, -19.05000000000000071 ) ) ;
#4224 = CARTESIAN_POINT ( 'NONE',  ( -6.200000000000001066, -2.174999999999998934, -101.3795551986130192 ) ) ;
#4225 = EDGE_CURVE ( 'NONE', #5748, #4381, #185, .T. ) ;
#4226 =( LENGTH_UNIT ( ) NAMED_UNIT ( * ) SI_UNIT ( .MILLI., .METRE. ) );
#4227 = AXIS2_PLACEMENT_3D ( 'NONE', #2242, #5831, #3160 ) ;
#4228 = DIRECTION ( 'NONE',  ( 0.000000000000000000, 0.000000000000000000, 1.000000000000000000 ) ) ;
#4229 = ORIENTED_EDGE ( 'NONE', *, *, #1776, .T. ) ;
#4230 = VECTOR ( 'NONE', #84, 1000.000000000000000 ) ;
#4231 = AXIS2_PLACEMENT_3D ( 'NONE', #3959, #835, #3989 ) ;
#4232 = ORIENTED_EDGE ( 'NONE', *, *, #5385, .T. ) ;
#4233 = EDGE_CURVE ( 'NONE', #4819, #895, #582, .T. ) ;
#4234 = PLANE ( 'NONE',  #4750 ) ;
#4235 = EDGE_CURVE ( 'NONE', #5759, #1536, #5207, .T. ) ;
#4236 = CARTESIAN_POINT ( 'NONE',  ( -6.199999999999758593, -6.200000000000000178, -13.83137084989834520 ) ) ;
#4237 = DIRECTION ( 'NONE',  ( -1.036687336241119596E-16, -1.000000000000000000, -0.000000000000000000 ) ) ;
#4238 = ORIENTED_EDGE ( 'NONE', *, *, #5089, .F. ) ;
#4239 = LINE ( 'NONE', #5562, #1392 ) ;
#4240 = CYLINDRICAL_SURFACE ( 'NONE', #3221, 3.175000000000000711 ) ;
#4241 = CARTESIAN_POINT ( 'NONE',  ( 9.524999999999998579, 3.888253587292845095E-16, 0.8890000000000009006 ) ) ;
#4242 = DIRECTION ( 'NONE',  ( -0.7071067811865453523, 0.000000000000000000, 0.7071067811865496822 ) ) ;
#4243 = VECTOR ( 'NONE', #1209, 1000.000000000000000 ) ;
#4244 = EDGE_LOOP ( 'NONE', ( #5213, #2632, #1281, #1753 ) ) ;
#4245 = DIRECTION ( 'NONE',  ( 8.115498896123167176E-15, 0.000000000000000000, 1.000000000000000000 ) ) ;
#4246 = EDGE_LOOP ( 'NONE', ( #3530, #1609, #1184, #1438 ) ) ;
#4247 = EDGE_LOOP ( 'NONE', ( #4158, #5049, #1547, #3207, #2617, #4586, #827, #3402, #4116, #4421 ) ) ;
#4248 = CARTESIAN_POINT ( 'NONE',  ( -1.014510943328118249E-13, -0.1999999999999996503, -37.94999999999973284 ) ) ;
#4249 = CARTESIAN_POINT ( 'NONE',  ( -6.938893903907228378E-15, 6.200000000000001066, 0.000000000000000000 ) ) ;
#4250 = CARTESIAN_POINT ( 'NONE',  ( 0.4000000000000001887, 2.061552812808830293, 5.438999999999999169 ) ) ;
#4251 = VERTEX_POINT ( 'NONE', #3878 ) ;
#4252 = VERTEX_POINT ( 'NONE', #5669 ) ;
#4253 = AXIS2_PLACEMENT_3D ( 'NONE', #1917, #5041, #2453 ) ;
#4254 = ORIENTED_EDGE ( 'NONE', *, *, #2526, .F. ) ;
#4255 = PLANE ( 'NONE',  #5413 ) ;
#4256 = CIRCLE ( 'NONE', #2560, 3.175000000000000711 ) ;
#4257 = PERSON_AND_ORGANIZATION ( #1732, #5532 ) ;
#4258 = PLANE ( 'NONE',  #2922 ) ;
#4259 = DIRECTION ( 'NONE',  ( 0.7071067811865466846, 0.000000000000000000, -0.7071067811865483499 ) ) ;
#4260 = EDGE_CURVE ( 'NONE', #4565, #1723, #3442, .T. ) ;
#4261 = VECTOR ( 'NONE', #3382, 1000.000000000000000 ) ;
#4262 = ORIENTED_EDGE ( 'NONE', *, *, #2430, .T. ) ;
#4263 = DIRECTION ( 'NONE',  ( 0.000000000000000000, 1.000000000000000000, 0.000000000000000000 ) ) ;
#4264 = DIRECTION ( 'NONE',  ( -0.7071067811865453523, 0.000000000000000000, -0.7071067811865496822 ) ) ;
#4265 = CARTESIAN_POINT ( 'NONE',  ( 6.350000000000002309, -2.175000000000000711, -12.69999999999999929 ) ) ;
#4266 = ORIENTED_EDGE ( 'NONE', *, *, #5237, .F. ) ;
#4267 = EDGE_CURVE ( 'NONE', #5585, #3746, #710, .T. ) ;
#4268 = EDGE_CURVE ( 'NONE', #4480, #643, #3564, .T. ) ;
#4269 = CARTESIAN_POINT ( 'NONE',  ( 17.89999999999999147, -0.1999999999999996503, -23.85441558772832948 ) ) ;
#4270 = CARTESIAN_POINT ( 'NONE',  ( -0.3999999999999999667, 2.264950330581225302, 5.523072258617638397 ) ) ;
#4271 = CARTESIAN_POINT ( 'NONE',  ( 0.4000000000000001887, -1.502637486114517751, 6.138999999999998458 ) ) ;
#4272 = VERTEX_POINT ( 'NONE', #2230 ) ;
#4273 = FACE_OUTER_BOUND ( 'NONE', #1199, .T. ) ;
#4274 = EDGE_CURVE ( 'NONE', #940, #5748, #3, .T. ) ;
#4275 = ORIENTED_EDGE ( 'NONE', *, *, #1390, .F. ) ;
#4276 = ORIENTED_EDGE ( 'NONE', *, *, #4479, .F. ) ;
#4277 = DIRECTION ( 'NONE',  ( 0.000000000000000000, 1.000000000000000000, 0.000000000000000000 ) ) ;
#4278 = DIRECTION ( 'NONE',  ( 1.000000000000000000, 0.000000000000000000, 0.000000000000000000 ) ) ;
#4279 = CYLINDRICAL_SURFACE ( 'NONE', #105, 2.100000000000000977 ) ;
#4280 = EDGE_LOOP ( 'NONE', ( #1744, #173, #48, #3710 ) ) ;
#4281 = VERTEX_POINT ( 'NONE', #3618 ) ;
#4282 = AXIS2_PLACEMENT_3D ( 'NONE', #1990, #5493, #2881 ) ;
#4283 = ORIENTED_EDGE ( 'NONE', *, *, #5412, .F. ) ;
#4284 = ORIENTED_EDGE ( 'NONE', *, *, #3712, .F. ) ;
#4285 = PLANE ( 'NONE',  #35 ) ;
#4286 = AXIS2_PLACEMENT_3D ( 'NONE', #4499, #1724, #3563 ) ;
#4287 = PERSON_AND_ORGANIZATION ( #1732, #5532 ) ;
#4288 = DIRECTION ( 'NONE',  ( 0.9218631515885042926, 0.000000000000000000, 0.3875155864520939408 ) ) ;
#4289 = DIRECTION ( 'NONE',  ( -0.000000000000000000, 1.000000000000000000, -0.000000000000000000 ) ) ;
#4290 = VECTOR ( 'NONE', #5190, 1000.000000000000114 ) ;
#4291 = ORIENTED_EDGE ( 'NONE', *, *, #4343, .F. ) ;
#4292 = CARTESIAN_POINT ( 'NONE',  ( 12.69999999999999929, -5.460999999999999410, -22.22500000000000142 ) ) ;
#4293 = CARTESIAN_POINT ( 'NONE',  ( -6.200000000000001066, -4.174999999999998934, -36.94999999999989626 ) ) ;
#4294 = DIRECTION ( 'NONE',  ( -0.7071067811865453523, 0.000000000000000000, -0.7071067811865496822 ) ) ;
#4295 = VERTEX_POINT ( 'NONE', #2612 ) ;
#4296 = DIRECTION ( 'NONE',  ( -1.444274288350615811E-15, 0.000000000000000000, 1.000000000000000000 ) ) ;
#4297 = DIRECTION ( 'NONE',  ( 0.000000000000000000, 1.000000000000000000, 0.000000000000000000 ) ) ;
#4298 = PLANE ( 'NONE',  #4793 ) ;
#4299 = EDGE_CURVE ( 'NONE', #4323, #1074, #3693, .T. ) ;
#4300 = ORIENTED_EDGE ( 'NONE', *, *, #2430, .F. ) ;
#4301 = ORIENTED_EDGE ( 'NONE', *, *, #2830, .F. ) ;
#4302 = ORIENTED_EDGE ( 'NONE', *, *, #390, .F. ) ;
#4303 = AXIS2_PLACEMENT_3D ( 'NONE', #2359, #103, #4630 ) ;
#4304 = DIRECTION ( 'NONE',  ( -1.000000000000000000, -1.398970545142586541E-16, 0.000000000000000000 ) ) ;
#4305 = CARTESIAN_POINT ( 'NONE',  ( 5.900214239177761313E-15, -0.8890000000000000124, -9.525000000000005684 ) ) ;
#4306 = EDGE_CURVE ( 'NONE', #744, #5188, #5666, .T. ) ;
#4307 = CARTESIAN_POINT ( 'NONE',  ( 6.350000000000002309, -5.460999999999999410, -9.524999999999998579 ) ) ;
#4308 = ORIENTED_EDGE ( 'NONE', *, *, #1545, .T. ) ;
#4309 = ORIENTED_EDGE ( 'NONE', *, *, #2527, .F. ) ;
#4310 = ORIENTED_EDGE ( 'NONE', *, *, #1457, .T. ) ;
#4311 = ORIENTED_EDGE ( 'NONE', *, *, #2389, .F. ) ;
#4312 = DIRECTION ( 'NONE',  ( 1.000000000000000000, -0.000000000000000000, 3.484311720645859373E-14 ) ) ;
#4313 = PERSON_AND_ORGANIZATION_ROLE ( 'creator' ) ;
#4314 = LINE ( 'NONE', #268, #4898 ) ;
#4315 = AXIS2_PLACEMENT_3D ( 'NONE', #1111, #1668, #3913 ) ;
#4316 = DIRECTION ( 'NONE',  ( 0.000000000000000000, 1.000000000000000000, 0.000000000000000000 ) ) ;
#4317 = EDGE_CURVE ( 'NONE', #2162, #1175, #4470, .T. ) ;
#4318 = VERTEX_POINT ( 'NONE', #5756 ) ;
#4319 = FACE_OUTER_BOUND ( 'NONE', #5837, .T. ) ;
#4320 = PLANE ( 'NONE',  #3421 ) ;
#4321 = CIRCLE ( 'NONE', #1964, 1.554966049364602254 ) ;
#4322 = PLANE ( 'NONE',  #3399 ) ;
#4323 = VERTEX_POINT ( 'NONE', #2259 ) ;
#4324 = VECTOR ( 'NONE', #2030, 1000.000000000000000 ) ;
#4325 = CARTESIAN_POINT ( 'NONE',  ( 17.89999999999999858, -2.175000000000003375, -1.999999999999998224 ) ) ;
#4326 = CARTESIAN_POINT ( 'NONE',  ( -0.3999999999999999667, 2.254205848354697395, 5.555636450100673862 ) ) ;
#4327 = FACE_OUTER_BOUND ( 'NONE', #1627, .T. ) ;
#4328 = VECTOR ( 'NONE', #1041, 1000.000000000000000 ) ;
#4329 = EDGE_LOOP ( 'NONE', ( #3612, #2177, #5570, #2561, #3337, #1264 ) ) ;
#4330 = CONICAL_SURFACE ( 'NONE', #2641, 2.299999999999999822, 0.3141592653589760364 ) ;
#4331 = ORIENTED_EDGE ( 'NONE', *, *, #404, .T. ) ;
#4332 = ADVANCED_FACE ( 'NONE', ( #4057 ), #4410, .T. ) ;
#4333 = DIRECTION ( 'NONE',  ( 0.7071067811865453523, 0.000000000000000000, -0.7071067811865496822 ) ) ;
#4334 = ORIENTED_EDGE ( 'NONE', *, *, #5485, .F. ) ;
#4335 = DIRECTION ( 'NONE',  ( -0.000000000000000000, 1.000000000000000000, -0.000000000000000000 ) ) ;
#4336 = CARTESIAN_POINT ( 'NONE',  ( 5.900214239177761313E-15, -0.8890000000000000124, -6.350000000000004974 ) ) ;
#4337 = CARTESIAN_POINT ( 'NONE',  ( -5.200000000000000178, -2.174999999999996270, -1.999999999999998224 ) ) ;
#4338 = AXIS2_PLACEMENT_3D ( 'NONE', #1641, #5235, #1197 ) ;
#4339 = ORIENTED_EDGE ( 'NONE', *, *, #3662, .T. ) ;
#4340 = VERTEX_POINT ( 'NONE', #424 ) ;
#4341 = EDGE_LOOP ( 'NONE', ( #3604, #3512 ) ) ;
#4342 = ADVANCED_FACE ( 'NONE', ( #2201 ), #4383, .F. ) ;
#4343 = EDGE_CURVE ( 'NONE', #2979, #25, #3118, .T. ) ;
#4344 = ORIENTED_EDGE ( 'NONE', *, *, #1881, .T. ) ;
#4345 = DIRECTION ( 'NONE',  ( 0.000000000000000000, 0.000000000000000000, 1.000000000000000000 ) ) ;
#4346 = AXIS2_PLACEMENT_3D ( 'NONE', #3044, #4335, #3891 ) ;
#4347 = CYLINDRICAL_SURFACE ( 'NONE', #5080, 3.175000000000000711 ) ;
#4348 = EDGE_CURVE ( 'NONE', #1081, #3658, #5013, .T. ) ;
#4349 = VERTEX_POINT ( 'NONE', #1782 ) ;
#4350 = CARTESIAN_POINT ( 'NONE',  ( 16.35441558772843251, -50.04532472225498907, -12.70000000000010409 ) ) ;
#4351 = VECTOR ( 'NONE', #4625, 1000.000000000000000 ) ;
#4352 = CYLINDRICAL_SURFACE ( 'NONE', #4827, 3.175000000000000711 ) ;
#4353 = DIRECTION ( 'NONE',  ( -1.000000000000000000, 1.036687336241119720E-16, -0.000000000000000000 ) ) ;
#4354 = CARTESIAN_POINT ( 'NONE',  ( 12.69999999999999929, -0.8890000000000000124, -31.75000000000000000 ) ) ;
#4355 = ORIENTED_EDGE ( 'NONE', *, *, #2783, .T. ) ;
#4356 = VECTOR ( 'NONE', #4916, 1000.000000000000000 ) ;
#4357 = ADVANCED_FACE ( 'NONE', ( #5326, #1289 ), #3593, .T. ) ;
#4358 = CARTESIAN_POINT ( 'NONE',  ( 12.69999999999999929, -5.460999999999999410, -19.05000000000000071 ) ) ;
#4359 = DIRECTION ( 'NONE',  ( 0.000000000000000000, 1.000000000000000000, 0.000000000000000000 ) ) ;
#4360 = FACE_OUTER_BOUND ( 'NONE', #490, .T. ) ;
#4361 = AXIS2_PLACEMENT_3D ( 'NONE', #5587, #305, #3354 ) ;
#4362 = EDGE_LOOP ( 'NONE', ( #1561, #3078, #5607, #1501 ) ) ;
#4363 = ORIENTED_EDGE ( 'NONE', *, *, #2900, .T. ) ;
#4364 = DIRECTION ( 'NONE',  ( 0.000000000000000000, 0.000000000000000000, 1.000000000000000000 ) ) ;
#4365 = ORIENTED_EDGE ( 'NONE', *, *, #4525, .F. ) ;
#4366 = FACE_OUTER_BOUND ( 'NONE', #3243, .T. ) ;
#4367 = CARTESIAN_POINT ( 'NONE',  ( -6.200000000000001066, 6.200000000000000178, 0.000000000000000000 ) ) ;
#4368 = DIRECTION ( 'NONE',  ( 0.000000000000000000, 0.000000000000000000, 1.000000000000000000 ) ) ;
#4369 = DIRECTION ( 'NONE',  ( -1.000000000000000000, 0.000000000000000000, 0.000000000000000000 ) ) ;
#4370 = ORIENTED_EDGE ( 'NONE', *, *, #3424, .F. ) ;
#4371 = EDGE_CURVE ( 'NONE', #5012, #4832, #5351, .T. ) ;
#4372 = ORIENTED_EDGE ( 'NONE', *, *, #1987, .F. ) ;
#4373 = ORIENTED_EDGE ( 'NONE', *, *, #4946, .F. ) ;
#4374 = ORIENTED_EDGE ( 'NONE', *, *, #3795, .T. ) ;
#4375 = DIRECTION ( 'NONE',  ( -0.000000000000000000, -1.000000000000000000, -0.000000000000000000 ) ) ;
#4376 = VECTOR ( 'NONE', #4445, 1000.000000000000000 ) ;
#4377 = PERSON_AND_ORGANIZATION ( #1732, #5532 ) ;
#4378 = EDGE_CURVE ( 'NONE', #4689, #4656, #2851, .T. ) ;
#4379 = CARTESIAN_POINT ( 'NONE',  ( 17.89999999999999147, -50.04532472225498907, -14.24558441227167371 ) ) ;
#4380 = AXIS2_PLACEMENT_3D ( 'NONE', #2907, #3353, #5233 ) ;
#4381 = VERTEX_POINT ( 'NONE', #3143 ) ;
#4382 = DIRECTION ( 'NONE',  ( -0.7071067811865466846, 0.000000000000000000, 0.7071067811865483499 ) ) ;
#4383 = CYLINDRICAL_SURFACE ( 'NONE', #2473, 2.100000000000000977 ) ;
#4384 = EDGE_CURVE ( 'NONE', #511, #4032, #2672, .T. ) ;
#4385 = DIRECTION ( 'NONE',  ( -3.484311720645859373E-14, 4.214165475695080152E-30, 1.000000000000000000 ) ) ;
#4386 = DIRECTION ( 'NONE',  ( -1.598721155460225734E-14, 0.000000000000000000, -1.000000000000000000 ) ) ;
#4387 = VERTEX_POINT ( 'NONE', #902 ) ;
#4388 = CARTESIAN_POINT ( 'NONE',  ( 4.804415587728428250, -50.04532472225498907, -36.94999999999988916 ) ) ;
#4389 = CARTESIAN_POINT ( 'NONE',  ( 5.900214239177761313E-15, -0.8890000000000000124, -6.350000000000004974 ) ) ;
#4390 = CARTESIAN_POINT ( 'NONE',  ( 12.70000000000010054, -0.1999999999999996503, -37.94999999999973284 ) ) ;
#4391 = EDGE_LOOP ( 'NONE', ( #2722, #497, #678, #471, #2129, #3352, #3416, #3991, #3581, #1620, #4011, #3294 ) ) ;
#4392 = ORIENTED_EDGE ( 'NONE', *, *, #1215, .F. ) ;
#4393 = ADVANCED_FACE ( 'NONE', ( #5296 ), #3061, .F. ) ;
#4394 = CARTESIAN_POINT ( 'NONE',  ( -5.068629150101426895, -6.200000000000000178, -12.70000000000000639 ) ) ;
#4395 = CARTESIAN_POINT ( 'NONE',  ( 18.89999999999999858, -0.1999999999999996503, -2.000000000000000000 ) ) ;
#4396 = CARTESIAN_POINT ( 'NONE',  ( 12.30000000000000071, -2.232710535457612888, 5.620762745781209269 ) ) ;
#4397 = CARTESIAN_POINT ( 'NONE',  ( 18.89999999999999858, -6.200000000000000178, -2.000000000000000000 ) ) ;
#4398 = DIRECTION ( 'NONE',  ( 0.000000000000000000, 0.000000000000000000, -1.000000000000000000 ) ) ;
#4399 = VERTEX_POINT ( 'NONE', #4722 ) ;
#4400 = ORIENTED_EDGE ( 'NONE', *, *, #1534, .F. ) ;
#4401 = ORIENTED_EDGE ( 'NONE', *, *, #43, .T. ) ;
#4402 = ORIENTED_EDGE ( 'NONE', *, *, #1357, .F. ) ;
#4403 = CARTESIAN_POINT ( 'NONE',  ( 17.89999999999999147, -6.199999999999997513, -23.85441558772832948 ) ) ;
#4404 = AXIS2_PLACEMENT_3D ( 'NONE', #4358, #2498, #3823 ) ;
#4405 = EDGE_CURVE ( 'NONE', #3974, #4914, #5256, .T. ) ;
#4406 = CARTESIAN_POINT ( 'NONE',  ( -0.4980973490458723840, -2.040073290564207831, 2.595422128626172054 ) ) ;
#4407 = EDGE_CURVE ( 'NONE', #472, #4870, #1595, .T. ) ;
#4408 = ORIENTED_EDGE ( 'NONE', *, *, #539, .F. ) ;
#4409 = FACE_OUTER_BOUND ( 'NONE', #2602, .T. ) ;
#4410 = CYLINDRICAL_SURFACE ( 'NONE', #3226, 3.175000000000000711 ) ;
#4411 = DIRECTION ( 'NONE',  ( 0.000000000000000000, 0.000000000000000000, 1.000000000000000000 ) ) ;
#4412 = DIRECTION ( 'NONE',  ( -0.000000000000000000, 1.000000000000000000, -0.000000000000000000 ) ) ;
#4413 = ORIENTED_EDGE ( 'NONE', *, *, #2794, .T. ) ;
#4414 = ADVANCED_FACE ( 'NONE', ( #2480 ), #2289, .T. ) ;
#4415 = VECTOR ( 'NONE', #4541, 1000.000000000000000 ) ;
#4416 = CARTESIAN_POINT ( 'NONE',  ( 17.89999999999999858, -2.175000000000002043, -101.3795551986130192 ) ) ;
#4417 = DIRECTION ( 'NONE',  ( 0.000000000000000000, 0.000000000000000000, 1.000000000000000000 ) ) ;
#4418 = LINE ( 'NONE', #374, #1692 ) ;
#4419 = AXIS2_PLACEMENT_3D ( 'NONE', #1358, #4289, #4728 ) ;
#4421 = ORIENTED_EDGE ( 'NONE', *, *, #3039, .T. ) ;
#4420 = AXIS2_PLACEMENT_3D ( 'NONE', #5340, #3103, #3458 ) ;
#4422 = ORIENTED_EDGE ( 'NONE', *, *, #2291, .F. ) ;
#4423 = DIRECTION ( 'NONE',  ( -0.000000000000000000, 1.000000000000000000, -0.000000000000000000 ) ) ;
#4424 = DIRECTION ( 'NONE',  ( 0.000000000000000000, 1.000000000000000000, 0.000000000000000000 ) ) ;
#4425 = VECTOR ( 'NONE', #4854, 1000.000000000000000 ) ;
#4426 = CARTESIAN_POINT ( 'NONE',  ( 12.30000000000000071, 2.197165961088449304, 5.495012551953918134 ) ) ;
#4427 = DIRECTION ( 'NONE',  ( -0.000000000000000000, -0.000000000000000000, -1.000000000000000000 ) ) ;
#4428 = LINE ( 'NONE', #3077, #267 ) ;
#4429 = CIRCLE ( 'NONE', #3590, 2.100000000000000977 ) ;
#4430 = VERTEX_POINT ( 'NONE', #1067 ) ;
#4431 = ORIENTED_EDGE ( 'NONE', *, *, #82, .T. ) ;
#4432 = ORIENTED_EDGE ( 'NONE', *, *, #143, .T. ) ;
#4433 = ORIENTED_EDGE ( 'NONE', *, *, #3986, .F. ) ;
#4434 = AXIS2_PLACEMENT_3D ( 'NONE', #2082, #4002, #5671 ) ;
#4435 = CARTESIAN_POINT ( 'NONE',  ( 6.350000000000000533, -0.8890000000000000124, -25.39999999999999858 ) ) ;
#4436 = DIRECTION ( 'NONE',  ( 1.000000000000000000, 0.000000000000000000, -0.000000000000000000 ) ) ;
#4437 = ORIENTED_EDGE ( 'NONE', *, *, #206, .F. ) ;
#4438 = CARTESIAN_POINT ( 'NONE',  ( 12.69999999999999929, 0.000000000000000000, 5.139000000000004675 ) ) ;
#4439 = DIRECTION ( 'NONE',  ( 1.000000000000000000, 0.000000000000000000, 0.000000000000000000 ) ) ;
#4440 = CYLINDRICAL_SURFACE ( 'NONE', #1412, 3.175000000000000711 ) ;
#4441 = FACE_OUTER_BOUND ( 'NONE', #1795, .T. ) ;
#4442 = EDGE_CURVE ( 'NONE', #3726, #5187, #1604, .T. ) ;
#4443 = EDGE_LOOP ( 'NONE', ( #5393, #1901, #5784, #4450 ) ) ;
#4444 = AXIS2_PLACEMENT_3D ( 'NONE', #5798, #3631, #3652 ) ;
#4445 = DIRECTION ( 'NONE',  ( 0.7071067811865501263, -7.330486454263168732E-17, 0.7071067811865449082 ) ) ;
#4446 = CARTESIAN_POINT ( 'NONE',  ( -6.199999999999833200, -50.04532472225498907, -31.75000000000000000 ) ) ;
#4447 = DIRECTION ( 'NONE',  ( -0.000000000000000000, 1.000000000000000000, -0.000000000000000000 ) ) ;
#4448 = CONICAL_SURFACE ( 'NONE', #3689, 2.299999999999999822, 0.3141592653589760364 ) ;
#4449 = EDGE_CURVE ( 'NONE', #2124, #4882, #4994, .T. ) ;
#4450 = ORIENTED_EDGE ( 'NONE', *, *, #2297, .F. ) ;
#4451 = VERTEX_POINT ( 'NONE', #1401 ) ;
#4452 = DIRECTION ( 'NONE',  ( -0.000000000000000000, 0.000000000000000000, 1.000000000000000000 ) ) ;
#4453 = CARTESIAN_POINT ( 'NONE',  ( -5.199999999999993072, -50.04532472225498907, -23.85441558772832948 ) ) ;
#4454 = VECTOR ( 'NONE', #56, 1000.000000000000000 ) ;
#4455 = CARTESIAN_POINT ( 'NONE',  ( 22.32499999999999929, -3.424999999999990941, -37.94999999999978257 ) ) ;
#4456 = DIRECTION ( 'NONE',  ( -0.000000000000000000, 1.000000000000000000, -0.000000000000000000 ) ) ;
#4457 = CARTESIAN_POINT ( 'NONE',  ( -0.3999999999999999667, 2.197165961088449304, 5.495012551953918134 ) ) ;
#4458 = EDGE_CURVE ( 'NONE', #1836, #697, #1977, .T. ) ;
#4459 = ORIENTED_EDGE ( 'NONE', *, *, #3115, .T. ) ;
#4460 = VERTEX_POINT ( 'NONE', #957 ) ;
#4461 = EDGE_CURVE ( 'NONE', #1857, #3123, #5203, .T. ) ;
#4462 = ORIENTED_EDGE ( 'NONE', *, *, #3179, .T. ) ;
#4463 = ORIENTED_EDGE ( 'NONE', *, *, #3373, .F. ) ;
#4464 = CARTESIAN_POINT ( 'NONE',  ( 12.05225965874923233, -1.999113491775013296, 4.305849356269921380 ) ) ;
#4465 = CARTESIAN_POINT ( 'NONE',  ( 12.69999999999999929, 0.000000000000000000, 0.000000000000000000 ) ) ;
#4466 = ADVANCED_FACE ( 'NONE', ( #4529 ), #4279, .F. ) ;
#4467 = ORIENTED_EDGE ( 'NONE', *, *, #1014, .T. ) ;
#4468 = CARTESIAN_POINT ( 'NONE',  ( -2.630594115711841125E-16, -5.460999999999999410, -28.57499999999999929 ) ) ;
#4469 = AXIS2_PLACEMENT_3D ( 'NONE', #2186, #804, #1244 ) ;
#4470 = LINE ( 'NONE', #451, #4729 ) ;
#4471 = DIRECTION ( 'NONE',  ( 0.000000000000000000, 1.000000000000000000, 0.000000000000000000 ) ) ;
#4472 = DIRECTION ( 'NONE',  ( -1.000000000000000000, 0.000000000000000000, 0.000000000000000000 ) ) ;
#4473 = AXIS2_PLACEMENT_3D ( 'NONE', #4972, #1351, #4006 ) ;
#4474 = ORIENTED_EDGE ( 'NONE', *, *, #1435, .T. ) ;
#4475 = DIRECTION ( 'NONE',  ( -0.000000000000000000, 1.000000000000000000, -0.000000000000000000 ) ) ;
#4476 = DIRECTION ( 'NONE',  ( 0.7071067811865453523, 0.000000000000000000, -0.7071067811865496822 ) ) ;
#4477 = CARTESIAN_POINT ( 'NONE',  ( 0.4000000000000000777, -2.083236664664703586, 5.905597390643911204 ) ) ;
#4478 = VECTOR ( 'NONE', #1188, 1000.000000000000000 ) ;
#4479 = EDGE_CURVE ( 'NONE', #3085, #2944, #1062, .T. ) ;
#4480 = VERTEX_POINT ( 'NONE', #3342 ) ;
#4481 = B_SPLINE_CURVE_WITH_KNOTS ( 'NONE', 3,
 ( #2427, #175, #1982, #3782 ),
 .UNSPECIFIED., .F., .F.,
 ( 4, 4 ),
 ( 0.003655977453372196047, 0.003758849537120531516 ),
 .UNSPECIFIED. ) ;
#4482 = ORIENTED_EDGE ( 'NONE', *, *, #285, .T. ) ;
#4483 = AXIS2_PLACEMENT_3D ( 'NONE', #2311, #5431, #5539 ) ;
#4484 = LINE ( 'NONE', #885, #1222 ) ;
#4485 = DIRECTION ( 'NONE',  ( -0.000000000000000000, -0.000000000000000000, 1.000000000000000000 ) ) ;
#4486 = EDGE_CURVE ( 'NONE', #979, #4172, #2868, .T. ) ;
#4487 = DIRECTION ( 'NONE',  ( 1.000000000000000000, 0.000000000000000000, 0.000000000000000000 ) ) ;
#4488 = CARTESIAN_POINT ( 'NONE',  ( -6.199999999999833200, -0.1999999999999996503, -31.75000000000000000 ) ) ;
#4489 = CARTESIAN_POINT ( 'NONE',  ( -3.654415587728433223, -4.174999999999998046, -12.70000000000010409 ) ) ;
#4490 = ORIENTED_EDGE ( 'NONE', *, *, #3526, .T. ) ;
#4491 = ORIENTED_EDGE ( 'NONE', *, *, #2650, .F. ) ;
#4492 = ORIENTED_EDGE ( 'NONE', *, *, #202, .T. ) ;
#4493 = ADVANCED_FACE ( 'NONE', ( #5627 ), #5575, .F. ) ;
#4494 = EDGE_LOOP ( 'NONE', ( #4735, #3922, #5658, #3007 ) ) ;
#4495 = DIRECTION ( 'NONE',  ( 0.7071067811865452413, 0.000000000000000000, -0.7071067811865499042 ) ) ;
#4496 = EDGE_CURVE ( 'NONE', #778, #523, #3886, .T. ) ;
#4497 = AXIS2_PLACEMENT_3D ( 'NONE', #227, #3336, #2921 ) ;
#4498 = ORIENTED_EDGE ( 'NONE', *, *, #924, .F. ) ;
#4499 = CARTESIAN_POINT ( 'NONE',  ( 0.000000000000000000, 0.000000000000000000, 0.000000000000000000 ) ) ;
#4500 = DIRECTION ( 'NONE',  ( 0.000000000000000000, 1.000000000000000000, 0.000000000000000000 ) ) ;
#4501 = LINE ( 'NONE', #452, #3763 ) ;
#4502 = CARTESIAN_POINT ( 'NONE',  ( 17.76862915010142885, 6.200999999999999623, -25.39999999999999858 ) ) ;
#4503 = ORIENTED_EDGE ( 'NONE', *, *, #3146, .F. ) ;
#4504 = DIRECTION ( 'NONE',  ( -0.7071067811865452413, 8.552234196640304973E-17, -0.7071067811865499042 ) ) ;
#4505 = CARTESIAN_POINT ( 'NONE',  ( 6.350000000000002309, -6.201024999999999565, -12.69999999999999929 ) ) ;
#4506 = DIRECTION ( 'NONE',  ( 0.000000000000000000, 0.000000000000000000, 1.000000000000000000 ) ) ;
#4507 = CARTESIAN_POINT ( 'NONE',  ( 14.80000000000000071, 2.571758278209440971E-16, 0.8890000000000009006 ) ) ;
#4508 = ORIENTED_EDGE ( 'NONE', *, *, #4947, .T. ) ;
#4509 = EDGE_LOOP ( 'NONE', ( #4370, #3675, #5175, #287 ) ) ;
#4510 = FACE_OUTER_BOUND ( 'NONE', #4244, .T. ) ;
#4511 = DIRECTION ( 'NONE',  ( 0.000000000000000000, 0.000000000000000000, 1.000000000000000000 ) ) ;
#4512 = CYLINDRICAL_SURFACE ( 'NONE', #4227, 0.5000000000000000000 ) ;
#4513 = CARTESIAN_POINT ( 'NONE',  ( 5.218629150101651071, -6.200000000000000178, -37.94999999999976126 ) ) ;
#4514 = CIRCLE ( 'NONE', #5264, 6.199999999999781686 ) ;
#4515 = EDGE_LOOP ( 'NONE', ( #711, #1095, #4790, #4467, #2649, #5476, #5052, #2682 ) ) ;
#4516 = VERTEX_POINT ( 'NONE', #3745 ) ;
#4517 = EDGE_LOOP ( 'NONE', ( #2542, #2199, #2745, #3454 ) ) ;
#4518 = EDGE_CURVE ( 'NONE', #1630, #5292, #3808, .T. ) ;
#4519 = ADVANCED_FACE ( 'NONE', ( #31, #1841 ), #3370, .T. ) ;
#4520 = AXIS2_PLACEMENT_3D ( 'NONE', #4194, #1479, #4109 ) ;
#4521 = CIRCLE ( 'NONE', #3287, 3.175000000000000711 ) ;
#4522 = EDGE_LOOP ( 'NONE', ( #2130, #2958 ) ) ;
#4523 = CARTESIAN_POINT ( 'NONE',  ( -3.654415587728433223, -50.04532472225498907, -12.70000000000010409 ) ) ;
#4524 = EDGE_CURVE ( 'NONE', #166, #554, #2573, .T. ) ;
#4525 = EDGE_CURVE ( 'NONE', #4295, #5803, #3928, .T. ) ;
#4526 = LINE ( 'NONE', #1037, #1869 ) ;
#4527 = ADVANCED_FACE ( 'NONE', ( #3490 ), #805, .T. ) ;
#4528 = PLANE ( 'NONE',  #3814 ) ;
#4529 = FACE_OUTER_BOUND ( 'NONE', #579, .T. ) ;
#4530 = DIRECTION ( 'NONE',  ( 0.000000000000000000, -1.000000000000000000, 0.000000000000000000 ) ) ;
#4531 = EDGE_CURVE ( 'NONE', #4549, #5285, #290, .T. ) ;
#4532 = CARTESIAN_POINT ( 'NONE',  ( -1.014510943328118249E-13, -4.174999999999998046, -36.94999999999989626 ) ) ;
#4533 = ORIENTED_EDGE ( 'NONE', *, *, #4736, .T. ) ;
#4534 = CARTESIAN_POINT ( 'NONE',  ( 12.69999999999999929, 0.000000000000000000, 5.438999999999999169 ) ) ;
#4535 = DIRECTION ( 'NONE',  ( -0.000000000000000000, 1.000000000000000000, -0.000000000000000000 ) ) ;
#4536 = DIRECTION ( 'NONE',  ( 0.7071067811865483499, -0.000000000000000000, 0.7071067811865466846 ) ) ;
#4537 = ORIENTED_EDGE ( 'NONE', *, *, #2738, .F. ) ;
#4538 = AXIS2_PLACEMENT_3D ( 'NONE', #94, #1904, #1961 ) ;
#4539 = DIRECTION ( 'NONE',  ( -1.000000000000000000, 0.000000000000000000, -0.000000000000000000 ) ) ;
#4540 = CARTESIAN_POINT ( 'NONE',  ( 17.89999999999999147, -0.1999999999999996503, -23.85441558772832948 ) ) ;
#4541 = DIRECTION ( 'NONE',  ( -1.195183497228115281E-16, -1.000000000000000000, 0.000000000000000000 ) ) ;
#4542 = AXIS2_PLACEMENT_3D ( 'NONE', #3265, #574, #5005 ) ;
#4543 = LINE ( 'NONE', #4628, #2163 ) ;
#4544 = ORIENTED_EDGE ( 'NONE', *, *, #1168, .F. ) ;
#4545 = ORIENTED_EDGE ( 'NONE', *, *, #3341, .F. ) ;
#4546 = VERTEX_POINT ( 'NONE', #319 ) ;
#4547 = AXIS2_PLACEMENT_3D ( 'NONE', #4886, #372, #2236 ) ;
#4548 = VECTOR ( 'NONE', #1568, 1000.000000000000000 ) ;
#4549 = VERTEX_POINT ( 'NONE', #350 ) ;
#4550 = CARTESIAN_POINT ( 'NONE',  ( 18.89999999999999858, -6.200000000000000178, 0.000000000000000000 ) ) ;
#4551 = CIRCLE ( 'NONE', #4081, 2.268258436585968152 ) ;
#4552 = CARTESIAN_POINT ( 'NONE',  ( -2.630594115711841125E-16, -4.174999999999999822, -31.75000000000000000 ) ) ;
#4553 = CARTESIAN_POINT ( 'NONE',  ( 0.4871800118523835210, 2.042738830444499332, 2.470636393497685823 ) ) ;
#4554 = CARTESIAN_POINT ( 'NONE',  ( 0.4000000000000001887, -2.061552812808830293, 5.438999999999999169 ) ) ;
#4555 = EDGE_CURVE ( 'NONE', #2944, #4207, #3076, .T. ) ;
#4556 = CYLINDRICAL_SURFACE ( 'NONE', #4141, 2.100000000000000977 ) ;
#4557 = LINE ( 'NONE', #4584, #3669 ) ;
#4558 = ORIENTED_EDGE ( 'NONE', *, *, #5242, .F. ) ;
#4559 = CARTESIAN_POINT ( 'NONE',  ( 4.804415587728428250, -50.04532472225498907, -36.94999999999988916 ) ) ;
#4560 = EDGE_CURVE ( 'NONE', #5250, #4399, #5283, .T. ) ;
#4561 = DIRECTION ( 'NONE',  ( -0.000000000000000000, -0.000000000000000000, -1.000000000000000000 ) ) ;
#4562 = APPROVAL_PERSON_ORGANIZATION ( #2962, #5691, #5663 ) ;
#4563 = CIRCLE ( 'NONE', #5780, 3.174999999999999822 ) ;
#4564 = DIRECTION ( 'NONE',  ( 0.7071067811865475727, -0.7071067811865474617, 0.000000000000000000 ) ) ;
#4565 = VERTEX_POINT ( 'NONE', #4337 ) ;
#4566 = DIRECTION ( 'NONE',  ( 1.000000000000000000, 0.000000000000000000, 0.000000000000000000 ) ) ;
#4567 = VECTOR ( 'NONE', #5724, 1000.000000000000000 ) ;
#4568 = DIRECTION ( 'NONE',  ( 0.000000000000000000, 0.000000000000000000, 1.000000000000000000 ) ) ;
#4569 = DIRECTION ( 'NONE',  ( 0.000000000000000000, -0.000000000000000000, 1.000000000000000000 ) ) ;
#4570 = CARTESIAN_POINT ( 'NONE',  ( 17.89999999999999147, -50.04532472225498907, -14.24558441227167371 ) ) ;
#4571 = ORIENTED_EDGE ( 'NONE', *, *, #584, .F. ) ;
#4572 = ORIENTED_EDGE ( 'NONE', *, *, #510, .F. ) ;
#4573 = LINE ( 'NONE', #524, #3733 ) ;
#4574 = EDGE_CURVE ( 'NONE', #3460, #3320, #262, .T. ) ;
#4575 = AXIS2_PLACEMENT_3D ( 'NONE', #1507, #4964, #1860 ) ;
#4576 = EDGE_LOOP ( 'NONE', ( #1443, #2924, #4932, #1771 ) ) ;
#4577 = VERTEX_POINT ( 'NONE', #2599 ) ;
#4578 = LINE ( 'NONE', #5070, #4744 ) ;
#4579 = DIRECTION ( 'NONE',  ( 0.7071067811865487940, 0.000000000000000000, -0.7071067811865463515 ) ) ;
#4580 = DIRECTION ( 'NONE',  ( 0.7071067811865474617, 0.7071067811865475727, 0.000000000000000000 ) ) ;
#4581 = EDGE_CURVE ( 'NONE', #102, #4882, #4321, .T. ) ;
#4582 = DIRECTION ( 'NONE',  ( -0.000000000000000000, 1.000000000000000000, -0.000000000000000000 ) ) ;
#4583 = VECTOR ( 'NONE', #3181, 1000.000000000000000 ) ;
#4584 = CARTESIAN_POINT ( 'NONE',  ( 6.350000000000002309, -0.8890000000000000124, -15.87500000000000000 ) ) ;
#4585 = EDGE_CURVE ( 'NONE', #422, #5250, #3457, .T. ) ;
#4586 = ORIENTED_EDGE ( 'NONE', *, *, #1057, .T. ) ;
#4587 = DIRECTION ( 'NONE',  ( -0.000000000000000000, -0.000000000000000000, 1.000000000000000000 ) ) ;
#4588 = FACE_BOUND ( 'NONE', #2380, .T. ) ;
#4589 = DIRECTION ( 'NONE',  ( -0.000000000000000000, 1.000000000000000000, -0.000000000000000000 ) ) ;
#4590 = DIRECTION ( 'NONE',  ( -0.000000000000000000, -1.000000000000000000, -0.000000000000000000 ) ) ;
#4591 = VERTEX_POINT ( 'NONE', #5714 ) ;
#4592 = EDGE_CURVE ( 'NONE', #1598, #4032, #1403, .T. ) ;
#4593 = EDGE_CURVE ( 'NONE', #4961, #1174, #4981, .T. ) ;
#4594 = CARTESIAN_POINT ( 'NONE',  ( -1.014510943328118249E-13, -0.1999999999999996503, -36.94999999999989626 ) ) ;
#4595 = LINE ( 'NONE', #160, #2840 ) ;
#4596 = DIRECTION ( 'NONE',  ( 0.000000000000000000, 0.000000000000000000, 1.000000000000000000 ) ) ;
#4597 = LINE ( 'NONE', #496, #1018 ) ;
#4598 = AXIS2_PLACEMENT_3D ( 'NONE', #3090, #2231, #3619 ) ;
#4599 = ORIENTED_EDGE ( 'NONE', *, *, #5138, .F. ) ;
#4600 = FACE_OUTER_BOUND ( 'NONE', #5100, .T. ) ;
#4601 = ORIENTED_EDGE ( 'NONE', *, *, #3723, .T. ) ;
#4602 = ORIENTED_EDGE ( 'NONE', *, *, #2469, .T. ) ;
#4603 = LINE ( 'NONE', #4219, #3507 ) ;
#4604 = VECTOR ( 'NONE', #4156, 1000.000000000000000 ) ;
#4605 = DIRECTION ( 'NONE',  ( -0.000000000000000000, -0.000000000000000000, -1.000000000000000000 ) ) ;
#4606 = AXIS2_PLACEMENT_3D ( 'NONE', #938, #4536, #489 ) ;
#4607 = CARTESIAN_POINT ( 'NONE',  ( 18.89999999999977831, -0.1999999999999996503, -26.53137084989835515 ) ) ;
#4608 = VECTOR ( 'NONE', #3541, 1000.000000000000000 ) ;
#4609 = VECTOR ( 'NONE', #4333, 1000.000000000000227 ) ;
#4610 = CARTESIAN_POINT ( 'NONE',  ( 5.900214239177761313E-15, -6.201024999999999565, -6.350000000000004974 ) ) ;
#4611 = AXIS2_PLACEMENT_3D ( 'NONE', #562, #4582, #2369 ) ;
#4612 = CARTESIAN_POINT ( 'NONE',  ( -2.100000000000000089, 0.000000000000000000, 0.8890000000000009006 ) ) ;
#4613 = CARTESIAN_POINT ( 'NONE',  ( -2.630594115711841125E-16, -0.8890000000000000124, -34.92499999999999716 ) ) ;
#4614 = VERTEX_POINT ( 'NONE', #2127 ) ;
#4615 = ORIENTED_EDGE ( 'NONE', *, *, #5034, .F. ) ;
#4616 = DIRECTION ( 'NONE',  ( 0.000000000000000000, 1.000000000000000000, 0.000000000000000000 ) ) ;
#4617 = DIRECTION ( 'NONE',  ( -1.084202172485504434E-16, 0.000000000000000000, -1.000000000000000000 ) ) ;
#4618 = AXIS2_PLACEMENT_3D ( 'NONE', #4265, #5643, #5088 ) ;
#4619 = DIRECTION ( 'NONE',  ( 0.000000000000000000, 0.000000000000000000, 1.000000000000000000 ) ) ;
#4620 = EDGE_CURVE ( 'NONE', #5759, #5099, #3893, .T. ) ;
#4621 = EDGE_CURVE ( 'NONE', #4591, #2099, #5743, .T. ) ;
#4622 = DIRECTION ( 'NONE',  ( -1.000000000000000000, -0.000000000000000000, -0.000000000000000000 ) ) ;
#4623 = EDGE_LOOP ( 'NONE', ( #1832, #2279 ) ) ;
#4624 = CARTESIAN_POINT ( 'NONE',  ( 10.59999999999999787, 0.000000000000000000, 0.8890000000000009006 ) ) ;
#4625 = DIRECTION ( 'NONE',  ( -1.195183497228115281E-16, -1.000000000000000000, 0.000000000000000000 ) ) ;
#4626 = DIRECTION ( 'NONE',  ( -0.7071067811865466846, 0.000000000000000000, -0.7071067811865483499 ) ) ;
#4627 = EDGE_CURVE ( 'NONE', #5373, #5292, #3944, .T. ) ;
#4628 = CARTESIAN_POINT ( 'NONE',  ( 6.350000000000000533, -0.8890000000000000124, -22.22499999999999787 ) ) ;
#4629 = ORIENTED_EDGE ( 'NONE', *, *, #4592, .F. ) ;
#4630 = DIRECTION ( 'NONE',  ( 0.000000000000000000, -0.000000000000000000, 1.000000000000000000 ) ) ;
#4631 = ORIENTED_EDGE ( 'NONE', *, *, #4026, .F. ) ;
#4632 = ORIENTED_EDGE ( 'NONE', *, *, #5678, .F. ) ;
#4633 = VECTOR ( 'NONE', #3419, 1000.000000000000000 ) ;
#4634 = LINE ( 'NONE', #645, #3781 ) ;
#4635 = EDGE_CURVE ( 'NONE', #641, #3460, #1778, .T. ) ;
#4636 = CIRCLE ( 'NONE', #2565, 1.554966049364602254 ) ;
#4637 = DIRECTION ( 'NONE',  ( -0.7071067811865453523, 0.000000000000000000, 0.7071067811865496822 ) ) ;
#4638 = CARTESIAN_POINT ( 'NONE',  ( 0.1233449203368022079, 2.100009524403048111, 2.138959997505216926 ) ) ;
#4639 = AXIS2_PLACEMENT_3D ( 'NONE', #5604, #3834, #2010 ) ;
#4640 = DIRECTION ( 'NONE',  ( -0.000000000000000000, 1.000000000000000000, -0.000000000000000000 ) ) ;
#4641 = LINE ( 'NONE', #594, #3205 ) ;
#4642 = ORIENTED_EDGE ( 'NONE', *, *, #4843, .T. ) ;
#4643 = ORIENTED_EDGE ( 'NONE', *, *, #144, .T. ) ;
#4644 = DIRECTION ( 'NONE',  ( 0.000000000000000000, 0.000000000000000000, 1.000000000000000000 ) ) ;
#4645 = CARTESIAN_POINT ( 'NONE',  ( 6.350000000000000533, -2.175000000000000711, -25.39999999999999858 ) ) ;
#4646 = DIRECTION ( 'NONE',  ( 0.7071067811865501263, 0.000000000000000000, 0.7071067811865449082 ) ) ;
#4647 = DIRECTION ( 'NONE',  ( 0.000000000000000000, 0.000000000000000000, 1.000000000000000000 ) ) ;
#4648 = EDGE_LOOP ( 'NONE', ( #2281, #1155, #3164, #1806 ) ) ;
#4649 = EDGE_CURVE ( 'NONE', #3775, #1582, #169, .T. ) ;
#4650 = DIRECTION ( 'NONE',  ( 0.000000000000000000, 0.000000000000000000, 1.000000000000000000 ) ) ;
#4651 = DIRECTION ( 'NONE',  ( -0.000000000000000000, 1.000000000000000000, -0.000000000000000000 ) ) ;
#4652 = CARTESIAN_POINT ( 'NONE',  ( 5.900214239177761313E-15, -0.8890000000000000124, -4.250000000000005329 ) ) ;
#4653 = VECTOR ( 'NONE', #1729, 1000.000000000000000 ) ;
#4654 = EDGE_CURVE ( 'NONE', #565, #1493, #5191, .T. ) ;
#4655 = FACE_OUTER_BOUND ( 'NONE', #1292, .T. ) ;
#4656 = VERTEX_POINT ( 'NONE', #2509 ) ;
#4657 = DIRECTION ( 'NONE',  ( -0.000000000000000000, 1.000000000000000000, -0.000000000000000000 ) ) ;
#4658 = EDGE_LOOP ( 'NONE', ( #1076, #2474 ) ) ;
#4659 = AXIS2_PLACEMENT_3D ( 'NONE', #5140, #2485, #2514 ) ;
#4660 = EDGE_CURVE ( 'NONE', #3020, #413, #1181, .T. ) ;
#4661 = VERTEX_POINT ( 'NONE', #2065 ) ;
#4662 = CARTESIAN_POINT ( 'NONE',  ( -6.199999999999874944, -0.1999999999999996503, -24.26862915010165622 ) ) ;
#4663 = CARTESIAN_POINT ( 'NONE',  ( 0.000000000000000000, 0.000000000000000000, 6.138999999999998458 ) ) ;
#4664 = DIRECTION ( 'NONE',  ( 0.000000000000000000, 1.000000000000000000, 0.000000000000000000 ) ) ;
#4665 = AXIS2_PLACEMENT_3D ( 'NONE', #1720, #1254, #3498 ) ;
#4666 = ORIENTED_EDGE ( 'NONE', *, *, #4912, .F. ) ;
#4667 = ORIENTED_EDGE ( 'NONE', *, *, #2463, .F. ) ;
#4668 = EDGE_CURVE ( 'NONE', #3127, #1804, #3862, .T. ) ;
#4669 = DIRECTION ( 'NONE',  ( -0.08715574274765176821, 0.000000000000000000, 0.9961946980917461003 ) ) ;
#4670 = DIRECTION ( 'NONE',  ( 0.7071067811865452413, -7.330486454263118196E-17, 0.7071067811865499042 ) ) ;
#4671 = CYLINDRICAL_SURFACE ( 'NONE', #4611, 3.175000000000000711 ) ;
#4672 = DIRECTION ( 'NONE',  ( -0.000000000000000000, -1.000000000000000000, -0.000000000000000000 ) ) ;
#4673 = EDGE_LOOP ( 'NONE', ( #3049, #4949 ) ) ;
#4674 = ORIENTED_EDGE ( 'NONE', *, *, #5020, .F. ) ;
#4675 = CARTESIAN_POINT ( 'NONE',  ( 4.804415587728428250, -4.174999999999998046, -36.94999999999988916 ) ) ;
#4676 = VECTOR ( 'NONE', #635, 1000.000000000000000 ) ;
#4677 = DIRECTION ( 'NONE',  ( 0.000000000000000000, 0.000000000000000000, 1.000000000000000000 ) ) ;
#4678 = LINE ( 'NONE', #633, #2077 ) ;
#4679 = ORIENTED_EDGE ( 'NONE', *, *, #3179, .F. ) ;
#4680 = AXIS2_PLACEMENT_3D ( 'NONE', #675, #4245, #642 ) ;
#4681 = CIRCLE ( 'NONE', #2897, 1.554966049364602254 ) ;
#4682 = CYLINDRICAL_SURFACE ( 'NONE', #1196, 3.175000000000000711 ) ;
#4683 = CARTESIAN_POINT ( 'NONE',  ( -2.299999999999999822, 0.000000000000000000, 5.523072258617638397 ) ) ;
#4684 = DIRECTION ( 'NONE',  ( 0.000000000000000000, 1.000000000000000000, 0.000000000000000000 ) ) ;
#4685 = CARTESIAN_POINT ( 'NONE',  ( -2.630594115711841125E-16, -0.8890000000000000124, -19.05000000000000071 ) ) ;
#4686 = ORIENTED_EDGE ( 'NONE', *, *, #4707, .F. ) ;
#4687 = CARTESIAN_POINT ( 'NONE',  ( -2.630594115711841125E-16, -5.460999999999999410, -29.64999999999999858 ) ) ;
#4688 = ORIENTED_EDGE ( 'NONE', *, *, #5231, .T. ) ;
#4689 = VERTEX_POINT ( 'NONE', #4896 ) ;
#4690 = DIRECTION ( 'NONE',  ( -0.000000000000000000, 0.000000000000000000, 1.000000000000000000 ) ) ;
#4691 = PLANE ( 'NONE',  #993 ) ;
#4692 = CARTESIAN_POINT ( 'NONE',  ( 0.4980973490458738828, -3.174999999999999822, 2.595422128626172054 ) ) ;
#4693 = EDGE_CURVE ( 'NONE', #4890, #2859, #862, .T. ) ;
#4694 = EDGE_CURVE ( 'NONE', #5214, #1122, #5800, .T. ) ;
#4695 = ORIENTED_EDGE ( 'NONE', *, *, #5095, .F. ) ;
#4696 = VECTOR ( 'NONE', #2275, 1000.000000000000000 ) ;
#4697 = CARTESIAN_POINT ( 'NONE',  ( 12.45290825211801256, 2.087439085565598429, 2.187221323398955253 ) ) ;
#4698 = APPROVAL_ROLE ( '' ) ;
#4699 = EDGE_CURVE ( 'NONE', #3403, #2844, #4124, .T. ) ;
#4700 = AXIS2_PLACEMENT_3D ( 'NONE', #4570, #3268, #3679 ) ;
#4701 = DIRECTION ( 'NONE',  ( -0.000000000000000000, -0.000000000000000000, -1.000000000000000000 ) ) ;
#4702 = CARTESIAN_POINT ( 'NONE',  ( 16.35441558772843251, -50.04532472225498907, -25.39999999999989910 ) ) ;
#4703 = VECTOR ( 'NONE', #4579, 1000.000000000000000 ) ;
#4704 = VECTOR ( 'NONE', #5727, 1000.000000000000000 ) ;
#4705 = EDGE_LOOP ( 'NONE', ( #4862, #2350 ) ) ;
#4706 = CARTESIAN_POINT ( 'NONE',  ( 1.257659471581005203E-16, -0.8890000000000000124, -15.87500000000000000 ) ) ;
#4707 = EDGE_CURVE ( 'NONE', #4067, #3106, #2441, .T. ) ;
#4708 = DIRECTION ( 'NONE',  ( -0.000000000000000000, 1.000000000000000000, -0.000000000000000000 ) ) ;
#4709 = ORIENTED_EDGE ( 'NONE', *, *, #5485, .T. ) ;
#4710 = AXIS2_PLACEMENT_3D ( 'NONE', #2996, #2548, #5228 ) ;
#4711 = DIRECTION ( 'NONE',  ( 0.000000000000000000, 0.000000000000000000, 1.000000000000000000 ) ) ;
#4712 = DIRECTION ( 'NONE',  ( 0.000000000000000000, 0.000000000000000000, -1.000000000000000000 ) ) ;
#4713 = LINE ( 'NONE', #2354, #4604 ) ;
#4714 = CARTESIAN_POINT ( 'NONE',  ( 49.41698539317075500, -2.175000000000006040, -45.76256980544263087 ) ) ;
#4715 = CIRCLE ( 'NONE', #5555, 1.554966049364602254 ) ;
#4716 = EDGE_LOOP ( 'NONE', ( #2041, #51, #1475, #3255 ) ) ;
#4717 = CARTESIAN_POINT ( 'NONE',  ( 17.89999999999999858, -6.199999999999997513, -26.94558441227146872 ) ) ;
#4718 = VERTEX_POINT ( 'NONE', #5448 ) ;
#4719 = ORIENTED_EDGE ( 'NONE', *, *, #1712, .T. ) ;
#4720 = FACE_OUTER_BOUND ( 'NONE', #3362, .T. ) ;
#4721 = FACE_BOUND ( 'NONE', #3980, .T. ) ;
#4722 = CARTESIAN_POINT ( 'NONE',  ( -5.199999999999866063, -0.1999999999999996503, -31.75000000000000000 ) ) ;
#4723 = ORIENTED_EDGE ( 'NONE', *, *, #3326, .T. ) ;
#4724 = ORIENTED_EDGE ( 'NONE', *, *, #2450, .T. ) ;
#4725 = DIRECTION ( 'NONE',  ( -1.209468558947973047E-16, -1.000000000000000000, 0.000000000000000000 ) ) ;
#4726 = AXIS2_PLACEMENT_3D ( 'NONE', #1470, #543, #5121 ) ;
#4727 = DIRECTION ( 'NONE',  ( -0.000000000000000000, 1.000000000000000000, -0.000000000000000000 ) ) ;
#4728 = DIRECTION ( 'NONE',  ( 0.000000000000000000, 0.000000000000000000, 1.000000000000000000 ) ) ;
#4729 = VECTOR ( 'NONE', #3532, 1000.000000000000000 ) ;
#4730 = EDGE_CURVE ( 'NONE', #3023, #1928, #439, .T. ) ;
#4731 = ORIENTED_EDGE ( 'NONE', *, *, #5623, .T. ) ;
#4732 = FACE_OUTER_BOUND ( 'NONE', #3335, .T. ) ;
#4733 = CARTESIAN_POINT ( 'NONE',  ( 18.89999999999976055, -6.200000000000000178, -13.83137084989834165 ) ) ;
#4734 = CARTESIAN_POINT ( 'NONE',  ( 6.350000000000002309, -0.8890000000000000124, -12.69999999999999929 ) ) ;
#4735 = ORIENTED_EDGE ( 'NONE', *, *, #5728, .F. ) ;
#4736 = EDGE_CURVE ( 'NONE', #1536, #5024, #5069, .T. ) ;
#4737 = CARTESIAN_POINT ( 'NONE',  ( -5.068629150101425118, 6.201000000000001400, -25.39999999999999503 ) ) ;
#4738 = DIRECTION ( 'NONE',  ( 0.000000000000000000, 0.000000000000000000, 1.000000000000000000 ) ) ;
#4739 = CYLINDRICAL_SURFACE ( 'NONE', #3195, 2.100000000000000977 ) ;
#4740 = VERTEX_POINT ( 'NONE', #4979 ) ;
#4741 = CARTESIAN_POINT ( 'NONE',  ( 6.350000000000000533, -5.460999999999999410, -22.22499999999999787 ) ) ;
#4742 = VERTEX_POINT ( 'NONE', #1768 ) ;
#4743 = ORIENTED_EDGE ( 'NONE', *, *, #5623, .F. ) ;
#4744 = VECTOR ( 'NONE', #1397, 1000.000000000000000 ) ;
#4745 = CARTESIAN_POINT ( 'NONE',  ( 5.900214239177761313E-15, -5.460999999999999410, -6.350000000000004974 ) ) ;
#4746 = DIRECTION ( 'NONE',  ( -0.000000000000000000, -1.000000000000000000, -0.000000000000000000 ) ) ;
#4747 = CARTESIAN_POINT ( 'NONE',  ( -2.630594115711841125E-16, -5.460999999999999410, -31.75000000000000000 ) ) ;
#4748 = EDGE_CURVE ( 'NONE', #5185, #2734, #1830, .T. ) ;
#4749 = VERTEX_POINT ( 'NONE', #520 ) ;
#4750 = AXIS2_PLACEMENT_3D ( 'NONE', #3791, #5586, #4999 ) ;
#4751 = ORIENTED_EDGE ( 'NONE', *, *, #1161, .T. ) ;
#4752 = EDGE_LOOP ( 'NONE', ( #2447, #3404, #5220, #4146 ) ) ;
#4753 = CARTESIAN_POINT ( 'NONE',  ( 17.89999999999999858, -2.175000000000003375, -26.94558441227146872 ) ) ;
#4754 = PERSON_AND_ORGANIZATION_ROLE ( 'creator' ) ;
#4755 = CARTESIAN_POINT ( 'NONE',  ( 1.257659471581005696E-16, -0.8890000000000000124, -28.57499999999999929 ) ) ;
#4756 = DIRECTION ( 'NONE',  ( -0.3090169943749442316, 0.000000000000000000, -0.9510565162951545304 ) ) ;
#4757 = AXIS2_PLACEMENT_3D ( 'NONE', #3075, #5311, #4487 ) ;
#4758 = ORIENTED_EDGE ( 'NONE', *, *, #3122, .T. ) ;
#4759 = DIRECTION ( 'NONE',  ( -1.000000000000000000, 0.000000000000000000, 0.000000000000000000 ) ) ;
#4760 = LINE ( 'NONE', #2970, #4168 ) ;
#4761 = DIRECTION ( 'NONE',  ( 1.209468558947973047E-16, 1.000000000000000000, 0.000000000000000000 ) ) ;
#4762 = EDGE_CURVE ( 'NONE', #5224, #3822, #3578, .T. ) ;
#4763 = ORIENTED_EDGE ( 'NONE', *, *, #5522, .T. ) ;
#4764 = PLANE ( 'NONE',  #3625 ) ;
#4765 = CARTESIAN_POINT ( 'NONE',  ( 12.69999999999999929, 0.000000000000000000, 5.438999999999999169 ) ) ;
#4766 = LINE ( 'NONE', #4798, #3488 ) ;
#4767 = EDGE_CURVE ( 'NONE', #3741, #837, #5726, .T. ) ;
#4768 = ADVANCED_FACE ( 'NONE', ( #3132 ), #4512, .F. ) ;
#4769 = ORIENTED_EDGE ( 'NONE', *, *, #3224, .T. ) ;
#4770 = ORIENTED_EDGE ( 'NONE', *, *, #2253, .F. ) ;
#4771 = DIRECTION ( 'NONE',  ( -1.195183497228115281E-16, -1.000000000000000000, 0.000000000000000000 ) ) ;
#4772 = VERTEX_POINT ( 'NONE', #494 ) ;
#4773 = PLANE ( 'NONE',  #1807 ) ;
#4774 = DIRECTION ( 'NONE',  ( 0.000000000000000000, 1.000000000000000000, 0.000000000000000000 ) ) ;
#4775 = DIRECTION ( 'NONE',  ( 0.000000000000000000, 0.000000000000000000, 1.000000000000000000 ) ) ;
#4776 = EDGE_CURVE ( 'NONE', #5651, #5379, #2303, .T. ) ;
#4777 = ORIENTED_EDGE ( 'NONE', *, *, #4693, .F. ) ;
#4778 = ORIENTED_EDGE ( 'NONE', *, *, #1280, .F. ) ;
#4779 = ORIENTED_EDGE ( 'NONE', *, *, #5308, .F. ) ;
#4780 = ORIENTED_EDGE ( 'NONE', *, *, #3912, .T. ) ;
#4781 = CARTESIAN_POINT ( 'NONE',  ( 6.350000000000002309, -5.460999999999999410, -10.59999999999999787 ) ) ;
#4782 = APPROVAL_DATE_TIME ( #239, #5691 ) ;
#4783 = PLANE ( 'NONE',  #373 ) ;
#4784 = PRODUCT_DEFINITION_FORMATION_WITH_SPECIFIED_SOURCE ( 'ANY', '', #1268, .NOT_KNOWN. ) ;
#4785 = ORIENTED_EDGE ( 'NONE', *, *, #342, .F. ) ;
#4786 = CARTESIAN_POINT ( 'NONE',  ( 7.895584412271571928, -0.1999999999999996503, -36.94999999999989626 ) ) ;
#4787 = LINE ( 'NONE', #4733, #204 ) ;
#4788 = AXIS2_PLACEMENT_3D ( 'NONE', #2628, #4427, #383 ) ;
#4789 = DIRECTION ( 'NONE',  ( 0.000000000000000000, 0.000000000000000000, -1.000000000000000000 ) ) ;
#4790 = ORIENTED_EDGE ( 'NONE', *, *, #4299, .F. ) ;
#4791 = CIRCLE ( 'NONE', #3197, 2.100000000000000977 ) ;
#4792 = EDGE_CURVE ( 'NONE', #3898, #1734, #1389, .T. ) ;
#4793 = AXIS2_PLACEMENT_3D ( 'NONE', #797, #2591, #5304 ) ;
#4794 = CARTESIAN_POINT ( 'NONE',  ( 5.218629150101651071, -6.200000000000000178, -37.94999999999976126 ) ) ;
#4795 = LINE ( 'NONE', #5705, #4633 ) ;
#4796 = ADVANCED_FACE ( 'NONE', ( #1801 ), #4042, .F. ) ;
#4797 = EDGE_CURVE ( 'NONE', #1493, #4975, #2159, .T. ) ;
#4798 = CARTESIAN_POINT ( 'NONE',  ( 17.89999999999999147, -50.04532472225498907, -14.24558441227167371 ) ) ;
#4799 = VECTOR ( 'NONE', #5382, 1000.000000000000000 ) ;
#4800 = ORIENTED_EDGE ( 'NONE', *, *, #2866, .F. ) ;
#4801 = CIRCLE ( 'NONE', #5833, 2.268258436585967264 ) ;
#4802 = ORIENTED_EDGE ( 'NONE', *, *, #2893, .F. ) ;
#4803 = LINE ( 'NONE', #4394, #4609 ) ;
#4804 = ORIENTED_EDGE ( 'NONE', *, *, #2965, .F. ) ;
#4805 = CARTESIAN_POINT ( 'NONE',  ( 10.43174156341403247, 0.000000000000000000, 5.620762745781209269 ) ) ;
#4806 = EDGE_CURVE ( 'NONE', #879, #1963, #1302, .T. ) ;
#4807 = DIRECTION ( 'NONE',  ( -0.000000000000000000, 1.000000000000000000, -0.000000000000000000 ) ) ;
#4808 = DIRECTION ( 'NONE',  ( -1.000000000000000000, 0.000000000000000000, 0.000000000000000000 ) ) ;
#4809 = VECTOR ( 'NONE', #3121, 1000.000000000000000 ) ;
#4810 = CARTESIAN_POINT ( 'NONE',  ( 18.89999999999976055, -0.1999999999999996503, -24.26862915010165977 ) ) ;
#4811 = ORIENTED_EDGE ( 'NONE', *, *, #3228, .F. ) ;
#4812 = ORIENTED_EDGE ( 'NONE', *, *, #699, .F. ) ;
#4813 = ORIENTED_EDGE ( 'NONE', *, *, #121, .T. ) ;
#4814 = ADVANCED_FACE ( 'NONE', ( #2716 ), #69, .T. ) ;
#4815 = ORIENTED_EDGE ( 'NONE', *, *, #188, .T. ) ;
#4816 = FACE_BOUND ( 'NONE', #1779, .T. ) ;
#4817 = CIRCLE ( 'NONE', #391, 3.174999999999999822 ) ;
#4818 = CYLINDRICAL_SURFACE ( 'NONE', #5369, 3.174999999999997158 ) ;
#4819 = VERTEX_POINT ( 'NONE', #5339 ) ;
#4820 = DIRECTION ( 'NONE',  ( 1.000000000000000000, -1.365923996832130870E-16, 0.000000000000000000 ) ) ;
#4821 = AXIS2_PLACEMENT_3D ( 'NONE', #1330, #4424, #4511 ) ;
#4822 = FACE_OUTER_BOUND ( 'NONE', #5349, .T. ) ;
#4823 = FACE_OUTER_BOUND ( 'NONE', #3843, .T. ) ;
#4824 = CARTESIAN_POINT ( 'NONE',  ( -2.630594115711841125E-16, -6.199999999999997513, -31.75000000000000000 ) ) ;
#4825 = ORIENTED_EDGE ( 'NONE', *, *, #3751, .F. ) ;
#4826 = AXIS2_PLACEMENT_3D ( 'NONE', #154, #5054, #3232 ) ;
#4827 = AXIS2_PLACEMENT_3D ( 'NONE', #1611, #5699, #215 ) ;
#4828 = PLANE ( 'NONE',  #340 ) ;
#4829 = CARTESIAN_POINT ( 'NONE',  ( 0.4000000000000000222, -2.243459280444428217, 5.588199955838118349 ) ) ;
#4830 = CARTESIAN_POINT ( 'NONE',  ( -5.199999999999993072, -50.04532472225498907, -14.24558441227167371 ) ) ;
#4831 = VECTOR ( 'NONE', #1092, 1000.000000000000114 ) ;
#4832 = VERTEX_POINT ( 'NONE', #3102 ) ;
#4833 = EDGE_LOOP ( 'NONE', ( #4988, #5267, #595, #1871 ) ) ;
#4834 = EDGE_CURVE ( 'NONE', #1533, #469, #2660, .T. ) ;
#4835 = DIRECTION ( 'NONE',  ( -0.7071067811865453523, 0.000000000000000000, -0.7071067811865496822 ) ) ;
#4836 = DIRECTION ( 'NONE',  ( 1.000000000000000000, 0.000000000000000000, 0.000000000000000000 ) ) ;
#4837 = PLANE ( 'NONE',  #715 ) ;
#4838 = DIRECTION ( 'NONE',  ( 3.484311720645859373E-14, -0.000000000000000000, -1.000000000000000000 ) ) ;
#4839 = DIRECTION ( 'NONE',  ( 1.000000000000000000, 0.000000000000000000, 0.000000000000000000 ) ) ;
#4840 = ORIENTED_EDGE ( 'NONE', *, *, #625, .F. ) ;
#4841 = ORIENTED_EDGE ( 'NONE', *, *, #71, .T. ) ;
#4842 = VERTEX_POINT ( 'NONE', #4241 ) ;
#4843 = EDGE_CURVE ( 'NONE', #641, #16, #2451, .T. ) ;
#4844 = ORIENTED_EDGE ( 'NONE', *, *, #3042, .T. ) ;
#4845 = DIRECTION ( 'NONE',  ( -0.000000000000000000, 1.000000000000000000, -0.000000000000000000 ) ) ;
#4846 = VECTOR ( 'NONE', #4475, 1000.000000000000000 ) ;
#4847 = EDGE_CURVE ( 'NONE', #2749, #3440, #4713, .T. ) ;
#4848 = EDGE_CURVE ( 'NONE', #4387, #884, #671, .T. ) ;
#4849 = CARTESIAN_POINT ( 'NONE',  ( -0.3999999999999999667, 2.232710535457612888, 5.620762745781209269 ) ) ;
#4850 = AXIS2_PLACEMENT_3D ( 'NONE', #1342, #3117, #1754 ) ;
#4851 = ORIENTED_EDGE ( 'NONE', *, *, #3730, .F. ) ;
#4852 = DIRECTION ( 'NONE',  ( -8.115498896123205041E-15, 0.000000000000000000, 1.000000000000000000 ) ) ;
#4853 = CARTESIAN_POINT ( 'NONE',  ( -0.5734863112436878740, 2.021666578221208432, 3.457121909598164233 ) ) ;
#4854 = DIRECTION ( 'NONE',  ( 0.000000000000000000, 1.000000000000000000, 0.000000000000000000 ) ) ;
#4855 = PLANE ( 'NONE',  #4434 ) ;
#4856 = AXIS2_PLACEMENT_3D ( 'NONE', #4336, #289, #1567 ) ;
#4857 = ORIENTED_EDGE ( 'NONE', *, *, #4268, .F. ) ;
#4858 = LINE ( 'NONE', #1322, #1923 ) ;
#4859 = DIRECTION ( 'NONE',  ( 0.000000000000000000, 0.000000000000000000, 1.000000000000000000 ) ) ;
#4860 = CARTESIAN_POINT ( 'NONE',  ( 12.69999999999999929, -50.04532472225498907, -31.75000000000000000 ) ) ;
#4861 = ORIENTED_EDGE ( 'NONE', *, *, #1640, .T. ) ;
#4862 = ORIENTED_EDGE ( 'NONE', *, *, #1915, .T. ) ;
#4863 = CYLINDRICAL_SURFACE ( 'NONE', #1981, 2.100000000000000977 ) ;
#4864 = LINE ( 'NONE', #348, #19 ) ;
#4865 = CARTESIAN_POINT ( 'NONE',  ( 12.30000000000000071, 2.129368205736810182, 5.466985055468133403 ) ) ;
#4866 = DIRECTION ( 'NONE',  ( 0.000000000000000000, 0.000000000000000000, 1.000000000000000000 ) ) ;
#4867 = CARTESIAN_POINT ( 'NONE',  ( 13.09999999999999964, -2.061552812808830293, 5.438999999999999169 ) ) ;
#4868 = ORIENTED_EDGE ( 'NONE', *, *, #4274, .T. ) ;
#4869 = EDGE_LOOP ( 'NONE', ( #3772, #4193, #3683, #1914, #839, #812, #3657, #4695, #2417, #3582 ) ) ;
#4870 = VERTEX_POINT ( 'NONE', #1559 ) ;
#4871 = AXIS2_PLACEMENT_3D ( 'NONE', #1113, #558, #1177 ) ;
#4872 = VERTEX_POINT ( 'NONE', #4652 ) ;
#4873 = LINE ( 'NONE', #840, #2119 ) ;
#4874 = EDGE_CURVE ( 'NONE', #3320, #230, #3368, .T. ) ;
#4875 = DIRECTION ( 'NONE',  ( -0.000000000000000000, -0.000000000000000000, -1.000000000000000000 ) ) ;
#4876 = ORIENTED_EDGE ( 'NONE', *, *, #4461, .F. ) ;
#4877 = DIRECTION ( 'NONE',  ( -1.195183497228115281E-16, -1.000000000000000000, 0.000000000000000000 ) ) ;
#4878 = CARTESIAN_POINT ( 'NONE',  ( -6.200000000000001066, -2.174999999999998934, -2.000000000000000000 ) ) ;
#4879 = EDGE_CURVE ( 'NONE', #549, #181, #66, .T. ) ;
#4880 = LINE ( 'NONE', #482, #78 ) ;
#4881 = DIRECTION ( 'NONE',  ( -1.195183497228115281E-16, -1.000000000000000000, 0.000000000000000000 ) ) ;
#4882 = VERTEX_POINT ( 'NONE', #3332 ) ;
#4883 = AXIS2_PLACEMENT_3D ( 'NONE', #3737, #4596, #5474 ) ;
#4884 = PLANE ( 'NONE',  #223 ) ;
#4885 = EDGE_CURVE ( 'NONE', #3256, #5791, #2630, .T. ) ;
#4886 = CARTESIAN_POINT ( 'NONE',  ( 5.900214239177761313E-15, -5.460999999999999410, -6.350000000000004974 ) ) ;
#4887 = CARTESIAN_POINT ( 'NONE',  ( 0.4000000000000001887, -1.663407726524675834, 6.138999999999999346 ) ) ;
#4888 = CIRCLE ( 'NONE', #3756, 2.100000000000000977 ) ;
#4890 = VERTEX_POINT ( 'NONE', #128 ) ;
#4889 = AXIS2_PLACEMENT_3D ( 'NONE', #4830, #3420, #5184 ) ;
#4891 = ORIENTED_EDGE ( 'NONE', *, *, #4654, .F. ) ;
#4892 = VECTOR ( 'NONE', #4835, 1000.000000000000000 ) ;
#4893 = FACE_OUTER_BOUND ( 'NONE', #3186, .T. ) ;
#4894 = DIRECTION ( 'NONE',  ( 0.7071067811865499042, -0.000000000000000000, 0.7071067811865452413 ) ) ;
#4895 = DIRECTION ( 'NONE',  ( -0.000000000000000000, 1.000000000000000000, -0.000000000000000000 ) ) ;
#4896 = CARTESIAN_POINT ( 'NONE',  ( -0.7206315775864664541, -1.972483239316685122, 5.138999999999997570 ) ) ;
#4897 = CARTESIAN_POINT ( 'NONE',  ( 12.20190265095412840, 2.040073290564207831, 2.595422128626172054 ) ) ;
#4898 = VECTOR ( 'NONE', #2076, 1000.000000000000000 ) ;
#4899 = ORIENTED_EDGE ( 'NONE', *, *, #1090, .T. ) ;
#4900 = VERTEX_POINT ( 'NONE', #4271 ) ;
#4901 = ADVANCED_FACE ( 'NONE', ( #2444 ), #1586, .T. ) ;
#4902 = ORIENTED_EDGE ( 'NONE', *, *, #1881, .F. ) ;
#4903 = VERTEX_POINT ( 'NONE', #1967 ) ;
#4904 = AXIS2_PLACEMENT_3D ( 'NONE', #1050, #2849, #4647 ) ;
#4905 = CARTESIAN_POINT ( 'NONE',  ( 12.20190265095412840, -2.040073290564207831, 2.595422128626172054 ) ) ;
#4906 = CARTESIAN_POINT ( 'NONE',  ( -6.199999999999945999, -0.1999999999999996503, -11.56862915010164983 ) ) ;
#4907 = ORIENTED_EDGE ( 'NONE', *, *, #144, .F. ) ;
#4908 = DIRECTION ( 'NONE',  ( 0.7071067811865501263, 0.000000000000000000, 0.7071067811865449082 ) ) ;
#4909 = DIRECTION ( 'NONE',  ( -0.000000000000000000, 1.000000000000000000, -0.000000000000000000 ) ) ;
#4910 = FACE_OUTER_BOUND ( 'NONE', #5518, .T. ) ;
#4911 = LINE ( 'NONE', #759, #377 ) ;
#4912 = EDGE_CURVE ( 'NONE', #3440, #1074, #3799, .T. ) ;
#4913 = VECTOR ( 'NONE', #4476, 1000.000000000000000 ) ;
#4914 = VERTEX_POINT ( 'NONE', #2828 ) ;
#4915 = DIRECTION ( 'NONE',  ( 1.209468558947973047E-16, 1.000000000000000000, 0.000000000000000000 ) ) ;
#4916 = DIRECTION ( 'NONE',  ( 0.000000000000000000, -0.000000000000000000, 1.000000000000000000 ) ) ;
#4917 = DIRECTION ( 'NONE',  ( 0.000000000000000000, 0.000000000000000000, 1.000000000000000000 ) ) ;
#4918 = AXIS2_PLACEMENT_3D ( 'NONE', #1521, #2818, #991 ) ;
#4919 = EDGE_LOOP ( 'NONE', ( #2300, #566, #158, #2594 ) ) ;
#4920 = ADVANCED_FACE ( 'NONE', ( #5093 ), #5592, .T. ) ;
#4921 = EDGE_LOOP ( 'NONE', ( #4503, #3868 ) ) ;
#4922 = ADVANCED_FACE ( 'NONE', ( #1882 ), #3360, .T. ) ;
#4923 = CARTESIAN_POINT ( 'NONE',  ( 0.000000000000000000, 0.000000000000000000, 6.138999999999998458 ) ) ;
#4924 = CARTESIAN_POINT ( 'NONE',  ( -3.654415587728433223, -6.199999999999997513, -25.39999999999989910 ) ) ;
#4925 = AXIS2_PLACEMENT_3D ( 'NONE', #1864, #233, #2422 ) ;
#4926 = DIRECTION ( 'NONE',  ( -1.195183497228115281E-16, -1.000000000000000000, 0.000000000000000000 ) ) ;
#4927 = DIRECTION ( 'NONE',  ( 0.7071067811865489050, 0.000000000000000000, -0.7071067811865462405 ) ) ;
#4928 = DIRECTION ( 'NONE',  ( 0.000000000000000000, 0.000000000000000000, 1.000000000000000000 ) ) ;
#4929 = VERTEX_POINT ( 'NONE', #2887 ) ;
#4930 = ORIENTED_EDGE ( 'NONE', *, *, #1813, .F. ) ;
#4931 = VERTEX_POINT ( 'NONE', #576 ) ;
#4932 = ORIENTED_EDGE ( 'NONE', *, *, #2866, .T. ) ;
#4933 = DIRECTION ( 'NONE',  ( -1.000000000000000000, 0.000000000000000000, 0.000000000000000000 ) ) ;
#4934 = EDGE_CURVE ( 'NONE', #5759, #4063, #4514, .T. ) ;
#4935 = ORIENTED_EDGE ( 'NONE', *, *, #5193, .F. ) ;
#4936 = CARTESIAN_POINT ( 'NONE',  ( 12.69999999999999929, -6.201024999999999565, -16.94999999999999929 ) ) ;
#4937 = DIRECTION ( 'NONE',  ( -0.000000000000000000, -1.000000000000000000, -0.000000000000000000 ) ) ;
#4938 = CARTESIAN_POINT ( 'NONE',  ( -3.174999999999999822, 3.888253587292846081E-16, 0.000000000000000000 ) ) ;
#4939 = CYLINDRICAL_SURFACE ( 'NONE', #2351, 0.5000000000000000000 ) ;
#4940 = VECTOR ( 'NONE', #2104, 1000.000000000000000 ) ;
#4941 = EDGE_CURVE ( 'NONE', #4430, #5253, #2338, .T. ) ;
#4942 = VERTEX_POINT ( 'NONE', #607 ) ;
#4943 = LINE ( 'NONE', #1791, #4653 ) ;
#4944 = LINE ( 'NONE', #964, #3321 ) ;
#4945 = VECTOR ( 'NONE', #2697, 1000.000000000000000 ) ;
#4946 = EDGE_CURVE ( 'NONE', #2944, #3085, #2056, .T. ) ;
#4947 = EDGE_CURVE ( 'NONE', #1723, #4890, #3678, .T. ) ;
#4948 = DIRECTION ( 'NONE',  ( 0.000000000000000000, 0.000000000000000000, -1.000000000000000000 ) ) ;
#4949 = ORIENTED_EDGE ( 'NONE', *, *, #4946, .T. ) ;
#4950 = CARTESIAN_POINT ( 'NONE',  ( 12.30000000000000071, 2.254205848354697839, 5.555636450100674750 ) ) ;
#4951 = CARTESIAN_POINT ( 'NONE',  ( 0.000000000000000000, 0.000000000000000000, 5.139000000000004675 ) ) ;
#4952 = CARTESIAN_POINT ( 'NONE',  ( 12.69999999999999929, -0.1999999999999996503, -31.75000000000000000 ) ) ;
#4953 = CARTESIAN_POINT ( 'NONE',  ( 12.70000000000000284, -0.8890000000000000124, -6.350000000000004974 ) ) ;
#4954 = EDGE_CURVE ( 'NONE', #3127, #1313, #1471, .T. ) ;
#4955 = ADVANCED_FACE ( 'NONE', ( #2559 ), #3920, .T. ) ;
#4956 = DIRECTION ( 'NONE',  ( 1.000000000000000000, 0.000000000000000000, -8.115498896123167176E-15 ) ) ;
#4957 = ADVANCED_FACE ( 'NONE', ( #3947 ), #1142, .T. ) ;
#4958 = PLANE ( 'NONE',  #4049 ) ;
#4959 = ORIENTED_EDGE ( 'NONE', *, *, #3908, .F. ) ;
#4960 = VERTEX_POINT ( 'NONE', #282 ) ;
#4961 = VERTEX_POINT ( 'NONE', #2087 ) ;
#4962 = ORIENTED_EDGE ( 'NONE', *, *, #819, .T. ) ;
#4963 = AXIS2_PLACEMENT_3D ( 'NONE', #1936, #4296, #700 ) ;
#4964 = DIRECTION ( 'NONE',  ( 1.209468558947973047E-16, 1.000000000000000000, 0.000000000000000000 ) ) ;
#4965 = EDGE_CURVE ( 'NONE', #3895, #2988, #4766, .T. ) ;
#4966 = AXIS2_PLACEMENT_3D ( 'NONE', #1360, #2273, #17 ) ;
#4967 = FACE_OUTER_BOUND ( 'NONE', #4705, .T. ) ;
#4968 = DIRECTION ( 'NONE',  ( -8.115498896123205041E-15, 0.000000000000000000, 1.000000000000000000 ) ) ;
#4969 = FACE_BOUND ( 'NONE', #5288, .T. ) ;
#4970 = DIRECTION ( 'NONE',  ( 0.7071067811865453523, 0.000000000000000000, -0.7071067811865496822 ) ) ;
#4971 = ORIENTED_EDGE ( 'NONE', *, *, #5058, .T. ) ;
#4972 = CARTESIAN_POINT ( 'NONE',  ( 12.69999999999999929, -0.8890000000000000124, -31.75000000000000000 ) ) ;
#4973 = DIRECTION ( 'NONE',  ( -0.000000000000000000, 1.000000000000000000, -0.000000000000000000 ) ) ;
#4974 = PLANE ( 'NONE',  #4606 ) ;
#4975 = VERTEX_POINT ( 'NONE', #3885 ) ;
#4976 = ADVANCED_FACE ( 'NONE', ( #4360 ), #5735, .T. ) ;
#4977 = PLANE ( 'NONE',  #1409 ) ;
#4978 = LINE ( 'NONE', #4540, #1809 ) ;
#4979 = CARTESIAN_POINT ( 'NONE',  ( 16.35441558772843251, -4.175000000000005151, -12.70000000000010409 ) ) ;
#4980 = DIRECTION ( 'NONE',  ( 0.000000000000000000, 0.000000000000000000, 1.000000000000000000 ) ) ;
#4981 = CIRCLE ( 'NONE', #3660, 2.100000000000000977 ) ;
#4982 = ORIENTED_EDGE ( 'NONE', *, *, #1124, .T. ) ;
#4983 = ORIENTED_EDGE ( 'NONE', *, *, #5095, .T. ) ;
#4984 = VERTEX_POINT ( 'NONE', #5212 ) ;
#4985 = VECTOR ( 'NONE', #4590, 1000.000000000000000 ) ;
#4986 = ADVANCED_FACE ( 'NONE', ( #5648 ), #825, .F. ) ;
#4987 = CIRCLE ( 'NONE', #3758, 2.299999999999999822 ) ;
#4988 = ORIENTED_EDGE ( 'NONE', *, *, #3871, .F. ) ;
#4989 = DIRECTION ( 'NONE',  ( -0.000000000000000000, 1.000000000000000000, -0.000000000000000000 ) ) ;
#4990 = LINE ( 'NONE', #5433, #5731 ) ;
#4991 = ADVANCED_FACE ( 'NONE', ( #5240 ), #4739, .F. ) ;
#4992 = AXIS2_PLACEMENT_3D ( 'NONE', #2877, #3724, #627 ) ;
#4993 = CARTESIAN_POINT ( 'NONE',  ( 13.19809734904587195, -2.040073290564207831, 2.595422128626172054 ) ) ;
#4994 = LINE ( 'NONE', #478, #5577 ) ;
#4995 =( BOUNDED_CURVE ( )  B_SPLINE_CURVE ( 3, ( #4406, #3499, #2137, #3529 ),
 .UNSPECIFIED., .F., .T. ) 
 B_SPLINE_CURVE_WITH_KNOTS ( ( 4, 4 ),
 ( 1.810267798689539021, 1.921073213463466933 ),
 .UNSPECIFIED. ) 
 CURVE ( )  GEOMETRIC_REPRESENTATION_ITEM ( )  RATIONAL_B_SPLINE_CURVE ( ( 1.000000000000000000, 0.9989771083553060649, 0.9989771083553060649, 1.000000000000000000 ) ) 
 REPRESENTATION_ITEM ( '' )  );
#4996 = LINE ( 'NONE', #5464, #3855 ) ;
#4997 = DIRECTION ( 'NONE',  ( 0.7071067811865487940, -7.330486454263155174E-17, -0.7071067811865463515 ) ) ;
#4998 = ORIENTED_EDGE ( 'NONE', *, *, #2902, .T. ) ;
#4999 = DIRECTION ( 'NONE',  ( 0.7071067811865453523, 0.000000000000000000, 0.7071067811865496822 ) ) ;
#5000 = CARTESIAN_POINT ( 'NONE',  ( 0.000000000000000000, 0.000000000000000000, 5.523072258617638397 ) ) ;
#5001 = FACE_OUTER_BOUND ( 'NONE', #1524, .T. ) ;
#5002 = ORIENTED_EDGE ( 'NONE', *, *, #4593, .F. ) ;
#5003 = AXIS2_PLACEMENT_3D ( 'NONE', #4132, #80, #1034 ) ;
#5004 = DIRECTION ( 'NONE',  ( 1.000000000000000000, -1.365923996832131609E-16, 0.000000000000000000 ) ) ;
#5005 = DIRECTION ( 'NONE',  ( 0.000000000000000000, 0.000000000000000000, 1.000000000000000000 ) ) ;
#5006 = CARTESIAN_POINT ( 'NONE',  ( 6.349999999999993427, -6.200000000000000178, -36.81862915010142956 ) ) ;
#5007 = AXIS2_PLACEMENT_3D ( 'NONE', #3883, #2558, #3003 ) ;
#5008 = LINE ( 'NONE', #3030, #742 ) ;
#5009 = ORIENTED_EDGE ( 'NONE', *, *, #1676, .F. ) ;
#5010 = EDGE_LOOP ( 'NONE', ( #1277, #3494, #3864, #4004 ) ) ;
#5011 = FACE_OUTER_BOUND ( 'NONE', #4673, .T. ) ;
#5012 = VERTEX_POINT ( 'NONE', #250 ) ;
#5013 = CIRCLE ( 'NONE', #302, 3.175000000000000711 ) ;
#5014 = ORIENTED_EDGE ( 'NONE', *, *, #2940, .T. ) ;
#5015 = CARTESIAN_POINT ( 'NONE',  ( 12.20190265095412840, 2.040073290564207831, 2.595422128626172054 ) ) ;
#5016 = EDGE_CURVE ( 'NONE', #117, #2832, #3850, .T. ) ;
#5017 = CARTESIAN_POINT ( 'NONE',  ( 12.69999999999999929, -4.174999999999999822, -22.22500000000000142 ) ) ;
#5018 = CARTESIAN_POINT ( 'NONE',  ( 17.89999999999999858, -2.175000000000003375, -31.75000000000000000 ) ) ;
#5019 = ADVANCED_FACE ( 'NONE', ( #4327 ), #1647, .T. ) ;
#5020 = EDGE_CURVE ( 'NONE', #5598, #91, #5706, .T. ) ;
#5021 = CARTESIAN_POINT ( 'NONE',  ( 12.69999999999999929, -0.8890000000000000124, -29.64999999999999858 ) ) ;
#5022 = DIRECTION ( 'NONE',  ( -1.000000000000000000, 0.000000000000000000, 0.000000000000000000 ) ) ;
#5023 = VECTOR ( 'NONE', #3397, 1000.000000000000000 ) ;
#5024 = VERTEX_POINT ( 'NONE', #4390 ) ;
#5025 = LINE ( 'NONE', #567, #1455 ) ;
#5026 = CARTESIAN_POINT ( 'NONE',  ( 18.89999999999999858, -0.1999999999999996503, -2.000000000000000000 ) ) ;
#5027 = AXIS2_PLACEMENT_3D ( 'NONE', #790, #2551, #694 ) ;
#5028 = CYLINDRICAL_SURFACE ( 'NONE', #5268, 3.175000000000000711 ) ;
#5029 = ORIENTED_EDGE ( 'NONE', *, *, #3648, .F. ) ;
#5030 = CARTESIAN_POINT ( 'NONE',  ( -5.199999999999993072, -2.174999999999996270, -14.24558441227167371 ) ) ;
#5031 = AXIS2_PLACEMENT_3D ( 'NONE', #2336, #561, #1895 ) ;
#5032 = LINE ( 'NONE', #1440, #679 ) ;
#5033 = CARTESIAN_POINT ( 'NONE',  ( 13.09999999999999964, 2.129368206736822700, 5.466985055880802413 ) ) ;
#5034 = EDGE_CURVE ( 'NONE', #5420, #2844, #2501, .T. ) ;
#5035 = CARTESIAN_POINT ( 'NONE',  ( 0.1236690215010813193, -2.099990463092003878, 2.139040055015564601 ) ) ;
#5036 = ORIENTED_EDGE ( 'NONE', *, *, #2581, .T. ) ;
#5037 = CARTESIAN_POINT ( 'NONE',  ( 12.30000000000000071, -2.197165962000668493, 5.495012552331536071 ) ) ;
#5038 = AXIS2_PLACEMENT_3D ( 'NONE', #81, #588, #4108 ) ;
#5039 = ORIENTED_EDGE ( 'NONE', *, *, #612, .F. ) ;
#5040 = VERTEX_POINT ( 'NONE', #1172 ) ;
#5041 = DIRECTION ( 'NONE',  ( 0.000000000000000000, 0.000000000000000000, 1.000000000000000000 ) ) ;
#5042 = B_SPLINE_CURVE_WITH_KNOTS ( 'NONE', 3,
 ( #3283, #4950, #1797, #5394 ),
 .UNSPECIFIED., .F., .F.,
 ( 4, 4 ),
 ( 0.002832913685900423535, 0.002935786532568636018 ),
 .UNSPECIFIED. ) ;
#5043 = LINE ( 'NONE', #3638, #1733 ) ;
#5044 = CARTESIAN_POINT ( 'NONE',  ( -5.199999999999993072, -50.04532472225498907, -23.85441558772832948 ) ) ;
#5045 = EDGE_CURVE ( 'NONE', #516, #5453, #4987, .T. ) ;
#5046 = DIRECTION ( 'NONE',  ( 0.000000000000000000, 0.000000000000000000, 1.000000000000000000 ) ) ;
#5047 = DIRECTION ( 'NONE',  ( -0.000000000000000000, 1.000000000000000000, -0.000000000000000000 ) ) ;
#5048 = FACE_OUTER_BOUND ( 'NONE', #2788, .T. ) ;
#5049 = ORIENTED_EDGE ( 'NONE', *, *, #1938, .T. ) ;
#5050 = VECTOR ( 'NONE', #1502, 1000.000000000000000 ) ;
#5051 = ADVANCED_FACE ( 'NONE', ( #3510 ), #4298, .T. ) ;
#5052 = ORIENTED_EDGE ( 'NONE', *, *, #4776, .T. ) ;
#5053 = LINE ( 'NONE', #4117, #2776 ) ;
#5054 = DIRECTION ( 'NONE',  ( 0.000000000000000000, 0.000000000000000000, 1.000000000000000000 ) ) ;
#5055 = DIRECTION ( 'NONE',  ( 0.000000000000000000, 0.000000000000000000, 1.000000000000000000 ) ) ;
#5056 = DIRECTION ( 'NONE',  ( 0.000000000000000000, 0.000000000000000000, 1.000000000000000000 ) ) ;
#5057 = ORIENTED_EDGE ( 'NONE', *, *, #2668, .F. ) ;
#5058 = EDGE_CURVE ( 'NONE', #895, #4819, #2342, .T. ) ;
#5059 = CARTESIAN_POINT ( 'NONE',  ( 12.69999999999999929, -5.460999999999999410, -28.57499999999999929 ) ) ;
#5060 = DIRECTION ( 'NONE',  ( -1.000000000000000000, 0.000000000000000000, 0.000000000000000000 ) ) ;
#5061 = CARTESIAN_POINT ( 'NONE',  ( 13.09999999999999964, 2.197165962000669381, 5.495012552331536959 ) ) ;
#5062 = DIRECTION ( 'NONE',  ( -5.597763149370537802E-15, -0.000000000000000000, -1.000000000000000000 ) ) ;
#5063 = AXIS2_PLACEMENT_3D ( 'NONE', #4214, #1697, #162 ) ;
#5064 = ORIENTED_EDGE ( 'NONE', *, *, #882, .F. ) ;
#5065 = FACE_OUTER_BOUND ( 'NONE', #2564, .T. ) ;
#5066 = ORIENTED_EDGE ( 'NONE', *, *, #3401, .T. ) ;
#5067 = ORIENTED_EDGE ( 'NONE', *, *, #3801, .T. ) ;
#5068 = DIRECTION ( 'NONE',  ( 1.000000000000000000, 0.000000000000000000, 0.000000000000000000 ) ) ;
#5069 = CIRCLE ( 'NONE', #2810, 6.199999999999781686 ) ;
#5070 = CARTESIAN_POINT ( 'NONE',  ( 17.89999999999999858, -4.175000000000001599, -101.3795551986130192 ) ) ;
#5071 = EDGE_CURVE ( 'NONE', #133, #4565, #2055, .T. ) ;
#5072 = AXIS2_PLACEMENT_3D ( 'NONE', #5637, #3379, #4259 ) ;
#5073 = CARTESIAN_POINT ( 'NONE',  ( 1.257659471581004710E-16, -2.174999999999999822, -15.87500000000000000 ) ) ;
#5074 = VECTOR ( 'NONE', #2662, 1000.000000000000000 ) ;
#5075 = B_SPLINE_CURVE_WITH_KNOTS ( 'NONE', 3,
 ( #887, #4865, #4426, #382 ),
 .UNSPECIFIED., .F., .F.,
 ( 4, 4 ),
 ( 0.007647354141962974666, 0.007869202712918558010 ),
 .UNSPECIFIED. ) ;
#5076 = DIRECTION ( 'NONE',  ( 0.7071067811865463515, -0.000000000000000000, 0.7071067811865487940 ) ) ;
#5077 = CIRCLE ( 'NONE', #1774, 2.100000000000000977 ) ;
#5078 = LINE ( 'NONE', #3318, #5816 ) ;
#5079 = CARTESIAN_POINT ( 'NONE',  ( 6.350000000000000533, -5.460999999999999410, -25.39999999999999858 ) ) ;
#5080 = AXIS2_PLACEMENT_3D ( 'NONE', #3466, #1257, #3057 ) ;
#5081 = PRODUCT_DEFINITION ( 'UNKNOWN', '', #4784, #632 ) ;
#5082 = ORIENTED_EDGE ( 'NONE', *, *, #202, .F. ) ;
#5083 = EDGE_LOOP ( 'NONE', ( #1943, #3685, #2371, #3848 ) ) ;
#5084 = CARTESIAN_POINT ( 'NONE',  ( 12.30000000000000071, 2.232710535457612888, 5.620762745781209269 ) ) ;
#5085 = AXIS2_PLACEMENT_3D ( 'NONE', #491, #1851, #5004 ) ;
#5086 = FACE_OUTER_BOUND ( 'NONE', #3451, .T. ) ;
#5087 = DIRECTION ( 'NONE',  ( 1.000000000000000000, 0.000000000000000000, 0.000000000000000000 ) ) ;
#5088 = DIRECTION ( 'NONE',  ( 1.000000000000000000, -1.365923996832131609E-16, 0.000000000000000000 ) ) ;
#5089 = EDGE_CURVE ( 'NONE', #413, #3380, #547, .T. ) ;
#5090 = ORIENTED_EDGE ( 'NONE', *, *, #3365, .T. ) ;
#5091 = CARTESIAN_POINT ( 'NONE',  ( -5.200000000000000178, -6.199999999999997513, -11.15441558772853270 ) ) ;
#5092 = CARTESIAN_POINT ( 'NONE',  ( 12.69999999999999929, -0.8890000000000000124, -34.92499999999999716 ) ) ;
#5093 = FACE_OUTER_BOUND ( 'NONE', #3537, .T. ) ;
#5094 = DIRECTION ( 'NONE',  ( 0.000000000000000000, 0.000000000000000000, 1.000000000000000000 ) ) ;
#5095 = EDGE_CURVE ( 'NONE', #1857, #2510, #1794, .T. ) ;
#5096 = AXIS2_PLACEMENT_3D ( 'NONE', #1179, #3925, #5280 ) ;
#5097 = ORIENTED_EDGE ( 'NONE', *, *, #1124, .F. ) ;
#5098 = DIRECTION ( 'NONE',  ( 0.000000000000000000, 0.000000000000000000, 1.000000000000000000 ) ) ;
#5099 = VERTEX_POINT ( 'NONE', #3602 ) ;
#5100 = EDGE_LOOP ( 'NONE', ( #3523, #3506, #947 ) ) ;
#5101 = CARTESIAN_POINT ( 'NONE',  ( 12.69999999999999929, 0.000000000000000000, 0.8890000000000009006 ) ) ;
#5102 = CARTESIAN_POINT ( 'NONE',  ( 6.349999999999999645, -0.1999999999999996503, -35.40441558772833019 ) ) ;
#5103 = CARTESIAN_POINT ( 'NONE',  ( 0.4000000000000001887, 2.264950330581225302, 5.523072258617638397 ) ) ;
#5104 = ORIENTED_EDGE ( 'NONE', *, *, #5768, .F. ) ;
#5105 = VECTOR ( 'NONE', #4417, 1000.000000000000000 ) ;
#5106 = AXIS2_PLACEMENT_3D ( 'NONE', #5161, #3311, #2986 ) ;
#5107 = CARTESIAN_POINT ( 'NONE',  ( -3.174999999999999822, 3.888253587292846081E-16, 0.8890000000000009006 ) ) ;
#5108 = CARTESIAN_POINT ( 'NONE',  ( 16.35441558772843251, -2.175000000000003375, -12.70000000000010409 ) ) ;
#5109 = DIRECTION ( 'NONE',  ( 0.7071067811865487940, 0.000000000000000000, -0.7071067811865463515 ) ) ;
#5110 = VECTOR ( 'NONE', #1094, 1000.000000000000000 ) ;
#5111 = CARTESIAN_POINT ( 'NONE',  ( 1.257659471581009147E-16, -5.460999999999999410, -34.92499999999999716 ) ) ;
#5112 = CARTESIAN_POINT ( 'NONE',  ( 12.69999999999999929, 0.000000000000000000, 5.620762745781209269 ) ) ;
#5113 = EDGE_CURVE ( 'NONE', #3895, #4516, #3126, .T. ) ;
#5114 = ORIENTED_EDGE ( 'NONE', *, *, #410, .T. ) ;
#5115 = ORIENTED_EDGE ( 'NONE', *, *, #2727, .T. ) ;
#5116 = DIRECTION ( 'NONE',  ( 0.000000000000000000, 1.000000000000000000, 0.000000000000000000 ) ) ;
#5117 = PLANE ( 'NONE',  #3881 ) ;
#5118 = CARTESIAN_POINT ( 'NONE',  ( 6.350000000000002309, -5.460999999999999410, -12.69999999999999929 ) ) ;
#5119 = ORIENTED_EDGE ( 'NONE', *, *, #1066, .T. ) ;
#5120 = CARTESIAN_POINT ( 'NONE',  ( 12.69999999999999929, -6.199999999999997513, -31.75000000000000000 ) ) ;
#5121 = DIRECTION ( 'NONE',  ( 0.000000000000000000, 0.000000000000000000, 1.000000000000000000 ) ) ;
#5122 = EDGE_CURVE ( 'NONE', #2541, #906, #2260, .T. ) ;
#5123 = ADVANCED_FACE ( 'NONE', ( #4008 ), #3150, .F. ) ;
#5124 = DIRECTION ( 'NONE',  ( 0.7071067811865499042, 0.000000000000000000, -0.7071067811865452413 ) ) ;
#5125 = VECTOR ( 'NONE', #3671, 1000.000000000000000 ) ;
#5126 = FACE_OUTER_BOUND ( 'NONE', #4280, .T. ) ;
#5127 = ORIENTED_EDGE ( 'NONE', *, *, #4621, .F. ) ;
#5128 = LINE ( 'NONE', #1088, #1945 ) ;
#5129 = EDGE_LOOP ( 'NONE', ( #4812, #5260, #3452, #2449 ) ) ;
#5130 = AXIS2_PLACEMENT_3D ( 'NONE', #3665, #3692, #5046 ) ;
#5131 = EDGE_CURVE ( 'NONE', #4577, #1687, #2777, .T. ) ;
#5132 = ORIENTED_EDGE ( 'NONE', *, *, #2429, .T. ) ;
#5133 = CARTESIAN_POINT ( 'NONE',  ( -5.199999999999993072, -0.1999999999999996503, -23.85441558772832948 ) ) ;
#5134 = EDGE_CURVE ( 'NONE', #643, #2512, #856, .T. ) ;
#5135 = DIRECTION ( 'NONE',  ( 0.000000000000000000, 1.000000000000000000, 0.000000000000000000 ) ) ;
#5136 = CARTESIAN_POINT ( 'NONE',  ( -2.630594115711841125E-16, -6.201024999999999565, -19.05000000000000071 ) ) ;
#5137 = ORIENTED_EDGE ( 'NONE', *, *, #1820, .T. ) ;
#5138 = EDGE_CURVE ( 'NONE', #1187, #3467, #3095, .T. ) ;
#5139 = FACE_OUTER_BOUND ( 'NONE', #2426, .T. ) ;
#5140 = CARTESIAN_POINT ( 'NONE',  ( 6.350000000000000533, -5.460999999999999410, -25.39999999999999858 ) ) ;
#5141 = DIRECTION ( 'NONE',  ( 0.000000000000000000, 1.000000000000000000, 0.000000000000000000 ) ) ;
#5142 = ORIENTED_EDGE ( 'NONE', *, *, #263, .F. ) ;
#5143 = ORIENTED_EDGE ( 'NONE', *, *, #4212, .T. ) ;
#5144 = CYLINDRICAL_SURFACE ( 'NONE', #2024, 5.199999999999947775 ) ;
#5145 = PLANE ( 'NONE',  #4078 ) ;
#5146 = CYLINDRICAL_SURFACE ( 'NONE', #761, 3.175000000000000711 ) ;
#5147 = EDGE_CURVE ( 'NONE', #4903, #3440, #4418, .T. ) ;
#5148 = ORIENTED_EDGE ( 'NONE', *, *, #5016, .T. ) ;
#5149 = CIRCLE ( 'NONE', #5432, 2.100000000000000089 ) ;
#5150 = DIRECTION ( 'NONE',  ( 0.000000000000000000, 0.000000000000000000, 1.000000000000000000 ) ) ;
#5151 = CARTESIAN_POINT ( 'NONE',  ( 0.4000000000000000222, -2.254205848354697395, 5.555636450100674750 ) ) ;
#5152 = CARTESIAN_POINT ( 'NONE',  ( -3.654415587728433223, -50.04532472225498907, -25.39999999999989910 ) ) ;
#5153 = CONICAL_SURFACE ( 'NONE', #753, 2.100000000000000089, 1.172861257340199304 ) ;
#5154 = CYLINDRICAL_SURFACE ( 'NONE', #3588, 3.175000000000000711 ) ;
#5155 = VERTEX_POINT ( 'NONE', #5333 ) ;
#5156 = CARTESIAN_POINT ( 'NONE',  ( -5.068629150101426895, -6.200000000000000178, -12.70000000000000639 ) ) ;
#5157 = ORIENTED_EDGE ( 'NONE', *, *, #706, .F. ) ;
#5158 = ORIENTED_EDGE ( 'NONE', *, *, #5502, .F. ) ;
#5159 = PLANE ( 'NONE',  #3975 ) ;
#5160 = LINE ( 'NONE', #3833, #4196 ) ;
#5161 = CARTESIAN_POINT ( 'NONE',  ( 12.69999999999999929, -4.174999999999999822, -19.05000000000000071 ) ) ;
#5162 = ORIENTED_EDGE ( 'NONE', *, *, #2233, .T. ) ;
#5163 = ORIENTED_EDGE ( 'NONE', *, *, #1523, .F. ) ;
#5164 = EDGE_CURVE ( 'NONE', #235, #4900, #974, .T. ) ;
#5165 = AXIS2_PLACEMENT_3D ( 'NONE', #1939, #544, #161 ) ;
#5166 = ORIENTED_EDGE ( 'NONE', *, *, #4199, .F. ) ;
#5167 = FACE_BOUND ( 'NONE', #2880, .T. ) ;
#5168 = VECTOR ( 'NONE', #4564, 1000.000000000000000 ) ;
#5169 = CALENDAR_DATE ( 2022, 6, 6 ) ;
#5170 = VECTOR ( 'NONE', #5062, 1000.000000000000000 ) ;
#5171 = ADVANCED_FACE ( 'NONE', ( #5794 ), #1405, .T. ) ;
#5172 = CARTESIAN_POINT ( 'NONE',  ( -5.199999999999993072, -50.04532472225498907, -23.85441558772832948 ) ) ;
#5173 = PLANE ( 'NONE',  #5072 ) ;
#5174 = AXIS2_PLACEMENT_3D ( 'NONE', #3533, #2615, #3566 ) ;
#5175 = ORIENTED_EDGE ( 'NONE', *, *, #1495, .F. ) ;
#5176 = CARTESIAN_POINT ( 'NONE',  ( 0.4000000000000001887, 1.502637486114518195, 6.138999999999998458 ) ) ;
#5177 = CARTESIAN_POINT ( 'NONE',  ( 6.350000000000002309, -2.175000000000000711, -9.524999999999998579 ) ) ;
#5178 = FACE_BOUND ( 'NONE', #2161, .T. ) ;
#5179 = ORIENTED_EDGE ( 'NONE', *, *, #2481, .F. ) ;
#5180 = AXIS2_PLACEMENT_3D ( 'NONE', #4824, #793, #4386 ) ;
#5181 = DIRECTION ( 'NONE',  ( 0.000000000000000000, 1.000000000000000000, 0.000000000000000000 ) ) ;
#5182 = DIRECTION ( 'NONE',  ( 0.000000000000000000, 0.000000000000000000, 1.000000000000000000 ) ) ;
#5183 = EDGE_CURVE ( 'NONE', #4323, #4842, #5284, .T. ) ;
#5184 = DIRECTION ( 'NONE',  ( -0.7071067811865452413, 0.000000000000000000, -0.7071067811865499042 ) ) ;
#5185 = VERTEX_POINT ( 'NONE', #4810 ) ;
#5186 = FACE_OUTER_BOUND ( 'NONE', #5620, .T. ) ;
#5187 = VERTEX_POINT ( 'NONE', #3134 ) ;
#5188 = VERTEX_POINT ( 'NONE', #3579 ) ;
#5189 = CARTESIAN_POINT ( 'NONE',  ( 12.69999999999999929, -2.175000000000001599, -28.57499999999999929 ) ) ;
#5190 = DIRECTION ( 'NONE',  ( 0.7071067811865501263, 0.000000000000000000, 0.7071067811865450192 ) ) ;
#5191 = LINE ( 'NONE', #1152, #359 ) ;
#5192 = ORIENTED_EDGE ( 'NONE', *, *, #4581, .F. ) ;
#5193 = EDGE_CURVE ( 'NONE', #3634, #3338, #2063, .T. ) ;
#5194 = ORIENTED_EDGE ( 'NONE', *, *, #2111, .T. ) ;
#5195 = AXIS2_PLACEMENT_3D ( 'NONE', #3291, #4589, #4619 ) ;
#5196 = ORIENTED_EDGE ( 'NONE', *, *, #842, .T. ) ;
#5197 = LINE ( 'NONE', #5254, #3157 ) ;
#5198 = EDGE_CURVE ( 'NONE', #5453, #952, #3199, .T. ) ;
#5199 = AXIS2_PLACEMENT_3D ( 'NONE', #1141, #3853, #2946 ) ;
#5200 = CALENDAR_DATE ( 2022, 6, 6 ) ;
#5201 = DIRECTION ( 'NONE',  ( -0.000000000000000000, 0.000000000000000000, 1.000000000000000000 ) ) ;
#5202 = DIRECTION ( 'NONE',  ( -0.000000000000000000, -1.000000000000000000, -0.000000000000000000 ) ) ;
#5203 = CIRCLE ( 'NONE', #1818, 2.100000000000000089 ) ;
#5204 = ORIENTED_EDGE ( 'NONE', *, *, #1762, .F. ) ;
#5205 = CARTESIAN_POINT ( 'NONE',  ( 0.4000000000000001332, 2.081805041010027502, 5.906940355987363667 ) ) ;
#5206 = ADVANCED_FACE ( 'NONE', ( #3491 ), #320, .T. ) ;
#5207 = LINE ( 'NONE', #1164, #1256 ) ;
#5208 = CARTESIAN_POINT ( 'NONE',  ( 6.350000000000002309, -4.174999999999999822, -9.524999999999998579 ) ) ;
#5209 = ORIENTED_EDGE ( 'NONE', *, *, #328, .T. ) ;
#5210 = DIRECTION ( 'NONE',  ( -1.195183497228115281E-16, -1.000000000000000000, 0.000000000000000000 ) ) ;
#5211 = DIRECTION ( 'NONE',  ( 0.7071067811865452413, 0.000000000000000000, 0.7071067811865499042 ) ) ;
#5212 = CARTESIAN_POINT ( 'NONE',  ( 12.70000000000000284, -0.8890000000000000124, -8.450000000000006395 ) ) ;
#5213 = ORIENTED_EDGE ( 'NONE', *, *, #740, .F. ) ;
#5214 = VERTEX_POINT ( 'NONE', #3019 ) ;
#5215 = ORIENTED_EDGE ( 'NONE', *, *, #955, .T. ) ;
#5216 = AXIS2_PLACEMENT_3D ( 'NONE', #409, #4807, #3101 ) ;
#5217 = CARTESIAN_POINT ( 'NONE',  ( 13.09999999999999964, -2.264950330581225746, 5.523072258617638397 ) ) ;
#5218 = DIRECTION ( 'NONE',  ( 0.000000000000000000, 0.000000000000000000, 1.000000000000000000 ) ) ;
#5219 = DIRECTION ( 'NONE',  ( -0.000000000000000000, 1.000000000000000000, -0.000000000000000000 ) ) ;
#5220 = ORIENTED_EDGE ( 'NONE', *, *, #4187, .F. ) ;
#5221 = ORIENTED_EDGE ( 'NONE', *, *, #4260, .F. ) ;
#5222 = AXIS2_PLACEMENT_3D ( 'NONE', #4203, #4587, #2320 ) ;
#5223 = VERTEX_POINT ( 'NONE', #4867 ) ;
#5224 = VERTEX_POINT ( 'NONE', #2158 ) ;
#5225 = FACE_OUTER_BOUND ( 'NONE', #3949, .T. ) ;
#5226 = AXIS2_PLACEMENT_3D ( 'NONE', #55, #2839, #5545 ) ;
#5227 = DATE_TIME_ROLE ( 'classification_date' ) ;
#5228 = DIRECTION ( 'NONE',  ( 0.000000000000000000, 0.000000000000000000, 1.000000000000000000 ) ) ;
#5229 = AXIS2_PLACEMENT_3D ( 'NONE', #3688, #1918, #953 ) ;
#5230 = ADVANCED_FACE ( 'NONE', ( #440 ), #5313, .T. ) ;
#5231 = EDGE_CURVE ( 'NONE', #3974, #3898, #3014, .T. ) ;
#5232 = ORIENTED_EDGE ( 'NONE', *, *, #4748, .T. ) ;
#5233 = DIRECTION ( 'NONE',  ( 0.7071067811865474617, 0.7071067811865475727, 0.000000000000000000 ) ) ;
#5234 = CARTESIAN_POINT ( 'NONE',  ( 6.350000000000002309, -6.201024999999999565, -12.69999999999999929 ) ) ;
#5235 = DIRECTION ( 'NONE',  ( 1.000000000000000000, 0.000000000000000000, 0.000000000000000000 ) ) ;
#5236 = ORIENTED_EDGE ( 'NONE', *, *, #2752, .T. ) ;
#5237 = EDGE_CURVE ( 'NONE', #3304, #1885, #4428, .T. ) ;
#5238 = DIRECTION ( 'NONE',  ( -0.08715574274765176821, 0.000000000000000000, -0.9961946980917461003 ) ) ;
#5239 = DIRECTION ( 'NONE',  ( 0.000000000000000000, 0.000000000000000000, 1.000000000000000000 ) ) ;
#5240 = FACE_OUTER_BOUND ( 'NONE', #22, .T. ) ;
#5241 = ORIENTED_EDGE ( 'NONE', *, *, #2953, .T. ) ;
#5242 = EDGE_CURVE ( 'NONE', #4614, #2247, #2629, .T. ) ;
#5243 = ORIENTED_EDGE ( 'NONE', *, *, #2223, .T. ) ;
#5244 = CARTESIAN_POINT ( 'NONE',  ( 6.350000000000002309, -2.175000000000000711, -15.87500000000000000 ) ) ;
#5245 = ORIENTED_EDGE ( 'NONE', *, *, #2783, .F. ) ;
#5246 = DIRECTION ( 'NONE',  ( 1.000000000000000000, -0.000000000000000000, -1.734723475976805517E-15 ) ) ;
#5247 = CARTESIAN_POINT ( 'NONE',  ( 12.30000000000000071, -1.663442899047753887, 6.138999999999997570 ) ) ;
#5248 = DIRECTION ( 'NONE',  ( -0.7071067811865467956, 0.000000000000000000, -0.7071067811865483499 ) ) ;
#5249 = CARTESIAN_POINT ( 'NONE',  ( 12.69999999999999929, 0.000000000000000000, 5.389000000000001123 ) ) ;
#5250 = VERTEX_POINT ( 'NONE', #5744 ) ;
#5251 = ORIENTED_EDGE ( 'NONE', *, *, #1198, .T. ) ;
#5252 = EDGE_LOOP ( 'NONE', ( #24, #707 ) ) ;
#5253 = VERTEX_POINT ( 'NONE', #889 ) ;
#5254 = CARTESIAN_POINT ( 'NONE',  ( 7.895584412271571928, -0.1999999999999996503, -36.94999999999989626 ) ) ;
#5255 = ADVANCED_FACE ( 'NONE', ( #1714, #2189 ), #1303, .T. ) ;
#5256 = B_SPLINE_CURVE_WITH_KNOTS ( 'NONE', 3,
 ( #4554, #3198, #682, #2927 ),
 .UNSPECIFIED., .F., .F.,
 ( 4, 4 ),
 ( 0.007647354141962971197, 0.007869202712918554540 ),
 .UNSPECIFIED. ) ;
#5257 = DATE_AND_TIME ( #3870, #2211 ) ;
#5258 = CARTESIAN_POINT ( 'NONE',  ( -9.300000000000002487, -3.099999999999996980, 0.000000000000000000 ) ) ;
#5259 = LOCAL_TIME ( 14, 8, 8.000000000000000000, #3406 ) ;
#5260 = ORIENTED_EDGE ( 'NONE', *, *, #3765, .T. ) ;
#5261 = DIRECTION ( 'NONE',  ( -0.7071067811865483499, 0.000000000000000000, -0.7071067811865466846 ) ) ;
#5262 = DIRECTION ( 'NONE',  ( 0.000000000000000000, 1.000000000000000000, 0.000000000000000000 ) ) ;
#5263 = B_SPLINE_CURVE_WITH_KNOTS ( 'NONE', 3,
 ( #306, #5565, #1531, #792, #5531, #672 ),
 .UNSPECIFIED., .F., .F.,
 ( 4, 2, 4 ),
 ( 0.000000000000000000, 0.0004757001404452627490, 0.0009514002808905259317 ),
 .UNSPECIFIED. ) ;
#5264 = AXIS2_PLACEMENT_3D ( 'NONE', #3705, #5503, #1055 ) ;
#5265 = CARTESIAN_POINT ( 'NONE',  ( -5.199999999999993072, -4.174999999999998046, -23.85441558772832948 ) ) ;
#5266 = PLANE ( 'NONE',  #3303 ) ;
#5267 = ORIENTED_EDGE ( 'NONE', *, *, #218, .T. ) ;
#5268 = AXIS2_PLACEMENT_3D ( 'NONE', #538, #3626, #2348 ) ;
#5269 = EDGE_CURVE ( 'NONE', #1836, #3338, #3013, .T. ) ;
#5270 = VECTOR ( 'NONE', #5358, 1000.000000000000000 ) ;
#5271 = CARTESIAN_POINT ( 'NONE',  ( 12.30000000000000071, -2.061552812808830293, 5.139000000000001123 ) ) ;
#5272 = DIRECTION ( 'NONE',  ( 0.000000000000000000, 1.000000000000000000, 0.000000000000000000 ) ) ;
#5273 = DIRECTION ( 'NONE',  ( -0.000000000000000000, 1.000000000000000000, -0.000000000000000000 ) ) ;
#5274 = EDGE_CURVE ( 'NONE', #5578, #1156, #4521, .T. ) ;
#5275 = VERTEX_POINT ( 'NONE', #4897 ) ;
#5276 = VECTOR ( 'NONE', #4727, 1000.000000000000000 ) ;
#5277 = EDGE_LOOP ( 'NONE', ( #4127, #2710, #1973, #5374 ) ) ;
#5278 = CARTESIAN_POINT ( 'NONE',  ( 11.97936842241353439, -3.174999999999998934, 5.138999999999997570 ) ) ;
#5279 = ORIENTED_EDGE ( 'NONE', *, *, #3867, .T. ) ;
#5280 = DIRECTION ( 'NONE',  ( 0.000000000000000000, 0.000000000000000000, 1.000000000000000000 ) ) ;
#5281 = CARTESIAN_POINT ( 'NONE',  ( -6.199999999999833200, -0.1999999999999996503, -31.75000000000000000 ) ) ;
#5282 = EDGE_CURVE ( 'NONE', #1003, #2763, #2731, .T. ) ;
#5283 = LINE ( 'NONE', #3047, #2726 ) ;
#5284 = LINE ( 'NONE', #1247, #5074 ) ;
#5285 = VERTEX_POINT ( 'NONE', #4489 ) ;
#5286 = ORIENTED_EDGE ( 'NONE', *, *, #4306, .F. ) ;
#5287 = VERTEX_POINT ( 'NONE', #5685 ) ;
#5288 = EDGE_LOOP ( 'NONE', ( #1735, #498 ) ) ;
#5289 = CARTESIAN_POINT ( 'NONE',  ( -5.199999999999993072, -50.04532472225498907, -23.85441558772832948 ) ) ;
#5290 = VECTOR ( 'NONE', #1118, 1000.000000000000000 ) ;
#5291 = CARTESIAN_POINT ( 'NONE',  ( 6.157390066998704967E-15, -5.460999999999999410, -8.450000000000004619 ) ) ;
#5292 = VERTEX_POINT ( 'NONE', #1656 ) ;
#5293 = CARTESIAN_POINT ( 'NONE',  ( -5.068629150101426006, -0.1999999999999996503, -12.70000000000000639 ) ) ;
#5294 = AXIS2_PLACEMENT_3D ( 'NONE', #3300, #4651, #4179 ) ;
#5295 = ADVANCED_FACE ( 'NONE', ( #2600 ), #2570, .T. ) ;
#5296 = FACE_OUTER_BOUND ( 'NONE', #5342, .T. ) ;
#5297 = CARTESIAN_POINT ( 'NONE',  ( 6.350000000000000533, -2.175000000000000711, -22.22499999999999787 ) ) ;
#5298 = FACE_OUTER_BOUND ( 'NONE', #5795, .T. ) ;
#5299 = VERTEX_POINT ( 'NONE', #1364 ) ;
#5300 = VECTOR ( 'NONE', #1078, 1000.000000000000114 ) ;
#5301 = VECTOR ( 'NONE', #1683, 1000.000000000000000 ) ;
#5302 = DIRECTION ( 'NONE',  ( 0.7071067811865501263, 0.000000000000000000, 0.7071067811865449082 ) ) ;
#5303 = CARTESIAN_POINT ( 'NONE',  ( 17.89999999999999858, -4.175000000000005151, -31.75000000000000000 ) ) ;
#5304 = DIRECTION ( 'NONE',  ( -0.000000000000000000, 0.000000000000000000, -1.000000000000000000 ) ) ;
#5305 = VECTOR ( 'NONE', #135, 1000.000000000000000 ) ;
#5306 = ORIENTED_EDGE ( 'NONE', *, *, #5071, .F. ) ;
#5307 = ORIENTED_EDGE ( 'NONE', *, *, #5193, .T. ) ;
#5308 = EDGE_CURVE ( 'NONE', #1174, #181, #4073, .T. ) ;
#5309 = CARTESIAN_POINT ( 'NONE',  ( 6.350000000000000533, -0.8890000000000000124, -28.57499999999999929 ) ) ;
#5310 = CARTESIAN_POINT ( 'NONE',  ( 6.349999999999999645, -50.04532472225498907, -35.40441558772833019 ) ) ;
#5311 = DIRECTION ( 'NONE',  ( -0.000000000000000000, -0.000000000000000000, -1.000000000000000000 ) ) ;
#5312 = CARTESIAN_POINT ( 'NONE',  ( 12.69999999999999929, 0.000000000000000000, 5.438999999999999169 ) ) ;
#5313 = CYLINDRICAL_SURFACE ( 'NONE', #4231, 2.100000000000000977 ) ;
#5314 = EDGE_LOOP ( 'NONE', ( #4601, #5777, #789, #2772, #3032, #2239, #4825, #3070, #2007, #4128 ) ) ;
#5315 = EDGE_LOOP ( 'NONE', ( #5306, #2931, #2531, #5702 ) ) ;
#5316 = ORIENTED_EDGE ( 'NONE', *, *, #1422, .F. ) ;
#5317 = ADVANCED_FACE ( 'NONE', ( #3633 ), #4958, .T. ) ;
#5318 = ORIENTED_EDGE ( 'NONE', *, *, #2502, .F. ) ;
#5319 = CARTESIAN_POINT ( 'NONE',  ( 12.69999999999999929, -6.201024999999999565, -29.64999999999999858 ) ) ;
#5320 = AXIS2_PLACEMENT_3D ( 'NONE', #2205, #5331, #823 ) ;
#5321 = FACE_OUTER_BOUND ( 'NONE', #3924, .T. ) ;
#5322 = EDGE_CURVE ( 'NONE', #3010, #2340, #5424, .T. ) ;
#5323 = AXIS2_PLACEMENT_3D ( 'NONE', #3640, #1454, #86 ) ;
#5324 = ORIENTED_EDGE ( 'NONE', *, *, #1948, .T. ) ;
#5325 = PLANE ( 'NONE',  #4192 ) ;
#5326 = FACE_BOUND ( 'NONE', #1043, .T. ) ;
#5327 = CARTESIAN_POINT ( 'NONE',  ( -5.199999999999993072, -6.199999999999997513, -14.24558441227167371 ) ) ;
#5328 = CARTESIAN_POINT ( 'NONE',  ( 5.900214239177761313E-15, -5.460999999999999410, -6.350000000000004974 ) ) ;
#5329 = AXIS2_PLACEMENT_3D ( 'NONE', #4953, #3260, #5398 ) ;
#5330 = VERTEX_POINT ( 'NONE', #1391 ) ;
#5331 = DIRECTION ( 'NONE',  ( -0.7071067811865499042, 0.000000000000000000, 0.7071067811865452413 ) ) ;
#5332 = CARTESIAN_POINT ( 'NONE',  ( 0.5734863112436890953, -2.021666578221207988, 3.457121909598164233 ) ) ;
#5333 = CARTESIAN_POINT ( 'NONE',  ( 14.80000000000000071, 2.571758278209440971E-16, 5.438999999999999169 ) ) ;
#5334 = ORIENTED_EDGE ( 'NONE', *, *, #1566, .F. ) ;
#5335 = VERTEX_POINT ( 'NONE', #5504 ) ;
#5336 = CARTESIAN_POINT ( 'NONE',  ( -0.3999999999999999667, -2.264950330581225746, 5.523072258617638397 ) ) ;
#5337 = DIRECTION ( 'NONE',  ( 0.000000000000000000, 0.000000000000000000, 1.000000000000000000 ) ) ;
#5338 = CARTESIAN_POINT ( 'NONE',  ( 12.30000000000000071, -1.820969194338324160, 6.090132639966193473 ) ) ;
#5339 = CARTESIAN_POINT ( 'NONE',  ( 6.350000000000000533, -4.174999999999999822, -28.57499999999999929 ) ) ;
#5340 = CARTESIAN_POINT ( 'NONE',  ( -2.630594115711841125E-16, -0.8890000000000000124, -19.05000000000000071 ) ) ;
#5341 = EDGE_LOOP ( 'NONE', ( #2182, #5427 ) ) ;
#5342 = EDGE_LOOP ( 'NONE', ( #2656, #4959, #2675, #5612 ) ) ;
#5343 = ORIENTED_EDGE ( 'NONE', *, *, #328, .F. ) ;
#5344 = AXIS2_PLACEMENT_3D ( 'NONE', #1030, #3214, #2833 ) ;
#5345 = ORIENTED_EDGE ( 'NONE', *, *, #5664, .F. ) ;
#5346 = FACE_BOUND ( 'NONE', #4658, .T. ) ;
#5347 = EDGE_CURVE ( 'NONE', #4661, #976, #646, .T. ) ;
#5348 = CARTESIAN_POINT ( 'NONE',  ( 12.69999999999999929, -0.8890000000000000124, -31.75000000000000000 ) ) ;
#5349 = EDGE_LOOP ( 'NONE', ( #3215, #2949, #2164, #1186 ) ) ;
#5350 = CARTESIAN_POINT ( 'NONE',  ( -2.630594115711841125E-16, -5.460999999999999410, -19.05000000000000071 ) ) ;
#5351 = LINE ( 'NONE', #1696, #3140 ) ;
#5352 = ADVANCED_FACE ( 'NONE', ( #2244 ), #2771, .T. ) ;
#5353 = CARTESIAN_POINT ( 'NONE',  ( 17.89999999999999858, -6.199999999999997513, -11.15441558772853270 ) ) ;
#5354 = CIRCLE ( 'NONE', #2807, 6.199999999999781686 ) ;
#5355 = DIRECTION ( 'NONE',  ( 0.000000000000000000, 0.000000000000000000, 1.000000000000000000 ) ) ;
#5356 = VECTOR ( 'NONE', #1203, 1000.000000000000000 ) ;
#5357 = LINE ( 'NONE', #2178, #1075 ) ;
#5358 = DIRECTION ( 'NONE',  ( 0.000000000000000000, 0.000000000000000000, -1.000000000000000000 ) ) ;
#5359 = CIRCLE ( 'NONE', #2814, 3.175000000000000711 ) ;
#5360 = VERTEX_POINT ( 'NONE', #999 ) ;
#5361 = VERTEX_POINT ( 'NONE', #3161 ) ;
#5362 = EDGE_CURVE ( 'NONE', #1297, #5497, #4543, .T. ) ;
#5363 = CARTESIAN_POINT ( 'NONE',  ( 0.4000000000000000222, 2.243459280444427772, 5.588199955838118349 ) ) ;
#5364 = DIRECTION ( 'NONE',  ( 0.000000000000000000, 1.000000000000000000, 0.000000000000000000 ) ) ;
#5365 = TOROIDAL_SURFACE ( 'NONE', #5546, 1.554966049364602254, 0.7500000000000000000 ) ;
#5366 = LINE ( 'NONE', #5742, #814 ) ;
#5367 = CARTESIAN_POINT ( 'NONE',  ( 0.000000000000000000, 0.000000000000000000, 5.620762745781209269 ) ) ;
#5368 = DIRECTION ( 'NONE',  ( 0.000000000000000000, 0.000000000000000000, 1.000000000000000000 ) ) ;
#5369 = AXIS2_PLACEMENT_3D ( 'NONE', #816, #2608, #3905 ) ;
#5370 = EDGE_LOOP ( 'NONE', ( #3071, #770, #5719, #444 ) ) ;
#5371 = EDGE_CURVE ( 'NONE', #1630, #744, #2798, .T. ) ;
#5372 = EDGE_LOOP ( 'NONE', ( #2624, #5403, #4079, #4222 ) ) ;
#5373 = VERTEX_POINT ( 'NONE', #101 ) ;
#5374 = ORIENTED_EDGE ( 'NONE', *, *, #1787, .F. ) ;
#5375 = AXIS2_PLACEMENT_3D ( 'NONE', #3731, #2439, #3384 ) ;
#5376 = DIRECTION ( 'NONE',  ( -0.000000000000000000, 0.000000000000000000, 1.000000000000000000 ) ) ;
#5377 = CARTESIAN_POINT ( 'NONE',  ( 13.42063157758646774, 1.972483239316684234, 5.138999999999997570 ) ) ;
#5378 = ADVANCED_FACE ( 'NONE', ( #1911 ), #1831, .T. ) ;
#5379 = VERTEX_POINT ( 'NONE', #2328 ) ;
#5380 = CARTESIAN_POINT ( 'NONE',  ( 17.89999999999999858, -50.04532472225498907, -26.94558441227146872 ) ) ;
#5381 = CARTESIAN_POINT ( 'NONE',  ( 6.350000000000002309, -5.460999999999999410, -12.69999999999999929 ) ) ;
#5382 = DIRECTION ( 'NONE',  ( -0.000000000000000000, -0.000000000000000000, -1.000000000000000000 ) ) ;
#5383 = DIRECTION ( 'NONE',  ( -0.000000000000000000, -0.000000000000000000, -1.000000000000000000 ) ) ;
#5384 = EDGE_CURVE ( 'NONE', #205, #1536, #5475, .T. ) ;
#5385 = EDGE_CURVE ( 'NONE', #4689, #5585, #4043, .T. ) ;
#5386 = EDGE_CURVE ( 'NONE', #1621, #5373, #3278, .T. ) ;
#5387 = ORIENTED_EDGE ( 'NONE', *, *, #959, .T. ) ;
#5388 = DIRECTION ( 'NONE',  ( 0.000000000000000000, 1.000000000000000000, 0.000000000000000000 ) ) ;
#5389 = DIRECTION ( 'NONE',  ( 0.000000000000000000, 0.000000000000000000, -1.000000000000000000 ) ) ;
#5390 = CARTESIAN_POINT ( 'NONE',  ( 6.350000000000002309, -4.174999999999999822, -12.69999999999999929 ) ) ;
#5391 = VECTOR ( 'NONE', #1434, 1000.000000000000000 ) ;
#5392 = DIRECTION ( 'NONE',  ( -0.000000000000000000, -0.000000000000000000, 1.000000000000000000 ) ) ;
#5393 = ORIENTED_EDGE ( 'NONE', *, *, #4848, .F. ) ;
#5394 = CARTESIAN_POINT ( 'NONE',  ( 12.30000000000000071, 2.232710535457612888, 5.620762745781209269 ) ) ;
#5395 = EDGE_CURVE ( 'NONE', #5639, #3637, #4597, .T. ) ;
#5396 = FACE_BOUND ( 'NONE', #2693, .T. ) ;
#5397 = CARTESIAN_POINT ( 'NONE',  ( 12.69999999999999929, -50.04532472225498907, -31.75000000000000000 ) ) ;
#5398 = DIRECTION ( 'NONE',  ( 0.000000000000000000, 0.000000000000000000, 1.000000000000000000 ) ) ;
#5399 = DIRECTION ( 'NONE',  ( 1.398970545142586541E-16, -1.000000000000000000, 0.000000000000000000 ) ) ;
#5400 = DIRECTION ( 'NONE',  ( -0.000000000000000000, 1.000000000000000000, -0.000000000000000000 ) ) ;
#5401 = ORIENTED_EDGE ( 'NONE', *, *, #249, .T. ) ;
#5402 = ORIENTED_EDGE ( 'NONE', *, *, #1988, .F. ) ;
#5403 = ORIENTED_EDGE ( 'NONE', *, *, #992, .F. ) ;
#5404 = ORIENTED_EDGE ( 'NONE', *, *, #354, .T. ) ;
#5405 = FACE_OUTER_BOUND ( 'NONE', #321, .T. ) ;
#5406 = CC_DESIGN_APPROVAL ( #5691, ( #4784 ) ) ;
#5407 = CARTESIAN_POINT ( 'NONE',  ( 12.21281998814761494, -2.042738830444500220, 2.470636393497686267 ) ) ;
#5408 = CIRCLE ( 'NONE', #5222, 3.175000000000000711 ) ;
#5409 = DIRECTION ( 'NONE',  ( 0.000000000000000000, 0.000000000000000000, 1.000000000000000000 ) ) ;
#5410 = LINE ( 'NONE', #1842, #1320 ) ;
#5411 = PLANE ( 'NONE',  #3024 ) ;
#5412 = EDGE_CURVE ( 'NONE', #1694, #5224, #3185, .T. ) ;
#5413 = AXIS2_PLACEMENT_3D ( 'NONE', #4224, #4725, #2932 ) ;
#5414 = ORIENTED_EDGE ( 'NONE', *, *, #2526, .T. ) ;
#5415 = DIRECTION ( 'NONE',  ( 1.000000000000000000, 0.000000000000000000, -0.000000000000000000 ) ) ;
#5416 = LINE ( 'NONE', #2677, #4356 ) ;
#5417 = CIRCLE ( 'NONE', #2878, 5.199999999999864286 ) ;
#5418 = FACE_OUTER_BOUND ( 'NONE', #1178, .T. ) ;
#5419 = EDGE_CURVE ( 'NONE', #3764, #4931, #1255, .T. ) ;
#5420 = VERTEX_POINT ( 'NONE', #1854 ) ;
#5421 = DIRECTION ( 'NONE',  ( -0.000000000000000000, 1.000000000000000000, -0.000000000000000000 ) ) ;
#5422 = DIRECTION ( 'NONE',  ( 0.000000000000000000, 1.000000000000000000, 0.000000000000000000 ) ) ;
#5423 = CARTESIAN_POINT ( 'NONE',  ( 0.000000000000000000, 6.200000000000000178, -2.000000000000000000 ) ) ;
#5424 = LINE ( 'NONE', #1028, #653 ) ;
#5425 = EDGE_CURVE ( 'NONE', #3591, #4387, #5008, .T. ) ;
#5426 = VERTEX_POINT ( 'NONE', #1560 ) ;
#5427 = ORIENTED_EDGE ( 'NONE', *, *, #3536, .T. ) ;
#5428 = ORIENTED_EDGE ( 'NONE', *, *, #2463, .T. ) ;
#5429 = ORIENTED_EDGE ( 'NONE', *, *, #249, .F. ) ;
#5430 = AXIS2_PLACEMENT_3D ( 'NONE', #1469, #1439, #1965 ) ;
#5431 = DIRECTION ( 'NONE',  ( -0.000000000000000000, -1.000000000000000000, -0.000000000000000000 ) ) ;
#5432 = AXIS2_PLACEMENT_3D ( 'NONE', #1145, #2448, #2475 ) ;
#5433 = CARTESIAN_POINT ( 'NONE',  ( 17.76862915010142885, -6.200000000000000178, -25.39999999999999858 ) ) ;
#5434 = CARTESIAN_POINT ( 'NONE',  ( 13.34774034125076625, -1.999113491775012408, 4.305849356269934702 ) ) ;
#5435 = DIRECTION ( 'NONE',  ( 0.000000000000000000, 1.000000000000000000, 0.000000000000000000 ) ) ;
#5436 = CARTESIAN_POINT ( 'NONE',  ( -6.199999999999999289, -6.200000000000000178, -11.56862915010164983 ) ) ;
#5437 = DIRECTION ( 'NONE',  ( -0.000000000000000000, -0.000000000000000000, 1.000000000000000000 ) ) ;
#5438 = ORIENTED_EDGE ( 'NONE', *, *, #1057, .F. ) ;
#5439 = LINE ( 'NONE', #3599, #506 ) ;
#5440 = FACE_OUTER_BOUND ( 'NONE', #3391, .T. ) ;
#5441 = CARTESIAN_POINT ( 'NONE',  ( 12.20190265095412840, -2.040073290564207831, 2.595422128626172054 ) ) ;
#5442 = ADVANCED_FACE ( 'NONE', ( #2553 ), #1058, .T. ) ;
#5443 = ORIENTED_EDGE ( 'NONE', *, *, #5569, .F. ) ;
#5444 = VECTOR ( 'NONE', #2157, 1000.000000000000000 ) ;
#5445 = CARTESIAN_POINT ( 'NONE',  ( -3.654415587728433223, -50.04532472225498907, -12.70000000000010409 ) ) ;
#5446 = DIRECTION ( 'NONE',  ( 0.000000000000000000, 1.355252715606880697E-17, 1.000000000000000000 ) ) ;
#5447 = EDGE_CURVE ( 'NONE', #5458, #2026, #4182, .T. ) ;
#5448 = CARTESIAN_POINT ( 'NONE',  ( 1.257659471581004217E-16, -4.174999999999999822, -22.22500000000000142 ) ) ;
#5449 = CARTESIAN_POINT ( 'NONE',  ( 0.4871798639138836262, -2.042738866564660416, 2.470634702552897188 ) ) ;
#5450 = VECTOR ( 'NONE', #384, 1000.000000000000114 ) ;
#5451 = VERTEX_POINT ( 'NONE', #5265 ) ;
#5452 = EDGE_LOOP ( 'NONE', ( #777, #3755, #5324, #4254 ) ) ;
#5453 = VERTEX_POINT ( 'NONE', #2918 ) ;
#5454 = CIRCLE ( 'NONE', #845, 3.175000000000000711 ) ;
#5455 = AXIS2_PLACEMENT_3D ( 'NONE', #973, #1442, #72 ) ;
#5456 = ADVANCED_FACE ( 'NONE', ( #3302, #4655 ), #1261, .T. ) ;
#5457 = EDGE_CURVE ( 'NONE', #5628, #5379, #608, .T. ) ;
#5458 = VERTEX_POINT ( 'NONE', #3770 ) ;
#5459 = DIRECTION ( 'NONE',  ( 0.000000000000000000, 0.000000000000000000, -1.000000000000000000 ) ) ;
#5460 = AXIS2_PLACEMENT_3D ( 'NONE', #5112, #4170, #240 ) ;
#5461 = DIRECTION ( 'NONE',  ( -0.7071067811865451302, -0.000000000000000000, -0.7071067811865499042 ) ) ;
#5462 = VECTOR ( 'NONE', #2401, 1000.000000000000000 ) ;
#5463 = CARTESIAN_POINT ( 'NONE',  ( 0.4980973490458738828, 2.040073290564206943, 2.595422128626172054 ) ) ;
#5464 = CARTESIAN_POINT ( 'NONE',  ( 12.30000000000000071, 0.000000000000000000, 6.138999999999998458 ) ) ;
#5465 = DIRECTION ( 'NONE',  ( -0.7071067811865496822, 8.451223556522561397E-17, 0.7071067811865453523 ) ) ;
#5466 = ORIENTED_EDGE ( 'NONE', *, *, #1285, .T. ) ;
#5467 = CYLINDRICAL_SURFACE ( 'NONE', #3538, 6.199999999999781686 ) ;
#5468 = DIRECTION ( 'NONE',  ( 0.000000000000000000, 0.000000000000000000, 1.000000000000000000 ) ) ;
#5469 = CARTESIAN_POINT ( 'NONE',  ( 12.30000000000000071, -2.243459280444427772, 5.588199955838118349 ) ) ;
#5470 = ORIENTED_EDGE ( 'NONE', *, *, #4797, .T. ) ;
#5471 = VECTOR ( 'NONE', #771, 1000.000000000000000 ) ;
#5472 = PLANE ( 'NONE',  #5430 ) ;
#5473 = LINE ( 'NONE', #2827, #869 ) ;
#5474 = DIRECTION ( 'NONE',  ( 1.000000000000000000, 0.000000000000000000, 0.000000000000000000 ) ) ;
#5475 = LINE ( 'NONE', #2744, #5170 ) ;
#5476 = ORIENTED_EDGE ( 'NONE', *, *, #480, .T. ) ;
#5477 = ORIENTED_EDGE ( 'NONE', *, *, #1664, .T. ) ;
#5478 = LINE ( 'NONE', #2227, #3087 ) ;
#5479 = ORIENTED_EDGE ( 'NONE', *, *, #4965, .T. ) ;
#5480 = EDGE_CURVE ( 'NONE', #1321, #3895, #3940, .T. ) ;
#5481 = VERTEX_POINT ( 'NONE', #2446 ) ;
#5482 = DIRECTION ( 'NONE',  ( -1.000000000000000000, 0.000000000000000000, 0.000000000000000000 ) ) ;
#5483 = DIRECTION ( 'NONE',  ( -0.7071067811865452413, 8.552234196640304973E-17, 0.7071067811865499042 ) ) ;
#5484 = LINE ( 'NONE', #2394, #4703 ) ;
#5485 = EDGE_CURVE ( 'NONE', #5040, #3562, #1600, .T. ) ;
#5486 = CARTESIAN_POINT ( 'NONE',  ( 12.69999999999999929, -5.460999999999999410, -15.87500000000000000 ) ) ;
#5487 = CARTESIAN_POINT ( 'NONE',  ( 18.89999999999983515, -6.199999999999997513, -31.75000000000000000 ) ) ;
#5488 = EDGE_CURVE ( 'NONE', #3493, #3483, #2413, .T. ) ;
#5489 = DIRECTION ( 'NONE',  ( 0.000000000000000000, 0.000000000000000000, 1.000000000000000000 ) ) ;
#5490 = ORIENTED_EDGE ( 'NONE', *, *, #1849, .F. ) ;
#5491 = VECTOR ( 'NONE', #4895, 1000.000000000000000 ) ;
#5492 = EDGE_LOOP ( 'NONE', ( #1365, #5204, #3818, #375 ) ) ;
#5493 = DIRECTION ( 'NONE',  ( 0.000000000000000000, 1.000000000000000000, 0.000000000000000000 ) ) ;
#5494 = DIRECTION ( 'NONE',  ( 0.7071067811865489050, 0.000000000000000000, -0.7071067811865462405 ) ) ;
#5495 = LINE ( 'NONE', #2848, #493 ) ;
#5496 = CARTESIAN_POINT ( 'NONE',  ( 12.70000000000000284, -0.8890000000000000124, -6.350000000000004974 ) ) ;
#5497 = VERTEX_POINT ( 'NONE', #5297 ) ;
#5498 = B_SPLINE_CURVE_WITH_KNOTS ( 'NONE', 3,
 ( #1624, #3516, #2984, #5217 ),
 .UNSPECIFIED., .F., .F.,
 ( 4, 4 ),
 ( 0.007647354141962972064, 0.007869202712918556275 ),
 .UNSPECIFIED. ) ;
#5499 = CARTESIAN_POINT ( 'NONE',  ( 17.76862915010142885, -0.1999999999999996503, -12.70000000000000284 ) ) ;
#5500 = CIRCLE ( 'NONE', #4188, 2.100000000000000977 ) ;
#5501 = DIRECTION ( 'NONE',  ( 0.000000000000000000, 1.000000000000000000, 0.000000000000000000 ) ) ;
#5502 = EDGE_CURVE ( 'NONE', #5578, #4819, #639, .T. ) ;
#5503 = DIRECTION ( 'NONE',  ( -0.000000000000000000, 1.000000000000000000, -0.000000000000000000 ) ) ;
#5504 = CARTESIAN_POINT ( 'NONE',  ( -6.199999999999776357, -6.200000000000000178, -26.53137084989835159 ) ) ;
#5505 = EDGE_LOOP ( 'NONE', ( #2305, #3856, #4262, #405 ) ) ;
#5506 = DIRECTION ( 'NONE',  ( -1.000000000000000000, 0.000000000000000000, -0.000000000000000000 ) ) ;
#5507 = AXIS2_PLACEMENT_3D ( 'NONE', #3700, #2377, #1465 ) ;
#5508 = ORIENTED_EDGE ( 'NONE', *, *, #1381, .F. ) ;
#5509 = ORIENTED_EDGE ( 'NONE', *, *, #4635, .T. ) ;
#5510 = DIRECTION ( 'NONE',  ( 0.000000000000000000, 1.000000000000000000, 0.000000000000000000 ) ) ;
#5511 = CARTESIAN_POINT ( 'NONE',  ( -2.630594115711841125E-16, -6.201024999999999565, -16.94999999999999929 ) ) ;
#5512 = EDGE_CURVE ( 'NONE', #2222, #5802, #2264, .T. ) ;
#5513 = CARTESIAN_POINT ( 'NONE',  ( -5.200000000000000178, -2.174999999999996270, -11.15441558772853270 ) ) ;
#5514 = DIRECTION ( 'NONE',  ( -1.000000000000000000, -0.000000000000000000, -0.000000000000000000 ) ) ;
#5515 = EDGE_CURVE ( 'NONE', #976, #3163, #5263, .T. ) ;
#5516 = DIRECTION ( 'NONE',  ( -0.000000000000000000, -0.000000000000000000, -1.000000000000000000 ) ) ;
#5517 = DIRECTION ( 'NONE',  ( 0.000000000000000000, 0.000000000000000000, 1.000000000000000000 ) ) ;
#5518 = EDGE_LOOP ( 'NONE', ( #4804, #2306 ) ) ;
#5519 = EDGE_LOOP ( 'NONE', ( #9, #4758, #5142, #3598, #4537, #2951, #5166, #5221, #261, #1216, #4785, #1326 ) ) ;
#5520 = ADVANCED_FACE ( 'NONE', ( #4823 ), #129, .T. ) ;
#5521 = LINE ( 'NONE', #512, #3810 ) ;
#5522 = EDGE_CURVE ( 'NONE', #4460, #324, #4053, .T. ) ;
#5523 = CYLINDRICAL_SURFACE ( 'NONE', #1056, 2.100000000000000977 ) ;
#5524 = DIRECTION ( 'NONE',  ( -0.000000000000000000, -1.000000000000000000, -0.000000000000000000 ) ) ;
#5525 = CARTESIAN_POINT ( 'NONE',  ( 12.70000000000000284, -2.175000000000001599, -6.350000000000004974 ) ) ;
#5526 = ORIENTED_EDGE ( 'NONE', *, *, #5282, .T. ) ;
#5527 = B_SPLINE_CURVE_WITH_KNOTS ( 'NONE', 3,
 ( #4166, #5469, #123, #515 ),
 .UNSPECIFIED., .F., .F.,
 ( 4, 4 ),
 ( 0.003655977453372196481, 0.003758849537120531950 ),
 .UNSPECIFIED. ) ;
#5528 = CARTESIAN_POINT ( 'NONE',  ( 6.350000000000002309, -5.460999999999999410, -12.69999999999999929 ) ) ;
#5529 = CARTESIAN_POINT ( 'NONE',  ( 5.900214239177761313E-15, -0.8890000000000000124, -6.350000000000004974 ) ) ;
#5530 = CARTESIAN_POINT ( 'NONE',  ( 13.09999999999999964, -2.264950330581225746, 5.523072258617638397 ) ) ;
#5531 = CARTESIAN_POINT ( 'NONE',  ( -0.4000000000000001332, 1.663407726524676500, 6.139000000000000234 ) ) ;
#5532 = ORGANIZATION ( 'UNSPECIFIED', 'UNSPECIFIED', '' ) ;
#5533 = VERTEX_POINT ( 'NONE', #5595 ) ;
#5534 = CARTESIAN_POINT ( 'NONE',  ( 12.69999999999999929, 0.000000000000000000, 0.8890000000000009006 ) ) ;
#5535 = ORIENTED_EDGE ( 'NONE', *, *, #4405, .F. ) ;
#5536 = ORIENTED_EDGE ( 'NONE', *, *, #3837, .T. ) ;
#5537 = DIRECTION ( 'NONE',  ( 0.000000000000000000, 0.000000000000000000, 1.000000000000000000 ) ) ;
#5538 = VECTOR ( 'NONE', #5399, 1000.000000000000000 ) ;
#5539 = DIRECTION ( 'NONE',  ( 0.000000000000000000, 0.000000000000000000, -1.000000000000000000 ) ) ;
#5540 = CARTESIAN_POINT ( 'NONE',  ( 12.30000000000000071, -2.061552812808830293, 5.438999999999999169 ) ) ;
#5541 = VECTOR ( 'NONE', #4082, 1000.000000000000114 ) ;
#5542 = DIRECTION ( 'NONE',  ( 0.000000000000000000, 1.000000000000000000, 0.000000000000000000 ) ) ;
#5543 = AXIS2_PLACEMENT_3D ( 'NONE', #4860, #5619, #1585 ) ;
#5544 = DIRECTION ( 'NONE',  ( -0.7071067811865453523, 0.000000000000000000, 0.7071067811865496822 ) ) ;
#5545 = DIRECTION ( 'NONE',  ( 0.000000000000000000, 0.000000000000000000, 1.000000000000000000 ) ) ;
#5546 = AXIS2_PLACEMENT_3D ( 'NONE', #2888, #3642, #4030 ) ;
#5547 = CARTESIAN_POINT ( 'NONE',  ( 12.69999999999999929, 0.000000000000000000, 6.138999999999998458 ) ) ;
#5548 = DIRECTION ( 'NONE',  ( -0.7071067811865466846, 0.000000000000000000, 0.7071067811865483499 ) ) ;
#5549 = VECTOR ( 'NONE', #2232, 1000.000000000000000 ) ;
#5550 = ORIENTED_EDGE ( 'NONE', *, *, #3039, .F. ) ;
#5551 = ADVANCED_FACE ( 'NONE', ( #5126 ), #5154, .T. ) ;
#5552 = ADVANCED_FACE ( 'NONE', ( #1940 ), #5365, .T. ) ;
#5553 = ORIENTED_EDGE ( 'NONE', *, *, #739, .T. ) ;
#5554 = DIRECTION ( 'NONE',  ( 1.000000000000000000, -1.036687336241119596E-16, 1.444274288350615811E-15 ) ) ;
#5555 = AXIS2_PLACEMENT_3D ( 'NONE', #4923, #3575, #1329 ) ;
#5556 = CARTESIAN_POINT ( 'NONE',  ( 0.4000000000000001887, -2.061552812808830293, 5.438999999999999169 ) ) ;
#5557 = DIRECTION ( 'NONE',  ( 1.000000000000000000, -1.365923996832131363E-16, 0.000000000000000000 ) ) ;
#5558 = EDGE_LOOP ( 'NONE', ( #581, #5589, #2114, #2224 ) ) ;
#5559 = EDGE_CURVE ( 'NONE', #3010, #4960, #1032, .T. ) ;
#5560 = ADVANCED_FACE ( 'NONE', ( #5815 ), #1756, .T. ) ;
#5561 = EDGE_CURVE ( 'NONE', #4295, #5287, #1504, .T. ) ;
#5562 = CARTESIAN_POINT ( 'NONE',  ( 12.69999999999999929, 6.200000000000000178, -2.000000000000000000 ) ) ;
#5563 = DIRECTION ( 'NONE',  ( -0.000000000000000000, -0.000000000000000000, -1.000000000000000000 ) ) ;
#5564 = DIRECTION ( 'NONE',  ( -1.000000000000000000, 0.000000000000000000, -0.000000000000000000 ) ) ;
#5565 = CARTESIAN_POINT ( 'NONE',  ( -0.3999999999999999667, 2.182283254615324797, 5.773529692572011207 ) ) ;
#5566 = VECTOR ( 'NONE', #1150, 1000.000000000000000 ) ;
#5567 = VERTEX_POINT ( 'NONE', #2292 ) ;
#5568 = PLANE ( 'NONE',  #4497 ) ;
#5569 = EDGE_CURVE ( 'NONE', #629, #117, #1786, .T. ) ;
#5570 = ORIENTED_EDGE ( 'NONE', *, *, #3005, .T. ) ;
#5571 = ORIENTED_EDGE ( 'NONE', *, *, #3247, .T. ) ;
#5572 = AXIS2_PLACEMENT_3D ( 'NONE', #1673, #5272, #2525 ) ;
#5573 = LINE ( 'NONE', #737, #5566 ) ;
#5574 = LINE ( 'NONE', #1594, #5023 ) ;
#5575 = CYLINDRICAL_SURFACE ( 'NONE', #4925, 5.199999999999864286 ) ;
#5576 = ORIENTED_EDGE ( 'NONE', *, *, #1380, .T. ) ;
#5577 = VECTOR ( 'NONE', #171, 1000.000000000000000 ) ;
#5578 = VERTEX_POINT ( 'NONE', #1346 ) ;
#5579 = FACE_OUTER_BOUND ( 'NONE', #5314, .T. ) ;
#5580 = FACE_OUTER_BOUND ( 'NONE', #3890, .T. ) ;
#5581 = AXIS2_PLACEMENT_3D ( 'NONE', #3339, #555, #5601 ) ;
#5582 = LINE ( 'NONE', #2316, #370 ) ;
#5583 = LINE ( 'NONE', #5636, #180 ) ;
#5584 = ORIENTED_EDGE ( 'NONE', *, *, #4621, .T. ) ;
#5585 = VERTEX_POINT ( 'NONE', #1375 ) ;
#5586 = DIRECTION ( 'NONE',  ( -0.7071067811865496822, 8.451223556522560164E-17, 0.7071067811865453523 ) ) ;
#5587 = CARTESIAN_POINT ( 'NONE',  ( 12.69999999999999929, 0.000000000000000000, 5.389000000000001123 ) ) ;
#5588 = DIRECTION ( 'NONE',  ( 0.000000000000000000, 0.000000000000000000, 1.000000000000000000 ) ) ;
#5589 = ORIENTED_EDGE ( 'NONE', *, *, #4026, .T. ) ;
#5590 = DIRECTION ( 'NONE',  ( 0.000000000000000000, 1.000000000000000000, 0.000000000000000000 ) ) ;
#5591 = FACE_OUTER_BOUND ( 'NONE', #4517, .T. ) ;
#5592 = PLANE ( 'NONE',  #1312 ) ;
#5593 = CIRCLE ( 'NONE', #2019, 2.299999999999999822 ) ;
#5594 = EDGE_CURVE ( 'NONE', #5598, #4272, #397, .T. ) ;
#5595 = CARTESIAN_POINT ( 'NONE',  ( 12.69999999999999929, -2.175000000000001599, -22.22500000000000142 ) ) ;
#5596 = ORIENTED_EDGE ( 'NONE', *, *, #3333, .T. ) ;
#5597 = CARTESIAN_POINT ( 'NONE',  ( 17.89999999999999858, -0.1999999999999996503, -31.75000000000000000 ) ) ;
#5598 = VERTEX_POINT ( 'NONE', #2261 ) ;
#5599 = VECTOR ( 'NONE', #3998, 1000.000000000000000 ) ;
#5600 = VERTEX_POINT ( 'NONE', #4001 ) ;
#5601 = DIRECTION ( 'NONE',  ( 0.000000000000000000, 0.000000000000000000, -1.000000000000000000 ) ) ;
#5602 = CARTESIAN_POINT ( 'NONE',  ( 12.70000000000000284, -0.8890000000000000124, -6.350000000000004974 ) ) ;
#5603 = EDGE_CURVE ( 'NONE', #3898, #3829, #5787, .T. ) ;
#5604 = CARTESIAN_POINT ( 'NONE',  ( -2.630594115711841125E-16, -0.8890000000000000124, -19.05000000000000071 ) ) ;
#5605 = TOROIDAL_SURFACE ( 'NONE', #5507, 1.554966049364602254, 0.7500000000000000000 ) ;
#5606 = ORIENTED_EDGE ( 'NONE', *, *, #950, .F. ) ;
#5607 = ORIENTED_EDGE ( 'NONE', *, *, #2016, .F. ) ;
#5608 = LINE ( 'NONE', #2014, #3716 ) ;
#5609 = FACE_BOUND ( 'NONE', #2452, .T. ) ;
#5610 = CARTESIAN_POINT ( 'NONE',  ( 10.40000000000000036, 0.000000000000000000, 5.523072258617638397 ) ) ;
#5611 = EDGE_CURVE ( 'NONE', #2637, #4546, #270, .T. ) ;
#5612 = ORIENTED_EDGE ( 'NONE', *, *, #5131, .F. ) ;
#5613 = CARTESIAN_POINT ( 'NONE',  ( -1.014510943328118249E-13, -2.175000000000003375, -36.94999999999989626 ) ) ;
#5614 = FACE_OUTER_BOUND ( 'NONE', #4046, .T. ) ;
#5615 = CARTESIAN_POINT ( 'NONE',  ( 17.76862915010142885, 6.200999999999999623, -12.70000000000000284 ) ) ;
#5616 = ORIENTED_EDGE ( 'NONE', *, *, #5282, .F. ) ;
#5617 = CARTESIAN_POINT ( 'NONE',  ( 13.19809734904587195, -3.174999999999998934, 2.595422128626172054 ) ) ;
#5618 = CARTESIAN_POINT ( 'NONE',  ( 6.350000000000000533, -0.8890000000000000124, -25.39999999999999858 ) ) ;
#5619 = DIRECTION ( 'NONE',  ( 0.000000000000000000, 1.000000000000000000, 0.000000000000000000 ) ) ;
#5620 = EDGE_LOOP ( 'NONE', ( #2234, #5718, #2482, #2323 ) ) ;
#5621 = CARTESIAN_POINT ( 'NONE',  ( -5.199999999999993072, -50.04532472225498907, -14.24558441227167371 ) ) ;
#5622 = ORIENTED_EDGE ( 'NONE', *, *, #5805, .T. ) ;
#5623 = EDGE_CURVE ( 'NONE', #4318, #3187, #903, .T. ) ;
#5624 = ORIENTED_EDGE ( 'NONE', *, *, #2579, .T. ) ;
#5625 = CARTESIAN_POINT ( 'NONE',  ( -6.199999999999999289, -6.200000000000000178, 0.000000000000000000 ) ) ;
#5626 = DIRECTION ( 'NONE',  ( 1.000000000000000000, 0.000000000000000000, 0.000000000000000000 ) ) ;
#5627 = FACE_OUTER_BOUND ( 'NONE', #766, .T. ) ;
#5628 = VERTEX_POINT ( 'NONE', #5436 ) ;
#5629 = VERTEX_POINT ( 'NONE', #2703 ) ;
#5630 = EDGE_CURVE ( 'NONE', #2103, #1461, #4501, .T. ) ;
#5631 = VECTOR ( 'NONE', #4927, 1000.000000000000000 ) ;
#5632 = EDGE_LOOP ( 'NONE', ( #4851, #1089, #4301, #5192 ) ) ;
#5633 = LINE ( 'NONE', #1098, #1552 ) ;
#5634 = PERSON_AND_ORGANIZATION_ROLE ( 'design_owner' ) ;
#5635 = AXIS2_PLACEMENT_3D ( 'NONE', #222, #3450, #1238 ) ;
#5636 = CARTESIAN_POINT ( 'NONE',  ( 14.80000000000000071, 0.000000000000000000, 5.438999999999999169 ) ) ;
#5637 = CARTESIAN_POINT ( 'NONE',  ( -3.654415587728433223, -50.04532472225498907, -12.70000000000010409 ) ) ;
#5638 = AXIS2_PLACEMENT_3D ( 'NONE', #1086, #2202, #2173 ) ;
#5639 = VERTEX_POINT ( 'NONE', #5327 ) ;
#5640 = CARTESIAN_POINT ( 'NONE',  ( -5.200000000000000178, -50.04532472225498907, -1.999999999999998224 ) ) ;
#5641 = DIRECTION ( 'NONE',  ( 1.000000000000000000, 0.000000000000000000, 0.000000000000000000 ) ) ;
#5642 = AXIS2_PLACEMENT_3D ( 'NONE', #114, #5201, #3785 ) ;
#5643 = DIRECTION ( 'NONE',  ( 1.209468558947973047E-16, 1.000000000000000000, 0.000000000000000000 ) ) ;
#5644 = ORIENTED_EDGE ( 'NONE', *, *, #1182, .T. ) ;
#5645 = AXIS2_PLACEMENT_3D ( 'NONE', #2648, #1262, #5788 ) ;
#5646 = DIRECTION ( 'NONE',  ( -0.000000000000000000, 1.000000000000000000, -0.000000000000000000 ) ) ;
#5647 = CARTESIAN_POINT ( 'NONE',  ( -0.4980973490458723840, 2.040073290564207831, 2.595422128626172054 ) ) ;
#5648 = FACE_OUTER_BOUND ( 'NONE', #4869, .T. ) ;
#5649 = ORIENTED_EDGE ( 'NONE', *, *, #3950, .F. ) ;
#5650 = ORIENTED_EDGE ( 'NONE', *, *, #5237, .T. ) ;
#5651 = VERTEX_POINT ( 'NONE', #3595 ) ;
#5652 = CARTESIAN_POINT ( 'NONE',  ( -2.630594115711841125E-16, -0.8890000000000000124, -22.22500000000000142 ) ) ;
#5653 = CARTESIAN_POINT ( 'NONE',  ( 13.09999999999999964, 2.081805041010027946, 5.906940355987363667 ) ) ;
#5654 = CARTESIAN_POINT ( 'NONE',  ( -6.199999999999833200, -0.1999999999999996503, -31.75000000000000000 ) ) ;
#5655 = ORIENTED_EDGE ( 'NONE', *, *, #3730, .T. ) ;
#5656 = EDGE_CURVE ( 'NONE', #1660, #1148, #425, .T. ) ;
#5657 = ORIENTED_EDGE ( 'NONE', *, *, #2176, .T. ) ;
#5658 = ORIENTED_EDGE ( 'NONE', *, *, #5745, .T. ) ;
#5659 = CIRCLE ( 'NONE', #4821, 2.100000000000000977 ) ;
#5660 = ORIENTED_EDGE ( 'NONE', *, *, #3966, .F. ) ;
#5661 = LINE ( 'NONE', #3464, #4478 ) ;
#5662 = AXIS2_PLACEMENT_3D ( 'NONE', #1352, #4973, #430 ) ;
#5663 = APPROVAL_ROLE ( '' ) ;
#5664 = EDGE_CURVE ( 'NONE', #1321, #3527, #6, .T. ) ;
#5665 = DIRECTION ( 'NONE',  ( 0.000000000000000000, 1.000000000000000000, 0.000000000000000000 ) ) ;
#5666 = CIRCLE ( 'NONE', #1721, 2.100000000000000977 ) ;
#5667 = ORIENTED_EDGE ( 'NONE', *, *, #699, .T. ) ;
#5668 = DIRECTION ( 'NONE',  ( -0.000000000000000000, -1.000000000000000000, -0.000000000000000000 ) ) ;
#5669 = CARTESIAN_POINT ( 'NONE',  ( 13.09999999999999964, -2.061552812808830293, 5.139000000000001123 ) ) ;
#5670 = ADVANCED_FACE ( 'NONE', ( #1318 ), #1290, .T. ) ;
#5671 = DIRECTION ( 'NONE',  ( 0.000000000000000000, 0.000000000000000000, 1.000000000000000000 ) ) ;
#5672 = ORIENTED_EDGE ( 'NONE', *, *, #3910, .F. ) ;
#5673 = LINE ( 'NONE', #1583, #802 ) ;
#5674 = CARTESIAN_POINT ( 'NONE',  ( -0.3999999999999999667, 2.243459280444428217, 5.588199955838119237 ) ) ;
#5675 = DIRECTION ( 'NONE',  ( -1.000000000000000000, -0.000000000000000000, -0.000000000000000000 ) ) ;
#5676 = ORIENTED_EDGE ( 'NONE', *, *, #2872, .F. ) ;
#5677 = ORIENTED_EDGE ( 'NONE', *, *, #1523, .T. ) ;
#5678 = EDGE_CURVE ( 'NONE', #2513, #2152, #5410, .T. ) ;
#5679 = LINE ( 'NONE', #1679, #459 ) ;
#5680 = ORIENTED_EDGE ( 'NONE', *, *, #5134, .T. ) ;
#5681 = AXIS2_PLACEMENT_3D ( 'NONE', #60, #1488, #3257 ) ;
#5682 = DIRECTION ( 'NONE',  ( -0.000000000000000000, 0.000000000000000000, 1.000000000000000000 ) ) ;
#5683 = CARTESIAN_POINT ( 'NONE',  ( 13.10000000000000142, 1.502637486114517751, 6.138999999999998458 ) ) ;
#5684 = CARTESIAN_POINT ( 'NONE',  ( 6.350000000000002309, -0.8890000000000000124, -9.524999999999998579 ) ) ;
#5685 = CARTESIAN_POINT ( 'NONE',  ( -0.3999999999999999667, -2.061552812808830293, 5.438999999999999169 ) ) ;
#5686 = EDGE_LOOP ( 'NONE', ( #3866, #79, #5334, #1822 ) ) ;
#5687 = EDGE_LOOP ( 'NONE', ( #3092, #2121, #2634, #4055 ) ) ;
#5688 = AXIS2_PLACEMENT_3D ( 'NONE', #1603, #3376, #297 ) ;
#5689 = ORIENTED_EDGE ( 'NONE', *, *, #4235, .T. ) ;
#5690 = ORIENTED_EDGE ( 'NONE', *, *, #767, .F. ) ;
#5691 = APPROVAL ( #2578, 'UNSPECIFIED' ) ;
#5692 = CARTESIAN_POINT ( 'NONE',  ( 6.350000000000000533, -5.460999999999999410, -25.39999999999999858 ) ) ;
#5693 = AXIS2_PLACEMENT_3D ( 'NONE', #326, #2134, #3083 ) ;
#5694 = ADVANCED_FACE ( 'NONE', ( #4969, #4910 ), #930, .T. ) ;
#5695 = CARTESIAN_POINT ( 'NONE',  ( 12.69999999999999929, -5.460999999999999410, -15.87500000000000000 ) ) ;
#5696 = EDGE_CURVE ( 'NONE', #315, #3349, #4880, .T. ) ;
#5697 = ORIENTED_EDGE ( 'NONE', *, *, #1862, .F. ) ;
#5698 = LINE ( 'NONE', #2465, #2967 ) ;
#5699 = DIRECTION ( 'NONE',  ( -0.000000000000000000, -1.000000000000000000, -0.000000000000000000 ) ) ;
#5700 = DIRECTION ( 'NONE',  ( -0.000000000000000000, -1.000000000000000000, -0.000000000000000000 ) ) ;
#5701 = FACE_OUTER_BOUND ( 'NONE', #5315, .T. ) ;
#5702 = ORIENTED_EDGE ( 'NONE', *, *, #3374, .F. ) ;
#5703 = ADVANCED_FACE ( 'NONE', ( #848 ), #4440, .T. ) ;
#5704 = CARTESIAN_POINT ( 'NONE',  ( -0.4000000000000000222, -2.182266827280790356, 5.773579458367407824 ) ) ;
#5705 = CARTESIAN_POINT ( 'NONE',  ( 18.89999999999999858, -6.200000000000000178, -2.000000000000000000 ) ) ;
#5706 = LINE ( 'NONE', #2151, #4324 ) ;
#5707 = ORIENTED_EDGE ( 'NONE', *, *, #5447, .T. ) ;
#5708 = CIRCLE ( 'NONE', #3463, 2.100000000000000089 ) ;
#5709 = EDGE_LOOP ( 'NONE', ( #5508, #2920, #946, #4935 ) ) ;
#5710 = CARTESIAN_POINT ( 'NONE',  ( -5.200000000000000178, -50.04532472225498907, -26.94558441227146872 ) ) ;
#5711 = VERTEX_POINT ( 'NONE', #1429 ) ;
#5712 = LINE ( 'NONE', #1709, #1428 ) ;
#5713 = CARTESIAN_POINT ( 'NONE',  ( 6.350000000000002309, -0.8890000000000000124, -9.524999999999998579 ) ) ;
#5714 = CARTESIAN_POINT ( 'NONE',  ( 6.349999999999999645, -6.199999999999997513, -35.40441558772833019 ) ) ;
#5715 = CARTESIAN_POINT ( 'NONE',  ( 6.350000000000000533, -0.8890000000000000124, -25.39999999999999858 ) ) ;
#5716 = EDGE_LOOP ( 'NONE', ( #271, #2572, #3372, #1935 ) ) ;
#5717 = ORIENTED_EDGE ( 'NONE', *, *, #3966, .T. ) ;
#5718 = ORIENTED_EDGE ( 'NONE', *, *, #1284, .F. ) ;
#5719 = ORIENTED_EDGE ( 'NONE', *, *, #3285, .T. ) ;
#5720 = DIRECTION ( 'NONE',  ( 1.000000000000000000, 0.000000000000000000, 0.000000000000000000 ) ) ;
#5721 = DIRECTION ( 'NONE',  ( -1.000000000000000000, 0.000000000000000000, 0.000000000000000000 ) ) ;
#5722 = VECTOR ( 'NONE', #3769, 1000.000000000000000 ) ;
#5723 = ORIENTED_EDGE ( 'NONE', *, *, #3237, .F. ) ;
#5724 = DIRECTION ( 'NONE',  ( 0.7071067811865453523, 0.000000000000000000, -0.7071067811865496822 ) ) ;
#5725 = DIRECTION ( 'NONE',  ( 0.000000000000000000, 0.000000000000000000, 1.000000000000000000 ) ) ;
#5726 = CIRCLE ( 'NONE', #2437, 2.268258436585968152 ) ;
#5727 = DIRECTION ( 'NONE',  ( -0.000000000000000000, 1.000000000000000000, -0.000000000000000000 ) ) ;
#5728 = EDGE_CURVE ( 'NONE', #4931, #3746, #5078, .T. ) ;
#5729 = EDGE_LOOP ( 'NONE', ( #2390, #3859, #5104, #1648 ) ) ;
#5730 = EDGE_CURVE ( 'NONE', #133, #2145, #1072, .T. ) ;
#5731 = VECTOR ( 'NONE', #4637, 1000.000000000000227 ) ;
#5732 = AXIS2_PLACEMENT_3D ( 'NONE', #5715, #1684, #4398 ) ;
#5733 = FACE_BOUND ( 'NONE', #3496, .T. ) ;
#5734 = CARTESIAN_POINT ( 'NONE',  ( -0.3999999999999999667, -2.061552812808830293, 5.438999999999999169 ) ) ;
#5735 = CYLINDRICAL_SURFACE ( 'NONE', #5825, 3.175000000000000711 ) ;
#5736 = ADVANCED_FACE ( 'NONE', ( #1458 ), #2543, .T. ) ;
#5737 = ORIENTED_EDGE ( 'NONE', *, *, #4947, .F. ) ;
#5738 = CIRCLE ( 'NONE', #659, 3.175000000000000711 ) ;
#5739 = ORIENTED_EDGE ( 'NONE', *, *, #4022, .F. ) ;
#5740 = FACE_OUTER_BOUND ( 'NONE', #1240, .T. ) ;
#5741 = FACE_OUTER_BOUND ( 'NONE', #4515, .T. ) ;
#5742 = CARTESIAN_POINT ( 'NONE',  ( 18.89999999999977831, 6.200999999999999623, -26.53137084989835515 ) ) ;
#5743 = LINE ( 'NONE', #1713, #3753 ) ;
#5744 = CARTESIAN_POINT ( 'NONE',  ( -5.200000000000000178, -0.1999999999999996503, -26.94558441227146872 ) ) ;
#5745 = EDGE_CURVE ( 'NONE', #3764, #4577, #5582, .T. ) ;
#5746 = ORIENTED_EDGE ( 'NONE', *, *, #619, .T. ) ;
#5747 = ORIENTED_EDGE ( 'NONE', *, *, #2149, .T. ) ;
#5748 = VERTEX_POINT ( 'NONE', #2337 ) ;
#5749 = EDGE_LOOP ( 'NONE', ( #406, #5796, #1029, #2720 ) ) ;
#5750 = CARTESIAN_POINT ( 'NONE',  ( -6.199999999999999289, -6.200000000000000178, -2.000000000000000000 ) ) ;
#5751 = AXIS2_PLACEMENT_3D ( 'NONE', #1932, #5524, #1491 ) ;
#5752 = CARTESIAN_POINT ( 'NONE',  ( -5.200000000000000178, -50.04532472225498907, -26.94558441227146872 ) ) ;
#5753 = EDGE_LOOP ( 'NONE', ( #1971, #4075 ) ) ;
#5754 = CARTESIAN_POINT ( 'NONE',  ( 7.481370849898303810, 6.201000000000000512, -37.94999999999973284 ) ) ;
#5755 = VECTOR ( 'NONE', #1739, 1000.000000000000000 ) ;
#5756 = CARTESIAN_POINT ( 'NONE',  ( 17.89999999999999858, -6.199999999999997513, -11.15441558772853270 ) ) ;
#5757 = DIRECTION ( 'NONE',  ( -0.000000000000000000, -0.000000000000000000, 1.000000000000000000 ) ) ;
#5758 = CARTESIAN_POINT ( 'NONE',  ( 6.350000000000000533, -5.460999999999999410, -22.22499999999999787 ) ) ;
#5759 = VERTEX_POINT ( 'NONE', #5487 ) ;
#5760 = AXIS2_PLACEMENT_3D ( 'NONE', #2645, #1260, #4439 ) ;
#5761 = CARTESIAN_POINT ( 'NONE',  ( -0.3999999999999999667, -2.232710535457612888, 5.620762745781209269 ) ) ;
#5762 = LINE ( 'NONE', #4446, #2756 ) ;
#5763 = DIRECTION ( 'NONE',  ( -0.000000000000000000, 1.000000000000000000, -0.000000000000000000 ) ) ;
#5764 = ORIENTED_EDGE ( 'NONE', *, *, #4235, .F. ) ;
#5765 = ORIENTED_EDGE ( 'NONE', *, *, #1956, .T. ) ;
#5766 = CARTESIAN_POINT ( 'NONE',  ( 12.69999999999999929, -5.460999999999999410, -22.22500000000000142 ) ) ;
#5767 = CARTESIAN_POINT ( 'NONE',  ( -6.199999999999756817, -0.1999999999999996503, -13.83137084989834520 ) ) ;
#5768 = EDGE_CURVE ( 'NONE', #3135, #422, #3227, .T. ) ;
#5769 = DIRECTION ( 'NONE',  ( -0.7071067811865474617, -0.7071067811865475727, 0.000000000000000000 ) ) ;
#5770 = DIRECTION ( 'NONE',  ( 0.000000000000000000, 0.000000000000000000, 1.000000000000000000 ) ) ;
#5771 = DIRECTION ( 'NONE',  ( 1.000000000000000000, 0.000000000000000000, 0.000000000000000000 ) ) ;
#5772 = ORIENTED_EDGE ( 'NONE', *, *, #2372, .F. ) ;
#5773 = ORIENTED_EDGE ( 'NONE', *, *, #1381, .T. ) ;
#5774 = VERTEX_POINT ( 'NONE', #4198 ) ;
#5775 = AXIS2_PLACEMENT_3D ( 'NONE', #1120, #1540, #1151 ) ;
#5776 = EDGE_CURVE ( 'NONE', #1174, #4961, #5077, .T. ) ;
#5777 = ORIENTED_EDGE ( 'NONE', *, *, #5515, .T. ) ;
#5778 = CARTESIAN_POINT ( 'NONE',  ( 13.18718001185238542, 2.042738830444500220, 2.470636393497686267 ) ) ;
#5779 = EDGE_CURVE ( 'NONE', #2124, #102, #2052, .T. ) ;
#5780 = AXIS2_PLACEMENT_3D ( 'NONE', #2706, #4092, #3539 ) ;
#5781 =( BOUNDED_CURVE ( )  B_SPLINE_CURVE ( 3, ( #3509, #1266, #5332, #4007 ),
 .UNSPECIFIED., .F., .T. ) 
 B_SPLINE_CURVE_WITH_KNOTS ( ( 4, 4 ),
 ( 4.362112093716119077, 4.472917508490046323 ),
 .UNSPECIFIED. ) 
 CURVE ( )  GEOMETRIC_REPRESENTATION_ITEM ( )  RATIONAL_B_SPLINE_CURVE ( ( 1.000000000000000000, 0.9989771083553060649, 0.9989771083553060649, 1.000000000000000000 ) ) 
 REPRESENTATION_ITEM ( '' )  );
#5782 = FACE_OUTER_BOUND ( 'NONE', #807, .T. ) ;
#5783 = AXIS2_PLACEMENT_3D ( 'NONE', #4084, #4197, #2367 ) ;
#5784 = ORIENTED_EDGE ( 'NONE', *, *, #4585, .F. ) ;
#5785 = LINE ( 'NONE', #1695, #1650 ) ;
#5786 = DIRECTION ( 'NONE',  ( 1.000000000000000000, 0.000000000000000000, 8.260587980841934638E-15 ) ) ;
#5787 = LINE ( 'NONE', #1726, #4799 ) ;
#5788 = DIRECTION ( 'NONE',  ( -0.000000000000000000, 0.000000000000000000, -1.000000000000000000 ) ) ;
#5789 = EDGE_CURVE ( 'NONE', #25, #3023, #5354, .T. ) ;
#5790 = CIRCLE ( 'NONE', #2782, 1.554966049364602254 ) ;
#5791 = VERTEX_POINT ( 'NONE', #5021 ) ;
#5792 = LINE ( 'NONE', #4416, #3438 ) ;
#5793 = LINE ( 'NONE', #1324, #1529 ) ;
#5794 = FACE_OUTER_BOUND ( 'NONE', #1929, .T. ) ;
#5795 = EDGE_LOOP ( 'NONE', ( #3482, #1116, #4152, #800, #3366, #3942 ) ) ;
#5796 = ORIENTED_EDGE ( 'NONE', *, *, #950, .T. ) ;
#5797 = DIRECTION ( 'NONE',  ( -1.000000000000000000, -1.398970545142586541E-16, 0.000000000000000000 ) ) ;
#5798 = CARTESIAN_POINT ( 'NONE',  ( 6.350000000000000533, -5.460999999999999410, -25.39999999999999858 ) ) ;
#5799 = LINE ( 'NONE', #3489, #2500 ) ;
#5800 = LINE ( 'NONE', #411, #3191 ) ;
#5801 = CARTESIAN_POINT ( 'NONE',  ( 5.218629150101652847, -0.1999999999999996503, -37.94999999999976126 ) ) ;
#5802 = VERTEX_POINT ( 'NONE', #5111 ) ;
#5803 = VERTEX_POINT ( 'NONE', #4612 ) ;
#5804 = ORIENTED_EDGE ( 'NONE', *, *, #4449, .T. ) ;
#5805 = EDGE_CURVE ( 'NONE', #2145, #3838, #178, .T. ) ;
#5806 = AXIS2_PLACEMENT_3D ( 'NONE', #1942, #2416, #3682 ) ;
#5807 = ORIENTED_EDGE ( 'NONE', *, *, #1482, .F. ) ;
#5808 = DIRECTION ( 'NONE',  ( 0.000000000000000000, 0.000000000000000000, 1.000000000000000000 ) ) ;
#5809 = ADVANCED_FACE ( 'NONE', ( #1984 ), #4556, .F. ) ;
#5810 = EDGE_CURVE ( 'NONE', #91, #4340, #2876, .T. ) ;
#5811 = CARTESIAN_POINT ( 'NONE',  ( 15.87500000000000000, 0.000000000000000000, 0.000000000000000000 ) ) ;
#5812 = ORIENTED_EDGE ( 'NONE', *, *, #651, .T. ) ;
#5813 = DIRECTION ( 'NONE',  ( -1.000000000000000000, 0.000000000000000000, -0.000000000000000000 ) ) ;
#5814 = DIRECTION ( 'NONE',  ( 0.000000000000000000, 1.000000000000000000, 0.000000000000000000 ) ) ;
#5815 = FACE_OUTER_BOUND ( 'NONE', #2277, .T. ) ;
#5816 = VECTOR ( 'NONE', #146, 1000.000000000000000 ) ;
#5817 = ADVANCED_FACE ( 'NONE', ( #1897 ), #4671, .T. ) ;
#5818 = DIRECTION ( 'NONE',  ( -1.000000000000000000, 0.000000000000000000, 0.000000000000000000 ) ) ;
#5819 = VECTOR ( 'NONE', #2384, 1000.000000000000000 ) ;
#5820 = ORIENTED_EDGE ( 'NONE', *, *, #2850, .T. ) ;
#5821 = CARTESIAN_POINT ( 'NONE',  ( 17.89999999999999858, -50.04532472225498907, -31.75000000000000000 ) ) ;
#5822 = CARTESIAN_POINT ( 'NONE',  ( 12.70000000000000284, -6.201024999999999565, -6.350000000000004974 ) ) ;
#5823 = DIRECTION ( 'NONE',  ( -0.7071067811865466846, 7.330486454263132987E-17, -0.7071067811865483499 ) ) ;
#5824 = VECTOR ( 'NONE', #4622, 1000.000000000000000 ) ;
#5826 = ORIENTED_EDGE ( 'NONE', *, *, #4879, .F. ) ;
#5825 = AXIS2_PLACEMENT_3D ( 'NONE', #3390, #5273, #311 ) ;
#5827 = FACE_OUTER_BOUND ( 'NONE', #2923, .T. ) ;
#5828 = CARTESIAN_POINT ( 'NONE',  ( 12.70000000000000284, -0.8890000000000000124, -6.350000000000004974 ) ) ;
#5829 = CARTESIAN_POINT ( 'NONE',  ( -2.630594115711841125E-16, -5.460999999999999410, -28.57499999999999929 ) ) ;
#5830 = DIRECTION ( 'NONE',  ( 0.000000000000000000, 0.000000000000000000, 1.000000000000000000 ) ) ;
#5831 = DIRECTION ( 'NONE',  ( -0.000000000000000000, 1.000000000000000000, -0.000000000000000000 ) ) ;
#5832 = CARTESIAN_POINT ( 'NONE',  ( 7.895584412271571928, -50.04532472225498907, -36.94999999999989626 ) ) ;
#5833 = AXIS2_PLACEMENT_3D ( 'NONE', #3668, #4114, #4062 ) ;
#5834 = EDGE_LOOP ( 'NONE', ( #1278, #499, #4780, #1394 ) ) ;
#5835 = ORIENTED_EDGE ( 'NONE', *, *, #2429, .F. ) ;
#5836 = VERTEX_POINT ( 'NONE', #3694 ) ;
#5837 = EDGE_LOOP ( 'NONE', ( #1139, #1336, #1044, #674 ) ) ;
#5838 = CARTESIAN_POINT ( 'NONE',  ( 11.97936842241353439, -1.972483239316685122, 5.138999999999997570 ) ) ;
#5839 = EDGE_CURVE ( 'NONE', #1746, #4451, #4996, .T. ) ;
ENDSEC;
END-ISO-10303-21;
