ISO-10303-21;
HEADER;
FILE_DESCRIPTION (( 'STEP AP203' ),
    '1' );
FILE_NAME ('228-2500-132.step',
    '2022-06-06T19:07:27',
    ( '' ),
    ( '' ),
    'SwSTEP 2.0',
    'SolidWorks 2021',
    '' );
FILE_SCHEMA (( 'CONFIG_CONTROL_DESIGN' ));
ENDSEC;

DATA;
#1 = ORIENTED_EDGE ( 'NONE', *, *, #3407, .T. ) ;
#2 = LINE ( 'NONE', #1376, #2440 ) ;
#3 = DIRECTION ( 'NONE',  ( 1.000000000000000000, 0.000000000000000000, 0.000000000000000000 ) ) ;
#4 = EDGE_CURVE ( 'NONE', #1519, #1754, #1611, .T. ) ;
#5 = VERTEX_POINT ( 'NONE', #1134 ) ;
#6 = DIRECTION ( 'NONE',  ( 1.000000000000000000, -1.365923996832131363E-16, 0.000000000000000000 ) ) ;
#7 = DIRECTION ( 'NONE',  ( -0.000000000000000000, -0.000000000000000000, 1.000000000000000000 ) ) ;
#8 = VERTEX_POINT ( 'NONE', #2609 ) ;
#9 = COORDINATED_UNIVERSAL_TIME_OFFSET ( 6, 0, .BEHIND. ) ;
#10 = CARTESIAN_POINT ( 'NONE',  ( 12.30000000000000071, -2.061552812808830293, 5.139000000000001123 ) ) ;
#11 = EDGE_CURVE ( 'NONE', #3367, #1084, #2825, .T. ) ;
#12 = PLANE ( 'NONE',  #3401 ) ;
#13 = LOCAL_TIME ( 14, 7, 27.00000000000000000, #1778 ) ;
#14 = DIRECTION ( 'NONE',  ( -0.3090169943749442316, 0.000000000000000000, -0.9510565162951545304 ) ) ;
#15 = FACE_OUTER_BOUND ( 'NONE', #3624, .T. ) ;
#16 = EDGE_LOOP ( 'NONE', ( #3415, #2323, #2990, #2837 ) ) ;
#17 = VERTEX_POINT ( 'NONE', #1703 ) ;
#18 = FACE_BOUND ( 'NONE', #3427, .T. ) ;
#19 = VERTEX_POINT ( 'NONE', #58 ) ;
#20 = FACE_OUTER_BOUND ( 'NONE', #1675, .T. ) ;
#21 = LINE ( 'NONE', #2804, #811 ) ;
#22 = EDGE_CURVE ( 'NONE', #2931, #1458, #1186, .T. ) ;
#23 = ORIENTED_EDGE ( 'NONE', *, *, #3071, .T. ) ;
#24 = CARTESIAN_POINT ( 'NONE',  ( -0.4980973490458723840, -3.174999999999999822, 2.595422128626172054 ) ) ;
#25 = CARTESIAN_POINT ( 'NONE',  ( 1.281370849898471942, -6.200000000000001066, -12.69999999999999929 ) ) ;
#26 = CIRCLE ( 'NONE', #3630, 2.100000000000000089 ) ;
#27 = EDGE_CURVE ( 'NONE', #3574, #109, #227, .T. ) ;
#28 = AXIS2_PLACEMENT_3D ( 'NONE', #2004, #1476, #1455 ) ;
#29 = CIRCLE ( 'NONE', #3052, 2.100000000000000089 ) ;
#30 = ORIENTED_EDGE ( 'NONE', *, *, #627, .F. ) ;
#31 = CARTESIAN_POINT ( 'NONE',  ( 2.695584412271571750, -4.174999999999999822, -12.69999999999998153 ) ) ;
#32 = DIRECTION ( 'NONE',  ( 0.000000000000000000, 0.000000000000000000, -1.000000000000000000 ) ) ;
#33 = DIRECTION ( 'NONE',  ( -0.7071067811865474617, 0.000000000000000000, 0.7071067811865474617 ) ) ;
#34 = AXIS2_PLACEMENT_3D ( 'NONE', #2887, #2636, #1541 ) ;
#35 = AXIS2_PLACEMENT_3D ( 'NONE', #2933, #381, #3215 ) ;
#36 = ADVANCED_FACE ( 'NONE', ( #3221 ), #2062, .T. ) ;
#37 = APPLICATION_CONTEXT ( 'configuration controlled 3d designs of mechanical parts and assemblies' ) ;
#38 = FACE_OUTER_BOUND ( 'NONE', #2405, .T. ) ;
#39 = VECTOR ( 'NONE', #1702, 1000.000000000000000 ) ;
#40 = ORIENTED_EDGE ( 'NONE', *, *, #1823, .T. ) ;
#41 = DIRECTION ( 'NONE',  ( -0.000000000000000000, 1.000000000000000000, -0.000000000000000000 ) ) ;
#42 = ORIENTED_EDGE ( 'NONE', *, *, #2349, .T. ) ;
#43 = DIRECTION ( 'NONE',  ( 1.000000000000000000, 0.000000000000000000, 0.000000000000000000 ) ) ;
#44 = CARTESIAN_POINT ( 'NONE',  ( 12.30000000000000071, -2.061552812808830293, 5.438999999999999169 ) ) ;
#45 = ORIENTED_EDGE ( 'NONE', *, *, #2926, .T. ) ;
#46 = CARTESIAN_POINT ( 'NONE',  ( -2.099872945368625121, 0.000000000000000000, 6.138999999999998458 ) ) ;
#47 = AXIS2_PLACEMENT_3D ( 'NONE', #1057, #1373, #2211 ) ;
#48 =( NAMED_UNIT ( * ) SI_UNIT ( $, .STERADIAN. ) SOLID_ANGLE_UNIT ( ) );
#49 = EDGE_LOOP ( 'NONE', ( #1131, #1712 ) ) ;
#50 = CYLINDRICAL_SURFACE ( 'NONE', #218, 2.100000000000000089 ) ;
#51 = LINE ( 'NONE', #1183, #500 ) ;
#52 = CARTESIAN_POINT ( 'NONE',  ( 0.1499999999999971911, -32.54999999999999716, -4.000000000000000000 ) ) ;
#53 = DIRECTION ( 'NONE',  ( 0.000000000000000000, 0.000000000000000000, 1.000000000000000000 ) ) ;
#54 = EDGE_CURVE ( 'NONE', #3229, #1097, #2366, .T. ) ;
#55 = ORIENTED_EDGE ( 'NONE', *, *, #605, .F. ) ;
#56 = ORIENTED_EDGE ( 'NONE', *, *, #1841, .T. ) ;
#57 = CARTESIAN_POINT ( 'NONE',  ( 11.54999999999999361, -4.175000000000000711, -101.3795551986130192 ) ) ;
#58 = CARTESIAN_POINT ( 'NONE',  ( -3.100000000000016964, -3.099999999999982769, 0.000000000000000000 ) ) ;
#59 = LINE ( 'NONE', #1212, #2622 ) ;
#60 = EDGE_CURVE ( 'NONE', #889, #770, #2905, .T. ) ;
#61 = VERTEX_POINT ( 'NONE', #660 ) ;
#62 = CARTESIAN_POINT ( 'NONE',  ( 6.349999999999996092, -6.201024999999999565, -8.449999999999999289 ) ) ;
#63 = LINE ( 'NONE', #646, #863 ) ;
#64 = PERSON_AND_ORGANIZATION ( #3562, #2121 ) ;
#65 = ORIENTED_EDGE ( 'NONE', *, *, #2006, .F. ) ;
#66 = DIRECTION ( 'NONE',  ( -1.000000000000000000, 0.000000000000000000, 0.000000000000000000 ) ) ;
#67 = CARTESIAN_POINT ( 'NONE',  ( -2.100000000000000089, 0.000000000000000000, 5.438999999999999169 ) ) ;
#68 = VECTOR ( 'NONE', #1411, 1000.000000000000000 ) ;
#69 = CARTESIAN_POINT ( 'NONE',  ( 2.695584412271568198, -32.54999999999999716, -12.69999999999999929 ) ) ;
#70 = FACE_OUTER_BOUND ( 'NONE', #3270, .T. ) ;
#71 = CARTESIAN_POINT ( 'NONE',  ( -0.3999999999999999667, -3.174999999999999822, 5.139000000000001123 ) ) ;
#72 = APPROVAL_PERSON_ORGANIZATION ( #1793, #2599, #1216 ) ;
#73 = EDGE_CURVE ( 'NONE', #2212, #993, #710, .T. ) ;
#74 = VERTEX_POINT ( 'NONE', #3538 ) ;
#75 = DIRECTION ( 'NONE',  ( 0.000000000000000000, 0.000000000000000000, 1.000000000000000000 ) ) ;
#76 = DIRECTION ( 'NONE',  ( 0.000000000000000000, 1.000000000000000000, 0.000000000000000000 ) ) ;
#77 = EDGE_CURVE ( 'NONE', #3144, #1575, #3013, .T. ) ;
#78 = EDGE_CURVE ( 'NONE', #1257, #1724, #388, .T. ) ;
#79 = ORIENTED_EDGE ( 'NONE', *, *, #529, .T. ) ;
#80 = VECTOR ( 'NONE', #2351, 1000.000000000000000 ) ;
#81 = LINE ( 'NONE', #2895, #2275 ) ;
#82 = SECURITY_CLASSIFICATION_LEVEL ( 'unclassified' ) ;
#83 = ORIENTED_EDGE ( 'NONE', *, *, #2821, .F. ) ;
#84 = FACE_OUTER_BOUND ( 'NONE', #3472, .T. ) ;
#85 = LINE ( 'NONE', #3481, #2867 ) ;
#86 = DIRECTION ( 'NONE',  ( -0.000000000000000000, 0.000000000000000000, 1.000000000000000000 ) ) ;
#87 = CARTESIAN_POINT ( 'NONE',  ( 11.97936842241353439, -3.174999999999998934, 5.138999999999997570 ) ) ;
#88 = CONICAL_SURFACE ( 'NONE', #2759, 2.100000000000000977, 1.172861257340199304 ) ;
#89 = VERTEX_POINT ( 'NONE', #2675 ) ;
#90 = AXIS2_PLACEMENT_3D ( 'NONE', #996, #729, #693 ) ;
#91 = FACE_OUTER_BOUND ( 'NONE', #1357, .T. ) ;
#92 = DIRECTION ( 'NONE',  ( 0.000000000000000000, 1.000000000000000000, 0.000000000000000000 ) ) ;
#93 = ADVANCED_FACE ( 'NONE', ( #1512 ), #3238, .F. ) ;
#94 = DIRECTION ( 'NONE',  ( 1.000000000000000000, 0.000000000000000000, 0.000000000000000000 ) ) ;
#95 = ORIENTED_EDGE ( 'NONE', *, *, #2281, .T. ) ;
#96 = EDGE_CURVE ( 'NONE', #2687, #3107, #1840, .T. ) ;
#97 = DIRECTION ( 'NONE',  ( 1.000000000000000000, -8.881784197001252323E-16, 0.000000000000000000 ) ) ;
#98 = DIRECTION ( 'NONE',  ( -0.000000000000000000, -1.000000000000000000, -0.000000000000000000 ) ) ;
#99 = EDGE_LOOP ( 'NONE', ( #1714, #1877, #2248, #1736, #1441, #3379, #2753, #1667, #1438, #1233 ) ) ;
#100 = AXIS2_PLACEMENT_3D ( 'NONE', #816, #2538, #1942 ) ;
#101 = EDGE_LOOP ( 'NONE', ( #3120, #689 ) ) ;
#102 = SHAPE_DEFINITION_REPRESENTATION ( #1856, #1462 ) ;
#103 = DIRECTION ( 'NONE',  ( -1.000000000000000000, 0.000000000000000000, 0.000000000000000000 ) ) ;
#104 = CARTESIAN_POINT ( 'NONE',  ( 12.30000000000000071, 2.061552812808830293, 5.438999999999999169 ) ) ;
#105 = AXIS2_PLACEMENT_3D ( 'NONE', #1678, #2621, #2955 ) ;
#106 = EDGE_CURVE ( 'NONE', #1414, #2715, #3258, .T. ) ;
#107 = DIRECTION ( 'NONE',  ( 1.000000000000000000, 0.000000000000000000, 0.000000000000000000 ) ) ;
#108 = ORIENTED_EDGE ( 'NONE', *, *, #2546, .F. ) ;
#109 = VERTEX_POINT ( 'NONE', #2075 ) ;
#110 = CARTESIAN_POINT ( 'NONE',  ( 12.30000000000000071, -2.264950330581225746, 5.523072258617638397 ) ) ;
#111 = CIRCLE ( 'NONE', #2662, 3.175000000000000711 ) ;
#112 = CARTESIAN_POINT ( 'NONE',  ( 1.149999999999997247, -32.54999999999999716, -11.15441558772842967 ) ) ;
#113 = CARTESIAN_POINT ( 'NONE',  ( 12.30000000000000071, -2.264950330581225746, 5.523072258617638397 ) ) ;
#114 = EDGE_CURVE ( 'NONE', #1335, #2520, #2941, .T. ) ;
#115 = ORIENTED_EDGE ( 'NONE', *, *, #1805, .T. ) ;
#116 = EDGE_LOOP ( 'NONE', ( #2423, #2288 ) ) ;
#117 = CARTESIAN_POINT ( 'NONE',  ( 11.54999999999999538, -0.1999999999999996503, -2.000000000000000000 ) ) ;
#118 = CARTESIAN_POINT ( 'NONE',  ( -0.3999999999999999667, -2.061552812808830293, 5.438999999999999169 ) ) ;
#119 = ORIENTED_EDGE ( 'NONE', *, *, #2884, .T. ) ;
#120 = DIRECTION ( 'NONE',  ( -0.000000000000000000, 1.000000000000000000, -0.000000000000000000 ) ) ;
#121 = ADVANCED_FACE ( 'NONE', ( #2342 ), #405, .T. ) ;
#122 = DIRECTION ( 'NONE',  ( 1.000000000000000000, 0.000000000000000000, 8.115498896123205041E-15 ) ) ;
#123 = AXIS2_PLACEMENT_3D ( 'NONE', #1429, #1392, #1704 ) ;
#124 = ORIENTED_EDGE ( 'NONE', *, *, #882, .F. ) ;
#125 = CARTESIAN_POINT ( 'NONE',  ( 12.20190265095412840, -2.040073290564207831, 2.595422128626172054 ) ) ;
#126 = CARTESIAN_POINT ( 'NONE',  ( 14.54999999999999893, -6.200000000000000178, -4.000000000000000000 ) ) ;
#127 = CARTESIAN_POINT ( 'NONE',  ( 11.97936842241353439, -3.174999999999998934, 5.138999999999997570 ) ) ;
#128 = EDGE_LOOP ( 'NONE', ( #3327, #926, #3076, #273 ) ) ;
#129 = CARTESIAN_POINT ( 'NONE',  ( 13.09999999999999964, -2.061552812808830293, 5.438999999999999169 ) ) ;
#130 = LINE ( 'NONE', #1019, #3567 ) ;
#131 = ORIENTED_EDGE ( 'NONE', *, *, #1670, .T. ) ;
#132 = FACE_OUTER_BOUND ( 'NONE', #2889, .T. ) ;
#133 = DIRECTION ( 'NONE',  ( -0.000000000000000000, -0.000000000000000000, -1.000000000000000000 ) ) ;
#134 = EDGE_CURVE ( 'NONE', #2184, #2696, #2946, .T. ) ;
#135 = AXIS2_PLACEMENT_3D ( 'NONE', #2499, #2830, #3659 ) ;
#136 = ORIENTED_EDGE ( 'NONE', *, *, #1920, .T. ) ;
#137 = DIRECTION ( 'NONE',  ( 0.7071067811865480168, 0.000000000000000000, -0.7071067811865470176 ) ) ;
#138 = DIRECTION ( 'NONE',  ( 1.000000000000000000, 0.000000000000000000, -8.115498896123167176E-15 ) ) ;
#139 = CARTESIAN_POINT ( 'NONE',  ( 6.349999999999999645, 6.349999999999999645, 0.000000000000000000 ) ) ;
#140 = EDGE_LOOP ( 'NONE', ( #182, #3088, #1654, #2174 ) ) ;
#141 = CARTESIAN_POINT ( 'NONE',  ( 6.349999999999996092, -5.460999999999999410, -19.04999999999999716 ) ) ;
#142 = VECTOR ( 'NONE', #1400, 1000.000000000000000 ) ;
#143 = PLANE ( 'NONE',  #1254 ) ;
#144 = B_SPLINE_CURVE_WITH_KNOTS ( 'NONE', 3,
 ( #1927, #1072, #1657, #3296, #3020, #1029 ),
 .UNSPECIFIED., .F., .F.,
 ( 4, 2, 4 ),
 ( 0.000000000000000000, 0.0004757001404452628575, 0.0009514002808905257149 ),
 .UNSPECIFIED. ) ;
#145 = AXIS2_PLACEMENT_3D ( 'NONE', #409, #3576, #1548 ) ;
#146 = ORIENTED_EDGE ( 'NONE', *, *, #696, .T. ) ;
#147 = DIRECTION ( 'NONE',  ( -0.000000000000000000, 1.000000000000000000, -0.000000000000000000 ) ) ;
#148 = LINE ( 'NONE', #1298, #1800 ) ;
#149 = VERTEX_POINT ( 'NONE', #981 ) ;
#150 = ORIENTED_EDGE ( 'NONE', *, *, #2253, .T. ) ;
#151 = ORIENTED_EDGE ( 'NONE', *, *, #2504, .F. ) ;
#152 = DIRECTION ( 'NONE',  ( -0.000000000000000000, 1.000000000000000000, -0.000000000000000000 ) ) ;
#153 = ORIENTED_EDGE ( 'NONE', *, *, #339, .T. ) ;
#154 = FACE_OUTER_BOUND ( 'NONE', #578, .T. ) ;
#155 = DIRECTION ( 'NONE',  ( 0.000000000000000000, 1.000000000000000000, 0.000000000000000000 ) ) ;
#156 = DIRECTION ( 'NONE',  ( 0.000000000000000000, 0.000000000000000000, 1.000000000000000000 ) ) ;
#157 = EDGE_LOOP ( 'NONE', ( #2437, #2361, #136, #1485 ) ) ;
#158 = AXIS2_PLACEMENT_3D ( 'NONE', #903, #3151, #541 ) ;
#159 = ADVANCED_FACE ( 'NONE', ( #2363, #998 ), #143, .F. ) ;
#160 = LINE ( 'NONE', #1310, #814 ) ;
#161 = DIRECTION ( 'NONE',  ( 0.000000000000000000, 0.000000000000000000, 1.000000000000000000 ) ) ;
#162 = EDGE_LOOP ( 'NONE', ( #1022, #1378, #2013, #2870, #315, #2305, #1263, #548, #1432, #2766, #3111, #3510, #484, #379, #1180, #257 ) ) ;
#163 = ADVANCED_FACE ( 'NONE', ( #2115 ), #1292, .F. ) ;
#164 = LINE ( 'NONE', #129, #547 ) ;
#165 = LINE ( 'NONE', #2964, #1975 ) ;
#166 = ORIENTED_EDGE ( 'NONE', *, *, #2824, .T. ) ;
#167 = ORIENTED_EDGE ( 'NONE', *, *, #2749, .T. ) ;
#168 = DIRECTION ( 'NONE',  ( -8.115498896123205041E-15, 0.000000000000000000, 1.000000000000000000 ) ) ;
#169 = DIRECTION ( 'NONE',  ( 0.7071067811865479058, 0.000000000000000000, 0.7071067811865472397 ) ) ;
#170 = VERTEX_POINT ( 'NONE', #420 ) ;
#171 = LINE ( 'NONE', #1104, #1517 ) ;
#172 = DIRECTION ( 'NONE',  ( -0.000000000000000000, 0.000000000000000000, 1.000000000000000000 ) ) ;
#173 = FACE_OUTER_BOUND ( 'NONE', #2852, .T. ) ;
#174 = FACE_OUTER_BOUND ( 'NONE', #1747, .T. ) ;
#175 = EDGE_CURVE ( 'NONE', #1414, #1319, #2625, .T. ) ;
#176 = VERTEX_POINT ( 'NONE', #947 ) ;
#177 = CARTESIAN_POINT ( 'NONE',  ( 11.54999999999999538, -32.54999999999999716, -11.15441558772842967 ) ) ;
#178 = CARTESIAN_POINT ( 'NONE',  ( 2.300000000000003819, 0.000000000000000000, 5.523072258617638397 ) ) ;
#179 = CARTESIAN_POINT ( 'NONE',  ( 12.57665507966319929, -2.100009524403047223, 2.138959997505217814 ) ) ;
#180 = ADVANCED_FACE ( 'NONE', ( #730 ), #1643, .T. ) ;
#181 = B_SPLINE_CURVE_WITH_KNOTS ( 'NONE', 3,
 ( #2630, #2910, #2877, #338 ),
 .UNSPECIFIED., .F., .F.,
 ( 4, 4 ),
 ( 0.002832913685900423535, 0.002935786532568635150 ),
 .UNSPECIFIED. ) ;
#182 = ORIENTED_EDGE ( 'NONE', *, *, #2189, .F. ) ;
#183 = ORIENTED_EDGE ( 'NONE', *, *, #450, .F. ) ;
#184 = CARTESIAN_POINT ( 'NONE',  ( 1.149999999999997247, -0.1999999999999996503, -2.000000000000000000 ) ) ;
#185 = CARTESIAN_POINT ( 'NONE',  ( 0.4980973490458738828, 2.040073290564206943, 2.595422128626172054 ) ) ;
#186 = ADVANCED_FACE ( 'NONE', ( #2509 ), #2171, .T. ) ;
#187 = EDGE_CURVE ( 'NONE', #2132, #906, #1662, .T. ) ;
#188 = ORIENTED_EDGE ( 'NONE', *, *, #2229, .T. ) ;
#189 = DIRECTION ( 'NONE',  ( 0.7071067811865477948, 0.000000000000000000, -0.7071067811865473507 ) ) ;
#190 = DIRECTION ( 'NONE',  ( -8.115498896123205041E-15, 0.000000000000000000, 1.000000000000000000 ) ) ;
#191 = ORIENTED_EDGE ( 'NONE', *, *, #2535, .F. ) ;
#192 = PLANE ( 'NONE',  #988 ) ;
#193 = CARTESIAN_POINT ( 'NONE',  ( 1.149999999999997247, -0.1999999999999996503, -11.15441558772842967 ) ) ;
#194 = DIRECTION ( 'NONE',  ( -0.000000000000000000, -0.000000000000000000, -1.000000000000000000 ) ) ;
#195 = VECTOR ( 'NONE', #2930, 1000.000000000000000 ) ;
#196 = LINE ( 'NONE', #3040, #973 ) ;
#197 = AXIS2_PLACEMENT_3D ( 'NONE', #1633, #2970, #513 ) ;
#198 = EDGE_LOOP ( 'NONE', ( #2548, #390, #2853, #3072, #1346, #2240, #819, #3130, #722, #2776, #2846, #3256 ) ) ;
#199 = CARTESIAN_POINT ( 'NONE',  ( 0.000000000000000000, 0.000000000000000000, -1.999999999999998224 ) ) ;
#200 = DIRECTION ( 'NONE',  ( 0.000000000000000000, 0.000000000000000000, -1.000000000000000000 ) ) ;
#201 = CIRCLE ( 'NONE', #872, 1.554966049364602254 ) ;
#202 = CIRCLE ( 'NONE', #3515, 2.100000000000000977 ) ;
#203 = ORIENTED_EDGE ( 'NONE', *, *, #2580, .F. ) ;
#204 = CARTESIAN_POINT ( 'NONE',  ( 6.349999999999996092, -5.460999999999999410, -6.349999999999999645 ) ) ;
#205 = AXIS2_PLACEMENT_3D ( 'NONE', #2252, #3050, #1683 ) ;
#206 = CYLINDRICAL_SURFACE ( 'NONE', #3281, 3.175000000000001155 ) ;
#207 = VECTOR ( 'NONE', #3626, 1000.000000000000000 ) ;
#208 = ADVANCED_FACE ( 'NONE', ( #240 ), #2190, .T. ) ;
#209 = EDGE_LOOP ( 'NONE', ( #2711, #469, #1790, #1989, #2586 ) ) ;
#210 = VERTEX_POINT ( 'NONE', #178 ) ;
#211 = PLANE ( 'NONE',  #699 ) ;
#212 = DIRECTION ( 'NONE',  ( 1.000000000000000000, 0.000000000000000000, 0.000000000000000000 ) ) ;
#213 = ORIENTED_EDGE ( 'NONE', *, *, #1453, .F. ) ;
#214 = CARTESIAN_POINT ( 'NONE',  ( 13.10000000000000142, 0.000000000000000000, 6.138999999999998458 ) ) ;
#215 = PLANE ( 'NONE',  #2227 ) ;
#216 = CARTESIAN_POINT ( 'NONE',  ( 0.1499999999999973577, -6.200000000000001066, -19.04999999999999716 ) ) ;
#217 = CARTESIAN_POINT ( 'NONE',  ( 12.54999999999999716, -6.200000000000001066, -13.83137084989847310 ) ) ;
#218 = AXIS2_PLACEMENT_3D ( 'NONE', #3459, #1202, #103 ) ;
#219 = EDGE_LOOP ( 'NONE', ( #3306, #681, #3172, #3138, #1284 ) ) ;
#220 = CARTESIAN_POINT ( 'NONE',  ( 6.349999999999996092, -0.8890000000000000124, -19.04999999999999716 ) ) ;
#221 = DIRECTION ( 'NONE',  ( 0.000000000000000000, 0.000000000000000000, 1.000000000000000000 ) ) ;
#222 = AXIS2_PLACEMENT_3D ( 'NONE', #1323, #1287, #1851 ) ;
#223 = VERTEX_POINT ( 'NONE', #502 ) ;
#224 = CARTESIAN_POINT ( 'NONE',  ( 14.54999999999999893, -6.200000000000000178, -2.000000000000000000 ) ) ;
#225 = CARTESIAN_POINT ( 'NONE',  ( 10.60012705463137550, 0.000000000000000000, 6.138999999999998458 ) ) ;
#226 = EDGE_CURVE ( 'NONE', #1724, #2059, #2727, .T. ) ;
#227 = CIRCLE ( 'NONE', #2306, 1.554966049364602254 ) ;
#228 = VERTEX_POINT ( 'NONE', #3610 ) ;
#229 = DIRECTION ( 'NONE',  ( -0.000000000000000000, -1.000000000000000000, -0.000000000000000000 ) ) ;
#230 = DIRECTION ( 'NONE',  ( -0.7071067811865474617, 7.330486454263141615E-17, 0.7071067811865474617 ) ) ;
#231 = EDGE_CURVE ( 'NONE', #3451, #8, #111, .T. ) ;
#232 = ORIENTED_EDGE ( 'NONE', *, *, #2162, .T. ) ;
#233 = DIRECTION ( 'NONE',  ( -0.7071067811865475727, 0.000000000000000000, 0.7071067811865475727 ) ) ;
#234 = DIRECTION ( 'NONE',  ( 1.000000000000000000, 0.000000000000000000, 0.000000000000000000 ) ) ;
#235 = LINE ( 'NONE', #1384, #2320 ) ;
#236 = EDGE_CURVE ( 'NONE', #149, #2101, #2487, .T. ) ;
#237 = ORIENTED_EDGE ( 'NONE', *, *, #1139, .T. ) ;
#238 = ADVANCED_FACE ( 'NONE', ( #3627 ), #1311, .T. ) ;
#239 = DIRECTION ( 'NONE',  ( 1.000000000000000000, 0.000000000000000000, 0.000000000000000000 ) ) ;
#240 = FACE_OUTER_BOUND ( 'NONE', #886, .T. ) ;
#241 = ORIENTED_EDGE ( 'NONE', *, *, #696, .F. ) ;
#242 = ORIENTED_EDGE ( 'NONE', *, *, #106, .T. ) ;
#243 = CARTESIAN_POINT ( 'NONE',  ( 14.80000000000000071, 2.571758278209440971E-16, 5.438999999999999169 ) ) ;
#244 = DIRECTION ( 'NONE',  ( -0.000000000000000000, -0.000000000000000000, -1.000000000000000000 ) ) ;
#245 = VECTOR ( 'NONE', #2691, 1000.000000000000000 ) ;
#246 = ORIENTED_EDGE ( 'NONE', *, *, #2343, .T. ) ;
#247 = DIRECTION ( 'NONE',  ( 0.000000000000000000, 0.000000000000000000, 1.000000000000000000 ) ) ;
#248 = CARTESIAN_POINT ( 'NONE',  ( -1.850000000000002531, -0.1999999999999996503, -2.000000000000000000 ) ) ;
#249 = ORIENTED_EDGE ( 'NONE', *, *, #3336, .T. ) ;
#250 = CARTESIAN_POINT ( 'NONE',  ( -0.4980973490458723840, -2.040073290564207831, 2.595422128626172054 ) ) ;
#251 = EDGE_CURVE ( 'NONE', #638, #2881, #2430, .T. ) ;
#252 = FACE_OUTER_BOUND ( 'NONE', #1073, .T. ) ;
#253 = CARTESIAN_POINT ( 'NONE',  ( 0.000000000000000000, 0.000000000000000000, 5.620762745781209269 ) ) ;
#254 = ORIENTED_EDGE ( 'NONE', *, *, #2434, .T. ) ;
#255 = DIRECTION ( 'NONE',  ( 0.000000000000000000, 0.000000000000000000, 1.000000000000000000 ) ) ;
#256 = ADVANCED_FACE ( 'NONE', ( #1110, #3044, #3065 ), #1349, .F. ) ;
#257 = ORIENTED_EDGE ( 'NONE', *, *, #2456, .F. ) ;
#258 = CARTESIAN_POINT ( 'NONE',  ( 12.30000000000000071, -2.061552812808830293, 5.438999999999999169 ) ) ;
#259 = DIRECTION ( 'NONE',  ( -0.000000000000000000, 1.000000000000000000, -0.000000000000000000 ) ) ;
#260 = AXIS2_PLACEMENT_3D ( 'NONE', #2935, #86, #959 ) ;
#261 = EDGE_LOOP ( 'NONE', ( #3075, #1279, #1732, #2452, #1946, #2175, #302, #2008, #2967, #2511 ) ) ;
#262 = AXIS2_PLACEMENT_3D ( 'NONE', #1707, #259, #1726 ) ;
#263 = AXIS2_PLACEMENT_3D ( 'NONE', #2371, #939, #3493 ) ;
#264 = CARTESIAN_POINT ( 'NONE',  ( -0.7206315775864664541, -1.972483239316685122, 5.138999999999997570 ) ) ;
#265 = CARTESIAN_POINT ( 'NONE',  ( 6.349999999999996092, -0.8890000000000000124, -22.22499999999999787 ) ) ;
#266 = ORIENTED_EDGE ( 'NONE', *, *, #647, .F. ) ;
#267 = PERSON_AND_ORGANIZATION ( #3562, #2121 ) ;
#268 = ORIENTED_EDGE ( 'NONE', *, *, #617, .T. ) ;
#269 = CARTESIAN_POINT ( 'NONE',  ( 0.1499999999999971634, -6.200000000000001066, -13.83137084989847310 ) ) ;
#270 = VECTOR ( 'NONE', #3099, 1000.000000000000000 ) ;
#271 = CARTESIAN_POINT ( 'NONE',  ( 12.69999999999999929, 0.000000000000000000, 0.000000000000000000 ) ) ;
#272 = B_SPLINE_CURVE_WITH_KNOTS ( 'NONE', 3,
 ( #3639, #1746, #1729, #3422, #317, #876 ),
 .UNSPECIFIED., .F., .F.,
 ( 4, 2, 4 ),
 ( 0.000000000000000000, 0.0004757001404452627490, 0.0009514002808905259317 ),
 .UNSPECIFIED. ) ;
#273 = ORIENTED_EDGE ( 'NONE', *, *, #389, .F. ) ;
#274 = LINE ( 'NONE', #3445, #1874 ) ;
#275 = DIRECTION ( 'NONE',  ( -0.08715574274765176821, 0.000000000000000000, 0.9961946980917461003 ) ) ;
#276 = EDGE_CURVE ( 'NONE', #2126, #1480, #3189, .T. ) ;
#277 = AXIS2_PLACEMENT_3D ( 'NONE', #3529, #152, #1863 ) ;
#278 = VERTEX_POINT ( 'NONE', #790 ) ;
#279 = ORIENTED_EDGE ( 'NONE', *, *, #2961, .T. ) ;
#280 = CARTESIAN_POINT ( 'NONE',  ( 12.12651368875631164, -2.021666578221208432, 3.457121909598156240 ) ) ;
#281 = LINE ( 'NONE', #2270, #1215 ) ;
#282 = CIRCLE ( 'NONE', #3362, 4.384062043356594884 ) ;
#283 = DIRECTION ( 'NONE',  ( 0.000000000000000000, 0.000000000000000000, 1.000000000000000000 ) ) ;
#284 = EDGE_CURVE ( 'NONE', #1838, #377, #3595, .T. ) ;
#285 = ORIENTED_EDGE ( 'NONE', *, *, #1351, .T. ) ;
#286 = LINE ( 'NONE', #798, #2360 ) ;
#287 =( BOUNDED_CURVE ( )  B_SPLINE_CURVE ( 3, ( #1276, #2986, #2963, #2176 ),
 .UNSPECIFIED., .F., .F. ) 
 B_SPLINE_CURVE_WITH_KNOTS ( ( 4, 4 ),
 ( 1.570796326794895670, 2.751831920792238595 ),
 .UNSPECIFIED. ) 
 CURVE ( )  GEOMETRIC_REPRESENTATION_ITEM ( )  RATIONAL_B_SPLINE_CURVE ( ( 1.000000000000000000, 0.8871016571012626528, 0.8871016571012626528, 1.000000000000000000 ) ) 
 REPRESENTATION_ITEM ( '' )  );
#288 = VERTEX_POINT ( 'NONE', #2491 ) ;
#289 = CARTESIAN_POINT ( 'NONE',  ( 11.54999999999999538, -6.200000000000001066, -2.000000000000000000 ) ) ;
#290 = CARTESIAN_POINT ( 'NONE',  ( 13.09999999999999964, 2.254205848354697839, 5.555636450100673862 ) ) ;
#291 = CARTESIAN_POINT ( 'NONE',  ( 13.09999999999999964, 2.264950330581225746, 5.523072258617638397 ) ) ;
#292 = LINE ( 'NONE', #2868, #755 ) ;
#293 = CARTESIAN_POINT ( 'NONE',  ( 6.349999999999996092, -0.8890000000000000124, -6.349999999999999645 ) ) ;
#294 = EDGE_CURVE ( 'NONE', #1458, #588, #1245, .T. ) ;
#295 = VERTEX_POINT ( 'NONE', #3278 ) ;
#296 = VERTEX_POINT ( 'NONE', #806 ) ;
#297 = CARTESIAN_POINT ( 'NONE',  ( 13.09999999999999964, 2.232710535457612888, 5.620762745781209269 ) ) ;
#298 = ORIENTED_EDGE ( 'NONE', *, *, #3656, .T. ) ;
#299 = ADVANCED_FACE ( 'NONE', ( #523 ), #2709, .F. ) ;
#300 = DIRECTION ( 'NONE',  ( 0.000000000000000000, 0.000000000000000000, -1.000000000000000000 ) ) ;
#301 = CARTESIAN_POINT ( 'NONE',  ( 12.54999999999999716, -6.200000000000001066, -11.56862915010152371 ) ) ;
#302 = ORIENTED_EDGE ( 'NONE', *, *, #2086, .F. ) ;
#303 = EDGE_CURVE ( 'NONE', #2304, #296, #2118, .T. ) ;
#304 = LINE ( 'NONE', #549, #1066 ) ;
#305 = CARTESIAN_POINT ( 'NONE',  ( 0.4000000000000001887, -2.061552812808830293, 5.438999999999999169 ) ) ;
#306 = ADVANCED_FACE ( 'NONE', ( #15 ), #3666, .T. ) ;
#307 = DIRECTION ( 'NONE',  ( 1.000000000000000000, 0.000000000000000000, -8.260587980841934638E-15 ) ) ;
#308 = FACE_BOUND ( 'NONE', #1103, .T. ) ;
#309 = CARTESIAN_POINT ( 'NONE',  ( 11.54999999999999538, -32.54999999999999716, -14.24558441227156891 ) ) ;
#310 = EDGE_LOOP ( 'NONE', ( #55, #2995, #2220, #2734 ) ) ;
#311 = ORIENTED_EDGE ( 'NONE', *, *, #794, .T. ) ;
#312 = CARTESIAN_POINT ( 'NONE',  ( 0.1233449203368022079, 2.100009524403048111, 2.138959997505216926 ) ) ;
#313 = ORIENTED_EDGE ( 'NONE', *, *, #2086, .T. ) ;
#314 = LINE ( 'NONE', #2344, #791 ) ;
#315 = ORIENTED_EDGE ( 'NONE', *, *, #3632, .F. ) ;
#316 = PLANE ( 'NONE',  #3093 ) ;
#317 = CARTESIAN_POINT ( 'NONE',  ( -0.4000000000000001332, 1.663407726524676500, 6.139000000000000234 ) ) ;
#318 = AXIS2_PLACEMENT_3D ( 'NONE', #1068, #1925, #1887 ) ;
#319 = ORIENTED_EDGE ( 'NONE', *, *, #853, .F. ) ;
#320 = DIRECTION ( 'NONE',  ( 1.000000000000000000, 0.000000000000000000, 0.000000000000000000 ) ) ;
#321 = ORIENTED_EDGE ( 'NONE', *, *, #364, .F. ) ;
#322 = ADVANCED_FACE ( 'NONE', ( #2266, #2603, #597 ), #1168, .F. ) ;
#323 = CARTESIAN_POINT ( 'NONE',  ( 13.09999999999999964, -2.182283254615324797, 5.773529692572009431 ) ) ;
#324 = DIRECTION ( 'NONE',  ( -1.000000000000000000, 0.000000000000000000, 0.000000000000000000 ) ) ;
#325 = AXIS2_PLACEMENT_3D ( 'NONE', #2722, #1010, #2762 ) ;
#326 = DIRECTION ( 'NONE',  ( 1.000000000000000000, 0.000000000000000000, 0.000000000000000000 ) ) ;
#327 = CARTESIAN_POINT ( 'NONE',  ( 0.7206315775864680084, -1.972483239316684234, 5.138999999999997570 ) ) ;
#328 = EDGE_CURVE ( 'NONE', #2369, #2497, #1950, .T. ) ;
#329 = CIRCLE ( 'NONE', #2408, 3.174999999999999822 ) ;
#330 = DIRECTION ( 'NONE',  ( 0.000000000000000000, 0.000000000000000000, 1.000000000000000000 ) ) ;
#331 = VERTEX_POINT ( 'NONE', #3356 ) ;
#332 = ORIENTED_EDGE ( 'NONE', *, *, #3290, .T. ) ;
#333 = EDGE_LOOP ( 'NONE', ( #662, #3002, #115, #3590, #3170, #1108, #2470, #1592, #119, #2299, #1539, #2760 ) ) ;
#334 = PLANE ( 'NONE',  #2849 ) ;
#335 = AXIS2_PLACEMENT_3D ( 'NONE', #2278, #594, #537 ) ;
#336 = VERTEX_POINT ( 'NONE', #2283 ) ;
#337 = CARTESIAN_POINT ( 'NONE',  ( 14.54999999999999893, -4.350000000000044942, -1.999999999999999112 ) ) ;
#338 = CARTESIAN_POINT ( 'NONE',  ( -0.3999999999999999667, 2.232710535457612888, 5.620762745781209269 ) ) ;
#339 = EDGE_CURVE ( 'NONE', #598, #2927, #2494, .T. ) ;
#340 = CIRCLE ( 'NONE', #1302, 2.299999999999999822 ) ;
#341 = ORIENTED_EDGE ( 'NONE', *, *, #3045, .F. ) ;
#342 = CALENDAR_DATE ( 2022, 6, 6 ) ;
#343 = VERTEX_POINT ( 'NONE', #823 ) ;
#344 = CARTESIAN_POINT ( 'NONE',  ( 0.000000000000000000, 0.000000000000000000, -25.25099999999999767 ) ) ;
#345 = PLANE ( 'NONE',  #2293 ) ;
#346 = EDGE_CURVE ( 'NONE', #2927, #170, #340, .T. ) ;
#347 = VECTOR ( 'NONE', #1563, 1000.000000000000000 ) ;
#348 = DIRECTION ( 'NONE',  ( 0.000000000000000000, -0.000000000000000000, 1.000000000000000000 ) ) ;
#349 = CARTESIAN_POINT ( 'NONE',  ( 13.09999999999999964, -2.129368205736811070, 5.466985055468133403 ) ) ;
#350 = ADVANCED_FACE ( 'NONE', ( #2246 ), #3432, .T. ) ;
#351 = EDGE_CURVE ( 'NONE', #878, #3628, #398, .T. ) ;
#352 = ORIENTED_EDGE ( 'NONE', *, *, #187, .T. ) ;
#353 = CARTESIAN_POINT ( 'NONE',  ( 0.4282819678817722520, 2.057911970479199049, 2.353224001008316524 ) ) ;
#354 = DIRECTION ( 'NONE',  ( 0.000000000000000000, 1.000000000000000000, 0.000000000000000000 ) ) ;
#355 = FACE_OUTER_BOUND ( 'NONE', #162, .T. ) ;
#356 = ORIENTED_EDGE ( 'NONE', *, *, #236, .T. ) ;
#357 = LINE ( 'NONE', #2647, #80 ) ;
#358 = PERSON_AND_ORGANIZATION_ROLE ( 'creator' ) ;
#359 = EDGE_LOOP ( 'NONE', ( #1612, #411, #2493, #3328 ) ) ;
#360 = DIRECTION ( 'NONE',  ( 0.7071067811865510144, 0.7071067811865441310, 0.000000000000000000 ) ) ;
#361 = AXIS2_PLACEMENT_3D ( 'NONE', #2168, #3353, #3588 ) ;
#362 = CARTESIAN_POINT ( 'NONE',  ( 17.08406204335659240, 0.000000000000000000, -25.25099999999999767 ) ) ;
#363 = CIRCLE ( 'NONE', #2676, 2.099999999999999645 ) ;
#364 = EDGE_CURVE ( 'NONE', #19, #336, #282, .T. ) ;
#365 = CARTESIAN_POINT ( 'NONE',  ( -0.4980973490458723840, 2.040073290564207831, 2.595422128626172054 ) ) ;
#366 = FACE_OUTER_BOUND ( 'NONE', #16, .T. ) ;
#367 = VERTEX_POINT ( 'NONE', #1560 ) ;
#368 = EDGE_CURVE ( 'NONE', #1458, #2595, #2686, .T. ) ;
#369 = CARTESIAN_POINT ( 'NONE',  ( 2.100000000000000089, 2.571758278209441957E-16, 0.8890000000000009006 ) ) ;
#370 = DIRECTION ( 'NONE',  ( 2.710505431213761085E-15, 0.000000000000000000, -1.000000000000000000 ) ) ;
#371 = LINE ( 'NONE', #910, #1322 ) ;
#372 = ORIENTED_EDGE ( 'NONE', *, *, #2261, .F. ) ;
#373 = EDGE_CURVE ( 'NONE', #1403, #1561, #2637, .T. ) ;
#374 = CARTESIAN_POINT ( 'NONE',  ( 0.000000000000000000, 0.000000000000000000, 5.620762745781209269 ) ) ;
#375 = DIRECTION ( 'NONE',  ( -0.000000000000000000, 1.000000000000000000, -0.000000000000000000 ) ) ;
#376 = VECTOR ( 'NONE', #1318, 1000.000000000000000 ) ;
#377 = VERTEX_POINT ( 'NONE', #1783 ) ;
#378 = APPROVAL_ROLE ( '' ) ;
#379 = ORIENTED_EDGE ( 'NONE', *, *, #2916, .F. ) ;
#380 = CARTESIAN_POINT ( 'NONE',  ( 0.4000000000000001887, -2.264950330581225746, 5.523072258617638397 ) ) ;
#381 = DIRECTION ( 'NONE',  ( -1.036687336241119596E-16, -1.000000000000000000, -0.000000000000000000 ) ) ;
#382 = CIRCLE ( 'NONE', #2459, 2.100000000000000977 ) ;
#383 = CARTESIAN_POINT ( 'NONE',  ( 12.69999999999999929, 0.000000000000000000, 5.438999999999999169 ) ) ;
#384 = DIRECTION ( 'NONE',  ( -1.000000000000000000, 0.000000000000000000, -0.000000000000000000 ) ) ;
#385 = VECTOR ( 'NONE', #777, 1000.000000000000000 ) ;
#386 = AXIS2_PLACEMENT_3D ( 'NONE', #3187, #3219, #1543 ) ;
#387 = DIRECTION ( 'NONE',  ( 4.513357151095770553E-17, 0.000000000000000000, -1.000000000000000000 ) ) ;
#388 = LINE ( 'NONE', #674, #3081 ) ;
#389 = EDGE_CURVE ( 'NONE', #2948, #296, #401, .T. ) ;
#390 = ORIENTED_EDGE ( 'NONE', *, *, #1081, .F. ) ;
#391 = CONICAL_SURFACE ( 'NONE', #1297, 2.299999999999999822, 0.3141592653589760364 ) ;
#392 = DIRECTION ( 'NONE',  ( 0.000000000000000000, 0.000000000000000000, 1.000000000000000000 ) ) ;
#393 = EDGE_CURVE ( 'NONE', #3057, #1964, #2243, .T. ) ;
#394 = AXIS2_PLACEMENT_3D ( 'NONE', #2950, #412, #589 ) ;
#395 = ORIENTED_EDGE ( 'NONE', *, *, #1895, .T. ) ;
#396 = LINE ( 'NONE', #1536, #643 ) ;
#397 = LINE ( 'NONE', #1282, #2100 ) ;
#398 = CIRCLE ( 'NONE', #105, 4.384062043356595773 ) ;
#399 = DIRECTION ( 'NONE',  ( -0.000000000000000000, -0.000000000000000000, -1.000000000000000000 ) ) ;
#400 = DIRECTION ( 'NONE',  ( 1.000000000000000000, 0.000000000000000000, 0.000000000000000000 ) ) ;
#401 = LINE ( 'NONE', #2319, #586 ) ;
#402 = EDGE_LOOP ( 'NONE', ( #1447, #2607, #866, #640, #1169, #40, #3516, #1924, #3371, #1882, #543, #1156 ) ) ;
#403 = DIRECTION ( 'NONE',  ( 0.000000000000000000, 0.000000000000000000, -1.000000000000000000 ) ) ;
#404 = AXIS2_PLACEMENT_3D ( 'NONE', #1259, #3499, #1544 ) ;
#405 = PLANE ( 'NONE',  #3433 ) ;
#406 = FACE_OUTER_BOUND ( 'NONE', #1737, .T. ) ;
#407 = EDGE_CURVE ( 'NONE', #615, #2076, #922, .T. ) ;
#408 = DIRECTION ( 'NONE',  ( 1.000000000000000000, 0.000000000000000000, -8.115498896123167176E-15 ) ) ;
#409 = CARTESIAN_POINT ( 'NONE',  ( 6.349999999999996092, -4.174999999999999822, -6.349999999999999645 ) ) ;
#410 = EDGE_CURVE ( 'NONE', #2285, #3657, #3166, .T. ) ;
#411 = ORIENTED_EDGE ( 'NONE', *, *, #3314, .T. ) ;
#412 = DIRECTION ( 'NONE',  ( 8.115498896123167176E-15, 0.000000000000000000, 1.000000000000000000 ) ) ;
#413 = CARTESIAN_POINT ( 'NONE',  ( 0.1499999999999971356, -0.1999999999999996503, -11.56862915010152371 ) ) ;
#414 = ORIENTED_EDGE ( 'NONE', *, *, #2604, .F. ) ;
#415 = CARTESIAN_POINT ( 'NONE',  ( 1.149999999999997247, -6.200000000000001066, -11.15441558772842967 ) ) ;
#416 = LINE ( 'NONE', #1558, #1350 ) ;
#417 = VECTOR ( 'NONE', #2677, 1000.000000000000000 ) ;
#418 = ORIENTED_EDGE ( 'NONE', *, *, #251, .F. ) ;
#419 = PLANE ( 'NONE',  #2700 ) ;
#420 = CARTESIAN_POINT ( 'NONE',  ( 10.40000000000000036, 0.000000000000000000, 5.523072258617638397 ) ) ;
#421 =( BOUNDED_CURVE ( )  B_SPLINE_CURVE ( 3, ( #965, #928, #3157, #2308 ),
 .UNSPECIFIED., .F., .T. ) 
 B_SPLINE_CURVE_WITH_KNOTS ( ( 4, 4 ),
 ( 4.362112093716119077, 4.472917508490047211 ),
 .UNSPECIFIED. ) 
 CURVE ( )  GEOMETRIC_REPRESENTATION_ITEM ( )  RATIONAL_B_SPLINE_CURVE ( ( 1.000000000000000000, 0.9989771083553060649, 0.9989771083553060649, 1.000000000000000000 ) ) 
 REPRESENTATION_ITEM ( '' )  );
#422 = DIRECTION ( 'NONE',  ( -1.000000000000000000, 0.000000000000000000, 8.498099535558871850E-18 ) ) ;
#423 = DIRECTION ( 'NONE',  ( -0.000000000000000000, 1.000000000000000000, -0.000000000000000000 ) ) ;
#424 = ORIENTED_EDGE ( 'NONE', *, *, #2508, .T. ) ;
#425 = ORIENTED_EDGE ( 'NONE', *, *, #1841, .F. ) ;
#426 = DIRECTION ( 'NONE',  ( -1.000000000000000000, 0.000000000000000000, -0.000000000000000000 ) ) ;
#427 = LINE ( 'NONE', #1024, #2092 ) ;
#428 = EDGE_CURVE ( 'NONE', #2132, #488, #2936, .T. ) ;
#429 = AXIS2_PLACEMENT_3D ( 'NONE', #3143, #2012, #2808 ) ;
#430 = ADVANCED_FACE ( 'NONE', ( #2672 ), #3204, .F. ) ;
#431 = ORIENTED_EDGE ( 'NONE', *, *, #96, .F. ) ;
#432 = CARTESIAN_POINT ( 'NONE',  ( 11.54999999999999538, -32.54999999999999716, -11.15441558772842967 ) ) ;
#433 = LINE ( 'NONE', #1577, #2468 ) ;
#434 = CARTESIAN_POINT ( 'NONE',  ( 0.000000000000000000, 0.000000000000000000, 5.389000000000001123 ) ) ;
#435 = CIRCLE ( 'NONE', #318, 3.374999999999999556 ) ;
#436 = VERTEX_POINT ( 'NONE', #962 ) ;
#437 = EDGE_CURVE ( 'NONE', #1497, #1900, #1369, .T. ) ;
#438 = CARTESIAN_POINT ( 'NONE',  ( -6.200000000000001066, 6.200000000000000178, -2.000000000000000000 ) ) ;
#439 = AXIS2_PLACEMENT_3D ( 'NONE', #1413, #244, #3634 ) ;
#440 = CARTESIAN_POINT ( 'NONE',  ( 6.349999999999996092, -2.175000000000000711, -6.349999999999999645 ) ) ;
#441 = LINE ( 'NONE', #3239, #934 ) ;
#442 = CIRCLE ( 'NONE', #2928, 5.200000000000001066 ) ;
#443 = AXIS2_PLACEMENT_3D ( 'NONE', #1013, #1839, #2056 ) ;
#444 = FACE_OUTER_BOUND ( 'NONE', #3161, .T. ) ;
#445 = CYLINDRICAL_SURFACE ( 'NONE', #837, 4.384062043356593996 ) ;
#446 = EDGE_LOOP ( 'NONE', ( #2028, #1860, #2506, #1794, #2863, #372 ) ) ;
#447 = AXIS2_PLACEMENT_3D ( 'NONE', #1652, #1903, #1362 ) ;
#448 = AXIS2_PLACEMENT_3D ( 'NONE', #683, #2370, #2315 ) ;
#449 = ORIENTED_EDGE ( 'NONE', *, *, #1801, .T. ) ;
#450 = EDGE_CURVE ( 'NONE', #1556, #1519, #1826, .T. ) ;
#451 = CARTESIAN_POINT ( 'NONE',  ( 11.54999999999999716, -6.200000000000001066, -19.04999999999999716 ) ) ;
#452 = CARTESIAN_POINT ( 'NONE',  ( 3.174999999999999822, 0.000000000000000000, 0.000000000000000000 ) ) ;
#453 = VECTOR ( 'NONE', #1973, 1000.000000000000000 ) ;
#454 = ORIENTED_EDGE ( 'NONE', *, *, #1189, .T. ) ;
#455 = FACE_OUTER_BOUND ( 'NONE', #691, .T. ) ;
#456 = DIRECTION ( 'NONE',  ( -0.000000000000000000, -0.000000000000000000, -1.000000000000000000 ) ) ;
#457 = ADVANCED_FACE ( 'NONE', ( #173 ), #2167, .T. ) ;
#458 = DIRECTION ( 'NONE',  ( -0.000000000000000000, -0.000000000000000000, -1.000000000000000000 ) ) ;
#459 = DIRECTION ( 'NONE',  ( -0.7071067811865477948, 0.000000000000000000, -0.7071067811865473507 ) ) ;
#460 = ORIENTED_EDGE ( 'NONE', *, *, #2993, .T. ) ;
#461 = DIRECTION ( 'NONE',  ( 1.000000000000000000, 0.000000000000000000, 0.000000000000000000 ) ) ;
#462 = EDGE_CURVE ( 'NONE', #3057, #278, #518, .T. ) ;
#463 = CARTESIAN_POINT ( 'NONE',  ( 1.281370849898472386, -0.1999999999999996503, -12.69999999999999929 ) ) ;
#464 = EDGE_CURVE ( 'NONE', #1808, #615, #2782, .T. ) ;
#465 = AXIS2_PLACEMENT_3D ( 'NONE', #2377, #964, #370 ) ;
#466 = EDGE_LOOP ( 'NONE', ( #792, #3354 ) ) ;
#467 = DIRECTION ( 'NONE',  ( -0.000000000000000000, -0.000000000000000000, -1.000000000000000000 ) ) ;
#468 = CARTESIAN_POINT ( 'NONE',  ( 13.42063157758646774, -1.972483239316683346, 5.138999999999997570 ) ) ;
#469 = ORIENTED_EDGE ( 'NONE', *, *, #3205, .F. ) ;
#470 = ORIENTED_EDGE ( 'NONE', *, *, #1184, .T. ) ;
#471 = CARTESIAN_POINT ( 'NONE',  ( 11.54999999999999538, -4.175000000000008704, -11.15441558772842967 ) ) ;
#472 = ORIENTED_EDGE ( 'NONE', *, *, #3476, .T. ) ;
#473 = CARTESIAN_POINT ( 'NONE',  ( 6.349999999999996092, -6.201024999999999565, -21.14999999999999503 ) ) ;
#474 = DIRECTION ( 'NONE',  ( 0.000000000000000000, 1.000000000000000000, 0.000000000000000000 ) ) ;
#475 = CARTESIAN_POINT ( 'NONE',  ( 0.4000000000000001887, -2.264950330581225746, 5.523072258617638397 ) ) ;
#476 = UNCERTAINTY_MEASURE_WITH_UNIT (LENGTH_MEASURE( 1.000000000000000082E-05 ), #2594, 'distance_accuracy_value', 'NONE');
#477 = EDGE_LOOP ( 'NONE', ( #1042, #2956, #1195, #1582 ) ) ;
#478 = EDGE_CURVE ( 'NONE', #149, #8, #3060, .T. ) ;
#479 = DIRECTION ( 'NONE',  ( 0.7071067811865480168, -0.000000000000000000, -0.7071067811865470176 ) ) ;
#480 = DIRECTION ( 'NONE',  ( 1.209468558947973047E-16, 1.000000000000000000, 0.000000000000000000 ) ) ;
#481 = AXIS2_PLACEMENT_3D ( 'NONE', #1742, #2327, #2857 ) ;
#482 = ADVANCED_FACE ( 'NONE', ( #497 ), #2445, .F. ) ;
#483 = ORIENTED_EDGE ( 'NONE', *, *, #1797, .F. ) ;
#484 = ORIENTED_EDGE ( 'NONE', *, *, #2728, .F. ) ;
#485 = CARTESIAN_POINT ( 'NONE',  ( -0.3999999999999999667, -2.197165962000668493, 5.495012552331536071 ) ) ;
#486 = DIRECTION ( 'NONE',  ( -0.000000000000000000, -0.000000000000000000, -1.000000000000000000 ) ) ;
#487 = EDGE_CURVE ( 'NONE', #3439, #210, #706, .T. ) ;
#488 = VERTEX_POINT ( 'NONE', #3566 ) ;
#489 = ORIENTED_EDGE ( 'NONE', *, *, #904, .T. ) ;
#490 = DIRECTION ( 'NONE',  ( 1.000000000000000000, 0.000000000000000000, -8.260587980841937794E-15 ) ) ;
#491 = DIRECTION ( 'NONE',  ( -0.000000000000000000, -0.000000000000000000, 1.000000000000000000 ) ) ;
#492 = ORIENTED_EDGE ( 'NONE', *, *, #1227, .T. ) ;
#493 = B_SPLINE_CURVE_WITH_KNOTS ( 'NONE', 3,
 ( #949, #2024, #642, #1530, #2094, #179, #1058, #1328, #2116, #2450 ),
 .UNSPECIFIED., .F., .F.,
 ( 4, 2, 2, 2, 4 ),
 ( 0.000000000000000000, 0.0003704147845104416433, 0.0007408295690208832867, 0.001111244353531324822, 0.001481659138041766573 ),
 .UNSPECIFIED. ) ;
#494 = ORIENTED_EDGE ( 'NONE', *, *, #328, .T. ) ;
#495 = FACE_OUTER_BOUND ( 'NONE', #1190, .T. ) ;
#496 = FACE_OUTER_BOUND ( 'NONE', #707, .T. ) ;
#497 = FACE_OUTER_BOUND ( 'NONE', #1968, .T. ) ;
#498 = CARTESIAN_POINT ( 'NONE',  ( 11.54999999999999538, -32.54999999999999716, -2.000000000000000000 ) ) ;
#499 = VERTEX_POINT ( 'NONE', #2412 ) ;
#500 = VECTOR ( 'NONE', #2813, 1000.000000000000000 ) ;
#501 = CARTESIAN_POINT ( 'NONE',  ( 0.000000000000000000, 0.000000000000000000, 0.000000000000000000 ) ) ;
#502 = CARTESIAN_POINT ( 'NONE',  ( 12.54999999999999716, -0.1999999999999996503, -11.56862915010152371 ) ) ;
#503 = AXIS2_PLACEMENT_3D ( 'NONE', #2523, #2262, #2578 ) ;
#504 = EDGE_CURVE ( 'NONE', #2497, #2144, #1578, .T. ) ;
#505 = EDGE_LOOP ( 'NONE', ( #1256, #1047, #3021 ) ) ;
#506 = ADVANCED_FACE ( 'NONE', ( #2742 ), #3605, .F. ) ;
#507 = CYLINDRICAL_SURFACE ( 'NONE', #123, 2.100000000000000089 ) ;
#508 = TOROIDAL_SURFACE ( 'NONE', #750, 1.554966049364602254, 0.7500000000000000000 ) ;
#509 = DIRECTION ( 'NONE',  ( -1.000000000000000000, -0.000000000000000000, -0.000000000000000000 ) ) ;
#510 = VECTOR ( 'NONE', #2090, 1000.000000000000000 ) ;
#511 = EDGE_CURVE ( 'NONE', #649, #1567, #3014, .T. ) ;
#512 = LINE ( 'NONE', #3380, #1824 ) ;
#513 = DIRECTION ( 'NONE',  ( -0.08715574274765176821, 0.000000000000000000, -0.9961946980917461003 ) ) ;
#514 = EDGE_CURVE ( 'NONE', #2544, #2314, #824, .T. ) ;
#515 = ORIENTED_EDGE ( 'NONE', *, *, #175, .F. ) ;
#516 = EDGE_LOOP ( 'NONE', ( #1008, #779 ) ) ;
#517 = DIRECTION ( 'NONE',  ( 0.000000000000000000, 1.000000000000000000, 0.000000000000000000 ) ) ;
#518 = LINE ( 'NONE', #1926, #1007 ) ;
#519 = LINE ( 'NONE', #2783, #3147 ) ;
#520 = VECTOR ( 'NONE', #2522, 1000.000000000000114 ) ;
#521 = VERTEX_POINT ( 'NONE', #475 ) ;
#522 = CARTESIAN_POINT ( 'NONE',  ( 1.149999999999997469, -0.1999999999999996503, -19.04999999999999716 ) ) ;
#523 = FACE_OUTER_BOUND ( 'NONE', #2289, .T. ) ;
#524 = ORIENTED_EDGE ( 'NONE', *, *, #284, .T. ) ;
#525 = ORIENTED_EDGE ( 'NONE', *, *, #2189, .T. ) ;
#526 = ORIENTED_EDGE ( 'NONE', *, *, #534, .T. ) ;
#527 = DIRECTION ( 'NONE',  ( -0.000000000000000000, -0.000000000000000000, 1.000000000000000000 ) ) ;
#528 = DIRECTION ( 'NONE',  ( 0.000000000000000000, 0.000000000000000000, 1.000000000000000000 ) ) ;
#529 = EDGE_CURVE ( 'NONE', #3267, #3082, #3254, .T. ) ;
#530 = ORIENTED_EDGE ( 'NONE', *, *, #1915, .F. ) ;
#531 = CARTESIAN_POINT ( 'NONE',  ( 0.000000000000000000, 0.000000000000000000, 5.438999999999999169 ) ) ;
#532 = AXIS2_PLACEMENT_3D ( 'NONE', #3005, #2768, #1621 ) ;
#533 = CARTESIAN_POINT ( 'NONE',  ( 1.149999999999997469, -6.200000000000001066, -19.04999999999999716 ) ) ;
#534 = EDGE_CURVE ( 'NONE', #2201, #2212, #3019, .T. ) ;
#535 = ORIENTED_EDGE ( 'NONE', *, *, #175, .T. ) ;
#536 = APPLICATION_PROTOCOL_DEFINITION ( 'international standard', 'config_control_design', 1994, #3444 ) ;
#537 = DIRECTION ( 'NONE',  ( 1.000000000000000000, 0.000000000000000000, 8.260587980841937794E-15 ) ) ;
#538 = CARTESIAN_POINT ( 'NONE',  ( 6.349999999999996092, -0.8890000000000000124, -6.349999999999999645 ) ) ;
#539 = VERTEX_POINT ( 'NONE', #785 ) ;
#540 = CARTESIAN_POINT ( 'NONE',  ( 0.000000000000000000, 0.000000000000000000, 5.620762745781209269 ) ) ;
#541 = DIRECTION ( 'NONE',  ( 1.000000000000000000, 0.000000000000000000, 0.000000000000000000 ) ) ;
#542 = ORIENTED_EDGE ( 'NONE', *, *, #3266, .F. ) ;
#543 = ORIENTED_EDGE ( 'NONE', *, *, #912, .T. ) ;
#544 = VECTOR ( 'NONE', #2874, 1000.000000000000000 ) ;
#545 = LINE ( 'NONE', #2514, #2796 ) ;
#546 = PLANE ( 'NONE',  #3637 ) ;
#547 = VECTOR ( 'NONE', #467, 1000.000000000000000 ) ;
#548 = ORIENTED_EDGE ( 'NONE', *, *, #2725, .T. ) ;
#549 = CARTESIAN_POINT ( 'NONE',  ( 0.7206315775864680084, -3.174999999999999822, 5.138999999999997570 ) ) ;
#550 = ORIENTED_EDGE ( 'NONE', *, *, #3476, .F. ) ;
#551 = CARTESIAN_POINT ( 'NONE',  ( 13.09999999999999964, 2.243459280444427772, 5.588199955838118349 ) ) ;
#552 = CARTESIAN_POINT ( 'NONE',  ( 0.7206315775864680084, -1.972483239316684234, 5.138999999999997570 ) ) ;
#553 = ADVANCED_FACE ( 'NONE', ( #1909 ), #1941, .T. ) ;
#554 = FACE_OUTER_BOUND ( 'NONE', #1217, .T. ) ;
#555 = VECTOR ( 'NONE', #1758, 1000.000000000000000 ) ;
#556 = ADVANCED_FACE ( 'NONE', ( #1870 ), #391, .T. ) ;
#557 = ORIENTED_EDGE ( 'NONE', *, *, #1293, .F. ) ;
#558 = ORIENTED_EDGE ( 'NONE', *, *, #1248, .T. ) ;
#559 = CARTESIAN_POINT ( 'NONE',  ( 12.70000000000005791, -6.200000000000000178, -3.240065792321320082 ) ) ;
#560 = CARTESIAN_POINT ( 'NONE',  ( 0.1499999999999964972, -0.1999999999999996503, -2.000000000000000000 ) ) ;
#561 = CARTESIAN_POINT ( 'NONE',  ( 6.245004513516505540E-14, 6.200000000000000178, -2.000000000000000000 ) ) ;
#562 = AXIS2_PLACEMENT_3D ( 'NONE', #3037, #723, #3547 ) ;
#563 = VECTOR ( 'NONE', #653, 1000.000000000000000 ) ;
#564 = AXIS2_PLACEMENT_3D ( 'NONE', #1508, #921, #613 ) ;
#565 = CYLINDRICAL_SURFACE ( 'NONE', #100, 3.175000000000000711 ) ;
#566 = DIRECTION ( 'NONE',  ( 0.7071067811865511255, 0.7071067811865440200, 0.000000000000000000 ) ) ;
#567 = VECTOR ( 'NONE', #2324, 1000.000000000000000 ) ;
#568 = EDGE_LOOP ( 'NONE', ( #424, #2645, #1481, #1658, #728, #42, #3010, #56, #580, #833 ) ) ;
#569 = CALENDAR_DATE ( 2022, 6, 6 ) ;
#570 = VERTEX_POINT ( 'NONE', #2847 ) ;
#571 = DIRECTION ( 'NONE',  ( -0.000000000000000000, -0.000000000000000000, 1.000000000000000000 ) ) ;
#572 = DIRECTION ( 'NONE',  ( 0.000000000000000000, 1.000000000000000000, 0.000000000000000000 ) ) ;
#573 = ORIENTED_EDGE ( 'NONE', *, *, #1389, .T. ) ;
#574 = EDGE_CURVE ( 'NONE', #288, #2409, #1527, .T. ) ;
#575 = CARTESIAN_POINT ( 'NONE',  ( -6.226030975498009212E-14, -6.200000000000000178, -3.240065792321320082 ) ) ;
#576 = AXIS2_PLACEMENT_3D ( 'NONE', #1715, #2832, #1401 ) ;
#577 = AXIS2_PLACEMENT_3D ( 'NONE', #531, #1396, #2077 ) ;
#578 = EDGE_LOOP ( 'NONE', ( #2046, #3011, #2064, #1886 ) ) ;
#579 = ADVANCED_FACE ( 'NONE', ( #1452 ), #2577, .T. ) ;
#580 = ORIENTED_EDGE ( 'NONE', *, *, #1817, .T. ) ;
#581 = CARTESIAN_POINT ( 'NONE',  ( 0.4980973490458738828, -2.040073290564207831, 2.595422128626172054 ) ) ;
#582 = ORIENTED_EDGE ( 'NONE', *, *, #2006, .T. ) ;
#583 = ADVANCED_FACE ( 'NONE', ( #857 ), #3643, .F. ) ;
#584 = B_SPLINE_CURVE_WITH_KNOTS ( 'NONE', 3,
 ( #712, #3537, #1562, #3498 ),
 .UNSPECIFIED., .F., .F.,
 ( 4, 4 ),
 ( 0.007647354141962973799, 0.007869202712918556275 ),
 .UNSPECIFIED. ) ;
#585 = CARTESIAN_POINT ( 'NONE',  ( -0.3999999999999999667, -2.254205848354697395, 5.555636450100673862 ) ) ;
#586 = VECTOR ( 'NONE', #657, 1000.000000000000000 ) ;
#587 = CARTESIAN_POINT ( 'NONE',  ( 0.1236690215010813193, -2.099990463092003878, 2.139040055015564601 ) ) ;
#588 = VERTEX_POINT ( 'NONE', #10 ) ;
#589 = DIRECTION ( 'NONE',  ( 1.000000000000000000, 0.000000000000000000, -8.260587980841934638E-15 ) ) ;
#590 = PLANE ( 'NONE',  #429 ) ;
#591 = VECTOR ( 'NONE', #2787, 999.9999999999998863 ) ;
#592 = DATE_AND_TIME ( #569, #1914 ) ;
#593 = ORIENTED_EDGE ( 'NONE', *, *, #3625, .T. ) ;
#594 = DIRECTION ( 'NONE',  ( -8.115498896123205041E-15, 0.000000000000000000, 1.000000000000000000 ) ) ;
#595 = CARTESIAN_POINT ( 'NONE',  ( 6.349999999999996092, -0.8890000000000000124, -6.349999999999999645 ) ) ;
#596 = LINE ( 'NONE', #1187, #2983 ) ;
#597 = FACE_OUTER_BOUND ( 'NONE', #568, .T. ) ;
#598 = VERTEX_POINT ( 'NONE', #1182 ) ;
#599 = ORIENTED_EDGE ( 'NONE', *, *, #3137, .F. ) ;
#600 = CARTESIAN_POINT ( 'NONE',  ( -0.4286119346557866194, 2.057850353472996385, 2.353605336466521258 ) ) ;
#601 = ORIENTED_EDGE ( 'NONE', *, *, #2068, .T. ) ;
#602 = CARTESIAN_POINT ( 'NONE',  ( -6.199999999999999289, -6.200000000000000178, -2.000000000000000000 ) ) ;
#603 = EDGE_CURVE ( 'NONE', #331, #703, #3369, .T. ) ;
#604 = EDGE_LOOP ( 'NONE', ( #3500, #1181, #1501, #782 ) ) ;
#605 = EDGE_CURVE ( 'NONE', #2413, #2629, #2223, .T. ) ;
#606 = VECTOR ( 'NONE', #698, 1000.000000000000000 ) ;
#607 = EDGE_CURVE ( 'NONE', #770, #1004, #1436, .T. ) ;
#608 = VERTEX_POINT ( 'NONE', #835 ) ;
#609 = PERSON_AND_ORGANIZATION_ROLE ( 'design_owner' ) ;
#610 = ORIENTED_EDGE ( 'NONE', *, *, #1404, .F. ) ;
#611 = CARTESIAN_POINT ( 'NONE',  ( 12.69999999999999929, 0.000000000000000000, 0.8890000000000009006 ) ) ;
#612 = LINE ( 'NONE', #3114, #3109 ) ;
#613 = DIRECTION ( 'NONE',  ( 0.000000000000000000, 0.000000000000000000, -1.000000000000000000 ) ) ;
#614 = ORIENTED_EDGE ( 'NONE', *, *, #1021, .T. ) ;
#615 = VERTEX_POINT ( 'NONE', #269 ) ;
#616 = CARTESIAN_POINT ( 'NONE',  ( 12.30000000000000071, 2.061552812808830293, 5.438999999999999169 ) ) ;
#617 = EDGE_CURVE ( 'NONE', #3344, #2820, #2653, .T. ) ;
#618 = CARTESIAN_POINT ( 'NONE',  ( 12.05225965874923233, -1.999113491775013296, 4.305849356269921380 ) ) ;
#619 = PLANE ( 'NONE',  #1965 ) ;
#620 = CIRCLE ( 'NONE', #1107, 2.268258436585967264 ) ;
#621 = AXIS2_PLACEMENT_3D ( 'NONE', #538, #880, #2000 ) ;
#622 = ADVANCED_FACE ( 'NONE', ( #3146, #2014 ), #2300, .F. ) ;
#623 = EDGE_LOOP ( 'NONE', ( #1422, #1316 ) ) ;
#624 = CC_DESIGN_PERSON_AND_ORGANIZATION_ASSIGNMENT ( #3385, #855, ( #3241 ) ) ;
#625 = CARTESIAN_POINT ( 'NONE',  ( 12.69999999999999929, 0.000000000000000000, 5.523072258617638397 ) ) ;
#626 = AXIS2_PLACEMENT_3D ( 'NONE', #3017, #2202, #1597 ) ;
#627 = EDGE_CURVE ( 'NONE', #3082, #1653, #1358, .T. ) ;
#628 = ORIENTED_EDGE ( 'NONE', *, *, #2040, .T. ) ;
#629 = VERTEX_POINT ( 'NONE', #1164 ) ;
#630 = DIRECTION ( 'NONE',  ( -1.084202172485504434E-16, 0.000000000000000000, -1.000000000000000000 ) ) ;
#631 = EDGE_CURVE ( 'NONE', #3599, #488, #1419, .T. ) ;
#632 = FACE_OUTER_BOUND ( 'NONE', #1552, .T. ) ;
#633 = AXIS2_PLACEMENT_3D ( 'NONE', #991, #2918, #3203 ) ;
#634 = PLANE ( 'NONE',  #3573 ) ;
#635 = CIRCLE ( 'NONE', #692, 0.7499999999999997780 ) ;
#636 = DIRECTION ( 'NONE',  ( 0.000000000000000000, 1.000000000000000000, 0.000000000000000000 ) ) ;
#637 = ORIENTED_EDGE ( 'NONE', *, *, #2708, .T. ) ;
#638 = VERTEX_POINT ( 'NONE', #3622 ) ;
#639 = DIRECTION ( 'NONE',  ( 0.000000000000000000, 1.000000000000000000, 0.000000000000000000 ) ) ;
#640 = ORIENTED_EDGE ( 'NONE', *, *, #3453, .F. ) ;
#641 = DIRECTION ( 'NONE',  ( 1.000000000000000000, 0.000000000000000000, -0.000000000000000000 ) ) ;
#642 = CARTESIAN_POINT ( 'NONE',  ( 13.12861193465578680, -2.057850353472996385, 2.353605336466521702 ) ) ;
#643 = VECTOR ( 'NONE', #938, 1000.000000000000000 ) ;
#644 = ORIENTED_EDGE ( 'NONE', *, *, #2209, .F. ) ;
#645 = LINE ( 'NONE', #1775, #2326 ) ;
#646 = CARTESIAN_POINT ( 'NONE',  ( -6.199999999999999289, 0.000000000000000000, -2.000000000000000000 ) ) ;
#647 = EDGE_CURVE ( 'NONE', #1046, #955, #2934, .T. ) ;
#648 = VECTOR ( 'NONE', #384, 1000.000000000000000 ) ;
#649 = VERTEX_POINT ( 'NONE', #2505 ) ;
#650 = APPROVAL_STATUS ( 'not_yet_approved' ) ;
#651 = ORIENTED_EDGE ( 'NONE', *, *, #3430, .F. ) ;
#652 = FACE_OUTER_BOUND ( 'NONE', #753, .T. ) ;
#653 = DIRECTION ( 'NONE',  ( -0.000000000000000000, -0.000000000000000000, -1.000000000000000000 ) ) ;
#654 = EDGE_CURVE ( 'NONE', #3212, #3217, #856, .T. ) ;
#655 = CARTESIAN_POINT ( 'NONE',  ( 12.54999999999999716, -32.54999999999999716, -11.56862915010152371 ) ) ;
#656 = DIRECTION ( 'NONE',  ( -0.000000000000000000, 1.000000000000000000, -0.000000000000000000 ) ) ;
#657 = DIRECTION ( 'NONE',  ( -0.000000000000000000, 1.000000000000000000, -0.000000000000000000 ) ) ;
#658 = ORIENTED_EDGE ( 'NONE', *, *, #2063, .T. ) ;
#659 = CARTESIAN_POINT ( 'NONE',  ( 6.349999999999996980, -2.174999999999999822, -19.04999999999999716 ) ) ;
#660 = CARTESIAN_POINT ( 'NONE',  ( 15.87500000000000000, 0.000000000000000000, 0.000000000000000000 ) ) ;
#661 = LINE ( 'NONE', #1242, #544 ) ;
#662 = ORIENTED_EDGE ( 'NONE', *, *, #2926, .F. ) ;
#663 = CARTESIAN_POINT ( 'NONE',  ( 13.19809734904587195, 2.040073290564206943, 2.595422128626172054 ) ) ;
#664 = CARTESIAN_POINT ( 'NONE',  ( 0.3999999999999999667, -3.174999999999999822, 5.139000000000001123 ) ) ;
#665 = ORIENTED_EDGE ( 'NONE', *, *, #1309, .F. ) ;
#666 = ORIENTED_EDGE ( 'NONE', *, *, #3650, .F. ) ;
#667 = CARTESIAN_POINT ( 'NONE',  ( 13.10000000000000142, -2.083236664664703586, 5.905597390643911204 ) ) ;
#668 = VECTOR ( 'NONE', #3275, 1000.000000000000000 ) ;
#669 = CARTESIAN_POINT ( 'NONE',  ( 11.54999999999999538, -6.200000000000001066, -2.000000000000000000 ) ) ;
#670 = DIRECTION ( 'NONE',  ( 0.7071067811865473507, 0.000000000000000000, -0.7071067811865477948 ) ) ;
#671 = DIRECTION ( 'NONE',  ( -0.000000000000000000, -0.000000000000000000, 1.000000000000000000 ) ) ;
#672 = ADVANCED_FACE ( 'NONE', ( #252 ), #3113, .T. ) ;
#673 = DIRECTION ( 'NONE',  ( 1.000000000000000000, 0.000000000000000000, 0.000000000000000000 ) ) ;
#674 = CARTESIAN_POINT ( 'NONE',  ( 1.150000000000001688, -2.174999999999999822, -101.3795551986130192 ) ) ;
#675 = EDGE_CURVE ( 'NONE', #2081, #2792, #1998, .T. ) ;
#676 = ORIENTED_EDGE ( 'NONE', *, *, #2574, .F. ) ;
#677 = AXIS2_PLACEMENT_3D ( 'NONE', #3193, #98, #2311 ) ;
#678 = FACE_OUTER_BOUND ( 'NONE', #2938, .T. ) ;
#679 = LINE ( 'NONE', #983, #1687 ) ;
#680 = VERTEX_POINT ( 'NONE', #2242 ) ;
#681 = ORIENTED_EDGE ( 'NONE', *, *, #975, .F. ) ;
#682 = ORIENTED_EDGE ( 'NONE', *, *, #2551, .F. ) ;
#683 = CARTESIAN_POINT ( 'NONE',  ( -6.200000000000001066, 6.200000000000000178, -2.000000000000000000 ) ) ;
#684 = LINE ( 'NONE', #362, #2984 ) ;
#685 = VECTOR ( 'NONE', #976, 1000.000000000000000 ) ;
#686 = ADVANCED_FACE ( 'NONE', ( #1522 ), #2932, .T. ) ;
#687 = FACE_OUTER_BOUND ( 'NONE', #477, .T. ) ;
#688 = VECTOR ( 'NONE', #743, 1000.000000000000000 ) ;
#689 = ORIENTED_EDGE ( 'NONE', *, *, #1020, .F. ) ;
#690 = ADVANCED_FACE ( 'NONE', ( #84 ), #1812, .T. ) ;
#691 = EDGE_LOOP ( 'NONE', ( #1769, #3265, #1442, #2518 ) ) ;
#692 = AXIS2_PLACEMENT_3D ( 'NONE', #3207, #1584, #403 ) ;
#693 = DIRECTION ( 'NONE',  ( 1.000000000000000000, 0.000000000000000000, 0.000000000000000000 ) ) ;
#694 = CARTESIAN_POINT ( 'NONE',  ( 1.149999999999997469, -2.174999999999999822, -101.3795551986130192 ) ) ;
#695 = DIRECTION ( 'NONE',  ( 1.000000000000000000, 0.000000000000000000, -1.084202172485504434E-16 ) ) ;
#696 = EDGE_CURVE ( 'NONE', #2862, #2355, #396, .T. ) ;
#697 = ORIENTED_EDGE ( 'NONE', *, *, #1184, .F. ) ;
#698 = DIRECTION ( 'NONE',  ( 1.000000000000000000, 0.000000000000000000, 0.000000000000000000 ) ) ;
#699 = AXIS2_PLACEMENT_3D ( 'NONE', #2991, #2680, #2736 ) ;
#700 = DIRECTION ( 'NONE',  ( -1.000000000000000000, 0.000000000000000000, 0.000000000000000000 ) ) ;
#701 = AXIS2_PLACEMENT_3D ( 'NONE', #2406, #2479, #490 ) ;
#702 = ORIENTED_EDGE ( 'NONE', *, *, #487, .T. ) ;
#703 = VERTEX_POINT ( 'NONE', #986 ) ;
#704 = DIRECTION ( 'NONE',  ( -3.610685720876617428E-16, 0.000000000000000000, 1.000000000000000000 ) ) ;
#705 = DIRECTION ( 'NONE',  ( -1.000000000000000000, 0.000000000000000000, 0.000000000000000000 ) ) ;
#706 = CIRCLE ( 'NONE', #3482, 2.299999999999999822 ) ;
#707 = EDGE_LOOP ( 'NONE', ( #241, #2673, #614, #1090 ) ) ;
#708 = CARTESIAN_POINT ( 'NONE',  ( 10.59999999999999787, 0.000000000000000000, 5.438999999999999169 ) ) ;
#709 = CARTESIAN_POINT ( 'NONE',  ( 13.09999999999999964, -2.061552812808830293, 5.438999999999999169 ) ) ;
#710 = CIRCLE ( 'NONE', #2547, 6.200000000000001066 ) ;
#711 = ORIENTED_EDGE ( 'NONE', *, *, #1608, .T. ) ;
#712 = CARTESIAN_POINT ( 'NONE',  ( -0.3999999999999999667, 2.061552812808830293, 5.438999999999999169 ) ) ;
#713 = AXIS2_PLACEMENT_3D ( 'NONE', #126, #1225, #1787 ) ;
#714 = CARTESIAN_POINT ( 'NONE',  ( 6.349999999999996980, -0.1999999999999996503, -19.04999999999999716 ) ) ;
#715 = EDGE_CURVE ( 'NONE', #109, #3212, #3649, .T. ) ;
#716 = PLANE ( 'NONE',  #3260 ) ;
#717 = CARTESIAN_POINT ( 'NONE',  ( -4.384062043356594884, 0.000000000000000000, -1.999999999999998224 ) ) ;
#718 = ORIENTED_EDGE ( 'NONE', *, *, #2281, .F. ) ;
#719 = LINE ( 'NONE', #2460, #2001 ) ;
#720 = DIRECTION ( 'NONE',  ( -0.000000000000000000, -0.000000000000000000, 1.000000000000000000 ) ) ;
#721 = ADVANCED_FACE ( 'NONE', ( #652 ), #1780, .F. ) ;
#722 = ORIENTED_EDGE ( 'NONE', *, *, #3494, .T. ) ;
#723 = DIRECTION ( 'NONE',  ( 0.000000000000000000, 0.000000000000000000, 1.000000000000000000 ) ) ;
#724 = LINE ( 'NONE', #1850, #1469 ) ;
#725 = DIRECTION ( 'NONE',  ( -0.000000000000000000, -0.000000000000000000, 1.000000000000000000 ) ) ;
#726 = FACE_OUTER_BOUND ( 'NONE', #505, .T. ) ;
#727 = AXIS2_PLACEMENT_3D ( 'NONE', #756, #422, #1878 ) ;
#728 = ORIENTED_EDGE ( 'NONE', *, *, #2136, .T. ) ;
#729 = DIRECTION ( 'NONE',  ( 0.000000000000000000, 0.000000000000000000, 1.000000000000000000 ) ) ;
#730 = FACE_OUTER_BOUND ( 'NONE', #3321, .T. ) ;
#731 = ADVANCED_FACE ( 'NONE', ( #956 ), #1251, .T. ) ;
#732 = PRODUCT_DEFINITION_FORMATION_WITH_SPECIFIED_SOURCE ( 'ANY', '', #2972, .NOT_KNOWN. ) ;
#733 = ORIENTED_EDGE ( 'NONE', *, *, #2574, .T. ) ;
#734 = LINE ( 'NONE', #3264, #3397 ) ;
#735 = ADVANCED_FACE ( 'NONE', ( #2913 ), #1218, .F. ) ;
#736 = VERTEX_POINT ( 'NONE', #117 ) ;
#737 = DIRECTION ( 'NONE',  ( 0.000000000000000000, 0.000000000000000000, 1.000000000000000000 ) ) ;
#738 = LINE ( 'NONE', #1594, #2218 ) ;
#739 = EDGE_CURVE ( 'NONE', #2107, #521, #1099, .T. ) ;
#740 = VECTOR ( 'NONE', #832, 1000.000000000000000 ) ;
#741 = EDGE_LOOP ( 'NONE', ( #797, #2158, #332, #2815 ) ) ;
#742 = FACE_OUTER_BOUND ( 'NONE', #2122, .T. ) ;
#743 = DIRECTION ( 'NONE',  ( -0.7071067811865511255, -0.7071067811865440200, 0.000000000000000000 ) ) ;
#744 = ADVANCED_FACE ( 'NONE', ( #1264 ), #3198, .T. ) ;
#745 = CARTESIAN_POINT ( 'NONE',  ( -0.3999999999999999667, -1.663442899047753887, 6.138999999999997570 ) ) ;
#746 = DIRECTION ( 'NONE',  ( 0.000000000000000000, 0.000000000000000000, 1.000000000000000000 ) ) ;
#747 = VECTOR ( 'NONE', #818, 1000.000000000000000 ) ;
#748 = ORIENTED_EDGE ( 'NONE', *, *, #1330, .T. ) ;
#749 = LINE ( 'NONE', #1372, #3224 ) ;
#750 = AXIS2_PLACEMENT_3D ( 'NONE', #1342, #2465, #784 ) ;
#751 = CARTESIAN_POINT ( 'NONE',  ( 12.69999999999999929, 0.000000000000000000, 5.438999999999999169 ) ) ;
#752 = VECTOR ( 'NONE', #3300, 1000.000000000000000 ) ;
#753 = EDGE_LOOP ( 'NONE', ( #1929, #492, #867, #95, #2139 ) ) ;
#754 = VERTEX_POINT ( 'NONE', #2651 ) ;
#755 = VECTOR ( 'NONE', #2031, 1000.000000000000227 ) ;
#756 = CARTESIAN_POINT ( 'NONE',  ( 0.1499999999999971356, -32.54999999999999716, -11.56862915010152371 ) ) ;
#757 = DIRECTION ( 'NONE',  ( 0.000000000000000000, 0.000000000000000000, 1.000000000000000000 ) ) ;
#758 = ORIENTED_EDGE ( 'NONE', *, *, #2414, .T. ) ;
#759 = VECTOR ( 'NONE', #3268, 1000.000000000000114 ) ;
#760 = ORIENTED_EDGE ( 'NONE', *, *, #773, .F. ) ;
#761 = CARTESIAN_POINT ( 'NONE',  ( 15.79999999999996696, 3.100000000000000089, 0.000000000000000000 ) ) ;
#762 = LINE ( 'NONE', #1885, #1693 ) ;
#763 = EDGE_CURVE ( 'NONE', #1754, #1911, #1361, .T. ) ;
#764 = CIRCLE ( 'NONE', #3591, 3.175000000000000711 ) ;
#765 = ORIENTED_EDGE ( 'NONE', *, *, #2855, .T. ) ;
#766 = CARTESIAN_POINT ( 'NONE',  ( 11.54999999999999538, -32.54999999999999716, -14.24558441227156891 ) ) ;
#767 = LINE ( 'NONE', #2165, #2814 ) ;
#768 = DIRECTION ( 'NONE',  ( 1.000000000000000000, 0.000000000000000000, 0.000000000000000000 ) ) ;
#769 = ADVANCED_FACE ( 'NONE', ( #918 ), #50, .T. ) ;
#770 = VERTEX_POINT ( 'NONE', #3492 ) ;
#771 = CARTESIAN_POINT ( 'NONE',  ( 6.349999999999996092, -5.460999999999999410, -19.04999999999999716 ) ) ;
#772 = CARTESIAN_POINT ( 'NONE',  ( 6.349999999999996980, -6.200000000000001066, -19.04999999999999716 ) ) ;
#773 = EDGE_CURVE ( 'NONE', #1325, #3144, #2632, .T. ) ;
#774 = EDGE_LOOP ( 'NONE', ( #2347, #1935, #2388, #971 ) ) ;
#775 = ORIENTED_EDGE ( 'NONE', *, *, #3079, .T. ) ;
#776 = CARTESIAN_POINT ( 'NONE',  ( 0.4000000000000000222, 2.243459280444427772, 5.588199955838118349 ) ) ;
#777 = DIRECTION ( 'NONE',  ( 1.000000000000000000, -1.209468558947973047E-16, 0.000000000000000000 ) ) ;
#778 = EDGE_LOOP ( 'NONE', ( #3531, #2729, #1640, #3596 ) ) ;
#779 = ORIENTED_EDGE ( 'NONE', *, *, #627, .T. ) ;
#780 = CARTESIAN_POINT ( 'NONE',  ( 12.54999999999999716, -0.1999999999999996503, -19.04999999999999716 ) ) ;
#781 = FACE_OUTER_BOUND ( 'NONE', #1646, .T. ) ;
#782 = ORIENTED_EDGE ( 'NONE', *, *, #1844, .T. ) ;
#783 = DIRECTION ( 'NONE',  ( 0.000000000000000000, 0.000000000000000000, 1.000000000000000000 ) ) ;
#784 = DIRECTION ( 'NONE',  ( 1.000000000000000000, 0.000000000000000000, 0.000000000000000000 ) ) ;
#785 = CARTESIAN_POINT ( 'NONE',  ( 11.54999999999999538, -4.175000000000008704, -14.24558441227156891 ) ) ;
#786 = CARTESIAN_POINT ( 'NONE',  ( 10.59999999999999787, 0.000000000000000000, 0.8890000000000009006 ) ) ;
#787 = ORIENTED_EDGE ( 'NONE', *, *, #1559, .F. ) ;
#788 = ADVANCED_FACE ( 'NONE', ( #3162 ), #2882, .T. ) ;
#789 = CARTESIAN_POINT ( 'NONE',  ( 9.524999999999998579, 3.888253587292845095E-16, 0.8890000000000009006 ) ) ;
#790 = CARTESIAN_POINT ( 'NONE',  ( 2.978334981051646846, 6.200000000000000178, -2.000000000000000000 ) ) ;
#791 = VECTOR ( 'NONE', #1756, 999.9999999999998863 ) ;
#792 = ORIENTED_EDGE ( 'NONE', *, *, #1356, .F. ) ;
#793 = ORIENTED_EDGE ( 'NONE', *, *, #1915, .T. ) ;
#794 = EDGE_CURVE ( 'NONE', #3478, #2018, #1300, .T. ) ;
#795 = DIRECTION ( 'NONE',  ( -0.000000000000000000, -0.000000000000000000, 1.000000000000000000 ) ) ;
#796 = FACE_OUTER_BOUND ( 'NONE', #2474, .T. ) ;
#797 = ORIENTED_EDGE ( 'NONE', *, *, #3119, .T. ) ;
#798 = CARTESIAN_POINT ( 'NONE',  ( -1.850000000000002753, -6.200000000000000178, -2.000000000000000000 ) ) ;
#799 = CYLINDRICAL_SURFACE ( 'NONE', #447, 6.200000000000001066 ) ;
#800 = ORIENTED_EDGE ( 'NONE', *, *, #2801, .F. ) ;
#801 = PLANE ( 'NONE',  #2284 ) ;
#802 = EDGE_CURVE ( 'NONE', #1810, #3563, #2181, .T. ) ;
#803 = EDGE_LOOP ( 'NONE', ( #3491, #2034, #1385, #1960, #787, #2095 ) ) ;
#804 = CIRCLE ( 'NONE', #621, 3.175000000000001155 ) ;
#805 = DIRECTION ( 'NONE',  ( 1.000000000000000000, 0.000000000000000000, 0.000000000000000000 ) ) ;
#806 = CARTESIAN_POINT ( 'NONE',  ( 6.349999999999996092, -0.8890000000000000124, -4.250000000000000000 ) ) ;
#807 = EDGE_CURVE ( 'NONE', #1804, #770, #3308, .T. ) ;
#808 = AXIS2_PLACEMENT_3D ( 'NONE', #69, #670, #2410 ) ;
#809 = ORIENTED_EDGE ( 'NONE', *, *, #3194, .T. ) ;
#810 = CARTESIAN_POINT ( 'NONE',  ( 1.149999999999997247, -2.175000000000006928, -11.15441558772842967 ) ) ;
#811 = VECTOR ( 'NONE', #509, 1000.000000000000000 ) ;
#812 = FACE_OUTER_BOUND ( 'NONE', #843, .T. ) ;
#813 = ADVANCED_FACE ( 'NONE', ( #1902 ), #211, .T. ) ;
#814 = VECTOR ( 'NONE', #1641, 1000.000000000000000 ) ;
#815 = ORIENTED_EDGE ( 'NONE', *, *, #3467, .T. ) ;
#816 = CARTESIAN_POINT ( 'NONE',  ( 6.349999999999996092, -5.460999999999999410, -19.04999999999999716 ) ) ;
#817 = ORIENTED_EDGE ( 'NONE', *, *, #1159, .F. ) ;
#818 = DIRECTION ( 'NONE',  ( 0.000000000000000000, 1.000000000000000000, 0.000000000000000000 ) ) ;
#819 = ORIENTED_EDGE ( 'NONE', *, *, #3629, .T. ) ;
#820 = DIRECTION ( 'NONE',  ( -0.7071067811865445751, -0.7071067811865504593, 0.000000000000000000 ) ) ;
#821 = ORIENTED_EDGE ( 'NONE', *, *, #2025, .F. ) ;
#822 = DIRECTION ( 'NONE',  ( -0.000000000000000000, -0.000000000000000000, -1.000000000000000000 ) ) ;
#823 = CARTESIAN_POINT ( 'NONE',  ( 6.349999999999996092, -5.460999999999999410, -3.174999999999998490 ) ) ;
#824 = CIRCLE ( 'NONE', #2885, 3.175000000000001155 ) ;
#825 = ORIENTED_EDGE ( 'NONE', *, *, #1011, .F. ) ;
#826 = VERTEX_POINT ( 'NONE', #1553 ) ;
#827 = CARTESIAN_POINT ( 'NONE',  ( 12.70000000000005791, -6.200000000000000178, -25.25099999999999767 ) ) ;
#828 = CARTESIAN_POINT ( 'NONE',  ( 12.69999999999999929, 0.000000000000000000, 5.620762745781209269 ) ) ;
#829 = EDGE_CURVE ( 'NONE', #3608, #3025, #1884, .T. ) ;
#830 = EDGE_LOOP ( 'NONE', ( #1549, #3279, #2482, #825 ) ) ;
#831 = CARTESIAN_POINT ( 'NONE',  ( 13.18718001185238542, 2.042738830444500220, 2.470636393497686267 ) ) ;
#832 = DIRECTION ( 'NONE',  ( 4.513357151095771785E-17, 0.000000000000000000, -1.000000000000000000 ) ) ;
#833 = ORIENTED_EDGE ( 'NONE', *, *, #1937, .T. ) ;
#834 = APPROVAL_STATUS ( 'not_yet_approved' ) ;
#835 = CARTESIAN_POINT ( 'NONE',  ( 0.4000000000000001887, 2.061552812808830293, 5.438999999999999169 ) ) ;
#836 = ADVANCED_FACE ( 'NONE', ( #132 ), #2113, .T. ) ;
#837 = AXIS2_PLACEMENT_3D ( 'NONE', #1590, #2120, #2476 ) ;
#838 = FACE_OUTER_BOUND ( 'NONE', #1777, .T. ) ;
#839 = EDGE_LOOP ( 'NONE', ( #2191, #815 ) ) ;
#840 = DIRECTION ( 'NONE',  ( 0.000000000000000000, 0.000000000000000000, 1.000000000000000000 ) ) ;
#841 = DIRECTION ( 'NONE',  ( 1.000000000000000000, 0.000000000000000000, 0.000000000000000000 ) ) ;
#842 = ORIENTED_EDGE ( 'NONE', *, *, #3343, .F. ) ;
#843 = EDGE_LOOP ( 'NONE', ( #3291, #1699, #909 ) ) ;
#844 = LINE ( 'NONE', #3102, #39 ) ;
#845 = ORIENTED_EDGE ( 'NONE', *, *, #464, .F. ) ;
#846 = AXIS2_PLACEMENT_3D ( 'NONE', #498, #2427, #1089 ) ;
#847 = CARTESIAN_POINT ( 'NONE',  ( 14.54999999999999893, -0.1999999999999996503, -2.000000000000000000 ) ) ;
#848 = LINE ( 'NONE', #1393, #2524 ) ;
#849 = EDGE_CURVE ( 'NONE', #1645, #2212, #1281, .T. ) ;
#850 = ORIENTED_EDGE ( 'NONE', *, *, #901, .F. ) ;
#851 = DIRECTION ( 'NONE',  ( 8.498099535558871850E-18, 0.000000000000000000, 1.000000000000000000 ) ) ;
#852 = CARTESIAN_POINT ( 'NONE',  ( -3.099999999999968114, 3.100000000000000533, -25.25099999999999767 ) ) ;
#853 = EDGE_CURVE ( 'NONE', #2715, #3652, #1360, .T. ) ;
#854 = ORIENTED_EDGE ( 'NONE', *, *, #3141, .F. ) ;
#855 = PERSON_AND_ORGANIZATION_ROLE ( 'creator' ) ;
#856 = B_SPLINE_CURVE_WITH_KNOTS ( 'NONE', 3,
 ( #3405, #1673, #1691, #2260, #3386, #2797 ),
 .UNSPECIFIED., .F., .F.,
 ( 4, 2, 4 ),
 ( 0.000000000000000000, 0.0004757428370953073232, 0.0009514856741906142128 ),
 .UNSPECIFIED. ) ;
#857 = FACE_OUTER_BOUND ( 'NONE', #3084, .T. ) ;
#858 = CARTESIAN_POINT ( 'NONE',  ( 0.4980973490458738828, 2.040073290564206943, 2.595422128626172054 ) ) ;
#859 = EDGE_CURVE ( 'NONE', #1953, #3367, #945, .T. ) ;
#860 = VERTEX_POINT ( 'NONE', #2123 ) ;
#861 = ADVANCED_FACE ( 'NONE', ( #1317 ), #2160, .F. ) ;
#862 = DIRECTION ( 'NONE',  ( -0.000000000000000000, -1.000000000000000000, -0.000000000000000000 ) ) ;
#863 = VECTOR ( 'NONE', #1502, 1000.000000000000000 ) ;
#864 = CARTESIAN_POINT ( 'NONE',  ( 12.30000000000000071, -2.232710535457612888, 5.620762745781209269 ) ) ;
#865 = AXIS2_PLACEMENT_3D ( 'NONE', #2699, #1923, #1045 ) ;
#866 = ORIENTED_EDGE ( 'NONE', *, *, #77, .T. ) ;
#867 = ORIENTED_EDGE ( 'NONE', *, *, #1475, .F. ) ;
#868 = DIRECTION ( 'NONE',  ( 0.000000000000000000, -0.000000000000000000, 1.000000000000000000 ) ) ;
#869 = ORIENTED_EDGE ( 'NONE', *, *, #364, .T. ) ;
#870 = CARTESIAN_POINT ( 'NONE',  ( -6.199999999999999289, -6.200000000000000178, 0.000000000000000000 ) ) ;
#871 = CARTESIAN_POINT ( 'NONE',  ( 0.4980973490458738828, -2.040073290564207831, 2.595422128626172054 ) ) ;
#872 = AXIS2_PLACEMENT_3D ( 'NONE', #1557, #2654, #107 ) ;
#873 = VERTEX_POINT ( 'NONE', #471 ) ;
#874 = AXIS2_PLACEMENT_3D ( 'NONE', #1116, #3105, #528 ) ;
#875 = CARTESIAN_POINT ( 'NONE',  ( 13.12828196788177415, 2.057911970479199493, 2.353224001008317412 ) ) ;
#876 = CARTESIAN_POINT ( 'NONE',  ( -0.3999999999999999667, 1.502637486114517751, 6.138999999999998458 ) ) ;
#877 = AXIS2_PLACEMENT_3D ( 'NONE', #1305, #1888, #138 ) ;
#878 = VERTEX_POINT ( 'NONE', #761 ) ;
#879 = CARTESIAN_POINT ( 'NONE',  ( -2.299999999999999822, 0.000000000000000000, 5.523072258617638397 ) ) ;
#880 = DIRECTION ( 'NONE',  ( 0.000000000000000000, 1.000000000000000000, 0.000000000000000000 ) ) ;
#881 = DIRECTION ( 'NONE',  ( -0.000000000000000000, 1.000000000000000000, -0.000000000000000000 ) ) ;
#882 = EDGE_CURVE ( 'NONE', #1100, #1440, #3000, .T. ) ;
#883 = DIRECTION ( 'NONE',  ( -1.000000000000000000, 1.036687336241119596E-16, 0.000000000000000000 ) ) ;
#884 = VECTOR ( 'NONE', #2812, 1000.000000000000114 ) ;
#885 = ORIENTED_EDGE ( 'NONE', *, *, #3247, .F. ) ;
#886 = EDGE_LOOP ( 'NONE', ( #1727, #2153, #3333, #530, #23, #2679 ) ) ;
#887 = CARTESIAN_POINT ( 'NONE',  ( -0.4980973490458723840, 2.040073290564207831, 2.595422128626172054 ) ) ;
#888 = ADVANCED_FACE ( 'NONE', ( #1023 ), #2141, .F. ) ;
#889 = VERTEX_POINT ( 'NONE', #3600 ) ;
#890 = DIRECTION ( 'NONE',  ( 0.000000000000000000, 1.000000000000000000, 0.000000000000000000 ) ) ;
#891 = VECTOR ( 'NONE', #636, 1000.000000000000000 ) ;
#892 = EDGE_CURVE ( 'NONE', #3057, #3107, #1613, .T. ) ;
#893 = CARTESIAN_POINT ( 'NONE',  ( -0.4980973490458723840, -2.040073290564207831, 2.595422128626172054 ) ) ;
#894 = ORIENTED_EDGE ( 'NONE', *, *, #3223, .F. ) ;
#895 = CARTESIAN_POINT ( 'NONE',  ( 12.30000000000000249, -2.182266827280790356, 5.773579458367407824 ) ) ;
#896 = CARTESIAN_POINT ( 'NONE',  ( 42.58756980544229975, -4.175000000000004263, -52.59198539317069532 ) ) ;
#897 = LINE ( 'NONE', #3642, #3053 ) ;
#898 = ORIENTED_EDGE ( 'NONE', *, *, #911, .T. ) ;
#899 = DIRECTION ( 'NONE',  ( 8.115498896123167176E-15, 0.000000000000000000, 1.000000000000000000 ) ) ;
#900 = CARTESIAN_POINT ( 'NONE',  ( 1.149999999999997247, -2.175000000000006928, -14.24558441227156891 ) ) ;
#901 = EDGE_CURVE ( 'NONE', #176, #336, #719, .T. ) ;
#902 = CARTESIAN_POINT ( 'NONE',  ( 6.349999999999996980, -0.1999999999999996503, -19.04999999999999716 ) ) ;
#903 = CARTESIAN_POINT ( 'NONE',  ( 12.69999999999999929, 0.000000000000000000, 0.000000000000000000 ) ) ;
#904 = EDGE_CURVE ( 'NONE', #343, #3155, #2828, .T. ) ;
#905 = ORIENTED_EDGE ( 'NONE', *, *, #373, .F. ) ;
#906 = VERTEX_POINT ( 'NONE', #451 ) ;
#907 = CARTESIAN_POINT ( 'NONE',  ( 11.54999999999999538, -0.1999999999999996503, -11.15441558772842967 ) ) ;
#908 = CC_DESIGN_PERSON_AND_ORGANIZATION_ASSIGNMENT ( #267, #609, ( #2972 ) ) ;
#909 = ORIENTED_EDGE ( 'NONE', *, *, #3539, .T. ) ;
#910 = CARTESIAN_POINT ( 'NONE',  ( 1.149999999999997469, -32.54999999999999716, -19.04999999999999716 ) ) ;
#911 = EDGE_CURVE ( 'NONE', #2101, #149, #1363, .T. ) ;
#912 = EDGE_CURVE ( 'NONE', #2585, #1810, #3127, .T. ) ;
#913 = EDGE_LOOP ( 'NONE', ( #885, #45, #3032, #702 ) ) ;
#914 = CARTESIAN_POINT ( 'NONE',  ( 2.268258436585968152, 0.000000000000000000, 5.620762745781209269 ) ) ;
#915 = AXIS2_PLACEMENT_3D ( 'NONE', #204, #147, #1037 ) ;
#916 = ORIENTED_EDGE ( 'NONE', *, *, #73, .T. ) ;
#917 = VERTEX_POINT ( 'NONE', #1177 ) ;
#918 = FACE_OUTER_BOUND ( 'NONE', #198, .T. ) ;
#919 = DIRECTION ( 'NONE',  ( -1.000000000000000000, 0.000000000000000000, 0.000000000000000000 ) ) ;
#920 = DIRECTION ( 'NONE',  ( -0.000000000000000000, -0.000000000000000000, -1.000000000000000000 ) ) ;
#921 = DIRECTION ( 'NONE',  ( -0.000000000000000000, -1.000000000000000000, -0.000000000000000000 ) ) ;
#922 = LINE ( 'NONE', #2087, #2477 ) ;
#923 = ORIENTED_EDGE ( 'NONE', *, *, #2418, .F. ) ;
#924 = EDGE_LOOP ( 'NONE', ( #2404, #268, #1917, #1948 ) ) ;
#925 = PLANE ( 'NONE',  #2104 ) ;
#926 = ORIENTED_EDGE ( 'NONE', *, *, #1135, .T. ) ;
#927 = EDGE_CURVE ( 'NONE', #17, #1774, #1053, .T. ) ;
#928 = CARTESIAN_POINT ( 'NONE',  ( 12.05225965874923233, 1.999113491775012852, 4.305849356269930261 ) ) ;
#929 = VECTOR ( 'NONE', #1669, 999.9999999999998863 ) ;
#930 = ORIENTED_EDGE ( 'NONE', *, *, #1267, .T. ) ;
#931 = EDGE_CURVE ( 'NONE', #377, #1838, #2537, .T. ) ;
#932 = VECTOR ( 'NONE', #14, 1000.000000000000114 ) ;
#933 = FACE_OUTER_BOUND ( 'NONE', #1957, .T. ) ;
#934 = VECTOR ( 'NONE', #1586, 1000.000000000000000 ) ;
#935 = CIRCLE ( 'NONE', #263, 2.099999999999999645 ) ;
#936 = COORDINATED_UNIVERSAL_TIME_OFFSET ( 6, 0, .BEHIND. ) ;
#937 = ORIENTED_EDGE ( 'NONE', *, *, #2858, .F. ) ;
#938 = DIRECTION ( 'NONE',  ( -0.000000000000000000, 1.000000000000000000, -0.000000000000000000 ) ) ;
#939 = DIRECTION ( 'NONE',  ( -0.000000000000000000, 1.000000000000000000, -0.000000000000000000 ) ) ;
#940 = CIRCLE ( 'NONE', #3118, 4.384062043356594884 ) ;
#941 = VECTOR ( 'NONE', #3269, 1000.000000000000000 ) ;
#942 = DIRECTION ( 'NONE',  ( 1.000000000000000000, 0.000000000000000000, 0.000000000000000000 ) ) ;
#943 = CIRCLE ( 'NONE', #2994, 2.100000000000000089 ) ;
#944 = ORIENTED_EDGE ( 'NONE', *, *, #1293, .T. ) ;
#945 = CIRCLE ( 'NONE', #1478, 2.000000000000000000 ) ;
#946 = DIRECTION ( 'NONE',  ( 0.000000000000000000, 0.000000000000000000, -1.000000000000000000 ) ) ;
#947 = CARTESIAN_POINT ( 'NONE',  ( -3.174999999999999822, 0.000000000000000000, 0.000000000000000000 ) ) ;
#948 = DIRECTION ( 'NONE',  ( -0.000000000000000000, 1.000000000000000000, -0.000000000000000000 ) ) ;
#949 = CARTESIAN_POINT ( 'NONE',  ( 13.19809734904587195, -2.040073290564207831, 2.595422128626172054 ) ) ;
#950 = CIRCLE ( 'NONE', #3003, 3.175000000000000711 ) ;
#951 = ORIENTED_EDGE ( 'NONE', *, *, #73, .F. ) ;
#952 = DIRECTION ( 'NONE',  ( 0.7071067811865477948, 0.000000000000000000, -0.7071067811865473507 ) ) ;
#953 = CARTESIAN_POINT ( 'NONE',  ( 12.30000000000000071, -2.129368206736822700, 5.466985055880803301 ) ) ;
#954 = EDGE_CURVE ( 'NONE', #1352, #2018, #1995, .T. ) ;
#955 = VERTEX_POINT ( 'NONE', #2255 ) ;
#956 = FACE_OUTER_BOUND ( 'NONE', #741, .T. ) ;
#957 = CARTESIAN_POINT ( 'NONE',  ( 6.349999999999996092, -2.175000000000000711, -9.525000000000002132 ) ) ;
#958 = B_SPLINE_CURVE_WITH_KNOTS ( 'NONE', 3,
 ( #2053, #349, #960, #2390 ),
 .UNSPECIFIED., .F., .F.,
 ( 4, 4 ),
 ( 0.007647354141962972064, 0.007869202712918556275 ),
 .UNSPECIFIED. ) ;
#959 = DIRECTION ( 'NONE',  ( 1.000000000000000000, 0.000000000000000000, 0.000000000000000000 ) ) ;
#960 = CARTESIAN_POINT ( 'NONE',  ( 13.09999999999999964, -2.197165961088450192, 5.495012551953919022 ) ) ;
#961 = EDGE_CURVE ( 'NONE', #8, #3451, #764, .T. ) ;
#962 = CARTESIAN_POINT ( 'NONE',  ( -0.3999999999999999667, 2.061552812808830293, 5.438999999999999169 ) ) ;
#963 = LINE ( 'NONE', #2074, #3410 ) ;
#964 = DIRECTION ( 'NONE',  ( -0.000000000000000000, 1.000000000000000000, -0.000000000000000000 ) ) ;
#965 = CARTESIAN_POINT ( 'NONE',  ( 11.97936842241353439, 1.972483239316684234, 5.138999999999997570 ) ) ;
#966 = ORIENTED_EDGE ( 'NONE', *, *, #3357, .F. ) ;
#967 = CARTESIAN_POINT ( 'NONE',  ( 0.7206315775864680084, 1.972483239316684234, 5.138999999999997570 ) ) ;
#968 = CARTESIAN_POINT ( 'NONE',  ( 0.4000000000000000222, 2.197165962000668493, 5.495012552331536959 ) ) ;
#969 = EDGE_CURVE ( 'NONE', #1329, #3436, #1958, .T. ) ;
#970 = ORIENTED_EDGE ( 'NONE', *, *, #351, .T. ) ;
#971 = ORIENTED_EDGE ( 'NONE', *, *, #715, .F. ) ;
#972 = CARTESIAN_POINT ( 'NONE',  ( 14.80000000000000071, 2.571758278209441957E-16, 5.438999999999999169 ) ) ;
#973 = VECTOR ( 'NONE', #1600, 1000.000000000000000 ) ;
#974 = CARTESIAN_POINT ( 'NONE',  ( 10.00441558772842576, -32.54999999999999716, -12.69999999999999929 ) ) ;
#975 = EDGE_CURVE ( 'NONE', #2140, #2144, #286, .T. ) ;
#976 = DIRECTION ( 'NONE',  ( 0.7071067811865511255, -0.7071067811865440200, -0.000000000000000000 ) ) ;
#977 = DIRECTION ( 'NONE',  ( -1.000000000000000000, 0.000000000000000000, 0.000000000000000000 ) ) ;
#978 = EDGE_CURVE ( 'NONE', #288, #1810, #2843, .T. ) ;
#979 = ORIENTED_EDGE ( 'NONE', *, *, #3079, .F. ) ;
#980 = PLANE ( 'NONE',  #443 ) ;
#981 = CARTESIAN_POINT ( 'NONE',  ( 6.349999999999996092, -0.8890000000000000124, -15.87499999999999645 ) ) ;
#982 = PLANE ( 'NONE',  #1700 ) ;
#983 = CARTESIAN_POINT ( 'NONE',  ( 0.1499999999999682976, -6.350000000000031619, 0.000000000000000000 ) ) ;
#984 = ORIENTED_EDGE ( 'NONE', *, *, #1016, .F. ) ;
#985 = VERTEX_POINT ( 'NONE', #1922 ) ;
#986 = CARTESIAN_POINT ( 'NONE',  ( 11.41862915010152157, -6.200000000000001066, -12.69999999999999929 ) ) ;
#987 = DIRECTION ( 'NONE',  ( -3.610685720876617428E-16, 3.743152161979427483E-32, 1.000000000000000000 ) ) ;
#988 = AXIS2_PLACEMENT_3D ( 'NONE', #1655, #2996, #1341 ) ;
#989 = ORIENTED_EDGE ( 'NONE', *, *, #2213, .T. ) ;
#990 = CARTESIAN_POINT ( 'NONE',  ( 12.54999999999999716, -0.1999999999999996503, -4.000000000000000000 ) ) ;
#991 = CARTESIAN_POINT ( 'NONE',  ( 0.000000000000000000, 0.000000000000000000, 5.139000000000004675 ) ) ;
#992 = CIRCLE ( 'NONE', #3346, 2.299999999999999822 ) ;
#993 = VERTEX_POINT ( 'NONE', #1668 ) ;
#994 = CIRCLE ( 'NONE', #2044, 3.175000000000000711 ) ;
#995 = VECTOR ( 'NONE', #3183, 1000.000000000000000 ) ;
#996 = CARTESIAN_POINT ( 'NONE',  ( 0.000000000000000000, 0.000000000000000000, 5.438999999999999169 ) ) ;
#997 = B_SPLINE_CURVE_WITH_KNOTS ( 'NONE', 3,
 ( #1829, #968, #2661, #2078 ),
 .UNSPECIFIED., .F., .F.,
 ( 4, 4 ),
 ( 0.003029541235337106318, 0.003249628748158706060 ),
 .UNSPECIFIED. ) ;
#998 = FACE_BOUND ( 'NONE', #1250, .T. ) ;
#999 = DIRECTION ( 'NONE',  ( -0.08715574274765176821, 0.000000000000000000, 0.9961946980917461003 ) ) ;
#1000 = ORIENTED_EDGE ( 'NONE', *, *, #1074, .F. ) ;
#1001 = DIRECTION ( 'NONE',  ( 0.000000000000000000, 0.000000000000000000, 1.000000000000000000 ) ) ;
#1002 = VECTOR ( 'NONE', #3033, 1000.000000000000000 ) ;
#1003 = DIRECTION ( 'NONE',  ( 0.000000000000000000, 0.000000000000000000, -1.000000000000000000 ) ) ;
#1004 = VERTEX_POINT ( 'NONE', #2237 ) ;
#1005 = DIRECTION ( 'NONE',  ( 0.000000000000000000, 0.000000000000000000, 1.000000000000000000 ) ) ;
#1006 = CARTESIAN_POINT ( 'NONE',  ( 46.24198539317072942, -4.175000000000004263, -48.93756980544229407 ) ) ;
#1007 = VECTOR ( 'NONE', #2205, 1000.000000000000000 ) ;
#1008 = ORIENTED_EDGE ( 'NONE', *, *, #2106, .T. ) ;
#1009 = CARTESIAN_POINT ( 'NONE',  ( 12.20190265095412840, -3.174999999999998934, 2.595422128626172054 ) ) ;
#1010 = DIRECTION ( 'NONE',  ( 0.9961946980917461003, 0.000000000000000000, -0.08715574274765176821 ) ) ;
#1011 = EDGE_CURVE ( 'NONE', #2059, #3652, #512, .T. ) ;
#1012 = ORIENTED_EDGE ( 'NONE', *, *, #1785, .T. ) ;
#1013 = CARTESIAN_POINT ( 'NONE',  ( 0.1499999999999971634, -32.54999999999999716, -13.83137084989847310 ) ) ;
#1014 = DIRECTION ( 'NONE',  ( -0.000000000000000000, -0.000000000000000000, 1.000000000000000000 ) ) ;
#1015 = CARTESIAN_POINT ( 'NONE',  ( 0.3999999999999999667, -3.174999999999999822, 5.139000000000001123 ) ) ;
#1016 = EDGE_CURVE ( 'NONE', #3667, #2629, #2773, .T. ) ;
#1017 = ORIENTED_EDGE ( 'NONE', *, *, #2657, .F. ) ;
#1018 = CARTESIAN_POINT ( 'NONE',  ( 13.19809734904587195, -2.040073290564207831, 2.595422128626172054 ) ) ;
#1019 = CARTESIAN_POINT ( 'NONE',  ( 6.349999999999996092, -5.460999999999999410, -9.525000000000000355 ) ) ;
#1020 = EDGE_CURVE ( 'NONE', #3325, #1880, #950, .T. ) ;
#1021 = EDGE_CURVE ( 'NONE', #2696, #1100, #304, .T. ) ;
#1022 = ORIENTED_EDGE ( 'NONE', *, *, #2733, .F. ) ;
#1023 = FACE_OUTER_BOUND ( 'NONE', #1371, .T. ) ;
#1024 = CARTESIAN_POINT ( 'NONE',  ( 0.1499999999999971634, -0.1999999999999996503, -13.83137084989847310 ) ) ;
#1025 = ORIENTED_EDGE ( 'NONE', *, *, #2508, .F. ) ;
#1026 = CARTESIAN_POINT ( 'NONE',  ( 0.000000000000000000, 0.000000000000000000, 0.8890000000000009006 ) ) ;
#1027 = CARTESIAN_POINT ( 'NONE',  ( 12.30000000000000071, 2.232710535457612888, 5.620762745781209269 ) ) ;
#1028 = DIRECTION ( 'NONE',  ( -0.000000000000000000, -0.000000000000000000, -1.000000000000000000 ) ) ;
#1029 = CARTESIAN_POINT ( 'NONE',  ( 0.4000000000000001887, -1.502637486114517751, 6.138999999999998458 ) ) ;
#1030 = VECTOR ( 'NONE', #3280, 1000.000000000000000 ) ;
#1031 = ORIENTED_EDGE ( 'NONE', *, *, #1244, .F. ) ;
#1032 = CYLINDRICAL_SURFACE ( 'NONE', #1059, 2.099999999999999645 ) ;
#1033 = DIRECTION ( 'NONE',  ( 0.000000000000000000, 1.000000000000000000, 0.000000000000000000 ) ) ;
#1034 = CC_DESIGN_SECURITY_CLASSIFICATION ( #1394, ( #732 ) ) ;
#1035 = DIRECTION ( 'NONE',  ( 0.000000000000000000, 0.000000000000000000, 1.000000000000000000 ) ) ;
#1036 = EDGE_CURVE ( 'NONE', #1340, #1097, #1101, .T. ) ;
#1037 = DIRECTION ( 'NONE',  ( 0.000000000000000000, 0.000000000000000000, 1.000000000000000000 ) ) ;
#1038 = DIRECTION ( 'NONE',  ( -0.000000000000000000, 1.000000000000000000, -0.000000000000000000 ) ) ;
#1039 = ORIENTED_EDGE ( 'NONE', *, *, #1389, .F. ) ;
#1040 = AXIS2_PLACEMENT_3D ( 'NONE', #2198, #423, #3527 ) ;
#1041 = EDGE_CURVE ( 'NONE', #521, #2207, #2455, .T. ) ;
#1042 = ORIENTED_EDGE ( 'NONE', *, *, #462, .T. ) ;
#1043 = ORIENTED_EDGE ( 'NONE', *, *, #3424, .T. ) ;
#1044 = CARTESIAN_POINT ( 'NONE',  ( 12.69999999999999929, 0.000000000000000000, 5.438999999999999169 ) ) ;
#1045 = DIRECTION ( 'NONE',  ( 1.000000000000000000, 0.000000000000000000, 0.000000000000000000 ) ) ;
#1046 = VERTEX_POINT ( 'NONE', #264 ) ;
#1047 = ORIENTED_EDGE ( 'NONE', *, *, #27, .T. ) ;
#1048 = DIRECTION ( 'NONE',  ( -0.000000000000000000, 1.000000000000000000, -0.000000000000000000 ) ) ;
#1049 = FACE_OUTER_BOUND ( 'NONE', #1602, .T. ) ;
#1050 = CARTESIAN_POINT ( 'NONE',  ( 0.1499999999999682976, -6.350000000000031619, -1.999999999999998224 ) ) ;
#1051 = CARTESIAN_POINT ( 'NONE',  ( 11.54999999999999716, -4.175000000000008704, -19.04999999999999716 ) ) ;
#1052 = VECTOR ( 'NONE', #3184, 1000.000000000000000 ) ;
#1053 = B_SPLINE_CURVE_WITH_KNOTS ( 'NONE', 3,
 ( #2516, #1379, #3054, #3400, #2572, #1120, #3618, #875, #831, #1157 ),
 .UNSPECIFIED., .F., .F.,
 ( 4, 2, 2, 2, 4 ),
 ( 0.000000000000000000, 0.0003704147845104402339, 0.0007408295690208804678, 0.001111244353531320702, 0.001481659138041760936 ),
 .UNSPECIFIED. ) ;
#1054 = ORIENTED_EDGE ( 'NONE', *, *, #1844, .F. ) ;
#1055 = DIRECTION ( 'NONE',  ( -0.000000000000000000, -0.000000000000000000, 1.000000000000000000 ) ) ;
#1056 = VECTOR ( 'NONE', #1069, 1000.000000000000000 ) ;
#1057 = CARTESIAN_POINT ( 'NONE',  ( 12.69999999999999929, 0.000000000000000000, 5.438999999999999169 ) ) ;
#1058 = CARTESIAN_POINT ( 'NONE',  ( 12.45292762166693024, -2.087434397081524118, 2.187282604411543652 ) ) ;
#1059 = AXIS2_PLACEMENT_3D ( 'NONE', #1875, #2767, #3004 ) ;
#1060 = ORIENTED_EDGE ( 'NONE', *, *, #2623, .T. ) ;
#1061 = CARTESIAN_POINT ( 'NONE',  ( 0.4000000000000001887, 2.232710535457612888, 5.620762745781209269 ) ) ;
#1062 = DIRECTION ( 'NONE',  ( -0.000000000000000000, -0.000000000000000000, -1.000000000000000000 ) ) ;
#1063 = ORIENTED_EDGE ( 'NONE', *, *, #969, .T. ) ;
#1064 = FACE_OUTER_BOUND ( 'NONE', #219, .T. ) ;
#1065 = ADVANCED_FACE ( 'NONE', ( #2217 ), #565, .T. ) ;
#1066 = VECTOR ( 'NONE', #2777, 1000.000000000000000 ) ;
#1067 = ORIENTED_EDGE ( 'NONE', *, *, #11, .T. ) ;
#1068 = CARTESIAN_POINT ( 'NONE',  ( 6.349999999999999645, 6.349999999999999645, -1.999999999999998224 ) ) ;
#1069 = DIRECTION ( 'NONE',  ( -0.7071067811865511255, 0.7071067811865440200, 0.000000000000000000 ) ) ;
#1070 = CARTESIAN_POINT ( 'NONE',  ( 6.349999999999996092, -0.8890000000000000124, -15.87499999999999645 ) ) ;
#1071 = AXIS2_PLACEMENT_3D ( 'NONE', #139, #3446, #2032 ) ;
#1072 = CARTESIAN_POINT ( 'NONE',  ( 0.4000000000000000777, -2.182283254615324797, 5.773529692572009431 ) ) ;
#1073 = EDGE_LOOP ( 'NONE', ( #3388, #3617, #1952, #2033 ) ) ;
#1074 = EDGE_CURVE ( 'NONE', #61, #1653, #1433, .T. ) ;
#1075 = DIRECTION ( 'NONE',  ( 0.000000000000000000, 0.000000000000000000, 1.000000000000000000 ) ) ;
#1076 = CARTESIAN_POINT ( 'NONE',  ( 12.30000000000000071, 2.083236664664703586, 5.905597390643911204 ) ) ;
#1077 = VECTOR ( 'NONE', #2640, 1000.000000000000000 ) ;
#1078 = EDGE_LOOP ( 'NONE', ( #966, #1940, #319, #1160 ) ) ;
#1079 = CARTESIAN_POINT ( 'NONE',  ( 0.1499999999999973577, -6.200000000000001066, -11.56862915010152371 ) ) ;
#1080 = DIRECTION ( 'NONE',  ( 0.000000000000000000, 1.000000000000000000, 0.000000000000000000 ) ) ;
#1081 = EDGE_CURVE ( 'NONE', #2107, #3608, #2177, .T. ) ;
#1082 = CARTESIAN_POINT ( 'NONE',  ( -6.200000000000001066, 6.200000000000000178, 0.000000000000000000 ) ) ;
#1083 = LINE ( 'NONE', #2461, #376 ) ;
#1084 = VERTEX_POINT ( 'NONE', #337 ) ;
#1085 = DIRECTION ( 'NONE',  ( 1.000000000000000000, 0.000000000000000000, -0.000000000000000000 ) ) ;
#1086 = CARTESIAN_POINT ( 'NONE',  ( 12.30000000000000071, 2.254205848354697839, 5.555636450100674750 ) ) ;
#1087 = EDGE_CURVE ( 'NONE', #1774, #2585, #3199, .T. ) ;
#1088 = CARTESIAN_POINT ( 'NONE',  ( -0.3999999999999999667, -1.502637486114517751, 6.138999999999998458 ) ) ;
#1089 = DIRECTION ( 'NONE',  ( 0.000000000000000000, 0.000000000000000000, 1.000000000000000000 ) ) ;
#1090 = ORIENTED_EDGE ( 'NONE', *, *, #1705, .F. ) ;
#1091 = VECTOR ( 'NONE', #948, 1000.000000000000000 ) ;
#1092 = DIRECTION ( 'NONE',  ( 0.000000000000000000, 0.000000000000000000, 1.000000000000000000 ) ) ;
#1093 = EDGE_CURVE ( 'NONE', #985, #598, #2769, .T. ) ;
#1094 = DIRECTION ( 'NONE',  ( -0.7071067811865473507, 0.000000000000000000, 0.7071067811865477948 ) ) ;
#1095 = VECTOR ( 'NONE', #1991, 1000.000000000000000 ) ;
#1096 = EDGE_LOOP ( 'NONE', ( #1479, #2973 ) ) ;
#1097 = VERTEX_POINT ( 'NONE', #3455 ) ;
#1098 = DIRECTION ( 'NONE',  ( 0.000000000000000000, 0.000000000000000000, 1.000000000000000000 ) ) ;
#1099 = B_SPLINE_CURVE_WITH_KNOTS ( 'NONE', 3,
 ( #3442, #2385, #3506, #380 ),
 .UNSPECIFIED., .F., .F.,
 ( 4, 4 ),
 ( 0.007647354141962971197, 0.007869202712918554540 ),
 .UNSPECIFIED. ) ;
#1100 = VERTEX_POINT ( 'NONE', #967 ) ;
#1101 = LINE ( 'NONE', #1415, #1421 ) ;
#1102 = ORIENTED_EDGE ( 'NONE', *, *, #1291, .T. ) ;
#1103 = EDGE_LOOP ( 'NONE', ( #3602, #1127 ) ) ;
#1104 = CARTESIAN_POINT ( 'NONE',  ( -0.3999999999999999667, -2.061552812808830293, 5.438999999999999169 ) ) ;
#1105 = VERTEX_POINT ( 'NONE', #2350 ) ;
#1106 = CARTESIAN_POINT ( 'NONE',  ( 12.69999999999999929, 0.000000000000000000, 5.139000000000004675 ) ) ;
#1107 = AXIS2_PLACEMENT_3D ( 'NONE', #2573, #2219, #3348 ) ;
#1108 = ORIENTED_EDGE ( 'NONE', *, *, #1309, .T. ) ;
#1109 = DIRECTION ( 'NONE',  ( -0.000000000000000000, -0.000000000000000000, -1.000000000000000000 ) ) ;
#1110 = FACE_OUTER_BOUND ( 'NONE', #1299, .T. ) ;
#1111 = ADVANCED_FACE ( 'NONE', ( #678 ), #3473, .F. ) ;
#1112 = ORIENTED_EDGE ( 'NONE', *, *, #1944, .T. ) ;
#1113 = AXIS2_PLACEMENT_3D ( 'NONE', #1815, #2085, #1765 ) ;
#1114 = ORIENTED_EDGE ( 'NONE', *, *, #3206, .F. ) ;
#1115 = CARTESIAN_POINT ( 'NONE',  ( 6.349999999999996092, -0.8890000000000000124, -16.94999999999999929 ) ) ;
#1116 = CARTESIAN_POINT ( 'NONE',  ( 6.349999999999996092, -0.8890000000000000124, -19.04999999999999716 ) ) ;
#1117 = ADVANCED_FACE ( 'NONE', ( #3192 ), #316, .T. ) ;
#1118 = CIRCLE ( 'NONE', #1412, 4.384062043356594884 ) ;
#1119 = ORIENTED_EDGE ( 'NONE', *, *, #3041, .T. ) ;
#1120 = CARTESIAN_POINT ( 'NONE',  ( 12.82334492033679929, 2.100009524403047223, 2.138959997505217370 ) ) ;
#1121 = PLANE ( 'NONE',  #2807 ) ;
#1122 = VECTOR ( 'NONE', #2541, 1000.000000000000000 ) ;
#1123 = ORIENTED_EDGE ( 'NONE', *, *, #3539, .F. ) ;
#1124 = DIRECTION ( 'NONE',  ( -1.000000000000000000, 0.000000000000000000, -0.000000000000000000 ) ) ;
#1125 = DIRECTION ( 'NONE',  ( 0.000000000000000000, -0.000000000000000000, 1.000000000000000000 ) ) ;
#1126 = AXIS2_PLACEMENT_3D ( 'NONE', #1044, #1005, #1571 ) ;
#1127 = ORIENTED_EDGE ( 'NONE', *, *, #303, .F. ) ;
#1128 = CARTESIAN_POINT ( 'NONE',  ( 6.201636426617085363E-14, 6.200000000000000178, -25.25099999999999767 ) ) ;
#1129 = DIRECTION ( 'NONE',  ( -1.000000000000000000, 0.000000000000000000, 0.000000000000000000 ) ) ;
#1130 = AXIS2_PLACEMENT_3D ( 'NONE', #1306, #194, #2723 ) ;
#1131 = ORIENTED_EDGE ( 'NONE', *, *, #1784, .T. ) ;
#1132 = ORIENTED_EDGE ( 'NONE', *, *, #3112, .F. ) ;
#1133 = CARTESIAN_POINT ( 'NONE',  ( 0.4980973490458738828, 2.040073290564206943, 2.595422128626172054 ) ) ;
#1134 = CARTESIAN_POINT ( 'NONE',  ( 13.19809734904587195, -2.040073290564207831, 2.595422128626172054 ) ) ;
#1135 = EDGE_CURVE ( 'NONE', #3158, #2304, #1486, .T. ) ;
#1136 = CARTESIAN_POINT ( 'NONE',  ( -0.4980973490458723840, -2.040073290564207831, 2.595422128626172054 ) ) ;
#1137 = CARTESIAN_POINT ( 'NONE',  ( -0.4871800118523818002, -2.042738830444500664, 2.470636393497685823 ) ) ;
#1138 = ORIENTED_EDGE ( 'NONE', *, *, #3027, .F. ) ;
#1139 = EDGE_CURVE ( 'NONE', #826, #1359, #645, .T. ) ;
#1140 = DIRECTION ( 'NONE',  ( 1.209468558947973047E-16, 1.000000000000000000, 0.000000000000000000 ) ) ;
#1141 = CYLINDRICAL_SURFACE ( 'NONE', #2981, 4.384062043356593996 ) ;
#1142 = EDGE_CURVE ( 'NONE', #3217, #2236, #2626, .T. ) ;
#1143 = ORIENTED_EDGE ( 'NONE', *, *, #2993, .F. ) ;
#1144 = APPROVAL_ROLE ( '' ) ;
#1145 = DIRECTION ( 'NONE',  ( 0.000000000000000000, -1.000000000000000000, 0.000000000000000000 ) ) ;
#1146 = FACE_OUTER_BOUND ( 'NONE', #2330, .T. ) ;
#1147 = DIRECTION ( 'NONE',  ( -0.000000000000000000, -1.000000000000000000, -0.000000000000000000 ) ) ;
#1148 = CARTESIAN_POINT ( 'NONE',  ( 0.000000000000000000, 0.000000000000000000, 0.000000000000000000 ) ) ;
#1149 = VERTEX_POINT ( 'NONE', #1565 ) ;
#1150 = VERTEX_POINT ( 'NONE', #184 ) ;
#1151 = ORIENTED_EDGE ( 'NONE', *, *, #2063, .F. ) ;
#1152 = CIRCLE ( 'NONE', #3613, 2.000000000000000000 ) ;
#1153 = DIRECTION ( 'NONE',  ( 0.000000000000000000, 1.000000000000000000, -0.000000000000000000 ) ) ;
#1154 = CARTESIAN_POINT ( 'NONE',  ( 1.281370849898472386, -32.54999999999999716, -12.69999999999999929 ) ) ;
#1155 = ADVANCED_FACE ( 'NONE', ( #1827 ), #1858, .T. ) ;
#1156 = ORIENTED_EDGE ( 'NONE', *, *, #802, .T. ) ;
#1157 = CARTESIAN_POINT ( 'NONE',  ( 13.19809734904587195, 2.040073290564206943, 2.595422128626172054 ) ) ;
#1158 = FACE_OUTER_BOUND ( 'NONE', #1831, .T. ) ;
#1159 = EDGE_CURVE ( 'NONE', #2041, #2201, #3501, .T. ) ;
#1160 = ORIENTED_EDGE ( 'NONE', *, *, #106, .F. ) ;
#1161 = CARTESIAN_POINT ( 'NONE',  ( -0.6477403412507644065, -1.999113491775013296, 4.305849356269921380 ) ) ;
#1162 = ORIENTED_EDGE ( 'NONE', *, *, #1805, .F. ) ;
#1163 = EDGE_CURVE ( 'NONE', #2739, #736, #1331, .T. ) ;
#1164 = CARTESIAN_POINT ( 'NONE',  ( -3.099999999999983213, 3.100000000000015632, -1.999999999999998224 ) ) ;
#1165 = CARTESIAN_POINT ( 'NONE',  ( 13.09999999999999964, -2.232710535457612888, 5.620762745781209269 ) ) ;
#1166 = CARTESIAN_POINT ( 'NONE',  ( 9.524999999999998579, 0.000000000000000000, 0.000000000000000000 ) ) ;
#1167 = AXIS2_PLACEMENT_3D ( 'NONE', #3178, #2098, #2061 ) ;
#1168 = PLANE ( 'NONE',  #1483 ) ;
#1169 = ORIENTED_EDGE ( 'NONE', *, *, #3071, .F. ) ;
#1170 = VERTEX_POINT ( 'NONE', #1313 ) ;
#1171 = CARTESIAN_POINT ( 'NONE',  ( -0.4871798639138819054, 2.042738866564660416, 2.470634702552896744 ) ) ;
#1172 = ORIENTED_EDGE ( 'NONE', *, *, #3247, .T. ) ;
#1173 = CARTESIAN_POINT ( 'NONE',  ( -6.199999999999999289, -6.200000000000000178, 0.000000000000000000 ) ) ;
#1174 = CARTESIAN_POINT ( 'NONE',  ( 10.59999999999999787, 0.000000000000000000, 5.438999999999999169 ) ) ;
#1175 = ORIENTED_EDGE ( 'NONE', *, *, #3357, .T. ) ;
#1176 = VECTOR ( 'NONE', #2454, 1000.000000000000000 ) ;
#1177 = CARTESIAN_POINT ( 'NONE',  ( -0.3999999999999999667, 2.061552812808830737, 5.139000000000001123 ) ) ;
#1178 = EDGE_CURVE ( 'NONE', #906, #680, #3243, .T. ) ;
#1179 = AXIS2_PLACEMENT_3D ( 'NONE', #540, #1109, #1912 ) ;
#1180 = ORIENTED_EDGE ( 'NONE', *, *, #3536, .F. ) ;
#1181 = ORIENTED_EDGE ( 'NONE', *, *, #2166, .F. ) ;
#1182 = CARTESIAN_POINT ( 'NONE',  ( 12.30000000000000071, -2.232710535457612888, 5.620762745781209269 ) ) ;
#1183 = CARTESIAN_POINT ( 'NONE',  ( 11.54999999999999538, -0.1999999999999996503, -14.24558441227156891 ) ) ;
#1184 = EDGE_CURVE ( 'NONE', #3667, #1900, #2051, .T. ) ;
#1185 = ADVANCED_FACE ( 'NONE', ( #2419 ), #1625, .T. ) ;
#1186 =( BOUNDED_CURVE ( )  B_SPLINE_CURVE ( 3, ( #3394, #280, #618, #1211 ),
 .UNSPECIFIED., .F., .F. ) 
 B_SPLINE_CURVE_WITH_KNOTS ( ( 4, 4 ),
 ( 1.810267798689539021, 1.921073213463466933 ),
 .UNSPECIFIED. ) 
 CURVE ( )  GEOMETRIC_REPRESENTATION_ITEM ( )  RATIONAL_B_SPLINE_CURVE ( ( 1.000000000000000000, 0.9989771083553060649, 0.9989771083553060649, 1.000000000000000000 ) ) 
 REPRESENTATION_ITEM ( '' )  );
#1187 = CARTESIAN_POINT ( 'NONE',  ( 9.721665018948351999, 6.200000000000000178, -25.25099999999999767 ) ) ;
#1188 = AXIS2_PLACEMENT_3D ( 'NONE', #434, #156, #3549 ) ;
#1189 = EDGE_CURVE ( 'NONE', #2876, #1004, #2432, .T. ) ;
#1190 = EDGE_LOOP ( 'NONE', ( #800, #2705, #937, #3441 ) ) ;
#1191 = ORIENTED_EDGE ( 'NONE', *, *, #1356, .T. ) ;
#1192 = CARTESIAN_POINT ( 'NONE',  ( 6.349999999999996092, -4.174999999999999822, -19.04999999999999716 ) ) ;
#1193 = ORIENTED_EDGE ( 'NONE', *, *, #27, .F. ) ;
#1194 = CARTESIAN_POINT ( 'NONE',  ( 12.30000000000000071, 1.502637486114517751, 6.138999999999998458 ) ) ;
#1195 = ORIENTED_EDGE ( 'NONE', *, *, #3343, .T. ) ;
#1196 = DIRECTION ( 'NONE',  ( 0.000000000000000000, 0.000000000000000000, 1.000000000000000000 ) ) ;
#1197 = CARTESIAN_POINT ( 'NONE',  ( -3.174999999999999822, 3.888253587292846081E-16, 0.8890000000000009006 ) ) ;
#1198 = EDGE_LOOP ( 'NONE', ( #1721, #1308, #3664, #1132 ) ) ;
#1199 = VECTOR ( 'NONE', #2134, 999.9999999999998863 ) ;
#1200 = DATE_TIME_ROLE ( 'creation_date' ) ;
#1201 = ORIENTED_EDGE ( 'NONE', *, *, #2749, .F. ) ;
#1202 = DIRECTION ( 'NONE',  ( -0.000000000000000000, -0.000000000000000000, -1.000000000000000000 ) ) ;
#1203 = DIRECTION ( 'NONE',  ( -0.000000000000000000, 1.000000000000000000, -0.000000000000000000 ) ) ;
#1204 = EDGE_CURVE ( 'NONE', #2780, #288, #164, .T. ) ;
#1205 = DIRECTION ( 'NONE',  ( 0.000000000000000000, 0.000000000000000000, 1.000000000000000000 ) ) ;
#1206 = LINE ( 'NONE', #2318, #2345 ) ;
#1207 = CARTESIAN_POINT ( 'NONE',  ( -6.200000000000001066, -4.174999999999998934, -101.3795551986130192 ) ) ;
#1208 = EDGE_CURVE ( 'NONE', #2409, #5, #2841, .T. ) ;
#1209 = ORIENTED_EDGE ( 'NONE', *, *, #1081, .T. ) ;
#1210 = CARTESIAN_POINT ( 'NONE',  ( 1.149999999999997247, -6.200000000000001066, -11.15441558772842967 ) ) ;
#1211 = CARTESIAN_POINT ( 'NONE',  ( 11.97936842241353439, -1.972483239316685122, 5.138999999999997570 ) ) ;
#1212 = CARTESIAN_POINT ( 'NONE',  ( 11.54999999999999538, -32.54999999999999716, -11.15441558772842967 ) ) ;
#1213 = EDGE_LOOP ( 'NONE', ( #3579, #1272, #2055, #30 ) ) ;
#1214 = DIRECTION ( 'NONE',  ( -0.000000000000000000, -0.000000000000000000, -1.000000000000000000 ) ) ;
#1215 = VECTOR ( 'NONE', #3597, 1000.000000000000000 ) ;
#1216 = APPROVAL_ROLE ( '' ) ;
#1217 = EDGE_LOOP ( 'NONE', ( #542, #1391, #1792, #2148 ) ) ;
#1218 = PLANE ( 'NONE',  #3177 ) ;
#1219 = DIRECTION ( 'NONE',  ( 0.000000000000000000, 1.000000000000000000, 0.000000000000000000 ) ) ;
#1220 = CARTESIAN_POINT ( 'NONE',  ( -6.200000000000001066, 6.200000000000000178, -2.000000000000000000 ) ) ;
#1221 = CARTESIAN_POINT ( 'NONE',  ( 6.349999999999996980, -32.54999999999999716, -19.04999999999999716 ) ) ;
#1222 = ORIENTED_EDGE ( 'NONE', *, *, #478, .T. ) ;
#1223 = AXIS2_PLACEMENT_3D ( 'NONE', #1261, #3440, #2381 ) ;
#1224 = DIRECTION ( 'NONE',  ( 1.000000000000000000, 0.000000000000000000, 0.000000000000000000 ) ) ;
#1225 = DIRECTION ( 'NONE',  ( 0.000000000000000000, 1.000000000000000000, -0.000000000000000000 ) ) ;
#1226 = CARTESIAN_POINT ( 'NONE',  ( 14.80000000000000071, 0.000000000000000000, 5.438999999999999169 ) ) ;
#1227 = EDGE_CURVE ( 'NONE', #2144, #3229, #287, .T. ) ;
#1228 = EDGE_LOOP ( 'NONE', ( #150, #601, #3485, #2531, #285, #470, #1896, #2512, #665, #460 ) ) ;
#1229 = DIRECTION ( 'NONE',  ( 3.610685720876617428E-16, -4.367010855642665670E-32, -1.000000000000000000 ) ) ;
#1230 = ADVANCED_FACE ( 'NONE', ( #444 ), #716, .F. ) ;
#1231 = ORIENTED_EDGE ( 'NONE', *, *, #3555, .F. ) ;
#1232 = PERSON_AND_ORGANIZATION_ROLE ( 'classification_officer' ) ;
#1233 = ORIENTED_EDGE ( 'NONE', *, *, #2657, .T. ) ;
#1234 = CARTESIAN_POINT ( 'NONE',  ( 6.349999999999996092, -0.8890000000000000124, -19.04999999999999716 ) ) ;
#1235 = CARTESIAN_POINT ( 'NONE',  ( 0.000000000000000000, 0.000000000000000000, 5.523072258617638397 ) ) ;
#1236 = VECTOR ( 'NONE', #479, 1000.000000000000000 ) ;
#1237 = LINE ( 'NONE', #415, #2035 ) ;
#1238 = AXIS2_PLACEMENT_3D ( 'NONE', #3351, #1999, #32 ) ;
#1239 = CARTESIAN_POINT ( 'NONE',  ( 46.24198539317072942, -2.175000000000005596, -48.93756980544229407 ) ) ;
#1240 = EDGE_CURVE ( 'NONE', #3217, #3439, #3594, .T. ) ;
#1241 = CARTESIAN_POINT ( 'NONE',  ( 6.349999999999996980, -0.1999999999999996503, -19.04999999999999716 ) ) ;
#1242 = CARTESIAN_POINT ( 'NONE',  ( -6.226030975498009212E-14, -6.200000000000000178, -25.25099999999999767 ) ) ;
#1243 = VECTOR ( 'NONE', #2829, 1000.000000000000000 ) ;
#1244 = EDGE_CURVE ( 'NONE', #1170, #3436, #2568, .T. ) ;
#1245 = CIRCLE ( 'NONE', #1773, 2.100000000000000977 ) ;
#1246 = CARTESIAN_POINT ( 'NONE',  ( 12.29999999999999716, -2.081805041010028390, 5.906940355987363667 ) ) ;
#1247 = LINE ( 'NONE', #3211, #195 ) ;
#1248 = EDGE_CURVE ( 'NONE', #1335, #1150, #2750, .T. ) ;
#1249 = DATE_AND_TIME ( #342, #2510 ) ;
#1250 = EDGE_LOOP ( 'NONE', ( #1353, #1162 ) ) ;
#1251 = PLANE ( 'NONE',  #448 ) ;
#1252 = EDGE_CURVE ( 'NONE', #296, #2304, #363, .T. ) ;
#1253 = CARTESIAN_POINT ( 'NONE',  ( 12.30000000000000071, 2.264950330581225746, 5.523072258617638397 ) ) ;
#1254 = AXIS2_PLACEMENT_3D ( 'NONE', #2396, #2091, #3468 ) ;
#1255 = LINE ( 'NONE', #708, #3220 ) ;
#1256 = ORIENTED_EDGE ( 'NONE', *, *, #2414, .F. ) ;
#1257 = VERTEX_POINT ( 'NONE', #2119 ) ;
#1258 = LINE ( 'NONE', #1802, #510 ) ;
#1259 = CARTESIAN_POINT ( 'NONE',  ( 0.000000000000000000, 0.000000000000000000, 5.139000000000004675 ) ) ;
#1260 = ORIENTED_EDGE ( 'NONE', *, *, #3366, .T. ) ;
#1261 = CARTESIAN_POINT ( 'NONE',  ( 12.69999999999999929, 0.000000000000000000, 5.438999999999999169 ) ) ;
#1262 = VECTOR ( 'NONE', #1474, 1000.000000000000000 ) ;
#1263 = ORIENTED_EDGE ( 'NONE', *, *, #2434, .F. ) ;
#1264 = FACE_OUTER_BOUND ( 'NONE', #140, .T. ) ;
#1265 = AXIS2_PLACEMENT_3D ( 'NONE', #2469, #1731, #3148 ) ;
#1266 = CARTESIAN_POINT ( 'NONE',  ( 13.10000000000000142, -1.502637486114517751, 6.138999999999998458 ) ) ;
#1267 = EDGE_CURVE ( 'NONE', #2739, #1315, #1842, .T. ) ;
#1268 = VERTEX_POINT ( 'NONE', #2826 ) ;
#1269 = LINE ( 'NONE', #1009, #2224 ) ;
#1270 = DIRECTION ( 'NONE',  ( 0.000000000000000000, 0.000000000000000000, -1.000000000000000000 ) ) ;
#1271 = ADVANCED_FACE ( 'NONE', ( #3086 ), #2233, .T. ) ;
#1272 = ORIENTED_EDGE ( 'NONE', *, *, #1398, .T. ) ;
#1273 = FACE_OUTER_BOUND ( 'NONE', #1228, .T. ) ;
#1274 = DIRECTION ( 'NONE',  ( 0.000000000000000000, -0.000000000000000000, 1.000000000000000000 ) ) ;
#1275 = VERTEX_POINT ( 'NONE', #2552 ) ;
#1276 = CARTESIAN_POINT ( 'NONE',  ( -1.850000000000002531, -4.350000000000041389, -1.999999999999999112 ) ) ;
#1277 = DIRECTION ( 'NONE',  ( -0.000000000000000000, 1.000000000000000000, -0.000000000000000000 ) ) ;
#1278 = CIRCLE ( 'NONE', #3339, 2.268258436585968152 ) ;
#1279 = ORIENTED_EDGE ( 'NONE', *, *, #3625, .F. ) ;
#1280 = EDGE_CURVE ( 'NONE', #1084, #1403, #1938, .T. ) ;
#1281 = LINE ( 'NONE', #780, #1002 ) ;
#1282 = CARTESIAN_POINT ( 'NONE',  ( 11.41862915010152157, -32.54999999999999716, -12.69999999999999929 ) ) ;
#1283 = AXIS2_PLACEMENT_3D ( 'NONE', #1026, #2761, #2974 ) ;
#1284 = ORIENTED_EDGE ( 'NONE', *, *, #54, .F. ) ;
#1285 = CARTESIAN_POINT ( 'NONE',  ( 0.4000000000000001887, 2.264950330581225302, 5.523072258617638397 ) ) ;
#1286 = LINE ( 'NONE', #2954, #688 ) ;
#1287 = DIRECTION ( 'NONE',  ( -0.7071067811865475727, 0.000000000000000000, -0.7071067811865475727 ) ) ;
#1288 = ORIENTED_EDGE ( 'NONE', *, *, #4, .F. ) ;
#1289 = AXIS2_PLACEMENT_3D ( 'NONE', #220, #3023, #1075 ) ;
#1290 = DIRECTION ( 'NONE',  ( 1.209468558947973047E-16, 1.000000000000000000, 0.000000000000000000 ) ) ;
#1291 = EDGE_CURVE ( 'NONE', #1149, #736, #545, .T. ) ;
#1292 = CYLINDRICAL_SURFACE ( 'NONE', #2611, 2.099999999999999645 ) ;
#1293 = EDGE_CURVE ( 'NONE', #1808, #993, #281, .T. ) ;
#1294 = CARTESIAN_POINT ( 'NONE',  ( -6.199999999999999289, -6.200000000000000178, -2.000000000000000000 ) ) ;
#1295 = ORIENTED_EDGE ( 'NONE', *, *, #1784, .F. ) ;
#1296 = CARTESIAN_POINT ( 'NONE',  ( -0.3999999999999999667, -2.129368206736822700, 5.466985055880803301 ) ) ;
#1297 = AXIS2_PLACEMENT_3D ( 'NONE', #1368, #1028, #3273 ) ;
#1298 = CARTESIAN_POINT ( 'NONE',  ( 11.54999999999999716, -32.54999999999999716, -19.04999999999999716 ) ) ;
#1299 = EDGE_LOOP ( 'NONE', ( #254, #930, #2724, #2072, #525, #3236, #1504, #1688, #1175, #535 ) ) ;
#1300 = LINE ( 'NONE', #2718, #759 ) ;
#1301 = CARTESIAN_POINT ( 'NONE',  ( 9.721665018948350223, 6.200000000000000178, 0.000000000000000000 ) ) ;
#1302 = AXIS2_PLACEMENT_3D ( 'NONE', #1984, #2581, #1129 ) ;
#1303 = ORIENTED_EDGE ( 'NONE', *, *, #236, .F. ) ;
#1304 = DIRECTION ( 'NONE',  ( -0.000000000000000000, -1.000000000000000000, -0.000000000000000000 ) ) ;
#1305 = CARTESIAN_POINT ( 'NONE',  ( 13.42063157758646774, -3.174999999999998934, 5.138999999999997570 ) ) ;
#1306 = CARTESIAN_POINT ( 'NONE',  ( 12.69999999999999929, 0.000000000000000000, 5.523072258617638397 ) ) ;
#1307 = DIRECTION ( 'NONE',  ( -0.000000000000000000, -1.000000000000000000, -0.000000000000000000 ) ) ;
#1308 = ORIENTED_EDGE ( 'NONE', *, *, #1163, .T. ) ;
#1309 = EDGE_CURVE ( 'NONE', #436, #917, #2, .T. ) ;
#1310 = CARTESIAN_POINT ( 'NONE',  ( 13.42063157758646774, -3.174999999999998934, 5.138999999999997570 ) ) ;
#1311 = CYLINDRICAL_SURFACE ( 'NONE', #47, 2.100000000000000977 ) ;
#1312 = ADVANCED_FACE ( 'NONE', ( #1970 ), #507, .T. ) ;
#1313 = CARTESIAN_POINT ( 'NONE',  ( -0.7206315775864664541, 1.972483239316684234, 5.138999999999997570 ) ) ;
#1314 = CARTESIAN_POINT ( 'NONE',  ( 6.349999999999996092, -0.8890000000000000124, -8.449999999999999289 ) ) ;
#1315 = VERTEX_POINT ( 'NONE', #2790 ) ;
#1316 = ORIENTED_EDGE ( 'NONE', *, *, #514, .T. ) ;
#1317 = FACE_OUTER_BOUND ( 'NONE', #2394, .T. ) ;
#1318 = DIRECTION ( 'NONE',  ( 0.000000000000000000, 1.000000000000000000, 0.000000000000000000 ) ) ;
#1319 = VERTEX_POINT ( 'NONE', #3395 ) ;
#1320 = CARTESIAN_POINT ( 'NONE',  ( 17.08406204335659240, 0.000000000000000000, -1.999999999999998224 ) ) ;
#1321 = CARTESIAN_POINT ( 'NONE',  ( 0.000000000000000000, 0.000000000000000000, 5.620762745781209269 ) ) ;
#1322 = VECTOR ( 'NONE', #890, 1000.000000000000000 ) ;
#1323 = CARTESIAN_POINT ( 'NONE',  ( 10.00441558772842576, -32.54999999999999716, -12.69999999999999929 ) ) ;
#1324 = CARTESIAN_POINT ( 'NONE',  ( 15.87500000000000000, 0.000000000000000000, 0.8890000000000009006 ) ) ;
#1325 = VERTEX_POINT ( 'NONE', #243 ) ;
#1326 = DIRECTION ( 'NONE',  ( -0.000000000000000000, 0.000000000000000000, 1.000000000000000000 ) ) ;
#1327 = DIRECTION ( 'NONE',  ( -0.9961946980917461003, 0.000000000000000000, -0.08715574274765176821 ) ) ;
#1328 = CARTESIAN_POINT ( 'NONE',  ( 12.27171803211823153, -2.057911970479199493, 2.353224001008315192 ) ) ;
#1329 = VERTEX_POINT ( 'NONE', #1136 ) ;
#1330 = EDGE_CURVE ( 'NONE', #74, #2665, #3341, .T. ) ;
#1331 = LINE ( 'NONE', #3028, #1503 ) ;
#1332 = CARTESIAN_POINT ( 'NONE',  ( 0.4000000000000001887, 0.000000000000000000, 6.138999999999998458 ) ) ;
#1333 = APPROVAL ( #650, 'UNSPECIFIED' ) ;
#1334 = AXIS2_PLACEMENT_3D ( 'NONE', #1859, #2138, #3282 ) ;
#1335 = VERTEX_POINT ( 'NONE', #560 ) ;
#1336 = ORIENTED_EDGE ( 'NONE', *, *, #617, .F. ) ;
#1337 = DIRECTION ( 'NONE',  ( -1.000000000000000000, -0.000000000000000000, -0.000000000000000000 ) ) ;
#1338 = CIRCLE ( 'NONE', #3398, 3.174999999999999822 ) ;
#1339 = CARTESIAN_POINT ( 'NONE',  ( -1.850000000000002531, -32.54999999999999716, -4.000000000000000000 ) ) ;
#1340 = VERTEX_POINT ( 'NONE', #1079 ) ;
#1341 = DIRECTION ( 'NONE',  ( 0.000000000000000000, -0.000000000000000000, -1.000000000000000000 ) ) ;
#1342 = CARTESIAN_POINT ( 'NONE',  ( 12.69999999999999929, 0.000000000000000000, 5.389000000000001123 ) ) ;
#1343 = DIRECTION ( 'NONE',  ( 1.000000000000000000, 0.000000000000000000, 0.000000000000000000 ) ) ;
#1344 = FACE_OUTER_BOUND ( 'NONE', #774, .T. ) ;
#1345 = AXIS2_PLACEMENT_3D ( 'NONE', #2540, #2521, #2222 ) ;
#1346 = ORIENTED_EDGE ( 'NONE', *, *, #1735, .T. ) ;
#1347 = PLANE ( 'NONE',  #3465 ) ;
#1348 = TOROIDAL_SURFACE ( 'NONE', #2871, 1.554966049364602254, 0.7500000000000000000 ) ;
#1349 = PLANE ( 'NONE',  #2712 ) ;
#1350 = VECTOR ( 'NONE', #2685, 1000.000000000000114 ) ;
#1351 = EDGE_CURVE ( 'NONE', #1567, #3667, #3543, .T. ) ;
#1352 = VERTEX_POINT ( 'NONE', #3376 ) ;
#1353 = ORIENTED_EDGE ( 'NONE', *, *, #1719, .F. ) ;
#1354 = DIRECTION ( 'NONE',  ( -0.000000000000000000, -1.000000000000000000, -0.000000000000000000 ) ) ;
#1355 = CARTESIAN_POINT ( 'NONE',  ( 1.149999999999997247, -0.1999999999999996503, -2.000000000000000000 ) ) ;
#1356 = EDGE_CURVE ( 'NONE', #1575, #3144, #1679, .T. ) ;
#1357 = EDGE_LOOP ( 'NONE', ( #1649, #3374, #1624, #682 ) ) ;
#1358 = CIRCLE ( 'NONE', #2173, 3.175000000000000711 ) ;
#1359 = VERTEX_POINT ( 'NONE', #1115 ) ;
#1360 = LINE ( 'NONE', #1846, #3066 ) ;
#1361 = B_SPLINE_CURVE_WITH_KNOTS ( 'NONE', 3,
 ( #2047, #323, #667, #1505, #1795, #1473 ),
 .UNSPECIFIED., .F., .F.,
 ( 4, 2, 4 ),
 ( 0.000000000000000000, 0.0004757001404452628575, 0.0009514002808905257149 ),
 .UNSPECIFIED. ) ;
#1362 = DIRECTION ( 'NONE',  ( 0.000000000000000000, 0.000000000000000000, 1.000000000000000000 ) ) ;
#1363 = CIRCLE ( 'NONE', #1589, 3.175000000000000711 ) ;
#1364 = EDGE_CURVE ( 'NONE', #3367, #2665, #3360, .T. ) ;
#1365 = ORIENTED_EDGE ( 'NONE', *, *, #3051, .T. ) ;
#1366 = FACE_BOUND ( 'NONE', #261, .T. ) ;
#1367 = PLANE ( 'NONE',  #325 ) ;
#1368 = CARTESIAN_POINT ( 'NONE',  ( 0.000000000000000000, 0.000000000000000000, 5.523072258617638397 ) ) ;
#1369 = CIRCLE ( 'NONE', #3423, 2.100000000000000089 ) ;
#1370 = CARTESIAN_POINT ( 'NONE',  ( 15.80000000000003268, -3.100000000000000089, -25.25099999999999767 ) ) ;
#1371 = EDGE_LOOP ( 'NONE', ( #1231, #2947, #237, #809 ) ) ;
#1372 = CARTESIAN_POINT ( 'NONE',  ( 0.4000000000000001887, 2.061552812808830737, 5.438999999999999169 ) ) ;
#1373 = DIRECTION ( 'NONE',  ( -0.000000000000000000, -0.000000000000000000, -1.000000000000000000 ) ) ;
#1374 = AXIS2_PLACEMENT_3D ( 'NONE', #1855, #1033, #221 ) ;
#1375 = ORIENTED_EDGE ( 'NONE', *, *, #901, .T. ) ;
#1376 = CARTESIAN_POINT ( 'NONE',  ( -0.3999999999999999667, 2.061552812808830737, 5.438999999999999169 ) ) ;
#1377 = DIRECTION ( 'NONE',  ( 0.000000000000000000, 0.000000000000000000, -1.000000000000000000 ) ) ;
#1378 = ORIENTED_EDGE ( 'NONE', *, *, #2481, .F. ) ;
#1379 = CARTESIAN_POINT ( 'NONE',  ( 12.21282013608611372, 2.042738866564660416, 2.470634702552896300 ) ) ;
#1380 = ORIENTED_EDGE ( 'NONE', *, *, #54, .T. ) ;
#1381 = VERTEX_POINT ( 'NONE', #3614 ) ;
#1382 = CARTESIAN_POINT ( 'NONE',  ( 10.60012705463137550, 0.000000000000000000, 6.138999999999998458 ) ) ;
#1383 = DIRECTION ( 'NONE',  ( 0.000000000000000000, 0.000000000000000000, -1.000000000000000000 ) ) ;
#1384 = CARTESIAN_POINT ( 'NONE',  ( 2.695584412271568198, -0.1999999999999996503, -12.69999999999999929 ) ) ;
#1385 = ORIENTED_EDGE ( 'NONE', *, *, #3124, .T. ) ;
#1386 = CARTESIAN_POINT ( 'NONE',  ( -0.3999999999999999667, 1.502637486114517751, 6.138999999999998458 ) ) ;
#1387 = CARTESIAN_POINT ( 'NONE',  ( 6.349999999999996092, -2.175000000000000711, -19.04999999999999716 ) ) ;
#1388 = AXIS2_PLACEMENT_3D ( 'NONE', #2772, #2838, #1682 ) ;
#1389 = EDGE_CURVE ( 'NONE', #588, #2590, #2803, .T. ) ;
#1390 = ORIENTED_EDGE ( 'NONE', *, *, #3261, .T. ) ;
#1391 = ORIENTED_EDGE ( 'NONE', *, *, #2112, .T. ) ;
#1392 = DIRECTION ( 'NONE',  ( -0.000000000000000000, -0.000000000000000000, -1.000000000000000000 ) ) ;
#1393 = CARTESIAN_POINT ( 'NONE',  ( -6.199999999999999289, 0.000000000000000000, 0.000000000000000000 ) ) ;
#1394 = SECURITY_CLASSIFICATION ( '', '', #82 ) ;
#1395 = EDGE_LOOP ( 'NONE', ( #637, #2778, #3375, #2379, #153, #1451, #1039, #472, #3668, #793 ) ) ;
#1396 = DIRECTION ( 'NONE',  ( 0.000000000000000000, 0.000000000000000000, 1.000000000000000000 ) ) ;
#1397 = CARTESIAN_POINT ( 'NONE',  ( -1.850000000000002531, -4.350000000000041389, -1.999999999999999112 ) ) ;
#1398 = EDGE_CURVE ( 'NONE', #3267, #61, #1554, .T. ) ;
#1399 = ORIENTED_EDGE ( 'NONE', *, *, #450, .T. ) ;
#1400 = DIRECTION ( 'NONE',  ( 0.000000000000000000, 0.000000000000000000, 1.000000000000000000 ) ) ;
#1401 = DIRECTION ( 'NONE',  ( 0.000000000000000000, 0.000000000000000000, -1.000000000000000000 ) ) ;
#1402 = DIRECTION ( 'NONE',  ( -0.000000000000000000, -0.000000000000000000, 1.000000000000000000 ) ) ;
#1403 = VERTEX_POINT ( 'NONE', #847 ) ;
#1404 = EDGE_CURVE ( 'NONE', #3006, #377, #3104, .T. ) ;
#1405 = CARTESIAN_POINT ( 'NONE',  ( 12.30000000000000071, 2.061552812808830293, 5.139000000000001123 ) ) ;
#1406 = VECTOR ( 'NONE', #2337, 1000.000000000000000 ) ;
#1407 = ORIENTED_EDGE ( 'NONE', *, *, #978, .T. ) ;
#1408 = VECTOR ( 'NONE', #3396, 1000.000000000000000 ) ;
#1409 = ORIENTED_EDGE ( 'NONE', *, *, #1608, .F. ) ;
#1410 = ADVANCED_FACE ( 'NONE', ( #2475 ), #2197, .T. ) ;
#1411 = DIRECTION ( 'NONE',  ( 0.000000000000000000, 0.000000000000000000, 1.000000000000000000 ) ) ;
#1412 = AXIS2_PLACEMENT_3D ( 'NONE', #501, #822, #2507 ) ;
#1413 = CARTESIAN_POINT ( 'NONE',  ( 12.69999999999999929, 0.000000000000000000, 5.620762745781209269 ) ) ;
#1414 = VERTEX_POINT ( 'NONE', #810 ) ;
#1415 = CARTESIAN_POINT ( 'NONE',  ( 0.1499999999999971356, -6.200000000000001066, -11.56862915010152371 ) ) ;
#1416 = FACE_OUTER_BOUND ( 'NONE', #3286, .T. ) ;
#1417 = ORIENTED_EDGE ( 'NONE', *, *, #2659, .F. ) ;
#1418 = LINE ( 'NONE', #2298, #747 ) ;
#1419 = LINE ( 'NONE', #3662, #2050 ) ;
#1420 = CARTESIAN_POINT ( 'NONE',  ( 13.09999999999999964, 2.129368206736822700, 5.466985055880802413 ) ) ;
#1421 = VECTOR ( 'NONE', #851, 1000.000000000000000 ) ;
#1422 = ORIENTED_EDGE ( 'NONE', *, *, #2418, .T. ) ;
#1423 = AXIS2_PLACEMENT_3D ( 'NONE', #440, #3319, #2150 ) ;
#1424 = DIRECTION ( 'NONE',  ( -0.000000000000000000, -0.000000000000000000, 1.000000000000000000 ) ) ;
#1425 = EDGE_CURVE ( 'NONE', #1325, #1556, #1460, .T. ) ;
#1426 = VECTOR ( 'NONE', #3587, 1000.000000000000000 ) ;
#1427 = ORIENTED_EDGE ( 'NONE', *, *, #807, .F. ) ;
#1428 = ORIENTED_EDGE ( 'NONE', *, *, #373, .T. ) ;
#1429 = CARTESIAN_POINT ( 'NONE',  ( 0.000000000000000000, 0.000000000000000000, 5.438999999999999169 ) ) ;
#1430 = CARTESIAN_POINT ( 'NONE',  ( -3.100000000000016964, -3.100000000000014744, -1.999999999999998224 ) ) ;
#1431 = EDGE_CURVE ( 'NONE', #223, #1268, #314, .T. ) ;
#1432 = ORIENTED_EDGE ( 'NONE', *, *, #1248, .F. ) ;
#1433 = LINE ( 'NONE', #3073, #1717 ) ;
#1434 = DIRECTION ( 'NONE',  ( 1.000000000000000000, 0.000000000000000000, 0.000000000000000000 ) ) ;
#1435 = ORIENTED_EDGE ( 'NONE', *, *, #3378, .F. ) ;
#1436 = LINE ( 'NONE', #1730, #1122 ) ;
#1437 = CARTESIAN_POINT ( 'NONE',  ( 0.7206315775864680084, 1.972483239316684234, 5.138999999999997570 ) ) ;
#1438 = ORIENTED_EDGE ( 'NONE', *, *, #1204, .F. ) ;
#1439 = CARTESIAN_POINT ( 'NONE',  ( 0.000000000000000000, 0.000000000000000000, 0.8890000000000009006 ) ) ;
#1440 = VERTEX_POINT ( 'NONE', #2130 ) ;
#1441 = ORIENTED_EDGE ( 'NONE', *, *, #675, .T. ) ;
#1442 = ORIENTED_EDGE ( 'NONE', *, *, #1178, .T. ) ;
#1443 = AXIS2_PLACEMENT_3D ( 'NONE', #2486, #3606, #2206 ) ;
#1444 = PLANE ( 'NONE',  #2436 ) ;
#1445 = DIRECTION ( 'NONE',  ( -0.000000000000000000, 0.000000000000000000, 1.000000000000000000 ) ) ;
#1446 = EDGE_CURVE ( 'NONE', #3457, #223, #1772, .T. ) ;
#1447 = ORIENTED_EDGE ( 'NONE', *, *, #1830, .F. ) ;
#1448 = DIRECTION ( 'NONE',  ( -0.000000000000000000, 1.000000000000000000, -0.000000000000000000 ) ) ;
#1449 = ORIENTED_EDGE ( 'NONE', *, *, #294, .F. ) ;
#1450 = DIRECTION ( 'NONE',  ( 1.000000000000000000, 0.000000000000000000, 0.000000000000000000 ) ) ;
#1451 = ORIENTED_EDGE ( 'NONE', *, *, #2157, .T. ) ;
#1452 = FACE_OUTER_BOUND ( 'NONE', #2835, .T. ) ;
#1453 = EDGE_CURVE ( 'NONE', #343, #2314, #1482, .T. ) ;
#1454 = CARTESIAN_POINT ( 'NONE',  ( 0.6477403412507656277, -1.999113491775012408, 4.305849356269923156 ) ) ;
#1455 = DIRECTION ( 'NONE',  ( 0.000000000000000000, 0.000000000000000000, 1.000000000000000000 ) ) ;
#1456 = DIRECTION ( 'NONE',  ( -0.000000000000000000, 0.000000000000000000, 1.000000000000000000 ) ) ;
#1457 = EDGE_LOOP ( 'NONE', ( #2952, #1390 ) ) ;
#1458 = VERTEX_POINT ( 'NONE', #2587 ) ;
#1459 = CARTESIAN_POINT ( 'NONE',  ( 13.09999999999999964, -2.254205848354697839, 5.555636450100674750 ) ) ;
#1460 = LINE ( 'NONE', #1226, #2378 ) ;
#1461 = CONICAL_SURFACE ( 'NONE', #2639, 2.100000000000000089, 1.172861257340199304 ) ;
#1462 = ADVANCED_BREP_SHAPE_REPRESENTATION ( '228-2500-132', ( #2896, #1345 ), #1697 ) ;
#1463 = ADVANCED_FACE ( 'NONE', ( #20 ), #1788, .T. ) ;
#1464 = EDGE_LOOP ( 'NONE', ( #3631, #166, #1629, #2738 ) ) ;
#1465 = AXIS2_PLACEMENT_3D ( 'NONE', #1598, #172, #3604 ) ;
#1466 = CARTESIAN_POINT ( 'NONE',  ( 1.149999999999997247, -32.54999999999999716, -11.15441558772842967 ) ) ;
#1467 = CARTESIAN_POINT ( 'NONE',  ( 12.30000000000000071, -2.197165962000668493, 5.495012552331536071 ) ) ;
#1468 = ADVANCED_FACE ( 'NONE', ( #355 ), #1444, .F. ) ;
#1469 = VECTOR ( 'NONE', #2975, 1000.000000000000000 ) ;
#1470 = ORIENTED_EDGE ( 'NONE', *, *, #1425, .T. ) ;
#1471 = DIRECTION ( 'NONE',  ( 0.000000000000000000, 0.000000000000000000, 1.000000000000000000 ) ) ;
#1472 = ORIENTED_EDGE ( 'NONE', *, *, #849, .F. ) ;
#1473 = CARTESIAN_POINT ( 'NONE',  ( 13.10000000000000142, -1.502637486114517751, 6.138999999999998458 ) ) ;
#1474 = DIRECTION ( 'NONE',  ( 0.7071067811865445751, 0.7071067811865504593, 0.000000000000000000 ) ) ;
#1475 = EDGE_CURVE ( 'NONE', #74, #3229, #661, .T. ) ;
#1476 = DIRECTION ( 'NONE',  ( -0.000000000000000000, 1.000000000000000000, -0.000000000000000000 ) ) ;
#1477 = CYLINDRICAL_SURFACE ( 'NONE', #2643, 5.200000000000000178 ) ;
#1478 = AXIS2_PLACEMENT_3D ( 'NONE', #3012, #3287, #3249 ) ;
#1479 = ORIENTED_EDGE ( 'NONE', *, *, #3320, .T. ) ;
#1480 = VERTEX_POINT ( 'NONE', #1194 ) ;
#1481 = ORIENTED_EDGE ( 'NONE', *, *, #807, .T. ) ;
#1482 = LINE ( 'NONE', #2610, #1091 ) ;
#1483 = AXIS2_PLACEMENT_3D ( 'NONE', #1207, #2017, #883 ) ;
#1484 = B_SPLINE_CURVE_WITH_KNOTS ( 'NONE', 3,
 ( #113, #1467, #953, #2945 ),
 .UNSPECIFIED., .F., .F.,
 ( 4, 4 ),
 ( 0.003029541235337107185, 0.003249628748158706927 ),
 .UNSPECIFIED. ) ;
#1485 = ORIENTED_EDGE ( 'NONE', *, *, #1981, .T. ) ;
#1486 = LINE ( 'NONE', #62, #2142 ) ;
#1487 = CARTESIAN_POINT ( 'NONE',  ( 0.4000000000000001887, -2.232710535457612888, 5.620762745781209269 ) ) ;
#1488 = VECTOR ( 'NONE', #92, 1000.000000000000000 ) ;
#1489 = COORDINATED_UNIVERSAL_TIME_OFFSET ( 6, 0, .BEHIND. ) ;
#1490 = ORIENTED_EDGE ( 'NONE', *, *, #2321, .T. ) ;
#1491 = DIRECTION ( 'NONE',  ( -0.000000000000000000, -0.000000000000000000, 1.000000000000000000 ) ) ;
#1492 = DIRECTION ( 'NONE',  ( -1.000000000000000000, 0.000000000000000000, 0.000000000000000000 ) ) ;
#1493 = LINE ( 'NONE', #655, #2582 ) ;
#1494 = DIRECTION ( 'NONE',  ( -0.000000000000000000, -0.000000000000000000, -1.000000000000000000 ) ) ;
#1495 = CARTESIAN_POINT ( 'NONE',  ( -6.199999999999999289, -0.1999999999999996503, -2.000000000000000000 ) ) ;
#1496 = PRODUCT_RELATED_PRODUCT_CATEGORY ( 'detail', '', ( #2972 ) ) ;
#1497 = VERTEX_POINT ( 'NONE', #2569 ) ;
#1498 = CARTESIAN_POINT ( 'NONE',  ( 0.4871800118523835210, 2.042738830444499332, 2.470636393497685823 ) ) ;
#1499 = CARTESIAN_POINT ( 'NONE',  ( 6.349999999999996092, -6.201024999999999565, -6.349999999999999645 ) ) ;
#1500 = AXIS2_PLACEMENT_3D ( 'NONE', #3438, #1852, #641 ) ;
#1501 = ORIENTED_EDGE ( 'NONE', *, *, #1760, .T. ) ;
#1502 = DIRECTION ( 'NONE',  ( -1.000000000000000000, 0.000000000000000000, -0.000000000000000000 ) ) ;
#1503 = VECTOR ( 'NONE', #1609, 1000.000000000000000 ) ;
#1504 = ORIENTED_EDGE ( 'NONE', *, *, #78, .T. ) ;
#1505 = CARTESIAN_POINT ( 'NONE',  ( 13.09999999999999964, -1.821676962433383062, 6.089970303311149635 ) ) ;
#1506 = DIRECTION ( 'NONE',  ( 0.000000000000000000, 0.000000000000000000, 1.000000000000000000 ) ) ;
#1507 = CARTESIAN_POINT ( 'NONE',  ( 6.349999999999996092, -2.175000000000000711, -22.22499999999999787 ) ) ;
#1508 = CARTESIAN_POINT ( 'NONE',  ( 6.349999999999996092, -0.8890000000000000124, -6.349999999999999645 ) ) ;
#1509 = EDGE_CURVE ( 'NONE', #2595, #17, #421, .T. ) ;
#1510 = CIRCLE ( 'NONE', #677, 2.000000000000000000 ) ;
#1511 = CARTESIAN_POINT ( 'NONE',  ( 1.149999999999997247, -0.1999999999999996503, -14.24558441227156891 ) ) ;
#1512 = FACE_OUTER_BOUND ( 'NONE', #209, .T. ) ;
#1513 = DIRECTION ( 'NONE',  ( 0.000000000000000000, 0.000000000000000000, 1.000000000000000000 ) ) ;
#1514 = CIRCLE ( 'NONE', #3571, 2.100000000000000977 ) ;
#1515 = ADVANCED_FACE ( 'NONE', ( #726 ), #2364, .T. ) ;
#1516 = DIRECTION ( 'NONE',  ( -0.000000000000000000, -0.000000000000000000, -1.000000000000000000 ) ) ;
#1517 = VECTOR ( 'NONE', #3621, 1000.000000000000000 ) ;
#1518 = DIRECTION ( 'NONE',  ( -0.7071067811865441310, 0.7071067811865510144, 0.000000000000000000 ) ) ;
#1519 = VERTEX_POINT ( 'NONE', #3255 ) ;
#1520 = CIRCLE ( 'NONE', #2042, 2.268258436585967264 ) ;
#1521 = APPROVAL_STATUS ( 'not_yet_approved' ) ;
#1522 = FACE_OUTER_BOUND ( 'NONE', #3416, .T. ) ;
#1523 = CARTESIAN_POINT ( 'NONE',  ( 12.30000000000000071, 2.197165961088449304, 5.495012551953918134 ) ) ;
#1524 = AXIS2_PLACEMENT_3D ( 'NONE', #2817, #840, #3165 ) ;
#1525 = CARTESIAN_POINT ( 'NONE',  ( 42.58756980544229975, -2.175000000000005151, -52.59198539317069532 ) ) ;
#1526 = EDGE_LOOP ( 'NONE', ( #676, #1, #2259, #418 ) ) ;
#1527 = CIRCLE ( 'NONE', #2706, 2.100000000000000977 ) ;
#1528 = LINE ( 'NONE', #2688, #3644 ) ;
#1529 = DIRECTION ( 'NONE',  ( -4.513357151095771785E-17, 5.458763569553332088E-33, 1.000000000000000000 ) ) ;
#1530 = CARTESIAN_POINT ( 'NONE',  ( 12.94709174788198069, -2.087439085565598429, 2.187221323398957473 ) ) ;
#1531 = VECTOR ( 'NONE', #1337, 1000.000000000000000 ) ;
#1532 = ADVANCED_FACE ( 'NONE', ( #2627 ), #334, .T. ) ;
#1533 = CARTESIAN_POINT ( 'NONE',  ( 13.27348631124368694, 2.021666578221208432, 3.457121909598158016 ) ) ;
#1534 = PLANE ( 'NONE',  #1167 ) ;
#1535 = VERTEX_POINT ( 'NONE', #3417 ) ;
#1536 = CARTESIAN_POINT ( 'NONE',  ( 0.4980973490458738828, -3.174999999999999822, 2.595422128626172054 ) ) ;
#1537 = LINE ( 'NONE', #413, #1928 ) ;
#1538 = EDGE_CURVE ( 'NONE', #1257, #3067, #371, .T. ) ;
#1539 = ORIENTED_EDGE ( 'NONE', *, *, #882, .T. ) ;
#1540 = PLANE ( 'NONE',  #3635 ) ;
#1541 = DIRECTION ( 'NONE',  ( 1.000000000000000000, 0.000000000000000000, 0.000000000000000000 ) ) ;
#1542 = EDGE_LOOP ( 'NONE', ( #2080, #3262, #1193, #1409 ) ) ;
#1543 = DIRECTION ( 'NONE',  ( -0.000000000000000000, 0.000000000000000000, 1.000000000000000000 ) ) ;
#1544 = DIRECTION ( 'NONE',  ( 1.000000000000000000, 0.000000000000000000, -8.260587980841937794E-15 ) ) ;
#1545 = EDGE_CURVE ( 'NONE', #1105, #873, #59, .T. ) ;
#1546 = ORIENTED_EDGE ( 'NONE', *, *, #1628, .F. ) ;
#1547 = CARTESIAN_POINT ( 'NONE',  ( 13.34774034125076625, -1.999113491775012408, 4.305849356269934702 ) ) ;
#1548 = DIRECTION ( 'NONE',  ( 0.000000000000000000, 0.000000000000000000, 1.000000000000000000 ) ) ;
#1549 = ORIENTED_EDGE ( 'NONE', *, *, #226, .F. ) ;
#1550 = ADVANCED_FACE ( 'NONE', ( #2009, #2023 ), #619, .T. ) ;
#1551 = EDGE_LOOP ( 'NONE', ( #1916, #3116, #1972, #3248, #3447, #1375, #321, #718, #748, #2911 ) ) ;
#1552 = EDGE_LOOP ( 'NONE', ( #2822, #3503, #593, #2156 ) ) ;
#1553 = CARTESIAN_POINT ( 'NONE',  ( 6.349999999999996092, -5.460999999999999410, -16.94999999999999929 ) ) ;
#1554 = CIRCLE ( 'NONE', #3616, 3.175000000000000711 ) ;
#1555 = LINE ( 'NONE', #2357, #563 ) ;
#1556 = VERTEX_POINT ( 'NONE', #3488 ) ;
#1557 = CARTESIAN_POINT ( 'NONE',  ( 12.69999999999999929, 0.000000000000000000, 6.138999999999998458 ) ) ;
#1558 = CARTESIAN_POINT ( 'NONE',  ( -42.43756980544230117, -2.174999999999994493, -65.14198539317072800 ) ) ;
#1559 = EDGE_CURVE ( 'NONE', #210, #521, #2562, .T. ) ;
#1560 = CARTESIAN_POINT ( 'NONE',  ( 11.54999999999999538, -2.175000000000006928, -14.24558441227156891 ) ) ;
#1561 = VERTEX_POINT ( 'NONE', #3452 ) ;
#1562 = CARTESIAN_POINT ( 'NONE',  ( -0.3999999999999999667, 2.197165961088449304, 5.495012551953918134 ) ) ;
#1563 = DIRECTION ( 'NONE',  ( 0.000000000000000000, 1.000000000000000000, 0.000000000000000000 ) ) ;
#1564 = LINE ( 'NONE', #1294, #3169 ) ;
#1565 = CARTESIAN_POINT ( 'NONE',  ( 11.54999999999999538, -0.1999999999999996503, -11.15441558772842967 ) ) ;
#1566 = CARTESIAN_POINT ( 'NONE',  ( 3.174999999999999822, 0.000000000000000000, 0.8890000000000009006 ) ) ;
#1567 = VERTEX_POINT ( 'NONE', #3173 ) ;
#1568 =( BOUNDED_CURVE ( )  B_SPLINE_CURVE ( 3, ( #250, #2241, #1161, #3661 ),
 .UNSPECIFIED., .F., .F. ) 
 B_SPLINE_CURVE_WITH_KNOTS ( ( 4, 4 ),
 ( 1.810267798689539021, 1.921073213463466933 ),
 .UNSPECIFIED. ) 
 CURVE ( )  GEOMETRIC_REPRESENTATION_ITEM ( )  RATIONAL_B_SPLINE_CURVE ( ( 1.000000000000000000, 0.9989771083553060649, 0.9989771083553060649, 1.000000000000000000 ) ) 
 REPRESENTATION_ITEM ( '' )  );
#1569 = ORIENTED_EDGE ( 'NONE', *, *, #3179, .F. ) ;
#1570 = VECTOR ( 'NONE', #3647, 1000.000000000000000 ) ;
#1571 = DIRECTION ( 'NONE',  ( 1.000000000000000000, 0.000000000000000000, 0.000000000000000000 ) ) ;
#1572 = DIRECTION ( 'NONE',  ( 1.000000000000000000, 0.000000000000000000, 8.260587980841934638E-15 ) ) ;
#1573 = ADVANCED_FACE ( 'NONE', ( #174 ), #1638, .F. ) ;
#1574 = AXIS2_PLACEMENT_3D ( 'NONE', #1868, #1576, #2185 ) ;
#1575 = VERTEX_POINT ( 'NONE', #786 ) ;
#1576 = DIRECTION ( 'NONE',  ( 0.000000000000000000, 0.000000000000000000, 1.000000000000000000 ) ) ;
#1577 = CARTESIAN_POINT ( 'NONE',  ( 11.54999999999999716, -32.54999999999999716, -19.04999999999999716 ) ) ;
#1578 = LINE ( 'NONE', #1050, #1881 ) ;
#1579 = CIRCLE ( 'NONE', #262, 3.175000000000000711 ) ;
#1580 = LINE ( 'NONE', #217, #668 ) ;
#1581 = ADVANCED_FACE ( 'NONE', ( #3623 ), #1891, .T. ) ;
#1582 = ORIENTED_EDGE ( 'NONE', *, *, #892, .F. ) ;
#1583 = AXIS2_PLACEMENT_3D ( 'NONE', #141, #3517, #2340 ) ;
#1584 = DIRECTION ( 'NONE',  ( 0.000000000000000000, -1.000000000000000000, 0.000000000000000000 ) ) ;
#1585 = DIRECTION ( 'NONE',  ( 1.000000000000000000, 0.000000000000000000, 8.260587980841934638E-15 ) ) ;
#1586 = DIRECTION ( 'NONE',  ( -3.635732195710287636E-17, 0.000000000000000000, 1.000000000000000000 ) ) ;
#1587 = ORIENTED_EDGE ( 'NONE', *, *, #1475, .T. ) ;
#1588 = CARTESIAN_POINT ( 'NONE',  ( 0.4000000000000001887, 2.264950330581225302, 5.523072258617638397 ) ) ;
#1589 = AXIS2_PLACEMENT_3D ( 'NONE', #1593, #2199, #1832 ) ;
#1590 = CARTESIAN_POINT ( 'NONE',  ( 12.69999999999999929, 0.000000000000000000, -25.25099999999999767 ) ) ;
#1591 = ORIENTED_EDGE ( 'NONE', *, *, #393, .T. ) ;
#1592 = ORIENTED_EDGE ( 'NONE', *, *, #1244, .T. ) ;
#1593 = CARTESIAN_POINT ( 'NONE',  ( 6.349999999999996092, -0.8890000000000000124, -19.04999999999999716 ) ) ;
#1594 = CARTESIAN_POINT ( 'NONE',  ( 12.54999999999999716, -6.200000000000000178, -2.000000000000000000 ) ) ;
#1595 = VECTOR ( 'NONE', #3295, 1000.000000000000000 ) ;
#1596 = VERTEX_POINT ( 'NONE', #1051 ) ;
#1597 = DIRECTION ( 'NONE',  ( 4.513357151095771785E-17, 0.000000000000000000, -1.000000000000000000 ) ) ;
#1598 = CARTESIAN_POINT ( 'NONE',  ( -6.199999999999999289, -6.200000000000000178, 0.000000000000000000 ) ) ;
#1599 = DIRECTION ( 'NONE',  ( -0.000000000000000000, 0.000000000000000000, 1.000000000000000000 ) ) ;
#1600 = DIRECTION ( 'NONE',  ( -0.000000000000000000, 1.000000000000000000, -0.000000000000000000 ) ) ;
#1601 = CLOSED_SHELL ( 'NONE', ( #2382, #1065, #1155, #1410, #2682, #3307, #3186, #2558, #2598, #238, #2002, #2073, #553, #3611, #1312, #2642, #36, #3359, #506, #1468, #2758, #3413, #256, #1573, #1532, #731, #3607, #2971, #556, #2183, #159, #306, #769, #3090, #2431, #1515, #430, #299, #3218, #2775, #1230, #3022, #2605, #1674, #3505, #208, #3245, #3480, #622, #350, #686, #836, #2663, #2489, #861, #2619, #1111, #2036, #2810, #3098, #735, #3201, #2710, #322, #163, #888, #1744, #1696, #2878, #690, #1921, #180, #813, #3519, #2697, #3497, #1117, #579, #3364, #1648, #2194, #3586, #744, #457, #3513, #1581, #672, #2779, #3456, #1463, #1956, #2093, #2999, #186, #1185, #2907, #1271, #121, #2387, #2367, #2976, #1550, #2152, #788, #721, #482, #2117, #1762, #583, #1959, #93 ) ) ;
#1602 = EDGE_LOOP ( 'NONE', ( #3302, #3152, #3620, #2322, #1905 ) ) ;
#1603 = EDGE_CURVE ( 'NONE', #3267, #1275, #519, .T. ) ;
#1604 = FACE_OUTER_BOUND ( 'NONE', #1395, .T. ) ;
#1605 = CARTESIAN_POINT ( 'NONE',  ( -0.7206315775864664541, -3.174999999999999822, 5.138999999999997570 ) ) ;
#1606 = APPROVAL ( #834, 'UNSPECIFIED' ) ;
#1607 = ORIENTED_EDGE ( 'NONE', *, *, #931, .F. ) ;
#1608 = EDGE_CURVE ( 'NONE', #2207, #3574, #144, .T. ) ;
#1609 = DIRECTION ( 'NONE',  ( 0.000000000000000000, 1.000000000000000000, 0.000000000000000000 ) ) ;
#1610 = CARTESIAN_POINT ( 'NONE',  ( -2.268258436585968152, 0.000000000000000000, 5.620762745781209269 ) ) ;
#1611 = B_SPLINE_CURVE_WITH_KNOTS ( 'NONE', 3,
 ( #2269, #1459, #3122, #3103 ),
 .UNSPECIFIED., .F., .F.,
 ( 4, 4 ),
 ( 0.002832913685900423535, 0.002935786532568636018 ),
 .UNSPECIFIED. ) ;
#1612 = ORIENTED_EDGE ( 'NONE', *, *, #1036, .T. ) ;
#1613 = LINE ( 'NONE', #1082, #1531 ) ;
#1614 = ORIENTED_EDGE ( 'NONE', *, *, #1698, .F. ) ;
#1615 = CARTESIAN_POINT ( 'NONE',  ( 13.09999999999999964, 2.061552812808830293, 5.438999999999999169 ) ) ;
#1616 = CARTESIAN_POINT ( 'NONE',  ( 14.25496604936460265, 0.000000000000000000, 6.138999999999998458 ) ) ;
#1617 = AXIS2_PLACEMENT_3D ( 'NONE', #2998, #3062, #1910 ) ;
#1618 = CARTESIAN_POINT ( 'NONE',  ( -0.3999999999999999112, -2.081805041010027946, 5.906940355987363667 ) ) ;
#1619 = EDGE_LOOP ( 'NONE', ( #3048, #191, #146, #1987 ) ) ;
#1620 = DIRECTION ( 'NONE',  ( 0.000000000000000000, 0.000000000000000000, 1.000000000000000000 ) ) ;
#1621 = DIRECTION ( 'NONE',  ( 0.7071067811865474617, 0.000000000000000000, 0.7071067811865474617 ) ) ;
#1622 = CC_DESIGN_APPROVAL ( #2599, ( #732 ) ) ;
#1623 = EDGE_CURVE ( 'NONE', #703, #2041, #1580, .T. ) ;
#1624 = ORIENTED_EDGE ( 'NONE', *, *, #2329, .T. ) ;
#1625 = PLANE ( 'NONE',  #727 ) ;
#1626 = LINE ( 'NONE', #3304, #385 ) ;
#1627 = EDGE_CURVE ( 'NONE', #1753, #2140, #1152, .T. ) ;
#1628 = EDGE_CURVE ( 'NONE', #2257, #1381, #2446, .T. ) ;
#1629 = ORIENTED_EDGE ( 'NONE', *, *, #2855, .F. ) ;
#1630 = ORIENTED_EDGE ( 'NONE', *, *, #3096, .T. ) ;
#1631 = CARTESIAN_POINT ( 'NONE',  ( 13.09999999999999964, 2.061552812808830293, 5.438999999999999169 ) ) ;
#1632 = VECTOR ( 'NONE', #720, 1000.000000000000000 ) ;
#1633 = CARTESIAN_POINT ( 'NONE',  ( 13.19809734904587195, -3.174999999999998934, 2.595422128626172054 ) ) ;
#1634 = ORIENTED_EDGE ( 'NONE', *, *, #2328, .T. ) ;
#1635 = DIRECTION ( 'NONE',  ( 0.000000000000000000, 0.000000000000000000, 1.000000000000000000 ) ) ;
#1636 = FACE_OUTER_BOUND ( 'NONE', #778, .T. ) ;
#1637 = CARTESIAN_POINT ( 'NONE',  ( -0.3999999999999999667, -2.232710535457612888, 5.620762745781209269 ) ) ;
#1638 = PLANE ( 'NONE',  #361 ) ;
#1639 = AXIS2_PLACEMENT_3D ( 'NONE', #2424, #517, #783 ) ;
#1640 = ORIENTED_EDGE ( 'NONE', *, *, #1865, .T. ) ;
#1641 = DIRECTION ( 'NONE',  ( -0.000000000000000000, 1.000000000000000000, -0.000000000000000000 ) ) ;
#1642 = CIRCLE ( 'NONE', #34, 1.554966049364602254 ) ;
#1643 = PLANE ( 'NONE',  #532 ) ;
#1644 = VECTOR ( 'NONE', #474, 1000.000000000000000 ) ;
#1645 = VERTEX_POINT ( 'NONE', #3332 ) ;
#1646 = EDGE_LOOP ( 'NONE', ( #1825, #79, #2353, #1000 ) ) ;
#1647 = DIRECTION ( 'NONE',  ( 0.000000000000000000, 0.000000000000000000, -1.000000000000000000 ) ) ;
#1648 = ADVANCED_FACE ( 'NONE', ( #1872 ), #2188, .T. ) ;
#1649 = ORIENTED_EDGE ( 'NONE', *, *, #2824, .F. ) ;
#1650 = AXIS2_PLACEMENT_3D ( 'NONE', #344, #1491, #2617 ) ;
#1651 = DIRECTION ( 'NONE',  ( -1.000000000000000000, 0.000000000000000000, 0.000000000000000000 ) ) ;
#1652 = CARTESIAN_POINT ( 'NONE',  ( 6.349999999999996980, -32.54999999999999716, -19.04999999999999716 ) ) ;
#1653 = VERTEX_POINT ( 'NONE', #1324 ) ;
#1654 = ORIENTED_EDGE ( 'NONE', *, *, #1766, .F. ) ;
#1655 = CARTESIAN_POINT ( 'NONE',  ( -6.199999999999999289, -6.200000000000000178, -2.000000000000000000 ) ) ;
#1656 = DIRECTION ( 'NONE',  ( -1.000000000000000000, 0.000000000000000000, 0.000000000000000000 ) ) ;
#1657 = CARTESIAN_POINT ( 'NONE',  ( 0.4000000000000000777, -2.083236664664703586, 5.905597390643911204 ) ) ;
#1658 = ORIENTED_EDGE ( 'NONE', *, *, #607, .T. ) ;
#1659 = CARTESIAN_POINT ( 'NONE',  ( 12.69999999999999929, 0.000000000000000000, 5.438999999999999169 ) ) ;
#1660 = CARTESIAN_POINT ( 'NONE',  ( 12.69999999999999929, 0.000000000000000000, 5.139000000000004675 ) ) ;
#1661 = EDGE_LOOP ( 'NONE', ( #697, #2447, #1701, #1143, #3391, #3168 ) ) ;
#1662 = CIRCLE ( 'NONE', #2010, 5.200000000000000178 ) ;
#1663 = ORIENTED_EDGE ( 'NONE', *, *, #3656, .F. ) ;
#1664 = DIRECTION ( 'NONE',  ( -0.000000000000000000, -0.000000000000000000, -1.000000000000000000 ) ) ;
#1665 = DIRECTION ( 'NONE',  ( 1.000000000000000000, 0.000000000000000000, -0.000000000000000000 ) ) ;
#1666 = EDGE_CURVE ( 'NONE', #3652, #860, #235, .T. ) ;
#1667 = ORIENTED_EDGE ( 'NONE', *, *, #978, .F. ) ;
#1668 = CARTESIAN_POINT ( 'NONE',  ( 0.1499999999999973577, -0.1999999999999996503, -19.04999999999999716 ) ) ;
#1669 = DIRECTION ( 'NONE',  ( 0.7071067811865477948, -7.330486454263144080E-17, -0.7071067811865473507 ) ) ;
#1670 = EDGE_CURVE ( 'NONE', #5, #1774, #196, .T. ) ;
#1671 = ORIENTED_EDGE ( 'NONE', *, *, #2728, .T. ) ;
#1672 = PERSON_AND_ORGANIZATION ( #3562, #2121 ) ;
#1673 = CARTESIAN_POINT ( 'NONE',  ( 0.4000000000000002998, 1.663442899047754775, 6.139000000000001123 ) ) ;
#1674 = ADVANCED_FACE ( 'NONE', ( #1344 ), #3030, .T. ) ;
#1675 = EDGE_LOOP ( 'NONE', ( #666, #1681, #526, #1472 ) ) ;
#1676 = EDGE_CURVE ( 'NONE', #2792, #3563, #2088, .T. ) ;
#1677 = DIRECTION ( 'NONE',  ( 0.000000000000000000, 1.000000000000000000, 0.000000000000000000 ) ) ;
#1678 = CARTESIAN_POINT ( 'NONE',  ( 12.69999999999999929, 0.000000000000000000, 0.000000000000000000 ) ) ;
#1679 = CIRCLE ( 'NONE', #2204, 2.100000000000000977 ) ;
#1680 = ORIENTED_EDGE ( 'NONE', *, *, #892, .T. ) ;
#1681 = ORIENTED_EDGE ( 'NONE', *, *, #1159, .T. ) ;
#1682 = DIRECTION ( 'NONE',  ( 0.7071067811865477948, 0.000000000000000000, -0.7071067811865473507 ) ) ;
#1683 = DIRECTION ( 'NONE',  ( 1.000000000000000000, 0.000000000000000000, 0.000000000000000000 ) ) ;
#1684 = ORIENTED_EDGE ( 'NONE', *, *, #1139, .F. ) ;
#1685 = CARTESIAN_POINT ( 'NONE',  ( 0.4000000000000000222, -2.254205848354697395, 5.555636450100674750 ) ) ;
#1686 = FACE_OUTER_BOUND ( 'NONE', #3504, .T. ) ;
#1687 = VECTOR ( 'NONE', #1518, 999.9999999999998863 ) ;
#1688 = ORIENTED_EDGE ( 'NONE', *, *, #226, .T. ) ;
#1689 = DIRECTION ( 'NONE',  ( 1.000000000000000000, -0.000000000000000000, -0.000000000000000000 ) ) ;
#1690 = EDGE_CURVE ( 'NONE', #1880, #3325, #1908, .T. ) ;
#1691 = CARTESIAN_POINT ( 'NONE',  ( 0.4000000000000000222, 1.820969194338324160, 6.090132639966192585 ) ) ;
#1692 = PLANE ( 'NONE',  #503 ) ;
#1693 = VECTOR ( 'NONE', #7, 1000.000000000000000 ) ;
#1694 = CIRCLE ( 'NONE', #3509, 2.099999999999999645 ) ;
#1695 = CARTESIAN_POINT ( 'NONE',  ( 6.505213034913026604E-16, -3.174999999999999822, 2.638999999999998902 ) ) ;
#1696 = ADVANCED_FACE ( 'NONE', ( #2848 ), #2597, .T. ) ;
#1697 =( GEOMETRIC_REPRESENTATION_CONTEXT ( 3 ) GLOBAL_UNCERTAINTY_ASSIGNED_CONTEXT ( ( #476 ) ) GLOBAL_UNIT_ASSIGNED_CONTEXT ( ( #2594, #3426, #48 ) ) REPRESENTATION_CONTEXT ( 'NONE', 'WORKASPACE' ) );
#1698 = EDGE_CURVE ( 'NONE', #1084, #2257, #3370, .T. ) ;
#1699 = ORIENTED_EDGE ( 'NONE', *, *, #2648, .T. ) ;
#1700 = AXIS2_PLACEMENT_3D ( 'NONE', #1015, #695, #1822 ) ;
#1701 = ORIENTED_EDGE ( 'NONE', *, *, #1873, .T. ) ;
#1702 = DIRECTION ( 'NONE',  ( 1.000000000000000000, 0.000000000000000000, 0.000000000000000000 ) ) ;
#1703 = CARTESIAN_POINT ( 'NONE',  ( 12.20190265095412840, 2.040073290564207831, 2.595422128626172054 ) ) ;
#1704 = DIRECTION ( 'NONE',  ( -1.000000000000000000, 0.000000000000000000, 0.000000000000000000 ) ) ;
#1705 = EDGE_CURVE ( 'NONE', #2355, #1100, #2208, .T. ) ;
#1706 = AXIS2_PLACEMENT_3D ( 'NONE', #1854, #2940, #1224 ) ;
#1707 = CARTESIAN_POINT ( 'NONE',  ( 6.349999999999996092, -4.174999999999999822, -19.04999999999999716 ) ) ;
#1708 = AXIS2_PLACEMENT_3D ( 'NONE', #1439, #1424, #326 ) ;
#1709 = ORIENTED_EDGE ( 'NONE', *, *, #2068, .F. ) ;
#1710 = DIRECTION ( 'NONE',  ( 0.000000000000000000, 1.000000000000000000, 0.000000000000000000 ) ) ;
#1711 = DIRECTION ( 'NONE',  ( -0.000000000000000000, -0.000000000000000000, 1.000000000000000000 ) ) ;
#1712 = ORIENTED_EDGE ( 'NONE', *, *, #1889, .T. ) ;
#1713 = CARTESIAN_POINT ( 'NONE',  ( -0.3999999999999999667, -2.264950330581225746, 5.523072258617638397 ) ) ;
#1714 = ORIENTED_EDGE ( 'NONE', *, *, #4, .T. ) ;
#1715 = CARTESIAN_POINT ( 'NONE',  ( 12.54999999999999716, -32.54999999999999716, -11.56862915010152371 ) ) ;
#1716 = DIRECTION ( 'NONE',  ( 0.000000000000000000, 0.000000000000000000, 1.000000000000000000 ) ) ;
#1717 = VECTOR ( 'NONE', #3658, 1000.000000000000000 ) ;
#1718 = DIRECTION ( 'NONE',  ( 1.000000000000000000, 0.000000000000000000, 0.000000000000000000 ) ) ;
#1719 = EDGE_CURVE ( 'NONE', #2221, #3025, #26, .T. ) ;
#1720 = ORIENTED_EDGE ( 'NONE', *, *, #2667, .F. ) ;
#1721 = ORIENTED_EDGE ( 'NONE', *, *, #1267, .F. ) ;
#1722 = CARTESIAN_POINT ( 'NONE',  ( 0.1499999999999971356, -0.1999999999999996503, -11.56862915010152371 ) ) ;
#1723 = CC_DESIGN_PERSON_AND_ORGANIZATION_ASSIGNMENT ( #2880, #1232, ( #1394 ) ) ;
#1724 = VERTEX_POINT ( 'NONE', #900 ) ;
#1725 = CARTESIAN_POINT ( 'NONE',  ( 6.349999999999996092, -0.8890000000000000124, -3.174999999999998490 ) ) ;
#1726 = DIRECTION ( 'NONE',  ( 0.000000000000000000, 0.000000000000000000, 1.000000000000000000 ) ) ;
#1727 = ORIENTED_EDGE ( 'NONE', *, *, #2157, .F. ) ;
#1728 = CARTESIAN_POINT ( 'NONE',  ( 10.00441558772842576, -32.54999999999999716, -12.69999999999999929 ) ) ;
#1729 = CARTESIAN_POINT ( 'NONE',  ( -0.4000000000000000222, 2.083236664664702698, 5.905597390643911204 ) ) ;
#1730 = CARTESIAN_POINT ( 'NONE',  ( 1.149999999999997469, -4.174999999999999822, -101.3795551986130192 ) ) ;
#1731 = DIRECTION ( 'NONE',  ( -0.000000000000000000, 1.000000000000000000, -0.000000000000000000 ) ) ;
#1732 = ORIENTED_EDGE ( 'NONE', *, *, #1895, .F. ) ;
#1733 = CARTESIAN_POINT ( 'NONE',  ( 0.4000000000000001887, 1.502637486114518195, 6.138999999999998458 ) ) ;
#1734 = CARTESIAN_POINT ( 'NONE',  ( 12.30000000000000071, -2.254205848354697839, 5.555636450100673862 ) ) ;
#1735 = EDGE_CURVE ( 'NONE', #2696, #2862, #2589, .T. ) ;
#1736 = ORIENTED_EDGE ( 'NONE', *, *, #2845, .T. ) ;
#1737 = EDGE_LOOP ( 'NONE', ( #2550, #1470, #1399, #1017 ) ) ;
#1738 = CARTESIAN_POINT ( 'NONE',  ( 13.09999999999999964, 2.182266827280790356, 5.773579458367407824 ) ) ;
#1739 = CARTESIAN_POINT ( 'NONE',  ( 13.71313055000760528, -5.186869449992446590, -2.000000000000000000 ) ) ;
#1740 = AXIS2_PLACEMENT_3D ( 'NONE', #374, #1516, #97 ) ;
#1741 = EDGE_CURVE ( 'NONE', #3628, #1381, #2339, .T. ) ;
#1742 = CARTESIAN_POINT ( 'NONE',  ( 0.000000000000000000, 0.000000000000000000, 5.523072258617638397 ) ) ;
#1743 = ORIENTED_EDGE ( 'NONE', *, *, #78, .F. ) ;
#1744 = ADVANCED_FACE ( 'NONE', ( #1146, #308 ), #12, .T. ) ;
#1745 = CARTESIAN_POINT ( 'NONE',  ( 12.30000000000000071, -1.820969194338324160, 6.090132639966193473 ) ) ;
#1746 = CARTESIAN_POINT ( 'NONE',  ( -0.3999999999999999667, 2.182283254615324797, 5.773529692572011207 ) ) ;
#1747 = EDGE_LOOP ( 'NONE', ( #1614, #2267, #1428, #2232, #2539, #1663 ) ) ;
#1748 = CARTESIAN_POINT ( 'NONE',  ( 12.54999999999999716, 0.000000000000000000, -2.000000000000000000 ) ) ;
#1749 = CARTESIAN_POINT ( 'NONE',  ( 13.09999999999999964, 2.197165962000669381, 5.495012552331536959 ) ) ;
#1750 = DIRECTION ( 'NONE',  ( -1.000000000000000000, 0.000000000000000000, 0.000000000000000000 ) ) ;
#1751 = CARTESIAN_POINT ( 'NONE',  ( -3.099999999999968114, 3.100000000000000533, 0.000000000000000000 ) ) ;
#1752 = CIRCLE ( 'NONE', #3508, 3.175000000000000711 ) ;
#1753 = VERTEX_POINT ( 'NONE', #3080 ) ;
#1754 = VERTEX_POINT ( 'NONE', #1165 ) ;
#1755 = ORIENTED_EDGE ( 'NONE', *, *, #1545, .T. ) ;
#1756 = DIRECTION ( 'NONE',  ( -0.7071067811865475727, -0.000000000000000000, -0.7071067811865475727 ) ) ;
#1757 = ORIENTED_EDGE ( 'NONE', *, *, #2925, .F. ) ;
#1758 = DIRECTION ( 'NONE',  ( -0.000000000000000000, 1.000000000000000000, -0.000000000000000000 ) ) ;
#1759 = TOROIDAL_SURFACE ( 'NONE', #1524, 1.554966049364602254, 0.7500000000000000000 ) ;
#1760 = EDGE_CURVE ( 'NONE', #680, #228, #3406, .T. ) ;
#1761 = ORIENTED_EDGE ( 'NONE', *, *, #60, .T. ) ;
#1762 = ADVANCED_FACE ( 'NONE', ( #838 ), #1692, .F. ) ;
#1763 = DIRECTION ( 'NONE',  ( -0.000000000000000000, -1.000000000000000000, -0.000000000000000000 ) ) ;
#1764 = DIRECTION ( 'NONE',  ( 0.7071067811865474617, 0.000000000000000000, 0.7071067811865474617 ) ) ;
#1765 = DIRECTION ( 'NONE',  ( 0.000000000000000000, 0.000000000000000000, 1.000000000000000000 ) ) ;
#1766 = EDGE_CURVE ( 'NONE', #499, #3478, #51, .T. ) ;
#1767 = CARTESIAN_POINT ( 'NONE',  ( 1.149999999999997469, -32.54999999999999716, -19.04999999999999716 ) ) ;
#1768 = VECTOR ( 'NONE', #2439, 1000.000000000000000 ) ;
#1769 = ORIENTED_EDGE ( 'NONE', *, *, #1817, .F. ) ;
#1770 = CARTESIAN_POINT ( 'NONE',  ( 13.09999999999999964, 2.081805041010027946, 5.906940355987363667 ) ) ;
#1771 = CARTESIAN_POINT ( 'NONE',  ( 0.000000000000000000, 0.000000000000000000, 5.523072258617638397 ) ) ;
#1772 = LINE ( 'NONE', #2641, #3382 ) ;
#1773 = AXIS2_PLACEMENT_3D ( 'NONE', #1660, #3301, #1585 ) ;
#1774 = VERTEX_POINT ( 'NONE', #1979 ) ;
#1775 = CARTESIAN_POINT ( 'NONE',  ( 6.349999999999996092, -6.201024999999999565, -16.94999999999999929 ) ) ;
#1776 = CARTESIAN_POINT ( 'NONE',  ( 10.00441558772842576, -4.175000000000008704, -12.69999999999999929 ) ) ;
#1777 = EDGE_LOOP ( 'NONE', ( #3191, #2788, #1994, #1945 ) ) ;
#1778 = COORDINATED_UNIVERSAL_TIME_OFFSET ( 6, 0, .BEHIND. ) ;
#1779 = ORIENTED_EDGE ( 'NONE', *, *, #1364, .F. ) ;
#1780 = PLANE ( 'NONE',  #3232 ) ;
#1781 = EDGE_CURVE ( 'NONE', #1340, #2881, #612, .T. ) ;
#1782 = DIRECTION ( 'NONE',  ( 0.000000000000000000, 0.000000000000000000, 1.000000000000000000 ) ) ;
#1783 = CARTESIAN_POINT ( 'NONE',  ( 6.349999999999996092, -2.175000000000000711, -3.174999999999998490 ) ) ;
#1784 = EDGE_CURVE ( 'NONE', #2948, #3158, #1694, .T. ) ;
#1785 = EDGE_CURVE ( 'NONE', #570, #3006, #804, .T. ) ;
#1786 = CARTESIAN_POINT ( 'NONE',  ( 1.149999999999997247, -32.54999999999999716, -2.000000000000000000 ) ) ;
#1787 = DIRECTION ( 'NONE',  ( 0.000000000000000000, 0.000000000000000000, 1.000000000000000000 ) ) ;
#1788 = PLANE ( 'NONE',  #1789 ) ;
#1789 = AXIS2_PLACEMENT_3D ( 'NONE', #2038, #94, #300 ) ;
#1790 = ORIENTED_EDGE ( 'NONE', *, *, #2229, .F. ) ;
#1791 = CARTESIAN_POINT ( 'NONE',  ( 0.3999999999999999667, -2.061552812808830293, 5.139000000000001123 ) ) ;
#1792 = ORIENTED_EDGE ( 'NONE', *, *, #2708, .F. ) ;
#1793 = PERSON_AND_ORGANIZATION ( #3562, #2121 ) ;
#1794 = ORIENTED_EDGE ( 'NONE', *, *, #504, .F. ) ;
#1795 = CARTESIAN_POINT ( 'NONE',  ( 13.09999999999999964, -1.663407726524675834, 6.138999999999999346 ) ) ;
#1796 = CARTESIAN_POINT ( 'NONE',  ( 11.54999999999999538, -6.200000000000001066, -11.15441558772842967 ) ) ;
#1797 = EDGE_CURVE ( 'NONE', #2413, #3085, #1278, .T. ) ;
#1798 = DIRECTION ( 'NONE',  ( -0.7071067811865473507, 0.000000000000000000, 0.7071067811865477948 ) ) ;
#1799 = DIRECTION ( 'NONE',  ( 0.000000000000000000, 0.000000000000000000, 1.000000000000000000 ) ) ;
#1800 = VECTOR ( 'NONE', #1080, 1000.000000000000000 ) ;
#1801 = EDGE_CURVE ( 'NONE', #3550, #3628, #684, .T. ) ;
#1802 = CARTESIAN_POINT ( 'NONE',  ( 15.79999999999996696, 3.100000000000000089, -25.25099999999999767 ) ) ;
#1803 = CARTESIAN_POINT ( 'NONE',  ( 1.149999999999997247, -32.54999999999999716, -2.000000000000000000 ) ) ;
#1804 = VERTEX_POINT ( 'NONE', #2336 ) ;
#1805 = EDGE_CURVE ( 'NONE', #3025, #2221, #29, .T. ) ;
#1806 = VECTOR ( 'NONE', #1798, 1000.000000000000000 ) ;
#1807 = CARTESIAN_POINT ( 'NONE',  ( 2.695584412271567754, -6.200000000000001066, -12.69999999999999929 ) ) ;
#1808 = VERTEX_POINT ( 'NONE', #2914 ) ;
#1809 = AXIS2_PLACEMENT_3D ( 'NONE', #3185, #656, #1270 ) ;
#1810 = VERTEX_POINT ( 'NONE', #2386 ) ;
#1811 = ORIENTED_EDGE ( 'NONE', *, *, #1240, .T. ) ;
#1812 = CYLINDRICAL_SURFACE ( 'NONE', #2415, 3.175000000000000711 ) ;
#1813 = DIRECTION ( 'NONE',  ( -0.000000000000000000, -0.000000000000000000, 1.000000000000000000 ) ) ;
#1814 = VECTOR ( 'NONE', #3393, 1000.000000000000114 ) ;
#1815 = CARTESIAN_POINT ( 'NONE',  ( 6.349999999999996092, -0.8890000000000000124, -6.349999999999999645 ) ) ;
#1816 = DIRECTION ( 'NONE',  ( -0.000000000000000000, -0.000000000000000000, -1.000000000000000000 ) ) ;
#1817 = EDGE_CURVE ( 'NONE', #1596, #539, #85, .T. ) ;
#1818 = ORIENTED_EDGE ( 'NONE', *, *, #3407, .F. ) ;
#1819 = VECTOR ( 'NONE', #2029, 1000.000000000000000 ) ;
#1820 = CARTESIAN_POINT ( 'NONE',  ( 6.349999999999996092, -5.460999999999999410, -4.250000000000000000 ) ) ;
#1821 = DIRECTION ( 'NONE',  ( 0.000000000000000000, 1.000000000000000000, 0.000000000000000000 ) ) ;
#1822 = DIRECTION ( 'NONE',  ( -1.084202172485504434E-16, 0.000000000000000000, -1.000000000000000000 ) ) ;
#1823 = EDGE_CURVE ( 'NONE', #2859, #3340, #1555, .T. ) ;
#1824 = VECTOR ( 'NONE', #1710, 1000.000000000000000 ) ;
#1825 = ORIENTED_EDGE ( 'NONE', *, *, #2546, .T. ) ;
#1826 = CIRCLE ( 'NONE', #1130, 2.299999999999999822 ) ;
#1827 = FACE_OUTER_BOUND ( 'NONE', #3197, .T. ) ;
#1828 = B_SPLINE_CURVE_WITH_KNOTS ( 'NONE', 3,
 ( #104, #2030, #1523, #1253 ),
 .UNSPECIFIED., .F., .F.,
 ( 4, 4 ),
 ( 0.007647354141962974666, 0.007869202712918558010 ),
 .UNSPECIFIED. ) ;
#1829 = CARTESIAN_POINT ( 'NONE',  ( 0.4000000000000001887, 2.264950330581225302, 5.523072258617638397 ) ) ;
#1830 = EDGE_CURVE ( 'NONE', #1325, #3563, #202, .T. ) ;
#1831 = EDGE_LOOP ( 'NONE', ( #1119, #2478, #3660, #2908 ) ) ;
#1832 = DIRECTION ( 'NONE',  ( 0.000000000000000000, 0.000000000000000000, 1.000000000000000000 ) ) ;
#1833 = DIRECTION ( 'NONE',  ( 8.498099535558871850E-18, 0.000000000000000000, 1.000000000000000000 ) ) ;
#1834 = AXIS2_PLACEMENT_3D ( 'NONE', #751, #161, #2449 ) ;
#1835 = ORIENTED_EDGE ( 'NONE', *, *, #1208, .F. ) ;
#1836 = DIRECTION ( 'NONE',  ( 0.000000000000000000, 1.000000000000000000, 0.000000000000000000 ) ) ;
#1837 = CARTESIAN_POINT ( 'NONE',  ( 13.09999999999999964, 2.264950330581225746, 5.523072258617638397 ) ) ;
#1838 = VERTEX_POINT ( 'NONE', #957 ) ;
#1839 = DIRECTION ( 'NONE',  ( -0.7071067811865472397, 0.000000000000000000, 0.7071067811865479058 ) ) ;
#1840 = LINE ( 'NONE', #2923, #1199 ) ;
#1841 = EDGE_CURVE ( 'NONE', #488, #1596, #2287, .T. ) ;
#1842 = LINE ( 'NONE', #1954, #2962 ) ;
#1843 = DIRECTION ( 'NONE',  ( -0.000000000000000000, 1.000000000000000000, -0.000000000000000000 ) ) ;
#1844 = EDGE_CURVE ( 'NONE', #228, #2276, #3231, .T. ) ;
#1845 = ORIENTED_EDGE ( 'NONE', *, *, #2274, .T. ) ;
#1846 = CARTESIAN_POINT ( 'NONE',  ( 1.149999999999997247, -0.1999999999999996503, -11.15441558772842967 ) ) ;
#1847 = LINE ( 'NONE', #452, #2397 ) ;
#1848 = ORIENTED_EDGE ( 'NONE', *, *, #2592, .T. ) ;
#1849 = CARTESIAN_POINT ( 'NONE',  ( 6.349999999999996092, -0.8890000000000000124, -9.525000000000000355 ) ) ;
#1850 = CARTESIAN_POINT ( 'NONE',  ( 6.349999999999996092, -5.460999999999999410, -22.22499999999999787 ) ) ;
#1851 = DIRECTION ( 'NONE',  ( -0.7071067811865474617, 0.000000000000000000, 0.7071067811865474617 ) ) ;
#1852 = DIRECTION ( 'NONE',  ( 0.000000000000000000, 0.000000000000000000, 1.000000000000000000 ) ) ;
#1853 = ORIENTED_EDGE ( 'NONE', *, *, #2343, .F. ) ;
#1854 = CARTESIAN_POINT ( 'NONE',  ( 0.000000000000000000, 0.000000000000000000, 5.438999999999999169 ) ) ;
#1855 = CARTESIAN_POINT ( 'NONE',  ( 6.349999999999996092, -0.8890000000000000124, -19.04999999999999716 ) ) ;
#1856 = PRODUCT_DEFINITION_SHAPE ( 'NONE', 'NONE',  #3241 ) ;
#1857 = FACE_OUTER_BOUND ( 'NONE', #3653, .T. ) ;
#1858 = CYLINDRICAL_SURFACE ( 'NONE', #915, 3.175000000000001155 ) ;
#1859 = CARTESIAN_POINT ( 'NONE',  ( 6.349999999999996092, -5.460999999999999410, -6.349999999999999645 ) ) ;
#1860 = ORIENTED_EDGE ( 'NONE', *, *, #3045, .T. ) ;
#1861 = ORIENTED_EDGE ( 'NONE', *, *, #1603, .F. ) ;
#1862 = CIRCLE ( 'NONE', #3345, 2.299999999999999822 ) ;
#1863 = DIRECTION ( 'NONE',  ( 0.000000000000000000, 0.000000000000000000, 1.000000000000000000 ) ) ;
#1864 = CYLINDRICAL_SURFACE ( 'NONE', #865, 3.175000000000000711 ) ;
#1865 = EDGE_CURVE ( 'NONE', #703, #1268, #397, .T. ) ;
#1866 = CONICAL_SURFACE ( 'NONE', #1931, 2.299999999999999822, 0.3141592653589760364 ) ;
#1867 = ORIENTED_EDGE ( 'NONE', *, *, #2725, .F. ) ;
#1868 = CARTESIAN_POINT ( 'NONE',  ( 12.69999999999999929, 0.000000000000000000, 6.138999999999998458 ) ) ;
#1869 = LINE ( 'NONE', #2997, #1056 ) ;
#1870 = FACE_OUTER_BOUND ( 'NONE', #310, .T. ) ;
#1871 = VECTOR ( 'NONE', #2904, 1000.000000000000000 ) ;
#1872 = FACE_OUTER_BOUND ( 'NONE', #830, .T. ) ;
#1873 = EDGE_CURVE ( 'NONE', #2629, #89, #992, .T. ) ;
#1874 = VECTOR ( 'NONE', #862, 1000.000000000000000 ) ;
#1875 = CARTESIAN_POINT ( 'NONE',  ( 6.349999999999996092, -6.201024999999999565, -6.349999999999999645 ) ) ;
#1876 = CARTESIAN_POINT ( 'NONE',  ( 12.30000000000000249, 1.663407726524675834, 6.138999999999999346 ) ) ;
#1877 = ORIENTED_EDGE ( 'NONE', *, *, #763, .T. ) ;
#1878 = DIRECTION ( 'NONE',  ( 8.498099535558871850E-18, 0.000000000000000000, 1.000000000000000000 ) ) ;
#1879 = LINE ( 'NONE', #1919, #3056 ) ;
#1880 = VERTEX_POINT ( 'NONE', #3200 ) ;
#1881 = VECTOR ( 'NONE', #3331, 999.9999999999998863 ) ;
#1882 = ORIENTED_EDGE ( 'NONE', *, *, #1087, .T. ) ;
#1883 = EDGE_CURVE ( 'NONE', #2881, #1753, #1537, .T. ) ;
#1884 = LINE ( 'NONE', #3326, #2770 ) ;
#1885 = CARTESIAN_POINT ( 'NONE',  ( -3.174999999999999822, 3.888253587292846081E-16, 0.000000000000000000 ) ) ;
#1886 = ORIENTED_EDGE ( 'NONE', *, *, #1538, .F. ) ;
#1887 = DIRECTION ( 'NONE',  ( 1.000000000000000000, 0.000000000000000000, 0.000000000000000000 ) ) ;
#1888 = DIRECTION ( 'NONE',  ( 8.115498896123167176E-15, 0.000000000000000000, 1.000000000000000000 ) ) ;
#1889 = EDGE_CURVE ( 'NONE', #3158, #2948, #935, .T. ) ;
#1890 = CARTESIAN_POINT ( 'NONE',  ( 9.524999999999998579, 3.888253587292846081E-16, 0.000000000000000000 ) ) ;
#1891 = PLANE ( 'NONE',  #846 ) ;
#1892 = VERTEX_POINT ( 'NONE', #669 ) ;
#1893 = DIRECTION ( 'NONE',  ( -0.000000000000000000, 1.000000000000000000, -0.000000000000000000 ) ) ;
#1894 = DIRECTION ( 'NONE',  ( -0.7071067811865473507, 0.000000000000000000, 0.7071067811865477948 ) ) ;
#1895 = EDGE_CURVE ( 'NONE', #228, #1105, #2951, .T. ) ;
#1896 = ORIENTED_EDGE ( 'NONE', *, *, #3494, .F. ) ;
#1897 = VERTEX_POINT ( 'NONE', #2668 ) ;
#1898 = CARTESIAN_POINT ( 'NONE',  ( 0.7206315775864680084, -3.174999999999999822, 5.138999999999997570 ) ) ;
#1899 = FACE_BOUND ( 'NONE', #49, .T. ) ;
#1900 = VERTEX_POINT ( 'NONE', #118 ) ;
#1901 = ORIENTED_EDGE ( 'NONE', *, *, #428, .F. ) ;
#1902 = FACE_OUTER_BOUND ( 'NONE', #604, .T. ) ;
#1903 = DIRECTION ( 'NONE',  ( 0.000000000000000000, 1.000000000000000000, 0.000000000000000000 ) ) ;
#1904 = ORIENTED_EDGE ( 'NONE', *, *, #3159, .F. ) ;
#1905 = ORIENTED_EDGE ( 'NONE', *, *, #3041, .F. ) ;
#1906 = PLANE ( 'NONE',  #626 ) ;
#1907 = CARTESIAN_POINT ( 'NONE',  ( 6.349999999999996092, -0.8890000000000000124, -21.14999999999999503 ) ) ;
#1908 = CIRCLE ( 'NONE', #1265, 3.175000000000000711 ) ;
#1909 = FACE_OUTER_BOUND ( 'NONE', #1542, .T. ) ;
#1910 = DIRECTION ( 'NONE',  ( -0.7071067811865477948, 0.000000000000000000, -0.7071067811865473507 ) ) ;
#1911 = VERTEX_POINT ( 'NONE', #1266 ) ;
#1912 = DIRECTION ( 'NONE',  ( 1.000000000000000000, 0.000000000000000000, 0.000000000000000000 ) ) ;
#1913 = DIRECTION ( 'NONE',  ( -0.7071067811865477948, 0.000000000000000000, -0.7071067811865473507 ) ) ;
#1914 = LOCAL_TIME ( 14, 7, 27.00000000000000000, #1977 ) ;
#1915 = EDGE_CURVE ( 'NONE', #2859, #2384, #1828, .T. ) ;
#1916 = ORIENTED_EDGE ( 'NONE', *, *, #1741, .F. ) ;
#1917 = ORIENTED_EDGE ( 'NONE', *, *, #2648, .F. ) ;
#1918 = DIRECTION ( 'NONE',  ( -0.000000000000000000, -1.000000000000000000, -0.000000000000000000 ) ) ;
#1919 = CARTESIAN_POINT ( 'NONE',  ( -0.7206315775864664541, -3.174999999999999822, 5.138999999999997570 ) ) ;
#1920 = EDGE_CURVE ( 'NONE', #2285, #3042, #2049, .T. ) ;
#1921 = ADVANCED_FACE ( 'NONE', ( #632 ), #345, .T. ) ;
#1922 = CARTESIAN_POINT ( 'NONE',  ( 12.30000000000000071, -1.502637486114517751, 6.138999999999998458 ) ) ;
#1923 = DIRECTION ( 'NONE',  ( -0.000000000000000000, -0.000000000000000000, 1.000000000000000000 ) ) ;
#1924 = ORIENTED_EDGE ( 'NONE', *, *, #1509, .T. ) ;
#1925 = DIRECTION ( 'NONE',  ( 0.000000000000000000, -0.000000000000000000, -1.000000000000000000 ) ) ;
#1926 = CARTESIAN_POINT ( 'NONE',  ( 2.978334981051646402, 6.200000000000000178, -25.25099999999999767 ) ) ;
#1927 = CARTESIAN_POINT ( 'NONE',  ( 0.4000000000000001887, -2.232710535457612888, 5.620762745781209269 ) ) ;
#1928 = VECTOR ( 'NONE', #1833, 1000.000000000000000 ) ;
#1929 = ORIENTED_EDGE ( 'NONE', *, *, #504, .T. ) ;
#1930 = CARTESIAN_POINT ( 'NONE',  ( 0.000000000000000000, 0.000000000000000000, 5.438999999999999169 ) ) ;
#1931 = AXIS2_PLACEMENT_3D ( 'NONE', #2373, #1494, #977 ) ;
#1932 = CARTESIAN_POINT ( 'NONE',  ( -46.09198539317073084, -2.174999999999994049, -61.48756980544227702 ) ) ;
#1933 = EDGE_CURVE ( 'NONE', #1497, #2221, #2618, .T. ) ;
#1934 = CIRCLE ( 'NONE', #3174, 1.554966049364602254 ) ;
#1935 = ORIENTED_EDGE ( 'NONE', *, *, #1142, .F. ) ;
#1936 = ORIENTED_EDGE ( 'NONE', *, *, #410, .T. ) ;
#1937 = EDGE_CURVE ( 'NONE', #539, #2276, #2633, .T. ) ;
#1938 = LINE ( 'NONE', #224, #3554 ) ;
#1939 = DIRECTION ( 'NONE',  ( 0.000000000000000000, 0.000000000000000000, -1.000000000000000000 ) ) ;
#1940 = ORIENTED_EDGE ( 'NONE', *, *, #1011, .T. ) ;
#1941 = TOROIDAL_SURFACE ( 'NONE', #1188, 1.554966049364602254, 0.7500000000000000000 ) ;
#1942 = DIRECTION ( 'NONE',  ( 0.000000000000000000, 0.000000000000000000, 1.000000000000000000 ) ) ;
#1943 = DIRECTION ( 'NONE',  ( 1.000000000000000000, 0.000000000000000000, 0.000000000000000000 ) ) ;
#1944 = EDGE_CURVE ( 'NONE', #3233, #1964, #2737, .T. ) ;
#1945 = ORIENTED_EDGE ( 'NONE', *, *, #2961, .F. ) ;
#1946 = ORIENTED_EDGE ( 'NONE', *, *, #1178, .F. ) ;
#1947 = MECHANICAL_CONTEXT ( 'NONE', #37, 'mechanical' ) ;
#1948 = ORIENTED_EDGE ( 'NONE', *, *, #763, .F. ) ;
#1949 = CARTESIAN_POINT ( 'NONE',  ( 12.69999999999999929, 0.000000000000000000, 0.8890000000000009006 ) ) ;
#1950 = CIRCLE ( 'NONE', #2600, 4.384062043356594884 ) ;
#1951 = CARTESIAN_POINT ( 'NONE',  ( -0.3999999999999999667, 2.232710535457612888, 5.620762745781209269 ) ) ;
#1952 = ORIENTED_EDGE ( 'NONE', *, *, #2580, .T. ) ;
#1953 = VERTEX_POINT ( 'NONE', #2757 ) ;
#1954 = CARTESIAN_POINT ( 'NONE',  ( 11.54999999999999361, -2.175000000000001155, -101.3795551986130192 ) ) ;
#1955 = LINE ( 'NONE', #3615, #3349 ) ;
#1956 = ADVANCED_FACE ( 'NONE', ( #3310 ), #799, .T. ) ;
#1957 = EDGE_LOOP ( 'NONE', ( #1743, #2294, #1757, #2744 ) ) ;
#1958 = LINE ( 'NONE', #24, #3421 ) ;
#1959 = ADVANCED_FACE ( 'NONE', ( #1064 ), #2182, .F. ) ;
#1960 = ORIENTED_EDGE ( 'NONE', *, *, #1041, .F. ) ;
#1961 = ORIENTED_EDGE ( 'NONE', *, *, #1623, .F. ) ;
#1962 = DIRECTION ( 'NONE',  ( -0.7071067811865504593, 0.7071067811865445751, 0.000000000000000000 ) ) ;
#1963 = CARTESIAN_POINT ( 'NONE',  ( 0.000000000000000000, 0.000000000000000000, 0.8890000000000009006 ) ) ;
#1964 = VERTEX_POINT ( 'NONE', #1301 ) ;
#1965 = AXIS2_PLACEMENT_3D ( 'NONE', #3140, #2058, #1513 ) ;
#1966 = LINE ( 'NONE', #309, #270 ) ;
#1967 = ORIENTED_EDGE ( 'NONE', *, *, #2025, .T. ) ;
#1968 = EDGE_LOOP ( 'NONE', ( #1591, #3132, #3181, #2690 ) ) ;
#1969 = ORIENTED_EDGE ( 'NONE', *, *, #3555, .T. ) ;
#1970 = FACE_OUTER_BOUND ( 'NONE', #333, .T. ) ;
#1971 = LINE ( 'NONE', #1154, #1408 ) ;
#1972 = ORIENTED_EDGE ( 'NONE', *, *, #1398, .F. ) ;
#1973 = DIRECTION ( 'NONE',  ( 0.000000000000000000, 1.000000000000000000, 0.000000000000000000 ) ) ;
#1974 = DIRECTION ( 'NONE',  ( 0.7071067811865440200, -0.7071067811865511255, 0.000000000000000000 ) ) ;
#1975 = VECTOR ( 'NONE', #2420, 999.9999999999998863 ) ;
#1976 = ORIENTED_EDGE ( 'NONE', *, *, #2821, .T. ) ;
#1977 = COORDINATED_UNIVERSAL_TIME_OFFSET ( 6, 0, .BEHIND. ) ;
#1978 = CARTESIAN_POINT ( 'NONE',  ( 14.25496604936460265, 0.000000000000000000, 5.389000000000001123 ) ) ;
#1979 = CARTESIAN_POINT ( 'NONE',  ( 13.19809734904587195, 2.040073290564206943, 2.595422128626172054 ) ) ;
#1980 = EDGE_CURVE ( 'NONE', #3340, #2595, #1514, .T. ) ;
#1981 = EDGE_CURVE ( 'NONE', #3042, #3599, #1083, .T. ) ;
#1982 = ORIENTED_EDGE ( 'NONE', *, *, #2392, .F. ) ;
#1983 = DIRECTION ( 'NONE',  ( 0.000000000000000000, 0.000000000000000000, 1.000000000000000000 ) ) ;
#1984 = CARTESIAN_POINT ( 'NONE',  ( 12.69999999999999929, 0.000000000000000000, 5.523072258617638397 ) ) ;
#1985 = AXIS2_PLACEMENT_3D ( 'NONE', #2579, #2317, #3431 ) ;
#1986 = EDGE_CURVE ( 'NONE', #629, #2687, #3250, .T. ) ;
#1987 = ORIENTED_EDGE ( 'NONE', *, *, #2884, .F. ) ;
#1988 = VECTOR ( 'NONE', #1003, 1000.000000000000000 ) ;
#1989 = ORIENTED_EDGE ( 'NONE', *, *, #1280, .F. ) ;
#1990 = ORIENTED_EDGE ( 'NONE', *, *, #1087, .F. ) ;
#1991 = DIRECTION ( 'NONE',  ( 1.000000000000000000, 0.000000000000000000, 0.000000000000000000 ) ) ;
#1992 = CONICAL_SURFACE ( 'NONE', #1706, 2.100000000000000089, 1.172861257340199304 ) ;
#1993 = CARTESIAN_POINT ( 'NONE',  ( -0.1233449203368002373, -2.100009524403047223, 2.138959997505216926 ) ) ;
#1994 = ORIENTED_EDGE ( 'NONE', *, *, #3435, .T. ) ;
#1995 = LINE ( 'NONE', #1728, #453 ) ;
#1996 = ORIENTED_EDGE ( 'NONE', *, *, #407, .T. ) ;
#1997 = APPLICATION_PROTOCOL_DEFINITION ( 'international standard', 'config_control_design', 1994, #37 ) ;
#1998 = B_SPLINE_CURVE_WITH_KNOTS ( 'NONE', 3,
 ( #3094, #551, #290, #3479 ),
 .UNSPECIFIED., .F., .F.,
 ( 4, 4 ),
 ( 0.003655977453372196047, 0.003758849537120531516 ),
 .UNSPECIFIED. ) ;
#1999 = DIRECTION ( 'NONE',  ( 1.000000000000000000, -0.000000000000000000, 0.000000000000000000 ) ) ;
#2000 = DIRECTION ( 'NONE',  ( 0.000000000000000000, 0.000000000000000000, 1.000000000000000000 ) ) ;
#2001 = VECTOR ( 'NONE', #426, 1000.000000000000000 ) ;
#2002 = ADVANCED_FACE ( 'NONE', ( #781 ), #1864, .T. ) ;
#2003 = AXIS2_PLACEMENT_3D ( 'NONE', #1605, #1327, #275 ) ;
#2004 = CARTESIAN_POINT ( 'NONE',  ( 6.349999999999996092, -6.201024999999999565, -19.04999999999999716 ) ) ;
#2005 = ORIENTED_EDGE ( 'NONE', *, *, #22, .F. ) ;
#2006 = EDGE_CURVE ( 'NONE', #1275, #2312, #1847, .T. ) ;
#2007 = ORIENTED_EDGE ( 'NONE', *, *, #3435, .F. ) ;
#2008 = ORIENTED_EDGE ( 'NONE', *, *, #1920, .F. ) ;
#2009 = FACE_BOUND ( 'NONE', #1096, .T. ) ;
#2010 = AXIS2_PLACEMENT_3D ( 'NONE', #772, #3024, #200 ) ;
#2011 = ORIENTED_EDGE ( 'NONE', *, *, #2392, .T. ) ;
#2012 = DIRECTION ( 'NONE',  ( -1.000000000000000000, 0.000000000000000000, -3.635732195710287636E-17 ) ) ;
#2013 = ORIENTED_EDGE ( 'NONE', *, *, #2902, .F. ) ;
#2014 = FACE_BOUND ( 'NONE', #466, .T. ) ;
#2015 = CARTESIAN_POINT ( 'NONE',  ( 6.349999999999996092, -5.460999999999999410, -6.349999999999999645 ) ) ;
#2016 = DIRECTION ( 'NONE',  ( -0.000000000000000000, -1.000000000000000000, -0.000000000000000000 ) ) ;
#2017 = DIRECTION ( 'NONE',  ( 1.036687336241119596E-16, 1.000000000000000000, 0.000000000000000000 ) ) ;
#2018 = VERTEX_POINT ( 'NONE', #2480 ) ;
#2019 = ORIENTED_EDGE ( 'NONE', *, *, #2136, .F. ) ;
#2020 = CARTESIAN_POINT ( 'NONE',  ( 13.10000000000000142, 1.820969194338324382, 6.090132639966193473 ) ) ;
#2021 = CARTESIAN_POINT ( 'NONE',  ( 0.000000000000000000, 0.000000000000000000, 6.138999999999998458 ) ) ;
#2022 = VECTOR ( 'NONE', #1354, 1000.000000000000000 ) ;
#2023 = FACE_OUTER_BOUND ( 'NONE', #101, .T. ) ;
#2024 = CARTESIAN_POINT ( 'NONE',  ( 13.18717986391388131, -2.042738866564660416, 2.470634702552896744 ) ) ;
#2025 = EDGE_CURVE ( 'NONE', #1275, #176, #1338, .T. ) ;
#2026 = ORIENTED_EDGE ( 'NONE', *, *, #478, .F. ) ;
#2027 = CARTESIAN_POINT ( 'NONE',  ( -0.3999999999999999667, -3.174999999999999822, 5.139000000000001123 ) ) ;
#2028 = ORIENTED_EDGE ( 'NONE', *, *, #114, .F. ) ;
#2029 = DIRECTION ( 'NONE',  ( -0.000000000000000000, -0.000000000000000000, -1.000000000000000000 ) ) ;
#2030 = CARTESIAN_POINT ( 'NONE',  ( 12.30000000000000071, 2.129368205736810182, 5.466985055468133403 ) ) ;
#2031 = DIRECTION ( 'NONE',  ( 0.9218631515885042926, 0.000000000000000000, 0.3875155864520939408 ) ) ;
#2032 = DIRECTION ( 'NONE',  ( 1.000000000000000000, 0.000000000000000000, 0.000000000000000000 ) ) ;
#2033 = ORIENTED_EDGE ( 'NONE', *, *, #3471, .T. ) ;
#2034 = ORIENTED_EDGE ( 'NONE', *, *, #1142, .T. ) ;
#2035 = VECTOR ( 'NONE', #2684, 999.9999999999998863 ) ;
#2036 = ADVANCED_FACE ( 'NONE', ( #3055 ), #2200, .F. ) ;
#2037 = EDGE_LOOP ( 'NONE', ( #1967, #658, #3036, #65 ) ) ;
#2038 = CARTESIAN_POINT ( 'NONE',  ( 12.54999999999999716, -32.54999999999999716, -19.04999999999999716 ) ) ;
#2039 = CIRCLE ( 'NONE', #205, 3.175000000000000711 ) ;
#2040 = EDGE_CURVE ( 'NONE', #1897, #638, #427, .T. ) ;
#2041 = VERTEX_POINT ( 'NONE', #2143 ) ;
#2042 = AXIS2_PLACEMENT_3D ( 'NONE', #828, #2215, #3069 ) ;
#2043 = LINE ( 'NONE', #2027, #555 ) ;
#2044 = AXIS2_PLACEMENT_3D ( 'NONE', #1192, #41, #2249 ) ;
#2045 = DATE_TIME_ROLE ( 'classification_date' ) ;
#2046 = ORIENTED_EDGE ( 'NONE', *, *, #2943, .F. ) ;
#2047 = CARTESIAN_POINT ( 'NONE',  ( 13.09999999999999964, -2.232710535457612888, 5.620762745781209269 ) ) ;
#2048 = EDGE_CURVE ( 'NONE', #1561, #3641, #738, .T. ) ;
#2049 = LINE ( 'NONE', #2407, #3411 ) ;
#2050 = VECTOR ( 'NONE', #3133, 1000.000000000000000 ) ;
#2051 = B_SPLINE_CURVE_WITH_KNOTS ( 'NONE', 3,
 ( #3263, #485, #1296, #3303 ),
 .UNSPECIFIED., .F., .F.,
 ( 4, 4 ),
 ( 0.003029541235337105884, 0.003249628748158705192 ),
 .UNSPECIFIED. ) ;
#2052 = LINE ( 'NONE', #2069, #685 ) ;
#2053 = CARTESIAN_POINT ( 'NONE',  ( 13.09999999999999964, -2.061552812808830293, 5.438999999999999169 ) ) ;
#2054 = DIRECTION ( 'NONE',  ( 0.000000000000000000, 1.000000000000000000, 0.000000000000000000 ) ) ;
#2055 = ORIENTED_EDGE ( 'NONE', *, *, #1074, .T. ) ;
#2056 = DIRECTION ( 'NONE',  ( 0.7071067811865479058, 0.000000000000000000, 0.7071067811865472397 ) ) ;
#2057 = DIRECTION ( 'NONE',  ( 0.000000000000000000, 0.000000000000000000, 1.000000000000000000 ) ) ;
#2058 = DIRECTION ( 'NONE',  ( 0.000000000000000000, -1.000000000000000000, 0.000000000000000000 ) ) ;
#2059 = VERTEX_POINT ( 'NONE', #3288 ) ;
#2060 = CARTESIAN_POINT ( 'NONE',  ( 12.69999999999999929, -3.174999999999998934, 2.638999999999998902 ) ) ;
#2061 = DIRECTION ( 'NONE',  ( 4.513357151095771785E-17, 0.000000000000000000, -1.000000000000000000 ) ) ;
#2062 = CONICAL_SURFACE ( 'NONE', #3077, 2.299999999999999822, 0.3141592653589760364 ) ;
#2063 = EDGE_CURVE ( 'NONE', #176, #2225, #762, .T. ) ;
#2064 = ORIENTED_EDGE ( 'NONE', *, *, #3336, .F. ) ;
#2065 = ORIENTED_EDGE ( 'NONE', *, *, #1351, .F. ) ;
#2066 = DIRECTION ( 'NONE',  ( 1.000000000000000000, 0.000000000000000000, -1.084202172485504434E-16 ) ) ;
#2067 = DIRECTION ( 'NONE',  ( 0.000000000000000000, 1.000000000000000000, 0.000000000000000000 ) ) ;
#2068 = EDGE_CURVE ( 'NONE', #3085, #3091, #272, .T. ) ;
#2069 = CARTESIAN_POINT ( 'NONE',  ( 15.79999999999996696, 3.100000000000000089, 0.000000000000000000 ) ) ;
#2070 = CARTESIAN_POINT ( 'NONE',  ( -2.299999999999999822, 0.000000000000000000, 5.523072258617638397 ) ) ;
#2071 = CARTESIAN_POINT ( 'NONE',  ( 0.000000000000000000, 0.000000000000000000, 5.438999999999999169 ) ) ;
#2072 = ORIENTED_EDGE ( 'NONE', *, *, #3027, .T. ) ;
#2073 = ADVANCED_FACE ( 'NONE', ( #1158 ), #3047, .T. ) ;
#2074 = CARTESIAN_POINT ( 'NONE',  ( -6.199999999999999289, -0.1999999999999996503, -2.000000000000000000 ) ) ;
#2075 = CARTESIAN_POINT ( 'NONE',  ( 1.554966049364602254, 0.000000000000000000, 6.138999999999998458 ) ) ;
#2076 = VERTEX_POINT ( 'NONE', #25 ) ;
#2077 = DIRECTION ( 'NONE',  ( 1.000000000000000000, 0.000000000000000000, 0.000000000000000000 ) ) ;
#2078 = CARTESIAN_POINT ( 'NONE',  ( 0.4000000000000001887, 2.061552812808830293, 5.438999999999999169 ) ) ;
#2079 = EDGE_LOOP ( 'NONE', ( #167, #2683, #984, #2065 ) ) ;
#2080 = ORIENTED_EDGE ( 'NONE', *, *, #3124, .F. ) ;
#2081 = VERTEX_POINT ( 'NONE', #2238 ) ;
#2082 = CC_DESIGN_APPROVAL ( #1333, ( #1394 ) ) ;
#2083 = DIRECTION ( 'NONE',  ( 0.000000000000000000, 0.000000000000000000, -1.000000000000000000 ) ) ;
#2084 = DIRECTION ( 'NONE',  ( 1.000000000000000000, 0.000000000000000000, 0.000000000000000000 ) ) ;
#2085 = DIRECTION ( 'NONE',  ( 0.000000000000000000, 1.000000000000000000, 0.000000000000000000 ) ) ;
#2086 = EDGE_CURVE ( 'NONE', #3042, #2132, #3619, .T. ) ;
#2087 = CARTESIAN_POINT ( 'NONE',  ( 0.1499999999999971634, -6.200000000000001066, -13.83137084989847310 ) ) ;
#2088 = B_SPLINE_CURVE_WITH_KNOTS ( 'NONE', 3,
 ( #291, #1749, #1420, #3443 ),
 .UNSPECIFIED., .F., .F.,
 ( 4, 4 ),
 ( 0.003029541235337105450, 0.003249628748158706060 ),
 .UNSPECIFIED. ) ;
#2089 = ORIENTED_EDGE ( 'NONE', *, *, #2162, .F. ) ;
#2090 = DIRECTION ( 'NONE',  ( -0.000000000000000000, -0.000000000000000000, 1.000000000000000000 ) ) ;
#2091 = DIRECTION ( 'NONE',  ( 0.000000000000000000, 0.000000000000000000, -1.000000000000000000 ) ) ;
#2092 = VECTOR ( 'NONE', #169, 1000.000000000000000 ) ;
#2093 = ADVANCED_FACE ( 'NONE', ( #1686 ), #590, .T. ) ;
#2094 = CARTESIAN_POINT ( 'NONE',  ( 12.82366902150107890, -2.099990463092004322, 2.139040055015564601 ) ) ;
#2095 = ORIENTED_EDGE ( 'NONE', *, *, #487, .F. ) ;
#2096 = CARTESIAN_POINT ( 'NONE',  ( -0.4980973490458723840, 2.040073290564207831, 2.595422128626172054 ) ) ;
#2097 = CIRCLE ( 'NONE', #1113, 3.175000000000001155 ) ;
#2098 = DIRECTION ( 'NONE',  ( 1.000000000000000000, -0.000000000000000000, 4.513357151095771785E-17 ) ) ;
#2099 = AXIS2_PLACEMENT_3D ( 'NONE', #127, #3522, #999 ) ;
#2100 = VECTOR ( 'NONE', #1219, 1000.000000000000000 ) ;
#2101 = VERTEX_POINT ( 'NONE', #265 ) ;
#2102 = DIRECTION ( 'NONE',  ( 0.000000000000000000, 0.000000000000000000, 1.000000000000000000 ) ) ;
#2103 = DIRECTION ( 'NONE',  ( 1.000000000000000000, 8.881784197001252323E-16, 0.000000000000000000 ) ) ;
#2104 = AXIS2_PLACEMENT_3D ( 'NONE', #2891, #639, #868 ) ;
#2105 = VECTOR ( 'NONE', #230, 1000.000000000000114 ) ;
#2106 = EDGE_CURVE ( 'NONE', #1653, #3082, #1752, .T. ) ;
#2107 = VERTEX_POINT ( 'NONE', #305 ) ;
#2108 = FACE_OUTER_BOUND ( 'NONE', #839, .T. ) ;
#2109 = CYLINDRICAL_SURFACE ( 'NONE', #564, 3.175000000000000711 ) ;
#2110 = CARTESIAN_POINT ( 'NONE',  ( 0.000000000000000000, 0.000000000000000000, 0.000000000000000000 ) ) ;
#2111 = ORIENTED_EDGE ( 'NONE', *, *, #794, .F. ) ;
#2112 = EDGE_CURVE ( 'NONE', #3046, #2126, #620, .T. ) ;
#2113 = CONICAL_SURFACE ( 'NONE', #1126, 2.100000000000000977, 1.172861257340199304 ) ;
#2114 = CARTESIAN_POINT ( 'NONE',  ( 6.349999999999996092, -4.174999999999999822, -22.22499999999999787 ) ) ;
#2115 = FACE_OUTER_BOUND ( 'NONE', #3403, .T. ) ;
#2116 = CARTESIAN_POINT ( 'NONE',  ( 12.21281998814761494, -2.042738830444500220, 2.470636393497686267 ) ) ;
#2117 = ADVANCED_FACE ( 'NONE', ( #1416 ), #1141, .T. ) ;
#2118 = CIRCLE ( 'NONE', #3129, 2.099999999999999645 ) ;
#2119 = CARTESIAN_POINT ( 'NONE',  ( 1.149999999999997469, -2.175000000000006928, -19.04999999999999716 ) ) ;
#2120 = DIRECTION ( 'NONE',  ( -0.000000000000000000, -0.000000000000000000, 1.000000000000000000 ) ) ;
#2121 = ORGANIZATION ( 'UNSPECIFIED', 'UNSPECIFIED', '' ) ;
#2122 = EDGE_LOOP ( 'NONE', ( #3350, #3213, #1587, #1380, #3035, #1818, #2549, #845, #1720, #817, #1961, #2442, #203, #2297 ) ) ;
#2123 = CARTESIAN_POINT ( 'NONE',  ( 1.149999999999997247, -0.1999999999999996503, -14.24558441227156891 ) ) ;
#2124 = DIRECTION ( 'NONE',  ( 0.000000000000000000, 1.000000000000000000, 0.000000000000000000 ) ) ;
#2125 = ORIENTED_EDGE ( 'NONE', *, *, #514, .F. ) ;
#2126 = VERTEX_POINT ( 'NONE', #3074 ) ;
#2127 = CARTESIAN_POINT ( 'NONE',  ( 12.30000000000000071, 0.000000000000000000, 6.138999999999998458 ) ) ;
#2128 = LINE ( 'NONE', #3018, #1644 ) ;
#2129 = CARTESIAN_POINT ( 'NONE',  ( -0.4000000000000000222, -1.820969194338324382, 6.090132639966193473 ) ) ;
#2130 = CARTESIAN_POINT ( 'NONE',  ( 0.3999999999999999667, 2.061552812808831181, 5.139000000000001123 ) ) ;
#2131 = B_SPLINE_CURVE_WITH_KNOTS ( 'NONE', 3,
 ( #3154, #2836, #2020, #1770, #1738, #297 ),
 .UNSPECIFIED., .F., .F.,
 ( 4, 2, 4 ),
 ( 0.000000000000000000, 0.0004757428370953073775, 0.0009514856741906147549 ),
 .UNSPECIFIED. ) ;
#2132 = VERTEX_POINT ( 'NONE', #533 ) ;
#2133 = CARTESIAN_POINT ( 'NONE',  ( 6.349999999999996092, -0.8890000000000000124, -3.174999999999998490 ) ) ;
#2134 = DIRECTION ( 'NONE',  ( 0.7071067811865511255, 0.7071067811865440200, 0.000000000000000000 ) ) ;
#2135 = EDGE_LOOP ( 'NONE', ( #1209, #1172, #3228, #2831 ) ) ;
#2136 = EDGE_CURVE ( 'NONE', #1004, #3657, #2256, .T. ) ;
#2137 = CARTESIAN_POINT ( 'NONE',  ( 0.4000000000000000222, 2.254205848354697395, 5.555636450100673862 ) ) ;
#2138 = DIRECTION ( 'NONE',  ( 0.000000000000000000, -1.000000000000000000, 0.000000000000000000 ) ) ;
#2139 = ORIENTED_EDGE ( 'NONE', *, *, #2316, .F. ) ;
#2140 = VERTEX_POINT ( 'NONE', #248 ) ;
#2141 = CYLINDRICAL_SURFACE ( 'NONE', #277, 2.099999999999997868 ) ;
#2142 = VECTOR ( 'NONE', #3176, 1000.000000000000000 ) ;
#2143 = CARTESIAN_POINT ( 'NONE',  ( 12.54999999999999716, -6.200000000000001066, -13.83137084989847310 ) ) ;
#2144 = VERTEX_POINT ( 'NONE', #1397 ) ;
#2145 = LOCAL_TIME ( 14, 7, 27.00000000000000000, #1489 ) ;
#2146 = CARTESIAN_POINT ( 'NONE',  ( 1.149999999999997247, -4.175000000000005151, -14.24558441227156891 ) ) ;
#2147 = DIRECTION ( 'NONE',  ( 1.000000000000000000, 0.000000000000000000, 0.000000000000000000 ) ) ;
#2148 = ORIENTED_EDGE ( 'NONE', *, *, #3582, .F. ) ;
#2149 = DIRECTION ( 'NONE',  ( 1.000000000000000000, 0.000000000000000000, 0.000000000000000000 ) ) ;
#2150 = DIRECTION ( 'NONE',  ( 1.000000000000000000, -1.365923996832131363E-16, 8.195543980992787683E-16 ) ) ;
#2151 = CIRCLE ( 'NONE', #1040, 3.175000000000001155 ) ;
#2152 = ADVANCED_FACE ( 'NONE', ( #3381 ), #1121, .F. ) ;
#2153 = ORIENTED_EDGE ( 'NONE', *, *, #346, .T. ) ;
#2154 = CARTESIAN_POINT ( 'NONE',  ( -0.6477403412507650726, 1.999113491775012852, 4.305849356269930261 ) ) ;
#2155 = CARTESIAN_POINT ( 'NONE',  ( -3.100000000000016964, -3.099999999999982769, -25.25099999999999767 ) ) ;
#2156 = ORIENTED_EDGE ( 'NONE', *, *, #2816, .T. ) ;
#2157 = EDGE_CURVE ( 'NONE', #2927, #2590, #1484, .T. ) ;
#2158 = ORIENTED_EDGE ( 'NONE', *, *, #2456, .T. ) ;
#2159 = VECTOR ( 'NONE', #1677, 1000.000000000000000 ) ;
#2160 = PLANE ( 'NONE',  #3530 ) ;
#2161 = CIRCLE ( 'NONE', #633, 2.100000000000000089 ) ;
#2162 = EDGE_CURVE ( 'NONE', #2792, #1556, #2513, .T. ) ;
#2163 = EDGE_LOOP ( 'NONE', ( #2334, #599, #1709, #483, #1201 ) ) ;
#2164 = PLANE ( 'NONE',  #3167 ) ;
#2165 = CARTESIAN_POINT ( 'NONE',  ( 1.149999999999997247, -32.54999999999999716, -2.000000000000000000 ) ) ;
#2166 = EDGE_CURVE ( 'NONE', #680, #539, #1247, .T. ) ;
#2167 = PLANE ( 'NONE',  #222 ) ;
#2168 = CARTESIAN_POINT ( 'NONE',  ( -6.199999999999999289, -6.200000000000000178, -2.000000000000000000 ) ) ;
#2169 = ORIENTED_EDGE ( 'NONE', *, *, #1431, .T. ) ;
#2170 = LINE ( 'NONE', #3592, #1236 ) ;
#2171 = PLANE ( 'NONE',  #3246 ) ;
#2172 = DIRECTION ( 'NONE',  ( 1.000000000000000000, 0.000000000000000000, 0.000000000000000000 ) ) ;
#2173 = AXIS2_PLACEMENT_3D ( 'NONE', #611, #571, #234 ) ;
#2174 = ORIENTED_EDGE ( 'NONE', *, *, #2840, .F. ) ;
#2175 = ORIENTED_EDGE ( 'NONE', *, *, #187, .F. ) ;
#2176 = CARTESIAN_POINT ( 'NONE',  ( -6.226030975498009212E-14, -6.200000000000000178, -3.240065792321320082 ) ) ;
#2177 = CIRCLE ( 'NONE', #577, 2.100000000000000089 ) ;
#2178 = DIRECTION ( 'NONE',  ( -1.000000000000000000, 0.000000000000000000, 0.000000000000000000 ) ) ;
#2179 = VECTOR ( 'NONE', #2391, 1000.000000000000000 ) ;
#2180 = ORIENTED_EDGE ( 'NONE', *, *, #1676, .F. ) ;
#2181 = LINE ( 'NONE', #1631, #2593 ) ;
#2182 = CYLINDRICAL_SURFACE ( 'NONE', #2576, 2.000000000000000000 ) ;
#2183 = ADVANCED_FACE ( 'NONE', ( #2332 ), #2365, .T. ) ;
#2184 = VERTEX_POINT ( 'NONE', #1791 ) ;
#2185 = DIRECTION ( 'NONE',  ( 1.000000000000000000, 0.000000000000000000, 0.000000000000000000 ) ) ;
#2186 = FACE_OUTER_BOUND ( 'NONE', #1551, .T. ) ;
#2187 = CARTESIAN_POINT ( 'NONE',  ( 0.000000000000000000, 0.000000000000000000, 5.523072258617638397 ) ) ;
#2188 = PLANE ( 'NONE',  #1617 ) ;
#2189 = EDGE_CURVE ( 'NONE', #367, #2239, #81, .T. ) ;
#2190 = CONICAL_SURFACE ( 'NONE', #1834, 2.100000000000000977, 1.172861257340199304 ) ;
#2191 = ORIENTED_EDGE ( 'NONE', *, *, #3383, .F. ) ;
#2192 = CARTESIAN_POINT ( 'NONE',  ( 14.80000000000000071, 2.571758278209440971E-16, 0.8890000000000009006 ) ) ;
#2193 = CARTESIAN_POINT ( 'NONE',  ( 12.29999999999999716, 1.821676962433383062, 6.089970303311149635 ) ) ;
#2194 = ADVANCED_FACE ( 'NONE', ( #933 ), #1534, .T. ) ;
#2195 = ORIENTED_EDGE ( 'NONE', *, *, #3096, .F. ) ;
#2196 = EDGE_LOOP ( 'NONE', ( #515, #242, #3101, #1867 ) ) ;
#2197 = CYLINDRICAL_SURFACE ( 'NONE', #2264, 3.175000000000000711 ) ;
#2198 = CARTESIAN_POINT ( 'NONE',  ( 6.349999999999996092, -5.460999999999999410, -6.349999999999999645 ) ) ;
#2199 = DIRECTION ( 'NONE',  ( 0.000000000000000000, 1.000000000000000000, 0.000000000000000000 ) ) ;
#2200 = PLANE ( 'NONE',  #197 ) ;
#2201 = VERTEX_POINT ( 'NONE', #3489 ) ;
#2202 = DIRECTION ( 'NONE',  ( 1.000000000000000000, -0.000000000000000000, 4.513357151095771785E-17 ) ) ;
#2203 = ORIENTED_EDGE ( 'NONE', *, *, #961, .T. ) ;
#2204 = AXIS2_PLACEMENT_3D ( 'NONE', #3633, #3049, #2495 ) ;
#2205 = DIRECTION ( 'NONE',  ( 0.000000000000000000, 0.000000000000000000, -1.000000000000000000 ) ) ;
#2206 = DIRECTION ( 'NONE',  ( 1.000000000000000000, 0.000000000000000000, 0.000000000000000000 ) ) ;
#2207 = VERTEX_POINT ( 'NONE', #1487 ) ;
#2208 =( BOUNDED_CURVE ( )  B_SPLINE_CURVE ( 3, ( #858, #2279, #3095, #1437 ),
 .UNSPECIFIED., .F., .F. ) 
 B_SPLINE_CURVE_WITH_KNOTS ( ( 4, 4 ),
 ( 1.810267798689539687, 1.921073213463467599 ),
 .UNSPECIFIED. ) 
 CURVE ( )  GEOMETRIC_REPRESENTATION_ITEM ( )  RATIONAL_B_SPLINE_CURVE ( ( 1.000000000000000000, 0.9989771083553060649, 0.9989771083553060649, 1.000000000000000000 ) ) 
 REPRESENTATION_ITEM ( '' )  );
#2209 = EDGE_CURVE ( 'NONE', #955, #917, #2043, .T. ) ;
#2210 = CARTESIAN_POINT ( 'NONE',  ( 0.000000000000000000, 0.000000000000000000, 6.138999999999998458 ) ) ;
#2211 = DIRECTION ( 'NONE',  ( -1.000000000000000000, 0.000000000000000000, 0.000000000000000000 ) ) ;
#2212 = VERTEX_POINT ( 'NONE', #3502 ) ;
#2213 = EDGE_CURVE ( 'NONE', #3439, #608, #997, .T. ) ;
#2214 = CARTESIAN_POINT ( 'NONE',  ( 12.69999999999999929, 0.000000000000000000, 0.000000000000000000 ) ) ;
#2215 = DIRECTION ( 'NONE',  ( -0.000000000000000000, -0.000000000000000000, -1.000000000000000000 ) ) ;
#2216 = ORIENTED_EDGE ( 'NONE', *, *, #2555, .T. ) ;
#2217 = FACE_OUTER_BOUND ( 'NONE', #1464, .T. ) ;
#2218 = VECTOR ( 'NONE', #3561, 1000.000000000000000 ) ;
#2219 = DIRECTION ( 'NONE',  ( -0.000000000000000000, -0.000000000000000000, -1.000000000000000000 ) ) ;
#2220 = ORIENTED_EDGE ( 'NONE', *, *, #2253, .F. ) ;
#2221 = VERTEX_POINT ( 'NONE', #2591 ) ;
#2222 = DIRECTION ( 'NONE',  ( 1.000000000000000000, 0.000000000000000000, 0.000000000000000000 ) ) ;
#2223 = LINE ( 'NONE', #879, #520 ) ;
#2224 = VECTOR ( 'NONE', #120, 1000.000000000000000 ) ;
#2225 = VERTEX_POINT ( 'NONE', #1197 ) ;
#2226 = DIRECTION ( 'NONE',  ( 0.000000000000000000, 0.000000000000000000, 1.000000000000000000 ) ) ;
#2227 = AXIS2_PLACEMENT_3D ( 'NONE', #3565, #2484, #3235 ) ;
#2228 = DIRECTION ( 'NONE',  ( -1.209468558947973047E-16, -1.000000000000000000, 0.000000000000000000 ) ) ;
#2229 = EDGE_CURVE ( 'NONE', #1403, #3457, #1510, .T. ) ;
#2230 = VECTOR ( 'NONE', #1147, 1000.000000000000000 ) ;
#2231 = ORIENTED_EDGE ( 'NONE', *, *, #251, .T. ) ;
#2232 = ORIENTED_EDGE ( 'NONE', *, *, #2048, .T. ) ;
#2233 = PLANE ( 'NONE',  #1388 ) ;
#2234 = CARTESIAN_POINT ( 'NONE',  ( -0.2470723783330709133, -2.087434397081524118, 2.187282604411544096 ) ) ;
#2235 = EDGE_CURVE ( 'NONE', #2492, #2590, #2805, .T. ) ;
#2236 = VERTEX_POINT ( 'NONE', #914 ) ;
#2237 = CARTESIAN_POINT ( 'NONE',  ( 1.149999999999997247, -4.175000000000005151, -11.15441558772842967 ) ) ;
#2238 = CARTESIAN_POINT ( 'NONE',  ( 13.09999999999999964, 2.232710535457612888, 5.620762745781209269 ) ) ;
#2239 = VERTEX_POINT ( 'NONE', #3160 ) ;
#2240 = ORIENTED_EDGE ( 'NONE', *, *, #2535, .T. ) ;
#2241 = CARTESIAN_POINT ( 'NONE',  ( -0.5734863112436872079, -2.021666578221208432, 3.457121909598156240 ) ) ;
#2242 = CARTESIAN_POINT ( 'NONE',  ( 11.54999999999999538, -6.200000000000001066, -14.24558441227156891 ) ) ;
#2243 = CIRCLE ( 'NONE', #1071, 3.374999999999999556 ) ;
#2244 = CARTESIAN_POINT ( 'NONE',  ( 10.00441558772842576, -6.200000000000001066, -12.69999999999999929 ) ) ;
#2245 = CARTESIAN_POINT ( 'NONE',  ( 14.96825843658596611, 0.000000000000000000, 5.620762745781209269 ) ) ;
#2246 = FACE_OUTER_BOUND ( 'NONE', #1213, .T. ) ;
#2247 = ORIENTED_EDGE ( 'NONE', *, *, #3514, .T. ) ;
#2248 = ORIENTED_EDGE ( 'NONE', *, *, #3577, .T. ) ;
#2249 = DIRECTION ( 'NONE',  ( 0.000000000000000000, 0.000000000000000000, 1.000000000000000000 ) ) ;
#2250 = ORIENTED_EDGE ( 'NONE', *, *, #1627, .T. ) ;
#2251 = CARTESIAN_POINT ( 'NONE',  ( -0.3999999999999999667, -2.243459280444427772, 5.588199955838118349 ) ) ;
#2252 = CARTESIAN_POINT ( 'NONE',  ( 12.69999999999999929, 0.000000000000000000, 0.000000000000000000 ) ) ;
#2253 = EDGE_CURVE ( 'NONE', #89, #3085, #181, .T. ) ;
#2254 = ORIENTED_EDGE ( 'NONE', *, *, #464, .T. ) ;
#2255 = CARTESIAN_POINT ( 'NONE',  ( -0.3999999999999999667, -2.061552812808830293, 5.139000000000001123 ) ) ;
#2256 = LINE ( 'NONE', #896, #929 ) ;
#2257 = VERTEX_POINT ( 'NONE', #2614 ) ;
#2258 = APPROVAL_DATE_TIME ( #2795, #1606 ) ;
#2259 = ORIENTED_EDGE ( 'NONE', *, *, #1781, .T. ) ;
#2260 = CARTESIAN_POINT ( 'NONE',  ( 0.4000000000000001332, 2.081805041010027502, 5.906940355987363667 ) ) ;
#2261 = EDGE_CURVE ( 'NONE', #2520, #2369, #63, .T. ) ;
#2262 = DIRECTION ( 'NONE',  ( -0.7071067811865440200, -0.7071067811865511255, 0.000000000000000000 ) ) ;
#2263 = ORIENTED_EDGE ( 'NONE', *, *, #1830, .T. ) ;
#2264 = AXIS2_PLACEMENT_3D ( 'NONE', #3322, #1918, #1647 ) ;
#2265 = CARTESIAN_POINT ( 'NONE',  ( 0.000000000000000000, 0.000000000000000000, 5.438999999999999169 ) ) ;
#2266 = FACE_BOUND ( 'NONE', #2501, .T. ) ;
#2267 = ORIENTED_EDGE ( 'NONE', *, *, #1280, .T. ) ;
#2268 = EDGE_LOOP ( 'NONE', ( #898, #356 ) ) ;
#2269 = CARTESIAN_POINT ( 'NONE',  ( 13.09999999999999964, -2.264950330581225746, 5.523072258617638397 ) ) ;
#2270 = CARTESIAN_POINT ( 'NONE',  ( 0.1499999999999973577, -32.54999999999999716, -19.04999999999999716 ) ) ;
#2271 = CARTESIAN_POINT ( 'NONE',  ( 0.4286119346557879517, -2.057850353472996385, 2.353605336466520814 ) ) ;
#2272 = ORIENTED_EDGE ( 'NONE', *, *, #2374, .F. ) ;
#2273 = CARTESIAN_POINT ( 'NONE',  ( 0.000000000000000000, 0.000000000000000000, 5.523072258617638397 ) ) ;
#2274 = EDGE_CURVE ( 'NONE', #1381, #2665, #357, .T. ) ;
#2275 = VECTOR ( 'NONE', #1229, 1000.000000000000000 ) ;
#2276 = VERTEX_POINT ( 'NONE', #1776 ) ;
#2277 = CALENDAR_DATE ( 2022, 6, 6 ) ;
#2278 = CARTESIAN_POINT ( 'NONE',  ( 0.000000000000000000, 0.000000000000000000, 5.139000000000004675 ) ) ;
#2279 = CARTESIAN_POINT ( 'NONE',  ( 0.5734863112436885402, 2.021666578221208432, 3.457121909598158016 ) ) ;
#2280 = EDGE_CURVE ( 'NONE', #2184, #1440, #3475, .T. ) ;
#2281 = EDGE_CURVE ( 'NONE', #74, #19, #679, .T. ) ;
#2282 = DIRECTION ( 'NONE',  ( -0.000000000000000000, -0.000000000000000000, 1.000000000000000000 ) ) ;
#2283 = CARTESIAN_POINT ( 'NONE',  ( -4.384062043356594884, 0.000000000000000000, 0.000000000000000000 ) ) ;
#2284 = AXIS2_PLACEMENT_3D ( 'NONE', #766, #3603, #2721 ) ;
#2285 = VERTEX_POINT ( 'NONE', #1807 ) ;
#2286 = VECTOR ( 'NONE', #3087, 1000.000000000000114 ) ;
#2287 = CIRCLE ( 'NONE', #35, 5.200000000000000178 ) ;
#2288 = ORIENTED_EDGE ( 'NONE', *, *, #2321, .F. ) ;
#2289 = EDGE_LOOP ( 'NONE', ( #1063, #1031, #1982, #3437 ) ) ;
#2290 = DIRECTION ( 'NONE',  ( -0.000000000000000000, 0.000000000000000000, 1.000000000000000000 ) ) ;
#2291 = CIRCLE ( 'NONE', #1179, 2.268258436585968152 ) ;
#2292 = CARTESIAN_POINT ( 'NONE',  ( -42.43756980544230117, -4.174999999999995381, -65.14198539317072800 ) ) ;
#2293 = AXIS2_PLACEMENT_3D ( 'NONE', #2883, #1492, #1506 ) ;
#2294 = ORIENTED_EDGE ( 'NONE', *, *, #1538, .T. ) ;
#2295 = CARTESIAN_POINT ( 'NONE',  ( 6.349999999999996092, -2.175000000000000711, -19.04999999999999716 ) ) ;
#2296 = CARTESIAN_POINT ( 'NONE',  ( 1.149999999999997247, -6.200000000000001066, -14.24558441227156891 ) ) ;
#2297 = ORIENTED_EDGE ( 'NONE', *, *, #859, .T. ) ;
#2298 = CARTESIAN_POINT ( 'NONE',  ( 12.54999999999999716, -32.54999999999999716, -13.83137084989847310 ) ) ;
#2299 = ORIENTED_EDGE ( 'NONE', *, *, #1705, .T. ) ;
#2300 = PLANE ( 'NONE',  #3297 ) ;
#2301 = DIRECTION ( 'NONE',  ( 0.000000000000000000, 1.000000000000000000, 0.000000000000000000 ) ) ;
#2302 = AXIS2_PLACEMENT_3D ( 'NONE', #2977, #2426, #1343 ) ;
#2303 = CYLINDRICAL_SURFACE ( 'NONE', #28, 2.099999999999997868 ) ;
#2304 = VERTEX_POINT ( 'NONE', #1314 ) ;
#2305 = ORIENTED_EDGE ( 'NONE', *, *, #1163, .F. ) ;
#2306 = AXIS2_PLACEMENT_3D ( 'NONE', #2021, #2057, #2417 ) ;
#2307 = CARTESIAN_POINT ( 'NONE',  ( 14.54999999999999893, -4.350000000000044942, -1.999999999999999112 ) ) ;
#2308 = CARTESIAN_POINT ( 'NONE',  ( 12.20190265095412840, 2.040073290564207831, 2.595422128626172054 ) ) ;
#2309 = EDGE_LOOP ( 'NONE', ( #2606, #2007, #1112, #3196, #1680, #431, #2195, #850, #821, #1861, #108, #2730 ) ) ;
#2310 = DIRECTION ( 'NONE',  ( 0.7071067811865473507, -0.000000000000000000, 0.7071067811865477948 ) ) ;
#2311 = DIRECTION ( 'NONE',  ( 0.000000000000000000, 0.000000000000000000, 1.000000000000000000 ) ) ;
#2312 = VERTEX_POINT ( 'NONE', #1566 ) ;
#2313 = APPROVAL_DATE_TIME ( #3458, #1333 ) ;
#2314 = VERTEX_POINT ( 'NONE', #3557 ) ;
#2315 = DIRECTION ( 'NONE',  ( 0.000000000000000000, -0.000000000000000000, 1.000000000000000000 ) ) ;
#2316 = EDGE_CURVE ( 'NONE', #2497, #19, #3244, .T. ) ;
#2317 = DIRECTION ( 'NONE',  ( -0.000000000000000000, 1.000000000000000000, -0.000000000000000000 ) ) ;
#2318 = CARTESIAN_POINT ( 'NONE',  ( -0.3999999999999999667, 0.000000000000000000, 6.138999999999998458 ) ) ;
#2319 = CARTESIAN_POINT ( 'NONE',  ( 6.349999999999996092, -6.201024999999999565, -4.250000000000000000 ) ) ;
#2320 = VECTOR ( 'NONE', #459, 999.9999999999998863 ) ;
#2321 = EDGE_CURVE ( 'NONE', #3155, #343, #2151, .T. ) ;
#2322 = ORIENTED_EDGE ( 'NONE', *, *, #2112, .F. ) ;
#2323 = ORIENTED_EDGE ( 'NONE', *, *, #1404, .T. ) ;
#2324 = DIRECTION ( 'NONE',  ( 0.000000000000000000, -0.000000000000000000, 1.000000000000000000 ) ) ;
#2325 = ORIENTED_EDGE ( 'NONE', *, *, #1509, .F. ) ;
#2326 = VECTOR ( 'NONE', #2909, 1000.000000000000000 ) ;
#2327 = DIRECTION ( 'NONE',  ( -0.000000000000000000, -0.000000000000000000, -1.000000000000000000 ) ) ;
#2328 = EDGE_CURVE ( 'NONE', #906, #1596, #148, .T. ) ;
#2329 = EDGE_CURVE ( 'NONE', #1880, #2554, #3541, .T. ) ;
#2330 = EDGE_LOOP ( 'NONE', ( #1012, #1260 ) ) ;
#2331 = CARTESIAN_POINT ( 'NONE',  ( 12.30000000000000071, -2.232710535457612888, 5.620762745781209269 ) ) ;
#2332 = FACE_OUTER_BOUND ( 'NONE', #3126, .T. ) ;
#2333 = PERSON_AND_ORGANIZATION ( #3562, #2121 ) ;
#2334 = ORIENTED_EDGE ( 'NONE', *, *, #511, .F. ) ;
#2335 = DIRECTION ( 'NONE',  ( -1.000000000000000000, 0.000000000000000000, -3.610685720876617428E-16 ) ) ;
#2336 = CARTESIAN_POINT ( 'NONE',  ( 11.54999999999999538, -4.175000000000008704, -2.000000000000000000 ) ) ;
#2337 = DIRECTION ( 'NONE',  ( 0.000000000000000000, -1.000000000000000000, 0.000000000000000000 ) ) ;
#2338 = CARTESIAN_POINT ( 'NONE',  ( 0.000000000000000000, 0.000000000000000000, 0.000000000000000000 ) ) ;
#2339 = CIRCLE ( 'NONE', #2398, 4.384062043356595773 ) ;
#2340 = DIRECTION ( 'NONE',  ( 0.000000000000000000, 0.000000000000000000, 1.000000000000000000 ) ) ;
#2341 = VECTOR ( 'NONE', #1048, 1000.000000000000000 ) ;
#2342 = FACE_OUTER_BOUND ( 'NONE', #2802, .T. ) ;
#2343 = EDGE_CURVE ( 'NONE', #3155, #2544, #130, .T. ) ;
#2344 = CARTESIAN_POINT ( 'NONE',  ( 11.41862915010152157, -0.1999999999999996503, -12.69999999999999929 ) ) ;
#2345 = VECTOR ( 'NONE', #3313, 1000.000000000000000 ) ;
#2346 = VECTOR ( 'NONE', #1764, 1000.000000000000114 ) ;
#2347 = ORIENTED_EDGE ( 'NONE', *, *, #2965, .F. ) ;
#2348 = VECTOR ( 'NONE', #2741, 1000.000000000000000 ) ;
#2349 = EDGE_CURVE ( 'NONE', #3657, #3599, #165, .T. ) ;
#2350 = CARTESIAN_POINT ( 'NONE',  ( 11.54999999999999538, -6.200000000000001066, -11.15441558772842967 ) ) ;
#2351 = DIRECTION ( 'NONE',  ( -0.7071067811865445751, -0.7071067811865504593, -0.000000000000000000 ) ) ;
#2352 = CONICAL_SURFACE ( 'NONE', #2819, 2.299999999999999822, 0.3141592653589760364 ) ;
#2353 = ORIENTED_EDGE ( 'NONE', *, *, #2106, .F. ) ;
#2354 = APPROVAL_DATE_TIME ( #1249, #2599 ) ;
#2355 = VERTEX_POINT ( 'NONE', #185 ) ;
#2356 = CARTESIAN_POINT ( 'NONE',  ( 0.1499999999999682976, -6.350000000000031619, -25.25099999999999767 ) ) ;
#2357 = CARTESIAN_POINT ( 'NONE',  ( 12.30000000000000071, 2.061552812808830293, 5.438999999999999169 ) ) ;
#2358 = VECTOR ( 'NONE', #725, 1000.000000000000000 ) ;
#2359 = CARTESIAN_POINT ( 'NONE',  ( 12.54999999999999716, -32.54999999999999716, -13.83137084989847310 ) ) ;
#2360 = VECTOR ( 'NONE', #229, 1000.000000000000000 ) ;
#2361 = ORIENTED_EDGE ( 'NONE', *, *, #410, .F. ) ;
#2362 = DIRECTION ( 'NONE',  ( -0.000000000000000000, -0.000000000000000000, -1.000000000000000000 ) ) ;
#2363 = FACE_OUTER_BOUND ( 'NONE', #1457, .T. ) ;
#2364 = PLANE ( 'NONE',  #1500 ) ;
#2365 = PLANE ( 'NONE',  #2634 ) ;
#2366 = CIRCLE ( 'NONE', #465, 2.000000000000000000 ) ;
#2367 = ADVANCED_FACE ( 'NONE', ( #1899, #2693 ), #3009, .T. ) ;
#2368 = CALENDAR_DATE ( 2022, 6, 6 ) ;
#2369 = VERTEX_POINT ( 'NONE', #717 ) ;
#2370 = DIRECTION ( 'NONE',  ( 0.000000000000000000, 1.000000000000000000, 0.000000000000000000 ) ) ;
#2371 = CARTESIAN_POINT ( 'NONE',  ( 6.349999999999996092, -5.460999999999999410, -6.349999999999999645 ) ) ;
#2372 = DIRECTION ( 'NONE',  ( 0.000000000000000000, 1.000000000000000000, 0.000000000000000000 ) ) ;
#2373 = CARTESIAN_POINT ( 'NONE',  ( 12.69999999999999929, 0.000000000000000000, 5.523072258617638397 ) ) ;
#2374 = EDGE_CURVE ( 'NONE', #2107, #2184, #734, .T. ) ;
#2375 = DIRECTION ( 'NONE',  ( 1.000000000000000000, 0.000000000000000000, 0.000000000000000000 ) ) ;
#2376 = CYLINDRICAL_SURFACE ( 'NONE', #1583, 3.175000000000000711 ) ;
#2377 = CARTESIAN_POINT ( 'NONE',  ( -1.850000000000002531, -6.200000000000001066, -4.000000000000000000 ) ) ;
#2378 = VECTOR ( 'NONE', #3190, 1000.000000000000227 ) ;
#2379 = ORIENTED_EDGE ( 'NONE', *, *, #1093, .T. ) ;
#2380 = CARTESIAN_POINT ( 'NONE',  ( 1.149999999999997247, -32.54999999999999716, -11.15441558772842967 ) ) ;
#2381 = DIRECTION ( 'NONE',  ( 1.000000000000000000, 0.000000000000000000, 0.000000000000000000 ) ) ;
#2382 = ADVANCED_FACE ( 'NONE', ( #2714 ), #445, .T. ) ;
#2383 = EDGE_LOOP ( 'NONE', ( #2920, #711, #758, #2771, #1811, #989, #854, #3612, #2272, #3558 ) ) ;
#2384 = VERTEX_POINT ( 'NONE', #2433 ) ;
#2385 = CARTESIAN_POINT ( 'NONE',  ( 0.4000000000000000222, -2.129368205736811070, 5.466985055468133403 ) ) ;
#2386 = CARTESIAN_POINT ( 'NONE',  ( 13.09999999999999964, 2.061552812808831181, 5.139000000000001123 ) ) ;
#2387 = ADVANCED_FACE ( 'NONE', ( #796 ), #206, .T. ) ;
#2388 = ORIENTED_EDGE ( 'NONE', *, *, #654, .F. ) ;
#2389 = CARTESIAN_POINT ( 'NONE',  ( 12.70000000000005791, -6.200000000000000178, -3.240065792321320082 ) ) ;
#2390 = CARTESIAN_POINT ( 'NONE',  ( 13.09999999999999964, -2.264950330581225746, 5.523072258617638397 ) ) ;
#2391 = DIRECTION ( 'NONE',  ( -0.000000000000000000, 1.000000000000000000, -0.000000000000000000 ) ) ;
#2392 = EDGE_CURVE ( 'NONE', #1046, #1170, #1879, .T. ) ;
#2393 = AXIS2_PLACEMENT_3D ( 'NONE', #625, #1214, #700 ) ;
#2394 = EDGE_LOOP ( 'NONE', ( #550, #1449, #2872, #2966 ) ) ;
#2395 = DIRECTION ( 'NONE',  ( 0.000000000000000000, 1.000000000000000000, 0.000000000000000000 ) ) ;
#2396 = CARTESIAN_POINT ( 'NONE',  ( 0.000000000000000000, 0.000000000000000000, 0.8890000000000009006 ) ) ;
#2397 = VECTOR ( 'NONE', #3545, 1000.000000000000000 ) ;
#2398 = AXIS2_PLACEMENT_3D ( 'NONE', #271, #3645, #324 ) ;
#2399 = CARTESIAN_POINT ( 'NONE',  ( 11.97936842241353439, 1.972483239316684234, 5.138999999999997570 ) ) ;
#2400 = CARTESIAN_POINT ( 'NONE',  ( 6.349999999999996092, -0.8890000000000000124, -6.349999999999999645 ) ) ;
#2401 = CIRCLE ( 'NONE', #3518, 5.200000000000000178 ) ;
#2402 = CARTESIAN_POINT ( 'NONE',  ( 0.000000000000000000, 0.000000000000000000, 5.523072258617638397 ) ) ;
#2403 = AXIS2_PLACEMENT_3D ( 'NONE', #2533, #1445, #3377 ) ;
#2404 = ORIENTED_EDGE ( 'NONE', *, *, #2555, .F. ) ;
#2405 = EDGE_LOOP ( 'NONE', ( #1336, #3535, #3092, #1123 ) ) ;
#2406 = CARTESIAN_POINT ( 'NONE',  ( 0.000000000000000000, 0.000000000000000000, 5.139000000000004675 ) ) ;
#2407 = CARTESIAN_POINT ( 'NONE',  ( 2.695584412271568198, -6.200000000000001066, -12.69999999999999929 ) ) ;
#2408 = AXIS2_PLACEMENT_3D ( 'NONE', #2707, #1055, #805 ) ;
#2409 = VERTEX_POINT ( 'NONE', #468 ) ;
#2410 = DIRECTION ( 'NONE',  ( -0.7071067811865477948, 0.000000000000000000, -0.7071067811865473507 ) ) ;
#2411 = CARTESIAN_POINT ( 'NONE',  ( 12.30000000000000071, 2.264950330581225746, 5.523072258617638397 ) ) ;
#2412 = CARTESIAN_POINT ( 'NONE',  ( 11.54999999999999716, -0.1999999999999996503, -19.04999999999999716 ) ) ;
#2413 = VERTEX_POINT ( 'NONE', #1610 ) ;
#2414 = EDGE_CURVE ( 'NONE', #3574, #3212, #2732, .T. ) ;
#2415 = AXIS2_PLACEMENT_3D ( 'NONE', #1234, #1763, #2083 ) ;
#2416 = LINE ( 'NONE', #1511, #3061 ) ;
#2417 = DIRECTION ( 'NONE',  ( 1.000000000000000000, 0.000000000000000000, 0.000000000000000000 ) ) ;
#2418 = EDGE_CURVE ( 'NONE', #2314, #2544, #3640, .T. ) ;
#2419 = FACE_OUTER_BOUND ( 'NONE', #359, .T. ) ;
#2420 = DIRECTION ( 'NONE',  ( -0.7071067811865477948, 7.330486454263144080E-17, -0.7071067811865473507 ) ) ;
#2421 = ORIENTED_EDGE ( 'NONE', *, *, #231, .T. ) ;
#2422 = CARTESIAN_POINT ( 'NONE',  ( 6.349999999999996092, -5.460999999999999410, -6.349999999999999645 ) ) ;
#2423 = ORIENTED_EDGE ( 'NONE', *, *, #904, .F. ) ;
#2424 = CARTESIAN_POINT ( 'NONE',  ( 6.349999999999996980, -32.54999999999999716, -19.04999999999999716 ) ) ;
#2425 = CARTESIAN_POINT ( 'NONE',  ( 11.54999999999999538, -2.175000000000006928, -2.000000000000000000 ) ) ;
#2426 = DIRECTION ( 'NONE',  ( -0.000000000000000000, -0.000000000000000000, 1.000000000000000000 ) ) ;
#2427 = DIRECTION ( 'NONE',  ( -1.000000000000000000, 0.000000000000000000, 0.000000000000000000 ) ) ;
#2428 = ORIENTED_EDGE ( 'NONE', *, *, #60, .F. ) ;
#2429 = FACE_OUTER_BOUND ( 'NONE', #128, .T. ) ;
#2430 = LINE ( 'NONE', #463, #2784 ) ;
#2431 = ADVANCED_FACE ( 'NONE', ( #2678 ), #2694, .T. ) ;
#2432 = LINE ( 'NONE', #2380, #245 ) ;
#2433 = CARTESIAN_POINT ( 'NONE',  ( 12.30000000000000071, 2.264950330581225746, 5.523072258617638397 ) ) ;
#2434 = EDGE_CURVE ( 'NONE', #1319, #2739, #1626, .T. ) ;
#2435 = EDGE_CURVE ( 'NONE', #1150, #2715, #2751, .T. ) ;
#2436 = AXIS2_PLACEMENT_3D ( 'NONE', #602, #3469, #43 ) ;
#2437 = ORIENTED_EDGE ( 'NONE', *, *, #2349, .F. ) ;
#2438 = VERTEX_POINT ( 'NONE', #561 ) ;
#2439 = DIRECTION ( 'NONE',  ( -1.000000000000000000, 1.036687336241119720E-16, -0.000000000000000000 ) ) ;
#2440 = VECTOR ( 'NONE', #1664, 1000.000000000000000 ) ;
#2441 = CARTESIAN_POINT ( 'NONE',  ( -3.099999999999968114, 3.100000000000000533, -25.25099999999999767 ) ) ;
#2442 = ORIENTED_EDGE ( 'NONE', *, *, #603, .F. ) ;
#2443 = LINE ( 'NONE', #1849, #3461 ) ;
#2444 = FACE_OUTER_BOUND ( 'NONE', #3583, .T. ) ;
#2445 = CYLINDRICAL_SURFACE ( 'NONE', #2302, 3.374999999999999556 ) ;
#2446 = LINE ( 'NONE', #1370, #2500 ) ;
#2447 = ORIENTED_EDGE ( 'NONE', *, *, #1016, .T. ) ;
#2448 = LINE ( 'NONE', #2745, #207 ) ;
#2449 = DIRECTION ( 'NONE',  ( 1.000000000000000000, 0.000000000000000000, 0.000000000000000000 ) ) ;
#2450 = CARTESIAN_POINT ( 'NONE',  ( 12.20190265095412840, -2.040073290564207831, 2.595422128626172054 ) ) ;
#2451 = EDGE_CURVE ( 'NONE', #3628, #61, #848, .T. ) ;
#2452 = ORIENTED_EDGE ( 'NONE', *, *, #1760, .F. ) ;
#2453 = CARTESIAN_POINT ( 'NONE',  ( 13.27348631124368872, -2.021666578221207988, 3.457121909598170895 ) ) ;
#2454 = DIRECTION ( 'NONE',  ( -0.000000000000000000, 1.000000000000000000, 0.000000000000000000 ) ) ;
#2455 = B_SPLINE_CURVE_WITH_KNOTS ( 'NONE', 3,
 ( #3347, #1685, #2806, #3108 ),
 .UNSPECIFIED., .F., .F.,
 ( 4, 4 ),
 ( 0.002832913685900423535, 0.002935786532568636018 ),
 .UNSPECIFIED. ) ;
#2456 = EDGE_CURVE ( 'NONE', #754, #1535, #21, .T. ) ;
#2457 = ORIENTED_EDGE ( 'NONE', *, *, #428, .T. ) ;
#2458 = ORIENTED_EDGE ( 'NONE', *, *, #2592, .F. ) ;
#2459 = AXIS2_PLACEMENT_3D ( 'NONE', #383, #1782, #942 ) ;
#2460 = CARTESIAN_POINT ( 'NONE',  ( -6.199999999999999289, 0.000000000000000000, 0.000000000000000000 ) ) ;
#2461 = CARTESIAN_POINT ( 'NONE',  ( 1.149999999999997247, -32.54999999999999716, -14.24558441227156891 ) ) ;
#2462 = CIRCLE ( 'NONE', #2403, 4.384062043356593996 ) ;
#2463 = EDGE_LOOP ( 'NONE', ( #2701, #3311, #2216, #1288, #183, #2089 ) ) ;
#2464 = FACE_OUTER_BOUND ( 'NONE', #2135, .T. ) ;
#2465 = DIRECTION ( 'NONE',  ( 0.000000000000000000, 0.000000000000000000, 1.000000000000000000 ) ) ;
#2466 = CARTESIAN_POINT ( 'NONE',  ( 12.54999999999999716, -32.54999999999999716, -19.04999999999999716 ) ) ;
#2467 = EDGE_CURVE ( 'NONE', #2081, #3344, #1520, .T. ) ;
#2468 = VECTOR ( 'NONE', #155, 1000.000000000000000 ) ;
#2469 = CARTESIAN_POINT ( 'NONE',  ( 6.349999999999996092, -5.460999999999999410, -19.04999999999999716 ) ) ;
#2470 = ORIENTED_EDGE ( 'NONE', *, *, #2659, .T. ) ;
#2471 = FACE_OUTER_BOUND ( 'NONE', #913, .T. ) ;
#2472 = CARTESIAN_POINT ( 'NONE',  ( -6.200000000000001066, -2.174999999999998934, -101.3795551986130192 ) ) ;
#2473 = AXIS2_PLACEMENT_3D ( 'NONE', #3230, #2335, #704 ) ;
#2474 = EDGE_LOOP ( 'NONE', ( #1853, #1490, #3175, #2125 ) ) ;
#2475 = FACE_OUTER_BOUND ( 'NONE', #2811, .T. ) ;
#2476 = DIRECTION ( 'NONE',  ( 1.000000000000000000, 0.000000000000000000, 0.000000000000000000 ) ) ;
#2477 = VECTOR ( 'NONE', #3484, 1000.000000000000000 ) ;
#2478 = ORIENTED_EDGE ( 'NONE', *, *, #3266, .T. ) ;
#2479 = DIRECTION ( 'NONE',  ( 8.115498896123167176E-15, 0.000000000000000000, 1.000000000000000000 ) ) ;
#2480 = CARTESIAN_POINT ( 'NONE',  ( 10.00441558772842576, -0.1999999999999996503, -12.69999999999999929 ) ) ;
#2481 = EDGE_CURVE ( 'NONE', #3550, #295, #2462, .T. ) ;
#2482 = ORIENTED_EDGE ( 'NONE', *, *, #1666, .F. ) ;
#2483 = CARTESIAN_POINT ( 'NONE',  ( 2.100000000000000089, 2.571758278209441957E-16, 5.438999999999999169 ) ) ;
#2484 = DIRECTION ( 'NONE',  ( 0.7071067811865475727, 0.000000000000000000, -0.7071067811865475727 ) ) ;
#2485 = DIRECTION ( 'NONE',  ( -0.000000000000000000, 1.000000000000000000, -0.000000000000000000 ) ) ;
#2486 = CARTESIAN_POINT ( 'NONE',  ( 0.000000000000000000, 0.000000000000000000, 5.389000000000001123 ) ) ;
#2487 = CIRCLE ( 'NONE', #1374, 3.175000000000000711 ) ;
#2488 = ORIENTED_EDGE ( 'NONE', *, *, #2040, .F. ) ;
#2489 = ADVANCED_FACE ( 'NONE', ( #812 ), #546, .T. ) ;
#2490 = DIRECTION ( 'NONE',  ( 0.000000000000000000, 0.000000000000000000, 1.000000000000000000 ) ) ;
#2491 = CARTESIAN_POINT ( 'NONE',  ( 13.09999999999999964, -2.061552812808830293, 5.139000000000001123 ) ) ;
#2492 = VERTEX_POINT ( 'NONE', #1174 ) ;
#2493 = ORIENTED_EDGE ( 'NONE', *, *, #1883, .F. ) ;
#2494 = B_SPLINE_CURVE_WITH_KNOTS ( 'NONE', 3,
 ( #864, #3412, #1734, #2851 ),
 .UNSPECIFIED., .F., .F.,
 ( 4, 4 ),
 ( 0.003655977453372196481, 0.003758849537120531950 ),
 .UNSPECIFIED. ) ;
#2495 = DIRECTION ( 'NONE',  ( -1.000000000000000000, 0.000000000000000000, 0.000000000000000000 ) ) ;
#2496 = CARTESIAN_POINT ( 'NONE',  ( 13.42063157758646774, 1.972483239316684234, 5.138999999999997570 ) ) ;
#2497 = VERTEX_POINT ( 'NONE', #1430 ) ;
#2498 = DIRECTION ( 'NONE',  ( -0.000000000000000000, 1.000000000000000000, -0.000000000000000000 ) ) ;
#2499 = CARTESIAN_POINT ( 'NONE',  ( 12.69999999999999929, 0.000000000000000000, 5.523072258617638397 ) ) ;
#2500 = VECTOR ( 'NONE', #3316, 1000.000000000000000 ) ;
#2501 = EDGE_LOOP ( 'NONE', ( #765, #3414 ) ) ;
#2502 = CARTESIAN_POINT ( 'NONE',  ( 0.4000000000000001887, -1.502637486114517751, 6.138999999999998458 ) ) ;
#2503 = AXIS2_PLACEMENT_3D ( 'NONE', #2060, #2860, #1196 ) ;
#2504 = EDGE_CURVE ( 'NONE', #2720, #1359, #2924, .T. ) ;
#2505 = CARTESIAN_POINT ( 'NONE',  ( -0.3999999999999999667, -1.502637486114517751, 6.138999999999998458 ) ) ;
#2506 = ORIENTED_EDGE ( 'NONE', *, *, #975, .T. ) ;
#2507 = DIRECTION ( 'NONE',  ( 1.000000000000000000, 0.000000000000000000, 0.000000000000000000 ) ) ;
#2508 = EDGE_CURVE ( 'NONE', #2276, #873, #3342, .T. ) ;
#2509 = FACE_OUTER_BOUND ( 'NONE', #1526, .T. ) ;
#2510 = LOCAL_TIME ( 14, 7, 27.00000000000000000, #936 ) ;
#2511 = ORIENTED_EDGE ( 'NONE', *, *, #2529, .F. ) ;
#2512 = ORIENTED_EDGE ( 'NONE', *, *, #2209, .T. ) ;
#2513 = CIRCLE ( 'NONE', #2393, 2.299999999999999822 ) ;
#2514 = CARTESIAN_POINT ( 'NONE',  ( 11.54999999999999538, -0.1999999999999996503, -2.000000000000000000 ) ) ;
#2515 = DIRECTION ( 'NONE',  ( -1.000000000000000000, 0.000000000000000000, -0.000000000000000000 ) ) ;
#2516 = CARTESIAN_POINT ( 'NONE',  ( 12.20190265095412840, 2.040073290564207831, 2.595422128626172054 ) ) ;
#2517 = CARTESIAN_POINT ( 'NONE',  ( 12.69999999999999929, 0.000000000000000000, -25.25099999999999767 ) ) ;
#2518 = ORIENTED_EDGE ( 'NONE', *, *, #2166, .T. ) ;
#2519 = AXIS2_PLACEMENT_3D ( 'NONE', #2575, #3145, #320 ) ;
#2520 = VERTEX_POINT ( 'NONE', #3125 ) ;
#2521 = DIRECTION ( 'NONE',  ( 0.000000000000000000, 0.000000000000000000, 1.000000000000000000 ) ) ;
#2522 = DIRECTION ( 'NONE',  ( -0.3090169943749442316, 0.000000000000000000, -0.9510565162951545304 ) ) ;
#2523 = CARTESIAN_POINT ( 'NONE',  ( 15.79999999999996696, 3.100000000000000089, -25.25099999999999767 ) ) ;
#2524 = VECTOR ( 'NONE', #2515, 1000.000000000000000 ) ;
#2525 = ORIENTED_EDGE ( 'NONE', *, *, #912, .F. ) ;
#2526 = LINE ( 'NONE', #1128, #1570 ) ;
#2527 = DIRECTION ( 'NONE',  ( 0.000000000000000000, 1.000000000000000000, 0.000000000000000000 ) ) ;
#2528 = VECTOR ( 'NONE', #2638, 1000.000000000000114 ) ;
#2529 = EDGE_CURVE ( 'NONE', #889, #2876, #1955, .T. ) ;
#2530 = ORIENTED_EDGE ( 'NONE', *, *, #1766, .T. ) ;
#2531 = ORIENTED_EDGE ( 'NONE', *, *, #511, .T. ) ;
#2532 = DIRECTION ( 'NONE',  ( 1.000000000000000000, 0.000000000000000000, 0.000000000000000000 ) ) ;
#2533 = CARTESIAN_POINT ( 'NONE',  ( 12.69999999999999929, 0.000000000000000000, -1.999999999999998224 ) ) ;
#2534 = AXIS2_PLACEMENT_3D ( 'NONE', #2561, #1962, #820 ) ;
#2535 = EDGE_CURVE ( 'NONE', #2862, #1329, #3324, .T. ) ;
#2536 = ORIENTED_EDGE ( 'NONE', *, *, #3632, .T. ) ;
#2537 = CIRCLE ( 'NONE', #3299, 3.175000000000000711 ) ;
#2538 = DIRECTION ( 'NONE',  ( -0.000000000000000000, 1.000000000000000000, -0.000000000000000000 ) ) ;
#2539 = ORIENTED_EDGE ( 'NONE', *, *, #2902, .T. ) ;
#2540 = CARTESIAN_POINT ( 'NONE',  ( 0.000000000000000000, 0.000000000000000000, 0.000000000000000000 ) ) ;
#2541 = DIRECTION ( 'NONE',  ( 0.000000000000000000, 0.000000000000000000, -1.000000000000000000 ) ) ;
#2542 = VECTOR ( 'NONE', #2054, 1000.000000000000000 ) ;
#2543 = DIRECTION ( 'NONE',  ( -0.000000000000000000, -1.000000000000000000, -0.000000000000000000 ) ) ;
#2544 = VERTEX_POINT ( 'NONE', #2791 ) ;
#2545 = LINE ( 'NONE', #52, #2159 ) ;
#2546 = EDGE_CURVE ( 'NONE', #61, #3267, #2039, .T. ) ;
#2547 = AXIS2_PLACEMENT_3D ( 'NONE', #714, #1821, #3520 ) ;
#2548 = ORIENTED_EDGE ( 'NONE', *, *, #829, .F. ) ;
#2549 = ORIENTED_EDGE ( 'NONE', *, *, #407, .F. ) ;
#2550 = ORIENTED_EDGE ( 'NONE', *, *, #3430, .T. ) ;
#2551 = EDGE_CURVE ( 'NONE', #2949, #2554, #1579, .T. ) ;
#2552 = CARTESIAN_POINT ( 'NONE',  ( 3.174999999999999822, 0.000000000000000000, 0.000000000000000000 ) ) ;
#2553 = CARTESIAN_POINT ( 'NONE',  ( 12.69999999999999929, 0.000000000000000000, 5.389000000000001123 ) ) ;
#2554 = VERTEX_POINT ( 'NONE', #2839 ) ;
#2555 = EDGE_CURVE ( 'NONE', #3344, #1754, #3575, .T. ) ;
#2556 = CARTESIAN_POINT ( 'NONE',  ( 6.349999999999996092, -2.175000000000000711, -6.349999999999999645 ) ) ;
#2557 = DIRECTION ( 'NONE',  ( -0.000000000000000000, -0.000000000000000000, 1.000000000000000000 ) ) ;
#2558 = ADVANCED_FACE ( 'NONE', ( #3361 ), #1348, .T. ) ;
#2559 = ORIENTED_EDGE ( 'NONE', *, *, #574, .T. ) ;
#2560 = CARTESIAN_POINT ( 'NONE',  ( 17.08406204335659240, 0.000000000000000000, 0.000000000000000000 ) ) ;
#2561 = CARTESIAN_POINT ( 'NONE',  ( 12.55000000000002736, -6.350000000000031619, -25.25099999999999767 ) ) ;
#2562 = CIRCLE ( 'NONE', #481, 2.299999999999999822 ) ;
#2563 = LINE ( 'NONE', #2850, #932 ) ;
#2564 = ORIENTED_EDGE ( 'NONE', *, *, #22, .T. ) ;
#2565 = EDGE_LOOP ( 'NONE', ( #1427, #3276, #414, #1761 ) ) ;
#2566 = CARTESIAN_POINT ( 'NONE',  ( 6.349999999999996092, -5.460999999999999410, -21.14999999999999503 ) ) ;
#2567 = ORIENTED_EDGE ( 'NONE', *, *, #1698, .T. ) ;
#2568 =( BOUNDED_CURVE ( )  B_SPLINE_CURVE ( 3, ( #3556, #2154, #3008, #2096 ),
 .UNSPECIFIED., .F., .F. ) 
 B_SPLINE_CURVE_WITH_KNOTS ( ( 4, 4 ),
 ( 4.362112093716119077, 4.472917508490047211 ),
 .UNSPECIFIED. ) 
 CURVE ( )  GEOMETRIC_REPRESENTATION_ITEM ( )  RATIONAL_B_SPLINE_CURVE ( ( 1.000000000000000000, 0.9989771083553060649, 0.9989771083553060649, 1.000000000000000000 ) ) 
 REPRESENTATION_ITEM ( '' )  );
#2569 = CARTESIAN_POINT ( 'NONE',  ( -2.100000000000000089, 0.000000000000000000, 5.438999999999999169 ) ) ;
#2570 = DIRECTION ( 'NONE',  ( 0.000000000000000000, 0.000000000000000000, 1.000000000000000000 ) ) ;
#2571 = ORIENTED_EDGE ( 'NONE', *, *, #231, .F. ) ;
#2572 = CARTESIAN_POINT ( 'NONE',  ( 12.57633097849892323, 2.099990463092004322, 2.139040055015564601 ) ) ;
#2573 = CARTESIAN_POINT ( 'NONE',  ( 12.69999999999999929, 0.000000000000000000, 5.620762745781209269 ) ) ;
#2574 = EDGE_CURVE ( 'NONE', #2076, #638, #1971, .T. ) ;
#2575 = CARTESIAN_POINT ( 'NONE',  ( 12.69999999999999929, 0.000000000000000000, -1.999999999999998224 ) ) ;
#2576 = AXIS2_PLACEMENT_3D ( 'NONE', #1339, #2124, #2992 ) ;
#2577 = PLANE ( 'NONE',  #1238 ) ;
#2578 = DIRECTION ( 'NONE',  ( 0.7071067811865511255, -0.7071067811865440200, 0.000000000000000000 ) ) ;
#2579 = CARTESIAN_POINT ( 'NONE',  ( 6.349999999999996092, -5.460999999999999410, -19.04999999999999716 ) ) ;
#2580 = EDGE_CURVE ( 'NONE', #1953, #331, #2774, .T. ) ;
#2581 = DIRECTION ( 'NONE',  ( -0.000000000000000000, -0.000000000000000000, -1.000000000000000000 ) ) ;
#2582 = VECTOR ( 'NONE', #2372, 1000.000000000000000 ) ;
#2583 = ORIENTED_EDGE ( 'NONE', *, *, #534, .F. ) ;
#2584 = CIRCLE ( 'NONE', #3115, 2.268258436585968152 ) ;
#2585 = VERTEX_POINT ( 'NONE', #2496 ) ;
#2586 = ORIENTED_EDGE ( 'NONE', *, *, #11, .F. ) ;
#2587 = CARTESIAN_POINT ( 'NONE',  ( 11.97936842241353439, -1.972483239316685122, 5.138999999999997570 ) ) ;
#2588 = CIRCLE ( 'NONE', #2646, 2.268258436585967264 ) ;
#2589 =( BOUNDED_CURVE ( )  B_SPLINE_CURVE ( 3, ( #552, #1454, #2833, #3429 ),
 .UNSPECIFIED., .F., .F. ) 
 B_SPLINE_CURVE_WITH_KNOTS ( ( 4, 4 ),
 ( 4.362112093716119077, 4.472917508490046323 ),
 .UNSPECIFIED. ) 
 CURVE ( )  GEOMETRIC_REPRESENTATION_ITEM ( )  RATIONAL_B_SPLINE_CURVE ( ( 1.000000000000000000, 0.9989771083553060649, 0.9989771083553060649, 1.000000000000000000 ) ) 
 REPRESENTATION_ITEM ( '' )  );
#2590 = VERTEX_POINT ( 'NONE', #44 ) ;
#2591 = CARTESIAN_POINT ( 'NONE',  ( -2.100000000000000089, 0.000000000000000000, 0.8890000000000009006 ) ) ;
#2592 = EDGE_CURVE ( 'NONE', #5, #2931, #493, .T. ) ;
#2593 = VECTOR ( 'NONE', #2698, 1000.000000000000000 ) ;
#2594 =( LENGTH_UNIT ( ) NAMED_UNIT ( * ) SI_UNIT ( .MILLI., .METRE. ) );
#2595 = VERTEX_POINT ( 'NONE', #2399 ) ;
#2596 = CARTESIAN_POINT ( 'NONE',  ( 13.09999999999999964, -3.174999999999998934, 5.139000000000001123 ) ) ;
#2597 = CYLINDRICAL_SURFACE ( 'NONE', #2959, 3.175000000000000711 ) ;
#2598 = ADVANCED_FACE ( 'NONE', ( #406 ), #88, .T. ) ;
#2599 = APPROVAL ( #1521, 'UNSPECIFIED' ) ;
#2600 = AXIS2_PLACEMENT_3D ( 'NONE', #2800, #1456, #3390 ) ;
#2601 = CARTESIAN_POINT ( 'NONE',  ( 12.69999999999993534, 6.200000000000000178, 0.000000000000000000 ) ) ;
#2602 = DIRECTION ( 'NONE',  ( 0.000000000000000000, 1.000000000000000000, 0.000000000000000000 ) ) ;
#2603 = FACE_BOUND ( 'NONE', #623, .T. ) ;
#2604 = EDGE_CURVE ( 'NONE', #889, #1892, #1564, .T. ) ;
#2605 = ADVANCED_FACE ( 'NONE', ( #3259 ), #982, .F. ) ;
#2606 = ORIENTED_EDGE ( 'NONE', *, *, #351, .F. ) ;
#2607 = ORIENTED_EDGE ( 'NONE', *, *, #773, .T. ) ;
#2608 = LINE ( 'NONE', #57, #567 ) ;
#2609 = CARTESIAN_POINT ( 'NONE',  ( 6.349999999999996092, -2.175000000000000711, -15.87499999999999645 ) ) ;
#2610 = CARTESIAN_POINT ( 'NONE',  ( 6.349999999999996092, -5.460999999999999410, -3.174999999999998490 ) ) ;
#2611 = AXIS2_PLACEMENT_3D ( 'NONE', #1499, #3487, #2958 ) ;
#2612 = ORIENTED_EDGE ( 'NONE', *, *, #1785, .F. ) ;
#2613 = CARTESIAN_POINT ( 'NONE',  ( 13.42063157758646774, 1.972483239316684234, 5.138999999999997570 ) ) ;
#2614 = CARTESIAN_POINT ( 'NONE',  ( 15.80000000000003268, -3.100000000000000089, -1.999999999999998224 ) ) ;
#2615 = ORIENTED_EDGE ( 'NONE', *, *, #1623, .T. ) ;
#2616 = ORIENTED_EDGE ( 'NONE', *, *, #134, .F. ) ;
#2617 = DIRECTION ( 'NONE',  ( 1.000000000000000000, 0.000000000000000000, 0.000000000000000000 ) ) ;
#2618 = LINE ( 'NONE', #67, #995 ) ;
#2619 = ADVANCED_FACE ( 'NONE', ( #1857 ), #2982, .F. ) ;
#2620 = LINE ( 'NONE', #3495, #1052 ) ;
#2621 = DIRECTION ( 'NONE',  ( -0.000000000000000000, -0.000000000000000000, -1.000000000000000000 ) ) ;
#2622 = VECTOR ( 'NONE', #76, 1000.000000000000000 ) ;
#2623 = EDGE_CURVE ( 'NONE', #993, #1897, #441, .T. ) ;
#2624 = CARTESIAN_POINT ( 'NONE',  ( -0.2470917478819843194, 2.087439085565598429, 2.187221323398956585 ) ) ;
#2625 = LINE ( 'NONE', #694, #3309 ) ;
#2626 = CIRCLE ( 'NONE', #1740, 2.268258436585968152 ) ;
#2627 = FACE_OUTER_BOUND ( 'NONE', #2309, .T. ) ;
#2628 = LOCAL_TIME ( 14, 7, 27.00000000000000000, #9 ) ;
#2629 = VERTEX_POINT ( 'NONE', #2070 ) ;
#2630 = CARTESIAN_POINT ( 'NONE',  ( -0.3999999999999999667, 2.264950330581225302, 5.523072258617638397 ) ) ;
#2631 = ORIENTED_EDGE ( 'NONE', *, *, #1189, .F. ) ;
#2632 = LINE ( 'NONE', #972, #1819 ) ;
#2633 = LINE ( 'NONE', #1006, #2105 ) ;
#2634 = AXIS2_PLACEMENT_3D ( 'NONE', #46, #392, #3226 ) ;
#2635 = FACE_OUTER_BOUND ( 'NONE', #157, .T. ) ;
#2636 = DIRECTION ( 'NONE',  ( 0.000000000000000000, 0.000000000000000000, 1.000000000000000000 ) ) ;
#2637 = LINE ( 'NONE', #1495, #648 ) ;
#2638 = DIRECTION ( 'NONE',  ( 0.7071067811865474617, -8.552234196640333322E-17, -0.7071067811865474617 ) ) ;
#2639 = AXIS2_PLACEMENT_3D ( 'NONE', #3368, #1471, #1450 ) ;
#2640 = DIRECTION ( 'NONE',  ( 0.000000000000000000, 1.000000000000000000, 0.000000000000000000 ) ) ;
#2641 = CARTESIAN_POINT ( 'NONE',  ( 12.54999999999999716, -0.1999999999999996503, -11.56862915010152371 ) ) ;
#2642 = ADVANCED_FACE ( 'NONE', ( #3512 ), #2901, .T. ) ;
#2643 = AXIS2_PLACEMENT_3D ( 'NONE', #1221, #2602, #53 ) ;
#2644 = CC_DESIGN_PERSON_AND_ORGANIZATION_ASSIGNMENT ( #2912, #358, ( #732 ) ) ;
#2645 = ORIENTED_EDGE ( 'NONE', *, *, #2861, .T. ) ;
#2646 = AXIS2_PLACEMENT_3D ( 'NONE', #3257, #2362, #673 ) ;
#2647 = CARTESIAN_POINT ( 'NONE',  ( 12.55000000000002736, -6.350000000000031619, 0.000000000000000000 ) ) ;
#2648 = EDGE_CURVE ( 'NONE', #1911, #2820, #1642, .T. ) ;
#2649 = ORIENTED_EDGE ( 'NONE', *, *, #2235, .F. ) ;
#2650 = PERSON_AND_ORGANIZATION_ROLE ( 'design_supplier' ) ;
#2651 = CARTESIAN_POINT ( 'NONE',  ( 12.69999999999993534, 6.200000000000000178, -1.999999999999998224 ) ) ;
#2652 = DIRECTION ( 'NONE',  ( -0.000000000000000000, -0.000000000000000000, -1.000000000000000000 ) ) ;
#2653 = CIRCLE ( 'NONE', #3474, 0.7499999999999997780 ) ;
#2654 = DIRECTION ( 'NONE',  ( 0.000000000000000000, 0.000000000000000000, 1.000000000000000000 ) ) ;
#2655 = ORIENTED_EDGE ( 'NONE', *, *, #961, .F. ) ;
#2656 = DIRECTION ( 'NONE',  ( 1.000000000000000000, -0.000000000000000000, 0.000000000000000000 ) ) ;
#2657 = EDGE_CURVE ( 'NONE', #2780, #1519, #958, .T. ) ;
#2658 = DIRECTION ( 'NONE',  ( -1.000000000000000000, 0.000000000000000000, 0.000000000000000000 ) ) ;
#2659 = EDGE_CURVE ( 'NONE', #917, #1170, #2161, .T. ) ;
#2660 = CARTESIAN_POINT ( 'NONE',  ( 12.30000000000000071, -1.502637486114517751, 6.138999999999998458 ) ) ;
#2661 = CARTESIAN_POINT ( 'NONE',  ( 0.4000000000000000222, 2.129368206736822255, 5.466985055880803301 ) ) ;
#2662 = AXIS2_PLACEMENT_3D ( 'NONE', #1387, #480, #3570 ) ;
#2663 = ADVANCED_FACE ( 'NONE', ( #2671 ), #1866, .T. ) ;
#2664 = ORIENTED_EDGE ( 'NONE', *, *, #1252, .T. ) ;
#2665 = VERTEX_POINT ( 'NONE', #3463 ) ;
#2666 = CARTESIAN_POINT ( 'NONE',  ( 0.000000000000000000, 0.000000000000000000, 6.138999999999998458 ) ) ;
#2667 = EDGE_CURVE ( 'NONE', #2201, #1808, #3464, .T. ) ;
#2668 = CARTESIAN_POINT ( 'NONE',  ( 0.1499999999999971634, -0.1999999999999996503, -13.83137084989847310 ) ) ;
#2669 = ORIENTED_EDGE ( 'NONE', *, *, #849, .T. ) ;
#2670 = PLANE ( 'NONE',  #808 ) ;
#2671 = FACE_OUTER_BOUND ( 'NONE', #2463, .T. ) ;
#2672 = FACE_OUTER_BOUND ( 'NONE', #3100, .T. ) ;
#2673 = ORIENTED_EDGE ( 'NONE', *, *, #1735, .F. ) ;
#2674 = LINE ( 'NONE', #1239, #2528 ) ;
#2675 = CARTESIAN_POINT ( 'NONE',  ( -0.3999999999999999667, 2.264950330581225302, 5.523072258617638397 ) ) ;
#2676 = AXIS2_PLACEMENT_3D ( 'NONE', #2400, #3526, #1001 ) ;
#2677 = DIRECTION ( 'NONE',  ( -3.610685720876617428E-16, 0.000000000000000000, 1.000000000000000000 ) ) ;
#2678 = FACE_OUTER_BOUND ( 'NONE', #803, .T. ) ;
#2679 = ORIENTED_EDGE ( 'NONE', *, *, #2235, .T. ) ;
#2680 = DIRECTION ( 'NONE',  ( -0.7071067811865475727, 0.000000000000000000, -0.7071067811865475727 ) ) ;
#2681 = DIRECTION ( 'NONE',  ( 0.000000000000000000, 0.000000000000000000, 1.000000000000000000 ) ) ;
#2682 = ADVANCED_FACE ( 'NONE', ( #366 ), #2109, .T. ) ;
#2683 = ORIENTED_EDGE ( 'NONE', *, *, #605, .T. ) ;
#2684 = DIRECTION ( 'NONE',  ( 0.7071067811865477948, 0.000000000000000000, -0.7071067811865473507 ) ) ;
#2685 = DIRECTION ( 'NONE',  ( -0.7071067811865474617, 8.552234196640333322E-17, -0.7071067811865474617 ) ) ;
#2686 = LINE ( 'NONE', #87, #2179 ) ;
#2687 = VERTEX_POINT ( 'NONE', #1751 ) ;
#2688 = CARTESIAN_POINT ( 'NONE',  ( 1.149999999999997247, -32.54999999999999716, -14.24558441227156891 ) ) ;
#2689 = DIRECTION ( 'NONE',  ( -1.000000000000000000, 0.000000000000000000, 0.000000000000000000 ) ) ;
#2690 = ORIENTED_EDGE ( 'NONE', *, *, #462, .F. ) ;
#2691 = DIRECTION ( 'NONE',  ( 0.000000000000000000, 1.000000000000000000, 0.000000000000000000 ) ) ;
#2692 = VECTOR ( 'NONE', #2917, 999.9999999999998863 ) ;
#2693 = FACE_OUTER_BOUND ( 'NONE', #116, .T. ) ;
#2694 = CONICAL_SURFACE ( 'NONE', #3523, 2.299999999999999822, 0.3141592653589760364 ) ;
#2695 = EDGE_LOOP ( 'NONE', ( #298, #449, #2794, #1546 ) ) ;
#2696 = VERTEX_POINT ( 'NONE', #327 ) ;
#2697 = ADVANCED_FACE ( 'NONE', ( #70 ), #1477, .F. ) ;
#2698 = DIRECTION ( 'NONE',  ( 0.000000000000000000, 0.000000000000000000, 1.000000000000000000 ) ) ;
#2699 = CARTESIAN_POINT ( 'NONE',  ( 12.69999999999999929, 0.000000000000000000, 0.000000000000000000 ) ) ;
#2700 = AXIS2_PLACEMENT_3D ( 'NONE', #1786, #2656, #946 ) ;
#2701 = ORIENTED_EDGE ( 'NONE', *, *, #675, .F. ) ;
#2702 = DIRECTION ( 'NONE',  ( -0.000000000000000000, 1.000000000000000000, 0.000000000000000000 ) ) ;
#2703 = EDGE_CURVE ( 'NONE', #3091, #649, #1206, .T. ) ;
#2704 = DIRECTION ( 'NONE',  ( 0.000000000000000000, 1.000000000000000000, 0.000000000000000000 ) ) ;
#2705 = ORIENTED_EDGE ( 'NONE', *, *, #3112, .T. ) ;
#2706 = AXIS2_PLACEMENT_3D ( 'NONE', #1106, #899, #307 ) ;
#2707 = CARTESIAN_POINT ( 'NONE',  ( 0.000000000000000000, 0.000000000000000000, 0.000000000000000000 ) ) ;
#2708 = EDGE_CURVE ( 'NONE', #2384, #2126, #3015, .T. ) ;
#2709 = PLANE ( 'NONE',  #2003 ) ;
#2710 = ADVANCED_FACE ( 'NONE', ( #1049 ), #508, .T. ) ;
#2711 = ORIENTED_EDGE ( 'NONE', *, *, #859, .F. ) ;
#2712 = AXIS2_PLACEMENT_3D ( 'NONE', #2472, #2228, #3552 ) ;
#2713 = CARTESIAN_POINT ( 'NONE',  ( 12.54999999999999716, -6.200000000000001066, -19.04999999999999716 ) ) ;
#2714 = FACE_OUTER_BOUND ( 'NONE', #2695, .T. ) ;
#2715 = VERTEX_POINT ( 'NONE', #193 ) ;
#2716 = ORIENTED_EDGE ( 'NONE', *, *, #389, .T. ) ;
#2717 = ORIENTED_EDGE ( 'NONE', *, *, #1865, .F. ) ;
#2718 = CARTESIAN_POINT ( 'NONE',  ( 10.00441558772842576, -0.1999999999999996503, -12.69999999999999929 ) ) ;
#2719 = CARTESIAN_POINT ( 'NONE',  ( -6.200000000000001066, 6.200000000000000178, 0.000000000000000000 ) ) ;
#2720 = VERTEX_POINT ( 'NONE', #1907 ) ;
#2721 = DIRECTION ( 'NONE',  ( -3.610685720876617428E-16, 0.000000000000000000, 1.000000000000000000 ) ) ;
#2722 = CARTESIAN_POINT ( 'NONE',  ( 0.4980973490458738828, -3.174999999999999822, 2.595422128626172054 ) ) ;
#2723 = DIRECTION ( 'NONE',  ( -1.000000000000000000, 0.000000000000000000, 0.000000000000000000 ) ) ;
#2724 = ORIENTED_EDGE ( 'NONE', *, *, #2801, .T. ) ;
#2725 = EDGE_CURVE ( 'NONE', #1319, #1150, #767, .T. ) ;
#2726 = CARTESIAN_POINT ( 'NONE',  ( 6.349999999999996092, -5.460999999999999410, -9.525000000000002132 ) ) ;
#2727 = LINE ( 'NONE', #1932, #591 ) ;
#2728 = EDGE_CURVE ( 'NONE', #2438, #629, #1286, .T. ) ;
#2729 = ORIENTED_EDGE ( 'NONE', *, *, #603, .T. ) ;
#2730 = ORIENTED_EDGE ( 'NONE', *, *, #2451, .F. ) ;
#2731 = DIRECTION ( 'NONE',  ( 8.115498896123167176E-15, 0.000000000000000000, 1.000000000000000000 ) ) ;
#2732 = LINE ( 'NONE', #1332, #1176 ) ;
#2733 = EDGE_CURVE ( 'NONE', #295, #754, #1869, .T. ) ;
#2734 = ORIENTED_EDGE ( 'NONE', *, *, #1873, .F. ) ;
#2735 = ORIENTED_EDGE ( 'NONE', *, *, #2703, .F. ) ;
#2736 = DIRECTION ( 'NONE',  ( -0.7071067811865474617, 0.000000000000000000, 0.7071067811865474617 ) ) ;
#2737 = LINE ( 'NONE', #2719, #941 ) ;
#2738 = ORIENTED_EDGE ( 'NONE', *, *, #2329, .F. ) ;
#2739 = VERTEX_POINT ( 'NONE', #2425 ) ;
#2740 = DIRECTION ( 'NONE',  ( -1.000000000000000000, 0.000000000000000000, 0.000000000000000000 ) ) ;
#2741 = DIRECTION ( 'NONE',  ( 0.000000000000000000, 1.000000000000000000, 0.000000000000000000 ) ) ;
#2742 = FACE_OUTER_BOUND ( 'NONE', #446, .T. ) ;
#2743 = CARTESIAN_POINT ( 'NONE',  ( -1.850000000000002531, -0.1999999999999987899, -4.000000000000000000 ) ) ;
#2744 = ORIENTED_EDGE ( 'NONE', *, *, #2919, .F. ) ;
#2745 = CARTESIAN_POINT ( 'NONE',  ( 12.69999999999993534, 6.200000000000000178, -25.25099999999999767 ) ) ;
#2746 = CARTESIAN_POINT ( 'NONE',  ( 1.281370849898472386, -32.54999999999999716, -12.69999999999999929 ) ) ;
#2747 = ORIENTED_EDGE ( 'NONE', *, *, #607, .F. ) ;
#2748 = ORIENTED_EDGE ( 'NONE', *, *, #3223, .T. ) ;
#2749 = EDGE_CURVE ( 'NONE', #1567, #2413, #2584, .T. ) ;
#2750 = LINE ( 'NONE', #3225, #606 ) ;
#2751 = LINE ( 'NONE', #1355, #1988 ) ;
#2752 = VECTOR ( 'NONE', #33, 1000.000000000000114 ) ;
#2753 = ORIENTED_EDGE ( 'NONE', *, *, #802, .F. ) ;
#2754 = ORIENTED_EDGE ( 'NONE', *, *, #1628, .T. ) ;
#2755 = VECTOR ( 'NONE', #2702, 1000.000000000000000 ) ;
#2756 = DIRECTION ( 'NONE',  ( 1.000000000000000000, 0.000000000000000000, 8.115498896123205041E-15 ) ) ;
#2757 = CARTESIAN_POINT ( 'NONE',  ( 12.54999999999999716, -6.200000000000001066, -4.000000000000000000 ) ) ;
#2758 = ADVANCED_FACE ( 'NONE', ( #2186 ), #3038, .T. ) ;
#2759 = AXIS2_PLACEMENT_3D ( 'NONE', #3553, #1035, #3572 ) ;
#2760 = ORIENTED_EDGE ( 'NONE', *, *, #3141, .T. ) ;
#2761 = DIRECTION ( 'NONE',  ( -0.000000000000000000, -0.000000000000000000, 1.000000000000000000 ) ) ;
#2762 = DIRECTION ( 'NONE',  ( -0.08715574274765176821, 0.000000000000000000, -0.9961946980917461003 ) ) ;
#2763 = DIRECTION ( 'NONE',  ( 0.000000000000000000, 0.000000000000000000, 1.000000000000000000 ) ) ;
#2764 = CONICAL_SURFACE ( 'NONE', #3352, 2.100000000000000089, 1.172861257340199304 ) ;
#2765 = DIRECTION ( 'NONE',  ( -1.000000000000000000, 0.000000000000000000, -0.000000000000000000 ) ) ;
#2766 = ORIENTED_EDGE ( 'NONE', *, *, #114, .T. ) ;
#2767 = DIRECTION ( 'NONE',  ( -0.000000000000000000, 1.000000000000000000, -0.000000000000000000 ) ) ;
#2768 = DIRECTION ( 'NONE',  ( -0.7071067811865475727, 0.000000000000000000, 0.7071067811865475727 ) ) ;
#2769 = B_SPLINE_CURVE_WITH_KNOTS ( 'NONE', 3,
 ( #2660, #3210, #1745, #1246, #895, #2331 ),
 .UNSPECIFIED., .F., .F.,
 ( 4, 2, 4 ),
 ( 0.000000000000000000, 0.0004757428370953074317, 0.0009514856741906148633 ),
 .UNSPECIFIED. ) ;
#2770 = VECTOR ( 'NONE', #3544, 1000.000000000000000 ) ;
#2771 = ORIENTED_EDGE ( 'NONE', *, *, #654, .T. ) ;
#2772 = CARTESIAN_POINT ( 'NONE',  ( 1.149999999999997247, -32.54999999999999716, -11.15441558772842967 ) ) ;
#2773 = CIRCLE ( 'NONE', #3651, 2.299999999999999822 ) ;
#2774 = LINE ( 'NONE', #301, #3222 ) ;
#2775 = ADVANCED_FACE ( 'NONE', ( #496 ), #1367, .F. ) ;
#2776 = ORIENTED_EDGE ( 'NONE', *, *, #437, .F. ) ;
#2777 = DIRECTION ( 'NONE',  ( -0.000000000000000000, 1.000000000000000000, -0.000000000000000000 ) ) ;
#2778 = ORIENTED_EDGE ( 'NONE', *, *, #276, .T. ) ;
#2779 = ADVANCED_FACE ( 'NONE', ( #1636 ), #215, .T. ) ;
#2780 = VERTEX_POINT ( 'NONE', #709 ) ;
#2781 = LINE ( 'NONE', #214, #2755 ) ;
#2782 = LINE ( 'NONE', #216, #1426 ) ;
#2783 = CARTESIAN_POINT ( 'NONE',  ( -6.199999999999999289, 0.000000000000000000, 0.000000000000000000 ) ) ;
#2784 = VECTOR ( 'NONE', #1894, 1000.000000000000000 ) ;
#2785 = ORIENTED_EDGE ( 'NONE', *, *, #368, .F. ) ;
#2786 = DIRECTION ( 'NONE',  ( -0.000000000000000000, 0.000000000000000000, 1.000000000000000000 ) ) ;
#2787 = DIRECTION ( 'NONE',  ( 0.7071067811865477948, -8.552234196640335788E-17, 0.7071067811865473507 ) ) ;
#2788 = ORIENTED_EDGE ( 'NONE', *, *, #3119, .F. ) ;
#2789 = ORIENTED_EDGE ( 'NONE', *, *, #1208, .T. ) ;
#2790 = CARTESIAN_POINT ( 'NONE',  ( 11.54999999999999538, -2.175000000000006928, -11.15441558772842967 ) ) ;
#2791 = CARTESIAN_POINT ( 'NONE',  ( 6.349999999999996092, -4.174999999999999822, -9.525000000000002132 ) ) ;
#2792 = VERTEX_POINT ( 'NONE', #1837 ) ;
#2793 = DIRECTION ( 'NONE',  ( 1.000000000000000000, -1.365923996832131363E-16, 0.000000000000000000 ) ) ;
#2794 = ORIENTED_EDGE ( 'NONE', *, *, #1741, .T. ) ;
#2795 = DATE_AND_TIME ( #2277, #2628 ) ;
#2796 = VECTOR ( 'NONE', #527, 1000.000000000000000 ) ;
#2797 = CARTESIAN_POINT ( 'NONE',  ( 0.4000000000000001887, 2.232710535457612888, 5.620762745781209269 ) ) ;
#2798 = ORIENTED_EDGE ( 'NONE', *, *, #2529, .T. ) ;
#2799 = CARTESIAN_POINT ( 'NONE',  ( 6.349999999999996092, -5.460999999999999410, -22.22499999999999787 ) ) ;
#2800 = CARTESIAN_POINT ( 'NONE',  ( 0.000000000000000000, 0.000000000000000000, -1.999999999999998224 ) ) ;
#2801 = EDGE_CURVE ( 'NONE', #1315, #1352, #416, .T. ) ;
#2802 = EDGE_LOOP ( 'NONE', ( #3373, #3546, #3434, #249, #2530, #311, #3317, #1102, #2536, #905, #188, #3363, #2169, #775, #2669, #916, #1060, #628, #2231, #3399, #2250, #341, #558, #3031 ) ) ;
#2803 = LINE ( 'NONE', #258, #3149 ) ;
#2804 = CARTESIAN_POINT ( 'NONE',  ( -6.200000000000001066, 6.200000000000000178, -2.000000000000000000 ) ) ;
#2805 = CIRCLE ( 'NONE', #1223, 2.100000000000000977 ) ;
#2806 = CARTESIAN_POINT ( 'NONE',  ( 0.4000000000000000222, -2.243459280444428217, 5.588199955838118349 ) ) ;
#2807 = AXIS2_PLACEMENT_3D ( 'NONE', #852, #1974, #566 ) ;
#2808 = DIRECTION ( 'NONE',  ( -3.635732195710287636E-17, 0.000000000000000000, 1.000000000000000000 ) ) ;
#2809 = CIRCLE ( 'NONE', #1985, 2.099999999999997868 ) ;
#2810 = ADVANCED_FACE ( 'NONE', ( #2444 ), #3294, .F. ) ;
#2811 = EDGE_LOOP ( 'NONE', ( #1303, #1222, #2203, #894 ) ) ;
#2812 = DIRECTION ( 'NONE',  ( -0.7071067811865474617, 0.000000000000000000, -0.7071067811865474617 ) ) ;
#2813 = DIRECTION ( 'NONE',  ( -3.610685720876616442E-16, -0.000000000000000000, 1.000000000000000000 ) ) ;
#2814 = VECTOR ( 'NONE', #3548, 1000.000000000000000 ) ;
#2815 = ORIENTED_EDGE ( 'NONE', *, *, #1944, .F. ) ;
#2816 = EDGE_CURVE ( 'NONE', #1892, #1804, #2128, .T. ) ;
#2817 = CARTESIAN_POINT ( 'NONE',  ( 12.69999999999999929, 0.000000000000000000, 5.389000000000001123 ) ) ;
#2818 = CIRCLE ( 'NONE', #3285, 2.099999999999997868 ) ;
#2819 = AXIS2_PLACEMENT_3D ( 'NONE', #2834, #920, #1750 ) ;
#2820 = VERTEX_POINT ( 'NONE', #1616 ) ;
#2821 = EDGE_CURVE ( 'NONE', #615, #1897, #3253, .T. ) ;
#2822 = ORIENTED_EDGE ( 'NONE', *, *, #2861, .F. ) ;
#2823 = FACE_OUTER_BOUND ( 'NONE', #2196, .T. ) ;
#2824 = EDGE_CURVE ( 'NONE', #3325, #2949, #724, .T. ) ;
#2825 =( BOUNDED_CURVE ( )  B_SPLINE_CURVE ( 3, ( #559, #3139, #1739, #2307 ),
 .UNSPECIFIED., .F., .F. ) 
 B_SPLINE_CURVE_WITH_KNOTS ( ( 4, 4 ),
 ( 3.531353386387347193, 4.712388980384689674 ),
 .UNSPECIFIED. ) 
 CURVE ( )  GEOMETRIC_REPRESENTATION_ITEM ( )  RATIONAL_B_SPLINE_CURVE ( ( 1.000000000000000000, 0.8871016571012626528, 0.8871016571012626528, 1.000000000000000000 ) ) 
 REPRESENTATION_ITEM ( '' )  );
#2826 = CARTESIAN_POINT ( 'NONE',  ( 11.41862915010152157, -0.1999999999999996503, -12.69999999999999929 ) ) ;
#2827 = CARTESIAN_POINT ( 'NONE',  ( 0.2470917478819859014, -2.087439085565598429, 2.187221323398956585 ) ) ;
#2828 = CIRCLE ( 'NONE', #2937, 3.175000000000001155 ) ;
#2829 = DIRECTION ( 'NONE',  ( -0.000000000000000000, 1.000000000000000000, -0.000000000000000000 ) ) ;
#2830 = DIRECTION ( 'NONE',  ( -0.000000000000000000, -0.000000000000000000, -1.000000000000000000 ) ) ;
#2831 = ORIENTED_EDGE ( 'NONE', *, *, #739, .F. ) ;
#2832 = DIRECTION ( 'NONE',  ( 1.000000000000000000, 0.000000000000000000, 0.000000000000000000 ) ) ;
#2833 = CARTESIAN_POINT ( 'NONE',  ( 0.5734863112436890953, -2.021666578221207988, 3.457121909598164233 ) ) ;
#2834 = CARTESIAN_POINT ( 'NONE',  ( 12.69999999999999929, 0.000000000000000000, 5.523072258617638397 ) ) ;
#2835 = EDGE_LOOP ( 'NONE', ( #2747, #2428, #2798, #454 ) ) ;
#2836 = CARTESIAN_POINT ( 'NONE',  ( 13.10000000000000142, 1.663442899047753887, 6.138999999999997570 ) ) ;
#2837 = ORIENTED_EDGE ( 'NONE', *, *, #3514, .F. ) ;
#2838 = DIRECTION ( 'NONE',  ( 0.7071067811865473507, -0.000000000000000000, 0.7071067811865477948 ) ) ;
#2839 = CARTESIAN_POINT ( 'NONE',  ( 6.349999999999996092, -4.174999999999999822, -15.87499999999999645 ) ) ;
#2840 = EDGE_CURVE ( 'NONE', #2239, #499, #433, .T. ) ;
#2841 =( BOUNDED_CURVE ( )  B_SPLINE_CURVE ( 3, ( #3540, #1547, #2453, #1018 ),
 .UNSPECIFIED., .F., .T. ) 
 B_SPLINE_CURVE_WITH_KNOTS ( ( 4, 4 ),
 ( 4.362112093716118189, 4.472917508490046323 ),
 .UNSPECIFIED. ) 
 CURVE ( )  GEOMETRIC_REPRESENTATION_ITEM ( )  RATIONAL_B_SPLINE_CURVE ( ( 1.000000000000000000, 0.9989771083553060649, 0.9989771083553060649, 1.000000000000000000 ) ) 
 REPRESENTATION_ITEM ( '' )  );
#2842 = ORIENTED_EDGE ( 'NONE', *, *, #3159, .T. ) ;
#2843 = LINE ( 'NONE', #3638, #1243 ) ;
#2844 = CARTESIAN_POINT ( 'NONE',  ( 12.69999999999999929, 0.000000000000000000, 0.8890000000000009006 ) ) ;
#2845 = EDGE_CURVE ( 'NONE', #3448, #2081, #2131, .T. ) ;
#2846 = ORIENTED_EDGE ( 'NONE', *, *, #1933, .T. ) ;
#2847 = CARTESIAN_POINT ( 'NONE',  ( 6.349999999999996092, -0.8890000000000000124, -9.525000000000002132 ) ) ;
#2848 = FACE_OUTER_BOUND ( 'NONE', #3496, .T. ) ;
#2849 = AXIS2_PLACEMENT_3D ( 'NONE', #1173, #2290, #2906 ) ;
#2850 = CARTESIAN_POINT ( 'NONE',  ( 10.40000000000000036, 0.000000000000000000, 5.523072258617638397 ) ) ;
#2851 = CARTESIAN_POINT ( 'NONE',  ( 12.30000000000000071, -2.264950330581225746, 5.523072258617638397 ) ) ;
#2852 = EDGE_LOOP ( 'NONE', ( #1138, #3636, #2111, #1114 ) ) ;
#2853 = ORIENTED_EDGE ( 'NONE', *, *, #2374, .T. ) ;
#2854 = CARTESIAN_POINT ( 'NONE',  ( -0.1236690215010796678, 2.099990463092004322, 2.139040055015564601 ) ) ;
#2855 = EDGE_CURVE ( 'NONE', #2554, #2949, #994, .T. ) ;
#2856 = ORIENTED_EDGE ( 'NONE', *, *, #2623, .F. ) ;
#2857 = DIRECTION ( 'NONE',  ( -1.000000000000000000, 0.000000000000000000, 0.000000000000000000 ) ) ;
#2858 = EDGE_CURVE ( 'NONE', #2018, #1149, #3669, .T. ) ;
#2859 = VERTEX_POINT ( 'NONE', #616 ) ;
#2860 = DIRECTION ( 'NONE',  ( -0.000000000000000000, 1.000000000000000000, -0.000000000000000000 ) ) ;
#2861 = EDGE_CURVE ( 'NONE', #873, #1804, #2608, .T. ) ;
#2862 = VERTEX_POINT ( 'NONE', #581 ) ;
#2863 = ORIENTED_EDGE ( 'NONE', *, *, #328, .F. ) ;
#2864 = DIRECTION ( 'NONE',  ( -0.7071067811865441310, 0.7071067811865510144, 0.000000000000000000 ) ) ;
#2865 = CARTESIAN_POINT ( 'NONE',  ( 6.349999999999996092, -0.8890000000000000124, -6.349999999999999645 ) ) ;
#2866 = VERTEX_POINT ( 'NONE', #2566 ) ;
#2867 = VECTOR ( 'NONE', #987, 1000.000000000000000 ) ;
#2868 = CARTESIAN_POINT ( 'NONE',  ( 2.100000000000000089, 0.000000000000000000, 5.438999999999999169 ) ) ;
#2869 = CIRCLE ( 'NONE', #1283, 3.174999999999999822 ) ;
#2870 = ORIENTED_EDGE ( 'NONE', *, *, #2048, .F. ) ;
#2871 = AXIS2_PLACEMENT_3D ( 'NONE', #2553, #2570, #3 ) ;
#2872 = ORIENTED_EDGE ( 'NONE', *, *, #368, .T. ) ;
#2873 = ORIENTED_EDGE ( 'NONE', *, *, #3156, .T. ) ;
#2874 = DIRECTION ( 'NONE',  ( 0.000000000000000000, 0.000000000000000000, -1.000000000000000000 ) ) ;
#2875 = CIRCLE ( 'NONE', #1289, 2.099999999999997868 ) ;
#2876 = VERTEX_POINT ( 'NONE', #1210 ) ;
#2877 = CARTESIAN_POINT ( 'NONE',  ( -0.3999999999999999667, 2.243459280444428217, 5.588199955838119237 ) ) ;
#2878 = ADVANCED_FACE ( 'NONE', ( #3449, #18 ), #925, .T. ) ;
#2879 = VECTOR ( 'NONE', #2704, 1000.000000000000000 ) ;
#2880 = PERSON_AND_ORGANIZATION ( #3562, #2121 ) ;
#2881 = VERTEX_POINT ( 'NONE', #1722 ) ;
#2882 = CYLINDRICAL_SURFACE ( 'NONE', #1650, 4.384062043356594884 ) ;
#2883 = CARTESIAN_POINT ( 'NONE',  ( 11.54999999999999538, -32.54999999999999716, -2.000000000000000000 ) ) ;
#2884 = EDGE_CURVE ( 'NONE', #3436, #2355, #2960, .T. ) ;
#2885 = AXIS2_PLACEMENT_3D ( 'NONE', #3315, #2485, #2763 ) ;
#2886 = FACE_OUTER_BOUND ( 'NONE', #2897, .T. ) ;
#2887 = CARTESIAN_POINT ( 'NONE',  ( 12.69999999999999929, 0.000000000000000000, 6.138999999999998458 ) ) ;
#2888 = DIRECTION ( 'NONE',  ( -8.115498896123205041E-15, 0.000000000000000000, 1.000000000000000000 ) ) ;
#2889 = EDGE_LOOP ( 'NONE', ( #2988, #2263, #2180, #232 ) ) ;
#2890 = ORIENTED_EDGE ( 'NONE', *, *, #3194, .F. ) ;
#2891 = CARTESIAN_POINT ( 'NONE',  ( 6.349999999999996092, -0.8890000000000000124, -19.04999999999999716 ) ) ;
#2892 = CARTESIAN_POINT ( 'NONE',  ( 0.1499999999999964972, -6.200000000000000178, -2.000000000000000000 ) ) ;
#2893 = DIRECTION ( 'NONE',  ( -0.000000000000000000, -0.000000000000000000, -1.000000000000000000 ) ) ;
#2894 = EDGE_LOOP ( 'NONE', ( #494, #3026, #869, #1630, #3242, #1365 ) ) ;
#2895 = CARTESIAN_POINT ( 'NONE',  ( 11.55000000000002558, -2.175000000000001155, -101.3795551986130192 ) ) ;
#2896 = MANIFOLD_SOLID_BREP ( '228-2500-132', #1601 ) ;
#2897 = EDGE_LOOP ( 'NONE', ( #2717, #2615, #3542, #979 ) ) ;
#2898 = CARTESIAN_POINT ( 'NONE',  ( 12.69999999999999929, 0.000000000000000000, 5.438999999999999169 ) ) ;
#2899 = CARTESIAN_POINT ( 'NONE',  ( 12.69999999999999929, 0.000000000000000000, 5.438999999999999169 ) ) ;
#2900 = CARTESIAN_POINT ( 'NONE',  ( 11.54999999999999538, -0.1999999999999996503, -14.24558441227156891 ) ) ;
#2901 = CYLINDRICAL_SURFACE ( 'NONE', #3408, 3.174999999999999822 ) ;
#2902 = EDGE_CURVE ( 'NONE', #3641, #3550, #844, .T. ) ;
#2903 = CARTESIAN_POINT ( 'NONE',  ( 2.695584412271568198, -32.54999999999999716, -12.69999999999999929 ) ) ;
#2904 = DIRECTION ( 'NONE',  ( -1.000000000000000000, -0.000000000000000000, -0.000000000000000000 ) ) ;
#2905 = LINE ( 'NONE', #1803, #347 ) ;
#2906 = DIRECTION ( 'NONE',  ( 1.000000000000000000, 0.000000000000000000, 0.000000000000000000 ) ) ;
#2907 = ADVANCED_FACE ( 'NONE', ( #2823 ), #419, .T. ) ;
#2908 = ORIENTED_EDGE ( 'NONE', *, *, #339, .F. ) ;
#2909 = DIRECTION ( 'NONE',  ( -0.000000000000000000, 1.000000000000000000, -0.000000000000000000 ) ) ;
#2910 = CARTESIAN_POINT ( 'NONE',  ( -0.3999999999999999667, 2.254205848354697395, 5.555636450100673862 ) ) ;
#2911 = ORIENTED_EDGE ( 'NONE', *, *, #2274, .F. ) ;
#2912 = PERSON_AND_ORGANIZATION ( #3562, #2121 ) ;
#2913 = FACE_OUTER_BOUND ( 'NONE', #99, .T. ) ;
#2914 = CARTESIAN_POINT ( 'NONE',  ( 0.1499999999999973577, -6.200000000000001066, -19.04999999999999716 ) ) ;
#2915 = VECTOR ( 'NONE', #3323, 1000.000000000000000 ) ;
#2916 = EDGE_CURVE ( 'NONE', #278, #2438, #2921, .T. ) ;
#2917 = DIRECTION ( 'NONE',  ( -0.7071067811865477948, 8.552234196640335788E-17, 0.7071067811865473507 ) ) ;
#2918 = DIRECTION ( 'NONE',  ( -8.115498896123205041E-15, 0.000000000000000000, 1.000000000000000000 ) ) ;
#2919 = EDGE_CURVE ( 'NONE', #1724, #860, #1528, .T. ) ;
#2920 = ORIENTED_EDGE ( 'NONE', *, *, #1041, .T. ) ;
#2921 = LINE ( 'NONE', #438, #1871 ) ;
#2922 = CIRCLE ( 'NONE', #1574, 1.554966049364602254 ) ;
#2923 = CARTESIAN_POINT ( 'NONE',  ( -3.099999999999968114, 3.100000000000000533, 0.000000000000000000 ) ) ;
#2924 = CIRCLE ( 'NONE', #874, 2.099999999999997868 ) ;
#2925 = EDGE_CURVE ( 'NONE', #860, #3067, #2416, .T. ) ;
#2926 = EDGE_CURVE ( 'NONE', #3608, #608, #3578, .T. ) ;
#2927 = VERTEX_POINT ( 'NONE', #110 ) ;
#2928 = AXIS2_PLACEMENT_3D ( 'NONE', #659, #1290, #3466 ) ;
#2929 = CARTESIAN_POINT ( 'NONE',  ( 13.34774034125076447, 1.999113491775012852, 4.305849356269923156 ) ) ;
#2930 = DIRECTION ( 'NONE',  ( 0.000000000000000000, 1.000000000000000000, 0.000000000000000000 ) ) ;
#2931 = VERTEX_POINT ( 'NONE', #125 ) ;
#2932 = CYLINDRICAL_SURFACE ( 'NONE', #3419, 2.100000000000000977 ) ;
#2933 = CARTESIAN_POINT ( 'NONE',  ( 6.349999999999996980, -4.174999999999998046, -19.04999999999999716 ) ) ;
#2934 = CIRCLE ( 'NONE', #335, 2.100000000000000089 ) ;
#2935 = CARTESIAN_POINT ( 'NONE',  ( -6.199999999999999289, -6.200000000000000178, -2.000000000000000000 ) ) ;
#2936 = LINE ( 'NONE', #1767, #2542 ) ;
#2937 = AXIS2_PLACEMENT_3D ( 'NONE', #2422, #3581, #737 ) ;
#2938 = EDGE_LOOP ( 'NONE', ( #1435, #2458, #131, #3524 ) ) ;
#2939 = AXIS2_PLACEMENT_3D ( 'NONE', #71, #2888, #122 ) ;
#2940 = DIRECTION ( 'NONE',  ( 0.000000000000000000, 0.000000000000000000, 1.000000000000000000 ) ) ;
#2941 = LINE ( 'NONE', #2892, #1488 ) ;
#2942 = ORIENTED_EDGE ( 'NONE', *, *, #911, .F. ) ;
#2943 = EDGE_CURVE ( 'NONE', #2239, #1257, #442, .T. ) ;
#2944 = CARTESIAN_POINT ( 'NONE',  ( 11.54999999999999538, -6.200000000000001066, -14.24558441227156891 ) ) ;
#2945 = CARTESIAN_POINT ( 'NONE',  ( 12.30000000000000071, -2.061552812808830293, 5.438999999999999169 ) ) ;
#2946 = CIRCLE ( 'NONE', #404, 2.100000000000000089 ) ;
#2947 = ORIENTED_EDGE ( 'NONE', *, *, #3320, .F. ) ;
#2948 = VERTEX_POINT ( 'NONE', #1820 ) ;
#2949 = VERTEX_POINT ( 'NONE', #2114 ) ;
#2950 = CARTESIAN_POINT ( 'NONE',  ( 12.69999999999999929, 0.000000000000000000, 5.139000000000004675 ) ) ;
#2951 = LINE ( 'NONE', #1796, #2346 ) ;
#2952 = ORIENTED_EDGE ( 'NONE', *, *, #3521, .T. ) ;
#2953 = PLANE ( 'NONE',  #260 ) ;
#2954 = CARTESIAN_POINT ( 'NONE',  ( -3.099999999999968114, 3.100000000000000533, -1.999999999999998224 ) ) ;
#2955 = DIRECTION ( 'NONE',  ( -1.000000000000000000, 0.000000000000000000, 0.000000000000000000 ) ) ;
#2956 = ORIENTED_EDGE ( 'NONE', *, *, #2916, .T. ) ;
#2957 = PLANE ( 'NONE',  #386 ) ;
#2958 = DIRECTION ( 'NONE',  ( 0.000000000000000000, 0.000000000000000000, 1.000000000000000000 ) ) ;
#2959 = AXIS2_PLACEMENT_3D ( 'NONE', #2865, #2543, #3387 ) ;
#2960 = B_SPLINE_CURVE_WITH_KNOTS ( 'NONE', 3,
 ( #887, #1171, #600, #2624, #2854, #312, #3171, #353, #1498, #1133 ),
 .UNSPECIFIED., .F., .F.,
 ( 4, 2, 2, 2, 4 ),
 ( 0.000000000000000000, 0.0003704147845104410470, 0.0007408295690208820941, 0.001111244353531323087, 0.001481659138041764188 ),
 .UNSPECIFIED. ) ;
#2961 = EDGE_CURVE ( 'NONE', #295, #878, #1258, .T. ) ;
#2962 = VECTOR ( 'NONE', #3123, 1000.000000000000000 ) ;
#2963 = CARTESIAN_POINT ( 'NONE',  ( -0.3179828612052947867, -5.882017138794768840, -2.465961551078380332 ) ) ;
#2964 = CARTESIAN_POINT ( 'NONE',  ( -46.09198539317073084, -4.174999999999994493, -61.48756980544227702 ) ) ;
#2965 = EDGE_CURVE ( 'NONE', #2236, #109, #635, .T. ) ;
#2966 = ORIENTED_EDGE ( 'NONE', *, *, #1980, .F. ) ;
#2967 = ORIENTED_EDGE ( 'NONE', *, *, #3424, .F. ) ;
#2968 = CC_DESIGN_PERSON_AND_ORGANIZATION_ASSIGNMENT ( #64, #2650, ( #732 ) ) ;
#2969 = CARTESIAN_POINT ( 'NONE',  ( 12.30000000000000071, -3.174999999999998934, 5.139000000000001123 ) ) ;
#2970 = DIRECTION ( 'NONE',  ( 0.9961946980917461003, 0.000000000000000000, -0.08715574274765176821 ) ) ;
#2971 = ADVANCED_FACE ( 'NONE', ( #3237 ), #1992, .T. ) ;
#2972 = PRODUCT ( '228-2500-132', '228-2500-132', '', ( #1947 ) ) ;
#2973 = ORIENTED_EDGE ( 'NONE', *, *, #3179, .T. ) ;
#2974 = DIRECTION ( 'NONE',  ( 1.000000000000000000, 0.000000000000000000, 0.000000000000000000 ) ) ;
#2975 = DIRECTION ( 'NONE',  ( -0.000000000000000000, 1.000000000000000000, -0.000000000000000000 ) ) ;
#2976 = ADVANCED_FACE ( 'NONE', ( #91 ), #2376, .T. ) ;
#2977 = CARTESIAN_POINT ( 'NONE',  ( 6.349999999999999645, 6.349999999999999645, -25.25099999999999767 ) ) ;
#2978 = ORIENTED_EDGE ( 'NONE', *, *, #2504, .T. ) ;
#2979 = FACE_OUTER_BOUND ( 'NONE', #3305, .T. ) ;
#2980 = CARTESIAN_POINT ( 'NONE',  ( 12.30000000000000071, 1.502637486114517751, 6.138999999999998458 ) ) ;
#2981 = AXIS2_PLACEMENT_3D ( 'NONE', #2517, #1711, #1943 ) ;
#2982 = PLANE ( 'NONE',  #2099 ) ;
#2983 = VECTOR ( 'NONE', #2282, 1000.000000000000000 ) ;
#2984 = VECTOR ( 'NONE', #3507, 1000.000000000000000 ) ;
#2985 = ORIENTED_EDGE ( 'NONE', *, *, #3137, .T. ) ;
#2986 = CARTESIAN_POINT ( 'NONE',  ( -1.013130550007610653, -5.186869449992446590, -1.999999999999998890 ) ) ;
#2987 = DIRECTION ( 'NONE',  ( -0.000000000000000000, 1.000000000000000000, -0.000000000000000000 ) ) ;
#2988 = ORIENTED_EDGE ( 'NONE', *, *, #1425, .F. ) ;
#2989 = AXIS2_PLACEMENT_3D ( 'NONE', #1659, #1092, #2149 ) ;
#2990 = ORIENTED_EDGE ( 'NONE', *, *, #931, .T. ) ;
#2991 = CARTESIAN_POINT ( 'NONE',  ( 10.00441558772842576, -32.54999999999999716, -12.69999999999999929 ) ) ;
#2992 = DIRECTION ( 'NONE',  ( 0.000000000000000000, 0.000000000000000000, 1.000000000000000000 ) ) ;
#2993 = EDGE_CURVE ( 'NONE', #436, #89, #584, .T. ) ;
#2994 = AXIS2_PLACEMENT_3D ( 'NONE', #2265, #1983, #1718 ) ;
#2995 = ORIENTED_EDGE ( 'NONE', *, *, #1797, .T. ) ;
#2996 = DIRECTION ( 'NONE',  ( 0.000000000000000000, -1.000000000000000000, 0.000000000000000000 ) ) ;
#2997 = CARTESIAN_POINT ( 'NONE',  ( 15.79999999999996696, 3.100000000000000089, -1.999999999999998224 ) ) ;
#2998 = CARTESIAN_POINT ( 'NONE',  ( 2.695584412271568198, -32.54999999999999716, -12.69999999999999929 ) ) ;
#2999 = ADVANCED_FACE ( 'NONE', ( #2979 ), #980, .T. ) ;
#3000 = CIRCLE ( 'NONE', #701, 2.100000000000000089 ) ;
#3001 = DESIGN_CONTEXT ( 'detailed design', #3444, 'design' ) ;
#3002 = ORIENTED_EDGE ( 'NONE', *, *, #829, .T. ) ;
#3003 = AXIS2_PLACEMENT_3D ( 'NONE', #3089, #2498, #247 ) ;
#3004 = DIRECTION ( 'NONE',  ( 0.000000000000000000, 0.000000000000000000, 1.000000000000000000 ) ) ;
#3005 = CARTESIAN_POINT ( 'NONE',  ( 11.54999999999999538, -32.54999999999999716, -11.15441558772842967 ) ) ;
#3006 = VERTEX_POINT ( 'NONE', #2133 ) ;
#3007 = AXIS2_PLACEMENT_3D ( 'NONE', #1148, #3648, #841 ) ;
#3008 = CARTESIAN_POINT ( 'NONE',  ( -0.5734863112436878740, 2.021666578221208432, 3.457121909598164233 ) ) ;
#3009 = PLANE ( 'NONE',  #1334 ) ;
#3010 = ORIENTED_EDGE ( 'NONE', *, *, #631, .T. ) ;
#3011 = ORIENTED_EDGE ( 'NONE', *, *, #2840, .T. ) ;
#3012 = CARTESIAN_POINT ( 'NONE',  ( 14.54999999999999893, -6.200000000000000178, -4.000000000000000000 ) ) ;
#3013 = CIRCLE ( 'NONE', #3136, 2.100000000000000977 ) ;
#3014 = B_SPLINE_CURVE_WITH_KNOTS ( 'NONE', 3,
 ( #1088, #745, #2129, #1618, #3039, #1637 ),
 .UNSPECIFIED., .F., .F.,
 ( 4, 2, 4 ),
 ( 0.000000000000000000, 0.0004757428370953073775, 0.0009514856741906147549 ),
 .UNSPECIFIED. ) ;
#3015 = B_SPLINE_CURVE_WITH_KNOTS ( 'NONE', 3,
 ( #2411, #1086, #3272, #1027 ),
 .UNSPECIFIED., .F., .F.,
 ( 4, 4 ),
 ( 0.002832913685900423535, 0.002935786532568636018 ),
 .UNSPECIFIED. ) ;
#3016 = EDGE_LOOP ( 'NONE', ( #2019, #2631, #1043, #1936 ) ) ;
#3017 = CARTESIAN_POINT ( 'NONE',  ( 1.149999999999997247, -32.54999999999999716, -14.24558441227156891 ) ) ;
#3018 = CARTESIAN_POINT ( 'NONE',  ( 11.54999999999999538, -32.54999999999999716, -2.000000000000000000 ) ) ;
#3019 = LINE ( 'NONE', #2466, #2879 ) ;
#3020 = CARTESIAN_POINT ( 'NONE',  ( 0.4000000000000001887, -1.663407726524675834, 6.138999999999999346 ) ) ;
#3021 = ORIENTED_EDGE ( 'NONE', *, *, #715, .T. ) ;
#3022 = ADVANCED_FACE ( 'NONE', ( #1273 ), #2957, .F. ) ;
#3023 = DIRECTION ( 'NONE',  ( 0.000000000000000000, 1.000000000000000000, 0.000000000000000000 ) ) ;
#3024 = DIRECTION ( 'NONE',  ( 0.000000000000000000, -1.000000000000000000, 0.000000000000000000 ) ) ;
#3025 = VERTEX_POINT ( 'NONE', #369 ) ;
#3026 = ORIENTED_EDGE ( 'NONE', *, *, #2316, .T. ) ;
#3027 = EDGE_CURVE ( 'NONE', #1352, #367, #2674, .T. ) ;
#3028 = CARTESIAN_POINT ( 'NONE',  ( 11.54999999999999538, -32.54999999999999716, -2.000000000000000000 ) ) ;
#3029 = CARTESIAN_POINT ( 'NONE',  ( 6.349999999999996092, -5.460999999999999410, -6.349999999999999645 ) ) ;
#3030 = TOROIDAL_SURFACE ( 'NONE', #1443, 1.554966049364602254, 0.7500000000000000000 ) ;
#3031 = ORIENTED_EDGE ( 'NONE', *, *, #2435, .T. ) ;
#3032 = ORIENTED_EDGE ( 'NONE', *, *, #2213, .F. ) ;
#3033 = DIRECTION ( 'NONE',  ( -0.000000000000000000, -0.000000000000000000, -1.000000000000000000 ) ) ;
#3034 = CARTESIAN_POINT ( 'NONE',  ( 12.69999999999999929, 0.000000000000000000, 5.139000000000004675 ) ) ;
#3035 = ORIENTED_EDGE ( 'NONE', *, *, #1036, .F. ) ;
#3036 = ORIENTED_EDGE ( 'NONE', *, *, #3521, .F. ) ;
#3037 = CARTESIAN_POINT ( 'NONE',  ( 0.000000000000000000, 0.000000000000000000, 5.389000000000001123 ) ) ;
#3038 = PLANE ( 'NONE',  #1465 ) ;
#3039 = CARTESIAN_POINT ( 'NONE',  ( -0.4000000000000000222, -2.182266827280790356, 5.773579458367407824 ) ) ;
#3040 = CARTESIAN_POINT ( 'NONE',  ( 13.19809734904587195, -3.174999999999998934, 2.595422128626172054 ) ) ;
#3041 = EDGE_CURVE ( 'NONE', #598, #3046, #2588, .T. ) ;
#3042 = VERTEX_POINT ( 'NONE', #3486 ) ;
#3043 = CARTESIAN_POINT ( 'NONE',  ( 10.43174156341403247, 0.000000000000000000, 5.620762745781209269 ) ) ;
#3044 = FACE_BOUND ( 'NONE', #3646, .T. ) ;
#3045 = EDGE_CURVE ( 'NONE', #1335, #2140, #963, .T. ) ;
#3046 = VERTEX_POINT ( 'NONE', #3043 ) ;
#3047 = CONICAL_SURFACE ( 'NONE', #135, 2.299999999999999822, 0.3141592653589760364 ) ;
#3048 = ORIENTED_EDGE ( 'NONE', *, *, #969, .F. ) ;
#3049 = DIRECTION ( 'NONE',  ( -0.000000000000000000, -0.000000000000000000, 1.000000000000000000 ) ) ;
#3050 = DIRECTION ( 'NONE',  ( -0.000000000000000000, -0.000000000000000000, 1.000000000000000000 ) ) ;
#3051 = EDGE_CURVE ( 'NONE', #629, #2369, #940, .T. ) ;
#3052 = AXIS2_PLACEMENT_3D ( 'NONE', #3460, #1813, #919 ) ;
#3053 = VECTOR ( 'NONE', #1689, 1000.000000000000000 ) ;
#3054 = CARTESIAN_POINT ( 'NONE',  ( 12.27138806534421356, 2.057850353472996385, 2.353605336466520370 ) ) ;
#3055 = FACE_OUTER_BOUND ( 'NONE', #3358, .T. ) ;
#3056 = VECTOR ( 'NONE', #1277, 1000.000000000000000 ) ;
#3057 = VERTEX_POINT ( 'NONE', #3334 ) ;
#3058 = ORIENTED_EDGE ( 'NONE', *, *, #1204, .T. ) ;
#3059 = FACE_OUTER_BOUND ( 'NONE', #3490, .T. ) ;
#3060 = LINE ( 'NONE', #1070, #1595 ) ;
#3061 = VECTOR ( 'NONE', #387, 1000.000000000000000 ) ;
#3062 = DIRECTION ( 'NONE',  ( 0.7071067811865473507, 0.000000000000000000, -0.7071067811865477948 ) ) ;
#3063 = ORIENTED_EDGE ( 'NONE', *, *, #1135, .F. ) ;
#3064 = CARTESIAN_POINT ( 'NONE',  ( 6.349999999999996092, -5.460999999999999410, -8.449999999999999289 ) ) ;
#3065 = FACE_BOUND ( 'NONE', #3384, .T. ) ;
#3066 = VECTOR ( 'NONE', #189, 999.9999999999998863 ) ;
#3067 = VERTEX_POINT ( 'NONE', #522 ) ;
#3068 = CARTESIAN_POINT ( 'NONE',  ( -0.3999999999999999667, -2.264950330581225746, 5.523072258617638397 ) ) ;
#3069 = DIRECTION ( 'NONE',  ( 1.000000000000000000, 0.000000000000000000, 0.000000000000000000 ) ) ;
#3070 = AXIS2_PLACEMENT_3D ( 'NONE', #3534, #1599, #768 ) ;
#3071 = EDGE_CURVE ( 'NONE', #2859, #2492, #3525, .T. ) ;
#3072 = ORIENTED_EDGE ( 'NONE', *, *, #134, .T. ) ;
#3073 = CARTESIAN_POINT ( 'NONE',  ( 15.87500000000000000, 0.000000000000000000, 0.000000000000000000 ) ) ;
#3074 = CARTESIAN_POINT ( 'NONE',  ( 12.30000000000000071, 2.232710535457612888, 5.620762745781209269 ) ) ;
#3075 = ORIENTED_EDGE ( 'NONE', *, *, #2604, .T. ) ;
#3076 = ORIENTED_EDGE ( 'NONE', *, *, #303, .T. ) ;
#3077 = AXIS2_PLACEMENT_3D ( 'NONE', #1771, #3208, #2658 ) ;
#3078 = DIRECTION ( 'NONE',  ( 0.000000000000000000, 0.000000000000000000, -1.000000000000000000 ) ) ;
#3079 = EDGE_CURVE ( 'NONE', #1268, #1645, #2170, .T. ) ;
#3080 = CARTESIAN_POINT ( 'NONE',  ( 0.1499999999999971911, -0.1999999999999996503, -4.000000000000000000 ) ) ;
#3081 = VECTOR ( 'NONE', #1529, 1000.000000000000000 ) ;
#3082 = VERTEX_POINT ( 'NONE', #789 ) ;
#3083 = LINE ( 'NONE', #177, #752 ) ;
#3084 = EDGE_LOOP ( 'NONE', ( #1779, #1067, #2567, #2754, #1845 ) ) ;
#3085 = VERTEX_POINT ( 'NONE', #1951 ) ;
#3086 = FACE_OUTER_BOUND ( 'NONE', #1078, .T. ) ;
#3087 = DIRECTION ( 'NONE',  ( 0.7071067811865474617, -7.330486454263141615E-17, 0.7071067811865474617 ) ) ;
#3088 = ORIENTED_EDGE ( 'NONE', *, *, #3206, .T. ) ;
#3089 = CARTESIAN_POINT ( 'NONE',  ( 6.349999999999996092, -5.460999999999999410, -19.04999999999999716 ) ) ;
#3090 = ADVANCED_FACE ( 'NONE', ( #2471 ), #2764, .T. ) ;
#3091 = VERTEX_POINT ( 'NONE', #1386 ) ;
#3092 = ORIENTED_EDGE ( 'NONE', *, *, #2845, .F. ) ;
#3093 = AXIS2_PLACEMENT_3D ( 'NONE', #1466, #2310, #952 ) ;
#3094 = CARTESIAN_POINT ( 'NONE',  ( 13.09999999999999964, 2.232710535457612888, 5.620762745781209269 ) ) ;
#3095 = CARTESIAN_POINT ( 'NONE',  ( 0.6477403412507657388, 1.999113491775012852, 4.305849356269923156 ) ) ;
#3096 = EDGE_CURVE ( 'NONE', #336, #2687, #1118, .T. ) ;
#3097 = EDGE_LOOP ( 'NONE', ( #2583, #3392, #944, #951 ) ) ;
#3098 = ADVANCED_FACE ( 'NONE', ( #1604 ), #1347, .F. ) ;
#3099 = DIRECTION ( 'NONE',  ( 0.000000000000000000, 1.000000000000000000, 0.000000000000000000 ) ) ;
#3100 = EDGE_LOOP ( 'NONE', ( #644, #266, #2011, #1417 ) ) ;
#3101 = ORIENTED_EDGE ( 'NONE', *, *, #2435, .F. ) ;
#3102 = CARTESIAN_POINT ( 'NONE',  ( -6.199999999999999289, 0.000000000000000000, -2.000000000000000000 ) ) ;
#3103 = CARTESIAN_POINT ( 'NONE',  ( 13.09999999999999964, -2.232710535457612888, 5.620762745781209269 ) ) ;
#3104 = LINE ( 'NONE', #1725, #2022 ) ;
#3105 = DIRECTION ( 'NONE',  ( 0.000000000000000000, 1.000000000000000000, 0.000000000000000000 ) ) ;
#3106 = VECTOR ( 'NONE', #2987, 1000.000000000000000 ) ;
#3107 = VERTEX_POINT ( 'NONE', #3318 ) ;
#3108 = CARTESIAN_POINT ( 'NONE',  ( 0.4000000000000001887, -2.232710535457612888, 5.620762745781209269 ) ) ;
#3109 = VECTOR ( 'NONE', #572, 1000.000000000000000 ) ;
#3110 = AXIS2_PLACEMENT_3D ( 'NONE', #1382, #1635, #1085 ) ;
#3111 = ORIENTED_EDGE ( 'NONE', *, *, #2261, .T. ) ;
#3112 = EDGE_CURVE ( 'NONE', #1315, #1149, #3083, .T. ) ;
#3113 = PLANE ( 'NONE',  #576 ) ;
#3114 = CARTESIAN_POINT ( 'NONE',  ( 0.1499999999999971356, -32.54999999999999716, -11.56862915010152371 ) ) ;
#3115 = AXIS2_PLACEMENT_3D ( 'NONE', #1321, #456, #3533 ) ;
#3116 = ORIENTED_EDGE ( 'NONE', *, *, #2451, .T. ) ;
#3117 = CYLINDRICAL_SURFACE ( 'NONE', #3289, 0.5000000000000000000 ) ;
#3118 = AXIS2_PLACEMENT_3D ( 'NONE', #199, #2786, #461 ) ;
#3119 = EDGE_CURVE ( 'NONE', #3233, #754, #2448, .T. ) ;
#3120 = ORIENTED_EDGE ( 'NONE', *, *, #1690, .F. ) ;
#3121 = ORIENTED_EDGE ( 'NONE', *, *, #2280, .T. ) ;
#3122 = CARTESIAN_POINT ( 'NONE',  ( 13.09999999999999964, -2.243459280444428217, 5.588199955838118349 ) ) ;
#3123 = DIRECTION ( 'NONE',  ( 0.000000000000000000, 0.000000000000000000, -1.000000000000000000 ) ) ;
#3124 = EDGE_CURVE ( 'NONE', #2236, #2207, #2291, .T. ) ;
#3125 = CARTESIAN_POINT ( 'NONE',  ( 0.1499999999999964972, 0.000000000000000000, -2.000000000000000000 ) ) ;
#3126 = EDGE_LOOP ( 'NONE', ( #2735, #2985 ) ) ;
#3127 = CIRCLE ( 'NONE', #394, 2.100000000000000977 ) ;
#3128 = DIRECTION ( 'NONE',  ( -0.000000000000000000, -0.000000000000000000, -1.000000000000000000 ) ) ;
#3129 = AXIS2_PLACEMENT_3D ( 'NONE', #293, #2527, #330 ) ;
#3130 = ORIENTED_EDGE ( 'NONE', *, *, #647, .T. ) ;
#3131 = CARTESIAN_POINT ( 'NONE',  ( 2.695584412271568198, -0.1999999999999996503, -12.69999999999999929 ) ) ;
#3132 = ORIENTED_EDGE ( 'NONE', *, *, #3290, .F. ) ;
#3133 = DIRECTION ( 'NONE',  ( 4.513357151095771785E-17, -4.678940202474284353E-33, -1.000000000000000000 ) ) ;
#3134 = CARTESIAN_POINT ( 'NONE',  ( 12.55000000000002736, -6.350000000000031619, -1.999999999999998224 ) ) ;
#3135 = LINE ( 'NONE', #3665, #2230 ) ;
#3136 = AXIS2_PLACEMENT_3D ( 'NONE', #3188, #1014, #2689 ) ;
#3137 = EDGE_CURVE ( 'NONE', #3091, #649, #1934, .T. ) ;
#3138 = ORIENTED_EDGE ( 'NONE', *, *, #3314, .F. ) ;
#3139 = CARTESIAN_POINT ( 'NONE',  ( 13.01798286120529191, -5.882017138794768840, -2.465961551078381664 ) ) ;
#3140 = CARTESIAN_POINT ( 'NONE',  ( 6.349999999999996092, -5.460999999999999410, -19.04999999999999716 ) ) ;
#3141 = EDGE_CURVE ( 'NONE', #1440, #608, #749, .T. ) ;
#3142 = ORIENTED_EDGE ( 'NONE', *, *, #3378, .T. ) ;
#3143 = CARTESIAN_POINT ( 'NONE',  ( 0.1499999999999973577, -32.54999999999999716, -19.04999999999999716 ) ) ;
#3144 = VERTEX_POINT ( 'NONE', #2192 ) ;
#3145 = DIRECTION ( 'NONE',  ( -0.000000000000000000, 0.000000000000000000, 1.000000000000000000 ) ) ;
#3146 = FACE_OUTER_BOUND ( 'NONE', #516, .T. ) ;
#3147 = VECTOR ( 'NONE', #2765, 1000.000000000000000 ) ;
#3148 = DIRECTION ( 'NONE',  ( 0.000000000000000000, 0.000000000000000000, 1.000000000000000000 ) ) ;
#3149 = VECTOR ( 'NONE', #1098, 1000.000000000000000 ) ;
#3150 = CARTESIAN_POINT ( 'NONE',  ( 0.4000000000000001887, 2.232710535457612888, 5.620762745781209269 ) ) ;
#3151 = DIRECTION ( 'NONE',  ( -0.000000000000000000, -0.000000000000000000, 1.000000000000000000 ) ) ;
#3152 = ORIENTED_EDGE ( 'NONE', *, *, #3467, .F. ) ;
#3153 = ORIENTED_EDGE ( 'NONE', *, *, #284, .F. ) ;
#3154 = CARTESIAN_POINT ( 'NONE',  ( 13.10000000000000142, 1.502637486114517751, 6.138999999999998458 ) ) ;
#3155 = VERTEX_POINT ( 'NONE', #2726 ) ;
#3156 = EDGE_CURVE ( 'NONE', #176, #1275, #329, .T. ) ;
#3157 = CARTESIAN_POINT ( 'NONE',  ( 12.12651368875630986, 2.021666578221208432, 3.457121909598164233 ) ) ;
#3158 = VERTEX_POINT ( 'NONE', #3064 ) ;
#3159 = EDGE_CURVE ( 'NONE', #2409, #2585, #160, .T. ) ;
#3160 = CARTESIAN_POINT ( 'NONE',  ( 11.54999999999999716, -2.175000000000006928, -19.04999999999999716 ) ) ;
#3161 = EDGE_LOOP ( 'NONE', ( #3528, #2616, #3121, #124 ) ) ;
#3162 = FACE_OUTER_BOUND ( 'NONE', #2894, .T. ) ;
#3163 = DIRECTION ( 'NONE',  ( -0.7071067811865477948, 0.000000000000000000, -0.7071067811865473507 ) ) ;
#3164 = CIRCLE ( 'NONE', #2519, 4.384062043356593996 ) ;
#3165 = DIRECTION ( 'NONE',  ( 1.000000000000000000, 0.000000000000000000, 0.000000000000000000 ) ) ;
#3166 = LINE ( 'NONE', #2903, #891 ) ;
#3167 = AXIS2_PLACEMENT_3D ( 'NONE', #432, #233, #3330 ) ;
#3168 = ORIENTED_EDGE ( 'NONE', *, *, #437, .T. ) ;
#3169 = VECTOR ( 'NONE', #2172, 1000.000000000000000 ) ;
#3170 = ORIENTED_EDGE ( 'NONE', *, *, #3240, .F. ) ;
#3171 = CARTESIAN_POINT ( 'NONE',  ( 0.2470723783330723289, 2.087434397081523674, 2.187282604411544096 ) ) ;
#3172 = ORIENTED_EDGE ( 'NONE', *, *, #1627, .F. ) ;
#3173 = CARTESIAN_POINT ( 'NONE',  ( -0.3999999999999999667, -2.232710535457612888, 5.620762745781209269 ) ) ;
#3174 = AXIS2_PLACEMENT_3D ( 'NONE', #2210, #2226, #3277 ) ;
#3175 = ORIENTED_EDGE ( 'NONE', *, *, #1453, .T. ) ;
#3176 = DIRECTION ( 'NONE',  ( -0.000000000000000000, 1.000000000000000000, -0.000000000000000000 ) ) ;
#3177 = AXIS2_PLACEMENT_3D ( 'NONE', #2596, #2066, #630 ) ;
#3178 = CARTESIAN_POINT ( 'NONE',  ( 1.149999999999997247, -32.54999999999999716, -14.24558441227156891 ) ) ;
#3179 = EDGE_CURVE ( 'NONE', #2866, #826, #2818, .T. ) ;
#3180 = DATE_AND_TIME ( #2368, #13 ) ;
#3181 = ORIENTED_EDGE ( 'NONE', *, *, #3536, .T. ) ;
#3182 = DIRECTION ( 'NONE',  ( 1.000000000000000000, 0.000000000000000000, 0.000000000000000000 ) ) ;
#3183 = DIRECTION ( 'NONE',  ( -0.000000000000000000, -0.000000000000000000, -1.000000000000000000 ) ) ;
#3184 = DIRECTION ( 'NONE',  ( -0.000000000000000000, 1.000000000000000000, -0.000000000000000000 ) ) ;
#3185 = CARTESIAN_POINT ( 'NONE',  ( 6.349999999999996980, -6.200000000000001066, -19.04999999999999716 ) ) ;
#3186 = ADVANCED_FACE ( 'NONE', ( #2429 ), #1032, .F. ) ;
#3187 = CARTESIAN_POINT ( 'NONE',  ( -0.3999999999999999667, -3.174999999999999822, 6.138999999999998458 ) ) ;
#3188 = CARTESIAN_POINT ( 'NONE',  ( 12.69999999999999929, 0.000000000000000000, 0.8890000000000009006 ) ) ;
#3189 = B_SPLINE_CURVE_WITH_KNOTS ( 'NONE', 3,
 ( #3593, #3335, #1076, #2193, #1876, #2980 ),
 .UNSPECIFIED., .F., .F.,
 ( 4, 2, 4 ),
 ( 0.000000000000000000, 0.0004757001404452628575, 0.0009514002808905257149 ),
 .UNSPECIFIED. ) ;
#3190 = DIRECTION ( 'NONE',  ( 0.9218631515885042926, 0.000000000000000000, 0.3875155864520939408 ) ) ;
#3191 = ORIENTED_EDGE ( 'NONE', *, *, #2733, .T. ) ;
#3192 = FACE_OUTER_BOUND ( 'NONE', #3016, .T. ) ;
#3193 = CARTESIAN_POINT ( 'NONE',  ( 14.54999999999999893, -0.1999999999999996503, -4.000000000000000000 ) ) ;
#3194 = EDGE_CURVE ( 'NONE', #1359, #2720, #2875, .T. ) ;
#3195 = ORIENTED_EDGE ( 'NONE', *, *, #1981, .F. ) ;
#3196 = ORIENTED_EDGE ( 'NONE', *, *, #393, .F. ) ;
#3197 = EDGE_LOOP ( 'NONE', ( #489, #246, #923, #213 ) ) ;
#3198 = PLANE ( 'NONE',  #2473 ) ;
#3199 =( BOUNDED_CURVE ( )  B_SPLINE_CURVE ( 3, ( #663, #1533, #2929, #2613 ),
 .UNSPECIFIED., .F., .T. ) 
 B_SPLINE_CURVE_WITH_KNOTS ( ( 4, 4 ),
 ( 1.810267798689539687, 1.921073213463467599 ),
 .UNSPECIFIED. ) 
 CURVE ( )  GEOMETRIC_REPRESENTATION_ITEM ( )  RATIONAL_B_SPLINE_CURVE ( ( 1.000000000000000000, 0.9989771083553060649, 0.9989771083553060649, 1.000000000000000000 ) ) 
 REPRESENTATION_ITEM ( '' )  );
#3200 = CARTESIAN_POINT ( 'NONE',  ( 6.349999999999996092, -5.460999999999999410, -15.87499999999999645 ) ) ;
#3201 = ADVANCED_FACE ( 'NONE', ( #38 ), #1759, .T. ) ;
#3202 = DIRECTION ( 'NONE',  ( 0.7071067811865470176, -0.000000000000000000, 0.7071067811865480168 ) ) ;
#3203 = DIRECTION ( 'NONE',  ( 1.000000000000000000, 0.000000000000000000, 8.260587980841937794E-15 ) ) ;
#3204 = PLANE ( 'NONE',  #2939 ) ;
#3205 = EDGE_CURVE ( 'NONE', #3457, #1953, #3135, .T. ) ;
#3206 = EDGE_CURVE ( 'NONE', #367, #3478, #1966, .T. ) ;
#3207 = CARTESIAN_POINT ( 'NONE',  ( 1.554966049364602254, 0.000000000000000000, 5.389000000000001123 ) ) ;
#3208 = DIRECTION ( 'NONE',  ( -0.000000000000000000, -0.000000000000000000, -1.000000000000000000 ) ) ;
#3209 = APPROVAL_PERSON_ORGANIZATION ( #1672, #1606, #1144 ) ;
#3210 = CARTESIAN_POINT ( 'NONE',  ( 12.30000000000000071, -1.663442899047753887, 6.138999999999997570 ) ) ;
#3211 = CARTESIAN_POINT ( 'NONE',  ( 11.54999999999999538, -32.54999999999999716, -14.24558441227156891 ) ) ;
#3212 = VERTEX_POINT ( 'NONE', #1733 ) ;
#3213 = ORIENTED_EDGE ( 'NONE', *, *, #1330, .F. ) ;
#3214 = DIRECTION ( 'NONE',  ( -0.000000000000000000, -0.000000000000000000, -1.000000000000000000 ) ) ;
#3215 = DIRECTION ( 'NONE',  ( -1.000000000000000000, 1.668003342285391304E-16, 0.000000000000000000 ) ) ;
#3216 = PLANE ( 'NONE',  #3110 ) ;
#3217 = VERTEX_POINT ( 'NONE', #3150 ) ;
#3218 = ADVANCED_FACE ( 'NONE', ( #3389 ), #3117, .F. ) ;
#3219 = DIRECTION ( 'NONE',  ( -1.000000000000000000, 0.000000000000000000, -0.000000000000000000 ) ) ;
#3220 = VECTOR ( 'NONE', #399, 1000.000000000000000 ) ;
#3221 = FACE_OUTER_BOUND ( 'NONE', #2079, .T. ) ;
#3222 = VECTOR ( 'NONE', #1377, 1000.000000000000000 ) ;
#3223 = EDGE_CURVE ( 'NONE', #2101, #3451, #274, .T. ) ;
#3224 = VECTOR ( 'NONE', #3569, 1000.000000000000000 ) ;
#3225 = CARTESIAN_POINT ( 'NONE',  ( 0.1499999999999972189, -0.1999999999999996503, -2.000000000000000000 ) ) ;
#3226 = DIRECTION ( 'NONE',  ( 1.000000000000000000, 0.000000000000000000, -0.000000000000000000 ) ) ;
#3227 = ORIENTED_EDGE ( 'NONE', *, *, #96, .T. ) ;
#3228 = ORIENTED_EDGE ( 'NONE', *, *, #1559, .T. ) ;
#3229 = VERTEX_POINT ( 'NONE', #575 ) ;
#3230 = CARTESIAN_POINT ( 'NONE',  ( 11.54999999999999538, -32.54999999999999716, -14.24558441227156891 ) ) ;
#3231 = LINE ( 'NONE', #974, #3283 ) ;
#3232 = AXIS2_PLACEMENT_3D ( 'NONE', #2356, #360, #2864 ) ;
#3233 = VERTEX_POINT ( 'NONE', #2601 ) ;
#3234 = FACE_OUTER_BOUND ( 'NONE', #2565, .T. ) ;
#3235 = DIRECTION ( 'NONE',  ( -0.7071067811865475727, 0.000000000000000000, -0.7071067811865475727 ) ) ;
#3236 = ORIENTED_EDGE ( 'NONE', *, *, #2943, .T. ) ;
#3237 = FACE_OUTER_BOUND ( 'NONE', #1661, .T. ) ;
#3238 = CYLINDRICAL_SURFACE ( 'NONE', #713, 2.000000000000000000 ) ;
#3239 = CARTESIAN_POINT ( 'NONE',  ( 0.1499999999999973577, -0.1999999999999996503, -19.04999999999999716 ) ) ;
#3240 = EDGE_CURVE ( 'NONE', #436, #1497, #943, .T. ) ;
#3241 = PRODUCT_DEFINITION ( 'UNKNOWN', '', #732, #3001 ) ;
#3242 = ORIENTED_EDGE ( 'NONE', *, *, #1986, .F. ) ;
#3243 = LINE ( 'NONE', #2944, #417 ) ;
#3244 = LINE ( 'NONE', #2155, #2915 ) ;
#3245 = ADVANCED_FACE ( 'NONE', ( #554 ), #2352, .T. ) ;
#3246 = AXIS2_PLACEMENT_3D ( 'NONE', #2746, #1913, #1094 ) ;
#3247 = EDGE_CURVE ( 'NONE', #3608, #210, #292, .T. ) ;
#3248 = ORIENTED_EDGE ( 'NONE', *, *, #1603, .T. ) ;
#3249 = DIRECTION ( 'NONE',  ( -8.673617379884035472E-16, 0.000000000000000000, -1.000000000000000000 ) ) ;
#3250 = LINE ( 'NONE', #2441, #1632 ) ;
#3251 = ORIENTED_EDGE ( 'NONE', *, *, #3261, .F. ) ;
#3252 = FACE_OUTER_BOUND ( 'NONE', #2163, .T. ) ;
#3253 = LINE ( 'NONE', #3585, #2348 ) ;
#3254 = LINE ( 'NONE', #1890, #2358 ) ;
#3255 = CARTESIAN_POINT ( 'NONE',  ( 13.09999999999999964, -2.264950330581225746, 5.523072258617638397 ) ) ;
#3256 = ORIENTED_EDGE ( 'NONE', *, *, #1719, .T. ) ;
#3257 = CARTESIAN_POINT ( 'NONE',  ( 12.69999999999999929, 0.000000000000000000, 5.620762745781209269 ) ) ;
#3258 = LINE ( 'NONE', #112, #1077 ) ;
#3259 = FACE_OUTER_BOUND ( 'NONE', #2383, .T. ) ;
#3260 = AXIS2_PLACEMENT_3D ( 'NONE', #1898, #2731, #408 ) ;
#3261 = EDGE_CURVE ( 'NONE', #2225, #2312, #3470, .T. ) ;
#3262 = ORIENTED_EDGE ( 'NONE', *, *, #2965, .T. ) ;
#3263 = CARTESIAN_POINT ( 'NONE',  ( -0.3999999999999999667, -2.264950330581225746, 5.523072258617638397 ) ) ;
#3264 = CARTESIAN_POINT ( 'NONE',  ( 0.4000000000000001887, -2.061552812808830293, 5.438999999999999169 ) ) ;
#3265 = ORIENTED_EDGE ( 'NONE', *, *, #2328, .F. ) ;
#3266 = EDGE_CURVE ( 'NONE', #3046, #170, #2563, .T. ) ;
#3267 = VERTEX_POINT ( 'NONE', #1166 ) ;
#3268 = DIRECTION ( 'NONE',  ( -0.7071067811865474617, -0.000000000000000000, 0.7071067811865474617 ) ) ;
#3269 = DIRECTION ( 'NONE',  ( -1.000000000000000000, -0.000000000000000000, -0.000000000000000000 ) ) ;
#3270 = EDGE_LOOP ( 'NONE', ( #425, #1901, #352, #1634 ) ) ;
#3271 = CARTESIAN_POINT ( 'NONE',  ( 12.69999999999999929, 0.000000000000000000, 5.523072258617638397 ) ) ;
#3272 = CARTESIAN_POINT ( 'NONE',  ( 12.30000000000000071, 2.243459280444428217, 5.588199955838118349 ) ) ;
#3273 = DIRECTION ( 'NONE',  ( -1.000000000000000000, 0.000000000000000000, 0.000000000000000000 ) ) ;
#3274 = VECTOR ( 'NONE', #375, 1000.000000000000000 ) ;
#3275 = DIRECTION ( 'NONE',  ( 0.7071067811865480168, 0.000000000000000000, -0.7071067811865470176 ) ) ;
#3276 = ORIENTED_EDGE ( 'NONE', *, *, #2816, .F. ) ;
#3277 = DIRECTION ( 'NONE',  ( 1.000000000000000000, 0.000000000000000000, 0.000000000000000000 ) ) ;
#3278 = CARTESIAN_POINT ( 'NONE',  ( 15.79999999999996696, 3.100000000000000089, -1.999999999999998224 ) ) ;
#3279 = ORIENTED_EDGE ( 'NONE', *, *, #2919, .T. ) ;
#3280 = DIRECTION ( 'NONE',  ( 0.000000000000000000, 0.000000000000000000, -1.000000000000000000 ) ) ;
#3281 = AXIS2_PLACEMENT_3D ( 'NONE', #3029, #1038, #757 ) ;
#3282 = DIRECTION ( 'NONE',  ( 0.000000000000000000, 0.000000000000000000, 1.000000000000000000 ) ) ;
#3283 = VECTOR ( 'NONE', #2067, 1000.000000000000000 ) ;
#3284 = ORIENTED_EDGE ( 'NONE', *, *, #1986, .T. ) ;
#3285 = AXIS2_PLACEMENT_3D ( 'NONE', #771, #1893, #1620 ) ;
#3286 = EDGE_LOOP ( 'NONE', ( #3298, #3293, #279, #970 ) ) ;
#3287 = DIRECTION ( 'NONE',  ( -0.000000000000000000, 1.000000000000000000, -0.000000000000000000 ) ) ;
#3288 = CARTESIAN_POINT ( 'NONE',  ( 2.695584412271568198, -2.175000000000006928, -12.69999999999999929 ) ) ;
#3289 = AXIS2_PLACEMENT_3D ( 'NONE', #1695, #881, #1205 ) ;
#3290 = EDGE_CURVE ( 'NONE', #1535, #1964, #596, .T. ) ;
#3291 = ORIENTED_EDGE ( 'NONE', *, *, #3577, .F. ) ;
#3292 = CC_DESIGN_DATE_AND_TIME_ASSIGNMENT ( #592, #1200, ( #3241 ) ) ;
#3293 = ORIENTED_EDGE ( 'NONE', *, *, #2481, .T. ) ;
#3294 = PLANE ( 'NONE',  #877 ) ;
#3295 = DIRECTION ( 'NONE',  ( -0.000000000000000000, -1.000000000000000000, -0.000000000000000000 ) ) ;
#3296 = CARTESIAN_POINT ( 'NONE',  ( 0.4000000000000000222, -1.821676962433383062, 6.089970303311149635 ) ) ;
#3297 = AXIS2_PLACEMENT_3D ( 'NONE', #1949, #1383, #1124 ) ;
#3298 = ORIENTED_EDGE ( 'NONE', *, *, #1801, .F. ) ;
#3299 = AXIS2_PLACEMENT_3D ( 'NONE', #2556, #3365, #2793 ) ;
#3300 = DIRECTION ( 'NONE',  ( 0.000000000000000000, 1.000000000000000000, 0.000000000000000000 ) ) ;
#3301 = DIRECTION ( 'NONE',  ( -8.115498896123205041E-15, 0.000000000000000000, 1.000000000000000000 ) ) ;
#3302 = ORIENTED_EDGE ( 'NONE', *, *, #1093, .F. ) ;
#3303 = CARTESIAN_POINT ( 'NONE',  ( -0.3999999999999999667, -2.061552812808830293, 5.438999999999999169 ) ) ;
#3304 = CARTESIAN_POINT ( 'NONE',  ( -6.200000000000001066, -2.174999999999998934, -2.000000000000000000 ) ) ;
#3305 = EDGE_LOOP ( 'NONE', ( #83, #1996, #733, #2488 ) ) ;
#3306 = ORIENTED_EDGE ( 'NONE', *, *, #1227, .F. ) ;
#3307 = ADVANCED_FACE ( 'NONE', ( #3409 ), #2303, .F. ) ;
#3308 = LINE ( 'NONE', #3560, #1768 ) ;
#3309 = VECTOR ( 'NONE', #75, 1000.000000000000000 ) ;
#3310 = FACE_OUTER_BOUND ( 'NONE', #3097, .T. ) ;
#3311 = ORIENTED_EDGE ( 'NONE', *, *, #2467, .T. ) ;
#3312 = DIRECTION ( 'NONE',  ( -0.000000000000000000, -0.000000000000000000, -1.000000000000000000 ) ) ;
#3313 = DIRECTION ( 'NONE',  ( 0.000000000000000000, -1.000000000000000000, 0.000000000000000000 ) ) ;
#3314 = EDGE_CURVE ( 'NONE', #1097, #1753, #2545, .T. ) ;
#3315 = CARTESIAN_POINT ( 'NONE',  ( 6.349999999999996092, -4.174999999999999822, -6.349999999999999645 ) ) ;
#3316 = DIRECTION ( 'NONE',  ( -0.000000000000000000, -0.000000000000000000, 1.000000000000000000 ) ) ;
#3317 = ORIENTED_EDGE ( 'NONE', *, *, #2858, .T. ) ;
#3318 = CARTESIAN_POINT ( 'NONE',  ( 6.245004513516505540E-14, 6.200000000000000178, 0.000000000000000000 ) ) ;
#3319 = DIRECTION ( 'NONE',  ( 1.209468558947973047E-16, 1.000000000000000000, 0.000000000000000000 ) ) ;
#3320 = EDGE_CURVE ( 'NONE', #826, #2866, #2809, .T. ) ;
#3321 = EDGE_LOOP ( 'NONE', ( #1025, #1054, #395, #1755 ) ) ;
#3322 = CARTESIAN_POINT ( 'NONE',  ( 6.349999999999996092, -0.8890000000000000124, -19.04999999999999716 ) ) ;
#3323 = DIRECTION ( 'NONE',  ( -0.000000000000000000, -0.000000000000000000, 1.000000000000000000 ) ) ;
#3324 = B_SPLINE_CURVE_WITH_KNOTS ( 'NONE', 3,
 ( #871, #3655, #2271, #2827, #587, #1993, #2234, #3418, #1137, #893 ),
 .UNSPECIFIED., .F., .F.,
 ( 4, 2, 2, 2, 4 ),
 ( 0.000000000000000000, 0.0003704147845104412639, 0.0007408295690208825278, 0.001111244353531323521, 0.001481659138041764622 ),
 .UNSPECIFIED. ) ;
#3325 = VERTEX_POINT ( 'NONE', #2799 ) ;
#3326 = CARTESIAN_POINT ( 'NONE',  ( 2.100000000000000089, 2.571758278209441957E-16, 5.438999999999999169 ) ) ;
#3327 = ORIENTED_EDGE ( 'NONE', *, *, #1889, .F. ) ;
#3328 = ORIENTED_EDGE ( 'NONE', *, *, #1781, .F. ) ;
#3329 = CC_DESIGN_APPROVAL ( #1606, ( #3241 ) ) ;
#3330 = DIRECTION ( 'NONE',  ( 0.7071067811865474617, 0.000000000000000000, 0.7071067811865474617 ) ) ;
#3331 = DIRECTION ( 'NONE',  ( 0.7071067811865441310, -0.7071067811865510144, 0.000000000000000000 ) ) ;
#3332 = CARTESIAN_POINT ( 'NONE',  ( 12.54999999999999716, -0.1999999999999996503, -13.83137084989847310 ) ) ;
#3333 = ORIENTED_EDGE ( 'NONE', *, *, #3582, .T. ) ;
#3334 = CARTESIAN_POINT ( 'NONE',  ( 2.978334981051646402, 6.200000000000000178, 0.000000000000000000 ) ) ;
#3335 = CARTESIAN_POINT ( 'NONE',  ( 12.30000000000000071, 2.182283254615324797, 5.773529692572009431 ) ) ;
#3336 = EDGE_CURVE ( 'NONE', #3067, #499, #2401, .T. ) ;
#3337 = EDGE_LOOP ( 'NONE', ( #1671, #3284, #3227, #842 ) ) ;
#3338 = CC_DESIGN_DATE_AND_TIME_ASSIGNMENT ( #3180, #2045, ( #1394 ) ) ;
#3339 = AXIS2_PLACEMENT_3D ( 'NONE', #253, #2652, #2103 ) ;
#3340 = VERTEX_POINT ( 'NONE', #1405 ) ;
#3341 = LINE ( 'NONE', #870, #1095 ) ;
#3342 = LINE ( 'NONE', #2292, #2286 ) ;
#3343 = EDGE_CURVE ( 'NONE', #2438, #3107, #2526, .T. ) ;
#3344 = VERTEX_POINT ( 'NONE', #2245 ) ;
#3345 = AXIS2_PLACEMENT_3D ( 'NONE', #3271, #3312, #2740 ) ;
#3346 = AXIS2_PLACEMENT_3D ( 'NONE', #1235, #133, #705 ) ;
#3347 = CARTESIAN_POINT ( 'NONE',  ( 0.4000000000000001887, -2.264950330581225746, 5.523072258617638397 ) ) ;
#3348 = DIRECTION ( 'NONE',  ( 1.000000000000000000, 0.000000000000000000, 0.000000000000000000 ) ) ;
#3349 = VECTOR ( 'NONE', #1939, 1000.000000000000000 ) ;
#3350 = ORIENTED_EDGE ( 'NONE', *, *, #1364, .T. ) ;
#3351 = CARTESIAN_POINT ( 'NONE',  ( 1.149999999999997247, -32.54999999999999716, -2.000000000000000000 ) ) ;
#3352 = AXIS2_PLACEMENT_3D ( 'NONE', #1930, #2490, #239 ) ;
#3353 = DIRECTION ( 'NONE',  ( -0.000000000000000000, 0.000000000000000000, 1.000000000000000000 ) ) ;
#3354 = ORIENTED_EDGE ( 'NONE', *, *, #77, .F. ) ;
#3355 = DIRECTION ( 'NONE',  ( -1.000000000000000000, 0.000000000000000000, -0.000000000000000000 ) ) ;
#3356 = CARTESIAN_POINT ( 'NONE',  ( 12.54999999999999716, -6.200000000000001066, -11.56862915010152371 ) ) ;
#3357 = EDGE_CURVE ( 'NONE', #2059, #1414, #3372, .T. ) ;
#3358 = EDGE_LOOP ( 'NONE', ( #3580, #1835, #2842, #1990 ) ) ;
#3359 = ADVANCED_FACE ( 'NONE', ( #687 ), #634, .T. ) ;
#3360 = LINE ( 'NONE', #827, #68 ) ;
#3361 = FACE_OUTER_BOUND ( 'NONE', #924, .T. ) ;
#3362 = AXIS2_PLACEMENT_3D ( 'NONE', #2110, #1816, #2375 ) ;
#3363 = ORIENTED_EDGE ( 'NONE', *, *, #1446, .T. ) ;
#3364 = ADVANCED_FACE ( 'NONE', ( #2635 ), #2670, .T. ) ;
#3365 = DIRECTION ( 'NONE',  ( 1.209468558947973047E-16, 1.000000000000000000, 0.000000000000000000 ) ) ;
#3366 = EDGE_CURVE ( 'NONE', #3006, #570, #2097, .T. ) ;
#3367 = VERTEX_POINT ( 'NONE', #2389 ) ;
#3368 = CARTESIAN_POINT ( 'NONE',  ( 0.000000000000000000, 0.000000000000000000, 5.438999999999999169 ) ) ;
#3369 = LINE ( 'NONE', #3428, #884 ) ;
#3370 = LINE ( 'NONE', #3134, #1262 ) ;
#3371 = ORIENTED_EDGE ( 'NONE', *, *, #927, .T. ) ;
#3372 = LINE ( 'NONE', #1525, #2692 ) ;
#3373 = ORIENTED_EDGE ( 'NONE', *, *, #853, .T. ) ;
#3374 = ORIENTED_EDGE ( 'NONE', *, *, #1020, .T. ) ;
#3375 = ORIENTED_EDGE ( 'NONE', *, *, #3383, .T. ) ;
#3376 = CARTESIAN_POINT ( 'NONE',  ( 10.00441558772842576, -2.175000000000006928, -12.69999999999999929 ) ) ;
#3377 = DIRECTION ( 'NONE',  ( 1.000000000000000000, 0.000000000000000000, 0.000000000000000000 ) ) ;
#3378 = EDGE_CURVE ( 'NONE', #2931, #17, #1269, .T. ) ;
#3379 = ORIENTED_EDGE ( 'NONE', *, *, #1676, .T. ) ;
#3380 = CARTESIAN_POINT ( 'NONE',  ( 2.695584412271568198, -32.54999999999999716, -12.69999999999999929 ) ) ;
#3381 = FACE_OUTER_BOUND ( 'NONE', #3337, .T. ) ;
#3382 = VECTOR ( 'NONE', #2893, 1000.000000000000000 ) ;
#3383 = EDGE_CURVE ( 'NONE', #1480, #985, #3483, .T. ) ;
#3384 = EDGE_LOOP ( 'NONE', ( #2571, #2655 ) ) ;
#3385 = PERSON_AND_ORGANIZATION ( #3562, #2121 ) ;
#3386 = CARTESIAN_POINT ( 'NONE',  ( 0.4000000000000000777, 2.182266827280789911, 5.773579458367406048 ) ) ;
#3387 = DIRECTION ( 'NONE',  ( 0.000000000000000000, 0.000000000000000000, -1.000000000000000000 ) ) ;
#3388 = ORIENTED_EDGE ( 'NONE', *, *, #1446, .F. ) ;
#3389 = FACE_OUTER_BOUND ( 'NONE', #1619, .T. ) ;
#3390 = DIRECTION ( 'NONE',  ( 1.000000000000000000, 0.000000000000000000, 0.000000000000000000 ) ) ;
#3391 = ORIENTED_EDGE ( 'NONE', *, *, #3240, .T. ) ;
#3392 = ORIENTED_EDGE ( 'NONE', *, *, #2667, .T. ) ;
#3393 = DIRECTION ( 'NONE',  ( 0.7071067811865474617, -0.000000000000000000, 0.7071067811865474617 ) ) ;
#3394 = CARTESIAN_POINT ( 'NONE',  ( 12.20190265095412840, -2.040073290564207831, 2.595422128626172054 ) ) ;
#3395 = CARTESIAN_POINT ( 'NONE',  ( 1.149999999999997247, -2.175000000000006928, -2.000000000000000000 ) ) ;
#3396 = DIRECTION ( 'NONE',  ( 0.000000000000000000, 1.000000000000000000, 0.000000000000000000 ) ) ;
#3397 = VECTOR ( 'NONE', #486, 1000.000000000000000 ) ;
#3398 = AXIS2_PLACEMENT_3D ( 'NONE', #3601, #491, #212 ) ;
#3399 = ORIENTED_EDGE ( 'NONE', *, *, #1883, .T. ) ;
#3400 = CARTESIAN_POINT ( 'NONE',  ( 12.45290825211801256, 2.087439085565598429, 2.187221323398955253 ) ) ;
#3401 = AXIS2_PLACEMENT_3D ( 'NONE', #595, #2301, #1125 ) ;
#3402 = TOROIDAL_SURFACE ( 'NONE', #562, 1.554966049364602254, 0.7500000000000000000 ) ;
#3403 = EDGE_LOOP ( 'NONE', ( #3063, #1295, #2716, #2664 ) ) ;
#3404 = LINE ( 'NONE', #289, #142 ) ;
#3405 = CARTESIAN_POINT ( 'NONE',  ( 0.4000000000000001887, 1.502637486114518195, 6.138999999999998458 ) ) ;
#3406 = LINE ( 'NONE', #2244, #2752 ) ;
#3407 = EDGE_CURVE ( 'NONE', #2076, #1340, #3462, .T. ) ;
#3408 = AXIS2_PLACEMENT_3D ( 'NONE', #2338, #671, #400 ) ;
#3409 = FACE_OUTER_BOUND ( 'NONE', #3559, .T. ) ;
#3410 = VECTOR ( 'NONE', #3355, 1000.000000000000000 ) ;
#3411 = VECTOR ( 'NONE', #3163, 999.9999999999998863 ) ;
#3412 = CARTESIAN_POINT ( 'NONE',  ( 12.30000000000000071, -2.243459280444427772, 5.588199955838118349 ) ) ;
#3413 = ADVANCED_FACE ( 'NONE', ( #3234 ), #2953, .F. ) ;
#3414 = ORIENTED_EDGE ( 'NONE', *, *, #2551, .T. ) ;
#3415 = ORIENTED_EDGE ( 'NONE', *, *, #3366, .F. ) ;
#3416 = EDGE_LOOP ( 'NONE', ( #760, #651, #3058, #2559, #2789, #1848, #2564, #3454, #573, #2649, #3568, #1191 ) ) ;
#3417 = CARTESIAN_POINT ( 'NONE',  ( 9.721665018948350223, 6.200000000000000178, -2.000000000000000000 ) ) ;
#3418 = CARTESIAN_POINT ( 'NONE',  ( -0.4282819678817709752, -2.057911970479199937, 2.353224001008317412 ) ) ;
#3419 = AXIS2_PLACEMENT_3D ( 'NONE', #2898, #3214, #66 ) ;
#3420 = ORIENTED_EDGE ( 'NONE', *, *, #631, .F. ) ;
#3421 = VECTOR ( 'NONE', #1448, 1000.000000000000000 ) ;
#3422 = CARTESIAN_POINT ( 'NONE',  ( -0.3999999999999998557, 1.821676962433381952, 6.089970303311147859 ) ) ;
#3423 = AXIS2_PLACEMENT_3D ( 'NONE', #2071, #1799, #2147 ) ;
#3424 = EDGE_CURVE ( 'NONE', #2876, #2285, #1237, .T. ) ;
#3425 = ORIENTED_EDGE ( 'NONE', *, *, #574, .F. ) ;
#3426 =( NAMED_UNIT ( * ) PLANE_ANGLE_UNIT ( ) SI_UNIT ( $, .RADIAN. ) );
#3427 = EDGE_LOOP ( 'NONE', ( #2890, #151 ) ) ;
#3428 = CARTESIAN_POINT ( 'NONE',  ( 11.41862915010152157, -6.200000000000001066, -12.69999999999999929 ) ) ;
#3429 = CARTESIAN_POINT ( 'NONE',  ( 0.4980973490458738828, -2.040073290564207831, 2.595422128626172054 ) ) ;
#3430 = EDGE_CURVE ( 'NONE', #2780, #1325, #382, .T. ) ;
#3431 = DIRECTION ( 'NONE',  ( 0.000000000000000000, 0.000000000000000000, 1.000000000000000000 ) ) ;
#3432 = CYLINDRICAL_SURFACE ( 'NONE', #158, 3.175000000000000711 ) ;
#3433 = AXIS2_PLACEMENT_3D ( 'NONE', #1241, #354, #1274 ) ;
#3434 = ORIENTED_EDGE ( 'NONE', *, *, #2925, .T. ) ;
#3435 = EDGE_CURVE ( 'NONE', #3233, #878, #2052, .T. ) ;
#3436 = VERTEX_POINT ( 'NONE', #365 ) ;
#3437 = ORIENTED_EDGE ( 'NONE', *, *, #3629, .F. ) ;
#3438 = CARTESIAN_POINT ( 'NONE',  ( -2.099872945368625121, 0.000000000000000000, 6.138999999999998458 ) ) ;
#3439 = VERTEX_POINT ( 'NONE', #1285 ) ;
#3440 = DIRECTION ( 'NONE',  ( 0.000000000000000000, 0.000000000000000000, 1.000000000000000000 ) ) ;
#3441 = ORIENTED_EDGE ( 'NONE', *, *, #954, .F. ) ;
#3442 = CARTESIAN_POINT ( 'NONE',  ( 0.4000000000000001887, -2.061552812808830293, 5.438999999999999169 ) ) ;
#3443 = CARTESIAN_POINT ( 'NONE',  ( 13.09999999999999964, 2.061552812808830293, 5.438999999999999169 ) ) ;
#3444 = APPLICATION_CONTEXT ( 'configuration controlled 3d designs of mechanical parts and assemblies' ) ;
#3445 = CARTESIAN_POINT ( 'NONE',  ( 6.349999999999996092, -0.8890000000000000124, -22.22499999999999787 ) ) ;
#3446 = DIRECTION ( 'NONE',  ( 0.000000000000000000, 0.000000000000000000, 1.000000000000000000 ) ) ;
#3447 = ORIENTED_EDGE ( 'NONE', *, *, #3156, .F. ) ;
#3448 = VERTEX_POINT ( 'NONE', #3511 ) ;
#3449 = FACE_OUTER_BOUND ( 'NONE', #2268, .T. ) ;
#3450 = APPROVAL_PERSON_ORGANIZATION ( #2333, #1333, #378 ) ;
#3451 = VERTEX_POINT ( 'NONE', #1507 ) ;
#3452 = CARTESIAN_POINT ( 'NONE',  ( 12.54999999999999716, -0.1999999999999996503, -2.000000000000000000 ) ) ;
#3453 = EDGE_CURVE ( 'NONE', #2492, #1575, #1255, .T. ) ;
#3454 = ORIENTED_EDGE ( 'NONE', *, *, #294, .T. ) ;
#3455 = CARTESIAN_POINT ( 'NONE',  ( 0.1499999999999971911, -6.200000000000001066, -4.000000000000000000 ) ) ;
#3456 = ADVANCED_FACE ( 'NONE', ( #2886 ), #1540, .T. ) ;
#3457 = VERTEX_POINT ( 'NONE', #990 ) ;
#3458 = DATE_AND_TIME ( #3477, #2145 ) ;
#3459 = CARTESIAN_POINT ( 'NONE',  ( 0.000000000000000000, 0.000000000000000000, 5.438999999999999169 ) ) ;
#3460 = CARTESIAN_POINT ( 'NONE',  ( 0.000000000000000000, 0.000000000000000000, 0.8890000000000009006 ) ) ;
#3461 = VECTOR ( 'NONE', #1304, 1000.000000000000000 ) ;
#3462 = LINE ( 'NONE', #3532, #1806 ) ;
#3463 = CARTESIAN_POINT ( 'NONE',  ( 12.69999999999993889, -6.200000000000000178, 0.000000000000000000 ) ) ;
#3464 = CIRCLE ( 'NONE', #1809, 6.200000000000001066 ) ;
#3465 = AXIS2_PLACEMENT_3D ( 'NONE', #3551, #3609, #1326 ) ;
#3466 = DIRECTION ( 'NONE',  ( 1.000000000000000000, -8.340016711426955288E-17, 0.000000000000000000 ) ) ;
#3467 = EDGE_CURVE ( 'NONE', #1480, #985, #201, .T. ) ;
#3468 = DIRECTION ( 'NONE',  ( -1.000000000000000000, 0.000000000000000000, -0.000000000000000000 ) ) ;
#3469 = DIRECTION ( 'NONE',  ( -0.000000000000000000, 0.000000000000000000, 1.000000000000000000 ) ) ;
#3470 = CIRCLE ( 'NONE', #1708, 3.174999999999999822 ) ;
#3471 = EDGE_CURVE ( 'NONE', #331, #223, #1493, .T. ) ;
#3472 = EDGE_LOOP ( 'NONE', ( #2026, #2942, #2748, #2421 ) ) ;
#3473 = CYLINDRICAL_SURFACE ( 'NONE', #2503, 0.5000000000000000000 ) ;
#3474 = AXIS2_PLACEMENT_3D ( 'NONE', #1978, #1145, #3078 ) ;
#3475 = LINE ( 'NONE', #664, #3274 ) ;
#3476 = EDGE_CURVE ( 'NONE', #588, #3340, #2620, .T. ) ;
#3477 = CALENDAR_DATE ( 2022, 6, 6 ) ;
#3478 = VERTEX_POINT ( 'NONE', #2900 ) ;
#3479 = CARTESIAN_POINT ( 'NONE',  ( 13.09999999999999964, 2.264950330581225746, 5.523072258617638397 ) ) ;
#3480 = ADVANCED_FACE ( 'NONE', ( #2108 ), #3216, .T. ) ;
#3481 = CARTESIAN_POINT ( 'NONE',  ( 11.55000000000002558, -4.175000000000000711, -101.3795551986130192 ) ) ;
#3482 = AXIS2_PLACEMENT_3D ( 'NONE', #2187, #458, #1656 ) ;
#3483 = LINE ( 'NONE', #2127, #1406 ) ;
#3484 = DIRECTION ( 'NONE',  ( 0.7071067811865479058, 0.000000000000000000, 0.7071067811865472397 ) ) ;
#3485 = ORIENTED_EDGE ( 'NONE', *, *, #2703, .T. ) ;
#3486 = CARTESIAN_POINT ( 'NONE',  ( 1.149999999999997247, -6.200000000000007283, -14.24558441227156891 ) ) ;
#3487 = DIRECTION ( 'NONE',  ( -0.000000000000000000, 1.000000000000000000, -0.000000000000000000 ) ) ;
#3488 = CARTESIAN_POINT ( 'NONE',  ( 15.00000000000000533, 0.000000000000000000, 5.523072258617638397 ) ) ;
#3489 = CARTESIAN_POINT ( 'NONE',  ( 12.54999999999999716, -6.200000000000001066, -19.04999999999999716 ) ) ;
#3490 = EDGE_LOOP ( 'NONE', ( #3420, #3195, #313, #2457 ) ) ;
#3491 = ORIENTED_EDGE ( 'NONE', *, *, #1240, .F. ) ;
#3492 = CARTESIAN_POINT ( 'NONE',  ( 1.149999999999997247, -4.175000000000005151, -2.000000000000000000 ) ) ;
#3493 = DIRECTION ( 'NONE',  ( 0.000000000000000000, 0.000000000000000000, 1.000000000000000000 ) ) ;
#3494 = EDGE_CURVE ( 'NONE', #955, #1900, #171, .T. ) ;
#3495 = CARTESIAN_POINT ( 'NONE',  ( 12.30000000000000071, -3.174999999999998934, 5.139000000000001123 ) ) ;
#3496 = EDGE_LOOP ( 'NONE', ( #610, #2612, #2247, #524 ) ) ;
#3497 = ADVANCED_FACE ( 'NONE', ( #3059 ), #1906, .T. ) ;
#3498 = CARTESIAN_POINT ( 'NONE',  ( -0.3999999999999999667, 2.264950330581225302, 5.523072258617638397 ) ) ;
#3499 = DIRECTION ( 'NONE',  ( 8.115498896123167176E-15, 0.000000000000000000, 1.000000000000000000 ) ) ;
#3500 = ORIENTED_EDGE ( 'NONE', *, *, #1937, .F. ) ;
#3501 = LINE ( 'NONE', #2713, #1030 ) ;
#3502 = CARTESIAN_POINT ( 'NONE',  ( 12.54999999999999716, -0.1999999999999996503, -19.04999999999999716 ) ) ;
#3503 = ORIENTED_EDGE ( 'NONE', *, *, #1545, .F. ) ;
#3504 = EDGE_LOOP ( 'NONE', ( #557, #2254, #1976, #2856 ) ) ;
#3505 = ADVANCED_FACE ( 'NONE', ( #3252 ), #3402, .T. ) ;
#3506 = CARTESIAN_POINT ( 'NONE',  ( 0.4000000000000000222, -2.197165961088449748, 5.495012551953919022 ) ) ;
#3507 = DIRECTION ( 'NONE',  ( -0.000000000000000000, -0.000000000000000000, 1.000000000000000000 ) ) ;
#3508 = AXIS2_PLACEMENT_3D ( 'NONE', #2844, #2557, #1434 ) ;
#3509 = AXIS2_PLACEMENT_3D ( 'NONE', #2015, #1203, #1716 ) ;
#3510 = ORIENTED_EDGE ( 'NONE', *, *, #3051, .F. ) ;
#3511 = CARTESIAN_POINT ( 'NONE',  ( 13.10000000000000142, 1.502637486114517751, 6.138999999999998458 ) ) ;
#3512 = FACE_OUTER_BOUND ( 'NONE', #2037, .T. ) ;
#3513 = ADVANCED_FACE ( 'NONE', ( #495 ), #2164, .T. ) ;
#3514 = EDGE_CURVE ( 'NONE', #570, #1838, #2443, .T. ) ;
#3515 = AXIS2_PLACEMENT_3D ( 'NONE', #2899, #2681, #2084 ) ;
#3516 = ORIENTED_EDGE ( 'NONE', *, *, #1980, .T. ) ;
#3517 = DIRECTION ( 'NONE',  ( -0.000000000000000000, 1.000000000000000000, -0.000000000000000000 ) ) ;
#3518 = AXIS2_PLACEMENT_3D ( 'NONE', #902, #2016, #255 ) ;
#3519 = ADVANCED_FACE ( 'NONE', ( #455 ), #801, .T. ) ;
#3520 = DIRECTION ( 'NONE',  ( 0.000000000000000000, 0.000000000000000000, 1.000000000000000000 ) ) ;
#3521 = EDGE_CURVE ( 'NONE', #2312, #2225, #2869, .T. ) ;
#3522 = DIRECTION ( 'NONE',  ( -0.9961946980917461003, 0.000000000000000000, -0.08715574274765176821 ) ) ;
#3523 = AXIS2_PLACEMENT_3D ( 'NONE', #2402, #1062, #2178 ) ;
#3524 = ORIENTED_EDGE ( 'NONE', *, *, #927, .F. ) ;
#3525 = CIRCLE ( 'NONE', #2989, 2.100000000000000977 ) ;
#3526 = DIRECTION ( 'NONE',  ( 0.000000000000000000, 1.000000000000000000, 0.000000000000000000 ) ) ;
#3527 = DIRECTION ( 'NONE',  ( 0.000000000000000000, 0.000000000000000000, 1.000000000000000000 ) ) ;
#3528 = ORIENTED_EDGE ( 'NONE', *, *, #1021, .F. ) ;
#3529 = CARTESIAN_POINT ( 'NONE',  ( 6.349999999999996092, -6.201024999999999565, -19.04999999999999716 ) ) ;
#3530 = AXIS2_PLACEMENT_3D ( 'NONE', #2969, #168, #2756 ) ;
#3531 = ORIENTED_EDGE ( 'NONE', *, *, #3471, .F. ) ;
#3532 = CARTESIAN_POINT ( 'NONE',  ( 1.281370849898472386, -6.200000000000001066, -12.69999999999999929 ) ) ;
#3533 = DIRECTION ( 'NONE',  ( 1.000000000000000000, 0.000000000000000000, 0.000000000000000000 ) ) ;
#3534 = CARTESIAN_POINT ( 'NONE',  ( -6.199999999999999289, -6.200000000000000178, -2.000000000000000000 ) ) ;
#3535 = ORIENTED_EDGE ( 'NONE', *, *, #2467, .F. ) ;
#3536 = EDGE_CURVE ( 'NONE', #1535, #278, #435, .T. ) ;
#3537 = CARTESIAN_POINT ( 'NONE',  ( -0.3999999999999999667, 2.129368205736810182, 5.466985055468133403 ) ) ;
#3538 = CARTESIAN_POINT ( 'NONE',  ( -6.226030975498009212E-14, -6.200000000000000178, 0.000000000000000000 ) ) ;
#3539 = EDGE_CURVE ( 'NONE', #2820, #3448, #2922, .T. ) ;
#3540 = CARTESIAN_POINT ( 'NONE',  ( 13.42063157758646774, -1.972483239316683346, 5.138999999999997570 ) ) ;
#3541 = LINE ( 'NONE', #3598, #3106 ) ;
#3542 = ORIENTED_EDGE ( 'NONE', *, *, #3650, .T. ) ;
#3543 = B_SPLINE_CURVE_WITH_KNOTS ( 'NONE', 3,
 ( #3654, #2251, #585, #3068 ),
 .UNSPECIFIED., .F., .F.,
 ( 4, 4 ),
 ( 0.003655977453372196047, 0.003758849537120531516 ),
 .UNSPECIFIED. ) ;
#3544 = DIRECTION ( 'NONE',  ( -0.000000000000000000, -0.000000000000000000, -1.000000000000000000 ) ) ;
#3545 = DIRECTION ( 'NONE',  ( -0.000000000000000000, -0.000000000000000000, 1.000000000000000000 ) ) ;
#3546 = ORIENTED_EDGE ( 'NONE', *, *, #1666, .T. ) ;
#3547 = DIRECTION ( 'NONE',  ( 1.000000000000000000, 0.000000000000000000, 0.000000000000000000 ) ) ;
#3548 = DIRECTION ( 'NONE',  ( 0.000000000000000000, 1.000000000000000000, 0.000000000000000000 ) ) ;
#3549 = DIRECTION ( 'NONE',  ( 1.000000000000000000, 0.000000000000000000, 0.000000000000000000 ) ) ;
#3550 = VERTEX_POINT ( 'NONE', #1320 ) ;
#3551 = CARTESIAN_POINT ( 'NONE',  ( 12.30000000000000071, -3.174999999999998934, 6.138999999999998458 ) ) ;
#3552 = DIRECTION ( 'NONE',  ( 1.000000000000000000, -1.209468558947973047E-16, 0.000000000000000000 ) ) ;
#3553 = CARTESIAN_POINT ( 'NONE',  ( 12.69999999999999929, 0.000000000000000000, 5.438999999999999169 ) ) ;
#3554 = VECTOR ( 'NONE', #1153, 1000.000000000000000 ) ;
#3555 = EDGE_CURVE ( 'NONE', #2866, #2720, #3564, .T. ) ;
#3556 = CARTESIAN_POINT ( 'NONE',  ( -0.7206315775864664541, 1.972483239316684234, 5.138999999999997570 ) ) ;
#3557 = CARTESIAN_POINT ( 'NONE',  ( 6.349999999999996092, -4.174999999999999822, -3.174999999999998490 ) ) ;
#3558 = ORIENTED_EDGE ( 'NONE', *, *, #739, .T. ) ;
#3559 = EDGE_LOOP ( 'NONE', ( #1569, #1969, #2978, #1684 ) ) ;
#3560 = CARTESIAN_POINT ( 'NONE',  ( -6.200000000000001066, -4.174999999999998934, -2.000000000000000000 ) ) ;
#3561 = DIRECTION ( 'NONE',  ( 0.000000000000000000, 1.000000000000000000, 0.000000000000000000 ) ) ;
#3562 = PERSON ( 'UNSPECIFIED', 'UNSPECIFIED', 'UNSPECIFIED', ('UNSPECIFIED'), ('UNSPECIFIED'), ('UNSPECIFIED') ) ;
#3563 = VERTEX_POINT ( 'NONE', #1615 ) ;
#3564 = LINE ( 'NONE', #473, #2341 ) ;
#3565 = CARTESIAN_POINT ( 'NONE',  ( 11.41862915010152157, -32.54999999999999716, -12.69999999999999929 ) ) ;
#3566 = CARTESIAN_POINT ( 'NONE',  ( 1.149999999999997469, -4.175000000000005151, -19.04999999999999716 ) ) ;
#3567 = VECTOR ( 'NONE', #1843, 1000.000000000000000 ) ;
#3568 = ORIENTED_EDGE ( 'NONE', *, *, #3453, .T. ) ;
#3569 = DIRECTION ( 'NONE',  ( 0.000000000000000000, 0.000000000000000000, 1.000000000000000000 ) ) ;
#3570 = DIRECTION ( 'NONE',  ( 1.000000000000000000, -1.365923996832131363E-16, 1.092739197465705090E-15 ) ) ;
#3571 = AXIS2_PLACEMENT_3D ( 'NONE', #3034, #190, #1572 ) ;
#3572 = DIRECTION ( 'NONE',  ( 1.000000000000000000, 0.000000000000000000, 0.000000000000000000 ) ) ;
#3573 = AXIS2_PLACEMENT_3D ( 'NONE', #1220, #1836, #348 ) ;
#3574 = VERTEX_POINT ( 'NONE', #2502 ) ;
#3575 = CIRCLE ( 'NONE', #439, 2.268258436585967264 ) ;
#3576 = DIRECTION ( 'NONE',  ( -0.000000000000000000, 1.000000000000000000, -0.000000000000000000 ) ) ;
#3577 = EDGE_CURVE ( 'NONE', #1911, #3448, #2781, .T. ) ;
#3578 = CIRCLE ( 'NONE', #90, 2.100000000000000089 ) ;
#3579 = ORIENTED_EDGE ( 'NONE', *, *, #529, .F. ) ;
#3580 = ORIENTED_EDGE ( 'NONE', *, *, #1670, .F. ) ;
#3581 = DIRECTION ( 'NONE',  ( -0.000000000000000000, 1.000000000000000000, -0.000000000000000000 ) ) ;
#3582 = EDGE_CURVE ( 'NONE', #170, #2384, #1862, .T. ) ;
#3583 = EDGE_LOOP ( 'NONE', ( #1904, #3425, #1407, #2525 ) ) ;
#3584 = CYLINDRICAL_SURFACE ( 'NONE', #1639, 5.200000000000000178 ) ;
#3585 = CARTESIAN_POINT ( 'NONE',  ( 0.1499999999999971634, -32.54999999999999716, -13.83137084989847310 ) ) ;
#3586 = ADVANCED_FACE ( 'NONE', ( #154 ), #3584, .F. ) ;
#3587 = DIRECTION ( 'NONE',  ( -3.635732195710287636E-17, 0.000000000000000000, 1.000000000000000000 ) ) ;
#3588 = DIRECTION ( 'NONE',  ( 1.000000000000000000, 0.000000000000000000, 0.000000000000000000 ) ) ;
#3589 = AXIS2_PLACEMENT_3D ( 'NONE', #2666, #2102, #3182 ) ;
#3590 = ORIENTED_EDGE ( 'NONE', *, *, #1933, .F. ) ;
#3591 = AXIS2_PLACEMENT_3D ( 'NONE', #2295, #1140, #6 ) ;
#3592 = CARTESIAN_POINT ( 'NONE',  ( 12.54999999999999716, -0.1999999999999996503, -13.83137084989847310 ) ) ;
#3593 = CARTESIAN_POINT ( 'NONE',  ( 12.30000000000000071, 2.232710535457612888, 5.620762745781209269 ) ) ;
#3594 = B_SPLINE_CURVE_WITH_KNOTS ( 'NONE', 3,
 ( #1061, #776, #2137, #1588 ),
 .UNSPECIFIED., .F., .F.,
 ( 4, 4 ),
 ( 0.003655977453372196047, 0.003758849537120531516 ),
 .UNSPECIFIED. ) ;
#3595 = CIRCLE ( 'NONE', #1423, 3.175000000000000711 ) ;
#3596 = ORIENTED_EDGE ( 'NONE', *, *, #1431, .F. ) ;
#3597 = DIRECTION ( 'NONE',  ( 0.000000000000000000, 1.000000000000000000, 0.000000000000000000 ) ) ;
#3598 = CARTESIAN_POINT ( 'NONE',  ( 6.349999999999996092, -5.460999999999999410, -15.87499999999999645 ) ) ;
#3599 = VERTEX_POINT ( 'NONE', #2146 ) ;
#3600 = CARTESIAN_POINT ( 'NONE',  ( 1.149999999999997247, -6.200000000000001066, -2.000000000000000000 ) ) ;
#3601 = CARTESIAN_POINT ( 'NONE',  ( 0.000000000000000000, 0.000000000000000000, 0.000000000000000000 ) ) ;
#3602 = ORIENTED_EDGE ( 'NONE', *, *, #1252, .F. ) ;
#3603 = DIRECTION ( 'NONE',  ( -1.000000000000000000, 0.000000000000000000, -3.610685720876617428E-16 ) ) ;
#3604 = DIRECTION ( 'NONE',  ( 1.000000000000000000, 0.000000000000000000, 0.000000000000000000 ) ) ;
#3605 = PLANE ( 'NONE',  #3070 ) ;
#3606 = DIRECTION ( 'NONE',  ( 0.000000000000000000, 0.000000000000000000, 1.000000000000000000 ) ) ;
#3607 = ADVANCED_FACE ( 'NONE', ( #742, #1366 ), #192, .T. ) ;
#3608 = VERTEX_POINT ( 'NONE', #2483 ) ;
#3609 = DIRECTION ( 'NONE',  ( -1.000000000000000000, 0.000000000000000000, -0.000000000000000000 ) ) ;
#3610 = CARTESIAN_POINT ( 'NONE',  ( 10.00441558772842576, -6.200000000000001066, -12.69999999999999929 ) ) ;
#3611 = ADVANCED_FACE ( 'NONE', ( #2464 ), #1461, .T. ) ;
#3612 = ORIENTED_EDGE ( 'NONE', *, *, #2280, .F. ) ;
#3613 = AXIS2_PLACEMENT_3D ( 'NONE', #2743, #1307, #746 ) ;
#3614 = CARTESIAN_POINT ( 'NONE',  ( 15.80000000000003268, -3.100000000000000089, 0.000000000000000000 ) ) ;
#3615 = CARTESIAN_POINT ( 'NONE',  ( 1.149999999999997247, -6.200000000000001066, -2.000000000000000000 ) ) ;
#3616 = AXIS2_PLACEMENT_3D ( 'NONE', #2214, #795, #2532 ) ;
#3617 = ORIENTED_EDGE ( 'NONE', *, *, #3205, .T. ) ;
#3618 = CARTESIAN_POINT ( 'NONE',  ( 12.94707237833307367, 2.087434397081524118, 2.187282604411544540 ) ) ;
#3619 = LINE ( 'NONE', #2296, #740 ) ;
#3620 = ORIENTED_EDGE ( 'NONE', *, *, #276, .F. ) ;
#3621 = DIRECTION ( 'NONE',  ( 0.000000000000000000, 0.000000000000000000, 1.000000000000000000 ) ) ;
#3622 = CARTESIAN_POINT ( 'NONE',  ( 1.281370849898472386, -0.1999999999999996503, -12.69999999999999929 ) ) ;
#3623 = FACE_OUTER_BOUND ( 'NONE', #1198, .T. ) ;
#3624 = EDGE_LOOP ( 'NONE', ( #1151, #2873, #582, #3251 ) ) ;
#3625 = EDGE_CURVE ( 'NONE', #1105, #1892, #3404, .T. ) ;
#3626 = DIRECTION ( 'NONE',  ( 0.000000000000000000, 0.000000000000000000, -1.000000000000000000 ) ) ;
#3627 = FACE_OUTER_BOUND ( 'NONE', #402, .T. ) ;
#3628 = VERTEX_POINT ( 'NONE', #2560 ) ;
#3629 = EDGE_CURVE ( 'NONE', #1329, #1046, #1568, .T. ) ;
#3630 = AXIS2_PLACEMENT_3D ( 'NONE', #1963, #1402, #3663 ) ;
#3631 = ORIENTED_EDGE ( 'NONE', *, *, #1690, .T. ) ;
#3632 = EDGE_CURVE ( 'NONE', #736, #1561, #897, .T. ) ;
#3633 = CARTESIAN_POINT ( 'NONE',  ( 12.69999999999999929, 0.000000000000000000, 0.8890000000000009006 ) ) ;
#3634 = DIRECTION ( 'NONE',  ( 1.000000000000000000, 0.000000000000000000, 0.000000000000000000 ) ) ;
#3635 = AXIS2_PLACEMENT_3D ( 'NONE', #2359, #3202, #137 ) ;
#3636 = ORIENTED_EDGE ( 'NONE', *, *, #954, .T. ) ;
#3637 = AXIS2_PLACEMENT_3D ( 'NONE', #225, #283, #1665 ) ;
#3638 = CARTESIAN_POINT ( 'NONE',  ( 13.09999999999999964, -3.174999999999998934, 5.139000000000001123 ) ) ;
#3639 = CARTESIAN_POINT ( 'NONE',  ( -0.3999999999999999667, 2.232710535457612888, 5.620762745781209269 ) ) ;
#3640 = CIRCLE ( 'NONE', #145, 3.175000000000001155 ) ;
#3641 = VERTEX_POINT ( 'NONE', #1748 ) ;
#3642 = CARTESIAN_POINT ( 'NONE',  ( 12.54999999999999716, -0.1999999999999996503, -2.000000000000000000 ) ) ;
#3643 = PLANE ( 'NONE',  #2534 ) ;
#3644 = VECTOR ( 'NONE', #2395, 1000.000000000000000 ) ;
#3645 = DIRECTION ( 'NONE',  ( -0.000000000000000000, -0.000000000000000000, -1.000000000000000000 ) ) ;
#3646 = EDGE_LOOP ( 'NONE', ( #3153, #1607 ) ) ;
#3647 = DIRECTION ( 'NONE',  ( -0.000000000000000000, 0.000000000000000000, 1.000000000000000000 ) ) ;
#3648 = DIRECTION ( 'NONE',  ( -0.000000000000000000, -0.000000000000000000, 1.000000000000000000 ) ) ;
#3649 = CIRCLE ( 'NONE', #3589, 1.554966049364602254 ) ;
#3650 = EDGE_CURVE ( 'NONE', #2041, #1645, #1418, .T. ) ;
#3651 = AXIS2_PLACEMENT_3D ( 'NONE', #2273, #3128, #1651 ) ;
#3652 = VERTEX_POINT ( 'NONE', #3131 ) ;
#3653 = EDGE_LOOP ( 'NONE', ( #3142, #2325, #2785, #2005 ) ) ;
#3654 = CARTESIAN_POINT ( 'NONE',  ( -0.3999999999999999667, -2.232710535457612888, 5.620762745781209269 ) ) ;
#3655 = CARTESIAN_POINT ( 'NONE',  ( 0.4871798639138836262, -2.042738866564660416, 2.470634702552897188 ) ) ;
#3656 = EDGE_CURVE ( 'NONE', #2257, #3550, #3164, .T. ) ;
#3657 = VERTEX_POINT ( 'NONE', #31 ) ;
#3658 = DIRECTION ( 'NONE',  ( -0.000000000000000000, -0.000000000000000000, 1.000000000000000000 ) ) ;
#3659 = DIRECTION ( 'NONE',  ( -1.000000000000000000, 0.000000000000000000, 0.000000000000000000 ) ) ;
#3660 = ORIENTED_EDGE ( 'NONE', *, *, #346, .F. ) ;
#3661 = CARTESIAN_POINT ( 'NONE',  ( -0.7206315775864664541, -1.972483239316685122, 5.138999999999997570 ) ) ;
#3662 = CARTESIAN_POINT ( 'NONE',  ( 1.150000000000001688, -4.174999999999999822, -101.3795551986130192 ) ) ;
#3663 = DIRECTION ( 'NONE',  ( -1.000000000000000000, 0.000000000000000000, 0.000000000000000000 ) ) ;
#3664 = ORIENTED_EDGE ( 'NONE', *, *, #1291, .F. ) ;
#3665 = CARTESIAN_POINT ( 'NONE',  ( 12.54999999999999716, -32.54999999999999716, -4.000000000000000000 ) ) ;
#3666 = CYLINDRICAL_SURFACE ( 'NONE', #3007, 3.174999999999999822 ) ;
#3667 = VERTEX_POINT ( 'NONE', #1713 ) ;
#3668 = ORIENTED_EDGE ( 'NONE', *, *, #1823, .F. ) ;
#3669 = LINE ( 'NONE', #907, #1814 ) ;
ENDSEC;
END-ISO-10303-21;
