ISO-10303-21;
HEADER;
FILE_DESCRIPTION (( 'STEP AP203' ),
    '1' );
FILE_NAME ('228-2500-126.step',
    '2022-06-06T19:04:26',
    ( '' ),
    ( '' ),
    'SwSTEP 2.0',
    'SolidWorks 2021',
    '' );
FILE_SCHEMA (( 'CONFIG_CONTROL_DESIGN' ));
ENDSEC;

DATA;
#1 = CARTESIAN_POINT ( 'NONE',  ( -2.040073290564207831, 18.55190265095412272, 2.595422128626172054 ) ) ;
#2 = EDGE_CURVE ( 'NONE', #2340, #1890, #2755, .T. ) ;
#3 = EDGE_CURVE ( 'NONE', #2118, #4147, #2835, .T. ) ;
#4 = DIRECTION ( 'NONE',  ( -0.000000000000000000, -0.000000000000000000, 1.000000000000000000 ) ) ;
#5 = DIRECTION ( 'NONE',  ( 0.000000000000000000, 0.000000000000000000, -1.000000000000000000 ) ) ;
#6 = CARTESIAN_POINT ( 'NONE',  ( 6.200000000000000178, 25.00000000000000000, 0.000000000000000000 ) ) ;
#7 = ORIENTED_EDGE ( 'NONE', *, *, #4592, .F. ) ;
#8 = EDGE_CURVE ( 'NONE', #4313, #1399, #1103, .T. ) ;
#9 = DIRECTION ( 'NONE',  ( 0.000000000000000000, 0.000000000000000000, -1.000000000000000000 ) ) ;
#10 = CARTESIAN_POINT ( 'NONE',  ( 1.000000000000000000, 26.24425540319414907, -25.00100000000000833 ) ) ;
#11 = CARTESIAN_POINT ( 'NONE',  ( 2.232710535457612888, -5.620762745781209269, -6.750000000000000888 ) ) ;
#12 = ORIENTED_EDGE ( 'NONE', *, *, #1749, .T. ) ;
#13 = FACE_OUTER_BOUND ( 'NONE', #1211, .T. ) ;
#14 = ORIENTED_EDGE ( 'NONE', *, *, #230, .T. ) ;
#15 = EDGE_CURVE ( 'NONE', #2411, #1374, #4356, .T. ) ;
#16 = LINE ( 'NONE', #3921, #363 ) ;
#17 = ORIENTED_EDGE ( 'NONE', *, *, #4949, .T. ) ;
#18 = CARTESIAN_POINT ( 'NONE',  ( 2.243459280444427772, -5.588199955838118349, -6.750000000000000888 ) ) ;
#19 = EDGE_CURVE ( 'NONE', #3361, #3889, #1846, .T. ) ;
#20 = CYLINDRICAL_SURFACE ( 'NONE', #3632, 3.175000000000001155 ) ;
#21 = EDGE_LOOP ( 'NONE', ( #978, #2636, #505, #4464, #4983, #5061 ) ) ;
#22 = DIRECTION ( 'NONE',  ( 0.000000000000000000, -1.000000000000000000, 0.000000000000000000 ) ) ;
#23 = CARTESIAN_POINT ( 'NONE',  ( 2.061552812808831181, -5.139000000000001123, -6.750000000000000888 ) ) ;
#24 = CARTESIAN_POINT ( 'NONE',  ( 2.083236664664703142, 19.44999999999999218, 5.905597390643910316 ) ) ;
#25 = CIRCLE ( 'NONE', #2913, 2.100000000000000977 ) ;
#26 = CARTESIAN_POINT ( 'NONE',  ( -2.061552812808830293, 6.749999999999997335, 5.439000000000000945 ) ) ;
#28 = CARTESIAN_POINT ( 'NONE',  ( 2.129368205736809738, -5.466985055468135180, -5.950000000000001954 ) ) ;
#27 = CIRCLE ( 'NONE', #3398, 2.268258436585967264 ) ;
#29 = ADVANCED_FACE ( 'NONE', ( #4383 ), #3622, .F. ) ;
#30 = VERTEX_POINT ( 'NONE', #1250 ) ;
#31 = VECTOR ( 'NONE', #1896, 1000.000000000000000 ) ;
#32 = VECTOR ( 'NONE', #1957, 1000.000000000000000 ) ;
#33 = CARTESIAN_POINT ( 'NONE',  ( 2.264950330581225302, 6.749999999999997335, 5.523072258617638397 ) ) ;
#34 = ADVANCED_FACE ( 'NONE', ( #3915 ), #109, .F. ) ;
#35 = CARTESIAN_POINT ( 'NONE',  ( 0.000000000000000000, -5.620762745781208380, -19.04999999999999716 ) ) ;
#36 = EDGE_CURVE ( 'NONE', #366, #3303, #2473, .T. ) ;
#37 = CIRCLE ( 'NONE', #3965, 2.268258436585967264 ) ;
#38 = ORIENTED_EDGE ( 'NONE', *, *, #4786, .T. ) ;
#39 = CIRCLE ( 'NONE', #3081, 3.174999999999998934 ) ;
#40 = ORIENTED_EDGE ( 'NONE', *, *, #1248, .T. ) ;
#41 = DIRECTION ( 'NONE',  ( 0.000000000000000000, 1.000000000000000000, 0.000000000000000000 ) ) ;
#42 = CIRCLE ( 'NONE', #3250, 3.175000000000000711 ) ;
#43 = VECTOR ( 'NONE', #4685, 1000.000000000000000 ) ;
#44 = AXIS2_PLACEMENT_3D ( 'NONE', #2241, #4185, #4595 ) ;
#45 = ORIENTED_EDGE ( 'NONE', *, *, #4322, .T. ) ;
#46 = CARTESIAN_POINT ( 'NONE',  ( 2.243459280444427772, 5.949999999999998401, 5.588199955838118349 ) ) ;
#47 = CARTESIAN_POINT ( 'NONE',  ( 6.200000000000000178, 2.000000000000000000, -24.00000000000000355 ) ) ;
#48 = LOCAL_TIME ( 14, 4, 26.00000000000000000, #2764 ) ;
#49 = ORIENTED_EDGE ( 'NONE', *, *, #900, .T. ) ;
#50 = DIRECTION ( 'NONE',  ( 1.000000000000000000, 0.000000000000000000, 0.000000000000000000 ) ) ;
#51 = DIRECTION ( 'NONE',  ( 0.000000000000000000, 0.000000000000000000, -1.000000000000000000 ) ) ;
#52 = CARTESIAN_POINT ( 'NONE',  ( 0.000000000000000000, 6.349999999999997868, 0.000000000000000000 ) ) ;
#53 = DIRECTION ( 'NONE',  ( 0.000000000000000000, 0.000000000000000000, 1.000000000000000000 ) ) ;
#54 = CARTESIAN_POINT ( 'NONE',  ( 2.061552812808830293, 19.44999999999999574, 5.439000000000000945 ) ) ;
#55 = ORIENTED_EDGE ( 'NONE', *, *, #2915, .F. ) ;
#56 = CARTESIAN_POINT ( 'NONE',  ( -1.502637486114517751, 5.949999999999998401, 6.139000000000000234 ) ) ;
#57 = VECTOR ( 'NONE', #1653, 1000.000000000000000 ) ;
#58 = VECTOR ( 'NONE', #2451, 1000.000000000000000 ) ;
#59 = ORIENTED_EDGE ( 'NONE', *, *, #3741, .F. ) ;
#60 = CARTESIAN_POINT ( 'NONE',  ( -2.182266827280791244, 6.749999999999999112, 5.773579458367406936 ) ) ;
#61 = DIRECTION ( 'NONE',  ( 0.000000000000000000, 0.000000000000000000, -1.000000000000000000 ) ) ;
#62 = EDGE_LOOP ( 'NONE', ( #2848, #4338, #3260, #4543 ) ) ;
#63 = CARTESIAN_POINT ( 'NONE',  ( 6.199999999999997513, 11.40000000000000036, -11.40000000000000036 ) ) ;
#64 = ORIENTED_EDGE ( 'NONE', *, *, #3901, .T. ) ;
#65 = ORIENTED_EDGE ( 'NONE', *, *, #4888, .F. ) ;
#66 = AXIS2_PLACEMENT_3D ( 'NONE', #342, #1483, #1959 ) ;
#67 = ADVANCED_FACE ( 'NONE', ( #3205 ), #4768, .F. ) ;
#68 = EDGE_LOOP ( 'NONE', ( #2063, #965, #3456, #1361, #4596, #1984, #3730, #1000, #2198, #1806, #1516 ) ) ;
#69 = CARTESIAN_POINT ( 'NONE',  ( 2.264950330581225302, 5.949999999999998401, 5.523072258617638397 ) ) ;
#70 = FACE_OUTER_BOUND ( 'NONE', #2954, .T. ) ;
#71 = VERTEX_POINT ( 'NONE', #2447 ) ;
#72 = DIRECTION ( 'NONE',  ( 0.000000000000000000, -1.000000000000000000, 8.115498896123205041E-15 ) ) ;
#73 = ORIENTED_EDGE ( 'NONE', *, *, #2, .T. ) ;
#74 = DIRECTION ( 'NONE',  ( -7.709882115452477180E-16, -1.000000000000000000, 1.284980352575412946E-16 ) ) ;
#75 = DIRECTION ( 'NONE',  ( -1.000000000000000000, -0.000000000000000000, -0.000000000000000000 ) ) ;
#76 = ADVANCED_FACE ( 'NONE', ( #1206, #4333 ), #3550, .T. ) ;
#77 = CYLINDRICAL_SURFACE ( 'NONE', #1451, 3.174999999999999378 ) ;
#78 =( BOUNDED_CURVE ( )  B_SPLINE_CURVE ( 3, ( #520, #1303, #931, #1719 ),
 .UNSPECIFIED., .F., .T. ) 
 B_SPLINE_CURVE_WITH_KNOTS ( ( 4, 4 ),
 ( 4.362112093716119077, 4.472917508490047211 ),
 .UNSPECIFIED. ) 
 CURVE ( )  GEOMETRIC_REPRESENTATION_ITEM ( )  RATIONAL_B_SPLINE_CURVE ( ( 1.000000000000000000, 0.9989771083553060649, 0.9989771083553060649, 1.000000000000000000 ) ) 
 REPRESENTATION_ITEM ( '' )  );
#79 = DIRECTION ( 'NONE',  ( 0.000000000000000000, -1.000000000000000000, 0.000000000000000000 ) ) ;
#80 = CARTESIAN_POINT ( 'NONE',  ( -2.264950330581225746, 5.949999999999998401, 5.523072258617638397 ) ) ;
#81 = ORIENTED_EDGE ( 'NONE', *, *, #1815, .F. ) ;
#82 = EDGE_CURVE ( 'NONE', #3494, #1743, #601, .T. ) ;
#83 = DIRECTION ( 'NONE',  ( 0.000000000000000000, 0.000000000000000000, 1.000000000000000000 ) ) ;
#84 = ORIENTED_EDGE ( 'NONE', *, *, #167, .T. ) ;
#85 = DIRECTION ( 'NONE',  ( 0.000000000000000000, 1.000000000000000000, 0.000000000000000000 ) ) ;
#86 = DIRECTION ( 'NONE',  ( 0.000000000000000000, 0.000000000000000000, 1.000000000000000000 ) ) ;
#87 = ORIENTED_EDGE ( 'NONE', *, *, #667, .T. ) ;
#88 = CARTESIAN_POINT ( 'NONE',  ( 3.174999999999999822, 6.749999999999997335, 5.138999999999999346 ) ) ;
#89 = ORIENTED_EDGE ( 'NONE', *, *, #1146, .T. ) ;
#90 = ORIENTED_EDGE ( 'NONE', *, *, #2640, .T. ) ;
#91 = ORIENTED_EDGE ( 'NONE', *, *, #3913, .T. ) ;
#92 = LINE ( 'NONE', #4036, #2840 ) ;
#93 = AXIS2_PLACEMENT_3D ( 'NONE', #4307, #4742, #1982 ) ;
#94 = DIRECTION ( 'NONE',  ( 0.000000000000000000, 0.000000000000000000, 1.000000000000000000 ) ) ;
#95 = EDGE_CURVE ( 'NONE', #501, #2716, #3794, .T. ) ;
#96 = ORIENTED_EDGE ( 'NONE', *, *, #1691, .T. ) ;
#97 = DIRECTION ( 'NONE',  ( 0.000000000000000000, 0.000000000000000000, 1.000000000000000000 ) ) ;
#98 = ADVANCED_FACE ( 'NONE', ( #2778 ), #4841, .T. ) ;
#99 = DIRECTION ( 'NONE',  ( 1.000000000000000000, 0.000000000000000000, 0.000000000000000000 ) ) ;
#100 = CARTESIAN_POINT ( 'NONE',  ( 0.000000000000000000, -0.8890000000000009006, -19.04999999999999716 ) ) ;
#101 = FACE_OUTER_BOUND ( 'NONE', #3482, .T. ) ;
#102 = LINE ( 'NONE', #1586, #4218 ) ;
#103 = EDGE_CURVE ( 'NONE', #4849, #5058, #4870, .T. ) ;
#104 = B_SPLINE_CURVE_WITH_KNOTS ( 'NONE', 3,
 ( #2240, #5028, #2670, #3777 ),
 .UNSPECIFIED., .F., .F.,
 ( 4, 4 ),
 ( 0.003029541235337106318, 0.003249628748158704759 ),
 .UNSPECIFIED. ) ;
#105 = ORIENTED_EDGE ( 'NONE', *, *, #334, .F. ) ;
#106 = AXIS2_PLACEMENT_3D ( 'NONE', #4114, #3764, #248 ) ;
#107 = CARTESIAN_POINT ( 'NONE',  ( 0.8890000000000000124, 19.04999999999999716, -9.525000000000002132 ) ) ;
#108 = AXIS2_PLACEMENT_3D ( 'NONE', #3903, #4160, #3117 ) ;
#109 = PLANE ( 'NONE',  #3549 ) ;
#110 = DIRECTION ( 'NONE',  ( 0.000000000000000000, -1.000000000000000000, 0.000000000000000000 ) ) ;
#111 = DIRECTION ( 'NONE',  ( 0.000000000000000000, 0.000000000000000000, -1.000000000000000000 ) ) ;
#112 = EDGE_CURVE ( 'NONE', #2324, #3186, #3753, .T. ) ;
#113 = ORIENTED_EDGE ( 'NONE', *, *, #1410, .F. ) ;
#114 = DIRECTION ( 'NONE',  ( 0.000000000000000000, 0.000000000000000000, -1.000000000000000000 ) ) ;
#115 = ORIENTED_EDGE ( 'NONE', *, *, #3445, .T. ) ;
#116 = ORIENTED_EDGE ( 'NONE', *, *, #252, .T. ) ;
#117 = AXIS2_PLACEMENT_3D ( 'NONE', #3690, #4040, #4496 ) ;
#118 = LINE ( 'NONE', #2551, #2680 ) ;
#119 = ORIENTED_EDGE ( 'NONE', *, *, #3547, .F. ) ;
#120 = CARTESIAN_POINT ( 'NONE',  ( 2.232710535457612888, 5.949999999999998401, 5.620762745781209269 ) ) ;
#121 = VECTOR ( 'NONE', #838, 1000.000000000000000 ) ;
#122 = CARTESIAN_POINT ( 'NONE',  ( -2.264950330581225746, -5.523072258617638397, -6.750000000000000888 ) ) ;
#123 = AXIS2_PLACEMENT_3D ( 'NONE', #180, #3351, #4943 ) ;
#124 = CIRCLE ( 'NONE', #295, 2.100000000000000977 ) ;
#125 = CARTESIAN_POINT ( 'NONE',  ( 1.972483239316685122, 19.77063157758646028, 5.138999999999997570 ) ) ;
#127 = CARTESIAN_POINT ( 'NONE',  ( 2.182266827280791244, 5.950000000000000178, 5.773579458367406936 ) ) ;
#126 = CC_DESIGN_APPROVAL ( #2783, ( #3178 ) ) ;
#128 = CARTESIAN_POINT ( 'NONE',  ( 5.460999999999999410, 6.349999999999999645, -6.350000000000003197 ) ) ;
#129 = ADVANCED_FACE ( 'NONE', ( #1404 ), #1329, .F. ) ;
#130 = ADVANCED_FACE ( 'NONE', ( #4135 ), #4082, .T. ) ;
#131 = FACE_OUTER_BOUND ( 'NONE', #4972, .T. ) ;
#132 = DIRECTION ( 'NONE',  ( 0.000000000000000000, -1.000000000000000000, -1.131341397376178325E-16 ) ) ;
#133 = ORIENTED_EDGE ( 'NONE', *, *, #1978, .T. ) ;
#134 = PLANE ( 'NONE',  #2196 ) ;
#135 = DIRECTION ( 'NONE',  ( -0.000000000000000000, 0.000000000000000000, 1.000000000000000000 ) ) ;
#136 = AXIS2_PLACEMENT_3D ( 'NONE', #3124, #3399, #4568 ) ;
#137 = LINE ( 'NONE', #593, #1886 ) ;
#138 = FACE_OUTER_BOUND ( 'NONE', #3607, .T. ) ;
#139 = ORIENTED_EDGE ( 'NONE', *, *, #830, .T. ) ;
#140 = CARTESIAN_POINT ( 'NONE',  ( 0.000000000000000000, -5.523072258617638397, -6.350000000000001421 ) ) ;
#141 = ORIENTED_EDGE ( 'NONE', *, *, #1875, .F. ) ;
#142 = VECTOR ( 'NONE', #817, 1000.000000000000000 ) ;
#143 = EDGE_CURVE ( 'NONE', #4576, #1569, #591, .T. ) ;
#144 = CARTESIAN_POINT ( 'NONE',  ( -2.087439085565598429, -2.187221323398956585, -6.597091747881987267 ) ) ;
#145 = CARTESIAN_POINT ( 'NONE',  ( 1.734723475976807094E-15, 0.000000000000000000, 0.000000000000000000 ) ) ;
#146 = VECTOR ( 'NONE', #1575, 1000.000000000000000 ) ;
#147 = CARTESIAN_POINT ( 'NONE',  ( 0.8890000000000000124, 6.349999999999999645, -22.22500000000000497 ) ) ;
#148 = EDGE_LOOP ( 'NONE', ( #1576, #4118, #3217, #1991 ) ) ;
#149 = DIRECTION ( 'NONE',  ( 0.000000000000000000, -8.260587980841934638E-15, -1.000000000000000000 ) ) ;
#150 = CARTESIAN_POINT ( 'NONE',  ( 0.000000000000000000, 4.250127054631371415, 6.139000000000000234 ) ) ;
#151 = B_SPLINE_CURVE_WITH_KNOTS ( 'NONE', 3,
 ( #1008, #282, #3825, #2614 ),
 .UNSPECIFIED., .F., .F.,
 ( 4, 4 ),
 ( 0.007647354141962973799, 0.007869202712918556275 ),
 .UNSPECIFIED. ) ;
#152 = EDGE_LOOP ( 'NONE', ( #713, #2044, #4150, #213 ) ) ;
#153 = FACE_OUTER_BOUND ( 'NONE', #4953, .T. ) ;
#154 = FACE_OUTER_BOUND ( 'NONE', #726, .T. ) ;
#155 = EDGE_CURVE ( 'NONE', #3731, #653, #2015, .T. ) ;
#156 = EDGE_CURVE ( 'NONE', #210, #3458, #4882, .T. ) ;
#157 = DIRECTION ( 'NONE',  ( 0.000000000000000000, -0.000000000000000000, 1.000000000000000000 ) ) ;
#158 = CARTESIAN_POINT ( 'NONE',  ( 6.200000000000000178, 25.00000000000000000, -6.349999999999999645 ) ) ;
#159 = CARTESIAN_POINT ( 'NONE',  ( 2.232710535457612888, 18.64999999999999147, 5.620762745781209269 ) ) ;
#160 = CARTESIAN_POINT ( 'NONE',  ( 4.174999999999999822, 12.40000000000000568, -25.00000000000000355 ) ) ;
#161 = ORIENTED_EDGE ( 'NONE', *, *, #2417, .F. ) ;
#162 = EDGE_LOOP ( 'NONE', ( #4113, #2038, #2984 ) ) ;
#163 = ORIENTED_EDGE ( 'NONE', *, *, #1344, .F. ) ;
#164 = CARTESIAN_POINT ( 'NONE',  ( 2.254205848354697395, -5.555636450100672974, -19.44999999999999929 ) ) ;
#165 = ORIENTED_EDGE ( 'NONE', *, *, #2384, .T. ) ;
#166 = CARTESIAN_POINT ( 'NONE',  ( -2.254205848354697395, 18.64999999999999147, 5.555636450100673862 ) ) ;
#167 = EDGE_CURVE ( 'NONE', #1835, #1256, #2589, .T. ) ;
#168 = B_SPLINE_CURVE_WITH_KNOTS ( 'NONE', 3,
 ( #880, #467, #4376, #1246, #4352, #2467 ),
 .UNSPECIFIED., .F., .F.,
 ( 4, 2, 4 ),
 ( 0.000000000000000000, 0.0004757001404452631827, 0.0009514002808905257149 ),
 .UNSPECIFIED. ) ;
#169 = CARTESIAN_POINT ( 'NONE',  ( -2.232710535457612888, 6.749999999999997335, 5.620762745781209269 ) ) ;
#170 = AXIS2_PLACEMENT_3D ( 'NONE', #3909, #2846, #1639 ) ;
#171 = VERTEX_POINT ( 'NONE', #207 ) ;
#172 = CARTESIAN_POINT ( 'NONE',  ( 0.000000000000000000, 19.04999999999999361, 0.000000000000000000 ) ) ;
#173 = FACE_OUTER_BOUND ( 'NONE', #4629, .T. ) ;
#174 = EDGE_CURVE ( 'NONE', #2910, #4961, #2669, .T. ) ;
#175 = ORIENTED_EDGE ( 'NONE', *, *, #2228, .F. ) ;
#176 = DIRECTION ( 'NONE',  ( 1.000000000000000000, 0.000000000000000000, 0.000000000000000000 ) ) ;
#177 = CARTESIAN_POINT ( 'NONE',  ( 0.000000000000000000, -5.439000000000000945, -19.04999999999999716 ) ) ;
#178 = CARTESIAN_POINT ( 'NONE',  ( 0.1999999999999996503, 24.00000000000000000, -6.349999999999999645 ) ) ;
#179 = ORIENTED_EDGE ( 'NONE', *, *, #1542, .F. ) ;
#180 = CARTESIAN_POINT ( 'NONE',  ( 0.000000000000000000, -6.139000000000000234, -4.250127054631374968 ) ) ;
#181 = FACE_OUTER_BOUND ( 'NONE', #976, .T. ) ;
#182 = DIRECTION ( 'NONE',  ( 1.000000000000000000, 0.000000000000000000, 0.000000000000000000 ) ) ;
#183 = CARTESIAN_POINT ( 'NONE',  ( -1.972483239316685122, 19.77063157758646028, 5.138999999999997570 ) ) ;
#184 = ORIENTED_EDGE ( 'NONE', *, *, #4507, .F. ) ;
#185 = ORIENTED_EDGE ( 'NONE', *, *, #1067, .T. ) ;
#186 = DIRECTION ( 'NONE',  ( 0.000000000000000000, 0.000000000000000000, -1.000000000000000000 ) ) ;
#187 = ADVANCED_FACE ( 'NONE', ( #181 ), #4355, .T. ) ;
#188 = ADVANCED_FACE ( 'NONE', ( #2924 ), #2108, .F. ) ;
#189 = CARTESIAN_POINT ( 'NONE',  ( -2.040073290564206943, 6.848097349045871418, 2.595422128626172054 ) ) ;
#190 = CIRCLE ( 'NONE', #2101, 5.050000000000000711 ) ;
#191 = ORIENTED_EDGE ( 'NONE', *, *, #4550, .F. ) ;
#192 = DIRECTION ( 'NONE',  ( 1.000000000000000000, 0.000000000000000000, 0.000000000000000000 ) ) ;
#193 = ORIENTED_EDGE ( 'NONE', *, *, #2517, .F. ) ;
#194 = ORIENTED_EDGE ( 'NONE', *, *, #2080, .T. ) ;
#195 = CARTESIAN_POINT ( 'NONE',  ( 3.174999999999999822, 6.349999999999997868, 2.638999999999998014 ) ) ;
#196 = AXIS2_PLACEMENT_3D ( 'NONE', #1496, #4990, #1084 ) ;
#197 = CARTESIAN_POINT ( 'NONE',  ( -2.243459280444427772, 6.749999999999997335, 5.588199955838118349 ) ) ;
#198 = AXIS2_PLACEMENT_3D ( 'NONE', #3790, #3190, #1212 ) ;
#199 = VERTEX_POINT ( 'NONE', #1994 ) ;
#200 = DIRECTION ( 'NONE',  ( 0.000000000000000000, -8.115498896123205041E-15, -1.000000000000000000 ) ) ;
#201 = DIRECTION ( 'NONE',  ( 0.000000000000000000, -8.115498896123205041E-15, 1.000000000000000000 ) ) ;
#202 = VECTOR ( 'NONE', #3397, 1000.000000000000000 ) ;
#203 = DIRECTION ( 'NONE',  ( 1.000000000000000000, 0.000000000000000000, 0.000000000000000000 ) ) ;
#204 = LINE ( 'NONE', #2591, #4537 ) ;
#205 = ORIENTED_EDGE ( 'NONE', *, *, #1733, .F. ) ;
#206 = FACE_OUTER_BOUND ( 'NONE', #1803, .T. ) ;
#207 = CARTESIAN_POINT ( 'NONE',  ( 4.174999999999999822, 6.350000000000005862, -24.00000000000000711 ) ) ;
#208 = CARTESIAN_POINT ( 'NONE',  ( 2.081805041010027058, 18.64999999999999147, 5.906940355987362778 ) ) ;
#209 = FACE_OUTER_BOUND ( 'NONE', #2326, .T. ) ;
#210 = VERTEX_POINT ( 'NONE', #1045 ) ;
#211 = ORIENTED_EDGE ( 'NONE', *, *, #2322, .T. ) ;
#212 = B_SPLINE_CURVE_WITH_KNOTS ( 'NONE', 3,
 ( #2137, #1723, #240, #4162 ),
 .UNSPECIFIED., .F., .F.,
 ( 4, 4 ),
 ( 0.002832913685900425270, 0.002935786532568637319 ),
 .UNSPECIFIED. ) ;
#213 = ORIENTED_EDGE ( 'NONE', *, *, #1717, .F. ) ;
#214 = LINE ( 'NONE', #600, #3967 ) ;
#215 = AXIS2_PLACEMENT_3D ( 'NONE', #1100, #760, #1910 ) ;
#216 = ORIENTED_EDGE ( 'NONE', *, *, #640, .F. ) ;
#217 = DIRECTION ( 'NONE',  ( 0.000000000000000000, -1.000000000000000000, 8.115498896123205041E-15 ) ) ;
#218 = ORIENTED_EDGE ( 'NONE', *, *, #1476, .T. ) ;
#219 = CARTESIAN_POINT ( 'NONE',  ( 6.200000000000000178, 25.00000000000000000, 0.000000000000000000 ) ) ;
#220 = ORIENTED_EDGE ( 'NONE', *, *, #4786, .F. ) ;
#221 = EDGE_LOOP ( 'NONE', ( #1175, #4574, #2652, #3782 ) ) ;
#222 = EDGE_CURVE ( 'NONE', #1700, #2324, #4683, .T. ) ;
#223 = ADVANCED_FACE ( 'NONE', ( #333 ), #2388, .F. ) ;
#224 = DIRECTION ( 'NONE',  ( 0.000000000000000000, -1.000000000000000000, 0.000000000000000000 ) ) ;
#225 = VERTEX_POINT ( 'NONE', #3374 ) ;
#226 = FACE_OUTER_BOUND ( 'NONE', #4904, .T. ) ;
#227 = CIRCLE ( 'NONE', #4722, 3.175000000000000711 ) ;
#228 = LINE ( 'NONE', #1895, #3430 ) ;
#229 = DIRECTION ( 'NONE',  ( -0.000000000000000000, 1.000000000000000000, 0.000000000000000000 ) ) ;
#230 = EDGE_CURVE ( 'NONE', #3028, #2525, #2181, .T. ) ;
#231 = B_SPLINE_CURVE_WITH_KNOTS ( 'NONE', 3,
 ( #861, #2006, #1986, #2448, #60, #2779 ),
 .UNSPECIFIED., .F., .F.,
 ( 4, 2, 4 ),
 ( 0.000000000000000000, 0.0004757428370953071606, 0.0009514856741906147549 ),
 .UNSPECIFIED. ) ;
#232 = AXIS2_PLACEMENT_3D ( 'NONE', #1459, #298, #1905 ) ;
#233 = CARTESIAN_POINT ( 'NONE',  ( -2.571758278209440971E-16, 21.14999999999999503, 0.8890000000000000124 ) ) ;
#234 = CARTESIAN_POINT ( 'NONE',  ( 0.1999999999999996503, 24.00000000000000000, -2.000000000000000000 ) ) ;
#235 = ORIENTED_EDGE ( 'NONE', *, *, #351, .F. ) ;
#236 = ADVANCED_FACE ( 'NONE', ( #4916 ), #4661, .T. ) ;
#237 = DIRECTION ( 'NONE',  ( 1.000000000000000000, 0.000000000000000000, 0.000000000000000000 ) ) ;
#238 = DIRECTION ( 'NONE',  ( 0.000000000000000000, 0.000000000000000000, -1.000000000000000000 ) ) ;
#239 = CARTESIAN_POINT ( 'NONE',  ( -2.100009524403047223, -2.138959997505216482, -18.92665507966320249 ) ) ;
#240 = CARTESIAN_POINT ( 'NONE',  ( 2.243459280444428217, -5.588199955838118349, -18.64999999999999858 ) ) ;
#241 = EDGE_LOOP ( 'NONE', ( #3507, #3263, #748, #3329 ) ) ;
#242 = ADVANCED_FACE ( 'NONE', ( #1427 ), #4931, .T. ) ;
#243 = VERTEX_POINT ( 'NONE', #1190 ) ;
#244 = CARTESIAN_POINT ( 'NONE',  ( 2.021666578221208432, 5.776513688756311105, 3.457121909598157128 ) ) ;
#245 = VERTEX_POINT ( 'NONE', #3141 ) ;
#246 = LINE ( 'NONE', #4517, #2943 ) ;
#247 = VERTEX_POINT ( 'NONE', #745 ) ;
#248 = DIRECTION ( 'NONE',  ( -1.000000000000000000, 0.000000000000000000, -0.000000000000000000 ) ) ;
#249 = EDGE_LOOP ( 'NONE', ( #4750, #404 ) ) ;
#250 = CARTESIAN_POINT ( 'NONE',  ( 2.040073290564207831, -2.595422128626172054, -18.55190265095412627 ) ) ;
#251 = EDGE_LOOP ( 'NONE', ( #4444, #3571, #2830, #1078 ) ) ;
#252 = EDGE_CURVE ( 'NONE', #3986, #2628, #1560, .T. ) ;
#253 = DIRECTION ( 'NONE',  ( 0.000000000000000000, -1.000000000000000000, 7.542275982507855914E-17 ) ) ;
#254 = EDGE_CURVE ( 'NONE', #1700, #1791, #3851, .T. ) ;
#255 = DIRECTION ( 'NONE',  ( -0.000000000000000000, -1.000000000000000000, -0.000000000000000000 ) ) ;
#256 = CARTESIAN_POINT ( 'NONE',  ( 2.197165962000668493, -5.495012552331537847, -6.750000000000000888 ) ) ;
#257 = EDGE_CURVE ( 'NONE', #387, #2795, #599, .T. ) ;
#258 = ADVANCED_FACE ( 'NONE', ( #4711 ), #3493, .F. ) ;
#259 = DIRECTION ( 'NONE',  ( 0.000000000000000000, 1.000000000000000000, -8.260587980841934638E-15 ) ) ;
#260 = CARTESIAN_POINT ( 'NONE',  ( -3.174999999999999822, -2.595422128626172054, -5.851902650954129648 ) ) ;
#261 = ORIENTED_EDGE ( 'NONE', *, *, #4592, .T. ) ;
#262 = CARTESIAN_POINT ( 'NONE',  ( 0.000000000000000000, 19.04999999999999361, 5.389000000000001123 ) ) ;
#263 = EDGE_CURVE ( 'NONE', #2716, #501, #2592, .T. ) ;
#264 = DIRECTION ( 'NONE',  ( -0.000000000000000000, -1.084202172485504434E-16, -1.000000000000000000 ) ) ;
#265 = CYLINDRICAL_SURFACE ( 'NONE', #3161, 3.175000000000000711 ) ;
#266 = EDGE_LOOP ( 'NONE', ( #4311, #1666, #3648, #375 ) ) ;
#267 = EDGE_LOOP ( 'NONE', ( #3940, #1034 ) ) ;
#268 = EDGE_CURVE ( 'NONE', #4111, #525, #4811, .T. ) ;
#269 = B_SPLINE_CURVE_WITH_KNOTS ( 'NONE', 3,
 ( #2468, #1640, #3910, #80 ),
 .UNSPECIFIED., .F., .F.,
 ( 4, 4 ),
 ( 0.007647354141962972932, 0.007869202712918556275 ),
 .UNSPECIFIED. ) ;
#270 = B_SPLINE_CURVE_WITH_KNOTS ( 'NONE', 3,
 ( #2000, #704, #24, #4999, #2298, #3476 ),
 .UNSPECIFIED., .F., .F.,
 ( 4, 2, 4 ),
 ( 0.000000000000000000, 0.0004757001404452628575, 0.0009514002808905257149 ),
 .UNSPECIFIED. ) ;
#271 = VERTEX_POINT ( 'NONE', #723 ) ;
#272 = ORIENTED_EDGE ( 'NONE', *, *, #4057, .T. ) ;
#273 = CYLINDRICAL_SURFACE ( 'NONE', #767, 3.175000000000000711 ) ;
#274 = VECTOR ( 'NONE', #1951, 1000.000000000000000 ) ;
#275 = EDGE_LOOP ( 'NONE', ( #1333, #2139, #585, #1001, #1543, #49, #4020, #116, #3546, #3780 ) ) ;
#276 = CARTESIAN_POINT ( 'NONE',  ( 2.264950330581225746, -5.523072258617638397, -19.44999999999999929 ) ) ;
#277 = AXIS2_PLACEMENT_3D ( 'NONE', #3459, #5007, #1988 ) ;
#278 = AXIS2_PLACEMENT_3D ( 'NONE', #1007, #3743, #2964 ) ;
#279 = ORIENTED_EDGE ( 'NONE', *, *, #3822, .F. ) ;
#280 = DIRECTION ( 'NONE',  ( 0.000000000000000000, 0.000000000000000000, -1.000000000000000000 ) ) ;
#281 = AXIS2_PLACEMENT_3D ( 'NONE', #1274, #1983, #4004 ) ;
#282 = CARTESIAN_POINT ( 'NONE',  ( -2.129368205736811070, 18.64999999999999147, 5.466985055468135180 ) ) ;
#283 = CARTESIAN_POINT ( 'NONE',  ( 2.232710535457612888, -5.620762745781209269, -18.64999999999999858 ) ) ;
#284 = CIRCLE ( 'NONE', #939, 2.100000000000000977 ) ;
#285 = DIRECTION ( 'NONE',  ( 0.000000000000000000, 0.000000000000000000, 1.000000000000000000 ) ) ;
#286 = VECTOR ( 'NONE', #4199, 1000.000000000000000 ) ;
#287 = LINE ( 'NONE', #1871, #3613 ) ;
#289 = CARTESIAN_POINT ( 'NONE',  ( 1.502637486114518195, -6.139000000000000234, -6.750000000000002665 ) ) ;
#288 = CIRCLE ( 'NONE', #1033, 3.175000000000000711 ) ;
#290 = ORIENTED_EDGE ( 'NONE', *, *, #2784, .F. ) ;
#291 = CARTESIAN_POINT ( 'NONE',  ( -2.099990463092004322, 18.92633097849891399, 2.139040055015564157 ) ) ;
#292 = ADVANCED_FACE ( 'NONE', ( #2313 ), #20, .T. ) ;
#293 = DIRECTION ( 'NONE',  ( -0.000000000000000000, 1.000000000000000000, -0.000000000000000000 ) ) ;
#294 = AXIS2_PLACEMENT_3D ( 'NONE', #2645, #1044, #4975 ) ;
#295 = AXIS2_PLACEMENT_3D ( 'NONE', #2822, #2053, #4718 ) ;
#296 = B_SPLINE_CURVE_WITH_KNOTS ( 'NONE', 3,
 ( #1530, #3095, #4970, #2293, #1140, #4253 ),
 .UNSPECIFIED., .F., .F.,
 ( 4, 2, 4 ),
 ( 0.000000000000000000, 0.0004757001404452623154, 0.0009514002808905246307 ),
 .UNSPECIFIED. ) ;
#297 = CARTESIAN_POINT ( 'NONE',  ( -2.087439085565598429, 6.102908252118012022, 2.187221323398955697 ) ) ;
#298 = DIRECTION ( 'NONE',  ( 0.000000000000000000, -0.000000000000000000, -1.000000000000000000 ) ) ;
#299 = ORIENTED_EDGE ( 'NONE', *, *, #706, .F. ) ;
#300 = VECTOR ( 'NONE', #3642, 1000.000000000000000 ) ;
#301 = VERTEX_POINT ( 'NONE', #3170 ) ;
#302 = CARTESIAN_POINT ( 'NONE',  ( -2.061552812808830293, -5.139000000000000234, -18.64999999999999858 ) ) ;
#303 = EDGE_LOOP ( 'NONE', ( #4388, #2574, #4646, #3234 ) ) ;
#304 = LINE ( 'NONE', #2728, #3575 ) ;
#305 = ORIENTED_EDGE ( 'NONE', *, *, #1729, .T. ) ;
#306 = DIRECTION ( 'NONE',  ( 0.000000000000000000, -0.000000000000000000, -1.000000000000000000 ) ) ;
#307 = ORIENTED_EDGE ( 'NONE', *, *, #2488, .T. ) ;
#308 = CIRCLE ( 'NONE', #3184, 2.100000000000000977 ) ;
#309 = ORIENTED_EDGE ( 'NONE', *, *, #1191, .F. ) ;
#310 = CARTESIAN_POINT ( 'NONE',  ( 0.000000000000000000, -5.139000000000004675, -6.350000000000001421 ) ) ;
#311 = DIRECTION ( 'NONE',  ( 0.000000000000000000, 0.000000000000000000, -1.000000000000000000 ) ) ;
#312 = LINE ( 'NONE', #2662, #4611 ) ;
#313 = AXIS2_PLACEMENT_3D ( 'NONE', #3483, #423, #3131 ) ;
#314 = LINE ( 'NONE', #4994, #2078 ) ;
#315 = CARTESIAN_POINT ( 'NONE',  ( 2.174999999999999822, 6.349999999999999645, -6.350000000000003197 ) ) ;
#316 = VERTEX_POINT ( 'NONE', #799 ) ;
#317 = AXIS2_PLACEMENT_3D ( 'NONE', #1135, #3871, #3624 ) ;
#318 = CARTESIAN_POINT ( 'NONE',  ( -2.057911970479199493, 19.47828196788176314, 2.353224001008315192 ) ) ;
#319 = FACE_OUTER_BOUND ( 'NONE', #761, .T. ) ;
#320 = CARTESIAN_POINT ( 'NONE',  ( -6.200000000000000178, 0.000000000000000000, 0.000000000000000000 ) ) ;
#321 = PLANE ( 'NONE',  #3817 ) ;
#322 = ORIENTED_EDGE ( 'NONE', *, *, #4108, .T. ) ;
#323 = ORIENTED_EDGE ( 'NONE', *, *, #796, .F. ) ;
#324 = EDGE_CURVE ( 'NONE', #1285, #2632, #2991, .T. ) ;
#325 = ORIENTED_EDGE ( 'NONE', *, *, #1939, .T. ) ;
#326 = LINE ( 'NONE', #219, #2508 ) ;
#327 = ORIENTED_EDGE ( 'NONE', *, *, #2758, .F. ) ;
#328 = ORIENTED_EDGE ( 'NONE', *, *, #4562, .T. ) ;
#329 = CARTESIAN_POINT ( 'NONE',  ( 0.000000000000000000, 19.04999999999999361, 5.389000000000001123 ) ) ;
#330 = EDGE_CURVE ( 'NONE', #3203, #611, #2410, .T. ) ;
#331 = CARTESIAN_POINT ( 'NONE',  ( 2.182283254615324797, -5.773529692572011207, -5.950000000000002842 ) ) ;
#332 = LINE ( 'NONE', #3849, #4285 ) ;
#333 = FACE_OUTER_BOUND ( 'NONE', #4087, .T. ) ;
#334 = EDGE_CURVE ( 'NONE', #1574, #1012, #1293, .T. ) ;
#335 = DIRECTION ( 'NONE',  ( 0.000000000000000000, 1.000000000000000000, -8.115498896123167176E-15 ) ) ;
#336 = DIRECTION ( 'NONE',  ( 0.000000000000000000, 0.000000000000000000, -1.000000000000000000 ) ) ;
#337 = ORIENTED_EDGE ( 'NONE', *, *, #4729, .T. ) ;
#338 = DIRECTION ( 'NONE',  ( 0.000000000000000000, -1.000000000000000000, 0.000000000000000000 ) ) ;
#339 = CARTESIAN_POINT ( 'NONE',  ( 0.000000000000000000, 6.349999999999997868, 6.139000000000000234 ) ) ;
#340 = AXIS2_PLACEMENT_3D ( 'NONE', #542, #4023, #2131 ) ;
#341 = LINE ( 'NONE', #1540, #1969 ) ;
#342 = CARTESIAN_POINT ( 'NONE',  ( 0.000000000000000000, 6.349999999999997868, 0.8890000000000000124 ) ) ;
#343 = ORIENTED_EDGE ( 'NONE', *, *, #4351, .F. ) ;
#344 = B_SPLINE_CURVE_WITH_KNOTS ( 'NONE', 3,
 ( #283, #4527, #4606, #695, #2711, #2615 ),
 .UNSPECIFIED., .F., .F.,
 ( 4, 2, 4 ),
 ( 0.000000000000000000, 0.0004757001404452627490, 0.0009514002808905248475 ),
 .UNSPECIFIED. ) ;
#345 = ORIENTED_EDGE ( 'NONE', *, *, #3535, .T. ) ;
#346 = ORIENTED_EDGE ( 'NONE', *, *, #5047, .F. ) ;
#347 = FACE_OUTER_BOUND ( 'NONE', #575, .T. ) ;
#348 = EDGE_LOOP ( 'NONE', ( #469, #1321, #3130, #2699 ) ) ;
#349 = CARTESIAN_POINT ( 'NONE',  ( 2.040073290564207831, 19.54809734904586804, 2.595422128626172054 ) ) ;
#350 = ADVANCED_FACE ( 'NONE', ( #3944 ), #3971, .T. ) ;
#351 = EDGE_CURVE ( 'NONE', #4247, #3606, #430, .T. ) ;
#352 = ORIENTED_EDGE ( 'NONE', *, *, #1213, .F. ) ;
#353 = DIRECTION ( 'NONE',  ( 0.000000000000000000, 0.000000000000000000, 1.000000000000000000 ) ) ;
#354 = CYLINDRICAL_SURFACE ( 'NONE', #3195, 2.100000000000000977 ) ;
#355 = CARTESIAN_POINT ( 'NONE',  ( 2.174999999999999822, 6.349999999999999645, -22.22500000000000497 ) ) ;
#356 = AXIS2_PLACEMENT_3D ( 'NONE', #2794, #4274, #1922 ) ;
#357 = CALENDAR_DATE ( 2022, 6, 6 ) ;
#358 = DIRECTION ( 'NONE',  ( 0.000000000000000000, -0.000000000000000000, -1.000000000000000000 ) ) ;
#359 = DIRECTION ( 'NONE',  ( 1.000000000000000000, 0.000000000000000000, -0.000000000000000000 ) ) ;
#360 = FACE_BOUND ( 'NONE', #2089, .T. ) ;
#361 = VECTOR ( 'NONE', #75, 1000.000000000000000 ) ;
#362 = CARTESIAN_POINT ( 'NONE',  ( -2.197165961088450192, -5.495012551953920799, -19.44999999999999929 ) ) ;
#363 = VECTOR ( 'NONE', #4246, 1000.000000000000114 ) ;
#364 = DIRECTION ( 'NONE',  ( -0.000000000000000000, 1.000000000000000000, 0.000000000000000000 ) ) ;
#365 = FACE_OUTER_BOUND ( 'NONE', #4283, .T. ) ;
#366 = VERTEX_POINT ( 'NONE', #512 ) ;
#367 = AXIS2_PLACEMENT_3D ( 'NONE', #1737, #1681, #1708 ) ;
#368 = AXIS2_PLACEMENT_3D ( 'NONE', #4354, #4006, #83 ) ;
#369 = CARTESIAN_POINT ( 'NONE',  ( 5.460999999999999410, 6.349999999999999645, -19.05000000000000426 ) ) ;
#370 = AXIS2_PLACEMENT_3D ( 'NONE', #4377, #2874, #2847 ) ;
#371 = VERTEX_POINT ( 'NONE', #2868 ) ;
#372 = PLANE ( 'NONE',  #1294 ) ;
#373 = VERTEX_POINT ( 'NONE', #125 ) ;
#374 = DIRECTION ( 'NONE',  ( 0.000000000000000000, 0.000000000000000000, 1.000000000000000000 ) ) ;
#375 = ORIENTED_EDGE ( 'NONE', *, *, #4562, .F. ) ;
#376 = ORIENTED_EDGE ( 'NONE', *, *, #4868, .F. ) ;
#377 = FACE_OUTER_BOUND ( 'NONE', #4744, .T. ) ;
#378 = ORIENTED_EDGE ( 'NONE', *, *, #4792, .T. ) ;
#379 = CARTESIAN_POINT ( 'NONE',  ( 0.000000000000000000, -5.438999999999999169, -6.350000000000001421 ) ) ;
#380 = EDGE_CURVE ( 'NONE', #4095, #3766, #2355, .T. ) ;
#381 = DIRECTION ( 'NONE',  ( -1.000000000000000000, -0.000000000000000000, -0.000000000000000000 ) ) ;
#382 = EDGE_CURVE ( 'NONE', #4922, #3628, #1736, .T. ) ;
#383 = VECTOR ( 'NONE', #4089, 1000.000000000000000 ) ;
#384 = COORDINATED_UNIVERSAL_TIME_OFFSET ( 6, 0, .BEHIND. ) ;
#385 = AXIS2_PLACEMENT_3D ( 'NONE', #2215, #3754, #3375 ) ;
#386 = DIRECTION ( 'NONE',  ( 1.000000000000000000, 0.000000000000000000, 0.000000000000000000 ) ) ;
#387 = VERTEX_POINT ( 'NONE', #3218 ) ;
#388 = CARTESIAN_POINT ( 'NONE',  ( 0.000000000000000000, 19.04999999999999361, 0.000000000000000000 ) ) ;
#389 = B_SPLINE_CURVE_WITH_KNOTS ( 'NONE', 3,
 ( #1, #2769, #2266, #3803, #291, #1876, #4974, #318, #2717, #3047 ),
 .UNSPECIFIED., .F., .F.,
 ( 4, 2, 2, 2, 4 ),
 ( 0.000000000000000000, 0.0003704147845104406676, 0.0007408295690208813351, 0.001111244353531322003, 0.001481659138041762670 ),
 .UNSPECIFIED. ) ;
#390 = LINE ( 'NONE', #1565, #43 ) ;
#391 = CARTESIAN_POINT ( 'NONE',  ( 1.502637486114517751, -6.139000000000000234, -19.44999999999999929 ) ) ;
#392 = CARTESIAN_POINT ( 'NONE',  ( 0.000000000000000000, -0.8890000000000009006, -9.525000000000002132 ) ) ;
#393 = AXIS2_PLACEMENT_3D ( 'NONE', #3602, #910, #2449 ) ;
#394 = EDGE_CURVE ( 'NONE', #3271, #199, #1768, .T. ) ;
#395 = VERTEX_POINT ( 'NONE', #1632 ) ;
#396 = AXIS2_PLACEMENT_3D ( 'NONE', #4850, #1315, #94 ) ;
#397 = CARTESIAN_POINT ( 'NONE',  ( 2.129368205736810182, 19.44999999999999574, 5.466985055468135180 ) ) ;
#398 = DIRECTION ( 'NONE',  ( 1.000000000000000000, 0.000000000000000000, 0.000000000000000000 ) ) ;
#399 = EDGE_CURVE ( 'NONE', #1484, #611, #462, .T. ) ;
#400 = ORIENTED_EDGE ( 'NONE', *, *, #1948, .T. ) ;
#401 = DIRECTION ( 'NONE',  ( -0.000000000000000000, 2.297646988048747938E-16, -1.000000000000000000 ) ) ;
#402 = ORIENTED_EDGE ( 'NONE', *, *, #3214, .F. ) ;
#403 = CARTESIAN_POINT ( 'NONE',  ( -1.972483239316685122, -5.138999999999997570, -19.77063157758646383 ) ) ;
#404 = ORIENTED_EDGE ( 'NONE', *, *, #4324, .T. ) ;
#405 = CARTESIAN_POINT ( 'NONE',  ( -2.021666578221208432, 6.923486311243686409, 3.457121909598157128 ) ) ;
#406 = FACE_OUTER_BOUND ( 'NONE', #2805, .T. ) ;
#407 = EDGE_CURVE ( 'NONE', #1598, #2618, #521, .T. ) ;
#408 = EDGE_CURVE ( 'NONE', #740, #243, #4737, .T. ) ;
#409 = CARTESIAN_POINT ( 'NONE',  ( 0.1999999999999996503, 11.40000000000000213, -18.95000000000001350 ) ) ;
#410 = ORIENTED_EDGE ( 'NONE', *, *, #3140, .F. ) ;
#411 = CARTESIAN_POINT ( 'NONE',  ( 4.174999999999999822, 18.95000000000000284, -6.349999999999999645 ) ) ;
#412 = DIRECTION ( 'NONE',  ( 0.000000000000000000, -0.000000000000000000, -1.000000000000000000 ) ) ;
#413 = CARTESIAN_POINT ( 'NONE',  ( 0.000000000000000000, 9.524999999999998579, 0.000000000000000000 ) ) ;
#414 = EDGE_CURVE ( 'NONE', #2704, #1282, #1188, .T. ) ;
#415 = EDGE_CURVE ( 'NONE', #3681, #3203, #190, .T. ) ;
#416 = CARTESIAN_POINT ( 'NONE',  ( 0.1999999999999996503, 11.40000000000000036, -11.40000000000000036 ) ) ;
#417 = FACE_OUTER_BOUND ( 'NONE', #4838, .T. ) ;
#418 = ORIENTED_EDGE ( 'NONE', *, *, #399, .F. ) ;
#419 = EDGE_CURVE ( 'NONE', #4754, #3337, #2275, .T. ) ;
#420 = DIRECTION ( 'NONE',  ( 0.000000000000000000, 0.000000000000000000, 1.000000000000000000 ) ) ;
#421 = DIRECTION ( 'NONE',  ( 1.000000000000000000, 0.000000000000000000, 0.000000000000000000 ) ) ;
#422 = ORIENTED_EDGE ( 'NONE', *, *, #2968, .F. ) ;
#423 = DIRECTION ( 'NONE',  ( -0.000000000000000000, 7.542275982507855914E-17, 1.000000000000000000 ) ) ;
#424 = ORIENTED_EDGE ( 'NONE', *, *, #2738, .F. ) ;
#425 = FACE_OUTER_BOUND ( 'NONE', #1850, .T. ) ;
#426 = ADVANCED_FACE ( 'NONE', ( #226 ), #4859, .T. ) ;
#427 = ORIENTED_EDGE ( 'NONE', *, *, #2129, .F. ) ;
#428 = CARTESIAN_POINT ( 'NONE',  ( -2.057850353472996385, -2.353605336466521258, -6.778611934655789817 ) ) ;
#429 = CYLINDRICAL_SURFACE ( 'NONE', #2220, 3.175000000000000711 ) ;
#430 = LINE ( 'NONE', #3562, #4687 ) ;
#431 = MANIFOLD_SOLID_BREP ( '228-2500-127', #2268 ) ;
#432 = ORIENTED_EDGE ( 'NONE', *, *, #2255, .T. ) ;
#433 = DIRECTION ( 'NONE',  ( -1.000000000000000000, -0.000000000000000000, 0.000000000000000000 ) ) ;
#434 = AXIS2_PLACEMENT_3D ( 'NONE', #1692, #4814, #2547 ) ;
#435 = FACE_OUTER_BOUND ( 'NONE', #4015, .T. ) ;
#436 = DIRECTION ( 'NONE',  ( 0.000000000000000000, 8.115498896123167176E-15, 1.000000000000000000 ) ) ;
#437 = CARTESIAN_POINT ( 'NONE',  ( -2.099990463092004322, 6.226330978498917368, 2.139040055015563269 ) ) ;
#439 = FACE_OUTER_BOUND ( 'NONE', #2280, .T. ) ;
#438 = CIRCLE ( 'NONE', #1945, 3.175000000000000711 ) ;
#440 = ORIENTED_EDGE ( 'NONE', *, *, #2463, .T. ) ;
#441 = ADVANCED_FACE ( 'NONE', ( #2586 ), #1368, .F. ) ;
#442 = ADVANCED_FACE ( 'NONE', ( #979 ), #3768, .F. ) ;
#443 = CIRCLE ( 'NONE', #2916, 3.175000000000000711 ) ;
#444 = DIRECTION ( 'NONE',  ( -0.000000000000000000, -1.000000000000000000, 0.000000000000000000 ) ) ;
#445 = CIRCLE ( 'NONE', #2602, 1.554966049364604030 ) ;
#446 = CARTESIAN_POINT ( 'NONE',  ( 0.000000000000000000, 16.74999999999999289, 5.523072258617638397 ) ) ;
#447 = LINE ( 'NONE', #4748, #1707 ) ;
#448 = CARTESIAN_POINT ( 'NONE',  ( 0.1999999999999996503, 18.95000000000000284, -11.40000000000000036 ) ) ;
#449 = ORIENTED_EDGE ( 'NONE', *, *, #2689, .F. ) ;
#450 = LINE ( 'NONE', #834, #3153 ) ;
#451 = CIRCLE ( 'NONE', #1116, 2.100000000000000977 ) ;
#452 = ORIENTED_EDGE ( 'NONE', *, *, #4216, .T. ) ;
#453 = EDGE_CURVE ( 'NONE', #1627, #1301, #1446, .T. ) ;
#454 = EDGE_LOOP ( 'NONE', ( #1031, #2218, #4197, #3655 ) ) ;
#455 = CARTESIAN_POINT ( 'NONE',  ( 0.8890000000000000124, 6.349999999999999645, -15.87500000000000355 ) ) ;
#456 = VECTOR ( 'NONE', #2339, 1000.000000000000000 ) ;
#457 = ORIENTED_EDGE ( 'NONE', *, *, #3669, .T. ) ;
#458 = CARTESIAN_POINT ( 'NONE',  ( 0.000000000000000000, -5.439000000000000945, -6.350000000000001421 ) ) ;
#459 = CARTESIAN_POINT ( 'NONE',  ( 2.254205848354697839, -5.555636450100673862, -6.750000000000000888 ) ) ;
#460 = ORIENTED_EDGE ( 'NONE', *, *, #1335, .F. ) ;
#461 = ADVANCED_FACE ( 'NONE', ( #4558 ), #665, .F. ) ;
#462 = LINE ( 'NONE', #950, #3159 ) ;
#463 = ORIENTED_EDGE ( 'NONE', *, *, #3496, .T. ) ;
#464 = DIRECTION ( 'NONE',  ( 0.000000000000000000, -0.000000000000000000, -1.000000000000000000 ) ) ;
#465 = LINE ( 'NONE', #2051, #300 ) ;
#466 = CIRCLE ( 'NONE', #1552, 2.268258436585967264 ) ;
#467 = CARTESIAN_POINT ( 'NONE',  ( -2.182283254615324797, -5.773529692572011207, -6.750000000000000000 ) ) ;
#468 = CARTESIAN_POINT ( 'NONE',  ( 2.197165961088448860, -5.495012551953919910, -5.950000000000001954 ) ) ;
#469 = ORIENTED_EDGE ( 'NONE', *, *, #2907, .F. ) ;
#470 = CARTESIAN_POINT ( 'NONE',  ( -2.571758278209440971E-16, 8.449999999999999289, 5.439000000000000945 ) ) ;
#471 = EDGE_CURVE ( 'NONE', #4297, #1979, #1025, .T. ) ;
#472 = AXIS2_PLACEMENT_3D ( 'NONE', #1085, #3016, #4120 ) ;
#473 = CARTESIAN_POINT ( 'NONE',  ( 4.174999999999999822, 19.04999999999999716, -6.350000000000001421 ) ) ;
#474 = DIRECTION ( 'NONE',  ( 0.000000000000000000, 0.000000000000000000, -1.000000000000000000 ) ) ;
#475 = DIRECTION ( 'NONE',  ( 0.000000000000000000, -1.000000000000000000, 0.000000000000000000 ) ) ;
#476 = ORIENTED_EDGE ( 'NONE', *, *, #733, .T. ) ;
#477 = CARTESIAN_POINT ( 'NONE',  ( 2.174999999999999822, 6.349999999999996980, -24.00000000000000711 ) ) ;
#478 = VERTEX_POINT ( 'NONE', #612 ) ;
#479 = EDGE_LOOP ( 'NONE', ( #772, #2516, #3281, #4667, #2815, #3133, #2456, #3685 ) ) ;
#480 = AXIS2_PLACEMENT_3D ( 'NONE', #991, #1378, #3700 ) ;
#481 = EDGE_CURVE ( 'NONE', #2585, #3762, #3457, .T. ) ;
#482 = ORIENTED_EDGE ( 'NONE', *, *, #1396, .T. ) ;
#483 = CARTESIAN_POINT ( 'NONE',  ( 2.099990463092004322, 19.17366902150107677, 2.139040055015564157 ) ) ;
#484 = DIRECTION ( 'NONE',  ( 1.000000000000000000, -0.000000000000000000, -0.000000000000000000 ) ) ;
#485 = EDGE_CURVE ( 'NONE', #740, #4545, #1419, .T. ) ;
#486 = VERTEX_POINT ( 'NONE', #2149 ) ;
#487 = DIRECTION ( 'NONE',  ( 0.000000000000000000, -7.542275982507855914E-17, -1.000000000000000000 ) ) ;
#488 = ORIENTED_EDGE ( 'NONE', *, *, #408, .F. ) ;
#489 = CYLINDRICAL_SURFACE ( 'NONE', #5023, 2.100000000000000977 ) ;
#490 = DIRECTION ( 'NONE',  ( 1.000000000000000000, 0.000000000000000000, 0.000000000000000000 ) ) ;
#491 = EDGE_CURVE ( 'NONE', #2941, #4346, #25, .T. ) ;
#492 = CARTESIAN_POINT ( 'NONE',  ( 3.174999999999999822, 5.851902650954126095, 2.595422128626172054 ) ) ;
#493 = LINE ( 'NONE', #3526, #1615 ) ;
#494 = ORIENTED_EDGE ( 'NONE', *, *, #2142, .T. ) ;
#495 = FACE_BOUND ( 'NONE', #3563, .T. ) ;
#496 = VERTEX_POINT ( 'NONE', #1035 ) ;
#497 = LINE ( 'NONE', #2084, #4636 ) ;
#498 = CARTESIAN_POINT ( 'NONE',  ( -3.175000000000000711, -5.139000000000000234, -19.44999999999999929 ) ) ;
#499 = ORIENTED_EDGE ( 'NONE', *, *, #4862, .F. ) ;
#500 = DIRECTION ( 'NONE',  ( 0.000000000000000000, 0.000000000000000000, 1.000000000000000000 ) ) ;
#501 = VERTEX_POINT ( 'NONE', #4583 ) ;
#502 = ORIENTED_EDGE ( 'NONE', *, *, #2596, .F. ) ;
#503 = CIRCLE ( 'NONE', #1169, 2.100000000000000977 ) ;
#504 = DIRECTION ( 'NONE',  ( -1.000000000000000000, -0.000000000000000000, -0.000000000000000000 ) ) ;
#505 = ORIENTED_EDGE ( 'NONE', *, *, #3969, .T. ) ;
#506 = CARTESIAN_POINT ( 'NONE',  ( 2.042738830444500220, 18.56281998814761280, 2.470636393497685823 ) ) ;
#507 = VECTOR ( 'NONE', #1477, 1000.000000000000000 ) ;
#508 = DIRECTION ( 'NONE',  ( 0.000000000000000000, 1.000000000000000000, -1.084202172485504434E-16 ) ) ;
#509 = EDGE_LOOP ( 'NONE', ( #1021, #4241, #3436, #2010, #1262, #1766, #1331, #3265, #1996, #3527, #4170, #4996 ) ) ;
#510 = EDGE_CURVE ( 'NONE', #71, #3628, #3342, .T. ) ;
#511 = EDGE_CURVE ( 'NONE', #2279, #1989, #4174, .T. ) ;
#512 = CARTESIAN_POINT ( 'NONE',  ( 0.000000000000000000, 16.78174156341402679, 5.620762745781209269 ) ) ;
#513 = CARTESIAN_POINT ( 'NONE',  ( 2.081805041010027058, 5.949999999999995737, 5.906940355987361890 ) ) ;
#514 = DIRECTION ( 'NONE',  ( 0.000000000000000000, 1.000000000000000000, -8.260587980841934638E-15 ) ) ;
#515 = PLANE ( 'NONE',  #2165 ) ;
#516 = FACE_OUTER_BOUND ( 'NONE', #3630, .T. ) ;
#517 = VECTOR ( 'NONE', #932, 1000.000000000000000 ) ;
#518 = ORIENTED_EDGE ( 'NONE', *, *, #5060, .T. ) ;
#519 = EDGE_CURVE ( 'NONE', #648, #981, #1392, .T. ) ;
#520 = CARTESIAN_POINT ( 'NONE',  ( 1.972483239316684234, -5.138999999999997570, -5.629368422413535633 ) ) ;
#521 = CIRCLE ( 'NONE', #3393, 3.175000000000000711 ) ;
#522 = DIRECTION ( 'NONE',  ( 0.000000000000000000, 0.000000000000000000, -1.000000000000000000 ) ) ;
#523 = CARTESIAN_POINT ( 'NONE',  ( -2.042738866564660416, -2.470634702552896300, -19.53717986391387740 ) ) ;
#524 = DIRECTION ( 'NONE',  ( 0.000000000000000000, 0.000000000000000000, -1.000000000000000000 ) ) ;
#525 = VERTEX_POINT ( 'NONE', #4498 ) ;
#526 = CARTESIAN_POINT ( 'NONE',  ( -2.232710535457612888, -5.620762745781209269, -5.950000000000001954 ) ) ;
#527 = VERTEX_POINT ( 'NONE', #1554 ) ;
#528 = EDGE_LOOP ( 'NONE', ( #2732, #658 ) ) ;
#529 = AXIS2_PLACEMENT_3D ( 'NONE', #1388, #1222, #2796 ) ;
#530 = ORIENTED_EDGE ( 'NONE', *, *, #4655, .F. ) ;
#531 = FACE_BOUND ( 'NONE', #2404, .T. ) ;
#532 = AXIS2_PLACEMENT_3D ( 'NONE', #3030, #4515, #657 ) ;
#533 = DIRECTION ( 'NONE',  ( 0.000000000000000000, 0.000000000000000000, -1.000000000000000000 ) ) ;
#534 = VECTOR ( 'NONE', #4407, 1000.000000000000000 ) ;
#535 = CARTESIAN_POINT ( 'NONE',  ( 0.1999999999999996503, 11.40000000000000213, -18.95000000000001350 ) ) ;
#536 = AXIS2_PLACEMENT_3D ( 'NONE', #4329, #826, #2027 ) ;
#537 = EDGE_CURVE ( 'NONE', #301, #3964, #3440, .T. ) ;
#538 = ADVANCED_FACE ( 'NONE', ( #2659 ), #3075, .T. ) ;
#540 = CARTESIAN_POINT ( 'NONE',  ( 6.199999999999997513, 6.350000000000005862, -18.95000000000001350 ) ) ;
#539 = APPROVAL_PERSON_ORGANIZATION ( #4273, #3763, #3116 ) ;
#541 = DIRECTION ( 'NONE',  ( 0.000000000000000000, 1.000000000000000000, 0.000000000000000000 ) ) ;
#542 = CARTESIAN_POINT ( 'NONE',  ( 4.174999999999999822, 6.349999999999999645, -19.05000000000000426 ) ) ;
#543 = CARTESIAN_POINT ( 'NONE',  ( -2.197165962000668049, -5.495012552331537847, -5.950000000000001954 ) ) ;
#544 = ORIENTED_EDGE ( 'NONE', *, *, #3032, .T. ) ;
#545 = AXIS2_PLACEMENT_3D ( 'NONE', #2144, #217, #3358 ) ;
#546 = CARTESIAN_POINT ( 'NONE',  ( 6.200000000000000178, 25.00000000000000000, 0.000000000000000000 ) ) ;
#547 = EDGE_CURVE ( 'NONE', #1412, #171, #689, .T. ) ;
#548 = DIRECTION ( 'NONE',  ( 0.000000000000000000, 1.000000000000000000, 0.000000000000000000 ) ) ;
#549 = CIRCLE ( 'NONE', #3268, 1.554966049364600700 ) ;
#550 = DIRECTION ( 'NONE',  ( -0.000000000000000000, -0.000000000000000000, -1.000000000000000000 ) ) ;
#551 = CARTESIAN_POINT ( 'NONE',  ( 0.000000000000000000, 6.349999999999997868, 5.523072258617638397 ) ) ;
#552 = ORIENTED_EDGE ( 'NONE', *, *, #3573, .T. ) ;
#553 = EDGE_LOOP ( 'NONE', ( #3230, #1436 ) ) ;
#554 = CARTESIAN_POINT ( 'NONE',  ( 0.1999999999999996503, 12.40000000000000391, -12.40000000000000213 ) ) ;
#555 = AXIS2_PLACEMENT_3D ( 'NONE', #1181, #1156, #4698 ) ;
#556 = ADVANCED_FACE ( 'NONE', ( #5013 ), #2018, .T. ) ;
#557 = ORIENTED_EDGE ( 'NONE', *, *, #632, .T. ) ;
#558 = DIRECTION ( 'NONE',  ( 0.000000000000000000, 0.000000000000000000, -1.000000000000000000 ) ) ;
#559 = PLANE ( 'NONE',  #3426 ) ;
#560 = AXIS2_PLACEMENT_3D ( 'NONE', #1018, #1824, #3755 ) ;
#561 = CARTESIAN_POINT ( 'NONE',  ( 0.000000000000000000, 6.349999999999997868, 5.139000000000002899 ) ) ;
#562 = ORIENTED_EDGE ( 'NONE', *, *, #3676, .T. ) ;
#563 = CARTESIAN_POINT ( 'NONE',  ( -3.174999999999999822, -5.139000000000001123, -5.950000000000001954 ) ) ;
#564 = CARTESIAN_POINT ( 'NONE',  ( 6.200000000000000178, 25.00000000000000000, -2.000000000000000000 ) ) ;
#565 = EDGE_CURVE ( 'NONE', #4131, #4597, #2946, .T. ) ;
#566 = DIRECTION ( 'NONE',  ( 1.000000000000000000, 0.000000000000000000, 0.000000000000000000 ) ) ;
#567 = CYLINDRICAL_SURFACE ( 'NONE', #829, 3.175000000000000711 ) ;
#568 = DIRECTION ( 'NONE',  ( 1.000000000000000000, 0.000000000000000000, -0.000000000000000000 ) ) ;
#569 = EDGE_CURVE ( 'NONE', #4362, #2303, #1349, .T. ) ;
#570 = ADVANCED_FACE ( 'NONE', ( #3923 ), #1185, .F. ) ;
#571 = DIRECTION ( 'NONE',  ( -0.000000000000000000, 1.734723475976807489E-15, 1.000000000000000000 ) ) ;
#572 = CARTESIAN_POINT ( 'NONE',  ( 2.042738866564659972, 6.837179863913879885, 2.470634702552896744 ) ) ;
#573 = DIRECTION ( 'NONE',  ( -0.000000000000000000, 1.000000000000000000, 0.000000000000000000 ) ) ;
#574 = DIRECTION ( 'NONE',  ( 0.000000000000000000, -1.000000000000000000, -0.000000000000000000 ) ) ;
#575 = EDGE_LOOP ( 'NONE', ( #3859, #4571, #2301, #4035 ) ) ;
#576 = ORIENTED_EDGE ( 'NONE', *, *, #510, .T. ) ;
#577 = EDGE_LOOP ( 'NONE', ( #4494, #2550, #45, #2273, #87, #3262, #895, #3001, #3503, #1432 ) ) ;
#578 = DIRECTION ( 'NONE',  ( 0.000000000000000000, -1.000000000000000000, 0.000000000000000000 ) ) ;
#579 = ORIENTED_EDGE ( 'NONE', *, *, #603, .T. ) ;
#580 = CARTESIAN_POINT ( 'NONE',  ( 0.000000000000000000, 0.000000000000000000, -3.175000000000001599 ) ) ;
#581 = ORIENTED_EDGE ( 'NONE', *, *, #156, .T. ) ;
#582 = EDGE_CURVE ( 'NONE', #3823, #4601, #3515, .T. ) ;
#583 = LINE ( 'NONE', #902, #3077 ) ;
#584 = LINE ( 'NONE', #922, #4613 ) ;
#585 = ORIENTED_EDGE ( 'NONE', *, *, #1525, .T. ) ;
#586 = CARTESIAN_POINT ( 'NONE',  ( 1.820969194338323494, 5.949999999999998401, 6.090132639966189920 ) ) ;
#587 = DIRECTION ( 'NONE',  ( 0.000000000000000000, 0.000000000000000000, -1.000000000000000000 ) ) ;
#588 = CARTESIAN_POINT ( 'NONE',  ( -1.972483239316685122, -5.138999999999997570, -18.32936842241353403 ) ) ;
#589 = CARTESIAN_POINT ( 'NONE',  ( 2.264950330581225746, -5.523072258617638397, -18.64999999999999858 ) ) ;
#590 = PLANE ( 'NONE',  #294 ) ;
#591 = LINE ( 'NONE', #158, #3240 ) ;
#592 = ADVANCED_FACE ( 'NONE', ( #1972 ), #4248, .T. ) ;
#593 = CARTESIAN_POINT ( 'NONE',  ( -6.200000000000000178, 25.00000000000000000, 0.000000000000000000 ) ) ;
#594 = PLANE ( 'NONE',  #4240 ) ;
#595 = EDGE_CURVE ( 'NONE', #4514, #3998, #2512, .T. ) ;
#596 = ORIENTED_EDGE ( 'NONE', *, *, #3140, .T. ) ;
#597 = ORIENTED_EDGE ( 'NONE', *, *, #3121, .T. ) ;
#598 = VERTEX_POINT ( 'NONE', #4677 ) ;
#599 = CIRCLE ( 'NONE', #1266, 2.268258436585967264 ) ;
#600 = CARTESIAN_POINT ( 'NONE',  ( 0.000000000000000000, -6.139000000000000234, -5.950000000000001954 ) ) ;
#601 = B_SPLINE_CURVE_WITH_KNOTS ( 'NONE', 3,
 ( #2057, #4007, #2750, #33 ),
 .UNSPECIFIED., .F., .F.,
 ( 4, 4 ),
 ( 0.007647354141962970329, 0.007869202712918552806 ),
 .UNSPECIFIED. ) ;
#602 = FACE_OUTER_BOUND ( 'NONE', #2148, .T. ) ;
#603 = EDGE_CURVE ( 'NONE', #3514, #598, #443, .T. ) ;
#604 = ORIENTED_EDGE ( 'NONE', *, *, #3981, .F. ) ;
#605 = FACE_OUTER_BOUND ( 'NONE', #1842, .T. ) ;
#606 = VECTOR ( 'NONE', #609, 1000.000000000000000 ) ;
#607 = ORIENTED_EDGE ( 'NONE', *, *, #2688, .F. ) ;
#608 = ORIENTED_EDGE ( 'NONE', *, *, #3058, .F. ) ;
#609 = DIRECTION ( 'NONE',  ( -1.000000000000000000, 0.000000000000000000, 0.000000000000000000 ) ) ;
#610 = VECTOR ( 'NONE', #2253, 1000.000000000000000 ) ;
#611 = VERTEX_POINT ( 'NONE', #3112 ) ;
#612 = CARTESIAN_POINT ( 'NONE',  ( 2.571758278209440971E-16, -5.439000000000000057, -21.14999999999999858 ) ) ;
#613 = EDGE_CURVE ( 'NONE', #4597, #2029, #3824, .T. ) ;
#614 = CARTESIAN_POINT ( 'NONE',  ( 0.000000000000000000, 6.349999999999997868, 6.139000000000000234 ) ) ;
#615 = CARTESIAN_POINT ( 'NONE',  ( -2.232710535457612888, 6.749999999999997335, 5.620762745781209269 ) ) ;
#616 = AXIS2_PLACEMENT_3D ( 'NONE', #4692, #2851, #2106 ) ;
#617 = AXIS2_PLACEMENT_3D ( 'NONE', #956, #986, #3674 ) ;
#618 = CARTESIAN_POINT ( 'NONE',  ( 0.000000000000000000, 6.349999999999997868, 5.439000000000000945 ) ) ;
#619 = LOCAL_TIME ( 14, 4, 26.00000000000000000, #3468 ) ;
#620 = EDGE_CURVE ( 'NONE', #898, #1051, #3974, .T. ) ;
#621 = CARTESIAN_POINT ( 'NONE',  ( 0.1999999999999996503, 25.00000000000000000, -6.349999999999999645 ) ) ;
#622 = CARTESIAN_POINT ( 'NONE',  ( -2.061552812808830293, -5.439000000000000945, -5.950000000000001954 ) ) ;
#623 = DIRECTION ( 'NONE',  ( 0.000000000000000000, -1.131341397376178325E-16, 1.000000000000000000 ) ) ;
#624 = CARTESIAN_POINT ( 'NONE',  ( 2.040073290564207831, 5.851902650954126095, 2.595422128626172054 ) ) ;
#625 = CIRCLE ( 'NONE', #4693, 2.100000000000000977 ) ;
#626 = CARTESIAN_POINT ( 'NONE',  ( 0.1999999999999996503, 18.95000000000000284, -12.40000000000000036 ) ) ;
#627 = DIRECTION ( 'NONE',  ( 0.000000000000000000, -0.9961946980917461003, -0.08715574274765176821 ) ) ;
#628 = VECTOR ( 'NONE', #888, 1000.000000000000000 ) ;
#629 = EDGE_LOOP ( 'NONE', ( #89, #3039, #3897, #808 ) ) ;
#630 = ORIENTED_EDGE ( 'NONE', *, *, #3297, .F. ) ;
#631 = CARTESIAN_POINT ( 'NONE',  ( 2.232710535457612888, 19.44999999999999574, 5.620762745781209269 ) ) ;
#632 = EDGE_CURVE ( 'NONE', #4545, #1551, #3163, .T. ) ;
#633 = CONICAL_SURFACE ( 'NONE', #4964, 2.299999999999999822, 0.3141592653589760364 ) ;
#634 = ORIENTED_EDGE ( 'NONE', *, *, #2322, .F. ) ;
#635 = DIRECTION ( 'NONE',  ( 0.000000000000000000, 1.000000000000000000, 8.115498896123205041E-15 ) ) ;
#636 = EDGE_LOOP ( 'NONE', ( #702, #608, #3707, #596 ) ) ;
#637 = DIRECTION ( 'NONE',  ( 0.000000000000000000, -0.9961946980917461003, 0.08715574274765176821 ) ) ;
#638 = ORIENTED_EDGE ( 'NONE', *, *, #4619, .F. ) ;
#639 = CARTESIAN_POINT ( 'NONE',  ( 2.021666578221208432, -3.457121909598164233, -18.47651368875630951 ) ) ;
#640 = EDGE_CURVE ( 'NONE', #4090, #1561, #907, .T. ) ;
#641 = ORIENTED_EDGE ( 'NONE', *, *, #2142, .F. ) ;
#642 = AXIS2_PLACEMENT_3D ( 'NONE', #5064, #2377, #4413 ) ;
#643 = CARTESIAN_POINT ( 'NONE',  ( 0.000000000000000000, 19.04999999999999361, 5.620762745781209269 ) ) ;
#644 = PLANE ( 'NONE',  #4856 ) ;
#645 = ADVANCED_FACE ( 'NONE', ( #3585 ), #3631, .T. ) ;
#646 = DIRECTION ( 'NONE',  ( 1.000000000000000000, 0.000000000000000000, 0.000000000000000000 ) ) ;
#647 = CARTESIAN_POINT ( 'NONE',  ( -2.061552812808830293, -5.439000000000000945, -6.750000000000000888 ) ) ;
#648 = VERTEX_POINT ( 'NONE', #4733 ) ;
#649 = EDGE_CURVE ( 'NONE', #4173, #2729, #2014, .T. ) ;
#650 = CARTESIAN_POINT ( 'NONE',  ( 0.1999999999999996503, 6.349999999999995204, -25.00000000000000355 ) ) ;
#651 = DIRECTION ( 'NONE',  ( 0.000000000000000000, -1.000000000000000000, 0.000000000000000000 ) ) ;
#652 = CARTESIAN_POINT ( 'NONE',  ( 3.174999999999999822, 5.629368422413532080, 5.138999999999997570 ) ) ;
#653 = VERTEX_POINT ( 'NONE', #2457 ) ;
#654 = ORIENTED_EDGE ( 'NONE', *, *, #565, .T. ) ;
#655 = VERTEX_POINT ( 'NONE', #3661 ) ;
#656 = B_SPLINE_CURVE_WITH_KNOTS ( 'NONE', 3,
 ( #3708, #166, #4037, #872 ),
 .UNSPECIFIED., .F., .F.,
 ( 4, 4 ),
 ( 0.002832913685900425270, 0.002935786532568636451 ),
 .UNSPECIFIED. ) ;
#657 = DIRECTION ( 'NONE',  ( 0.000000000000000000, 1.000000000000000000, 1.084202172485504434E-16 ) ) ;
#658 = ORIENTED_EDGE ( 'NONE', *, *, #407, .F. ) ;
#659 = LINE ( 'NONE', #3006, #1546 ) ;
#660 = EDGE_LOOP ( 'NONE', ( #4309, #4674 ) ) ;
#661 = CARTESIAN_POINT ( 'NONE',  ( 2.099990463092004322, -2.139040055015565489, -18.92633097849891399 ) ) ;
#662 = ORIENTED_EDGE ( 'NONE', *, *, #2613, .F. ) ;
#663 = CARTESIAN_POINT ( 'NONE',  ( 4.174999999999999822, 1.999999999999997335, -1.999999999999998224 ) ) ;
#664 = ORIENTED_EDGE ( 'NONE', *, *, #36, .T. ) ;
#665 = PLANE ( 'NONE',  #1271 ) ;
#666 = DIRECTION ( 'NONE',  ( 0.000000000000000000, -0.000000000000000000, -1.000000000000000000 ) ) ;
#667 = EDGE_CURVE ( 'NONE', #4885, #4802, #3784, .T. ) ;
#668 = LINE ( 'NONE', #1086, #286 ) ;
#669 = CIRCLE ( 'NONE', #3373, 2.268258436585967264 ) ;
#670 = CARTESIAN_POINT ( 'NONE',  ( -1.972483239316685122, 18.32936842241352693, 5.138999999999997570 ) ) ;
#671 = CARTESIAN_POINT ( 'NONE',  ( 0.1999999999999996503, 11.40000000000000213, -18.95000000000001350 ) ) ;
#672 = CARTESIAN_POINT ( 'NONE',  ( -2.129368205736810626, -5.466985055468135180, -6.750000000000000888 ) ) ;
#673 = ORIENTED_EDGE ( 'NONE', *, *, #640, .T. ) ;
#674 = DIRECTION ( 'NONE',  ( 0.000000000000000000, 1.000000000000000000, 0.000000000000000000 ) ) ;
#675 = CARTESIAN_POINT ( 'NONE',  ( 0.000000000000000000, 19.04999999999999361, 6.139000000000000234 ) ) ;
#676 = CARTESIAN_POINT ( 'NONE',  ( -2.042738866564660416, 5.862820136086116740, 2.470634702552896300 ) ) ;
#677 = CARTESIAN_POINT ( 'NONE',  ( 1.734723475976807094E-15, 0.000000000000000000, -25.00000000000000000 ) ) ;
#678 = EDGE_CURVE ( 'NONE', #478, #3219, #840, .T. ) ;
#679 = ORIENTED_EDGE ( 'NONE', *, *, #5009, .F. ) ;
#680 = ORIENTED_EDGE ( 'NONE', *, *, #4981, .T. ) ;
#681 = EDGE_LOOP ( 'NONE', ( #4390, #1834, #2648, #680 ) ) ;
#682 = DIRECTION ( 'NONE',  ( 0.000000000000000000, 0.000000000000000000, 1.000000000000000000 ) ) ;
#683 = ORIENTED_EDGE ( 'NONE', *, *, #3548, .F. ) ;
#684 = ORIENTED_EDGE ( 'NONE', *, *, #3032, .F. ) ;
#685 = PLANE ( 'NONE',  #2347 ) ;
#686 = AXIS2_PLACEMENT_3D ( 'NONE', #3652, #135, #4252 ) ;
#687 = VERTEX_POINT ( 'NONE', #2068 ) ;
#688 = LINE ( 'NONE', #2283, #3480 ) ;
#689 = CIRCLE ( 'NONE', #851, 5.049999999999995381 ) ;
#690 = EDGE_LOOP ( 'NONE', ( #1784, #3402, #2624, #1442 ) ) ;
#691 = VECTOR ( 'NONE', #4121, 1000.000000000000000 ) ;
#692 = DIRECTION ( 'NONE',  ( 0.000000000000000000, 0.000000000000000000, 1.000000000000000000 ) ) ;
#693 = AXIS2_PLACEMENT_3D ( 'NONE', #4230, #1536, #2693 ) ;
#694 = CARTESIAN_POINT ( 'NONE',  ( -2.264950330581225746, 19.44999999999999574, 5.523072258617638397 ) ) ;
#695 = CARTESIAN_POINT ( 'NONE',  ( 1.821676962433381952, -6.089970303311146971, -18.65000000000000213 ) ) ;
#696 = AXIS2_PLACEMENT_3D ( 'NONE', #2259, #229, #3771 ) ;
#697 = VECTOR ( 'NONE', #41, 1000.000000000000000 ) ;
#698 = ADVANCED_FACE ( 'NONE', ( #2864 ), #1526, .T. ) ;
#699 = DIRECTION ( 'NONE',  ( 0.000000000000000000, -1.000000000000000000, -8.115498896123167176E-15 ) ) ;
#701 = DIRECTION ( 'NONE',  ( 1.000000000000000000, -0.000000000000000000, -0.000000000000000000 ) ) ;
#700 = VECTOR ( 'NONE', #4293, 1000.000000000000000 ) ;
#702 = ORIENTED_EDGE ( 'NONE', *, *, #951, .F. ) ;
#703 = CARTESIAN_POINT ( 'NONE',  ( 0.1999999999999996503, 24.00000000000000000, -6.349999999999999645 ) ) ;
#704 = CARTESIAN_POINT ( 'NONE',  ( 2.182283254615324797, 19.44999999999999929, 5.773529692572009431 ) ) ;
#705 = AXIS2_PLACEMENT_3D ( 'NONE', #883, #2081, #444 ) ;
#706 = EDGE_CURVE ( 'NONE', #3936, #527, #92, .T. ) ;
#707 = VECTOR ( 'NONE', #3545, 1000.000000000000000 ) ;
#708 = CARTESIAN_POINT ( 'NONE',  ( 2.174999999999999822, 6.349999999999999645, -9.525000000000002132 ) ) ;
#709 = DIRECTION ( 'NONE',  ( 0.000000000000000000, 0.000000000000000000, -1.000000000000000000 ) ) ;
#710 = CC_DESIGN_APPROVAL ( #1971, ( #2203 ) ) ;
#711 = EDGE_CURVE ( 'NONE', #2346, #3606, #1705, .T. ) ;
#712 = EDGE_LOOP ( 'NONE', ( #3136, #4378, #4319, #3961, #3412, #3831, #2254, #1048, #3301, #552 ) ) ;
#713 = ORIENTED_EDGE ( 'NONE', *, *, #3770, .F. ) ;
#714 = CARTESIAN_POINT ( 'NONE',  ( -1.972483239316684234, 5.629368422413532080, 5.138999999999997570 ) ) ;
#715 = DIRECTION ( 'NONE',  ( 0.000000000000000000, -0.000000000000000000, -1.000000000000000000 ) ) ;
#716 = VECTOR ( 'NONE', #558, 1000.000000000000000 ) ;
#717 = EDGE_CURVE ( 'NONE', #4260, #1012, #4342, .T. ) ;
#718 = ORIENTED_EDGE ( 'NONE', *, *, #1243, .T. ) ;
#719 = DIRECTION ( 'NONE',  ( -0.000000000000000000, 1.000000000000000000, 0.000000000000000000 ) ) ;
#720 = CARTESIAN_POINT ( 'NONE',  ( -2.081805041010027058, 19.44999999999999574, 5.906940355987362778 ) ) ;
#721 = AXIS2_PLACEMENT_3D ( 'NONE', #4659, #2358, #793 ) ;
#722 = CIRCLE ( 'NONE', #3587, 3.175000000000000711 ) ;
#723 = CARTESIAN_POINT ( 'NONE',  ( 5.460999999999999410, 19.04999999999999716, -8.450000000000002842 ) ) ;
#724 = DIRECTION ( 'NONE',  ( 0.000000000000000000, -1.000000000000000000, 0.000000000000000000 ) ) ;
#725 = DIRECTION ( 'NONE',  ( 0.000000000000000000, 8.115498896123167176E-15, -1.000000000000000000 ) ) ;
#726 = EDGE_LOOP ( 'NONE', ( #4323, #2433 ) ) ;
#727 = CC_DESIGN_PERSON_AND_ORGANIZATION_ASSIGNMENT ( #5046, #1088, ( #2203 ) ) ;
#728 = VECTOR ( 'NONE', #3984, 1000.000000000000000 ) ;
#729 = CARTESIAN_POINT ( 'NONE',  ( 0.8890000000000000124, 6.349999999999999645, -15.87500000000000355 ) ) ;
#730 = CARTESIAN_POINT ( 'NONE',  ( 3.174999999999999822, 6.749999999999997335, 5.138999999999999346 ) ) ;
#731 = PLANE ( 'NONE',  #1809 ) ;
#732 = ORIENTED_EDGE ( 'NONE', *, *, #3167, .F. ) ;
#733 = EDGE_CURVE ( 'NONE', #4346, #2941, #1194, .T. ) ;
#734 = ADVANCED_FACE ( 'NONE', ( #896, #531 ), #1628, .F. ) ;
#735 = VERTEX_POINT ( 'NONE', #4803 ) ;
#736 = ORIENTED_EDGE ( 'NONE', *, *, #4949, .F. ) ;
#737 = LINE ( 'NONE', #4290, #1601 ) ;
#738 = EDGE_LOOP ( 'NONE', ( #634, #3308 ) ) ;
#739 = CARTESIAN_POINT ( 'NONE',  ( 0.000000000000000000, 3.174999999999998046, 0.000000000000000000 ) ) ;
#740 = VERTEX_POINT ( 'NONE', #1314 ) ;
#741 = CARTESIAN_POINT ( 'NONE',  ( 0.000000000000000000, 16.94999999999999218, 5.438999999999999169 ) ) ;
#742 = CARTESIAN_POINT ( 'NONE',  ( 1.972483239316684234, -5.138999999999997570, -7.070631577586468985 ) ) ;
#743 = CARTESIAN_POINT ( 'NONE',  ( 0.8890000000000000124, 6.349999999999999645, -9.525000000000002132 ) ) ;
#744 = DATE_AND_TIME ( #1528, #3821 ) ;
#745 = CARTESIAN_POINT ( 'NONE',  ( -6.200000000000000178, 0.000000000000000000, -16.07166501894835164 ) ) ;
#746 = PLANE ( 'NONE',  #915 ) ;
#747 = PLANE ( 'NONE',  #1366 ) ;
#748 = ORIENTED_EDGE ( 'NONE', *, *, #3981, .T. ) ;
#749 = CIRCLE ( 'NONE', #2657, 2.100000000000000977 ) ;
#750 = DIRECTION ( 'NONE',  ( 0.000000000000000000, 0.000000000000000000, 1.000000000000000000 ) ) ;
#751 = DIRECTION ( 'NONE',  ( -0.000000000000000000, 1.000000000000000000, 0.000000000000000000 ) ) ;
#752 = VECTOR ( 'NONE', #955, 1000.000000000000000 ) ;
#753 = CARTESIAN_POINT ( 'NONE',  ( 1.972483239316685122, -5.138999999999997570, -19.77063157758646383 ) ) ;
#754 = CYLINDRICAL_SURFACE ( 'NONE', #232, 2.100000000000000089 ) ;
#755 = EDGE_LOOP ( 'NONE', ( #3394, #3687, #440, #1911 ) ) ;
#756 = CARTESIAN_POINT ( 'NONE',  ( 4.174999999999999822, 18.95000000000000284, -11.40000000000000036 ) ) ;
#757 = ADVANCED_FACE ( 'NONE', ( #2430 ), #3473, .T. ) ;
#758 = EDGE_CURVE ( 'NONE', #2555, #2585, #2820, .T. ) ;
#759 = ORIENTED_EDGE ( 'NONE', *, *, #1243, .F. ) ;
#760 = DIRECTION ( 'NONE',  ( 0.000000000000000000, -0.000000000000000000, -1.000000000000000000 ) ) ;
#761 = EDGE_LOOP ( 'NONE', ( #2178, #2782, #452, #1830 ) ) ;
#762 = DIRECTION ( 'NONE',  ( 1.000000000000000000, 0.000000000000000000, 0.000000000000000000 ) ) ;
#763 = EDGE_LOOP ( 'NONE', ( #2396, #1812, #1390, #3809, #654, #4086, #544, #4145, #2530, #184, #3892, #211 ) ) ;
#764 = DIRECTION ( 'NONE',  ( 0.000000000000000000, 1.000000000000000000, 0.000000000000000000 ) ) ;
#765 = DIRECTION ( 'NONE',  ( 1.000000000000000000, 0.000000000000000000, 0.000000000000000000 ) ) ;
#766 = LINE ( 'NONE', #1947, #3914 ) ;
#767 = AXIS2_PLACEMENT_3D ( 'NONE', #4602, #1102, #1831 ) ;
#768 = AXIS2_PLACEMENT_3D ( 'NONE', #3980, #2031, #1985 ) ;
#769 = DATE_AND_TIME ( #4200, #5036 ) ;
#770 = EDGE_CURVE ( 'NONE', #1852, #4623, #941, .T. ) ;
#771 = CARTESIAN_POINT ( 'NONE',  ( -1.821676962433381952, -6.089970303311146971, -19.45000000000000284 ) ) ;
#772 = ORIENTED_EDGE ( 'NONE', *, *, #2332, .T. ) ;
#773 = AXIS2_PLACEMENT_3D ( 'NONE', #2667, #2296, #3247 ) ;
#774 = CARTESIAN_POINT ( 'NONE',  ( -2.061552812808830293, -5.439000000000000945, -19.44999999999999929 ) ) ;
#775 = DIRECTION ( 'NONE',  ( 0.000000000000000000, -1.000000000000000000, 0.000000000000000000 ) ) ;
#776 = EDGE_CURVE ( 'NONE', #3838, #4181, #2460, .T. ) ;
#777 = AXIS2_PLACEMENT_3D ( 'NONE', #1776, #2245, #4598 ) ;
#778 = LINE ( 'NONE', #2773, #3460 ) ;
#779 = CARTESIAN_POINT ( 'NONE',  ( 2.243459280444427328, 19.44999999999999574, 5.588199955838118349 ) ) ;
#780 = VECTOR ( 'NONE', #4047, 1000.000000000000000 ) ;
#781 = DIRECTION ( 'NONE',  ( 1.000000000000000000, 0.000000000000000000, 0.000000000000000000 ) ) ;
#782 = AXIS2_PLACEMENT_3D ( 'NONE', #2541, #1764, #2153 ) ;
#783 = CARTESIAN_POINT ( 'NONE',  ( 2.197165961088449304, 19.44999999999999574, 5.495012551953919910 ) ) ;
#784 = DIRECTION ( 'NONE',  ( 0.000000000000000000, 1.000000000000000000, 1.084202172485504434E-16 ) ) ;
#785 = AXIS2_PLACEMENT_3D ( 'NONE', #3200, #1245, #1684 ) ;
#786 = ORIENTED_EDGE ( 'NONE', *, *, #4018, .F. ) ;
#787 = CARTESIAN_POINT ( 'NONE',  ( 2.061552812808830293, -5.439000000000000945, -19.44999999999999929 ) ) ;
#788 = ORIENTED_EDGE ( 'NONE', *, *, #4422, .T. ) ;
#789 = ORIENTED_EDGE ( 'NONE', *, *, #1786, .T. ) ;
#790 = EDGE_CURVE ( 'NONE', #1182, #4229, #795, .T. ) ;
#791 = CARTESIAN_POINT ( 'NONE',  ( 0.000000000000000000, -5.620762745781209269, -4.081741563414032825 ) ) ;
#792 = ORIENTED_EDGE ( 'NONE', *, *, #4507, .T. ) ;
#793 = DIRECTION ( 'NONE',  ( 1.000000000000000000, 0.000000000000000000, 0.000000000000000000 ) ) ;
#794 = EDGE_CURVE ( 'NONE', #1650, #3335, #659, .T. ) ;
#795 = CIRCLE ( 'NONE', #3658, 2.299999999999999822 ) ;
#796 = EDGE_CURVE ( 'NONE', #3862, #2525, #3735, .T. ) ;
#797 = CARTESIAN_POINT ( 'NONE',  ( 0.000000000000000000, 0.000000000000000000, 0.000000000000000000 ) ) ;
#798 = AXIS2_PLACEMENT_3D ( 'NONE', #1458, #3882, #1148 ) ;
#799 = CARTESIAN_POINT ( 'NONE',  ( 6.199999999999997513, 12.40000000000000213, -18.95000000000001350 ) ) ;
#800 = EDGE_LOOP ( 'NONE', ( #928, #3691, #1688, #1623 ) ) ;
#801 = LINE ( 'NONE', #5073, #1582 ) ;
#802 = EDGE_CURVE ( 'NONE', #478, #4181, #246, .T. ) ;
#803 = CARTESIAN_POINT ( 'NONE',  ( 0.000000000000000000, 19.04999999999999361, 5.523072258617638397 ) ) ;
#804 = LINE ( 'NONE', #2368, #2928 ) ;
#805 = CARTESIAN_POINT ( 'NONE',  ( 5.460999999999999410, 6.349999999999999645, -9.525000000000002132 ) ) ;
#806 = CARTESIAN_POINT ( 'NONE',  ( 2.264950330581225746, 19.44999999999999574, 5.523072258617638397 ) ) ;
#807 = CIRCLE ( 'NONE', #2627, 2.100000000000000977 ) ;
#808 = ORIENTED_EDGE ( 'NONE', *, *, #3535, .F. ) ;
#809 = EDGE_CURVE ( 'NONE', #4418, #71, #2957, .T. ) ;
#810 = FACE_OUTER_BOUND ( 'NONE', #148, .T. ) ;
#811 = ORIENTED_EDGE ( 'NONE', *, *, #2177, .F. ) ;
#812 = CARTESIAN_POINT ( 'NONE',  ( 0.000000000000000000, 6.349999999999997868, 5.388999999999999346 ) ) ;
#813 = ORIENTED_EDGE ( 'NONE', *, *, #3319, .F. ) ;
#814 = ORIENTED_EDGE ( 'NONE', *, *, #2177, .T. ) ;
#815 = CARTESIAN_POINT ( 'NONE',  ( 0.000000000000000000, -5.523072258617638397, -21.34999999999999787 ) ) ;
#816 = CARTESIAN_POINT ( 'NONE',  ( 2.040073290564207831, 18.55190265095412272, 2.595422128626172054 ) ) ;
#817 = DIRECTION ( 'NONE',  ( -1.000000000000000000, 0.000000000000000000, 0.000000000000000000 ) ) ;
#818 = EDGE_CURVE ( 'NONE', #1613, #2470, #2151, .T. ) ;
#819 = DIRECTION ( 'NONE',  ( 0.000000000000000000, 0.000000000000000000, -1.000000000000000000 ) ) ;
#820 = ADVANCED_FACE ( 'NONE', ( #1437 ), #971, .T. ) ;
#821 = VERTEX_POINT ( 'NONE', #4167 ) ;
#822 = CARTESIAN_POINT ( 'NONE',  ( 1.502637486114517751, -6.139000000000000234, -18.64999999999999858 ) ) ;
#823 = CARTESIAN_POINT ( 'NONE',  ( 0.000000000000000000, -5.439000000000000057, -16.94999999999999574 ) ) ;
#824 = CARTESIAN_POINT ( 'NONE',  ( 2.099990463092004322, -2.139040055015565045, -6.226330978498920921 ) ) ;
#825 = DIRECTION ( 'NONE',  ( 0.000000000000000000, 1.000000000000000000, -7.542275982507855914E-17 ) ) ;
#826 = DIRECTION ( 'NONE',  ( 0.000000000000000000, -1.000000000000000000, 8.115498896123205041E-15 ) ) ;
#827 = ORIENTED_EDGE ( 'NONE', *, *, #1908, .T. ) ;
#828 = DIRECTION ( 'NONE',  ( 0.000000000000000000, 0.000000000000000000, -1.000000000000000000 ) ) ;
#829 = AXIS2_PLACEMENT_3D ( 'NONE', #4449, #4426, #1299 ) ;
#830 = EDGE_CURVE ( 'NONE', #981, #2143, #2605, .T. ) ;
#831 = DIRECTION ( 'NONE',  ( -1.000000000000000000, 0.000000000000000000, 0.000000000000000000 ) ) ;
#832 = CARTESIAN_POINT ( 'NONE',  ( 0.8890000000000000124, 19.04999999999999716, -3.175000000000000266 ) ) ;
#833 = ORIENTED_EDGE ( 'NONE', *, *, #103, .T. ) ;
#834 = CARTESIAN_POINT ( 'NONE',  ( 0.000000000000000000, -5.523072258617638397, -16.74999999999999645 ) ) ;
#835 = VERTEX_POINT ( 'NONE', #1780 ) ;
#836 = B_SPLINE_CURVE_WITH_KNOTS ( 'NONE', 3,
 ( #2987, #1837, #3418, #720, #4585, #3745 ),
 .UNSPECIFIED., .F., .F.,
 ( 4, 2, 4 ),
 ( 0.000000000000000000, 0.0004757428370953077027, 0.0009514856741906158391 ),
 .UNSPECIFIED. ) ;
#837 = ORIENTED_EDGE ( 'NONE', *, *, #4815, .F. ) ;
#838 = DIRECTION ( 'NONE',  ( 0.000000000000000000, -1.000000000000000000, 0.000000000000000000 ) ) ;
#839 = ORIENTED_EDGE ( 'NONE', *, *, #1655, .T. ) ;
#840 = LINE ( 'NONE', #3239, #936 ) ;
#841 = CARTESIAN_POINT ( 'NONE',  ( 5.460999999999999410, 6.349999999999999645, -9.525000000000002132 ) ) ;
#842 = ORIENTED_EDGE ( 'NONE', *, *, #5024, .F. ) ;
#843 = B_SPLINE_CURVE_WITH_KNOTS ( 'NONE', 3,
 ( #4184, #676, #2270, #297, #437, #2001, #1172, #4717, #2744, #1199 ),
 .UNSPECIFIED., .F., .F.,
 ( 4, 2, 2, 2, 4 ),
 ( 0.000000000000000000, 0.0003704147845104407760, 0.0007408295690208815520, 0.001111244353531322220, 0.001481659138041763104 ),
 .UNSPECIFIED. ) ;
#844 = DIRECTION ( 'NONE',  ( 0.000000000000000000, -1.000000000000000000, -0.000000000000000000 ) ) ;
#845 = ORIENTED_EDGE ( 'NONE', *, *, #3074, .T. ) ;
#846 = CARTESIAN_POINT ( 'NONE',  ( 2.081805041010026613, -5.906940355987361002, -19.45000000000000284 ) ) ;
#847 = VECTOR ( 'NONE', #2520, 1000.000000000000000 ) ;
#848 = DIRECTION ( 'NONE',  ( 0.000000000000000000, -1.000000000000000000, 0.000000000000000000 ) ) ;
#849 = EDGE_CURVE ( 'NONE', #1549, #4392, #5045, .T. ) ;
#850 = CARTESIAN_POINT ( 'NONE',  ( 0.000000000000000000, -6.139000000000000234, -19.44999999999999929 ) ) ;
#851 = AXIS2_PLACEMENT_3D ( 'NONE', #2308, #2331, #1578 ) ;
#852 = VECTOR ( 'NONE', #1918, 1000.000000000000000 ) ;
#853 = LINE ( 'NONE', #1272, #960 ) ;
#854 = CARTESIAN_POINT ( 'NONE',  ( -1.999113491775012852, 5.702259658749232685, 4.305849356269931150 ) ) ;
#855 = ORIENTED_EDGE ( 'NONE', *, *, #995, .T. ) ;
#856 = AXIS2_PLACEMENT_3D ( 'NONE', #4298, #4269, #692 ) ;
#857 = ADVANCED_FACE ( 'NONE', ( #2629 ), #4846, .F. ) ;
#858 = CARTESIAN_POINT ( 'NONE',  ( 0.000000000000000000, 19.04999999999999361, 5.523072258617638397 ) ) ;
#859 = AXIS2_PLACEMENT_3D ( 'NONE', #4731, #4340, #1577 ) ;
#860 = DIRECTION ( 'NONE',  ( 0.000000000000000000, -1.000000000000000000, 0.000000000000000000 ) ) ;
#861 = CARTESIAN_POINT ( 'NONE',  ( -1.502637486114518195, 6.749999999999999112, 6.139000000000000234 ) ) ;
#862 = CARTESIAN_POINT ( 'NONE',  ( 6.200000000000000178, 0.000000000000000000, 0.000000000000000000 ) ) ;
#863 = ORIENTED_EDGE ( 'NONE', *, *, #471, .T. ) ;
#864 = FACE_OUTER_BOUND ( 'NONE', #935, .T. ) ;
#865 = TOROIDAL_SURFACE ( 'NONE', #4536, 1.554966049364602254, 0.7500000000000000000 ) ;
#866 = ORIENTED_EDGE ( 'NONE', *, *, #3043, .T. ) ;
#867 = ORIENTED_EDGE ( 'NONE', *, *, #3502, .T. ) ;
#868 = EDGE_CURVE ( 'NONE', #3867, #3838, #1402, .T. ) ;
#869 = AXIS2_PLACEMENT_3D ( 'NONE', #3176, #436, #514 ) ;
#870 = EDGE_LOOP ( 'NONE', ( #1387, #2756, #3172, #4186 ) ) ;
#871 = CARTESIAN_POINT ( 'NONE',  ( 0.000000000000000000, -5.523072258617638397, -4.050000000000001599 ) ) ;
#872 = CARTESIAN_POINT ( 'NONE',  ( -2.232710535457612888, 18.64999999999999147, 5.620762745781209269 ) ) ;
#873 = EDGE_CURVE ( 'NONE', #3540, #247, #2247, .T. ) ;
#874 = CARTESIAN_POINT ( 'NONE',  ( 2.174999999999999822, 18.95000000000000284, -6.349999999999999645 ) ) ;
#875 = ORIENTED_EDGE ( 'NONE', *, *, #4294, .T. ) ;
#876 = CARTESIAN_POINT ( 'NONE',  ( 6.200000000000000178, 25.00000000000000000, 0.000000000000000000 ) ) ;
#877 = LINE ( 'NONE', #3975, #3556 ) ;
#878 = CARTESIAN_POINT ( 'NONE',  ( -2.975000000000000089, 12.69999999999999929, -1.999999999999998224 ) ) ;
#879 = AXIS2_PLACEMENT_3D ( 'NONE', #2981, #1383, #4437 ) ;
#880 = CARTESIAN_POINT ( 'NONE',  ( -2.232710535457612888, -5.620762745781209269, -6.750000000000000888 ) ) ;
#881 = CARTESIAN_POINT ( 'NONE',  ( 0.000000000000000000, -5.139000000000004675, -6.350000000000001421 ) ) ;
#882 = VERTEX_POINT ( 'NONE', #4491 ) ;
#883 = CARTESIAN_POINT ( 'NONE',  ( 0.000000000000000000, 19.04999999999999361, 0.8890000000000000124 ) ) ;
#884 = CIRCLE ( 'NONE', #3506, 3.175000000000000711 ) ;
#885 = AXIS2_PLACEMENT_3D ( 'NONE', #2037, #4264, #4243 ) ;
#886 = EDGE_LOOP ( 'NONE', ( #1325, #1965, #3359, #914, #1596, #5012, #1995, #1913, #4058, #1241, #4662, #410, #842, #1757 ) ) ;
#887 = EDGE_CURVE ( 'NONE', #2303, #4244, #4112, .T. ) ;
#888 = DIRECTION ( 'NONE',  ( 0.000000000000000000, 0.000000000000000000, 1.000000000000000000 ) ) ;
#889 = CARTESIAN_POINT ( 'NONE',  ( -2.061552812808830293, 18.64999999999999147, 5.439000000000000945 ) ) ;
#890 = ORIENTED_EDGE ( 'NONE', *, *, #2262, .T. ) ;
#891 = CARTESIAN_POINT ( 'NONE',  ( 0.000000000000000000, 6.349999999999997868, 0.8890000000000000124 ) ) ;
#892 = EDGE_LOOP ( 'NONE', ( #4799, #1750, #2246, #2062 ) ) ;
#893 = ORIENTED_EDGE ( 'NONE', *, *, #1126, .F. ) ;
#894 = VECTOR ( 'NONE', #4105, 1000.000000000000000 ) ;
#895 = ORIENTED_EDGE ( 'NONE', *, *, #3127, .F. ) ;
#896 = FACE_OUTER_BOUND ( 'NONE', #267, .T. ) ;
#897 = CARTESIAN_POINT ( 'NONE',  ( 0.000000000000000000, 4.249999999999997335, 5.439000000000000945 ) ) ;
#898 = VERTEX_POINT ( 'NONE', #189 ) ;
#899 = CARTESIAN_POINT ( 'NONE',  ( -2.061552812808830293, -5.438999999999999169, -5.950000000000001954 ) ) ;
#900 = EDGE_CURVE ( 'NONE', #2557, #2960, #972, .T. ) ;
#901 = CYLINDRICAL_SURFACE ( 'NONE', #2775, 2.099999999999999645 ) ;
#902 = CARTESIAN_POINT ( 'NONE',  ( -2.571758278209441957E-16, 8.449999999999999289, 5.439000000000000945 ) ) ;
#903 = CARTESIAN_POINT ( 'NONE',  ( 2.087439085565598429, -2.187221323398955697, -6.102908252118015575 ) ) ;
#904 = FACE_BOUND ( 'NONE', #3758, .T. ) ;
#905 = DIRECTION ( 'NONE',  ( 0.000000000000000000, 1.000000000000000000, 0.000000000000000000 ) ) ;
#906 = EDGE_LOOP ( 'NONE', ( #3383, #3533, #4951, #3079, #427 ) ) ;
#907 = B_SPLINE_CURVE_WITH_KNOTS ( 'NONE', 3,
 ( #3966, #4706, #2091, #4755, #483, #4367, #1237, #1215, #506, #816 ),
 .UNSPECIFIED., .F., .F.,
 ( 4, 2, 2, 2, 4 ),
 ( 0.000000000000000000, 0.0003704147845104418060, 0.0007408295690208836120, 0.001111244353531325472, 0.001481659138041767224 ),
 .UNSPECIFIED. ) ;
#908 = CARTESIAN_POINT ( 'NONE',  ( 0.000000000000000000, -5.389000000000001123, -6.350000000000001421 ) ) ;
#909 = LINE ( 'NONE', #3956, #628 ) ;
#910 = DIRECTION ( 'NONE',  ( 0.000000000000000000, 0.000000000000000000, 1.000000000000000000 ) ) ;
#911 = ORIENTED_EDGE ( 'NONE', *, *, #1956, .F. ) ;
#912 = CARTESIAN_POINT ( 'NONE',  ( 0.000000000000000000, -5.620762745781209269, -6.350000000000001421 ) ) ;
#913 = EDGE_LOOP ( 'NONE', ( #3181, #4433, #4774, #65 ) ) ;
#914 = ORIENTED_EDGE ( 'NONE', *, *, #2724, .F. ) ;
#915 = AXIS2_PLACEMENT_3D ( 'NONE', #3875, #3391, #335 ) ;
#916 = ADVANCED_FACE ( 'NONE', ( #602 ), #3863, .F. ) ;
#917 = ORIENTED_EDGE ( 'NONE', *, *, #770, .T. ) ;
#918 = CARTESIAN_POINT ( 'NONE',  ( -2.040073290564207831, -2.595422128626172054, -6.848097349045874971 ) ) ;
#919 = CARTESIAN_POINT ( 'NONE',  ( 0.000000000000000000, 21.14999999999999503, 5.439000000000000945 ) ) ;
#920 = ORIENTED_EDGE ( 'NONE', *, *, #4649, .T. ) ;
#921 = ADVANCED_FACE ( 'NONE', ( #1934 ), #3982, .T. ) ;
#922 = CARTESIAN_POINT ( 'NONE',  ( 0.1999999999999996503, 18.95000000000000284, -11.40000000000000036 ) ) ;
#923 = CARTESIAN_POINT ( 'NONE',  ( -2.232710535457612888, 18.64999999999999147, 5.620762745781209269 ) ) ;
#924 = ADVANCED_FACE ( 'NONE', ( #4192 ), #2302, .T. ) ;
#925 = CARTESIAN_POINT ( 'NONE',  ( 0.8890000000000000124, 19.04999999999999716, -6.350000000000001421 ) ) ;
#926 = LINE ( 'NONE', #4502, #4504 ) ;
#927 = DIRECTION ( 'NONE',  ( 0.000000000000000000, -0.000000000000000000, -1.000000000000000000 ) ) ;
#928 = ORIENTED_EDGE ( 'NONE', *, *, #4801, .F. ) ;
#929 = TOROIDAL_SURFACE ( 'NONE', #3879, 1.554966049364602254, 0.7500000000000000000 ) ;
#930 = EDGE_CURVE ( 'NONE', #5005, #1469, #4575, .T. ) ;
#931 = CARTESIAN_POINT ( 'NONE',  ( 2.021666578221208432, -3.457121909598164233, -5.776513688756312881 ) ) ;
#932 = DIRECTION ( 'NONE',  ( 0.000000000000000000, 0.000000000000000000, 1.000000000000000000 ) ) ;
#933 = CARTESIAN_POINT ( 'NONE',  ( 2.182266827280790800, 18.64999999999999503, 5.773579458367408712 ) ) ;
#934 = CARTESIAN_POINT ( 'NONE',  ( -2.040073290564207831, -2.595422128626172054, -18.55190265095412627 ) ) ;
#935 = EDGE_LOOP ( 'NONE', ( #352, #1019, #2963, #1826 ) ) ;
#936 = VECTOR ( 'NONE', #3192, 1000.000000000000000 ) ;
#937 = ORIENTED_EDGE ( 'NONE', *, *, #3, .T. ) ;
#938 = ORIENTED_EDGE ( 'NONE', *, *, #3147, .F. ) ;
#939 = AXIS2_PLACEMENT_3D ( 'NONE', #1082, #2961, #1032 ) ;
#940 = ORIENTED_EDGE ( 'NONE', *, *, #3305, .T. ) ;
#941 = LINE ( 'NONE', #4824, #3020 ) ;
#942 = CIRCLE ( 'NONE', #3811, 3.374999999999999556 ) ;
#943 = CARTESIAN_POINT ( 'NONE',  ( -2.061552812808830293, 6.749999999999997335, 5.439000000000000945 ) ) ;
#944 = ADVANCED_FACE ( 'NONE', ( #3815 ), #372, .F. ) ;
#945 = B_SPLINE_CURVE_WITH_KNOTS ( 'NONE', 3,
 ( #4027, #2134, #2422, #2895, #4428, #56 ),
 .UNSPECIFIED., .F., .F.,
 ( 4, 2, 4 ),
 ( 0.000000000000000000, 0.0004757001404452623154, 0.0009514002808905246307 ),
 .UNSPECIFIED. ) ;
#946 = AXIS2_PLACEMENT_3D ( 'NONE', #959, #571, #2544 ) ;
#947 = DIRECTION ( 'NONE',  ( 0.000000000000000000, 1.000000000000000000, 0.000000000000000000 ) ) ;
#948 = CIRCLE ( 'NONE', #2510, 3.175000000000000711 ) ;
#949 = ORIENTED_EDGE ( 'NONE', *, *, #1487, .F. ) ;
#950 = CARTESIAN_POINT ( 'NONE',  ( 0.1999999999999996503, 11.40000000000000036, -11.40000000000000036 ) ) ;
#951 = EDGE_CURVE ( 'NONE', #1728, #2243, #304, .T. ) ;
#953 = DIRECTION ( 'NONE',  ( 1.000000000000000000, 0.000000000000000000, -0.000000000000000000 ) ) ;
#952 = VECTOR ( 'NONE', #3318, 1000.000000000000000 ) ;
#954 = EDGE_CURVE ( 'NONE', #4802, #1236, #2045, .T. ) ;
#955 = DIRECTION ( 'NONE',  ( 1.000000000000000000, -0.000000000000000000, -0.000000000000000000 ) ) ;
#956 = CARTESIAN_POINT ( 'NONE',  ( 0.000000000000000000, -6.139000000000000234, -16.95012705463136982 ) ) ;
#957 = ORIENTED_EDGE ( 'NONE', *, *, #809, .T. ) ;
#958 = CIRCLE ( 'NONE', #3744, 2.100000000000000977 ) ;
#959 = CARTESIAN_POINT ( 'NONE',  ( 6.200000000000000178, 0.000000000000000000, -25.00000000000000000 ) ) ;
#960 = VECTOR ( 'NONE', #4281, 1000.000000000000000 ) ;
#961 = DIRECTION ( 'NONE',  ( 0.000000000000000000, 8.115498896123167176E-15, 1.000000000000000000 ) ) ;
#962 = LINE ( 'NONE', #4084, #4474 ) ;
#963 = EDGE_LOOP ( 'NONE', ( #402, #3627, #1802, #3406 ) ) ;
#964 = ORIENTED_EDGE ( 'NONE', *, *, #818, .F. ) ;
#965 = ORIENTED_EDGE ( 'NONE', *, *, #2367, .F. ) ;
#966 = B_SPLINE_CURVE_WITH_KNOTS ( 'NONE', 3,
 ( #4104, #2998, #2974, #208, #933, #159 ),
 .UNSPECIFIED., .F., .F.,
 ( 4, 2, 4 ),
 ( 0.000000000000000000, 0.0004757428370953077027, 0.0009514856741906158391 ),
 .UNSPECIFIED. ) ;
#967 = CARTESIAN_POINT ( 'NONE',  ( -0.2442554031941461257, 25.00000000000000000, 0.000000000000000000 ) ) ;
#968 = AXIS2_PLACEMENT_3D ( 'NONE', #2829, #2061, #114 ) ;
#969 = ORIENTED_EDGE ( 'NONE', *, *, #174, .F. ) ;
#970 =( BOUNDED_CURVE ( )  B_SPLINE_CURVE ( 3, ( #1507, #4641, #1119, #1171 ),
 .UNSPECIFIED., .F., .T. ) 
 B_SPLINE_CURVE_WITH_KNOTS ( ( 4, 4 ),
 ( 1.810267798689539021, 1.921073213463466933 ),
 .UNSPECIFIED. ) 
 CURVE ( )  GEOMETRIC_REPRESENTATION_ITEM ( )  RATIONAL_B_SPLINE_CURVE ( ( 1.000000000000000000, 0.9989771083553060649, 0.9989771083553060649, 1.000000000000000000 ) ) 
 REPRESENTATION_ITEM ( '' )  );
#971 = PLANE ( 'NONE',  #879 ) ;
#972 = B_SPLINE_CURVE_WITH_KNOTS ( 'NONE', 3,
 ( #4984, #5062, #3129, #1964 ),
 .UNSPECIFIED., .F., .F.,
 ( 4, 4 ),
 ( 0.003029541235337106318, 0.003249628748158705192 ),
 .UNSPECIFIED. ) ;
#973 = ORIENTED_EDGE ( 'NONE', *, *, #380, .T. ) ;
#974 = DIRECTION ( 'NONE',  ( 0.000000000000000000, 0.000000000000000000, 1.000000000000000000 ) ) ;
#976 = EDGE_LOOP ( 'NONE', ( #2759, #2452, #2977, #3284, #1724 ) ) ;
#975 = VECTOR ( 'NONE', #5014, 1000.000000000000000 ) ;
#977 = DIRECTION ( 'NONE',  ( 1.000000000000000000, -0.000000000000000000, -0.000000000000000000 ) ) ;
#978 = ORIENTED_EDGE ( 'NONE', *, *, #900, .F. ) ;
#979 = FACE_OUTER_BOUND ( 'NONE', #2295, .T. ) ;
#980 = CARTESIAN_POINT ( 'NONE',  ( 2.061552812808830293, 18.64999999999999147, 5.438999999999999169 ) ) ;
#981 = VERTEX_POINT ( 'NONE', #4624 ) ;
#982 = CARTESIAN_POINT ( 'NONE',  ( -2.040073290564207831, 18.55190265095412272, 2.595422128626172054 ) ) ;
#983 = EDGE_CURVE ( 'NONE', #2086, #821, #4630, .T. ) ;
#984 = EDGE_CURVE ( 'NONE', #1209, #1569, #4876, .T. ) ;
#985 = PLANE ( 'NONE',  #2739 ) ;
#986 = DIRECTION ( 'NONE',  ( 0.000000000000000000, -1.000000000000000000, 0.000000000000000000 ) ) ;
#987 = CARTESIAN_POINT ( 'NONE',  ( 0.000000000000000000, -5.620762745781209269, -8.618258436585968241 ) ) ;
#988 = EDGE_CURVE ( 'NONE', #1804, #1890, #909, .T. ) ;
#989 = CARTESIAN_POINT ( 'NONE',  ( 2.057850353472996385, 6.778611934655788041, 2.353605336466520814 ) ) ;
#990 = CARTESIAN_POINT ( 'NONE',  ( 5.460999999999999410, 6.349999999999999645, -19.05000000000000426 ) ) ;
#991 = CARTESIAN_POINT ( 'NONE',  ( 5.460999999999999410, 19.04999999999999716, -6.350000000000001421 ) ) ;
#992 = VERTEX_POINT ( 'NONE', #4724 ) ;
#993 = EDGE_LOOP ( 'NONE', ( #3238, #2398, #4639, #3580 ) ) ;
#994 = CARTESIAN_POINT ( 'NONE',  ( 1.972483239316684678, 5.629368422413532080, 5.138999999999997570 ) ) ;
#995 = EDGE_CURVE ( 'NONE', #3188, #1943, #231, .T. ) ;
#996 = VERTEX_POINT ( 'NONE', #3601 ) ;
#997 = CARTESIAN_POINT ( 'NONE',  ( -2.040073290564207831, -2.595422128626172054, -5.851902650954129648 ) ) ;
#998 = VERTEX_POINT ( 'NONE', #11 ) ;
#999 = CARTESIAN_POINT ( 'NONE',  ( 0.000000000000000000, 6.349999999999997868, 5.439000000000000945 ) ) ;
#1000 = ORIENTED_EDGE ( 'NONE', *, *, #711, .T. ) ;
#1001 = ORIENTED_EDGE ( 'NONE', *, *, #1179, .T. ) ;
#1002 = DIRECTION ( 'NONE',  ( 0.000000000000000000, -1.000000000000000000, 0.000000000000000000 ) ) ;
#1003 = EDGE_CURVE ( 'NONE', #5022, #2164, #1230, .T. ) ;
#1004 = FACE_OUTER_BOUND ( 'NONE', #68, .T. ) ;
#1005 = AXIS2_PLACEMENT_3D ( 'NONE', #3525, #3596, #5 ) ;
#1006 = ORIENTED_EDGE ( 'NONE', *, *, #3948, .T. ) ;
#1007 = CARTESIAN_POINT ( 'NONE',  ( 0.000000000000000000, -5.389000000000001123, -7.904966049364603897 ) ) ;
#1008 = CARTESIAN_POINT ( 'NONE',  ( -2.061552812808830293, 18.64999999999999147, 5.439000000000000945 ) ) ;
#1009 = CARTESIAN_POINT ( 'NONE',  ( 0.000000000000000000, 0.000000000000000000, -9.525000000000002132 ) ) ;
#1010 = CARTESIAN_POINT ( 'NONE',  ( 1.972483239316684234, -5.138999999999997570, -5.629368422413535633 ) ) ;
#1011 = CARTESIAN_POINT ( 'NONE',  ( -2.129368206736822255, -5.466985055880805078, -5.950000000000001954 ) ) ;
#1012 = VERTEX_POINT ( 'NONE', #3231 ) ;
#1013 = EDGE_CURVE ( 'NONE', #3867, #4457, #466, .T. ) ;
#1014 = EDGE_CURVE ( 'NONE', #2553, #2557, #4144, .T. ) ;
#1015 = DIRECTION ( 'NONE',  ( 0.000000000000000000, 0.000000000000000000, 1.000000000000000000 ) ) ;
#1016 = CARTESIAN_POINT ( 'NONE',  ( 0.000000000000000000, 9.524999999999998579, 0.000000000000000000 ) ) ;
#1017 = CARTESIAN_POINT ( 'NONE',  ( -2.264950330581225746, 6.749999999999997335, 5.523072258617638397 ) ) ;
#1018 = CARTESIAN_POINT ( 'NONE',  ( 0.000000000000000000, -5.523072258617638397, -6.350000000000001421 ) ) ;
#1019 = ORIENTED_EDGE ( 'NONE', *, *, #254, .F. ) ;
#1020 = EDGE_CURVE ( 'NONE', #4359, #3411, #3499, .T. ) ;
#1021 = ORIENTED_EDGE ( 'NONE', *, *, #1253, .F. ) ;
#1022 = DIRECTION ( 'NONE',  ( 0.000000000000000000, 0.000000000000000000, -1.000000000000000000 ) ) ;
#1023 = ORIENTED_EDGE ( 'NONE', *, *, #2463, .F. ) ;
#1024 = DIRECTION ( 'NONE',  ( 0.000000000000000000, -0.000000000000000000, -1.000000000000000000 ) ) ;
#1025 = CIRCLE ( 'NONE', #1602, 1.554966049364602254 ) ;
#1026 = B_SPLINE_CURVE_WITH_KNOTS ( 'NONE', 3,
 ( #3384, #4986, #4519, #4146, #661, #1491, #1808, #1028, #3010, #2249 ),
 .UNSPECIFIED., .F., .F.,
 ( 4, 2, 2, 2, 4 ),
 ( 0.000000000000000000, 0.0003704147845104403423, 0.0007408295690208806846, 0.001111244353531320918, 0.001481659138041761369 ),
 .UNSPECIFIED. ) ;
#1027 = VERTEX_POINT ( 'NONE', #3185 ) ;
#1028 = CARTESIAN_POINT ( 'NONE',  ( 2.057911970479199493, -2.353224001008316080, -19.47828196788177380 ) ) ;
#1029 = ORIENTED_EDGE ( 'NONE', *, *, #537, .F. ) ;
#1030 = ADVANCED_FACE ( 'NONE', ( #810 ), #2804, .T. ) ;
#1031 = ORIENTED_EDGE ( 'NONE', *, *, #3492, .T. ) ;
#1032 = DIRECTION ( 'NONE',  ( 0.000000000000000000, -1.000000000000000000, 0.000000000000000000 ) ) ;
#1033 = AXIS2_PLACEMENT_3D ( 'NONE', #2166, #4753, #1258 ) ;
#1034 = ORIENTED_EDGE ( 'NONE', *, *, #4051, .T. ) ;
#1035 = CARTESIAN_POINT ( 'NONE',  ( 0.1999999999999996503, 24.00000000000000000, -2.000000000000000000 ) ) ;
#1036 = CARTESIAN_POINT ( 'NONE',  ( 1.663407726524676500, -6.139000000000001123, -5.950000000000002842 ) ) ;
#1037 = DIRECTION ( 'NONE',  ( 0.000000000000000000, 0.000000000000000000, -1.000000000000000000 ) ) ;
#1038 = CONICAL_SURFACE ( 'NONE', #1781, 2.100000000000000977, 1.172861257340199304 ) ;
#1039 = AXIS2_PLACEMENT_3D ( 'NONE', #1324, #3348, #1398 ) ;
#1040 = VECTOR ( 'NONE', #1739, 1000.000000000000000 ) ;
#1041 = DIRECTION ( 'NONE',  ( 0.000000000000000000, 0.000000000000000000, -1.000000000000000000 ) ) ;
#1042 = CARTESIAN_POINT ( 'NONE',  ( -3.175000000000000711, -5.138999999999997570, -19.77063157758646383 ) ) ;
#1043 = EDGE_LOOP ( 'NONE', ( #4166, #4263 ) ) ;
#1044 = DIRECTION ( 'NONE',  ( 0.000000000000000000, -0.000000000000000000, 1.000000000000000000 ) ) ;
#1045 = CARTESIAN_POINT ( 'NONE',  ( 2.061552812808830293, -5.439000000000000945, -18.64999999999999858 ) ) ;
#1046 = CARTESIAN_POINT ( 'NONE',  ( -2.042738830444500220, -2.470636393497687155, -18.56281998814761636 ) ) ;
#1047 = LINE ( 'NONE', #4872, #3433 ) ;
#1048 = ORIENTED_EDGE ( 'NONE', *, *, #2035, .F. ) ;
#1049 = AXIS2_PLACEMENT_3D ( 'NONE', #2578, #4143, #635 ) ;
#1050 = ORIENTED_EDGE ( 'NONE', *, *, #4729, .F. ) ;
#1051 = VERTEX_POINT ( 'NONE', #4357 ) ;
#1052 = DIRECTION ( 'NONE',  ( 1.000000000000000000, -0.000000000000000000, -0.000000000000000000 ) ) ;
#1053 = ADVANCED_FACE ( 'NONE', ( #2399 ), #4334, .T. ) ;
#1054 = AXIS2_PLACEMENT_3D ( 'NONE', #4946, #2621, #651 ) ;
#1055 = EDGE_CURVE ( 'NONE', #5022, #2167, #447, .T. ) ;
#1056 = ORIENTED_EDGE ( 'NONE', *, *, #4605, .T. ) ;
#1057 = CARTESIAN_POINT ( 'NONE',  ( -2.061552812808830293, -5.439000000000000945, -18.64999999999999858 ) ) ;
#1058 = VERTEX_POINT ( 'NONE', #2033 ) ;
#1059 = DIRECTION ( 'NONE',  ( 0.000000000000000000, -2.753529326947313420E-16, 1.000000000000000000 ) ) ;
#1060 = ORIENTED_EDGE ( 'NONE', *, *, #3275, .F. ) ;
#1061 = LINE ( 'NONE', #663, #610 ) ;
#1062 = EDGE_LOOP ( 'NONE', ( #4760, #2697, #827, #759 ) ) ;
#1063 = CARTESIAN_POINT ( 'NONE',  ( 0.1999999999999996503, 24.00000000000000000, -6.349999999999999645 ) ) ;
#1064 = AXIS2_PLACEMENT_3D ( 'NONE', #140, #1309, #500 ) ;
#1065 = CARTESIAN_POINT ( 'NONE',  ( 0.000000000000000000, 21.31825843658596042, 5.620762745781209269 ) ) ;
#1066 = LINE ( 'NONE', #2639, #4211 ) ;
#1067 = EDGE_CURVE ( 'NONE', #598, #486, #1279, .T. ) ;
#1068 = CYLINDRICAL_SURFACE ( 'NONE', #4183, 2.100000000000000977 ) ;
#1069 = DIRECTION ( 'NONE',  ( 0.000000000000000000, -1.000000000000000000, 0.000000000000000000 ) ) ;
#1070 = ORIENTED_EDGE ( 'NONE', *, *, #3675, .T. ) ;
#1071 = FACE_OUTER_BOUND ( 'NONE', #2372, .T. ) ;
#1072 = FACE_OUTER_BOUND ( 'NONE', #913, .T. ) ;
#1073 = ORIENTED_EDGE ( 'NONE', *, *, #1940, .F. ) ;
#1074 = ORIENTED_EDGE ( 'NONE', *, *, #667, .F. ) ;
#1075 = ORIENTED_EDGE ( 'NONE', *, *, #2661, .T. ) ;
#1076 = DIRECTION ( 'NONE',  ( 0.000000000000000000, -1.000000000000000000, 0.000000000000000000 ) ) ;
#1077 = ORIENTED_EDGE ( 'NONE', *, *, #796, .T. ) ;
#1078 = ORIENTED_EDGE ( 'NONE', *, *, #1178, .T. ) ;
#1079 = LINE ( 'NONE', #2983, #4523 ) ;
#1080 = ORIENTED_EDGE ( 'NONE', *, *, #868, .F. ) ;
#1081 = EDGE_CURVE ( 'NONE', #1316, #2007, #4459, .T. ) ;
#1082 = CARTESIAN_POINT ( 'NONE',  ( 0.000000000000000000, 19.04999999999999361, 0.8890000000000000124 ) ) ;
#1083 = ORIENTED_EDGE ( 'NONE', *, *, #2749, .T. ) ;
#1084 = DIRECTION ( 'NONE',  ( -0.000000000000000000, 0.000000000000000000, -1.000000000000000000 ) ) ;
#1085 = CARTESIAN_POINT ( 'NONE',  ( 6.200000000000000178, 25.00000000000000000, -2.000000000000000000 ) ) ;
#1086 = CARTESIAN_POINT ( 'NONE',  ( 3.175000000000000711, 18.55190265095412272, 2.595422128626172054 ) ) ;
#1087 = AXIS2_PLACEMENT_3D ( 'NONE', #3044, #359, #1840 ) ;
#1088 = PERSON_AND_ORGANIZATION_ROLE ( 'creator' ) ;
#1089 = DIRECTION ( 'NONE',  ( -1.000000000000000000, -0.000000000000000000, -0.000000000000000000 ) ) ;
#1090 = CARTESIAN_POINT ( 'NONE',  ( -2.264950330581225746, -5.523072258617638397, -6.750000000000000888 ) ) ;
#1091 = VERTEX_POINT ( 'NONE', #4008 ) ;
#1092 = EDGE_CURVE ( 'NONE', #171, #981, #497, .T. ) ;
#1093 = CARTESIAN_POINT ( 'NONE',  ( -6.200000000000000178, 1.999999999999999112, -19.04425540319414978 ) ) ;
#1094 = CARTESIAN_POINT ( 'NONE',  ( 0.000000000000000000, -5.439000000000000945, -6.350000000000001421 ) ) ;
#1095 = CARTESIAN_POINT ( 'NONE',  ( 2.174999999999999822, 2.000000000000000000, -25.00000000000000355 ) ) ;
#1096 = ORIENTED_EDGE ( 'NONE', *, *, #4635, .T. ) ;
#1097 = EDGE_CURVE ( 'NONE', #2833, #4147, #3258, .T. ) ;
#1098 = LINE ( 'NONE', #4573, #1690 ) ;
#1099 = ORIENTED_EDGE ( 'NONE', *, *, #2156, .F. ) ;
#1100 = CARTESIAN_POINT ( 'NONE',  ( 0.000000000000000000, 6.349999999999997868, 5.523072258617638397 ) ) ;
#1101 = ORIENTED_EDGE ( 'NONE', *, *, #1839, .F. ) ;
#1102 = DIRECTION ( 'NONE',  ( 1.000000000000000000, -0.000000000000000000, -0.000000000000000000 ) ) ;
#1103 = CIRCLE ( 'NONE', #4435, 3.175000000000000711 ) ;
#1104 = VECTOR ( 'NONE', #2612, 1000.000000000000000 ) ;
#1105 = VERTEX_POINT ( 'NONE', #4795 ) ;
#1106 = CIRCLE ( 'NONE', #4127, 3.175000000000000711 ) ;
#1107 = CARTESIAN_POINT ( 'NONE',  ( -2.021666578221207988, -3.457121909598164233, -19.62348631124368481 ) ) ;
#1108 = CIRCLE ( 'NONE', #1195, 3.174999999999998934 ) ;
#1109 = CARTESIAN_POINT ( 'NONE',  ( 0.1999999999999996503, 11.40000000000000213, -18.95000000000001350 ) ) ;
#1110 = DIRECTION ( 'NONE',  ( 0.000000000000000000, 1.000000000000000000, 0.000000000000000000 ) ) ;
#1111 = AXIS2_PLACEMENT_3D ( 'NONE', #310, #3060, #2834 ) ;
#1112 = CIRCLE ( 'NONE', #1355, 5.050000000000000711 ) ;
#1113 = PERSON_AND_ORGANIZATION ( #3151, #3013 ) ;
#1114 = EDGE_CURVE ( 'NONE', #4247, #2866, #1882, .T. ) ;
#1115 = CARTESIAN_POINT ( 'NONE',  ( -0.2442554031941461257, 0.000000000000000000, -25.00000000000000000 ) ) ;
#1117 = CARTESIAN_POINT ( 'NONE',  ( 0.8890000000000000124, 19.04999999999999716, -9.525000000000002132 ) ) ;
#1116 = AXIS2_PLACEMENT_3D ( 'NONE', #100, #2511, #4002 ) ;
#1118 = ORIENTED_EDGE ( 'NONE', *, *, #1948, .F. ) ;
#1119 = CARTESIAN_POINT ( 'NONE',  ( 1.999113491775013296, 18.40225965874923020, 4.305849356269922268 ) ) ;
#1120 = LOCAL_TIME ( 14, 4, 26.00000000000000000, #1137 ) ;
#1121 = CONICAL_SURFACE ( 'NONE', #1854, 2.100000000000000977, 1.172861257340199304 ) ;
#1122 = CARTESIAN_POINT ( 'NONE',  ( 2.040073290564207831, 5.851902650954126095, 2.595422128626172054 ) ) ;
#1123 = CARTESIAN_POINT ( 'NONE',  ( 0.1999999999999996503, 12.40000000000000568, -18.95000000000001350 ) ) ;
#1124 = EDGE_LOOP ( 'NONE', ( #1155, #2692, #3682, #4195, #2982, #3728, #630, #323, #2039, #4732 ) ) ;
#1125 = FACE_OUTER_BOUND ( 'NONE', #1698, .T. ) ;
#1126 = EDGE_CURVE ( 'NONE', #4597, #2279, #2397, .T. ) ;
#1127 = ORIENTED_EDGE ( 'NONE', *, *, #481, .F. ) ;
#1128 = CARTESIAN_POINT ( 'NONE',  ( 0.1999999999999996503, 18.95000000000000284, -6.349999999999999645 ) ) ;
#1129 = ORIENTED_EDGE ( 'NONE', *, *, #4828, .F. ) ;
#1130 = FACE_OUTER_BOUND ( 'NONE', #1411, .T. ) ;
#1131 = ORIENTED_EDGE ( 'NONE', *, *, #3264, .F. ) ;
#1132 = ORIENTED_EDGE ( 'NONE', *, *, #263, .T. ) ;
#1133 = CARTESIAN_POINT ( 'NONE',  ( 0.000000000000000000, 19.04999999999999361, 6.139000000000000234 ) ) ;
#1134 = EDGE_LOOP ( 'NONE', ( #1180, #3354 ) ) ;
#1135 = CARTESIAN_POINT ( 'NONE',  ( 0.8890000000000000124, 6.349999999999999645, -19.05000000000000426 ) ) ;
#1136 = DIRECTION ( 'NONE',  ( 0.000000000000000000, 1.000000000000000000, 0.000000000000000000 ) ) ;
#1137 = COORDINATED_UNIVERSAL_TIME_OFFSET ( 6, 0, .BEHIND. ) ;
#1138 = CIRCLE ( 'NONE', #1636, 2.299999999999999822 ) ;
#1139 = DIRECTION ( 'NONE',  ( -1.000000000000000000, -0.000000000000000000, -0.000000000000000000 ) ) ;
#1140 = CARTESIAN_POINT ( 'NONE',  ( 1.663407726524676722, 6.749999999999997335, 6.138999999999999346 ) ) ;
#1141 = LINE ( 'NONE', #3876, #1603 ) ;
#1142 = ORIENTED_EDGE ( 'NONE', *, *, #2921, .F. ) ;
#1143 = VECTOR ( 'NONE', #765, 1000.000000000000000 ) ;
#1144 = DIRECTION ( 'NONE',  ( 0.000000000000000000, 0.000000000000000000, 1.000000000000000000 ) ) ;
#1145 = EDGE_CURVE ( 'NONE', #2055, #271, #308, .T. ) ;
#1146 = EDGE_CURVE ( 'NONE', #2378, #2833, #958, .T. ) ;
#1147 = DIRECTION ( 'NONE',  ( 0.000000000000000000, 0.000000000000000000, -1.000000000000000000 ) ) ;
#1148 = DIRECTION ( 'NONE',  ( 0.000000000000000000, 1.000000000000000000, 0.000000000000000000 ) ) ;
#1149 = CARTESIAN_POINT ( 'NONE',  ( -6.199999999999999289, 19.04425540319414978, 0.000000000000000000 ) ) ;
#1150 = EDGE_LOOP ( 'NONE', ( #1925, #115, #3605, #4906 ) ) ;
#1151 = EDGE_CURVE ( 'NONE', #1051, #5005, #3828, .T. ) ;
#1152 = CARTESIAN_POINT ( 'NONE',  ( -1.502637486114517751, -6.139000000000000234, -18.64999999999999858 ) ) ;
#1153 = ORIENTED_EDGE ( 'NONE', *, *, #2688, .T. ) ;
#1154 = DIRECTION ( 'NONE',  ( 0.000000000000000000, -1.000000000000000000, 0.000000000000000000 ) ) ;
#1155 = ORIENTED_EDGE ( 'NONE', *, *, #3275, .T. ) ;
#1156 = DIRECTION ( 'NONE',  ( 0.000000000000000000, -1.000000000000000000, 0.000000000000000000 ) ) ;
#1157 = ORIENTED_EDGE ( 'NONE', *, *, #3368, .T. ) ;
#1158 = EDGE_CURVE ( 'NONE', #3191, #3423, #137, .T. ) ;
#1159 = PLANE ( 'NONE',  #3720 ) ;
#1160 = ORIENTED_EDGE ( 'NONE', *, *, #790, .F. ) ;
#1161 = DIRECTION ( 'NONE',  ( 0.000000000000000000, 1.000000000000000000, 0.000000000000000000 ) ) ;
#1162 = DIRECTION ( 'NONE',  ( 1.000000000000000000, -0.000000000000000000, -0.000000000000000000 ) ) ;
#1163 = CARTESIAN_POINT ( 'NONE',  ( 6.199999999999997513, 11.40000000000000036, -11.40000000000000036 ) ) ;
#1164 = ADVANCED_FACE ( 'NONE', ( #2951 ), #633, .T. ) ;
#1165 = APPROVAL_DATE_TIME ( #744, #1971 ) ;
#1166 = CARTESIAN_POINT ( 'NONE',  ( -2.083236664664702253, -5.905597390643910316, -19.45000000000000284 ) ) ;
#1167 = EDGE_LOOP ( 'NONE', ( #4599, #376, #2088, #2204, #3781 ) ) ;
#1168 = LINE ( 'NONE', #1658, #1745 ) ;
#1169 = AXIS2_PLACEMENT_3D ( 'NONE', #3928, #3946, #2412 ) ;
#1170 = DIRECTION ( 'NONE',  ( 0.000000000000000000, 1.000000000000000000, 0.000000000000000000 ) ) ;
#1171 = CARTESIAN_POINT ( 'NONE',  ( 1.972483239316685122, 18.32936842241352693, 5.138999999999997570 ) ) ;
#1172 = CARTESIAN_POINT ( 'NONE',  ( -2.087434397081523674, 6.597072378333070475, 2.187282604411543652 ) ) ;
#1173 = LINE ( 'NONE', #4282, #4448 ) ;
#1174 = ADVANCED_FACE ( 'NONE', ( #4055, #2925 ), #4871, .T. ) ;
#1175 = ORIENTED_EDGE ( 'NONE', *, *, #1747, .T. ) ;
#1176 = CARTESIAN_POINT ( 'NONE',  ( -2.232710535457612888, -5.620762745781209269, -18.64999999999999858 ) ) ;
#1177 = CARTESIAN_POINT ( 'NONE',  ( 5.460999999999999410, 19.04999999999999716, -6.350000000000001421 ) ) ;
#1178 = EDGE_CURVE ( 'NONE', #1012, #2041, #1823, .T. ) ;
#1179 = EDGE_CURVE ( 'NONE', #655, #2553, #966, .T. ) ;
#1180 = ORIENTED_EDGE ( 'NONE', *, *, #8, .T. ) ;
#1181 = CARTESIAN_POINT ( 'NONE',  ( 0.000000000000000000, 0.000000000000000000, -6.350000000000001421 ) ) ;
#1182 = VERTEX_POINT ( 'NONE', #1017 ) ;
#1183 = CARTESIAN_POINT ( 'NONE',  ( -2.232710535457612888, -5.620762745781209269, -19.44999999999999929 ) ) ;
#1184 = EDGE_LOOP ( 'NONE', ( #1192, #957, #576, #3296 ) ) ;
#1185 = PLANE ( 'NONE',  #196 ) ;
#1186 = EDGE_CURVE ( 'NONE', #1738, #3461, #549, .T. ) ;
#1187 = CARTESIAN_POINT ( 'NONE',  ( -6.200000000000000178, 16.07166501894835164, -1.999999999999998668 ) ) ;
#1188 = CIRCLE ( 'NONE', #4773, 3.174999999999998934 ) ;
#1189 = APPROVAL_DATE_TIME ( #4251, #3763 ) ;
#1190 = CARTESIAN_POINT ( 'NONE',  ( -2.061552812808830293, -5.439000000000000945, -5.950000000000001954 ) ) ;
#1191 = EDGE_CURVE ( 'NONE', #3952, #3540, #3504, .T. ) ;
#1192 = ORIENTED_EDGE ( 'NONE', *, *, #3496, .F. ) ;
#1193 = CARTESIAN_POINT ( 'NONE',  ( 6.199999999999997513, 12.40000000000000391, -12.40000000000000213 ) ) ;
#1194 = CIRCLE ( 'NONE', #4441, 2.100000000000000977 ) ;
#1195 = AXIS2_PLACEMENT_3D ( 'NONE', #2438, #99, #2870 ) ;
#1196 = DIRECTION ( 'NONE',  ( -0.000000000000000000, 1.000000000000000000, 0.000000000000000000 ) ) ;
#1197 = CARTESIAN_POINT ( 'NONE',  ( 0.000000000000000000, 0.000000000000000000, 0.000000000000000000 ) ) ;
#1198 = CIRCLE ( 'NONE', #1444, 2.100000000000000977 ) ;
#1199 = CARTESIAN_POINT ( 'NONE',  ( -2.040073290564206943, 6.848097349045871418, 2.595422128626172054 ) ) ;
#1200 = CARTESIAN_POINT ( 'NONE',  ( 0.000000000000000000, -6.139000000000000234, -7.904966049364603897 ) ) ;
#1201 = ORIENTED_EDGE ( 'NONE', *, *, #414, .T. ) ;
#1202 = B_SPLINE_CURVE_WITH_KNOTS ( 'NONE', 3,
 ( #1268, #3671, #3949, #903, #824, #1297, #2100, #1637, #2843, #4787 ),
 .UNSPECIFIED., .F., .F.,
 ( 4, 2, 2, 2, 4 ),
 ( 0.000000000000000000, 0.0003704147845104403423, 0.0007408295690208806846, 0.001111244353531320918, 0.001481659138041761369 ),
 .UNSPECIFIED. ) ;
#1203 = AXIS2_PLACEMENT_3D ( 'NONE', #4534, #293, #1821 ) ;
#1204 = CARTESIAN_POINT ( 'NONE',  ( 1.972483239316685122, 19.77063157758646028, 5.138999999999997570 ) ) ;
#1205 = CIRCLE ( 'NONE', #281, 3.175000000000000711 ) ;
#1206 = FACE_BOUND ( 'NONE', #3757, .T. ) ;
#1207 = CARTESIAN_POINT ( 'NONE',  ( 4.174999999999999822, 6.349999999999999645, -21.15000000000000568 ) ) ;
#1208 = CIRCLE ( 'NONE', #2849, 5.049999999999995381 ) ;
#1209 = VERTEX_POINT ( 'NONE', #626 ) ;
#1210 = CARTESIAN_POINT ( 'NONE',  ( -2.061552812808832069, 19.44999999999999574, 5.139000000000001123 ) ) ;
#1211 = EDGE_LOOP ( 'NONE', ( #1080, #1415, #4676, #1257, #327, #1669 ) ) ;
#1212 = DIRECTION ( 'NONE',  ( 0.000000000000000000, 0.000000000000000000, -1.000000000000000000 ) ) ;
#1213 = EDGE_CURVE ( 'NONE', #1791, #2623, #4065, .T. ) ;
#1214 = ORIENTED_EDGE ( 'NONE', *, *, #3893, .F. ) ;
#1215 = CARTESIAN_POINT ( 'NONE',  ( 2.057911970479199493, 18.62171803211822407, 2.353224001008315192 ) ) ;
#1216 = DIRECTION ( 'NONE',  ( -0.000000000000000000, 1.000000000000000000, -0.000000000000000000 ) ) ;
#1217 = VECTOR ( 'NONE', #3576, 1000.000000000000000 ) ;
#1218 = DIRECTION ( 'NONE',  ( 0.000000000000000000, -1.000000000000000000, 0.000000000000000000 ) ) ;
#1219 = ORIENTED_EDGE ( 'NONE', *, *, #4232, .T. ) ;
#1220 = CARTESIAN_POINT ( 'NONE',  ( 1.502637486114517751, -6.139000000000000234, -19.44999999999999929 ) ) ;
#1221 = AXIS2_PLACEMENT_3D ( 'NONE', #2146, #508, #2556 ) ;
#1222 = DIRECTION ( 'NONE',  ( -0.7071067811865477948, 0.000000000000000000, -0.7071067811865473507 ) ) ;
#1223 = AXIS2_PLACEMENT_3D ( 'NONE', #3577, #3259, #2497 ) ;
#1224 = EDGE_CURVE ( 'NONE', #4885, #387, #3912, .T. ) ;
#1225 = DIRECTION ( 'NONE',  ( 0.000000000000000000, 0.000000000000000000, -1.000000000000000000 ) ) ;
#1226 = DIRECTION ( 'NONE',  ( -1.000000000000000000, -0.000000000000000000, -0.000000000000000000 ) ) ;
#1227 = CARTESIAN_POINT ( 'NONE',  ( -2.021666578221208432, 5.776513688756309328, 3.457121909598165121 ) ) ;
#1228 = EDGE_LOOP ( 'NONE', ( #4867, #476 ) ) ;
#1229 = CARTESIAN_POINT ( 'NONE',  ( 0.8890000000000000124, 6.349999999999999645, -6.350000000000003197 ) ) ;
#1230 = LINE ( 'NONE', #4410, #4960 ) ;
#1231 = VERTEX_POINT ( 'NONE', #4453 ) ;
#1232 = CARTESIAN_POINT ( 'NONE',  ( -2.061552812808830293, -5.439000000000000945, -18.64999999999999858 ) ) ;
#1233 = ORIENTED_EDGE ( 'NONE', *, *, #95, .T. ) ;
#1234 = VERTEX_POINT ( 'NONE', #3679 ) ;
#1235 = CARTESIAN_POINT ( 'NONE',  ( -1.502637486114517751, -6.139000000000000234, -5.950000000000001954 ) ) ;
#1236 = VERTEX_POINT ( 'NONE', #4540 ) ;
#1237 = CARTESIAN_POINT ( 'NONE',  ( 2.087434397081524118, 18.80292762166691745, 2.187282604411543652 ) ) ;
#1238 = CARTESIAN_POINT ( 'NONE',  ( 0.8890000000000000124, 6.349999999999999645, -16.95000000000000284 ) ) ;
#1239 = EDGE_CURVE ( 'NONE', #1285, #4861, #341, .T. ) ;
#1240 = CARTESIAN_POINT ( 'NONE',  ( 2.174999999999999822, 12.40000000000000568, -11.40000000000000036 ) ) ;
#1241 = ORIENTED_EDGE ( 'NONE', *, *, #984, .F. ) ;
#1242 = CARTESIAN_POINT ( 'NONE',  ( 2.232710535457612888, -5.620762745781209269, -19.44999999999999929 ) ) ;
#1243 = EDGE_CURVE ( 'NONE', #2029, #4940, #1337, .T. ) ;
#1244 = CARTESIAN_POINT ( 'NONE',  ( -2.254205848354697395, -5.555636450100673862, -19.44999999999999929 ) ) ;
#1245 = DIRECTION ( 'NONE',  ( -0.000000000000000000, 1.000000000000000000, 0.000000000000000000 ) ) ;
#1246 = CARTESIAN_POINT ( 'NONE',  ( -1.821676962433382618, -6.089970303311149635, -6.750000000000000888 ) ) ;
#1247 = DIRECTION ( 'NONE',  ( 0.000000000000000000, -1.000000000000000000, -8.115498896123167176E-15 ) ) ;
#1248 = EDGE_CURVE ( 'NONE', #3765, #3540, #2299, .T. ) ;
#1249 = ORIENTED_EDGE ( 'NONE', *, *, #1055, .T. ) ;
#1250 = CARTESIAN_POINT ( 'NONE',  ( -1.502637486114517751, 5.949999999999998401, 6.139000000000000234 ) ) ;
#1251 = CARTESIAN_POINT ( 'NONE',  ( 0.000000000000000000, 0.000000000000000000, -6.350000000000001421 ) ) ;
#1252 = DIRECTION ( 'NONE',  ( 0.000000000000000000, 1.000000000000000000, 0.000000000000000000 ) ) ;
#1253 = EDGE_CURVE ( 'NONE', #1285, #4505, #4213, .T. ) ;
#1254 = VERTEX_POINT ( 'NONE', #2320 ) ;
#1255 = DIRECTION ( 'NONE',  ( 0.000000000000000000, 1.000000000000000000, 0.000000000000000000 ) ) ;
#1256 = VERTEX_POINT ( 'NONE', #1122 ) ;
#1257 = ORIENTED_EDGE ( 'NONE', *, *, #3953, .F. ) ;
#1258 = DIRECTION ( 'NONE',  ( 0.000000000000000000, 0.000000000000000000, 1.000000000000000000 ) ) ;
#1259 = VERTEX_POINT ( 'NONE', #3071 ) ;
#1260 = CARTESIAN_POINT ( 'NONE',  ( -0.2442554031941478465, 25.00000000000000000, -25.00100000000000833 ) ) ;
#1261 = CARTESIAN_POINT ( 'NONE',  ( 3.175000000000000711, 18.32936842241352693, 5.138999999999997570 ) ) ;
#1262 = ORIENTED_EDGE ( 'NONE', *, *, #1679, .T. ) ;
#1263 = CARTESIAN_POINT ( 'NONE',  ( 2.174999999999999822, 6.349999999999999645, -6.350000000000003197 ) ) ;
#1264 = ORIENTED_EDGE ( 'NONE', *, *, #1158, .F. ) ;
#1265 = CARTESIAN_POINT ( 'NONE',  ( 6.200000000000000178, 2.000000000000000000, -25.00000000000000355 ) ) ;
#1266 = AXIS2_PLACEMENT_3D ( 'NONE', #2336, #5018, #4680 ) ;
#1267 = FACE_OUTER_BOUND ( 'NONE', #4421, .T. ) ;
#1268 = CARTESIAN_POINT ( 'NONE',  ( 2.040073290564207831, -2.595422128626172054, -5.851902650954129648 ) ) ;
#1269 = EDGE_CURVE ( 'NONE', #4546, #4229, #3049, .T. ) ;
#1270 = EDGE_CURVE ( 'NONE', #3191, #4260, #1878, .T. ) ;
#1271 = AXIS2_PLACEMENT_3D ( 'NONE', #4962, #1863, #4151 ) ;
#1272 = CARTESIAN_POINT ( 'NONE',  ( 3.174999999999999822, 6.848097349045871418, 2.595422128626172054 ) ) ;
#1274 = CARTESIAN_POINT ( 'NONE',  ( 0.000000000000000000, 19.04999999999999361, 0.000000000000000000 ) ) ;
#1273 = CIRCLE ( 'NONE', #4129, 3.374999999999999556 ) ;
#1275 = VERTEX_POINT ( 'NONE', #4161 ) ;
#1276 = CARTESIAN_POINT ( 'NONE',  ( -6.200000000000000178, 9.328334981051646935, -1.999999999999998668 ) ) ;
#1277 = CIRCLE ( 'NONE', #777, 3.175000000000000711 ) ;
#1278 = ORIENTED_EDGE ( 'NONE', *, *, #2945, .F. ) ;
#1279 = LINE ( 'NONE', #832, #1217 ) ;
#1280 = CYLINDRICAL_SURFACE ( 'NONE', #1891, 3.175000000000001155 ) ;
#1281 = AXIS2_PLACEMENT_3D ( 'NONE', #150, #2509, #4807 ) ;
#1282 = VERTEX_POINT ( 'NONE', #708 ) ;
#1283 = DIRECTION ( 'NONE',  ( 0.000000000000000000, 0.000000000000000000, -1.000000000000000000 ) ) ;
#1284 = AXIS2_PLACEMENT_3D ( 'NONE', #262, #1015, #3696 ) ;
#1285 = VERTEX_POINT ( 'NONE', #1508 ) ;
#1286 = VECTOR ( 'NONE', #4971, 1000.000000000000000 ) ;
#1287 = EDGE_LOOP ( 'NONE', ( #3603, #1495, #3036, #788 ) ) ;
#1288 = CARTESIAN_POINT ( 'NONE',  ( 6.200000000000000178, 0.000000000000000000, -25.00000000000000000 ) ) ;
#1289 = ADVANCED_FACE ( 'NONE', ( #1072 ), #5001, .F. ) ;
#1290 = AXIS2_PLACEMENT_3D ( 'NONE', #2125, #4399, #2537 ) ;
#1291 = EDGE_LOOP ( 'NONE', ( #2883, #4303, #3991, #179 ) ) ;
#1292 = CARTESIAN_POINT ( 'NONE',  ( 2.174999999999999822, 6.349999999999999645, -19.05000000000000426 ) ) ;
#1293 = LINE ( 'NONE', #2019, #1518 ) ;
#1294 = AXIS2_PLACEMENT_3D ( 'NONE', #3916, #3888, #784 ) ;
#1295 = CARTESIAN_POINT ( 'NONE',  ( 0.1999999999999996503, 2.000000000000000000, -25.00000000000000355 ) ) ;
#1296 = CARTESIAN_POINT ( 'NONE',  ( 2.264950330581225746, 19.44999999999999574, 5.523072258617638397 ) ) ;
#1297 = CARTESIAN_POINT ( 'NONE',  ( 2.100009524403047223, -2.138959997505216926, -6.473344920336803199 ) ) ;
#1298 = VECTOR ( 'NONE', #3326, 1000.000000000000114 ) ;
#1299 = DIRECTION ( 'NONE',  ( 0.000000000000000000, 0.000000000000000000, -1.000000000000000000 ) ) ;
#1300 = DIRECTION ( 'NONE',  ( -0.000000000000000000, -1.000000000000000000, 0.000000000000000000 ) ) ;
#1301 = VERTEX_POINT ( 'NONE', #1482 ) ;
#1302 = EDGE_CURVE ( 'NONE', #4802, #2161, #104, .T. ) ;
#1303 = CARTESIAN_POINT ( 'NONE',  ( 1.999113491775012852, -4.305849356269930261, -5.702259658749236237 ) ) ;
#1304 = VECTOR ( 'NONE', #3108, 1000.000000000000000 ) ;
#1305 = DIRECTION ( 'NONE',  ( -1.000000000000000000, 0.000000000000000000, 0.000000000000000000 ) ) ;
#1306 = CARTESIAN_POINT ( 'NONE',  ( -6.349999999999999645, 12.69999999999999929, 0.000000000000000000 ) ) ;
#1307 = LINE ( 'NONE', #498, #1641 ) ;
#1308 = ORIENTED_EDGE ( 'NONE', *, *, #453, .T. ) ;
#1309 = DIRECTION ( 'NONE',  ( -0.000000000000000000, 1.000000000000000000, 0.000000000000000000 ) ) ;
#1310 = ORIENTED_EDGE ( 'NONE', *, *, #1839, .T. ) ;
#1311 = EDGE_CURVE ( 'NONE', #3606, #1231, #3836, .T. ) ;
#1312 = EDGE_LOOP ( 'NONE', ( #2734, #64, #3003, #4650 ) ) ;
#1313 = VERTEX_POINT ( 'NONE', #1904 ) ;
#1314 = CARTESIAN_POINT ( 'NONE',  ( -2.061552812808830293, -5.139000000000001123, -5.950000000000001954 ) ) ;
#1315 = DIRECTION ( 'NONE',  ( -0.000000000000000000, -1.000000000000000000, -0.000000000000000000 ) ) ;
#1316 = VERTEX_POINT ( 'NONE', #4617 ) ;
#1317 = EDGE_CURVE ( 'NONE', #301, #2960, #2538, .T. ) ;
#1318 = ORIENTED_EDGE ( 'NONE', *, *, #1114, .T. ) ;
#1319 = CARTESIAN_POINT ( 'NONE',  ( 1.502637486114518195, 5.949999999999998401, 6.139000000000000234 ) ) ;
#1320 = ADVANCED_FACE ( 'NONE', ( #2695 ), #2646, .F. ) ;
#1321 = ORIENTED_EDGE ( 'NONE', *, *, #2801, .F. ) ;
#1322 = FACE_OUTER_BOUND ( 'NONE', #2753, .T. ) ;
#1323 = CARTESIAN_POINT ( 'NONE',  ( -1.502637486114517751, -6.139000000000000234, -6.750000000000002665 ) ) ;
#1324 = CARTESIAN_POINT ( 'NONE',  ( 0.000000000000000000, -5.438999999999999169, -6.350000000000001421 ) ) ;
#1325 = ORIENTED_EDGE ( 'NONE', *, *, #4141, .F. ) ;
#1326 = DIRECTION ( 'NONE',  ( 0.000000000000000000, -0.000000000000000000, -1.000000000000000000 ) ) ;
#1327 = ADVANCED_FACE ( 'NONE', ( #2719 ), #4258, .T. ) ;
#1328 = ADVANCED_FACE ( 'NONE', ( #5055 ), #1567, .F. ) ;
#1329 = PLANE ( 'NONE',  #434 ) ;
#1330 = CARTESIAN_POINT ( 'NONE',  ( 0.1999999999999996503, 11.40000000000000036, -11.40000000000000036 ) ) ;
#1331 = ORIENTED_EDGE ( 'NONE', *, *, #481, .T. ) ;
#1332 = ORIENTED_EDGE ( 'NONE', *, *, #4736, .F. ) ;
#1333 = ORIENTED_EDGE ( 'NONE', *, *, #2269, .T. ) ;
#1334 = AXIS2_PLACEMENT_3D ( 'NONE', #3773, #646, #2616 ) ;
#1335 = EDGE_CURVE ( 'NONE', #3029, #898, #843, .T. ) ;
#1336 = EDGE_CURVE ( 'NONE', #2140, #3998, #1686, .T. ) ;
#1337 =( BOUNDED_CURVE ( )  B_SPLINE_CURVE ( 3, ( #3807, #2343, #1929, #753 ),
 .UNSPECIFIED., .F., .T. ) 
 B_SPLINE_CURVE_WITH_KNOTS ( ( 4, 4 ),
 ( 1.810267798689539687, 1.921073213463467599 ),
 .UNSPECIFIED. ) 
 CURVE ( )  GEOMETRIC_REPRESENTATION_ITEM ( )  RATIONAL_B_SPLINE_CURVE ( ( 1.000000000000000000, 0.9989771083553060649, 0.9989771083553060649, 1.000000000000000000 ) ) 
 REPRESENTATION_ITEM ( '' )  );
#1338 = DIRECTION ( 'NONE',  ( -1.000000000000000000, 0.000000000000000000, 0.000000000000000000 ) ) ;
#1339 = CARTESIAN_POINT ( 'NONE',  ( 0.1999999999999996503, 6.350000000000005862, -18.95000000000001350 ) ) ;
#1340 = ORIENTED_EDGE ( 'NONE', *, *, #511, .F. ) ;
#1341 = DIRECTION ( 'NONE',  ( -0.000000000000000000, 1.000000000000000000, 0.000000000000000000 ) ) ;
#1342 = EDGE_LOOP ( 'NONE', ( #4897, #4193, #4460, #3011 ) ) ;
#1343 = CARTESIAN_POINT ( 'NONE',  ( -1.663407726524676278, 18.64999999999999147, 6.139000000000001123 ) ) ;
#1344 = EDGE_CURVE ( 'NONE', #1835, #898, #853, .T. ) ;
#1345 = CARTESIAN_POINT ( 'NONE',  ( -2.232710535457612888, -5.620762745781209269, -5.950000000000001954 ) ) ;
#1346 = CARTESIAN_POINT ( 'NONE',  ( 0.000000000000000000, -5.438999999999999169, -6.350000000000001421 ) ) ;
#1347 = AXIS2_PLACEMENT_3D ( 'NONE', #5048, #2620, #1604 ) ;
#1348 = LINE ( 'NONE', #3650, #4446 ) ;
#1349 = CIRCLE ( 'NONE', #3315, 2.100000000000000977 ) ;
#1350 = AXIS2_PLACEMENT_3D ( 'NONE', #3947, #4001, #848 ) ;
#1351 = CARTESIAN_POINT ( 'NONE',  ( 0.000000000000000000, 7.904966049364600345, 5.388999999999999346 ) ) ;
#1352 = DIRECTION ( 'NONE',  ( 0.000000000000000000, -0.000000000000000000, -1.000000000000000000 ) ) ;
#1353 = ORIENTED_EDGE ( 'NONE', *, *, #1747, .F. ) ;
#1354 = ORIENTED_EDGE ( 'NONE', *, *, #1718, .T. ) ;
#1355 = AXIS2_PLACEMENT_3D ( 'NONE', #4060, #504, #2502 ) ;
#1356 = ORIENTED_EDGE ( 'NONE', *, *, #1403, .T. ) ;
#1357 = CARTESIAN_POINT ( 'NONE',  ( -2.057911970479199493, -2.353224001008316524, -5.921718032118231001 ) ) ;
#1358 = CIRCLE ( 'NONE', #1203, 2.268258436585967264 ) ;
#1359 = EDGE_LOOP ( 'NONE', ( #3377, #875, #261, #1782 ) ) ;
#1360 = CARTESIAN_POINT ( 'NONE',  ( -6.200000000000000178, 0.000000000000000000, -19.04425540319414978 ) ) ;
#1361 = ORIENTED_EDGE ( 'NONE', *, *, #4270, .F. ) ;
#1362 = EDGE_CURVE ( 'NONE', #1256, #3029, #2052, .T. ) ;
#1363 = CIRCLE ( 'NONE', #4708, 6.049999999999996270 ) ;
#1364 = CONICAL_SURFACE ( 'NONE', #4133, 2.299999999999999822, 0.3141592653589760364 ) ;
#1365 = CARTESIAN_POINT ( 'NONE',  ( 6.199999999999997513, 24.00000000000000000, -6.349999999999999645 ) ) ;
#1366 = AXIS2_PLACEMENT_3D ( 'NONE', #1042, #1900, #725 ) ;
#1367 = EDGE_LOOP ( 'NONE', ( #845, #4292, #2138, #4191, #867, #2809, #1099, #218, #837, #581 ) ) ;
#1368 = PLANE ( 'NONE',  #3554 ) ;
#1369 = VECTOR ( 'NONE', #2561, 1000.000000000000000 ) ;
#1371 = LINE ( 'NONE', #980, #1369 ) ;
#1370 = CIRCLE ( 'NONE', #4451, 6.049999999999996270 ) ;
#1372 = DIRECTION ( 'NONE',  ( 0.000000000000000000, 0.000000000000000000, 1.000000000000000000 ) ) ;
#1373 = DIRECTION ( 'NONE',  ( -0.000000000000000000, 1.000000000000000000, 0.000000000000000000 ) ) ;
#1374 = VERTEX_POINT ( 'NONE', #3225 ) ;
#1375 = AXIS2_PLACEMENT_3D ( 'NONE', #2904, #3382, #4461 ) ;
#1376 = LINE ( 'NONE', #2949, #3084 ) ;
#1377 = CARTESIAN_POINT ( 'NONE',  ( 0.000000000000000000, 6.349999999999997868, 5.620762745781207492 ) ) ;
#1378 = DIRECTION ( 'NONE',  ( 1.000000000000000000, 0.000000000000000000, 0.000000000000000000 ) ) ;
#1379 = ORIENTED_EDGE ( 'NONE', *, *, #5024, .T. ) ;
#1380 = ORIENTED_EDGE ( 'NONE', *, *, #4425, .T. ) ;
#1381 = DIRECTION ( 'NONE',  ( 0.000000000000000000, -1.000000000000000000, 0.000000000000000000 ) ) ;
#1382 = ORIENTED_EDGE ( 'NONE', *, *, #2105, .F. ) ;
#1383 = DIRECTION ( 'NONE',  ( 0.000000000000000000, 0.000000000000000000, 1.000000000000000000 ) ) ;
#1384 = EDGE_LOOP ( 'NONE', ( #3448, #4553, #2492, #1379 ) ) ;
#1385 = FACE_OUTER_BOUND ( 'NONE', #886, .T. ) ;
#1387 = ORIENTED_EDGE ( 'NONE', *, *, #1655, .F. ) ;
#1386 = CIRCLE ( 'NONE', #2054, 0.7500000000000006661 ) ;
#1388 = CARTESIAN_POINT ( 'NONE',  ( -7.000000000000000000, 25.00100000000000122, -18.24425540319414907 ) ) ;
#1389 = DIRECTION ( 'NONE',  ( 0.000000000000000000, 8.260587980841934638E-15, -1.000000000000000000 ) ) ;
#1390 = ORIENTED_EDGE ( 'NONE', *, *, #1875, .T. ) ;
#1391 = EDGE_CURVE ( 'NONE', #3361, #1091, #1665, .T. ) ;
#1392 = LINE ( 'NONE', #3416, #4123 ) ;
#1393 = DIRECTION ( 'NONE',  ( 0.000000000000000000, 1.000000000000000000, 8.260587980841934638E-15 ) ) ;
#1394 = DIRECTION ( 'NONE',  ( 0.000000000000000000, 0.000000000000000000, 1.000000000000000000 ) ) ;
#1395 = LINE ( 'NONE', #4863, #1040 ) ;
#1396 = EDGE_CURVE ( 'NONE', #4372, #4579, #778, .T. ) ;
#1397 = CARTESIAN_POINT ( 'NONE',  ( 6.200000000000000178, 18.95000000000000284, -6.349999999999999645 ) ) ;
#1398 = DIRECTION ( 'NONE',  ( 0.000000000000000000, 0.000000000000000000, -1.000000000000000000 ) ) ;
#1399 = VERTEX_POINT ( 'NONE', #2798 ) ;
#1400 = AXIS2_PLACEMENT_3D ( 'NONE', #2426, #3080, #4626 ) ;
#1401 = DIRECTION ( 'NONE',  ( 1.000000000000000000, 0.000000000000000000, 0.000000000000000000 ) ) ;
#1402 = B_SPLINE_CURVE_WITH_KNOTS ( 'NONE', 3,
 ( #3786, #2531, #164, #3334 ),
 .UNSPECIFIED., .F., .F.,
 ( 4, 4 ),
 ( 0.003655977453372194312, 0.003758849537120530649 ),
 .UNSPECIFIED. ) ;
#1403 = EDGE_CURVE ( 'NONE', #4546, #1469, #2575, .T. ) ;
#1404 = FACE_OUTER_BOUND ( 'NONE', #3869, .T. ) ;
#1405 = DIRECTION ( 'NONE',  ( 1.000000000000000000, 0.000000000000000000, 0.000000000000000000 ) ) ;
#1406 = DIRECTION ( 'NONE',  ( -1.000000000000000000, -0.000000000000000000, -0.000000000000000000 ) ) ;
#1407 = ORIENTED_EDGE ( 'NONE', *, *, #678, .T. ) ;
#1408 = ORIENTED_EDGE ( 'NONE', *, *, #2626, .T. ) ;
#1409 = FACE_OUTER_BOUND ( 'NONE', #4671, .T. ) ;
#1410 = EDGE_CURVE ( 'NONE', #5058, #835, #1417, .T. ) ;
#1411 = EDGE_LOOP ( 'NONE', ( #814, #518, #4705, #949 ) ) ;
#1412 = VERTEX_POINT ( 'NONE', #1611 ) ;
#1413 = CARTESIAN_POINT ( 'NONE',  ( 4.174999999999999822, 6.349999999999999645, -8.450000000000002842 ) ) ;
#1414 = ORIENTED_EDGE ( 'NONE', *, *, #1493, .T. ) ;
#1415 = ORIENTED_EDGE ( 'NONE', *, *, #1013, .T. ) ;
#1416 = CARTESIAN_POINT ( 'NONE',  ( 1.999113491775012852, -4.305849356269930261, -18.40225965874923375 ) ) ;
#1417 = CIRCLE ( 'NONE', #170, 3.175000000000000711 ) ;
#1418 = ORIENTED_EDGE ( 'NONE', *, *, #4469, .F. ) ;
#1419 = LINE ( 'NONE', #563, #1104 ) ;
#1420 = CARTESIAN_POINT ( 'NONE',  ( 1.999113491775012408, 6.997740341250762164, 4.305849356269922268 ) ) ;
#1421 = DIRECTION ( 'NONE',  ( 0.000000000000000000, 0.000000000000000000, 1.000000000000000000 ) ) ;
#1422 = DIRECTION ( 'NONE',  ( 0.000000000000000000, 1.000000000000000000, 0.000000000000000000 ) ) ;
#1423 = DIRECTION ( 'NONE',  ( 0.000000000000000000, 0.000000000000000000, 1.000000000000000000 ) ) ;
#1424 = CARTESIAN_POINT ( 'NONE',  ( -2.243459280444428661, -5.588199955838118349, -18.64999999999999858 ) ) ;
#1425 = EDGE_CURVE ( 'NONE', #4849, #4187, #1500, .T. ) ;
#1426 = CARTESIAN_POINT ( 'NONE',  ( 6.199999999999997513, 18.95000000000000284, -12.40000000000000036 ) ) ;
#1427 = FACE_OUTER_BOUND ( 'NONE', #2887, .T. ) ;
#1428 = DIRECTION ( 'NONE',  ( 0.000000000000000000, 0.000000000000000000, 1.000000000000000000 ) ) ;
#1429 = DIRECTION ( 'NONE',  ( 0.000000000000000000, -0.08715574274765176821, 0.9961946980917461003 ) ) ;
#1430 = AXIS2_PLACEMENT_3D ( 'NONE', #3410, #3846, #1514 ) ;
#1431 = ORIENTED_EDGE ( 'NONE', *, *, #1336, .F. ) ;
#1432 = ORIENTED_EDGE ( 'NONE', *, *, #3355, .T. ) ;
#1433 = VERTEX_POINT ( 'NONE', #391 ) ;
#1434 = AXIS2_PLACEMENT_3D ( 'NONE', #4302, #1218, #819 ) ;
#1435 = CYLINDRICAL_SURFACE ( 'NONE', #2022, 3.175000000000000711 ) ;
#1436 = ORIENTED_EDGE ( 'NONE', *, *, #4610, .F. ) ;
#1437 = FACE_OUTER_BOUND ( 'NONE', #3409, .T. ) ;
#1438 = VECTOR ( 'NONE', #4907, 1000.000000000000000 ) ;
#1439 = ORIENTED_EDGE ( 'NONE', *, *, #3636, .T. ) ;
#1440 = FACE_OUTER_BOUND ( 'NONE', #3211, .T. ) ;
#1441 = AXIS2_PLACEMENT_3D ( 'NONE', #803, #412, #3929 ) ;
#1442 = ORIENTED_EDGE ( 'NONE', *, *, #2278, .F. ) ;
#1443 = LINE ( 'NONE', #3363, #606 ) ;
#1444 = AXIS2_PLACEMENT_3D ( 'NONE', #3868, #3111, #5066 ) ;
#1445 = ORIENTED_EDGE ( 'NONE', *, *, #4759, .F. ) ;
#1446 = LINE ( 'NONE', #1760, #1438 ) ;
#1447 = CARTESIAN_POINT ( 'NONE',  ( 0.000000000000000000, -5.523072258617638397, -4.050000000000001599 ) ) ;
#1448 = CARTESIAN_POINT ( 'NONE',  ( 2.264950330581225302, -5.523072258617638397, -5.950000000000001954 ) ) ;
#1449 = CIRCLE ( 'NONE', #3561, 2.100000000000000977 ) ;
#1450 = AXIS2_PLACEMENT_3D ( 'NONE', #3289, #2121, #2558 ) ;
#1451 = AXIS2_PLACEMENT_3D ( 'NONE', #128, #1712, #1660 ) ;
#1452 = CARTESIAN_POINT ( 'NONE',  ( 0.000000000000000000, -5.620762745781209269, -6.350000000000001421 ) ) ;
#1453 = DIRECTION ( 'NONE',  ( 0.000000000000000000, -1.000000000000000000, 0.000000000000000000 ) ) ;
#1454 = ORIENTED_EDGE ( 'NONE', *, *, #2772, .T. ) ;
#1455 = LINE ( 'NONE', #4894, #1866 ) ;
#1456 = B_SPLINE_CURVE_WITH_KNOTS ( 'NONE', 3,
 ( #3479, #1544, #3841, #2747 ),
 .UNSPECIFIED., .F., .F.,
 ( 4, 4 ),
 ( 0.002832913685900425270, 0.002935786532568637319 ),
 .UNSPECIFIED. ) ;
#1457 = EDGE_CURVE ( 'NONE', #245, #1513, #168, .T. ) ;
#1458 = CARTESIAN_POINT ( 'NONE',  ( 0.000000000000000000, 19.04999999999999361, 5.438999999999999169 ) ) ;
#1459 = CARTESIAN_POINT ( 'NONE',  ( 0.000000000000000000, 6.349999999999997868, 5.439000000000000945 ) ) ;
#1460 = ADVANCED_FACE ( 'NONE', ( #101 ), #2394, .T. ) ;
#1461 = ORIENTED_EDGE ( 'NONE', *, *, #1718, .F. ) ;
#1462 = ORIENTED_EDGE ( 'NONE', *, *, #4216, .F. ) ;
#1463 = CARTESIAN_POINT ( 'NONE',  ( 0.8890000000000000124, 6.349999999999999645, -6.350000000000003197 ) ) ;
#1464 = AXIS2_PLACEMENT_3D ( 'NONE', #4665, #364, #1958 ) ;
#1465 = EDGE_LOOP ( 'NONE', ( #1709, #4261, #3756, #3228 ) ) ;
#1466 = ORIENTED_EDGE ( 'NONE', *, *, #4710, .T. ) ;
#1467 = CARTESIAN_POINT ( 'NONE',  ( 5.460999999999999410, 19.04999999999999716, -9.525000000000002132 ) ) ;
#1468 = ORIENTED_EDGE ( 'NONE', *, *, #4231, .T. ) ;
#1469 = VERTEX_POINT ( 'NONE', #26 ) ;
#1470 = ORIENTED_EDGE ( 'NONE', *, *, #330, .T. ) ;
#1471 = DIRECTION ( 'NONE',  ( -0.000000000000000000, 1.131341397376178325E-16, -1.000000000000000000 ) ) ;
#1472 = CIRCLE ( 'NONE', #1720, 3.175000000000000711 ) ;
#1473 = ADVANCED_FACE ( 'NONE', ( #2441 ), #4328, .F. ) ;
#1474 = CYLINDRICAL_SURFACE ( 'NONE', #4158, 3.374999999999999556 ) ;
#1475 = FACE_OUTER_BOUND ( 'NONE', #2423, .T. ) ;
#1476 = EDGE_CURVE ( 'NONE', #4392, #4095, #2418, .T. ) ;
#1477 = DIRECTION ( 'NONE',  ( 0.000000000000000000, -0.000000000000000000, -1.000000000000000000 ) ) ;
#1478 = DIRECTION ( 'NONE',  ( 0.000000000000000000, -1.000000000000000000, 0.000000000000000000 ) ) ;
#1479 = ORIENTED_EDGE ( 'NONE', *, *, #2453, .F. ) ;
#1480 = DIRECTION ( 'NONE',  ( 0.000000000000000000, 1.376764663473656217E-16, -1.000000000000000000 ) ) ;
#1481 = DIRECTION ( 'NONE',  ( 0.000000000000000000, 0.000000000000000000, -1.000000000000000000 ) ) ;
#1482 = CARTESIAN_POINT ( 'NONE',  ( -0.2442554031941443771, 2.000000000000000000, -25.00000000000000355 ) ) ;
#1483 = DIRECTION ( 'NONE',  ( -0.000000000000000000, -0.000000000000000000, 1.000000000000000000 ) ) ;
#1484 = VERTEX_POINT ( 'NONE', #416 ) ;
#1485 = DIRECTION ( 'NONE',  ( 0.000000000000000000, 1.000000000000000000, 0.000000000000000000 ) ) ;
#1486 = CC_DESIGN_PERSON_AND_ORGANIZATION_ASSIGNMENT ( #2291, #2361, ( #4434 ) ) ;
#1487 = EDGE_CURVE ( 'NONE', #1890, #3271, #3950, .T. ) ;
#1488 = EDGE_LOOP ( 'NONE', ( #4957, #2601, #4085, #305, #2683, #3702, #4691, #55, #141, #2858 ) ) ;
#1489 = DIRECTION ( 'NONE',  ( 0.000000000000000000, 0.000000000000000000, 1.000000000000000000 ) ) ;
#1490 = ORIENTED_EDGE ( 'NONE', *, *, #4322, .F. ) ;
#1491 = CARTESIAN_POINT ( 'NONE',  ( 2.100009524403047223, -2.138959997505216037, -19.17334492033679894 ) ) ;
#1492 = VERTEX_POINT ( 'NONE', #3544 ) ;
#1493 = EDGE_CURVE ( 'NONE', #2094, #1433, #4914, .T. ) ;
#1494 = ADVANCED_FACE ( 'NONE', ( #4764, #3179 ), #515, .T. ) ;
#1495 = ORIENTED_EDGE ( 'NONE', *, *, #1844, .F. ) ;
#1496 = CARTESIAN_POINT ( 'NONE',  ( -6.200000000000000178, 25.00000000000000000, 0.000000000000000000 ) ) ;
#1497 = CONICAL_SURFACE ( 'NONE', #3138, 2.100000000000000977, 1.172861257340199304 ) ;
#1498 = LINE ( 'NONE', #1109, #1975 ) ;
#1499 = DIRECTION ( 'NONE',  ( 0.000000000000000000, 0.000000000000000000, 1.000000000000000000 ) ) ;
#1500 = CIRCLE ( 'NONE', #5000, 3.175000000000000711 ) ;
#1501 = APPLICATION_PROTOCOL_DEFINITION ( 'international standard', 'config_control_design', 1994, #5070 ) ;
#1502 = CARTESIAN_POINT ( 'NONE',  ( 1.502637486114517973, 6.749999999999999112, 6.139000000000000234 ) ) ;
#1503 = CARTESIAN_POINT ( 'NONE',  ( -2.264950330581225746, -5.523072258617638397, -18.64999999999999858 ) ) ;
#1504 = ORIENTED_EDGE ( 'NONE', *, *, #2065, .T. ) ;
#1505 = FACE_OUTER_BOUND ( 'NONE', #266, .T. ) ;
#1506 = ADVANCED_FACE ( 'NONE', ( #153 ), #3866, .T. ) ;
#1507 = CARTESIAN_POINT ( 'NONE',  ( 2.040073290564207831, 18.55190265095412272, 2.595422128626172054 ) ) ;
#1508 = CARTESIAN_POINT ( 'NONE',  ( 2.571758278209440971E-16, -5.438999999999999169, -8.450000000000002842 ) ) ;
#1509 = CARTESIAN_POINT ( 'NONE',  ( 0.000000000000000000, 6.349999999999997868, 0.8890000000000000124 ) ) ;
#1510 = VERTEX_POINT ( 'NONE', #233 ) ;
#1511 = CARTESIAN_POINT ( 'NONE',  ( 1.999113491775012408, 19.69774034125075346, 4.305849356269922268 ) ) ;
#1512 = ORIENTED_EDGE ( 'NONE', *, *, #2765, .F. ) ;
#1513 = VERTEX_POINT ( 'NONE', #1323 ) ;
#1514 = DIRECTION ( 'NONE',  ( 0.000000000000000000, -1.000000000000000000, 0.000000000000000000 ) ) ;
#1515 = EDGE_LOOP ( 'NONE', ( #422, #1083, #789, #2162 ) ) ;
#1516 = ORIENTED_EDGE ( 'NONE', *, *, #1656, .T. ) ;
#1517 = DIRECTION ( 'NONE',  ( 0.000000000000000000, 0.000000000000000000, -1.000000000000000000 ) ) ;
#1518 = VECTOR ( 'NONE', #4806, 1000.000000000000000 ) ;
#1519 = EDGE_LOOP ( 'NONE', ( #2376, #3312, #4068, #2839, #3938, #4653 ) ) ;
#1520 = DIRECTION ( 'NONE',  ( 0.000000000000000000, -1.000000000000000000, 0.000000000000000000 ) ) ;
#1521 = CIRCLE ( 'NONE', #4694, 2.299999999999999822 ) ;
#1522 = PLANE ( 'NONE',  #393 ) ;
#1523 = ADVANCED_FACE ( 'NONE', ( #2102, #4478, #904, #2565 ), #985, .F. ) ;
#1524 = CARTESIAN_POINT ( 'NONE',  ( 0.000000000000000000, -0.8890000000000009006, -6.350000000000001421 ) ) ;
#1525 = EDGE_CURVE ( 'NONE', #1259, #655, #926, .T. ) ;
#1526 = CONICAL_SURFACE ( 'NONE', #4365, 2.100000000000000977, 1.172861257340199304 ) ;
#1527 = CIRCLE ( 'NONE', #2923, 2.100000000000000977 ) ;
#1528 = CALENDAR_DATE ( 2022, 6, 6 ) ;
#1529 = CARTESIAN_POINT ( 'NONE',  ( -2.232710535457612888, -5.620762745781209269, -19.44999999999999929 ) ) ;
#1530 = CARTESIAN_POINT ( 'NONE',  ( 2.232710535457612888, 6.749999999999997335, 5.620762745781209269 ) ) ;
#1532 = CARTESIAN_POINT ( 'NONE',  ( 0.8890000000000000124, 19.04999999999999716, -6.350000000000001421 ) ) ;
#1531 = AXIS2_PLACEMENT_3D ( 'NONE', #675, #3371, #4159 ) ;
#1533 = ADVANCED_FACE ( 'NONE', ( #2540 ), #567, .T. ) ;
#1534 = CIRCLE ( 'NONE', #4370, 2.100000000000000977 ) ;
#1535 = ORIENTED_EDGE ( 'NONE', *, *, #263, .F. ) ;
#1536 = DIRECTION ( 'NONE',  ( -1.000000000000000000, -0.000000000000000000, 0.000000000000000000 ) ) ;
#1537 = DIRECTION ( 'NONE',  ( -0.000000000000000000, -0.000000000000000000, 1.000000000000000000 ) ) ;
#1538 = AXIS2_PLACEMENT_3D ( 'NONE', #618, #1838, #1422 ) ;
#1539 =( BOUNDED_CURVE ( )  B_SPLINE_CURVE ( 3, ( #3454, #5033, #3103, #4647 ),
 .UNSPECIFIED., .F., .T. ) 
 B_SPLINE_CURVE_WITH_KNOTS ( ( 4, 4 ),
 ( 1.810267798689539687, 1.921073213463467599 ),
 .UNSPECIFIED. ) 
 CURVE ( )  GEOMETRIC_REPRESENTATION_ITEM ( )  RATIONAL_B_SPLINE_CURVE ( ( 1.000000000000000000, 0.9989771083553060649, 0.9989771083553060649, 1.000000000000000000 ) ) 
 REPRESENTATION_ITEM ( '' )  );
#1540 = CARTESIAN_POINT ( 'NONE',  ( 0.000000000000000000, -5.439000000000000945, -8.450000000000002842 ) ) ;
#1541 = DIRECTION ( 'NONE',  ( -1.000000000000000000, -0.000000000000000000, -0.000000000000000000 ) ) ;
#1542 = EDGE_CURVE ( 'NONE', #2608, #3341, #2028, .T. ) ;
#1543 = ORIENTED_EDGE ( 'NONE', *, *, #1014, .T. ) ;
#1544 = CARTESIAN_POINT ( 'NONE',  ( -2.254205848354697839, 5.949999999999998401, 5.555636450100673862 ) ) ;
#1545 = ORIENTED_EDGE ( 'NONE', *, *, #143, .T. ) ;
#1546 = VECTOR ( 'NONE', #3307, 1000.000000000000000 ) ;
#1547 = DIRECTION ( 'NONE',  ( -0.000000000000000000, 0.08715574274765176821, 0.9961946980917461003 ) ) ;
#1548 = ADVANCED_FACE ( 'NONE', ( #2947 ), #2513, .T. ) ;
#1549 = VERTEX_POINT ( 'NONE', #588 ) ;
#1550 = CYLINDRICAL_SURFACE ( 'NONE', #555, 3.175000000000000711 ) ;
#1551 = VERTEX_POINT ( 'NONE', #1010 ) ;
#1552 = AXIS2_PLACEMENT_3D ( 'NONE', #35, #1693, #3551 ) ;
#1553 = ORIENTED_EDGE ( 'NONE', *, *, #733, .F. ) ;
#1554 = CARTESIAN_POINT ( 'NONE',  ( 0.000000000000000000, -0.8890000000000009006, -16.94999999999999574 ) ) ;
#1555 = CARTESIAN_POINT ( 'NONE',  ( 0.000000000000000000, 0.000000000000000000, -22.22499999999999787 ) ) ;
#1556 = DIRECTION ( 'NONE',  ( 0.000000000000000000, -0.08715574274765176821, 0.9961946980917461003 ) ) ;
#1557 = PERSON_AND_ORGANIZATION ( #3151, #3013 ) ;
#1558 = ADVANCED_FACE ( 'NONE', ( #131 ), #2817, .T. ) ;
#1559 = CIRCLE ( 'NONE', #4645, 1.554966049364602254 ) ;
#1560 = LINE ( 'NONE', #2997, #274 ) ;
#1561 = VERTEX_POINT ( 'NONE', #2873 ) ;
#1562 = CARTESIAN_POINT ( 'NONE',  ( 0.000000000000000000, 6.349999999999997868, 5.439000000000000945 ) ) ;
#1563 = AXIS2_PLACEMENT_3D ( 'NONE', #4541, #2571, #2549 ) ;
#1564 = DIRECTION ( 'NONE',  ( 0.000000000000000000, 0.000000000000000000, -1.000000000000000000 ) ) ;
#1565 = CARTESIAN_POINT ( 'NONE',  ( 4.174999999999999822, 12.40000000000000568, -18.95000000000001350 ) ) ;
#1566 = ADVANCED_FACE ( 'NONE', ( #2179 ), #3719, .T. ) ;
#1567 = PLANE ( 'NONE',  #136 ) ;
#1568 = DIRECTION ( 'NONE',  ( 0.000000000000000000, -1.000000000000000000, 0.000000000000000000 ) ) ;
#1569 = VERTEX_POINT ( 'NONE', #621 ) ;
#1570 = CARTESIAN_POINT ( 'NONE',  ( 0.8890000000000000124, 6.349999999999999645, -4.250000000000001776 ) ) ;
#1571 = ADVANCED_FACE ( 'NONE', ( #4404 ), #2489, .F. ) ;
#1572 = B_SPLINE_CURVE_WITH_KNOTS ( 'NONE', 3,
 ( #2420, #28, #468, #3570 ),
 .UNSPECIFIED., .F., .F.,
 ( 4, 4 ),
 ( 0.007647354141962972064, 0.007869202712918554540 ),
 .UNSPECIFIED. ) ;
#1573 = ORIENTED_EDGE ( 'NONE', *, *, #4440, .F. ) ;
#1574 = VERTEX_POINT ( 'NONE', #1741 ) ;
#1575 = DIRECTION ( 'NONE',  ( 0.000000000000000000, 1.000000000000000000, 2.648432787750852163E-16 ) ) ;
#1576 = ORIENTED_EDGE ( 'NONE', *, *, #4710, .F. ) ;
#1577 = DIRECTION ( 'NONE',  ( 0.000000000000000000, 0.000000000000000000, -1.000000000000000000 ) ) ;
#1578 = DIRECTION ( 'NONE',  ( 0.000000000000000000, 8.587739980083210819E-16, -1.000000000000000000 ) ) ;
#1579 = CARTESIAN_POINT ( 'NONE',  ( 0.000000000000000000, -5.620762745781208380, -19.04999999999999716 ) ) ;
#1580 = CARTESIAN_POINT ( 'NONE',  ( 0.000000000000000000, 6.349999999999997868, 5.523072258617638397 ) ) ;
#1581 = ORIENTED_EDGE ( 'NONE', *, *, #4182, .T. ) ;
#1582 = VECTOR ( 'NONE', #22, 1000.000000000000000 ) ;
#1583 = CARTESIAN_POINT ( 'NONE',  ( 4.174999999999999822, 12.40000000000000568, -25.00000000000000355 ) ) ;
#1584 = LINE ( 'NONE', #1197, #4782 ) ;
#1585 = DIRECTION ( 'NONE',  ( 0.000000000000000000, 0.08715574274765176821, -0.9961946980917461003 ) ) ;
#1586 = CARTESIAN_POINT ( 'NONE',  ( 2.174999999999999822, 24.00000000000000000, -25.00000000000000355 ) ) ;
#1587 = ORIENTED_EDGE ( 'NONE', *, *, #4642, .F. ) ;
#1588 = EDGE_CURVE ( 'NONE', #1209, #4719, #4831, .T. ) ;
#1589 = CARTESIAN_POINT ( 'NONE',  ( -1.663442899047754331, -6.138999999999998458, -18.65000000000000213 ) ) ;
#1590 = DIRECTION ( 'NONE',  ( 0.000000000000000000, 0.000000000000000000, -1.000000000000000000 ) ) ;
#1591 = CARTESIAN_POINT ( 'NONE',  ( 0.000000000000000000, 19.04999999999999361, 5.523072258617638397 ) ) ;
#1592 = VERTEX_POINT ( 'NONE', #4078 ) ;
#1593 = CARTESIAN_POINT ( 'NONE',  ( 0.000000000000000000, -5.523072258617638397, -16.74999999999999645 ) ) ;
#1594 = ORIENTED_EDGE ( 'NONE', *, *, #547, .T. ) ;
#1595 = ADVANCED_FACE ( 'NONE', ( #2152 ), #1497, .T. ) ;
#1596 = ORIENTED_EDGE ( 'NONE', *, *, #3372, .F. ) ;
#1597 = DIRECTION ( 'NONE',  ( 0.000000000000000000, -1.000000000000000000, 0.000000000000000000 ) ) ;
#1598 = VERTEX_POINT ( 'NONE', #3064 ) ;
#1599 = DIRECTION ( 'NONE',  ( 0.000000000000000000, 0.000000000000000000, 1.000000000000000000 ) ) ;
#1600 = CARTESIAN_POINT ( 'NONE',  ( -2.061552812808830293, -5.439000000000000057, -18.64999999999999858 ) ) ;
#1601 = VECTOR ( 'NONE', #401, 1000.000000000000000 ) ;
#1602 = AXIS2_PLACEMENT_3D ( 'NONE', #2535, #3388, #4933 ) ;
#1603 = VECTOR ( 'NONE', #3422, 1000.000000000000000 ) ;
#1604 = DIRECTION ( 'NONE',  ( 0.000000000000000000, 1.000000000000000000, -8.260587980841934638E-15 ) ) ;
#1605 = EDGE_LOOP ( 'NONE', ( #1676, #1380 ) ) ;
#1606 = DIRECTION ( 'NONE',  ( 0.000000000000000000, -7.542275982507855914E-17, -1.000000000000000000 ) ) ;
#1607 = VECTOR ( 'NONE', #3266, 1000.000000000000000 ) ;
#1608 = AXIS2_PLACEMENT_3D ( 'NONE', #4826, #1341, #2908 ) ;
#1609 = FACE_OUTER_BOUND ( 'NONE', #763, .T. ) ;
#1610 = CARTESIAN_POINT ( 'NONE',  ( 1.972483239316685122, -5.138999999999997570, -19.77063157758646383 ) ) ;
#1611 = CARTESIAN_POINT ( 'NONE',  ( 4.174999999999999822, 11.40000000000000213, -18.95000000000001705 ) ) ;
#1612 = DIRECTION ( 'NONE',  ( 0.000000000000000000, -1.000000000000000000, 0.000000000000000000 ) ) ;
#1613 = VERTEX_POINT ( 'NONE', #1899 ) ;
#1614 = CIRCLE ( 'NONE', #3173, 2.268258436585967264 ) ;
#1615 = VECTOR ( 'NONE', #2077, 1000.000000000000000 ) ;
#1616 = EDGE_CURVE ( 'NONE', #2881, #2628, #4637, .T. ) ;
#1617 = EDGE_CURVE ( 'NONE', #1513, #3337, #1833, .T. ) ;
#1618 = ORIENTED_EDGE ( 'NONE', *, *, #3094, .F. ) ;
#1619 = CARTESIAN_POINT ( 'NONE',  ( 2.254205848354697395, 18.64999999999999147, 5.555636450100672974 ) ) ;
#1620 = VECTOR ( 'NONE', #4022, 1000.000000000000000 ) ;
#1621 = ORIENTED_EDGE ( 'NONE', *, *, #2337, .F. ) ;
#1622 = CARTESIAN_POINT ( 'NONE',  ( 3.175000000000000711, 19.77063157758646028, 5.138999999999997570 ) ) ;
#1623 = ORIENTED_EDGE ( 'NONE', *, *, #453, .F. ) ;
#1624 = ORIENTED_EDGE ( 'NONE', *, *, #1145, .F. ) ;
#1625 = CARTESIAN_POINT ( 'NONE',  ( 2.129368206736822255, -5.466985055880805078, -19.44999999999999929 ) ) ;
#1626 = ADVANCED_FACE ( 'NONE', ( #4607 ), #3829, .F. ) ;
#1627 = VERTEX_POINT ( 'NONE', #1115 ) ;
#1628 = PLANE ( 'NONE',  #4039 ) ;
#1629 = CARTESIAN_POINT ( 'NONE',  ( -2.571758278209441957E-16, 21.14999999999999503, 5.438999999999999169 ) ) ;
#1630 = VECTOR ( 'NONE', #2653, 1000.000000000000000 ) ;
#1631 = ADVANCED_FACE ( 'NONE', ( #2314 ), #746, .F. ) ;
#1632 = CARTESIAN_POINT ( 'NONE',  ( -2.061552812808830293, -5.439000000000000945, -19.44999999999999929 ) ) ;
#1633 = ORIENTED_EDGE ( 'NONE', *, *, #3338, .F. ) ;
#1634 = CARTESIAN_POINT ( 'NONE',  ( 2.174999999999999822, 11.40000000000000213, -18.95000000000001350 ) ) ;
#1635 = CYLINDRICAL_SURFACE ( 'NONE', #1350, 0.5000000000000000000 ) ;
#1636 = AXIS2_PLACEMENT_3D ( 'NONE', #4991, #719, #3466 ) ;
#1637 = CARTESIAN_POINT ( 'NONE',  ( 2.057911970479199937, -2.353224001008316524, -6.778281967881774506 ) ) ;
#1638 = EDGE_CURVE ( 'NONE', #2976, #3904, #2251, .T. ) ;
#1639 = DIRECTION ( 'NONE',  ( 0.000000000000000000, 1.000000000000000000, 0.000000000000000000 ) ) ;
#1640 = CARTESIAN_POINT ( 'NONE',  ( -2.129368205736810626, 5.949999999999998401, 5.466985055468135180 ) ) ;
#1641 = VECTOR ( 'NONE', #2085, 1000.000000000000000 ) ;
#1642 = EDGE_LOOP ( 'NONE', ( #4570, #4800 ) ) ;
#1643 = CARTESIAN_POINT ( 'NONE',  ( 0.000000000000000000, -5.439000000000000057, -19.04999999999999716 ) ) ;
#1644 = DIRECTION ( 'NONE',  ( 0.000000000000000000, 0.000000000000000000, 1.000000000000000000 ) ) ;
#1645 = DIRECTION ( 'NONE',  ( 0.000000000000000000, 0.000000000000000000, -1.000000000000000000 ) ) ;
#1646 = CARTESIAN_POINT ( 'NONE',  ( 5.460999999999999410, 19.04999999999999716, -6.350000000000001421 ) ) ;
#1647 = VERTEX_POINT ( 'NONE', #2263 ) ;
#1648 = CARTESIAN_POINT ( 'NONE',  ( 0.1999999999999996503, 24.00000000000000000, -6.349999999999999645 ) ) ;
#1649 = ORIENTED_EDGE ( 'NONE', *, *, #1798, .F. ) ;
#1650 = VERTEX_POINT ( 'NONE', #4912 ) ;
#1651 = ORIENTED_EDGE ( 'NONE', *, *, #2163, .T. ) ;
#1652 = DIRECTION ( 'NONE',  ( 0.000000000000000000, 0.000000000000000000, 1.000000000000000000 ) ) ;
#1653 = DIRECTION ( 'NONE',  ( 0.000000000000000000, -1.000000000000000000, -0.000000000000000000 ) ) ;
#1654 = ORIENTED_EDGE ( 'NONE', *, *, #2792, .F. ) ;
#1655 = EDGE_CURVE ( 'NONE', #4754, #245, #669, .T. ) ;
#1656 = EDGE_CURVE ( 'NONE', #247, #2323, #314, .T. ) ;
#1657 = ORIENTED_EDGE ( 'NONE', *, *, #1733, .T. ) ;
#1658 = CARTESIAN_POINT ( 'NONE',  ( 0.1999999999999996503, 11.40000000000000036, -11.40000000000000036 ) ) ;
#1659 = DIRECTION ( 'NONE',  ( 0.000000000000000000, 0.000000000000000000, 1.000000000000000000 ) ) ;
#1660 = DIRECTION ( 'NONE',  ( 0.000000000000000000, 0.000000000000000000, 1.000000000000000000 ) ) ;
#1661 = CARTESIAN_POINT ( 'NONE',  ( -3.175000000000000711, -2.595422128626172054, -19.54809734904587160 ) ) ;
#1662 = CARTESIAN_POINT ( 'NONE',  ( 2.232710535457612888, 19.44999999999999574, 5.620762745781209269 ) ) ;
#1663 = ORIENTED_EDGE ( 'NONE', *, *, #2634, .T. ) ;
#1664 = FACE_OUTER_BOUND ( 'NONE', #162, .T. ) ;
#1665 = CIRCLE ( 'NONE', #93, 2.100000000000000977 ) ;
#1666 = ORIENTED_EDGE ( 'NONE', *, *, #4397, .T. ) ;
#1667 = DIRECTION ( 'NONE',  ( 0.000000000000000000, 0.000000000000000000, -1.000000000000000000 ) ) ;
#1668 = CARTESIAN_POINT ( 'NONE',  ( 0.000000000000000000, 20.60496604936459875, 5.389000000000001123 ) ) ;
#1669 = ORIENTED_EDGE ( 'NONE', *, *, #776, .F. ) ;
#1670 = DIRECTION ( 'NONE',  ( -0.000000000000000000, -0.000000000000000000, -1.000000000000000000 ) ) ;
#1671 = ORIENTED_EDGE ( 'NONE', *, *, #1317, .F. ) ;
#1672 = EDGE_LOOP ( 'NONE', ( #1624, #1445 ) ) ;
#1673 = ORIENTED_EDGE ( 'NONE', *, *, #4425, .F. ) ;
#1674 = DIRECTION ( 'NONE',  ( 0.000000000000000000, 0.000000000000000000, -1.000000000000000000 ) ) ;
#1675 = CARTESIAN_POINT ( 'NONE',  ( 0.000000000000000000, 6.349999999999997868, 5.439000000000000945 ) ) ;
#1676 = ORIENTED_EDGE ( 'NONE', *, *, #1844, .T. ) ;
#1677 = ADVANCED_FACE ( 'NONE', ( #2690 ), #1068, .F. ) ;
#1678 = DIRECTION ( 'NONE',  ( 1.000000000000000000, 0.000000000000000000, 0.000000000000000000 ) ) ;
#1679 = EDGE_CURVE ( 'NONE', #3584, #2555, #2788, .T. ) ;
#1680 = CIRCLE ( 'NONE', #277, 2.299999999999999822 ) ;
#1681 = DIRECTION ( 'NONE',  ( 0.000000000000000000, -1.000000000000000000, 0.000000000000000000 ) ) ;
#1682 = AXIS2_PLACEMENT_3D ( 'NONE', #5071, #1139, #238 ) ;
#1683 = DIRECTION ( 'NONE',  ( 0.000000000000000000, 1.000000000000000000, 0.000000000000000000 ) ) ;
#1684 = DIRECTION ( 'NONE',  ( 0.000000000000000000, 0.000000000000000000, 1.000000000000000000 ) ) ;
#1685 = EDGE_CURVE ( 'NONE', #1399, #4313, #3537, .T. ) ;
#1686 = LINE ( 'NONE', #805, #2128 ) ;
#1687 = FACE_BOUND ( 'NONE', #479, .T. ) ;
#1688 = ORIENTED_EDGE ( 'NONE', *, *, #1703, .F. ) ;
#1689 = LINE ( 'NONE', #3256, #534 ) ;
#1690 = VECTOR ( 'NONE', #3812, 1000.000000000000000 ) ;
#1691 = EDGE_CURVE ( 'NONE', #2630, #1647, #4099, .T. ) ;
#1692 = CARTESIAN_POINT ( 'NONE',  ( 3.175000000000000711, 19.54809734904586804, 2.595422128626172054 ) ) ;
#1693 = DIRECTION ( 'NONE',  ( -0.000000000000000000, 1.000000000000000000, -0.000000000000000000 ) ) ;
#1694 = LINE ( 'NONE', #2357, #728 ) ;
#1695 = VERTEX_POINT ( 'NONE', #1502 ) ;
#1696 = CARTESIAN_POINT ( 'NONE',  ( 0.000000000000000000, 6.349999999999997868, 5.388999999999999346 ) ) ;
#1697 = AXIS2_PLACEMENT_3D ( 'NONE', #339, #3224, #4740 ) ;
#1698 = EDGE_LOOP ( 'NONE', ( #1129, #2272, #4462, #1318 ) ) ;
#1699 = VECTOR ( 'NONE', #336, 1000.000000000000000 ) ;
#1700 = VERTEX_POINT ( 'NONE', #671 ) ;
#1701 = DIRECTION ( 'NONE',  ( 0.000000000000000000, -0.000000000000000000, -1.000000000000000000 ) ) ;
#1702 = APPROVAL_PERSON_ORGANIZATION ( #3902, #2783, #3091 ) ;
#1703 = EDGE_CURVE ( 'NONE', #1301, #3765, #4203, .T. ) ;
#1704 = ORIENTED_EDGE ( 'NONE', *, *, #2860, .F. ) ;
#1705 = LINE ( 'NONE', #2119, #2188 ) ;
#1706 = DIRECTION ( 'NONE',  ( 0.000000000000000000, 0.000000000000000000, -1.000000000000000000 ) ) ;
#1707 = VECTOR ( 'NONE', #2058, 1000.000000000000000 ) ;
#1708 = DIRECTION ( 'NONE',  ( 0.000000000000000000, 0.000000000000000000, -1.000000000000000000 ) ) ;
#1709 = ORIENTED_EDGE ( 'NONE', *, *, #4489, .T. ) ;
#1710 = EDGE_CURVE ( 'NONE', #2478, #5049, #2664, .T. ) ;
#1711 = EDGE_CURVE ( 'NONE', #2328, #687, #287, .T. ) ;
#1712 = DIRECTION ( 'NONE',  ( -1.000000000000000000, -0.000000000000000000, -0.000000000000000000 ) ) ;
#1713 = AXIS2_PLACEMENT_3D ( 'NONE', #730, #3026, #264 ) ;
#1714 = VECTOR ( 'NONE', #3516, 1000.000000000000000 ) ;
#1715 = DIRECTION ( 'NONE',  ( 0.000000000000000000, 0.000000000000000000, 1.000000000000000000 ) ) ;
#1716 = LINE ( 'NONE', #4427, #4296 ) ;
#1717 = EDGE_CURVE ( 'NONE', #4012, #1695, #296, .T. ) ;
#1718 = EDGE_CURVE ( 'NONE', #735, #3945, #4670, .T. ) ;
#1719 = CARTESIAN_POINT ( 'NONE',  ( 2.040073290564207831, -2.595422128626172054, -5.851902650954129648 ) ) ;
#1720 = AXIS2_PLACEMENT_3D ( 'NONE', #2087, #4387, #4751 ) ;
#1721 = CARTESIAN_POINT ( 'NONE',  ( 0.1999999999999996503, 2.000000000000000000, -24.00000000000000355 ) ) ;
#1722 = CARTESIAN_POINT ( 'NONE',  ( 5.460999999999999410, 6.349999999999999645, -6.350000000000003197 ) ) ;
#1723 = CARTESIAN_POINT ( 'NONE',  ( 2.254205848354697839, -5.555636450100673862, -18.64999999999999858 ) ) ;
#1724 = ORIENTED_EDGE ( 'NONE', *, *, #3644, .F. ) ;
#1725 = VECTOR ( 'NONE', #2120, 1000.000000000000000 ) ;
#1726 = CARTESIAN_POINT ( 'NONE',  ( -2.061552812808830293, 18.64999999999999147, 5.139000000000001123 ) ) ;
#1727 = ORIENTED_EDGE ( 'NONE', *, *, #4122, .T. ) ;
#1728 = VERTEX_POINT ( 'NONE', #1193 ) ;
#1729 = EDGE_CURVE ( 'NONE', #1433, #3867, #2641, .T. ) ;
#1730 = ORIENTED_EDGE ( 'NONE', *, *, #2337, .T. ) ;
#1731 = CARTESIAN_POINT ( 'NONE',  ( -2.099990463092004322, -2.139040055015564601, -6.473669021501082810 ) ) ;
#1732 = DIRECTION ( 'NONE',  ( 1.000000000000000000, 0.000000000000000000, 0.000000000000000000 ) ) ;
#1733 = EDGE_CURVE ( 'NONE', #1804, #2703, #801, .T. ) ;
#1734 = DIRECTION ( 'NONE',  ( 1.000000000000000000, -0.000000000000000000, -0.000000000000000000 ) ) ;
#1735 = VERTEX_POINT ( 'NONE', #876 ) ;
#1736 = LINE ( 'NONE', #3269, #3242 ) ;
#1737 = CARTESIAN_POINT ( 'NONE',  ( 0.000000000000000000, -6.139000000000000234, -6.350000000000001421 ) ) ;
#1738 = VERTEX_POINT ( 'NONE', #822 ) ;
#1739 = DIRECTION ( 'NONE',  ( -1.000000000000000000, -0.000000000000000000, -0.000000000000000000 ) ) ;
#1740 = CC_DESIGN_PERSON_AND_ORGANIZATION_ASSIGNMENT ( #1557, #2663, ( #2203 ) ) ;
#1741 = CARTESIAN_POINT ( 'NONE',  ( 0.1999999999999996503, 25.00000000000000000, -2.000000000000000000 ) ) ;
#1742 = DIRECTION ( 'NONE',  ( 0.000000000000000000, -0.000000000000000000, 1.000000000000000000 ) ) ;
#1743 = VERTEX_POINT ( 'NONE', #3119 ) ;
#1744 = DIRECTION ( 'NONE',  ( 1.000000000000000000, -0.000000000000000000, -0.000000000000000000 ) ) ;
#1745 = VECTOR ( 'NONE', #50, 1000.000000000000000 ) ;
#1746 = CARTESIAN_POINT ( 'NONE',  ( 2.040073290564207387, 6.848097349045871418, 2.595422128626172054 ) ) ;
#1747 = EDGE_CURVE ( 'NONE', #3494, #4546, #749, .T. ) ;
#1748 = PLANE ( 'NONE',  #480 ) ;
#1749 = EDGE_CURVE ( 'NONE', #4414, #1275, #503, .T. ) ;
#1750 = ORIENTED_EDGE ( 'NONE', *, *, #2907, .T. ) ;
#1751 = ORIENTED_EDGE ( 'NONE', *, *, #4655, .T. ) ;
#1752 = ORIENTED_EDGE ( 'NONE', *, *, #4021, .F. ) ;
#1753 = VECTOR ( 'NONE', #3470, 999.9999999999998863 ) ;
#1754 = CARTESIAN_POINT ( 'NONE',  ( -2.100009524403047223, -2.138959997505217370, -6.226655079663201420 ) ) ;
#1755 = EDGE_LOOP ( 'NONE', ( #3401, #1581, #2676, #1074 ) ) ;
#1756 = CARTESIAN_POINT ( 'NONE',  ( -2.040073290564207831, -2.595422128626172054, -18.55190265095412627 ) ) ;
#1757 = ORIENTED_EDGE ( 'NONE', *, *, #770, .F. ) ;
#1758 = CARTESIAN_POINT ( 'NONE',  ( -2.264950330581225746, 6.749999999999997335, 5.523072258617638397 ) ) ;
#1759 = VERTEX_POINT ( 'NONE', #2816 ) ;
#1760 = CARTESIAN_POINT ( 'NONE',  ( -0.2442554031941079618, 25.00099999999997635, -25.00000000000004263 ) ) ;
#1761 = CARTESIAN_POINT ( 'NONE',  ( 4.174999999999999822, 6.349999999999999645, -6.350000000000003197 ) ) ;
#1762 = CARTESIAN_POINT ( 'NONE',  ( 6.199999999999997513, 11.40000000000000213, -18.95000000000001350 ) ) ;
#1763 = DIRECTION ( 'NONE',  ( 0.000000000000000000, -1.000000000000000000, 0.000000000000000000 ) ) ;
#1764 = DIRECTION ( 'NONE',  ( -0.000000000000000000, -0.000000000000000000, -1.000000000000000000 ) ) ;
#1765 = AXIS2_PLACEMENT_3D ( 'NONE', #3926, #4538, #3469 ) ;
#1766 = ORIENTED_EDGE ( 'NONE', *, *, #758, .T. ) ;
#1767 = CARTESIAN_POINT ( 'NONE',  ( -2.021666578221208432, 19.62348631124368126, 3.457121909598157128 ) ) ;
#1768 = CIRCLE ( 'NONE', #4528, 3.175000000000000711 ) ;
#1769 = AXIS2_PLACEMENT_3D ( 'NONE', #3310, #3663, #1389 ) ;
#1770 = CARTESIAN_POINT ( 'NONE',  ( 0.000000000000000000, 19.04999999999999361, 5.389000000000001123 ) ) ;
#1771 = DIRECTION ( 'NONE',  ( 0.000000000000000000, 0.000000000000000000, -1.000000000000000000 ) ) ;
#1772 = CARTESIAN_POINT ( 'NONE',  ( -1.972483239316685122, -5.138999999999997570, -18.32936842241353403 ) ) ;
#1773 = ORIENTED_EDGE ( 'NONE', *, *, #2672, .T. ) ;
#1774 = ORIENTED_EDGE ( 'NONE', *, *, #419, .F. ) ;
#1775 = VECTOR ( 'NONE', #2832, 1000.000000000000000 ) ;
#1776 = CARTESIAN_POINT ( 'NONE',  ( 0.8890000000000000124, 19.04999999999999716, -6.350000000000001421 ) ) ;
#1777 = EDGE_CURVE ( 'NONE', #71, #4412, #4997, .T. ) ;
#1778 = EDGE_CURVE ( 'NONE', #4924, #4579, #3860, .T. ) ;
#1779 = VERTEX_POINT ( 'NONE', #4277 ) ;
#1780 = CARTESIAN_POINT ( 'NONE',  ( -3.888253587292846081E-16, 3.174999999999998046, 0.8890000000000000124 ) ) ;
#1781 = AXIS2_PLACEMENT_3D ( 'NONE', #1094, #2393, #1147 ) ;
#1782 = ORIENTED_EDGE ( 'NONE', *, *, #2902, .F. ) ;
#1783 = CARTESIAN_POINT ( 'NONE',  ( 0.000000000000000000, -5.438999999999999169, -4.250000000000000888 ) ) ;
#1784 = ORIENTED_EDGE ( 'NONE', *, *, #4188, .F. ) ;
#1785 = FACE_OUTER_BOUND ( 'NONE', #800, .T. ) ;
#1786 = EDGE_CURVE ( 'NONE', #2316, #2478, #1168, .T. ) ;
#1787 = CARTESIAN_POINT ( 'NONE',  ( 2.174999999999999822, 24.00000000000000000, -6.349999999999999645 ) ) ;
#1788 = ORIENTED_EDGE ( 'NONE', *, *, #1711, .T. ) ;
#1789 = CARTESIAN_POINT ( 'NONE',  ( -1.972483239316685122, -5.138999999999997570, -5.629368422413535633 ) ) ;
#1790 = DIRECTION ( 'NONE',  ( 0.000000000000000000, 1.000000000000000000, 8.260587980841934638E-15 ) ) ;
#1791 = VERTEX_POINT ( 'NONE', #1634 ) ;
#1792 = ADVANCED_FACE ( 'NONE', ( #3220 ), #4761, .F. ) ;
#1793 = DIRECTION ( 'NONE',  ( 0.000000000000000000, 0.000000000000000000, -1.000000000000000000 ) ) ;
#1794 = CARTESIAN_POINT ( 'NONE',  ( -2.264950330581225746, -5.523072258617638397, -5.950000000000001954 ) ) ;
#1795 = DIRECTION ( 'NONE',  ( 1.000000000000000000, 0.000000000000000000, 0.000000000000000000 ) ) ;
#1796 = EDGE_LOOP ( 'NONE', ( #786, #2450, #1310 ) ) ;
#1797 = AXIS2_PLACEMENT_3D ( 'NONE', #2854, #4384, #2474 ) ;
#1798 = EDGE_CURVE ( 'NONE', #2201, #4924, #3171, .T. ) ;
#1799 = CARTESIAN_POINT ( 'NONE',  ( 0.000000000000000000, 6.349999999999997868, 0.8890000000000000124 ) ) ;
#1800 = CARTESIAN_POINT ( 'NONE',  ( 0.000000000000000000, 6.349999999999997868, 5.139000000000002899 ) ) ;
#1801 = PLANE ( 'NONE',  #1563 ) ;
#1802 = ORIENTED_EDGE ( 'NONE', *, *, #1729, .F. ) ;
#1803 = EDGE_LOOP ( 'NONE', ( #969, #3917, #3960, #290 ) ) ;
#1804 = VERTEX_POINT ( 'NONE', #2912 ) ;
#1805 = FACE_OUTER_BOUND ( 'NONE', #712, .T. ) ;
#1806 = ORIENTED_EDGE ( 'NONE', *, *, #4014, .F. ) ;
#1807 = ORIENTED_EDGE ( 'NONE', *, *, #2613, .T. ) ;
#1808 = CARTESIAN_POINT ( 'NONE',  ( 2.087434397081524118, -2.187282604411543208, -19.29707237833307332 ) ) ;
#1810 = ORIENTED_EDGE ( 'NONE', *, *, #4122, .F. ) ;
#1809 = AXIS2_PLACEMENT_3D ( 'NONE', #4235, #4947, #2321 ) ;
#1811 = ORIENTED_EDGE ( 'NONE', *, *, #711, .F. ) ;
#1812 = ORIENTED_EDGE ( 'NONE', *, *, #4400, .F. ) ;
#1813 = CARTESIAN_POINT ( 'NONE',  ( -2.040073290564207831, -2.595422128626172054, -5.851902650954129648 ) ) ;
#1814 = CARTESIAN_POINT ( 'NONE',  ( 0.000000000000000000, -5.438999999999999169, -6.350000000000001421 ) ) ;
#1815 = EDGE_CURVE ( 'NONE', #4576, #1735, #4019, .T. ) ;
#1816 = CARTESIAN_POINT ( 'NONE',  ( 3.175000000000000711, 19.04999999999999361, 2.638999999999998014 ) ) ;
#1817 = ADVANCED_FACE ( 'NONE', ( #3270 ), #4445, .T. ) ;
#1818 = B_SPLINE_CURVE_WITH_KNOTS ( 'NONE', 3,
 ( #2566, #543, #1011, #622 ),
 .UNSPECIFIED., .F., .F.,
 ( 4, 4 ),
 ( 0.003029541235337105884, 0.003249628748158704759 ),
 .UNSPECIFIED. ) ;
#1819 = CARTESIAN_POINT ( 'NONE',  ( -2.243459280444427772, -5.588199955838118349, -5.950000000000001954 ) ) ;
#1820 = DIRECTION ( 'NONE',  ( 1.000000000000000000, 0.000000000000000000, 0.000000000000000000 ) ) ;
#1821 = DIRECTION ( 'NONE',  ( 0.000000000000000000, 0.000000000000000000, -1.000000000000000000 ) ) ;
#1822 = DIRECTION ( 'NONE',  ( -1.000000000000000000, -0.000000000000000000, -0.000000000000000000 ) ) ;
#1823 = LINE ( 'NONE', #4511, #1298 ) ;
#1824 = DIRECTION ( 'NONE',  ( -0.000000000000000000, 1.000000000000000000, 0.000000000000000000 ) ) ;
#1825 = EDGE_CURVE ( 'NONE', #4845, #4885, #4072, .T. ) ;
#1826 = ORIENTED_EDGE ( 'NONE', *, *, #4351, .T. ) ;
#1827 = ORIENTED_EDGE ( 'NONE', *, *, #4910, .F. ) ;
#1828 = CARTESIAN_POINT ( 'NONE',  ( 1.999113491775013296, 5.702259658749233573, 4.305849356269922268 ) ) ;
#1829 = CARTESIAN_POINT ( 'NONE',  ( -2.264950330581225746, -5.523072258617638397, -18.64999999999999858 ) ) ;
#1830 = ORIENTED_EDGE ( 'NONE', *, *, #632, .F. ) ;
#1831 = DIRECTION ( 'NONE',  ( 0.000000000000000000, 0.000000000000000000, -1.000000000000000000 ) ) ;
#1832 = ORIENTED_EDGE ( 'NONE', *, *, #324, .T. ) ;
#1833 = CIRCLE ( 'NONE', #3295, 1.554966049364602254 ) ;
#1834 = ORIENTED_EDGE ( 'NONE', *, *, #4828, .T. ) ;
#1835 = VERTEX_POINT ( 'NONE', #3638 ) ;
#1836 = PLANE ( 'NONE',  #472 ) ;
#1837 = CARTESIAN_POINT ( 'NONE',  ( -1.663442899047754109, 19.44999999999999574, 6.139000000000000234 ) ) ;
#1838 = DIRECTION ( 'NONE',  ( 0.000000000000000000, 0.000000000000000000, 1.000000000000000000 ) ) ;
#1839 = EDGE_CURVE ( 'NONE', #3337, #4062, #2681, .T. ) ;
#1840 = DIRECTION ( 'NONE',  ( -0.000000000000000000, 0.000000000000000000, -1.000000000000000000 ) ) ;
#1841 = PLANE ( 'NONE',  #2607 ) ;
#1842 = EDGE_LOOP ( 'NONE', ( #2187, #4879, #2190, #3864 ) ) ;
#1843 = CARTESIAN_POINT ( 'NONE',  ( -1.972483239316685122, 19.77063157758646028, 5.138999999999997570 ) ) ;
#1844 = EDGE_CURVE ( 'NONE', #225, #3511, #42, .T. ) ;
#1845 = AXIS2_PLACEMENT_3D ( 'NONE', #1770, #4054, #548 ) ;
#1846 = B_SPLINE_CURVE_WITH_KNOTS ( 'NONE', 3,
 ( #3600, #397, #783, #2803 ),
 .UNSPECIFIED., .F., .F.,
 ( 4, 4 ),
 ( 0.007647354141962973799, 0.007869202712918556275 ),
 .UNSPECIFIED. ) ;
#1847 = CARTESIAN_POINT ( 'NONE',  ( 0.000000000000000000, 8.449999999999999289, 5.439000000000000945 ) ) ;
#1848 = CARTESIAN_POINT ( 'NONE',  ( 0.000000000000000000, 0.000000000000000000, -19.04999999999999716 ) ) ;
#1849 = VECTOR ( 'NONE', #4194, 1000.000000000000000 ) ;
#1850 = EDGE_LOOP ( 'NONE', ( #4582, #3734, #2212, #4219 ) ) ;
#1851 = ORIENTED_EDGE ( 'NONE', *, *, #4843, .F. ) ;
#1852 = VERTEX_POINT ( 'NONE', #1295 ) ;
#1853 = VECTOR ( 'NONE', #2813, 1000.000000000000000 ) ;
#1854 = AXIS2_PLACEMENT_3D ( 'NONE', #3447, #1069, #3065 ) ;
#1855 = VERTEX_POINT ( 'NONE', #4071 ) ;
#1856 = ORIENTED_EDGE ( 'NONE', *, *, #1336, .T. ) ;
#1857 = CARTESIAN_POINT ( 'NONE',  ( 1.972483239316684678, 5.629368422413532080, 5.138999999999997570 ) ) ;
#1858 = AXIS2_PLACEMENT_3D ( 'NONE', #4402, #3615, #1683 ) ;
#1859 = EDGE_LOOP ( 'NONE', ( #1490, #4955 ) ) ;
#1860 = EDGE_CURVE ( 'NONE', #371, #1259, #5054, .T. ) ;
#1861 = CIRCLE ( 'NONE', #3322, 1.554966049364602254 ) ;
#1862 = ORIENTED_EDGE ( 'NONE', *, *, #2459, .T. ) ;
#1863 = DIRECTION ( 'NONE',  ( 0.000000000000000000, -1.000000000000000000, 0.000000000000000000 ) ) ;
#1864 = CARTESIAN_POINT ( 'NONE',  ( 2.232710535457612888, -5.620762745781209269, -5.950000000000001954 ) ) ;
#1865 = DIRECTION ( 'NONE',  ( 0.000000000000000000, -8.115498896123205041E-15, 1.000000000000000000 ) ) ;
#1866 = VECTOR ( 'NONE', #623, 1000.000000000000000 ) ;
#1867 = VECTOR ( 'NONE', #2002, 1000.000000000000000 ) ;
#1868 = PERSON_AND_ORGANIZATION_ROLE ( 'classification_officer' ) ;
#1869 = APPROVAL_PERSON_ORGANIZATION ( #1974, #1971, #1898 ) ;
#1870 =( BOUNDED_CURVE ( )  B_SPLINE_CURVE ( 3, ( #4798, #1420, #3389, #2660 ),
 .UNSPECIFIED., .F., .T. ) 
 B_SPLINE_CURVE_WITH_KNOTS ( ( 4, 4 ),
 ( 4.362112093716119077, 4.472917508490046323 ),
 .UNSPECIFIED. ) 
 CURVE ( )  GEOMETRIC_REPRESENTATION_ITEM ( )  RATIONAL_B_SPLINE_CURVE ( ( 1.000000000000000000, 0.9989771083553060649, 0.9989771083553060649, 1.000000000000000000 ) ) 
 REPRESENTATION_ITEM ( '' )  );
#1871 = CARTESIAN_POINT ( 'NONE',  ( 2.174999999999999822, 1.999999999999997335, -1.999999999999998224 ) ) ;
#1872 = LINE ( 'NONE', #3022, #456 ) ;
#1873 = ORIENTED_EDGE ( 'NONE', *, *, #4075, .T. ) ;
#1874 = PRODUCT_RELATED_PRODUCT_CATEGORY ( 'detail', '', ( #4467 ) ) ;
#1875 = EDGE_CURVE ( 'NONE', #395, #1492, #2150, .T. ) ;
#1876 = CARTESIAN_POINT ( 'NONE',  ( -2.100009524403047223, 19.17334492033679894, 2.138959997505216037 ) ) ;
#1877 = CARTESIAN_POINT ( 'NONE',  ( -1.999113491775012852, 19.69774034125075346, 4.305849356269922268 ) ) ;
#1878 = LINE ( 'NONE', #4594, #4560 ) ;
#1879 = DIRECTION ( 'NONE',  ( -0.000000000000000000, 0.000000000000000000, 1.000000000000000000 ) ) ;
#1880 = ORIENTED_EDGE ( 'NONE', *, *, #3445, .F. ) ;
#1881 = EDGE_CURVE ( 'NONE', #882, #316, #1363, .T. ) ;
#1882 = CIRCLE ( 'NONE', #2536, 3.374999999999999556 ) ;
#1883 = EDGE_CURVE ( 'NONE', #1943, #2910, #3177, .T. ) ;
#1884 = ORIENTED_EDGE ( 'NONE', *, *, #537, .T. ) ;
#1885 = DIRECTION ( 'NONE',  ( -0.000000000000000000, 1.000000000000000000, -0.000000000000000000 ) ) ;
#1886 = VECTOR ( 'NONE', #4083, 1000.000000000000000 ) ;
#1887 = VERTEX_POINT ( 'NONE', #2966 ) ;
#1888 = ORIENTED_EDGE ( 'NONE', *, *, #595, .T. ) ;
#1889 = CARTESIAN_POINT ( 'NONE',  ( 5.460999999999999410, 6.349999999999999645, -16.95000000000000284 ) ) ;
#1890 = VERTEX_POINT ( 'NONE', #1009 ) ;
#1891 = AXIS2_PLACEMENT_3D ( 'NONE', #1646, #3087, #2855 ) ;
#1892 = ORIENTED_EDGE ( 'NONE', *, *, #4942, .T. ) ;
#1893 = CARTESIAN_POINT ( 'NONE',  ( -1.999113491775012852, 6.997740341250762164, 4.305849356269922268 ) ) ;
#1894 = AXIS2_PLACEMENT_3D ( 'NONE', #160, #4056, #2522 ) ;
#1895 = CARTESIAN_POINT ( 'NONE',  ( 4.174999999999999822, 12.40000000000000568, -11.40000000000000036 ) ) ;
#1896 = DIRECTION ( 'NONE',  ( -1.000000000000000000, -0.000000000000000000, -0.000000000000000000 ) ) ;
#1897 = AXIS2_PLACEMENT_3D ( 'NONE', #1675, #974, #4780 ) ;
#1898 = APPROVAL_ROLE ( '' ) ;
#1899 = CARTESIAN_POINT ( 'NONE',  ( -2.264950330581225746, -5.523072258617638397, -18.64999999999999858 ) ) ;
#1900 = DIRECTION ( 'NONE',  ( 0.000000000000000000, -1.000000000000000000, -8.115498896123167176E-15 ) ) ;
#1901 = ORIENTED_EDGE ( 'NONE', *, *, #4542, .F. ) ;
#1902 = CYLINDRICAL_SURFACE ( 'NONE', #2514, 2.100000000000000977 ) ;
#1903 = DIRECTION ( 'NONE',  ( 0.000000000000000000, -1.000000000000000000, 8.115498896123205041E-15 ) ) ;
#1904 = CARTESIAN_POINT ( 'NONE',  ( 0.1999999999999996503, 12.40000000000000213, -18.95000000000001350 ) ) ;
#1905 = DIRECTION ( 'NONE',  ( 0.000000000000000000, -1.000000000000000000, 0.000000000000000000 ) ) ;
#1906 = ORIENTED_EDGE ( 'NONE', *, *, #3508, .T. ) ;
#1907 = DIRECTION ( 'NONE',  ( 0.000000000000000000, 0.000000000000000000, 1.000000000000000000 ) ) ;
#1908 = EDGE_CURVE ( 'NONE', #4131, #4940, #3692, .T. ) ;
#1909 = ORIENTED_EDGE ( 'NONE', *, *, #2488, .F. ) ;
#1910 = DIRECTION ( 'NONE',  ( 0.000000000000000000, -1.000000000000000000, 0.000000000000000000 ) ) ;
#1911 = ORIENTED_EDGE ( 'NONE', *, *, #19, .F. ) ;
#1912 = PLANE ( 'NONE',  #106 ) ;
#1913 = ORIENTED_EDGE ( 'NONE', *, *, #2262, .F. ) ;
#1914 = CARTESIAN_POINT ( 'NONE',  ( 2.232710535457612888, 6.749999999999997335, 5.620762745781209269 ) ) ;
#1915 = ORIENTED_EDGE ( 'NONE', *, *, #3746, .F. ) ;
#1916 = DIRECTION ( 'NONE',  ( 0.000000000000000000, 1.000000000000000000, 0.000000000000000000 ) ) ;
#1917 = CARTESIAN_POINT ( 'NONE',  ( 1.821676962433382840, -6.089970303311149635, -5.950000000000001066 ) ) ;
#1918 = DIRECTION ( 'NONE',  ( 0.000000000000000000, 0.000000000000000000, 1.000000000000000000 ) ) ;
#1919 = VECTOR ( 'NONE', #3145, 1000.000000000000000 ) ;
#1920 = COORDINATED_UNIVERSAL_TIME_OFFSET ( 6, 0, .BEHIND. ) ;
#1921 = ADVANCED_FACE ( 'NONE', ( #173 ), #901, .F. ) ;
#1922 = DIRECTION ( 'NONE',  ( 0.000000000000000000, 0.000000000000000000, -1.000000000000000000 ) ) ;
#1923 = CARTESIAN_POINT ( 'NONE',  ( -6.999999999999998224, 2.000000000000001776, -18.24425540319414907 ) ) ;
#1924 = CARTESIAN_POINT ( 'NONE',  ( -1.972483239316684234, -5.138999999999997570, -7.070631577586468985 ) ) ;
#1925 = ORIENTED_EDGE ( 'NONE', *, *, #36, .F. ) ;
#1926 = DIRECTION ( 'NONE',  ( 0.000000000000000000, -1.000000000000000000, 0.000000000000000000 ) ) ;
#1927 = DIRECTION ( 'NONE',  ( 0.000000000000000000, 0.000000000000000000, 1.000000000000000000 ) ) ;
#1928 = EDGE_CURVE ( 'NONE', #3986, #2960, #1371, .T. ) ;
#1929 = CARTESIAN_POINT ( 'NONE',  ( 1.999113491775012852, -4.305849356269923156, -19.69774034125075701 ) ) ;
#1930 = CARTESIAN_POINT ( 'NONE',  ( 3.174999999999999822, 7.070631577586465433, 5.138999999999997570 ) ) ;
#1931 = EDGE_LOOP ( 'NONE', ( #4898, #3023, #1462, #1127 ) ) ;
#1932 = CARTESIAN_POINT ( 'NONE',  ( 5.460999999999999410, 6.349999999999999645, -3.175000000000003819 ) ) ;
#1933 = VERTEX_POINT ( 'NONE', #4097 ) ;
#1934 = FACE_OUTER_BOUND ( 'NONE', #963, .T. ) ;
#1935 = ORIENTED_EDGE ( 'NONE', *, *, #3985, .T. ) ;
#1936 = CARTESIAN_POINT ( 'NONE',  ( 2.264950330581225746, 18.64999999999999147, 5.523072258617638397 ) ) ;
#1937 = AXIS2_PLACEMENT_3D ( 'NONE', #4695, #3955, #1644 ) ;
#1938 = ORIENTED_EDGE ( 'NONE', *, *, #3676, .F. ) ;
#1939 = EDGE_CURVE ( 'NONE', #3335, #2443, #625, .T. ) ;
#1940 = EDGE_CURVE ( 'NONE', #1738, #3461, #3344, .T. ) ;
#1941 = B_SPLINE_CURVE_WITH_KNOTS ( 'NONE', 3,
 ( #289, #2643, #4228, #4589, #4533, #2315 ),
 .UNSPECIFIED., .F., .F.,
 ( 4, 2, 4 ),
 ( 0.000000000000000000, 0.0004757428370953077027, 0.0009514856741906154054 ),
 .UNSPECIFIED. ) ;
#1942 = FACE_OUTER_BOUND ( 'NONE', #2666, .T. ) ;
#1943 = VERTEX_POINT ( 'NONE', #615 ) ;
#1944 = DIRECTION ( 'NONE',  ( 0.000000000000000000, 0.000000000000000000, 1.000000000000000000 ) ) ;
#1945 = AXIS2_PLACEMENT_3D ( 'NONE', #4884, #1734, #2962 ) ;
#1946 = CARTESIAN_POINT ( 'NONE',  ( 4.174999999999999822, 6.349999999999999645, -19.05000000000000426 ) ) ;
#1947 = CARTESIAN_POINT ( 'NONE',  ( 6.200000000000000178, 1.999999999999997335, -1.999999999999998224 ) ) ;
#1948 = EDGE_CURVE ( 'NONE', #4313, #2716, #2207, .T. ) ;
#1949 = VECTOR ( 'NONE', #4555, 1000.000000000000000 ) ;
#1950 = APPROVAL_STATUS ( 'not_yet_approved' ) ;
#1951 = DIRECTION ( 'NONE',  ( -1.000000000000000000, 0.000000000000000000, 0.000000000000000000 ) ) ;
#1952 = EDGE_LOOP ( 'NONE', ( #3434, #2217, #2498, #17, #2389, #673, #38, #322, #2169, #1671, #1884, #378 ) ) ;
#1954 = FACE_OUTER_BOUND ( 'NONE', #2145, .T. ) ;
#1953 = AXIS2_PLACEMENT_3D ( 'NONE', #3123, #3835, #1927 ) ;
#1955 = AXIS2_PLACEMENT_3D ( 'NONE', #1346, #1373, #4479 ) ;
#1956 = EDGE_CURVE ( 'NONE', #2729, #2086, #4848, .T. ) ;
#1957 = DIRECTION ( 'NONE',  ( 1.000000000000000000, 0.000000000000000000, 0.000000000000000000 ) ) ;
#1958 = DIRECTION ( 'NONE',  ( 0.000000000000000000, 0.000000000000000000, 1.000000000000000000 ) ) ;
#1959 = DIRECTION ( 'NONE',  ( 0.000000000000000000, -1.000000000000000000, 0.000000000000000000 ) ) ;
#1960 = ORIENTED_EDGE ( 'NONE', *, *, #1269, .F. ) ;
#1961 = EDGE_CURVE ( 'NONE', #2041, #3191, #4992, .T. ) ;
#1962 = DIRECTION ( 'NONE',  ( 0.000000000000000000, 0.000000000000000000, -1.000000000000000000 ) ) ;
#1963 = ORIENTED_EDGE ( 'NONE', *, *, #4171, .F. ) ;
#1964 = CARTESIAN_POINT ( 'NONE',  ( 2.061552812808830293, 18.64999999999999147, 5.439000000000000945 ) ) ;
#1965 = ORIENTED_EDGE ( 'NONE', *, *, #112, .F. ) ;
#1966 = DIRECTION ( 'NONE',  ( -0.000000000000000000, 1.000000000000000000, 0.000000000000000000 ) ) ;
#1967 = ORIENTED_EDGE ( 'NONE', *, *, #103, .F. ) ;
#1968 = DIRECTION ( 'NONE',  ( -1.000000000000000000, 0.000000000000000000, -0.000000000000000000 ) ) ;
#1969 = VECTOR ( 'NONE', #3100, 1000.000000000000227 ) ;
#1970 = ORIENTED_EDGE ( 'NONE', *, *, #3901, .F. ) ;
#1971 = APPROVAL ( #1950, 'UNSPECIFIED' ) ;
#1972 = FACE_OUTER_BOUND ( 'NONE', #1384, .T. ) ;
#1973 = CARTESIAN_POINT ( 'NONE',  ( 2.232710535457612888, -5.620762745781209269, -6.750000000000000888 ) ) ;
#1974 = PERSON_AND_ORGANIZATION ( #3151, #3013 ) ;
#1975 = VECTOR ( 'NONE', #4526, 1000.000000000000000 ) ;
#1976 = EDGE_CURVE ( 'NONE', #5072, #3109, #836, .T. ) ;
#1977 = CARTESIAN_POINT ( 'NONE',  ( 5.460999999999999410, 19.04999999999999716, -6.350000000000001421 ) ) ;
#1978 = EDGE_CURVE ( 'NONE', #1695, #3188, #332, .T. ) ;
#1979 = VERTEX_POINT ( 'NONE', #4250 ) ;
#1980 = CARTESIAN_POINT ( 'NONE',  ( 0.000000000000000000, 6.349999999999997868, 5.523072258617638397 ) ) ;
#1981 = CARTESIAN_POINT ( 'NONE',  ( -2.975000000000000089, 12.69999999999999929, -25.00100000000000477 ) ) ;
#1982 = DIRECTION ( 'NONE',  ( 0.000000000000000000, 1.000000000000000000, 0.000000000000000000 ) ) ;
#1983 = DIRECTION ( 'NONE',  ( 0.000000000000000000, 0.000000000000000000, 1.000000000000000000 ) ) ;
#1984 = ORIENTED_EDGE ( 'NONE', *, *, #2, .F. ) ;
#1985 = DIRECTION ( 'NONE',  ( 0.000000000000000000, -1.000000000000000000, 0.000000000000000000 ) ) ;
#1986 = CARTESIAN_POINT ( 'NONE',  ( -1.820969194338323494, 6.749999999999998224, 6.090132639966189920 ) ) ;
#1987 = EDGE_LOOP ( 'NONE', ( #2231, #40, #309, #1096, #1382, #4858, #1827, #4903, #3356 ) ) ;
#1988 = DIRECTION ( 'NONE',  ( 0.000000000000000000, -1.000000000000000000, 0.000000000000000000 ) ) ;
#1989 = VERTEX_POINT ( 'NONE', #3017 ) ;
#1990 = CARTESIAN_POINT ( 'NONE',  ( -2.081805041010027058, -5.906940355987362778, -5.949999999999999289 ) ) ;
#1991 = ORIENTED_EDGE ( 'NONE', *, *, #414, .F. ) ;
#1992 = CARTESIAN_POINT ( 'NONE',  ( -1.972483239316684234, 7.070631577586465433, 5.138999999999997570 ) ) ;
#1993 = DIRECTION ( 'NONE',  ( 0.000000000000000000, 1.000000000000000000, 8.115498896123205041E-15 ) ) ;
#1994 = CARTESIAN_POINT ( 'NONE',  ( 3.888253587292846081E-16, -0.8890000000000009006, -3.175000000000001599 ) ) ;
#1995 = ORIENTED_EDGE ( 'NONE', *, *, #2626, .F. ) ;
#1996 = ORIENTED_EDGE ( 'NONE', *, *, #408, .T. ) ;
#1997 = VECTOR ( 'NONE', #5019, 1000.000000000000000 ) ;
#1998 = CARTESIAN_POINT ( 'NONE',  ( 2.061552812808830293, 19.44999999999999574, 5.139000000000001123 ) ) ;
#1999 = EDGE_CURVE ( 'NONE', #3164, #2632, #4741, .T. ) ;
#2000 = CARTESIAN_POINT ( 'NONE',  ( 2.232710535457612888, 19.44999999999999574, 5.620762745781209269 ) ) ;
#2001 = CARTESIAN_POINT ( 'NONE',  ( -2.100009524403048111, 6.473344920336801422, 2.138959997505216037 ) ) ;
#2002 = DIRECTION ( 'NONE',  ( 0.000000000000000000, 1.000000000000000000, -7.542275982507855914E-17 ) ) ;
#2003 = EDGE_LOOP ( 'NONE', ( #2227, #4874, #1439, #1060, #1023, #3785 ) ) ;
#2004 = AXIS2_PLACEMENT_3D ( 'NONE', #3101, #4644, #3125 ) ;
#2005 = CARTESIAN_POINT ( 'NONE',  ( -2.061552812808830293, -5.438999999999999169, -6.750000000000000888 ) ) ;
#2006 = CARTESIAN_POINT ( 'NONE',  ( -1.663442899047754553, 6.749999999999999112, 6.139000000000000234 ) ) ;
#2007 = VERTEX_POINT ( 'NONE', #743 ) ;
#2008 = PLANE ( 'NONE',  #1400 ) ;
#2009 = ORIENTED_EDGE ( 'NONE', *, *, #4417, .F. ) ;
#2010 = ORIENTED_EDGE ( 'NONE', *, *, #3282, .T. ) ;
#2011 = ADVANCED_FACE ( 'NONE', ( #1475 ), #4561, .F. ) ;
#2012 = CARTESIAN_POINT ( 'NONE',  ( 2.061552812808830293, -5.439000000000000945, -19.44999999999999929 ) ) ;
#2013 = ORIENTED_EDGE ( 'NONE', *, *, #2228, .T. ) ;
#2014 = LINE ( 'NONE', #871, #4616 ) ;
#2015 = CIRCLE ( 'NONE', #2909, 3.175000000000000711 ) ;
#2016 = CARTESIAN_POINT ( 'NONE',  ( 2.040073290564207831, -2.595422128626172054, -5.851902650954129648 ) ) ;
#2017 = EDGE_CURVE ( 'NONE', #4244, #4505, #5021, .T. ) ;
#2018 = CONICAL_SURFACE ( 'NONE', #4847, 2.100000000000000977, 1.172861257340199304 ) ;
#2019 = CARTESIAN_POINT ( 'NONE',  ( 6.200000000000000178, 25.00000000000000000, -2.000000000000000000 ) ) ;
#2020 = ORIENTED_EDGE ( 'NONE', *, *, #2367, .T. ) ;
#2021 = ORIENTED_EDGE ( 'NONE', *, *, #3906, .F. ) ;
#2022 = AXIS2_PLACEMENT_3D ( 'NONE', #4547, #1052, #9 ) ;
#2023 = DIRECTION ( 'NONE',  ( -1.000000000000000000, 0.000000000000000000, 0.000000000000000000 ) ) ;
#2024 = FACE_OUTER_BOUND ( 'NONE', #4222, .T. ) ;
#2025 = CIRCLE ( 'NONE', #3007, 3.174999999999998934 ) ;
#2026 = DIRECTION ( 'NONE',  ( 0.000000000000000000, -1.000000000000000000, 0.000000000000000000 ) ) ;
#2027 = DIRECTION ( 'NONE',  ( 0.000000000000000000, -8.260587980841934638E-15, -1.000000000000000000 ) ) ;
#2028 = B_SPLINE_CURVE_WITH_KNOTS ( 'NONE', 3,
 ( #1345, #1819, #4865, #1794 ),
 .UNSPECIFIED., .F., .F.,
 ( 4, 4 ),
 ( 0.003655977453372194312, 0.003758849537120529782 ),
 .UNSPECIFIED. ) ;
#2029 = VERTEX_POINT ( 'NONE', #3088 ) ;
#2030 = CARTESIAN_POINT ( 'NONE',  ( -2.040073290564207831, -2.595422128626172054, -19.54809734904587160 ) ) ;
#2031 = DIRECTION ( 'NONE',  ( -0.000000000000000000, 0.000000000000000000, 1.000000000000000000 ) ) ;
#2032 = EDGE_CURVE ( 'NONE', #4719, #4576, #3243, .T. ) ;
#2033 = CARTESIAN_POINT ( 'NONE',  ( 6.199999999999997513, 6.349999999999996980, -24.00000000000000711 ) ) ;
#2034 = DIRECTION ( 'NONE',  ( 0.000000000000000000, 0.000000000000000000, -1.000000000000000000 ) ) ;
#2035 = EDGE_CURVE ( 'NONE', #1374, #3904, #312, .T. ) ;
#2036 = ORIENTED_EDGE ( 'NONE', *, *, #1883, .T. ) ;
#2037 = CARTESIAN_POINT ( 'NONE',  ( 0.000000000000000000, 19.04999999999999361, 5.438999999999999169 ) ) ;
#2038 = ORIENTED_EDGE ( 'NONE', *, *, #4202, .T. ) ;
#2039 = ORIENTED_EDGE ( 'NONE', *, *, #4262, .F. ) ;
#2040 = LINE ( 'NONE', #3135, #697 ) ;
#2041 = VERTEX_POINT ( 'NONE', #3062 ) ;
#2042 = DIRECTION ( 'NONE',  ( 1.000000000000000000, -0.000000000000000000, -0.000000000000000000 ) ) ;
#2043 = FACE_OUTER_BOUND ( 'NONE', #3919, .T. ) ;
#2044 = ORIENTED_EDGE ( 'NONE', *, *, #174, .T. ) ;
#2045 = CIRCLE ( 'NONE', #215, 2.299999999999999822 ) ;
#2046 = DIRECTION ( 'NONE',  ( 0.000000000000000000, 0.000000000000000000, -1.000000000000000000 ) ) ;
#2047 = ORIENTED_EDGE ( 'NONE', *, *, #2129, .T. ) ;
#2048 = ORIENTED_EDGE ( 'NONE', *, *, #2453, .T. ) ;
#2049 = FACE_OUTER_BOUND ( 'NONE', #2349, .T. ) ;
#2050 = CIRCLE ( 'NONE', #4969, 2.100000000000000977 ) ;
#2051 = CARTESIAN_POINT ( 'NONE',  ( 6.200000000000000178, 0.000000000000000000, -25.00000000000000000 ) ) ;
#2052 = LINE ( 'NONE', #492, #2335 ) ;
#2053 = DIRECTION ( 'NONE',  ( 0.000000000000000000, 0.000000000000000000, 1.000000000000000000 ) ) ;
#2054 = AXIS2_PLACEMENT_3D ( 'NONE', #4569, #1541, #3027 ) ;
#2055 = VERTEX_POINT ( 'NONE', #3443 ) ;
#2056 = CARTESIAN_POINT ( 'NONE',  ( 3.175000000000000711, 18.32936842241352693, 5.138999999999997570 ) ) ;
#2057 = CARTESIAN_POINT ( 'NONE',  ( 2.061552812808830293, 6.749999999999997335, 5.439000000000000945 ) ) ;
#2058 = DIRECTION ( 'NONE',  ( 0.000000000000000000, 0.000000000000000000, 1.000000000000000000 ) ) ;
#2059 = CARTESIAN_POINT ( 'NONE',  ( -2.975000000000000089, 12.69999999999999929, 0.000000000000000000 ) ) ;
#2060 = EDGE_LOOP ( 'NONE', ( #2454, #1594, #4821, #679 ) ) ;
#2061 = DIRECTION ( 'NONE',  ( 1.000000000000000000, 0.000000000000000000, 0.000000000000000000 ) ) ;
#2062 = ORIENTED_EDGE ( 'NONE', *, *, #4854, .F. ) ;
#2063 = ORIENTED_EDGE ( 'NONE', *, *, #4801, .T. ) ;
#2064 = EDGE_CURVE ( 'NONE', #4187, #4849, #1106, .T. ) ;
#2065 = EDGE_CURVE ( 'NONE', #1561, #5006, #668, .T. ) ;
#2066 = ORIENTED_EDGE ( 'NONE', *, *, #1003, .T. ) ;
#2067 =( BOUNDED_CURVE ( )  B_SPLINE_CURVE ( 3, ( #2774, #854, #1227, #2799 ),
 .UNSPECIFIED., .F., .T. ) 
 B_SPLINE_CURVE_WITH_KNOTS ( ( 4, 4 ),
 ( 4.362112093716119077, 4.472917508490047211 ),
 .UNSPECIFIED. ) 
 CURVE ( )  GEOMETRIC_REPRESENTATION_ITEM ( )  RATIONAL_B_SPLINE_CURVE ( ( 1.000000000000000000, 0.9989771083553060649, 0.9989771083553060649, 1.000000000000000000 ) ) 
 REPRESENTATION_ITEM ( '' )  );
#2068 = CARTESIAN_POINT ( 'NONE',  ( 2.174999999999999822, 1.999999999999997335, -1.999999999999998224 ) ) ;
#2069 = FACE_BOUND ( 'NONE', #738, .T. ) ;
#2070 = ORIENTED_EDGE ( 'NONE', *, *, #887, .F. ) ;
#2071 = EDGE_CURVE ( 'NONE', #1887, #1738, #344, .T. ) ;
#2072 = DIRECTION ( 'NONE',  ( -1.000000000000000000, -0.000000000000000000, 0.000000000000000000 ) ) ;
#2073 = DIRECTION ( 'NONE',  ( 0.000000000000000000, -1.000000000000000000, -1.131341397376178325E-16 ) ) ;
#2074 = CARTESIAN_POINT ( 'NONE',  ( -2.129368206736822700, 19.44999999999999574, 5.466985055880805078 ) ) ;
#2075 = CARTESIAN_POINT ( 'NONE',  ( 0.000000000000000000, 19.04999999999999361, 0.8890000000000000124 ) ) ;
#2076 = DIRECTION ( 'NONE',  ( 0.000000000000000000, 0.9961946980917461003, 0.08715574274765176821 ) ) ;
#2077 = DIRECTION ( 'NONE',  ( -0.000000000000000000, -1.000000000000000000, -0.000000000000000000 ) ) ;
#2078 = VECTOR ( 'NONE', #4563, 1000.000000000000000 ) ;
#2079 = EDGE_LOOP ( 'NONE', ( #194, #664, #424, #3385 ) ) ;
#2080 = EDGE_CURVE ( 'NONE', #2553, #366, #37, .T. ) ;
#2081 = DIRECTION ( 'NONE',  ( -0.000000000000000000, 0.000000000000000000, -1.000000000000000000 ) ) ;
#2082 = AXIS2_PLACEMENT_3D ( 'NONE', #3646, #1372, #3747 ) ;
#2083 = DIRECTION ( 'NONE',  ( 1.000000000000000000, -0.000000000000000000, -0.000000000000000000 ) ) ;
#2084 = CARTESIAN_POINT ( 'NONE',  ( 4.174999999999999822, 12.40000000000000568, -24.00000000000000355 ) ) ;
#2085 = DIRECTION ( 'NONE',  ( 1.000000000000000000, 0.000000000000000000, 0.000000000000000000 ) ) ;
#2086 = VERTEX_POINT ( 'NONE', #1448 ) ;
#2087 = CARTESIAN_POINT ( 'NONE',  ( 0.000000000000000000, -0.8890000000000009006, -19.04999999999999716 ) ) ;
#2088 = ORIENTED_EDGE ( 'NONE', *, *, #4580, .F. ) ;
#2089 = EDGE_LOOP ( 'NONE', ( #937, #1727 ) ) ;
#2090 = ORIENTED_EDGE ( 'NONE', *, *, #519, .T. ) ;
#2091 = CARTESIAN_POINT ( 'NONE',  ( 2.057850353472996385, 19.47861193465578467, 2.353605336466521702 ) ) ;
#2092 = EDGE_CURVE ( 'NONE', #2527, #2501, #1066, .T. ) ;
#2093 = DIRECTION ( 'NONE',  ( 0.000000000000000000, 1.000000000000000000, 0.000000000000000000 ) ) ;
#2094 = VERTEX_POINT ( 'NONE', #4176 ) ;
#2095 = CONICAL_SURFACE ( 'NONE', #3670, 2.299999999999999822, 0.3141592653589760364 ) ;
#2096 = ADVANCED_FACE ( 'NONE', ( #2288 ), #644, .F. ) ;
#2097 = CARTESIAN_POINT ( 'NONE',  ( -2.182283254615324797, 18.64999999999999147, 5.773529692572009431 ) ) ;
#2098 = ADVANCED_FACE ( 'NONE', ( #2811 ), #4344, .F. ) ;
#2099 = VECTOR ( 'NONE', #2853, 1000.000000000000000 ) ;
#2100 = CARTESIAN_POINT ( 'NONE',  ( 2.087434397081524118, -2.187282604411544096, -6.597072378333074028 ) ) ;
#2101 = AXIS2_PLACEMENT_3D ( 'NONE', #874, #2072, #280 ) ;
#2102 = FACE_BOUND ( 'NONE', #1642, .T. ) ;
#2104 = FACE_OUTER_BOUND ( 'NONE', #2906, .T. ) ;
#2103 = CIRCLE ( 'NONE', #117, 2.268258436585967264 ) ;
#2105 = EDGE_CURVE ( 'NONE', #687, #4372, #766, .T. ) ;
#2106 = DIRECTION ( 'NONE',  ( 1.000000000000000000, 0.000000000000000000, 0.000000000000000000 ) ) ;
#2107 = AXIS2_PLACEMENT_3D ( 'NONE', #2861, #2116, #2141 ) ;
#2108 = PLANE ( 'NONE',  #686 ) ;
#2109 = DIRECTION ( 'NONE',  ( 0.000000000000000000, 0.000000000000000000, -1.000000000000000000 ) ) ;
#2110 = DIRECTION ( 'NONE',  ( -1.000000000000000000, -0.000000000000000000, -0.000000000000000000 ) ) ;
#2111 = ORIENTED_EDGE ( 'NONE', *, *, #4350, .T. ) ;
#2112 = DIRECTION ( 'NONE',  ( -0.000000000000000000, 2.297646988048747938E-16, -1.000000000000000000 ) ) ;
#2113 = AXIS2_PLACEMENT_3D ( 'NONE', #3229, #4766, #4812 ) ;
#2114 = VECTOR ( 'NONE', #1820, 1000.000000000000000 ) ;
#2115 = VERTEX_POINT ( 'NONE', #2016 ) ;
#2116 = DIRECTION ( 'NONE',  ( 0.000000000000000000, -0.000000000000000000, -1.000000000000000000 ) ) ;
#2117 = AXIS2_PLACEMENT_3D ( 'NONE', #4074, #566, #587 ) ;
#2118 = VERTEX_POINT ( 'NONE', #1238 ) ;
#2119 = CARTESIAN_POINT ( 'NONE',  ( 6.200000000000000178, 0.000000000000000000, 0.000000000000000000 ) ) ;
#2120 = DIRECTION ( 'NONE',  ( 0.000000000000000000, -1.000000000000000000, 0.000000000000000000 ) ) ;
#2121 = DIRECTION ( 'NONE',  ( 1.000000000000000000, -0.000000000000000000, -0.000000000000000000 ) ) ;
#2122 = CC_DESIGN_DATE_AND_TIME_ASSIGNMENT ( #4587, #2712, ( #4434 ) ) ;
#2123 = CARTESIAN_POINT ( 'NONE',  ( 0.000000000000000000, -5.139000000000003787, -19.04999999999999716 ) ) ;
#2124 = AXIS2_PLACEMENT_3D ( 'NONE', #1128, #421, #1645 ) ;
#2125 = CARTESIAN_POINT ( 'NONE',  ( 0.000000000000000000, 6.349999999999997868, 5.620762745781207492 ) ) ;
#2126 = DIRECTION ( 'NONE',  ( 1.000000000000000000, -0.000000000000000000, -0.000000000000000000 ) ) ;
#2127 = EDGE_CURVE ( 'NONE', #992, #2478, #3924, .T. ) ;
#2128 = VECTOR ( 'NONE', #1226, 1000.000000000000000 ) ;
#2129 = EDGE_CURVE ( 'NONE', #1933, #1254, #5051, .T. ) ;
#2130 = AXIS2_PLACEMENT_3D ( 'NONE', #2458, #484, #533 ) ;
#2131 = DIRECTION ( 'NONE',  ( 0.000000000000000000, 0.000000000000000000, 1.000000000000000000 ) ) ;
#2132 = DIRECTION ( 'NONE',  ( -1.000000000000000000, -0.000000000000000000, -0.000000000000000000 ) ) ;
#2133 = VECTOR ( 'NONE', #2112, 1000.000000000000000 ) ;
#2134 = CARTESIAN_POINT ( 'NONE',  ( -2.182283254615324353, 5.949999999999997513, 5.773529692572009431 ) ) ;
#2135 = AXIS2_PLACEMENT_3D ( 'NONE', #2233, #3365, #3114 ) ;
#2136 = DIRECTION ( 'NONE',  ( 0.000000000000000000, 1.000000000000000000, -8.260587980841934638E-15 ) ) ;
#2137 = CARTESIAN_POINT ( 'NONE',  ( 2.264950330581225746, -5.523072258617638397, -18.64999999999999858 ) ) ;
#2138 = ORIENTED_EDGE ( 'NONE', *, *, #1940, .T. ) ;
#2139 = ORIENTED_EDGE ( 'NONE', *, *, #1860, .T. ) ;
#2140 = VERTEX_POINT ( 'NONE', #841 ) ;
#2141 = DIRECTION ( 'NONE',  ( 0.000000000000000000, -1.000000000000000000, 0.000000000000000000 ) ) ;
#2142 = EDGE_CURVE ( 'NONE', #1743, #4012, #4139, .T. ) ;
#2143 = VERTEX_POINT ( 'NONE', #47 ) ;
#2144 = CARTESIAN_POINT ( 'NONE',  ( 0.000000000000000000, -5.139000000000003787, -19.04999999999999716 ) ) ;
#2145 = EDGE_LOOP ( 'NONE', ( #607, #418, #4827, #3742 ) ) ;
#2146 = CARTESIAN_POINT ( 'NONE',  ( 3.175000000000000711, 19.44999999999999574, 5.139000000000001123 ) ) ;
#2147 = DIRECTION ( 'NONE',  ( 0.000000000000000000, -8.115498896123205041E-15, 1.000000000000000000 ) ) ;
#2148 = EDGE_LOOP ( 'NONE', ( #4518, #1752, #3198, #684 ) ) ;
#2149 = CARTESIAN_POINT ( 'NONE',  ( 2.174999999999999822, 19.04999999999999716, -3.175000000000000266 ) ) ;
#2150 = LINE ( 'NONE', #3245, #2927 ) ;
#2151 = B_SPLINE_CURVE_WITH_KNOTS ( 'NONE', 3,
 ( #1829, #3285, #4923, #1057 ),
 .UNSPECIFIED., .F., .F.,
 ( 4, 4 ),
 ( 0.003029541235337105450, 0.003249628748158704759 ),
 .UNSPECIFIED. ) ;
#2152 = FACE_OUTER_BOUND ( 'NONE', #3279, .T. ) ;
#2153 = DIRECTION ( 'NONE',  ( 0.000000000000000000, 1.000000000000000000, 0.000000000000000000 ) ) ;
#2154 = EDGE_LOOP ( 'NONE', ( #3210, #73, #2746, #3854 ) ) ;
#2155 = EDGE_CURVE ( 'NONE', #998, #3164, #4988, .T. ) ;
#2156 = EDGE_CURVE ( 'NONE', #4392, #2470, #2790, .T. ) ;
#2157 = DIRECTION ( 'NONE',  ( 0.000000000000000000, -1.000000000000000000, 0.000000000000000000 ) ) ;
#2158 = DIRECTION ( 'NONE',  ( 1.000000000000000000, 0.000000000000000000, 0.000000000000000000 ) ) ;
#2159 = CARTESIAN_POINT ( 'NONE',  ( -2.057911970479199493, -2.353224001008316080, -18.62171803211822763 ) ) ;
#2160 = CARTESIAN_POINT ( 'NONE',  ( 0.8890000000000000124, 6.349999999999999645, -9.525000000000002132 ) ) ;
#2161 = VERTEX_POINT ( 'NONE', #3168 ) ;
#2162 = ORIENTED_EDGE ( 'NONE', *, *, #2127, .F. ) ;
#2163 = EDGE_CURVE ( 'NONE', #1091, #1510, #4756, .T. ) ;
#2164 = VERTEX_POINT ( 'NONE', #4369 ) ;
#2165 = AXIS2_PLACEMENT_3D ( 'NONE', #3673, #203, #4809 ) ;
#2166 = CARTESIAN_POINT ( 'NONE',  ( 0.000000000000000000, 0.000000000000000000, -19.04999999999999716 ) ) ;
#2167 = VERTEX_POINT ( 'NONE', #2334 ) ;
#2168 = CARTESIAN_POINT ( 'NONE',  ( 0.000000000000000000, -5.438999999999999169, -4.250000000000000888 ) ) ;
#2169 = ORIENTED_EDGE ( 'NONE', *, *, #1928, .T. ) ;
#2170 = FACE_OUTER_BOUND ( 'NONE', #1124, .T. ) ;
#2171 = ORIENTED_EDGE ( 'NONE', *, *, #4324, .F. ) ;
#2172 = ADVANCED_FACE ( 'NONE', ( #3491 ), #429, .T. ) ;
#2173 = CYLINDRICAL_SURFACE ( 'NONE', #2761, 0.5000000000000000000 ) ;
#2174 = LINE ( 'NONE', #147, #4851 ) ;
#2175 = ORIENTED_EDGE ( 'NONE', *, *, #2032, .T. ) ;
#2176 = DIRECTION ( 'NONE',  ( 0.000000000000000000, 0.000000000000000000, -1.000000000000000000 ) ) ;
#2177 = EDGE_CURVE ( 'NONE', #1890, #2340, #884, .T. ) ;
#2178 = ORIENTED_EDGE ( 'NONE', *, *, #485, .F. ) ;
#2179 = FACE_OUTER_BOUND ( 'NONE', #3034, .T. ) ;
#2180 = CARTESIAN_POINT ( 'NONE',  ( 4.174999999999999822, 6.349999999999999645, -6.350000000000003197 ) ) ;
#2181 = CIRCLE ( 'NONE', #1347, 2.100000000000000977 ) ;
#2182 = CARTESIAN_POINT ( 'NONE',  ( -1.999113491775012852, 18.40225965874923020, 4.305849356269931150 ) ) ;
#2183 = CONICAL_SURFACE ( 'NONE', #1441, 2.299999999999999822, 0.3141592653589760364 ) ;
#2184 = CARTESIAN_POINT ( 'NONE',  ( 0.8890000000000000124, 6.349999999999999645, -19.05000000000000426 ) ) ;
#2185 = CARTESIAN_POINT ( 'NONE',  ( 0.000000000000000000, -5.523072258617638397, -6.350000000000001421 ) ) ;
#2186 = DIRECTION ( 'NONE',  ( 0.000000000000000000, 0.000000000000000000, 1.000000000000000000 ) ) ;
#2187 = ORIENTED_EDGE ( 'NONE', *, *, #2942, .T. ) ;
#2188 = VECTOR ( 'NONE', #4320, 1000.000000000000000 ) ;
#2189 = VERTEX_POINT ( 'NONE', #355 ) ;
#2190 = ORIENTED_EDGE ( 'NONE', *, *, #3620, .F. ) ;
#2191 = DIRECTION ( 'NONE',  ( 0.000000000000000000, 0.000000000000000000, -1.000000000000000000 ) ) ;
#2192 = ADVANCED_FACE ( 'NONE', ( #2043 ), #2382, .T. ) ;
#2193 = ADVANCED_FACE ( 'NONE', ( #70 ), #4678, .F. ) ;
#2194 = ORIENTED_EDGE ( 'NONE', *, *, #1097, .F. ) ;
#2195 = DIRECTION ( 'NONE',  ( 0.000000000000000000, 1.000000000000000000, 0.000000000000000000 ) ) ;
#2196 = AXIS2_PLACEMENT_3D ( 'NONE', #4793, #157, #2922 ) ;
#2197 = AXIS2_PLACEMENT_3D ( 'NONE', #2948, #1742, #905 ) ;
#2198 = ORIENTED_EDGE ( 'NONE', *, *, #1311, .T. ) ;
#2199 = DIRECTION ( 'NONE',  ( 0.000000000000000000, -1.000000000000000000, 0.000000000000000000 ) ) ;
#2200 = ORIENTED_EDGE ( 'NONE', *, *, #1114, .F. ) ;
#2201 = VERTEX_POINT ( 'NONE', #1187 ) ;
#2202 = LINE ( 'NONE', #3740, #3166 ) ;
#2203 = PRODUCT_DEFINITION_FORMATION_WITH_SPECIFIED_SOURCE ( 'ANY', '', #4467, .NOT_KNOWN. ) ;
#2204 = ORIENTED_EDGE ( 'NONE', *, *, #257, .F. ) ;
#2205 = DIRECTION ( 'NONE',  ( 0.000000000000000000, 0.000000000000000000, 1.000000000000000000 ) ) ;
#2206 = CARTESIAN_POINT ( 'NONE',  ( -2.232710535457612888, 5.949999999999998401, 5.620762745781209269 ) ) ;
#2207 = LINE ( 'NONE', #4784, #31 ) ;
#2208 = CARTESIAN_POINT ( 'NONE',  ( 0.000000000000000000, 22.22499999999999432, 0.000000000000000000 ) ) ;
#2209 = ADVANCED_FACE ( 'NONE', ( #406 ), #3115, .F. ) ;
#2210 = DIRECTION ( 'NONE',  ( -0.000000000000000000, 0.000000000000000000, -1.000000000000000000 ) ) ;
#2211 = FACE_OUTER_BOUND ( 'NONE', #509, .T. ) ;
#2212 = ORIENTED_EDGE ( 'NONE', *, *, #3508, .F. ) ;
#2213 = PLANE ( 'NONE',  #946 ) ;
#2214 = CARTESIAN_POINT ( 'NONE',  ( 2.087434397081524118, 6.102927621666927038, 2.187282604411544096 ) ) ;
#2215 = CARTESIAN_POINT ( 'NONE',  ( 2.174999999999999822, 6.350000000000005862, -18.95000000000001350 ) ) ;
#2216 = PLANE ( 'NONE',  #4730 ) ;
#2217 = ORIENTED_EDGE ( 'NONE', *, *, #1391, .F. ) ;
#2218 = ORIENTED_EDGE ( 'NONE', *, *, #1239, .T. ) ;
#2219 = ORIENTED_EDGE ( 'NONE', *, *, #984, .T. ) ;
#2220 = AXIS2_PLACEMENT_3D ( 'NONE', #3193, #4299, #5069 ) ;
#2221 = CARTESIAN_POINT ( 'NONE',  ( 5.460999999999999410, 19.04999999999999716, -3.175000000000000266 ) ) ;
#2222 = CIRCLE ( 'NONE', #642, 2.299999999999999822 ) ;
#2223 = ORIENTED_EDGE ( 'NONE', *, *, #2278, .T. ) ;
#2224 = CARTESIAN_POINT ( 'NONE',  ( 0.1999999999999996503, 2.000000000000000000, -24.00000000000000355 ) ) ;
#2225 = ORIENTED_EDGE ( 'NONE', *, *, #3350, .F. ) ;
#2226 = DIRECTION ( 'NONE',  ( -0.000000000000000000, -0.000000000000000000, 1.000000000000000000 ) ) ;
#2227 = ORIENTED_EDGE ( 'NONE', *, *, #2723, .F. ) ;
#2228 = EDGE_CURVE ( 'NONE', #4090, #4468, #4707, .T. ) ;
#2229 = ADVANCED_FACE ( 'NONE', ( #2408 ), #2959, .T. ) ;
#2230 = DIRECTION ( 'NONE',  ( 0.000000000000000000, 1.000000000000000000, 0.000000000000000000 ) ) ;
#2231 = ORIENTED_EDGE ( 'NONE', *, *, #1703, .T. ) ;
#2232 = DIRECTION ( 'NONE',  ( 0.000000000000000000, 1.000000000000000000, 0.000000000000000000 ) ) ;
#2233 = CARTESIAN_POINT ( 'NONE',  ( 0.000000000000000000, -5.389000000000001123, -6.350000000000001421 ) ) ;
#2234 = CARTESIAN_POINT ( 'NONE',  ( 3.175000000000000711, 18.64999999999999147, 5.139000000000001123 ) ) ;
#2235 = ADVANCED_FACE ( 'NONE', ( #3993 ), #3286, .F. ) ;
#2236 = CARTESIAN_POINT ( 'NONE',  ( 0.000000000000000000, 6.349999999999997868, 5.139000000000002899 ) ) ;
#2237 = CARTESIAN_POINT ( 'NONE',  ( 0.8890000000000000124, 6.349999999999999645, -19.05000000000000426 ) ) ;
#2238 = ORIENTED_EDGE ( 'NONE', *, *, #3288, .T. ) ;
#2239 = CARTESIAN_POINT ( 'NONE',  ( 5.460999999999999410, 6.349999999999999645, -19.05000000000000426 ) ) ;
#2240 = CARTESIAN_POINT ( 'NONE',  ( 2.264950330581225302, 5.949999999999998401, 5.523072258617638397 ) ) ;
#2241 = CARTESIAN_POINT ( 'NONE',  ( 0.000000000000000000, 19.04999999999999361, 5.438999999999999169 ) ) ;
#2242 = VERTEX_POINT ( 'NONE', #897 ) ;
#2243 = VERTEX_POINT ( 'NONE', #4804 ) ;
#2244 = ORIENTED_EDGE ( 'NONE', *, *, #809, .F. ) ;
#2245 = DIRECTION ( 'NONE',  ( 1.000000000000000000, -0.000000000000000000, -0.000000000000000000 ) ) ;
#2246 = ORIENTED_EDGE ( 'NONE', *, *, #4202, .F. ) ;
#2247 = LINE ( 'NONE', #2554, #383 ) ;
#2248 = ORIENTED_EDGE ( 'NONE', *, *, #3156, .F. ) ;
#2249 = CARTESIAN_POINT ( 'NONE',  ( 2.040073290564207831, -2.595422128626172054, -19.54809734904587160 ) ) ;
#2250 = ORIENTED_EDGE ( 'NONE', *, *, #3741, .T. ) ;
#2251 = CIRCLE ( 'NONE', #4339, 2.100000000000000977 ) ;
#2252 = EDGE_LOOP ( 'NONE', ( #3552, #4487, #2767, #2859 ) ) ;
#2253 = DIRECTION ( 'NONE',  ( -0.000000000000000000, -1.000000000000000000, 7.542275982507855914E-17 ) ) ;
#2254 = ORIENTED_EDGE ( 'NONE', *, *, #3104, .F. ) ;
#2255 = EDGE_CURVE ( 'NONE', #1182, #1469, #3713, .T. ) ;
#2256 = CARTESIAN_POINT ( 'NONE',  ( -3.175000000000000711, -2.595422128626172054, -18.55190265095412627 ) ) ;
#2257 = ADVANCED_FACE ( 'NONE', ( #2483, #2069 ), #559, .F. ) ;
#2258 = DIRECTION ( 'NONE',  ( 0.000000000000000000, -1.000000000000000000, 0.000000000000000000 ) ) ;
#2259 = CARTESIAN_POINT ( 'NONE',  ( 0.000000000000000000, -5.523072258617638397, -6.350000000000001421 ) ) ;
#2260 = DIRECTION ( 'NONE',  ( 0.000000000000000000, 5.324398787651590786E-15, -1.000000000000000000 ) ) ;
#2261 = ADVANCED_FACE ( 'NONE', ( #2170 ), #3633, .F. ) ;
#2262 = EDGE_CURVE ( 'NONE', #1574, #496, #3267, .T. ) ;
#2263 = CARTESIAN_POINT ( 'NONE',  ( 1.972483239316684234, 7.070631577586465433, 5.138999999999997570 ) ) ;
#2264 = LINE ( 'NONE', #4254, #4783 ) ;
#2265 = EDGE_LOOP ( 'NONE', ( #3760, #3107, #4401, #4010, #4700, #4080, #4672, #2175 ) ) ;
#2266 = CARTESIAN_POINT ( 'NONE',  ( -2.057850353472996385, 18.62138806534420965, 2.353605336466521258 ) ) ;
#2267 = DIRECTION ( 'NONE',  ( 1.000000000000000000, 0.000000000000000000, 0.000000000000000000 ) ) ;
#2268 = CLOSED_SHELL ( 'NONE', ( #4076, #1595, #3873, #3233, #1558, #2812, #757, #1327, #2539, #4930, #2599, #698, #2444, #350, #3779, #98, #556, #2552, #3813, #2360, #4982, #2229, #2416, #292, #4966, #4818, #1677, #1921, #1571, #2098, #3698, #1792, #4735, #570, #3033, #4201, #2409, #3092, #442, #3413, #1626, #2707, #3475, #2567, #3381, #4477, #2698, #1523, #3733, #2445, #2992, #3463, #2209, #592, #1566, #3395, #258, #3018, #3612, #2635, #2850, #2354, #820, #2235, #2505, #1548, #4275, #130, #1494, #236, #1174, #645, #3002, #2878, #4408, #3595, #1030, #76, #1533, #3611, #924, #3839, #3429, #4586, #426, #3706, #2889, #4581, #4506, #2096, #2193, #2011, #129, #3216, #461, #2261, #4716, #538, #5016, #4330, #1817, #3249, #4993, #3122, #3304, #242, #4668, #857, #3012, #3927, #223, #1631, #34, #1320, #4757, #2480, #3528, #2192, #1460, #734, #1053, #3464, #4844, #1164, #4634, #4767, #2391, #1289, #3134, #1328, #29, #4389, #3772, #187, #3291, #3796, #4116, #2257, #2172, #3925, #1506, #2506, #3435, #441, #916, #3861, #1473, #3524, #188, #944, #921, #2880, #67, #3934 ) ) ;
#2269 = EDGE_CURVE ( 'NONE', #1779, #371, #656, .T. ) ;
#2270 = CARTESIAN_POINT ( 'NONE',  ( -2.057850353472996385, 5.921388065344211249, 2.353605336466520370 ) ) ;
#2271 = DIRECTION ( 'NONE',  ( 0.000000000000000000, -1.131341397376178325E-16, 1.000000000000000000 ) ) ;
#2272 = ORIENTED_EDGE ( 'NONE', *, *, #1778, .T. ) ;
#2273 = ORIENTED_EDGE ( 'NONE', *, *, #1825, .T. ) ;
#2274 = ORIENTED_EDGE ( 'NONE', *, *, #4482, .T. ) ;
#2275 = CIRCLE ( 'NONE', #278, 0.7499999999999997780 ) ;
#2276 = CARTESIAN_POINT ( 'NONE',  ( 0.000000000000000000, -5.620762745781208380, -19.04999999999999716 ) ) ;
#2277 = CIRCLE ( 'NONE', #4529, 2.100000000000000977 ) ;
#2278 = EDGE_CURVE ( 'NONE', #3059, #2189, #3672, .T. ) ;
#2279 = VERTEX_POINT ( 'NONE', #1756 ) ;
#2280 = EDGE_LOOP ( 'NONE', ( #1960, #1356, #5037, #4627 ) ) ;
#2281 = CARTESIAN_POINT ( 'NONE',  ( -3.174999999999999822, -5.138999999999997570, -5.629368422413535633 ) ) ;
#2282 = ORIENTED_EDGE ( 'NONE', *, *, #4045, .F. ) ;
#2283 = CARTESIAN_POINT ( 'NONE',  ( 5.460999999999999410, 6.349999999999999645, -15.87500000000000355 ) ) ;
#2284 = VECTOR ( 'NONE', #4980, 1000.000000000000000 ) ;
#2285 = EDGE_LOOP ( 'NONE', ( #3578, #346 ) ) ;
#2286 = DIRECTION ( 'NONE',  ( 1.000000000000000000, -0.000000000000000000, -0.000000000000000000 ) ) ;
#2287 = CARTESIAN_POINT ( 'NONE',  ( 0.000000000000000000, 19.04999999999999361, 5.139000000000004675 ) ) ;
#2288 = FACE_OUTER_BOUND ( 'NONE', #62, .T. ) ;
#2289 = AXIS2_PLACEMENT_3D ( 'NONE', #3522, #1537, #775 ) ;
#2290 = CONICAL_SURFACE ( 'NONE', #370, 2.100000000000000977, 1.172861257340199304 ) ;
#2291 = PERSON_AND_ORGANIZATION ( #3151, #3013 ) ;
#2292 = CC_DESIGN_SECURITY_CLASSIFICATION ( #3178, ( #2203 ) ) ;
#2293 = CARTESIAN_POINT ( 'NONE',  ( 1.821676962433381508, 6.749999999999996447, 6.089970303311146971 ) ) ;
#2294 = DIRECTION ( 'NONE',  ( 0.000000000000000000, -0.000000000000000000, -1.000000000000000000 ) ) ;
#2295 = EDGE_LOOP ( 'NONE', ( #4513, #2304, #105, #890, #920, #1788, #4497, #482, #4289, #1649 ) ) ;
#2296 = DIRECTION ( 'NONE',  ( 0.000000000000000000, -1.000000000000000000, -8.115498896123167176E-15 ) ) ;
#2297 = EDGE_CURVE ( 'NONE', #1105, #245, #2936, .T. ) ;
#2298 = CARTESIAN_POINT ( 'NONE',  ( 1.663407726524676278, 19.44999999999999574, 6.139000000000001123 ) ) ;
#2299 = LINE ( 'NONE', #3451, #3024 ) ;
#2300 = FACE_OUTER_BOUND ( 'NONE', #2980, .T. ) ;
#2301 = ORIENTED_EDGE ( 'NONE', *, *, #3751, .T. ) ;
#2302 = CONICAL_SURFACE ( 'NONE', #2862, 2.100000000000000977, 1.172861257340199304 ) ;
#2303 = VERTEX_POINT ( 'NONE', #1783 ) ;
#2304 = ORIENTED_EDGE ( 'NONE', *, *, #1178, .F. ) ;
#2305 = LINE ( 'NONE', #1467, #2751 ) ;
#2306 = CONICAL_SURFACE ( 'NONE', #2465, 2.100000000000000977, 1.172861257340199304 ) ;
#2307 = ORIENTED_EDGE ( 'NONE', *, *, #1656, .F. ) ;
#2308 = CARTESIAN_POINT ( 'NONE',  ( 4.174999999999999822, 6.350000000000005862, -18.95000000000001350 ) ) ;
#2309 = VECTOR ( 'NONE', #2647, 1000.000000000000000 ) ;
#2310 = DIRECTION ( 'NONE',  ( 0.000000000000000000, 0.000000000000000000, 1.000000000000000000 ) ) ;
#2311 = DIRECTION ( 'NONE',  ( 1.000000000000000000, 0.000000000000000000, -0.000000000000000000 ) ) ;
#2312 = MECHANICAL_CONTEXT ( 'NONE', #3089, 'mechanical' ) ;
#2313 = FACE_OUTER_BOUND ( 'NONE', #4059, .T. ) ;
#2314 = FACE_OUTER_BOUND ( 'NONE', #2406, .T. ) ;
#2315 = CARTESIAN_POINT ( 'NONE',  ( 2.232710535457612888, -5.620762745781209269, -6.750000000000000888 ) ) ;
#2316 = VERTEX_POINT ( 'NONE', #4394 ) ;
#2317 = CARTESIAN_POINT ( 'NONE',  ( -2.264950330581225746, -5.523072258617638397, -19.44999999999999929 ) ) ;
#2318 = B_SPLINE_CURVE_WITH_KNOTS ( 'NONE', 3,
 ( #806, #3202, #779, #1662 ),
 .UNSPECIFIED., .F., .F.,
 ( 4, 4 ),
 ( 0.002832913685900425270, 0.002935786532568636451 ),
 .UNSPECIFIED. ) ;
#2319 = LINE ( 'NONE', #1981, #3564 ) ;
#2320 = CARTESIAN_POINT ( 'NONE',  ( 0.000000000000000000, -5.620762745781208380, -16.78174156341403034 ) ) ;
#2321 = DIRECTION ( 'NONE',  ( 0.000000000000000000, 0.9961946980917461003, 0.08715574274765176821 ) ) ;
#2322 = EDGE_CURVE ( 'NONE', #527, #3219, #4567, .T. ) ;
#2323 = VERTEX_POINT ( 'NONE', #1360 ) ;
#2324 = VERTEX_POINT ( 'NONE', #2886 ) ;
#2325 = EDGE_CURVE ( 'NONE', #1091, #3411, #4420, .T. ) ;
#2326 = EDGE_LOOP ( 'NONE', ( #59, #3683, #3701, #2436, #3787, #1851, #811, #3333 ) ) ;
#2327 = CARTESIAN_POINT ( 'NONE',  ( 2.232710535457612888, 18.64999999999999147, 5.620762745781209269 ) ) ;
#2328 = VERTEX_POINT ( 'NONE', #2938 ) ;
#2329 = DIRECTION ( 'NONE',  ( 0.000000000000000000, 0.000000000000000000, -1.000000000000000000 ) ) ;
#2330 = ORIENTED_EDGE ( 'NONE', *, *, #230, .F. ) ;
#2331 = DIRECTION ( 'NONE',  ( -1.000000000000000000, -0.000000000000000000, 0.000000000000000000 ) ) ;
#2332 = EDGE_CURVE ( 'NONE', #1058, #2143, #3241, .T. ) ;
#2333 = FACE_OUTER_BOUND ( 'NONE', #3709, .T. ) ;
#2334 = CARTESIAN_POINT ( 'NONE',  ( 0.000000000000000000, 22.22499999999999432, 0.8890000000000000124 ) ) ;
#2335 = VECTOR ( 'NONE', #2821, 1000.000000000000000 ) ;
#2336 = CARTESIAN_POINT ( 'NONE',  ( 0.000000000000000000, 6.349999999999997868, 5.620762745781207492 ) ) ;
#2337 = EDGE_CURVE ( 'NONE', #2242, #2161, #4476, .T. ) ;
#2338 = CARTESIAN_POINT ( 'NONE',  ( 5.460999999999999410, 6.349999999999999645, -6.350000000000003197 ) ) ;
#2339 = DIRECTION ( 'NONE',  ( -1.000000000000000000, -0.000000000000000000, -0.000000000000000000 ) ) ;
#2340 = VERTEX_POINT ( 'NONE', #580 ) ;
#2341 = FACE_OUTER_BOUND ( 'NONE', #1952, .T. ) ;
#2342 = CYLINDRICAL_SURFACE ( 'NONE', #1953, 3.175000000000000711 ) ;
#2343 = CARTESIAN_POINT ( 'NONE',  ( 2.021666578221208432, -3.457121909598158016, -19.62348631124368481 ) ) ;
#2344 = DIRECTION ( 'NONE',  ( -0.000000000000000000, 1.131341397376178325E-16, -1.000000000000000000 ) ) ;
#2345 = ORIENTED_EDGE ( 'NONE', *, *, #1425, .T. ) ;
#2346 = VERTEX_POINT ( 'NONE', #145 ) ;
#2347 = AXIS2_PLACEMENT_3D ( 'NONE', #2281, #4925, #637 ) ;
#2348 = CARTESIAN_POINT ( 'NONE',  ( 2.254205848354697839, -5.555636450100673862, -5.950000000000001954 ) ) ;
#2349 = EDGE_LOOP ( 'NONE', ( #3160, #3057, #4738, #460 ) ) ;
#2350 = PLANE ( 'NONE',  #313 ) ;
#2351 = AXIS2_PLACEMENT_3D ( 'NONE', #3183, #2083, #4287 ) ;
#2352 = EDGE_LOOP ( 'NONE', ( #2111, #2307, #4005, #4025 ) ) ;
#2353 = LINE ( 'NONE', #3894, #1775 ) ;
#2354 = ADVANCED_FACE ( 'NONE', ( #1385 ), #2865, .F. ) ;
#2355 = CIRCLE ( 'NONE', #2995, 2.100000000000000977 ) ;
#2356 = AXIS2_PLACEMENT_3D ( 'NONE', #1816, #3793, #3366 ) ;
#2357 = CARTESIAN_POINT ( 'NONE',  ( 0.000000000000000000, 19.44999999999999574, 6.139000000000000234 ) ) ;
#2358 = DIRECTION ( 'NONE',  ( -0.000000000000000000, -0.000000000000000000, 1.000000000000000000 ) ) ;
#2359 = AXIS2_PLACEMENT_3D ( 'NONE', #1463, #2625, #2191 ) ;
#2360 = ADVANCED_FACE ( 'NONE', ( #4169 ), #4686, .T. ) ;
#2361 = PERSON_AND_ORGANIZATION_ROLE ( 'creator' ) ;
#2362 = CARTESIAN_POINT ( 'NONE',  ( -1.663407726524676056, -6.139000000000001123, -19.44999999999999929 ) ) ;
#2363 = ORIENTED_EDGE ( 'NONE', *, *, #3338, .T. ) ;
#2364 = CARTESIAN_POINT ( 'NONE',  ( 2.182266827280790800, -5.773579458367406048, -19.44999999999999929 ) ) ;
#2365 = AXIS2_PLACEMENT_3D ( 'NONE', #1532, #3096, #4638 ) ;
#2366 = CARTESIAN_POINT ( 'NONE',  ( -1.972483239316685122, -5.138999999999997570, -5.629368422413535633 ) ) ;
#2367 = EDGE_CURVE ( 'NONE', #3212, #1627, #1079, .T. ) ;
#2368 = CARTESIAN_POINT ( 'NONE',  ( -7.000000000000000000, 0.000000000000000000, -18.24425540319414907 ) ) ;
#2369 = AXIS2_PLACEMENT_3D ( 'NONE', #925, #2126, #1225 ) ;
#2370 = DIRECTION ( 'NONE',  ( 0.000000000000000000, 0.000000000000000000, 1.000000000000000000 ) ) ;
#2371 = CARTESIAN_POINT ( 'NONE',  ( -6.200000000000000178, 1.999999999999997335, -1.999999999999998224 ) ) ;
#2372 = EDGE_LOOP ( 'NONE', ( #1308, #2727, #917, #3847, #3038, #1219, #2020 ) ) ;
#2373 = DIRECTION ( 'NONE',  ( 1.000000000000000000, 0.000000000000000000, 0.000000000000000000 ) ) ;
#2374 = DIRECTION ( 'NONE',  ( 1.000000000000000000, 0.000000000000000000, 0.000000000000000000 ) ) ;
#2375 = CARTESIAN_POINT ( 'NONE',  ( -2.061552812808830293, 6.749999999999997335, 5.439000000000000945 ) ) ;
#2376 = ORIENTED_EDGE ( 'NONE', *, *, #3441, .F. ) ;
#2377 = DIRECTION ( 'NONE',  ( -0.000000000000000000, 1.000000000000000000, 0.000000000000000000 ) ) ;
#2378 = VERTEX_POINT ( 'NONE', #1889 ) ;
#2379 = ORIENTED_EDGE ( 'NONE', *, *, #3067, .T. ) ;
#2380 = CARTESIAN_POINT ( 'NONE',  ( -3.174999999999999822, -2.595422128626172054, -6.848097349045874971 ) ) ;
#2381 = AXIS2_PLACEMENT_3D ( 'NONE', #1377, #550, #4917 ) ;
#2382 = CONICAL_SURFACE ( 'NONE', #2867, 2.299999999999999822, 0.3141592653589760364 ) ;
#2383 = CARTESIAN_POINT ( 'NONE',  ( 4.174999999999999822, 6.349999999999999645, -6.350000000000003197 ) ) ;
#2384 = EDGE_CURVE ( 'NONE', #1989, #2029, #1026, .T. ) ;
#2385 = DIRECTION ( 'NONE',  ( -1.000000000000000000, -0.000000000000000000, -0.000000000000000000 ) ) ;
#2386 = EDGE_CURVE ( 'NONE', #2164, #4260, #326, .T. ) ;
#2387 = CIRCLE ( 'NONE', #2871, 2.100000000000000089 ) ;
#2388 = PLANE ( 'NONE',  #1765 ) ;
#2389 = ORIENTED_EDGE ( 'NONE', *, *, #4471, .T. ) ;
#2390 = DIRECTION ( 'NONE',  ( 0.000000000000000000, 1.000000000000000000, 0.000000000000000000 ) ) ;
#2391 = ADVANCED_FACE ( 'NONE', ( #2580 ), #685, .F. ) ;
#2392 = FACE_OUTER_BOUND ( 'NONE', #1150, .T. ) ;
#2393 = DIRECTION ( 'NONE',  ( 0.000000000000000000, -1.000000000000000000, 0.000000000000000000 ) ) ;
#2394 = PLANE ( 'NONE',  #1005 ) ;
#2395 = CARTESIAN_POINT ( 'NONE',  ( 0.000000000000000000, -5.439000000000000057, -19.04999999999999716 ) ) ;
#2396 = ORIENTED_EDGE ( 'NONE', *, *, #678, .F. ) ;
#2397 = B_SPLINE_CURVE_WITH_KNOTS ( 'NONE', 3,
 ( #2521, #523, #4483, #3699, #2897, #239, #3726, #2159, #1046, #4429 ),
 .UNSPECIFIED., .F., .F.,
 ( 4, 2, 2, 2, 4 ),
 ( 0.000000000000000000, 0.0003704147845104416433, 0.0007408295690208832867, 0.001111244353531324822, 0.001481659138041766573 ),
 .UNSPECIFIED. ) ;
#2398 = ORIENTED_EDGE ( 'NONE', *, *, #1191, .T. ) ;
#2399 = FACE_OUTER_BOUND ( 'NONE', #2154, .T. ) ;
#2400 = EDGE_CURVE ( 'NONE', #4579, #4247, #3056, .T. ) ;
#2401 =( BOUNDED_CURVE ( )  B_SPLINE_CURVE ( 3, ( #934, #2999, #3353, #1772 ),
 .UNSPECIFIED., .F., .F. ) 
 B_SPLINE_CURVE_WITH_KNOTS ( ( 4, 4 ),
 ( 1.810267798689539021, 1.921073213463466933 ),
 .UNSPECIFIED. ) 
 CURVE ( )  GEOMETRIC_REPRESENTATION_ITEM ( )  RATIONAL_B_SPLINE_CURVE ( ( 1.000000000000000000, 0.9989771083553060649, 0.9989771083553060649, 1.000000000000000000 ) ) 
 REPRESENTATION_ITEM ( '' )  );
#2402 = ORIENTED_EDGE ( 'NONE', *, *, #4890, .T. ) ;
#2403 = DIRECTION ( 'NONE',  ( 0.000000000000000000, 0.000000000000000000, 1.000000000000000000 ) ) ;
#2404 = EDGE_LOOP ( 'NONE', ( #4712, #1654 ) ) ;
#2405 = CARTESIAN_POINT ( 'NONE',  ( 6.200000000000000178, 25.00000000000000000, 0.000000000000000000 ) ) ;
#2406 = EDGE_LOOP ( 'NONE', ( #3051, #4316, #1075, #2939 ) ) ;
#2407 = CARTESIAN_POINT ( 'NONE',  ( 0.000000000000000000, -0.8890000000000009006, -6.350000000000001421 ) ) ;
#2408 = FACE_OUTER_BOUND ( 'NONE', #4612, .T. ) ;
#2409 = ADVANCED_FACE ( 'NONE', ( #3788 ), #1912, .F. ) ;
#2410 = LINE ( 'NONE', #1240, #1853 ) ;
#2411 = VERTEX_POINT ( 'NONE', #3360 ) ;
#2412 = DIRECTION ( 'NONE',  ( 0.000000000000000000, 0.000000000000000000, -1.000000000000000000 ) ) ;
#2413 = AXIS2_PLACEMENT_3D ( 'NONE', #3347, #4049, #1715 ) ;
#2414 = CARTESIAN_POINT ( 'NONE',  ( 0.000000000000000000, -5.439000000000000057, -19.04999999999999716 ) ) ;
#2415 = LINE ( 'NONE', #2819, #4709 ) ;
#2416 = ADVANCED_FACE ( 'NONE', ( #605 ), #273, .T. ) ;
#2417 = EDGE_CURVE ( 'NONE', #3739, #3681, #2679, .T. ) ;
#2418 = LINE ( 'NONE', #3931, #1919 ) ;
#2419 = PRODUCT_DEFINITION_SHAPE ( 'NONE', 'NONE',  #4434 ) ;
#2420 = CARTESIAN_POINT ( 'NONE',  ( 2.061552812808830293, -5.439000000000000945, -5.950000000000001954 ) ) ;
#2421 = VERTEX_POINT ( 'NONE', #1857 ) ;
#2422 = CARTESIAN_POINT ( 'NONE',  ( -2.083236664664702698, 5.950000000000000178, 5.905597390643910316 ) ) ;
#2423 = EDGE_LOOP ( 'NONE', ( #2654, #216, #2013, #279 ) ) ;
#2424 = CARTESIAN_POINT ( 'NONE',  ( 2.264950330581225746, 18.64999999999999147, 5.523072258617638397 ) ) ;
#2425 = ORIENTED_EDGE ( 'NONE', *, *, #4862, .T. ) ;
#2426 = CARTESIAN_POINT ( 'NONE',  ( 0.1999999999999996503, 11.40000000000000213, -18.95000000000001350 ) ) ;
#2427 = LINE ( 'NONE', #455, #3404 ) ;
#2428 = ORIENTED_EDGE ( 'NONE', *, *, #2325, .F. ) ;
#2429 =( BOUNDED_CURVE ( )  B_SPLINE_CURVE ( 3, ( #1204, #1511, #2777, #3076 ),
 .UNSPECIFIED., .F., .F. ) 
 B_SPLINE_CURVE_WITH_KNOTS ( ( 4, 4 ),
 ( 4.362112093716119077, 4.472917508490046323 ),
 .UNSPECIFIED. ) 
 CURVE ( )  GEOMETRIC_REPRESENTATION_ITEM ( )  RATIONAL_B_SPLINE_CURVE ( ( 1.000000000000000000, 0.9989771083553060649, 0.9989771083553060649, 1.000000000000000000 ) ) 
 REPRESENTATION_ITEM ( '' )  );
#2430 = FACE_OUTER_BOUND ( 'NONE', #454, .T. ) ;
#2431 = AXIS2_PLACEMENT_3D ( 'NONE', #1580, #358, #3539 ) ;
#2432 = CARTESIAN_POINT ( 'NONE',  ( 2.243459280444428217, 6.749999999999997335, 5.588199955838117461 ) ) ;
#2433 = ORIENTED_EDGE ( 'NONE', *, *, #4619, .T. ) ;
#2434 = AXIS2_PLACEMENT_3D ( 'NONE', #3590, #97, #4042 ) ;
#2435 = DIRECTION ( 'NONE',  ( 1.000000000000000000, -0.000000000000000000, -0.000000000000000000 ) ) ;
#2436 = ORIENTED_EDGE ( 'NONE', *, *, #3583, .F. ) ;
#2437 = AXIS2_PLACEMENT_3D ( 'NONE', #2276, #1885, #3783 ) ;
#2438 = CARTESIAN_POINT ( 'NONE',  ( 5.460999999999999410, 6.349999999999999645, -6.350000000000003197 ) ) ;
#2439 = CARTESIAN_POINT ( 'NONE',  ( 0.000000000000000000, 19.04999999999999361, 6.139000000000000234 ) ) ;
#2440 = CIRCLE ( 'NONE', #2524, 2.100000000000000977 ) ;
#2441 = FACE_OUTER_BOUND ( 'NONE', #1062, .T. ) ;
#2442 = CARTESIAN_POINT ( 'NONE',  ( -2.061552812808830293, 19.44999999999999574, 5.438999999999999169 ) ) ;
#2443 = VERTEX_POINT ( 'NONE', #714 ) ;
#2444 = ADVANCED_FACE ( 'NONE', ( #1440 ), #4552, .T. ) ;
#2445 = ADVANCED_FACE ( 'NONE', ( #3737 ), #3819, .F. ) ;
#2446 = DIRECTION ( 'NONE',  ( 0.000000000000000000, -1.000000000000000000, 0.000000000000000000 ) ) ;
#2447 = CARTESIAN_POINT ( 'NONE',  ( 4.174999999999999822, 24.00000000000000000, -6.349999999999997868 ) ) ;
#2448 = CARTESIAN_POINT ( 'NONE',  ( -2.081805041010027058, 6.749999999999995559, 5.906940355987361890 ) ) ;
#2449 = DIRECTION ( 'NONE',  ( 1.000000000000000000, 0.000000000000000000, -0.000000000000000000 ) ) ;
#2450 = ORIENTED_EDGE ( 'NONE', *, *, #1617, .T. ) ;
#2451 = DIRECTION ( 'NONE',  ( -1.000000000000000000, 0.000000000000000000, 0.000000000000000000 ) ) ;
#2452 = ORIENTED_EDGE ( 'NONE', *, *, #471, .F. ) ;
#2453 = EDGE_CURVE ( 'NONE', #1399, #501, #2305, .T. ) ;
#2454 = ORIENTED_EDGE ( 'NONE', *, *, #3751, .F. ) ;
#2455 = CARTESIAN_POINT ( 'NONE',  ( 0.000000000000000000, -0.8890000000000009006, -4.250000000000000888 ) ) ;
#2456 = ORIENTED_EDGE ( 'NONE', *, *, #1710, .T. ) ;
#2457 = CARTESIAN_POINT ( 'NONE',  ( 0.8890000000000000124, 6.349999999999999645, -22.22500000000000497 ) ) ;
#2458 = CARTESIAN_POINT ( 'NONE',  ( 0.8890000000000000124, 6.349999999999999645, -6.350000000000003197 ) ) ;
#2459 = EDGE_CURVE ( 'NONE', #3945, #1275, #2655, .T. ) ;
#2460 = CIRCLE ( 'NONE', #1375, 2.299999999999999822 ) ;
#2461 = ORIENTED_EDGE ( 'NONE', *, *, #2792, .T. ) ;
#2462 = DIRECTION ( 'NONE',  ( 1.000000000000000000, 0.000000000000000000, 0.000000000000000000 ) ) ;
#2463 = EDGE_CURVE ( 'NONE', #3411, #3889, #1680, .T. ) ;
#2464 = CARTESIAN_POINT ( 'NONE',  ( 0.000000000000000000, -5.439000000000000057, -19.04999999999999716 ) ) ;
#2465 = AXIS2_PLACEMENT_3D ( 'NONE', #4632, #86, #1252 ) ;
#2466 = CARTESIAN_POINT ( 'NONE',  ( 0.1999999999999996503, 2.000000000000000000, -24.00000000000000355 ) ) ;
#2467 = CARTESIAN_POINT ( 'NONE',  ( -1.502637486114517751, -6.139000000000000234, -6.750000000000002665 ) ) ;
#2468 = CARTESIAN_POINT ( 'NONE',  ( -2.061552812808830293, 5.949999999999998401, 5.439000000000000945 ) ) ;
#2469 = VECTOR ( 'NONE', #2271, 1000.000000000000000 ) ;
#2470 = VERTEX_POINT ( 'NONE', #1232 ) ;
#2471 = CARTESIAN_POINT ( 'NONE',  ( 2.061552812808830737, -5.139000000000001123, -5.950000000000001954 ) ) ;
#2472 = EDGE_CURVE ( 'NONE', #1254, #2542, #450, .T. ) ;
#2473 = LINE ( 'NONE', #446, #4926 ) ;
#2474 = DIRECTION ( 'NONE',  ( 0.000000000000000000, 0.000000000000000000, -1.000000000000000000 ) ) ;
#2475 = DIRECTION ( 'NONE',  ( 1.000000000000000000, 0.000000000000000000, 0.000000000000000000 ) ) ;
#2476 = ORIENTED_EDGE ( 'NONE', *, *, #8, .F. ) ;
#2477 = CYLINDRICAL_SURFACE ( 'NONE', #968, 5.049999999999995381 ) ;
#2478 = VERTEX_POINT ( 'NONE', #63 ) ;
#2479 = ORIENTED_EDGE ( 'NONE', *, *, #1158, .T. ) ;
#2480 = ADVANCED_FACE ( 'NONE', ( #3918 ), #929, .T. ) ;
#2481 = EDGE_LOOP ( 'NONE', ( #3667, #2656, #4777, #272, #3328, #4551, #488, #5041, #4985, #940 ) ) ;
#2482 = DIRECTION ( 'NONE',  ( 0.000000000000000000, 1.000000000000000000, 0.000000000000000000 ) ) ;
#2483 = FACE_OUTER_BOUND ( 'NONE', #3509, .T. ) ;
#2484 = EDGE_CURVE ( 'NONE', #2316, #1412, #737, .T. ) ;
#2485 = DIRECTION ( 'NONE',  ( 0.000000000000000000, -1.000000000000000000, 1.284980352575412946E-16 ) ) ;
#2486 = CARTESIAN_POINT ( 'NONE',  ( 0.000000000000000000, -5.439000000000000057, -19.04999999999999716 ) ) ;
#2487 = LINE ( 'NONE', #4349, #1620 ) ;
#2488 = EDGE_CURVE ( 'NONE', #373, #3028, #4673, .T. ) ;
#2489 = CYLINDRICAL_SURFACE ( 'NONE', #340, 2.100000000000000977 ) ;
#2490 = CYLINDRICAL_SURFACE ( 'NONE', #1955, 2.100000000000000089 ) ;
#2491 = AXIS2_PLACEMENT_3D ( 'NONE', #2338, #2462, #3592 ) ;
#2492 = ORIENTED_EDGE ( 'NONE', *, *, #2568, .F. ) ;
#2493 = B_SPLINE_CURVE_WITH_KNOTS ( 'NONE', 3,
 ( #774, #4614, #362, #2317 ),
 .UNSPECIFIED., .F., .F.,
 ( 4, 4 ),
 ( 0.007647354141962974666, 0.007869202712918558010 ),
 .UNSPECIFIED. ) ;
#2494 = DIRECTION ( 'NONE',  ( 0.000000000000000000, -1.000000000000000000, 0.000000000000000000 ) ) ;
#2495 = DIRECTION ( 'NONE',  ( 0.000000000000000000, -1.000000000000000000, 0.000000000000000000 ) ) ;
#2496 = DIRECTION ( 'NONE',  ( 1.000000000000000000, -0.000000000000000000, -0.000000000000000000 ) ) ;
#2497 = DIRECTION ( 'NONE',  ( 0.000000000000000000, 1.000000000000000000, 0.000000000000000000 ) ) ;
#2498 = ORIENTED_EDGE ( 'NONE', *, *, #4262, .T. ) ;
#2499 = DIRECTION ( 'NONE',  ( -0.000000000000000000, 1.000000000000000000, -0.000000000000000000 ) ) ;
#2500 = ORIENTED_EDGE ( 'NONE', *, *, #3523, .T. ) ;
#2501 = VERTEX_POINT ( 'NONE', #787 ) ;
#2502 = DIRECTION ( 'NONE',  ( 0.000000000000000000, 0.000000000000000000, -1.000000000000000000 ) ) ;
#2503 = CARTESIAN_POINT ( 'NONE',  ( -2.042738866564660416, -2.470634702552896744, -6.837179863913884326 ) ) ;
#2504 = CARTESIAN_POINT ( 'NONE',  ( -2.243459280444427772, -5.588199955838118349, -6.750000000000000888 ) ) ;
#2505 = ADVANCED_FACE ( 'NONE', ( #347 ), #2008, .T. ) ;
#2506 = ADVANCED_FACE ( 'NONE', ( #13 ), #2095, .T. ) ;
#2507 = PLANE ( 'NONE',  #1608 ) ;
#2508 = VECTOR ( 'NONE', #2609, 1000.000000000000000 ) ;
#2509 = DIRECTION ( 'NONE',  ( 0.000000000000000000, -0.000000000000000000, 1.000000000000000000 ) ) ;
#2510 = AXIS2_PLACEMENT_3D ( 'NONE', #2990, #1453, #3774 ) ;
#2511 = DIRECTION ( 'NONE',  ( -0.000000000000000000, -1.000000000000000000, -0.000000000000000000 ) ) ;
#2512 = CIRCLE ( 'NONE', #4853, 3.174999999999998934 ) ;
#2513 = PLANE ( 'NONE',  #2082 ) ;
#2515 = PLANE ( 'NONE',  #4439 ) ;
#2514 = AXIS2_PLACEMENT_3D ( 'NONE', #4591, #3449, #3877 ) ;
#2516 = ORIENTED_EDGE ( 'NONE', *, *, #3154, .T. ) ;
#2517 = EDGE_CURVE ( 'NONE', #1728, #4719, #3579, .T. ) ;
#2518 = LINE ( 'NONE', #546, #4944 ) ;
#2519 = VECTOR ( 'NONE', #2932, 1000.000000000000000 ) ;
#2520 = DIRECTION ( 'NONE',  ( -0.000000000000000000, -1.000000000000000000, -0.000000000000000000 ) ) ;
#2521 = CARTESIAN_POINT ( 'NONE',  ( -2.040073290564207831, -2.595422128626172054, -19.54809734904587160 ) ) ;
#2522 = DIRECTION ( 'NONE',  ( -0.000000000000000000, 0.000000000000000000, -1.000000000000000000 ) ) ;
#2523 = VERTEX_POINT ( 'NONE', #2806 ) ;
#2524 = AXIS2_PLACEMENT_3D ( 'NONE', #1643, #2494, #828 ) ;
#2525 = VERTEX_POINT ( 'NONE', #1210 ) ;
#2526 = AXIS2_PLACEMENT_3D ( 'NONE', #3226, #4689, #4743 ) ;
#2527 = VERTEX_POINT ( 'NONE', #4726 ) ;
#2528 = DIRECTION ( 'NONE',  ( 0.000000000000000000, 1.000000000000000000, 2.648432787750852163E-16 ) ) ;
#2529 = CONICAL_SURFACE ( 'NONE', #785, 2.299999999999999822, 0.3141592653589760364 ) ;
#2530 = ORIENTED_EDGE ( 'NONE', *, *, #2156, .T. ) ;
#2531 = CARTESIAN_POINT ( 'NONE',  ( 2.243459280444427772, -5.588199955838117461, -19.44999999999999929 ) ) ;
#2532 = DIRECTION ( 'NONE',  ( 0.000000000000000000, 0.000000000000000000, -1.000000000000000000 ) ) ;
#2533 = CARTESIAN_POINT ( 'NONE',  ( 0.000000000000000000, 19.04999999999999361, 5.620762745781209269 ) ) ;
#2534 = ORIENTED_EDGE ( 'NONE', *, *, #3094, .T. ) ;
#2535 = CARTESIAN_POINT ( 'NONE',  ( 0.000000000000000000, -6.139000000000000234, -6.350000000000001421 ) ) ;
#2536 = AXIS2_PLACEMENT_3D ( 'NONE', #1306, #2879, #398 ) ;
#2537 = DIRECTION ( 'NONE',  ( 0.000000000000000000, 1.000000000000000000, 0.000000000000000000 ) ) ;
#2538 = CIRCLE ( 'NONE', #798, 2.100000000000000977 ) ;
#2539 = ADVANCED_FACE ( 'NONE', ( #1130 ), #1550, .T. ) ;
#2540 = FACE_OUTER_BOUND ( 'NONE', #1359, .T. ) ;
#2541 = CARTESIAN_POINT ( 'NONE',  ( 0.000000000000000000, 19.04999999999999361, 5.620762745781209269 ) ) ;
#2542 = VERTEX_POINT ( 'NONE', #1593 ) ;
#2543 = AXIS2_PLACEMENT_3D ( 'NONE', #643, #2587, #3792 ) ;
#2544 = DIRECTION ( 'NONE',  ( 0.000000000000000000, -1.000000000000000000, 1.734723475976807489E-15 ) ) ;
#2545 = CIRCLE ( 'NONE', #66, 2.100000000000000089 ) ;
#2546 = EDGE_CURVE ( 'NONE', #3212, #2958, #4337, .T. ) ;
#2547 = DIRECTION ( 'NONE',  ( -0.000000000000000000, -0.08715574274765176821, -0.9961946980917461003 ) ) ;
#2548 = DIRECTION ( 'NONE',  ( 1.000000000000000000, 0.000000000000000000, 0.000000000000000000 ) ) ;
#2549 = DIRECTION ( 'NONE',  ( 0.000000000000000000, -0.000000000000000000, 1.000000000000000000 ) ) ;
#2550 = ORIENTED_EDGE ( 'NONE', *, *, #4580, .T. ) ;
#2551 = CARTESIAN_POINT ( 'NONE',  ( 2.061552812808830293, 19.44999999999999574, 5.438999999999999169 ) ) ;
#2552 = ADVANCED_FACE ( 'NONE', ( #3959 ), #2702, .T. ) ;
#2553 = VERTEX_POINT ( 'NONE', #2327 ) ;
#2554 = CARTESIAN_POINT ( 'NONE',  ( -6.200000000000000178, 25.00100000000000122, -16.07166501894835164 ) ) ;
#2555 = VERTEX_POINT ( 'NONE', #3865 ) ;
#2556 = DIRECTION ( 'NONE',  ( -0.000000000000000000, -1.084202172485504434E-16, -1.000000000000000000 ) ) ;
#2557 = VERTEX_POINT ( 'NONE', #1936 ) ;
#2558 = DIRECTION ( 'NONE',  ( 0.000000000000000000, 0.000000000000000000, -1.000000000000000000 ) ) ;
#2559 = ORIENTED_EDGE ( 'NONE', *, *, #1092, .F. ) ;
#2560 = DIRECTION ( 'NONE',  ( 1.000000000000000000, -0.000000000000000000, -0.000000000000000000 ) ) ;
#2561 = DIRECTION ( 'NONE',  ( -0.000000000000000000, 0.000000000000000000, 1.000000000000000000 ) ) ;
#2562 = CC_DESIGN_PERSON_AND_ORGANIZATION_ASSIGNMENT ( #3795, #3827, ( #4467 ) ) ;
#2563 = CARTESIAN_POINT ( 'NONE',  ( -1.502637486114517751, 19.44999999999999574, 6.139000000000000234 ) ) ;
#2564 = B_SPLINE_CURVE_WITH_KNOTS ( 'NONE', 3,
 ( #1152, #1589, #3885, #5004, #3149, #1176 ),
 .UNSPECIFIED., .F., .F.,
 ( 4, 2, 4 ),
 ( 0.000000000000000000, 0.0004757428370953078653, 0.0009514856741906157307 ),
 .UNSPECIFIED. ) ;
#2565 = FACE_OUTER_BOUND ( 'NONE', #3097, .T. ) ;
#2566 = CARTESIAN_POINT ( 'NONE',  ( -2.264950330581225746, -5.523072258617638397, -5.950000000000001954 ) ) ;
#2567 = ADVANCED_FACE ( 'NONE', ( #3937 ), #2350, .F. ) ;
#2568 = EDGE_CURVE ( 'NONE', #4623, #882, #5038, .T. ) ;
#2569 = DIRECTION ( 'NONE',  ( 0.000000000000000000, 0.000000000000000000, -1.000000000000000000 ) ) ;
#2570 = DIRECTION ( 'NONE',  ( 0.000000000000000000, -1.000000000000000000, 0.000000000000000000 ) ) ;
#2571 = DIRECTION ( 'NONE',  ( -0.000000000000000000, 1.000000000000000000, 0.000000000000000000 ) ) ;
#2572 = ORIENTED_EDGE ( 'NONE', *, *, #3523, .F. ) ;
#2573 = ORIENTED_EDGE ( 'NONE', *, *, #2064, .F. ) ;
#2574 = ORIENTED_EDGE ( 'NONE', *, *, #3669, .F. ) ;
#2575 = CIRCLE ( 'NONE', #3379, 2.100000000000000977 ) ;
#2576 = CARTESIAN_POINT ( 'NONE',  ( -6.200000000000000178, 1.999999999999997335, -1.999999999999998224 ) ) ;
#2577 = ORIENTED_EDGE ( 'NONE', *, *, #1092, .T. ) ;
#2578 = CARTESIAN_POINT ( 'NONE',  ( 3.174999999999999822, 5.949999999999998401, 5.138999999999999346 ) ) ;
#2579 = ORIENTED_EDGE ( 'NONE', *, *, #4896, .F. ) ;
#2580 = FACE_OUTER_BOUND ( 'NONE', #1931, .T. ) ;
#2581 = ORIENTED_EDGE ( 'NONE', *, *, #5047, .T. ) ;
#2582 = EDGE_CURVE ( 'NONE', #3945, #735, #2050, .T. ) ;
#2583 = CARTESIAN_POINT ( 'NONE',  ( 4.174999999999999822, 6.349999999999999645, -9.525000000000002132 ) ) ;
#2584 = DIRECTION ( 'NONE',  ( 0.000000000000000000, 1.000000000000000000, 8.260587980841934638E-15 ) ) ;
#2585 = VERTEX_POINT ( 'NONE', #3510 ) ;
#2586 = FACE_OUTER_BOUND ( 'NONE', #4480, .T. ) ;
#2587 = DIRECTION ( 'NONE',  ( -0.000000000000000000, -0.000000000000000000, -1.000000000000000000 ) ) ;
#2588 = DIRECTION ( 'NONE',  ( 0.000000000000000000, 0.000000000000000000, 1.000000000000000000 ) ) ;
#2589 = B_SPLINE_CURVE_WITH_KNOTS ( 'NONE', 3,
 ( #1746, #572, #989, #3697, #3298, #4510, #2214, #3725, #4835, #624 ),
 .UNSPECIFIED., .F., .F.,
 ( 4, 2, 2, 2, 4 ),
 ( 0.000000000000000000, 0.0003704147845104418060, 0.0007408295690208836120, 0.001111244353531325472, 0.001481659138041767224 ),
 .UNSPECIFIED. ) ;
#2590 = DIRECTION ( 'NONE',  ( -1.000000000000000000, 0.000000000000000000, 0.000000000000000000 ) ) ;
#2591 = CARTESIAN_POINT ( 'NONE',  ( -3.174999999999999822, -5.138999999999997570, -7.070631577586468985 ) ) ;
#2592 = CIRCLE ( 'NONE', #108, 3.175000000000000711 ) ;
#2593 = DIRECTION ( 'NONE',  ( -0.000000000000000000, 1.000000000000000000, -0.000000000000000000 ) ) ;
#2594 = AXIS2_PLACEMENT_3D ( 'NONE', #329, #353, #1916 ) ;
#2595 = DIRECTION ( 'NONE',  ( 1.000000000000000000, -0.000000000000000000, -0.000000000000000000 ) ) ;
#2596 = EDGE_CURVE ( 'NONE', #1613, #2542, #2222, .T. ) ;
#2597 = DIRECTION ( 'NONE',  ( 0.000000000000000000, 0.000000000000000000, -1.000000000000000000 ) ) ;
#2598 = DIRECTION ( 'NONE',  ( 0.000000000000000000, 0.000000000000000000, 1.000000000000000000 ) ) ;
#2599 = ADVANCED_FACE ( 'NONE', ( #2882 ), #4887, .T. ) ;
#2600 = ORIENTED_EDGE ( 'NONE', *, *, #4043, .T. ) ;
#2601 = ORIENTED_EDGE ( 'NONE', *, *, #268, .T. ) ;
#2602 = AXIS2_PLACEMENT_3D ( 'NONE', #1133, #4267, #764 ) ;
#2603 = CARTESIAN_POINT ( 'NONE',  ( 0.1999999999999996503, 6.349999999999996980, -24.00000000000000711 ) ) ;
#2604 = ORIENTED_EDGE ( 'NONE', *, *, #3368, .F. ) ;
#2605 = LINE ( 'NONE', #2224, #4791 ) ;
#2606 = VECTOR ( 'NONE', #2267, 1000.000000000000000 ) ;
#2607 = AXIS2_PLACEMENT_3D ( 'NONE', #2237, #3830, #2715 ) ;
#2608 = VERTEX_POINT ( 'NONE', #526 ) ;
#2609 = DIRECTION ( 'NONE',  ( -1.000000000000000000, -0.000000000000000000, -0.000000000000000000 ) ) ;
#2610 = ORIENTED_EDGE ( 'NONE', *, *, #1362, .T. ) ;
#2611 = DIRECTION ( 'NONE',  ( 0.000000000000000000, 0.000000000000000000, -1.000000000000000000 ) ) ;
#2612 = DIRECTION ( 'NONE',  ( 1.000000000000000000, 0.000000000000000000, 0.000000000000000000 ) ) ;
#2613 = EDGE_CURVE ( 'NONE', #3164, #4861, #5057, .T. ) ;
#2614 = CARTESIAN_POINT ( 'NONE',  ( -2.264950330581225746, 18.64999999999999147, 5.523072258617638397 ) ) ;
#2615 = CARTESIAN_POINT ( 'NONE',  ( 1.502637486114517751, -6.139000000000000234, -18.64999999999999858 ) ) ;
#2616 = DIRECTION ( 'NONE',  ( 0.000000000000000000, 0.000000000000000000, -1.000000000000000000 ) ) ;
#2617 = CARTESIAN_POINT ( 'NONE',  ( -2.197165961088449304, -5.495012551953919910, -6.750000000000000888 ) ) ;
#2618 = VERTEX_POINT ( 'NONE', #3280 ) ;
#2619 = CARTESIAN_POINT ( 'NONE',  ( -2.021666578221208432, 18.47651368875630595, 3.457121909598165121 ) ) ;
#2620 = DIRECTION ( 'NONE',  ( 0.000000000000000000, 8.115498896123167176E-15, 1.000000000000000000 ) ) ;
#2621 = DIRECTION ( 'NONE',  ( 1.000000000000000000, 0.000000000000000000, 0.000000000000000000 ) ) ;
#2622 = DIRECTION ( 'NONE',  ( 1.000000000000000000, 0.000000000000000000, -0.000000000000000000 ) ) ;
#2623 = VERTEX_POINT ( 'NONE', #477 ) ;
#2624 = ORIENTED_EDGE ( 'NONE', *, *, #3651, .T. ) ;
#2625 = DIRECTION ( 'NONE',  ( 1.000000000000000000, -0.000000000000000000, -0.000000000000000000 ) ) ;
#2626 = EDGE_CURVE ( 'NONE', #496, #3739, #3987, .T. ) ;
#2627 = AXIS2_PLACEMENT_3D ( 'NONE', #1814, #475, #111 ) ;
#2628 = VERTEX_POINT ( 'NONE', #1726 ) ;
#2629 = FACE_OUTER_BOUND ( 'NONE', #241, .T. ) ;
#2630 = VERTEX_POINT ( 'NONE', #3656 ) ;
#2631 = DIRECTION ( 'NONE',  ( 0.000000000000000000, -1.000000000000000000, -2.753529326947313420E-16 ) ) ;
#2632 = VERTEX_POINT ( 'NONE', #3209 ) ;
#2633 = EDGE_LOOP ( 'NONE', ( #3118, #3132, #2534, #4725, #4406, #1730 ) ) ;
#2634 = EDGE_CURVE ( 'NONE', #4173, #821, #3349, .T. ) ;
#2635 = ADVANCED_FACE ( 'NONE', ( #864 ), #2477, .F. ) ;
#2636 = ORIENTED_EDGE ( 'NONE', *, *, #2738, .T. ) ;
#2637 = DIRECTION ( 'NONE',  ( 1.000000000000000000, 0.000000000000000000, 0.000000000000000000 ) ) ;
#2638 = FACE_OUTER_BOUND ( 'NONE', #870, .T. ) ;
#2639 = CARTESIAN_POINT ( 'NONE',  ( 2.061552812808830293, -5.439000000000000057, -19.44999999999999929 ) ) ;
#2640 = EDGE_CURVE ( 'NONE', #2703, #4011, #1472, .T. ) ;
#2641 = B_SPLINE_CURVE_WITH_KNOTS ( 'NONE', 3,
 ( #1220, #3614, #3905, #846, #2364, #1242 ),
 .UNSPECIFIED., .F., .F.,
 ( 4, 2, 4 ),
 ( 0.000000000000000000, 0.0004757428370953077027, 0.0009514856741906154054 ),
 .UNSPECIFIED. ) ;
#2642 = CARTESIAN_POINT ( 'NONE',  ( -2.021666578221207988, -3.457121909598164233, -6.923486311243690849 ) ) ;
#2643 = CARTESIAN_POINT ( 'NONE',  ( 1.663442899047754331, -6.138999999999998458, -6.750000000000001776 ) ) ;
#2644 = ORIENTED_EDGE ( 'NONE', *, *, #2035, .T. ) ;
#2645 = CARTESIAN_POINT ( 'NONE',  ( 0.000000000000000000, 4.250127054631371415, 6.139000000000000234 ) ) ;
#2646 = PLANE ( 'NONE',  #1713 ) ;
#2647 = DIRECTION ( 'NONE',  ( -1.000000000000000000, 0.000000000000000000, 0.000000000000000000 ) ) ;
#2648 = ORIENTED_EDGE ( 'NONE', *, *, #4469, .T. ) ;
#2649 = ORIENTED_EDGE ( 'NONE', *, *, #802, .T. ) ;
#2650 = ORIENTED_EDGE ( 'NONE', *, *, #3997, .F. ) ;
#2651 = CYLINDRICAL_SURFACE ( 'NONE', #3891, 5.050000000000000711 ) ;
#2652 = ORIENTED_EDGE ( 'NONE', *, *, #4245, .T. ) ;
#2653 = DIRECTION ( 'NONE',  ( -0.000000000000000000, 0.000000000000000000, 1.000000000000000000 ) ) ;
#2654 = ORIENTED_EDGE ( 'NONE', *, *, #2065, .F. ) ;
#2655 = LINE ( 'NONE', #1413, #1849 ) ;
#2656 = ORIENTED_EDGE ( 'NONE', *, *, #2748, .T. ) ;
#2657 = AXIS2_PLACEMENT_3D ( 'NONE', #1562, #4682, #2390 ) ;
#2658 = ORIENTED_EDGE ( 'NONE', *, *, #4610, .T. ) ;
#2659 = FACE_OUTER_BOUND ( 'NONE', #3485, .T. ) ;
#2660 = CARTESIAN_POINT ( 'NONE',  ( 2.040073290564207387, 6.848097349045871418, 2.595422128626172054 ) ) ;
#2661 = EDGE_CURVE ( 'NONE', #2630, #5005, #4360, .T. ) ;
#2662 = CARTESIAN_POINT ( 'NONE',  ( -3.174999999999999822, -5.139000000000001123, -6.750000000000000888 ) ) ;
#2663 = PERSON_AND_ORGANIZATION_ROLE ( 'design_supplier' ) ;
#2664 = LINE ( 'NONE', #3798, #1997 ) ;
#2665 = FACE_OUTER_BOUND ( 'NONE', #5035, .T. ) ;
#2666 = EDGE_LOOP ( 'NONE', ( #1073, #4490 ) ) ;
#2667 = CARTESIAN_POINT ( 'NONE',  ( 0.000000000000000000, -5.139000000000003787, -19.04999999999999716 ) ) ;
#2668 = CARTESIAN_POINT ( 'NONE',  ( -3.174999999999999822, -5.139000000000001123, -5.950000000000001954 ) ) ;
#2669 = CIRCLE ( 'NONE', #3712, 0.7499999999999997780 ) ;
#2670 = CARTESIAN_POINT ( 'NONE',  ( 2.129368206736822255, 5.949999999999998401, 5.466985055880805078 ) ) ;
#2671 = CARTESIAN_POINT ( 'NONE',  ( 2.264950330581225302, -5.523072258617638397, -6.750000000000000888 ) ) ;
#2672 = EDGE_CURVE ( 'NONE', #835, #5058, #722, .T. ) ;
#2673 = B_SPLINE_CURVE_WITH_KNOTS ( 'NONE', 3,
 ( #4326, #3593, #2074, #2842 ),
 .UNSPECIFIED., .F., .F.,
 ( 4, 4 ),
 ( 0.003029541235337105017, 0.003249628748158704325 ),
 .UNSPECIFIED. ) ;
#2674 = CARTESIAN_POINT ( 'NONE',  ( 5.460999999999999410, 6.349999999999999645, -6.350000000000003197 ) ) ;
#2675 = VECTOR ( 'NONE', #3711, 1000.000000000000000 ) ;
#2676 = ORIENTED_EDGE ( 'NONE', *, *, #954, .F. ) ;
#2677 = DIRECTION ( 'NONE',  ( 0.000000000000000000, 1.000000000000000000, 0.000000000000000000 ) ) ;
#2678 = ORIENTED_EDGE ( 'NONE', *, *, #4703, .T. ) ;
#2679 = LINE ( 'NONE', #4902, #4280 ) ;
#2680 = VECTOR ( 'NONE', #1701, 1000.000000000000000 ) ;
#2681 = CIRCLE ( 'NONE', #367, 1.554966049364602254 ) ;
#2682 = VECTOR ( 'NONE', #751, 1000.000000000000000 ) ;
#2683 = ORIENTED_EDGE ( 'NONE', *, *, #868, .T. ) ;
#2684 = CARTESIAN_POINT ( 'NONE',  ( -3.175000000000000711, -2.595422128626172054, -19.54809734904587160 ) ) ;
#2685 = DIRECTION ( 'NONE',  ( 0.000000000000000000, -8.115498896123205041E-15, 1.000000000000000000 ) ) ;
#2686 = DIRECTION ( 'NONE',  ( 0.000000000000000000, -1.000000000000000000, -0.000000000000000000 ) ) ;
#2687 = SHAPE_DEFINITION_REPRESENTATION ( #2419, #2911 ) ;
#2688 = EDGE_CURVE ( 'NONE', #611, #1791, #3235, .T. ) ;
#2689 = EDGE_CURVE ( 'NONE', #1647, #1835, #1870, .T. ) ;
#2690 = FACE_OUTER_BOUND ( 'NONE', #1312, .T. ) ;
#2691 = CARTESIAN_POINT ( 'NONE',  ( 6.200000000000000178, 0.000000000000000000, 0.000000000000000000 ) ) ;
#2692 = ORIENTED_EDGE ( 'NONE', *, *, #4854, .T. ) ;
#2693 = DIRECTION ( 'NONE',  ( 0.000000000000000000, 0.000000000000000000, -1.000000000000000000 ) ) ;
#2694 = CARTESIAN_POINT ( 'NONE',  ( 0.000000000000000000, 25.00000000000000000, 0.000000000000000000 ) ) ;
#2695 = FACE_OUTER_BOUND ( 'NONE', #4727, .T. ) ;
#2696 = CARTESIAN_POINT ( 'NONE',  ( 2.061552812808830737, 5.949999999999998401, 5.439000000000000945 ) ) ;
#2697 = ORIENTED_EDGE ( 'NONE', *, *, #565, .F. ) ;
#2698 = ADVANCED_FACE ( 'NONE', ( #3626 ), #1474, .F. ) ;
#2699 = ORIENTED_EDGE ( 'NONE', *, *, #4958, .F. ) ;
#2700 = CARTESIAN_POINT ( 'NONE',  ( 2.264950330581225302, -5.523072258617638397, -5.950000000000001954 ) ) ;
#2701 = ORIENTED_EDGE ( 'NONE', *, *, #1003, .F. ) ;
#2702 = CYLINDRICAL_SURFACE ( 'NONE', #885, 2.100000000000000977 ) ;
#2703 = VERTEX_POINT ( 'NONE', #4175 ) ;
#2704 = VERTEX_POINT ( 'NONE', #4499 ) ;
#2705 = AXIS2_PLACEMENT_3D ( 'NONE', #1696, #2857, #1255 ) ;
#2706 = DIRECTION ( 'NONE',  ( 1.000000000000000000, -0.000000000000000000, -0.000000000000000000 ) ) ;
#2707 = ADVANCED_FACE ( 'NONE', ( #4908 ), #1836, .F. ) ;
#2708 = CARTESIAN_POINT ( 'NONE',  ( 0.000000000000000000, 19.04999999999999361, 5.439000000000000945 ) ) ;
#2709 = CIRCLE ( 'NONE', #560, 2.299999999999999822 ) ;
#2710 = LINE ( 'NONE', #4249, #1143 ) ;
#2711 = CARTESIAN_POINT ( 'NONE',  ( 1.663407726524676056, -6.139000000000001123, -18.64999999999999858 ) ) ;
#2712 = DATE_TIME_ROLE ( 'creation_date' ) ;
#2713 = CARTESIAN_POINT ( 'NONE',  ( 5.460999999999999410, 6.349999999999999645, -19.05000000000000426 ) ) ;
#2714 = CARTESIAN_POINT ( 'NONE',  ( -1.972483239316684234, -5.138999999999997570, -7.070631577586468985 ) ) ;
#2715 = DIRECTION ( 'NONE',  ( 0.000000000000000000, 0.000000000000000000, -1.000000000000000000 ) ) ;
#2716 = VERTEX_POINT ( 'NONE', #3417 ) ;
#2717 = CARTESIAN_POINT ( 'NONE',  ( -2.042738830444500220, 19.53718001185237796, 2.470636393497685823 ) ) ;
#2718 = PLANE ( 'NONE',  #3724 ) ;
#2719 = FACE_OUTER_BOUND ( 'NONE', #4052, .T. ) ;
#2720 = LINE ( 'NONE', #2696, #3995 ) ;
#2721 = VECTOR ( 'NONE', #4314, 1000.000000000000000 ) ;
#2722 = ORIENTED_EDGE ( 'NONE', *, *, #1961, .F. ) ;
#2723 = EDGE_CURVE ( 'NONE', #3109, #4359, #3639, .T. ) ;
#2724 = EDGE_CURVE ( 'NONE', #1484, #1700, #1498, .T. ) ;
#2725 =( BOUNDED_CURVE ( )  B_SPLINE_CURVE ( 3, ( #3752, #1767, #1877, #1843 ),
 .UNSPECIFIED., .F., .F. ) 
 B_SPLINE_CURVE_WITH_KNOTS ( ( 4, 4 ),
 ( 1.810267798689539687, 1.921073213463467599 ),
 .UNSPECIFIED. ) 
 CURVE ( )  GEOMETRIC_REPRESENTATION_ITEM ( )  RATIONAL_B_SPLINE_CURVE ( ( 1.000000000000000000, 0.9989771083553060649, 0.9989771083553060649, 1.000000000000000000 ) ) 
 REPRESENTATION_ITEM ( '' )  );
#2726 = CARTESIAN_POINT ( 'NONE',  ( 0.000000000000000000, -5.620762745781208380, -21.31825843658596398 ) ) ;
#2727 = ORIENTED_EDGE ( 'NONE', *, *, #3221, .F. ) ;
#2728 = CARTESIAN_POINT ( 'NONE',  ( 4.174999999999999822, 12.40000000000000391, -12.40000000000000213 ) ) ;
#2729 = VERTEX_POINT ( 'NONE', #1447 ) ;
#2730 = CARTESIAN_POINT ( 'NONE',  ( 6.199999999999997513, 12.40000000000000391, -12.40000000000000213 ) ) ;
#2731 = ORIENTED_EDGE ( 'NONE', *, *, #3832, .T. ) ;
#2732 = ORIENTED_EDGE ( 'NONE', *, *, #4422, .F. ) ;
#2733 = CARTESIAN_POINT ( 'NONE',  ( -1.820969194338324382, -6.090132639966192585, -5.950000000000002842 ) ) ;
#2734 = ORIENTED_EDGE ( 'NONE', *, *, #1145, .T. ) ;
#2735 = AXIS2_PLACEMENT_3D ( 'NONE', #2236, #4227, #259 ) ;
#2736 = LINE ( 'NONE', #448, #975 ) ;
#2737 = CARTESIAN_POINT ( 'NONE',  ( 2.264950330581225302, -5.523072258617638397, -6.750000000000000888 ) ) ;
#2738 = EDGE_CURVE ( 'NONE', #2557, #3303, #4472, .T. ) ;
#2739 = AXIS2_PLACEMENT_3D ( 'NONE', #3293, #2969, #2210 ) ;
#2740 = DATE_TIME_ROLE ( 'classification_date' ) ;
#2741 = CARTESIAN_POINT ( 'NONE',  ( -2.182283254615324797, -5.773529692572009431, -19.45000000000000284 ) ) ;
#2742 = ORIENTED_EDGE ( 'NONE', *, *, #776, .T. ) ;
#2743 = DIRECTION ( 'NONE',  ( 0.000000000000000000, 0.000000000000000000, -1.000000000000000000 ) ) ;
#2744 = CARTESIAN_POINT ( 'NONE',  ( -2.042738830444500664, 6.837180011852382222, 2.470636393497685823 ) ) ;
#2745 = PLANE ( 'NONE',  #2004 ) ;
#2746 = ORIENTED_EDGE ( 'NONE', *, *, #1487, .T. ) ;
#2747 = CARTESIAN_POINT ( 'NONE',  ( -2.232710535457612888, 5.949999999999998401, 5.620762745781209269 ) ) ;
#2748 = EDGE_CURVE ( 'NONE', #821, #4297, #3048, .T. ) ;
#2749 = EDGE_CURVE ( 'NONE', #4412, #2316, #228, .T. ) ;
#2750 = CARTESIAN_POINT ( 'NONE',  ( 2.197165961088449304, 6.749999999999997335, 5.495012551953919910 ) ) ;
#2751 = VECTOR ( 'NONE', #4577, 1000.000000000000000 ) ;
#2752 = CARTESIAN_POINT ( 'NONE',  ( -3.175000000000000711, -5.138999999999997570, -18.32936842241353403 ) ) ;
#2753 = EDGE_LOOP ( 'NONE', ( #2171, #1856, #2581, #2875 ) ) ;
#2754 = DIRECTION ( 'NONE',  ( 0.000000000000000000, 1.000000000000000000, 0.000000000000000000 ) ) ;
#2755 = CIRCLE ( 'NONE', #1937, 3.174999999999999822 ) ;
#2756 = ORIENTED_EDGE ( 'NONE', *, *, #419, .T. ) ;
#2757 = CARTESIAN_POINT ( 'NONE',  ( 0.1999999999999996503, 2.000000000000000000, -24.00000000000000355 ) ) ;
#2758 = EDGE_CURVE ( 'NONE', #4181, #1027, #1138, .T. ) ;
#2759 = ORIENTED_EDGE ( 'NONE', *, *, #4057, .F. ) ;
#2760 = DIRECTION ( 'NONE',  ( 0.000000000000000000, 0.000000000000000000, -1.000000000000000000 ) ) ;
#2761 = AXIS2_PLACEMENT_3D ( 'NONE', #195, #2023, #4374 ) ;
#2762 = DIRECTION ( 'NONE',  ( 0.000000000000000000, 0.000000000000000000, 1.000000000000000000 ) ) ;
#2763 = VECTOR ( 'NONE', #1076, 1000.000000000000000 ) ;
#2764 = COORDINATED_UNIVERSAL_TIME_OFFSET ( 6, 0, .BEHIND. ) ;
#2765 = EDGE_CURVE ( 'NONE', #4861, #1105, #4805, .T. ) ;
#2766 = DIRECTION ( 'NONE',  ( 0.000000000000000000, 0.000000000000000000, 1.000000000000000000 ) ) ;
#2767 = ORIENTED_EDGE ( 'NONE', *, *, #3547, .T. ) ;
#2768 = CIRCLE ( 'NONE', #1039, 2.100000000000000977 ) ;
#2769 = CARTESIAN_POINT ( 'NONE',  ( -2.042738866564660416, 18.56282013608611337, 2.470634702552896744 ) ) ;
#2770 = FACE_OUTER_BOUND ( 'NONE', #2856, .T. ) ;
#2771 =( GEOMETRIC_REPRESENTATION_CONTEXT ( 3 ) GLOBAL_UNCERTAINTY_ASSIGNED_CONTEXT ( ( #5011 ) ) GLOBAL_UNIT_ASSIGNED_CONTEXT ( ( #2967, #3346, #3063 ) ) REPRESENTATION_CONTEXT ( 'NONE', 'WORKASPACE' ) );
#2772 = EDGE_CURVE ( 'NONE', #2628, #5008, #3031, .T. ) ;
#2773 = CARTESIAN_POINT ( 'NONE',  ( -6.200000000000000178, 1.999999999999997335, -1.999999999999998224 ) ) ;
#2774 = CARTESIAN_POINT ( 'NONE',  ( -1.972483239316684234, 5.629368422413532080, 5.138999999999997570 ) ) ;
#2775 = AXIS2_PLACEMENT_3D ( 'NONE', #1761, #4860, #2588 ) ;
#2776 = ORIENTED_EDGE ( 'NONE', *, *, #3518, .F. ) ;
#2777 = CARTESIAN_POINT ( 'NONE',  ( 2.021666578221207988, 19.62348631124368126, 3.457121909598163345 ) ) ;
#2778 = FACE_OUTER_BOUND ( 'NONE', #892, .T. ) ;
#2779 = CARTESIAN_POINT ( 'NONE',  ( -2.232710535457612888, 6.749999999999997335, 5.620762745781209269 ) ) ;
#2780 = EDGE_LOOP ( 'NONE', ( #1332, #4681 ) ) ;
#2781 = DIRECTION ( 'NONE',  ( 0.000000000000000000, 0.000000000000000000, 1.000000000000000000 ) ) ;
#2782 = ORIENTED_EDGE ( 'NONE', *, *, #3345, .F. ) ;
#2783 = APPROVAL ( #3517, 'UNSPECIFIED' ) ;
#2784 = EDGE_CURVE ( 'NONE', #4961, #3188, #1559, .T. ) ;
#2785 = CARTESIAN_POINT ( 'NONE',  ( -1.663442899047754553, -6.139000000000000234, -5.950000000000001954 ) ) ;
#2786 = AXIS2_PLACEMENT_3D ( 'NONE', #1722, #1405, #1771 ) ;
#2787 = ORIENTED_EDGE ( 'NONE', *, *, #4380, .T. ) ;
#2788 =( BOUNDED_CURVE ( )  B_SPLINE_CURVE ( 3, ( #2714, #4531, #2642, #4179 ),
 .UNSPECIFIED., .F., .F. ) 
 B_SPLINE_CURVE_WITH_KNOTS ( ( 4, 4 ),
 ( 4.362112093716119077, 4.472917508490046323 ),
 .UNSPECIFIED. ) 
 CURVE ( )  GEOMETRIC_REPRESENTATION_ITEM ( )  RATIONAL_B_SPLINE_CURVE ( ( 1.000000000000000000, 0.9989771083553060649, 0.9989771083553060649, 1.000000000000000000 ) ) 
 REPRESENTATION_ITEM ( '' )  );
#2789 = DIRECTION ( 'NONE',  ( -1.000000000000000000, -0.000000000000000000, -0.000000000000000000 ) ) ;
#2790 = LINE ( 'NONE', #1600, #57 ) ;
#2791 = EDGE_CURVE ( 'NONE', #2881, #1779, #151, .T. ) ;
#2792 = EDGE_CURVE ( 'NONE', #4505, #4244, #2387, .T. ) ;
#2793 = VECTOR ( 'NONE', #2110, 1000.000000000000000 ) ;
#2794 = CARTESIAN_POINT ( 'NONE',  ( 0.1999999999999996503, 18.95000000000000284, -6.349999999999999645 ) ) ;
#2795 = VERTEX_POINT ( 'NONE', #2206 ) ;
#2796 = DIRECTION ( 'NONE',  ( -0.7071067811865473507, 0.000000000000000000, 0.7071067811865477948 ) ) ;
#2797 = DIRECTION ( 'NONE',  ( 0.000000000000000000, 1.000000000000000000, 0.000000000000000000 ) ) ;
#2798 = CARTESIAN_POINT ( 'NONE',  ( 5.460999999999999410, 19.04999999999999716, -9.525000000000002132 ) ) ;
#2799 = CARTESIAN_POINT ( 'NONE',  ( -2.040073290564207831, 5.851902650954126095, 2.595422128626172054 ) ) ;
#2800 = ORIENTED_EDGE ( 'NONE', *, *, #2155, .F. ) ;
#2801 = EDGE_CURVE ( 'NONE', #3109, #2807, #3994, .T. ) ;
#2802 = DIRECTION ( 'NONE',  ( 1.000000000000000000, 0.000000000000000000, 0.000000000000000000 ) ) ;
#2803 = CARTESIAN_POINT ( 'NONE',  ( 2.264950330581225746, 19.44999999999999574, 5.523072258617638397 ) ) ;
#2804 = CYLINDRICAL_SURFACE ( 'NONE', #3343, 3.174999999999998934 ) ;
#2805 = EDGE_LOOP ( 'NONE', ( #1970, #3801, #866, #1553 ) ) ;
#2806 = CARTESIAN_POINT ( 'NONE',  ( 2.174999999999999822, 19.04999999999999716, -9.525000000000002132 ) ) ;
#2807 = VERTEX_POINT ( 'NONE', #1065 ) ;
#2808 = DIRECTION ( 'NONE',  ( 0.000000000000000000, -1.000000000000000000, 0.000000000000000000 ) ) ;
#2809 = ORIENTED_EDGE ( 'NONE', *, *, #818, .T. ) ;
#2810 = DIRECTION ( 'NONE',  ( -0.000000000000000000, 1.000000000000000000, 0.000000000000000000 ) ) ;
#2811 = FACE_OUTER_BOUND ( 'NONE', #681, .T. ) ;
#2812 = ADVANCED_FACE ( 'NONE', ( #2638 ), #4566, .T. ) ;
#2813 = DIRECTION ( 'NONE',  ( 0.000000000000000000, -1.000000000000000000, 0.000000000000000000 ) ) ;
#2814 = EDGE_CURVE ( 'NONE', #2303, #243, #807, .T. ) ;
#2815 = ORIENTED_EDGE ( 'NONE', *, *, #3797, .T. ) ;
#2816 = CARTESIAN_POINT ( 'NONE',  ( -2.264950330581225746, 5.949999999999998401, 5.523072258617638397 ) ) ;
#2817 = CONICAL_SURFACE ( 'NONE', #2413, 2.299999999999999822, 0.3141592653589760364 ) ;
#2818 = CARTESIAN_POINT ( 'NONE',  ( -2.243459280444428217, -5.588199955838118349, -19.44999999999999929 ) ) ;
#2819 = CARTESIAN_POINT ( 'NONE',  ( 6.200000000000000178, 25.00000000000000000, 0.000000000000000000 ) ) ;
#2820 = B_SPLINE_CURVE_WITH_KNOTS ( 'NONE', 3,
 ( #918, #2503, #428, #144, #1731, #1754, #4878, #1357, #4900, #997 ),
 .UNSPECIFIED., .F., .F.,
 ( 4, 2, 2, 2, 4 ),
 ( 0.000000000000000000, 0.0003704147845104414265, 0.0007408295690208828530, 0.001111244353531324388, 0.001481659138041765706 ),
 .UNSPECIFIED. ) ;
#2821 = DIRECTION ( 'NONE',  ( -1.000000000000000000, 0.000000000000000000, 0.000000000000000000 ) ) ;
#2822 = CARTESIAN_POINT ( 'NONE',  ( 0.000000000000000000, 6.349999999999997868, 5.439000000000000945 ) ) ;
#2823 = ORIENTED_EDGE ( 'NONE', *, *, #3880, .F. ) ;
#2824 = LINE ( 'NONE', #2056, #4048 ) ;
#2825 = DIRECTION ( 'NONE',  ( 1.000000000000000000, 0.000000000000000000, 0.000000000000000000 ) ) ;
#2826 = CARTESIAN_POINT ( 'NONE',  ( 2.232710535457612888, 18.64999999999999147, 5.620762745781209269 ) ) ;
#2827 = FACE_OUTER_BOUND ( 'NONE', #4797, .T. ) ;
#2828 = ORIENTED_EDGE ( 'NONE', *, *, #3832, .F. ) ;
#2829 = CARTESIAN_POINT ( 'NONE',  ( 0.1999999999999996503, 6.350000000000005862, -18.95000000000001350 ) ) ;
#2830 = ORIENTED_EDGE ( 'NONE', *, *, #717, .T. ) ;
#2831 = ORIENTED_EDGE ( 'NONE', *, *, #3502, .F. ) ;
#2832 = DIRECTION ( 'NONE',  ( 1.000000000000000000, 0.000000000000000000, 0.000000000000000000 ) ) ;
#2833 = VERTEX_POINT ( 'NONE', #4271 ) ;
#2834 = DIRECTION ( 'NONE',  ( 0.000000000000000000, -8.260587980841934638E-15, -1.000000000000000000 ) ) ;
#2835 = CIRCLE ( 'NONE', #2351, 2.100000000000000977 ) ;
#2836 = DIRECTION ( 'NONE',  ( -0.000000000000000000, 1.000000000000000000, 0.000000000000000000 ) ) ;
#2837 = CONICAL_SURFACE ( 'NONE', #3717, 2.299999999999999822, 0.3141592653589760364 ) ;
#2838 = DIRECTION ( 'NONE',  ( 0.000000000000000000, 0.000000000000000000, -1.000000000000000000 ) ) ;
#2839 = ORIENTED_EDGE ( 'NONE', *, *, #3305, .F. ) ;
#2840 = VECTOR ( 'NONE', #2810, 1000.000000000000000 ) ;
#2841 = CIRCLE ( 'NONE', #2359, 2.100000000000000977 ) ;
#2842 = CARTESIAN_POINT ( 'NONE',  ( -2.061552812808830293, 19.44999999999999574, 5.439000000000000945 ) ) ;
#2843 = CARTESIAN_POINT ( 'NONE',  ( 2.042738830444499332, -2.470636393497685823, -6.837180011852383998 ) ) ;
#2844 = VECTOR ( 'NONE', #1744, 1000.000000000000000 ) ;
#2845 = CIRCLE ( 'NONE', #4704, 2.100000000000000977 ) ;
#2846 = DIRECTION ( 'NONE',  ( 0.000000000000000000, 0.000000000000000000, 1.000000000000000000 ) ) ;
#2847 = DIRECTION ( 'NONE',  ( 0.000000000000000000, 0.000000000000000000, -1.000000000000000000 ) ) ;
#2848 = ORIENTED_EDGE ( 'NONE', *, *, #252, .F. ) ;
#2849 = AXIS2_PLACEMENT_3D ( 'NONE', #4125, #4178, #2260 ) ;
#2850 = ADVANCED_FACE ( 'NONE', ( #2827 ), #1522, .T. ) ;
#2851 = DIRECTION ( 'NONE',  ( -0.000000000000000000, -0.000000000000000000, 1.000000000000000000 ) ) ;
#2852 = B_SPLINE_CURVE_WITH_KNOTS ( 'NONE', 3,
 ( #647, #672, #2617, #1090 ),
 .UNSPECIFIED., .F., .F.,
 ( 4, 4 ),
 ( 0.007647354141962975534, 0.007869202712918558010 ),
 .UNSPECIFIED. ) ;
#2853 = DIRECTION ( 'NONE',  ( -0.000000000000000000, 1.000000000000000000, 0.000000000000000000 ) ) ;
#2854 = CARTESIAN_POINT ( 'NONE',  ( 0.8890000000000000124, 6.349999999999999645, -6.350000000000003197 ) ) ;
#2855 = DIRECTION ( 'NONE',  ( 0.000000000000000000, 0.000000000000000000, 1.000000000000000000 ) ) ;
#2856 = EDGE_LOOP ( 'NONE', ( #4901, #1832, #3843, #1807 ) ) ;
#2857 = DIRECTION ( 'NONE',  ( 0.000000000000000000, 0.000000000000000000, 1.000000000000000000 ) ) ;
#2858 = ORIENTED_EDGE ( 'NONE', *, *, #3746, .T. ) ;
#2859 = ORIENTED_EDGE ( 'NONE', *, *, #4380, .F. ) ;
#2860 = EDGE_CURVE ( 'NONE', #4601, #2167, #4317, .T. ) ;
#2861 = CARTESIAN_POINT ( 'NONE',  ( 0.000000000000000000, 6.349999999999997868, 5.523072258617638397 ) ) ;
#2862 = AXIS2_PLACEMENT_3D ( 'NONE', #3035, #1489, #2677 ) ;
#2863 = EDGE_LOOP ( 'NONE', ( #3302, #463, #3364, #1056 ) ) ;
#2864 = FACE_OUTER_BOUND ( 'NONE', #221, .T. ) ;
#2865 = PLANE ( 'NONE',  #3197 ) ;
#2866 = VERTEX_POINT ( 'NONE', #2059 ) ;
#2867 = AXIS2_PLACEMENT_3D ( 'NONE', #3586, #2836, #4734 ) ;
#2868 = CARTESIAN_POINT ( 'NONE',  ( -2.232710535457612888, 18.64999999999999147, 5.620762745781209269 ) ) ;
#2869 = CARTESIAN_POINT ( 'NONE',  ( -1.502637486114517751, 18.64999999999999147, 6.139000000000000234 ) ) ;
#2870 = DIRECTION ( 'NONE',  ( 0.000000000000000000, 0.000000000000000000, -1.000000000000000000 ) ) ;
#2871 = AXIS2_PLACEMENT_3D ( 'NONE', #4224, #4152, #2310 ) ;
#2872 = DIRECTION ( 'NONE',  ( 0.000000000000000000, 0.000000000000000000, 1.000000000000000000 ) ) ;
#2873 = CARTESIAN_POINT ( 'NONE',  ( 2.040073290564207831, 18.55190265095412272, 2.595422128626172054 ) ) ;
#2874 = DIRECTION ( 'NONE',  ( 0.000000000000000000, -1.000000000000000000, 0.000000000000000000 ) ) ;
#2875 = ORIENTED_EDGE ( 'NONE', *, *, #5031, .F. ) ;
#2876 = DIRECTION ( 'NONE',  ( -1.000000000000000000, 0.000000000000000000, 0.000000000000000000 ) ) ;
#2877 = DIRECTION ( 'NONE',  ( 0.000000000000000000, 0.000000000000000000, -1.000000000000000000 ) ) ;
#2878 = ADVANCED_FACE ( 'NONE', ( #4770 ), #1280, .T. ) ;
#2879 = DIRECTION ( 'NONE',  ( 0.000000000000000000, 0.000000000000000000, 1.000000000000000000 ) ) ;
#2880 = ADVANCED_FACE ( 'NONE', ( #4749 ), #3110, .T. ) ;
#2881 = VERTEX_POINT ( 'NONE', #889 ) ;
#2882 = FACE_OUTER_BOUND ( 'NONE', #152, .T. ) ;
#2883 = ORIENTED_EDGE ( 'NONE', *, *, #3644, .T. ) ;
#2884 = ORIENTED_EDGE ( 'NONE', *, *, #4815, .T. ) ;
#2885 = DIRECTION ( 'NONE',  ( 0.000000000000000000, -1.000000000000000000, 0.000000000000000000 ) ) ;
#2886 = CARTESIAN_POINT ( 'NONE',  ( 0.1999999999999996503, 6.349999999999996980, -24.00000000000000711 ) ) ;
#2887 = EDGE_LOOP ( 'NONE', ( #1938, #2036, #4492, #641, #3660, #1160 ) ) ;
#2888 = CARTESIAN_POINT ( 'NONE',  ( 0.000000000000000000, -0.8890000000000009006, -6.350000000000001421 ) ) ;
#2889 = ADVANCED_FACE ( 'NONE', ( #4658 ), #2306, .T. ) ;
#2890 = CARTESIAN_POINT ( 'NONE',  ( 5.460999999999999410, 6.349999999999999645, -19.05000000000000426 ) ) ;
#2891 = CARTESIAN_POINT ( 'NONE',  ( -6.200000000000000178, 16.07166501894835164, -25.00100000000000477 ) ) ;
#2892 = DIRECTION ( 'NONE',  ( 1.000000000000000000, 0.000000000000000000, 0.000000000000000000 ) ) ;
#2893 = CARTESIAN_POINT ( 'NONE',  ( -1.502637486114517751, -6.139000000000000234, -18.64999999999999858 ) ) ;
#2894 = ORIENTED_EDGE ( 'NONE', *, *, #569, .F. ) ;
#2895 = CARTESIAN_POINT ( 'NONE',  ( -1.821676962433381508, 5.949999999999996625, 6.089970303311146971 ) ) ;
#2896 = CARTESIAN_POINT ( 'NONE',  ( 2.061552812808830293, -5.439000000000000945, -18.64999999999999858 ) ) ;
#2897 = CARTESIAN_POINT ( 'NONE',  ( -2.099990463092004322, -2.139040055015565045, -19.17366902150108032 ) ) ;
#2898 = CARTESIAN_POINT ( 'NONE',  ( -2.040073290564207831, 5.851902650954126095, 2.595422128626172054 ) ) ;
#2899 = ORIENTED_EDGE ( 'NONE', *, *, #1749, .F. ) ;
#2900 = ORIENTED_EDGE ( 'NONE', *, *, #1151, .T. ) ;
#2901 = ORIENTED_EDGE ( 'NONE', *, *, #4605, .F. ) ;
#2902 = EDGE_CURVE ( 'NONE', #486, #2523, #227, .T. ) ;
#2903 = VERTEX_POINT ( 'NONE', #4796 ) ;
#2904 = CARTESIAN_POINT ( 'NONE',  ( 0.000000000000000000, -5.523072258617638397, -19.04999999999999716 ) ) ;
#2905 = CARTESIAN_POINT ( 'NONE',  ( 0.000000000000000000, -0.8890000000000009006, -19.04999999999999716 ) ) ;
#2906 = EDGE_LOOP ( 'NONE', ( #5039, #4781, #3625, #2901 ) ) ;
#2907 = EDGE_CURVE ( 'NONE', #2807, #3073, #3194, .T. ) ;
#2908 = DIRECTION ( 'NONE',  ( 0.000000000000000000, -0.000000000000000000, 1.000000000000000000 ) ) ;
#2909 = AXIS2_PLACEMENT_3D ( 'NONE', #2184, #2595, #2877 ) ;
#2910 = VERTEX_POINT ( 'NONE', #4009 ) ;
#2911 = ADVANCED_BREP_SHAPE_REPRESENTATION ( '228-2500-126', ( #431, #4950 ), #2771 ) ;
#2912 = CARTESIAN_POINT ( 'NONE',  ( 0.000000000000000000, 0.000000000000000000, -15.87499999999999645 ) ) ;
#2913 = AXIS2_PLACEMENT_3D ( 'NONE', #4525, #2560, #3313 ) ;
#2914 = AXIS2_PLACEMENT_3D ( 'NONE', #4208, #1926, #1564 ) ;
#2915 = EDGE_CURVE ( 'NONE', #1492, #2527, #1307, .T. ) ;
#2916 = AXIS2_PLACEMENT_3D ( 'NONE', #5042, #2286, #2760 ) ;
#2917 = CARTESIAN_POINT ( 'NONE',  ( 4.174999999999999822, 18.95000000000000284, -12.40000000000000036 ) ) ;
#2919 = CARTESIAN_POINT ( 'NONE',  ( -6.200000000000000178, 25.00000000000000000, 0.000000000000000000 ) ) ;
#2918 = AXIS2_PLACEMENT_3D ( 'NONE', #3582, #1597, #3939 ) ;
#2920 = ORIENTED_EDGE ( 'NONE', *, *, #351, .T. ) ;
#2921 = EDGE_CURVE ( 'NONE', #3531, #2346, #4411, .T. ) ;
#2922 = DIRECTION ( 'NONE',  ( 0.000000000000000000, 1.000000000000000000, 0.000000000000000000 ) ) ;
#2923 = AXIS2_PLACEMENT_3D ( 'NONE', #3357, #3380, #1022 ) ;
#2924 = FACE_OUTER_BOUND ( 'NONE', #1367, .T. ) ;
#2925 = FACE_BOUND ( 'NONE', #4987, .T. ) ;
#2926 = DIRECTION ( 'NONE',  ( 0.000000000000000000, -1.000000000000000000, 0.000000000000000000 ) ) ;
#2927 = VECTOR ( 'NONE', #3290, 1000.000000000000000 ) ;
#2928 = VECTOR ( 'NONE', #3450, 1000.000000000000000 ) ;
#2929 = VERTEX_POINT ( 'NONE', #4030 ) ;
#2930 = AXIS2_PLACEMENT_3D ( 'NONE', #3647, #132, #3274 ) ;
#2931 = ORIENTED_EDGE ( 'NONE', *, *, #4440, .T. ) ;
#2932 = DIRECTION ( 'NONE',  ( -1.000000000000000000, -0.000000000000000000, -0.000000000000000000 ) ) ;
#2933 = VECTOR ( 'NONE', #3314, 1000.000000000000000 ) ;
#2934 = ORIENTED_EDGE ( 'NONE', *, *, #257, .T. ) ;
#2935 = DIRECTION ( 'NONE',  ( 0.000000000000000000, -0.3875155864520939408, -0.9218631515885042926 ) ) ;
#2936 = B_SPLINE_CURVE_WITH_KNOTS ( 'NONE', 3,
 ( #122, #3309, #2504, #3609 ),
 .UNSPECIFIED., .F., .F.,
 ( 4, 4 ),
 ( 0.002832913685900425270, 0.002935786532568636451 ),
 .UNSPECIFIED. ) ;
#2937 = ORIENTED_EDGE ( 'NONE', *, *, #1213, .T. ) ;
#2938 = CARTESIAN_POINT ( 'NONE',  ( 2.174999999999999822, 24.00000000000000000, -2.000000000000000000 ) ) ;
#2939 = ORIENTED_EDGE ( 'NONE', *, *, #1151, .F. ) ;
#2940 = DIRECTION ( 'NONE',  ( 1.000000000000000000, 0.000000000000000000, 0.000000000000000000 ) ) ;
#2941 = VERTEX_POINT ( 'NONE', #3232 ) ;
#2942 = EDGE_CURVE ( 'NONE', #653, #3731, #3588, .T. ) ;
#2943 = VECTOR ( 'NONE', #2935, 1000.000000000000227 ) ;
#2944 = CARTESIAN_POINT ( 'NONE',  ( -2.083236664664703142, 18.64999999999999147, 5.905597390643910316 ) ) ;
#2945 = EDGE_CURVE ( 'NONE', #171, #1058, #2710, .T. ) ;
#2946 =( BOUNDED_CURVE ( )  B_SPLINE_CURVE ( 3, ( #3536, #3165, #1107, #3137 ),
 .UNSPECIFIED., .F., .T. ) 
 B_SPLINE_CURVE_WITH_KNOTS ( ( 4, 4 ),
 ( 4.362112093716119077, 4.472917508490046323 ),
 .UNSPECIFIED. ) 
 CURVE ( )  GEOMETRIC_REPRESENTATION_ITEM ( )  RATIONAL_B_SPLINE_CURVE ( ( 1.000000000000000000, 0.9989771083553060649, 0.9989771083553060649, 1.000000000000000000 ) ) 
 REPRESENTATION_ITEM ( '' )  );
#2947 = FACE_OUTER_BOUND ( 'NONE', #1515, .T. ) ;
#2948 = CARTESIAN_POINT ( 'NONE',  ( 0.000000000000000000, 16.95012705463136626, 6.139000000000000234 ) ) ;
#2949 = CARTESIAN_POINT ( 'NONE',  ( -3.175000000000000711, -5.138999999999997570, -18.32936842241353403 ) ) ;
#2950 = VECTOR ( 'NONE', #2344, 1000.000000000000000 ) ;
#2951 = FACE_OUTER_BOUND ( 'NONE', #4771, .T. ) ;
#2952 = CARTESIAN_POINT ( 'NONE',  ( 0.000000000000000000, 20.60496604936459875, 6.139000000000000234 ) ) ;
#2953 = EDGE_CURVE ( 'NONE', #3820, #5072, #1694, .T. ) ;
#2954 = EDGE_LOOP ( 'NONE', ( #1504, #2955, #1901, #220 ) ) ;
#2955 = ORIENTED_EDGE ( 'NONE', *, *, #4703, .F. ) ;
#2956 = ORIENTED_EDGE ( 'NONE', *, *, #2472, .T. ) ;
#2957 = LINE ( 'NONE', #4549, #716 ) ;
#2958 = VERTEX_POINT ( 'NONE', #1555 ) ;
#2959 = CYLINDRICAL_SURFACE ( 'NONE', #2130, 3.174999999999998934 ) ;
#2960 = VERTEX_POINT ( 'NONE', #3957 ) ;
#2961 = DIRECTION ( 'NONE',  ( -0.000000000000000000, -0.000000000000000000, 1.000000000000000000 ) ) ;
#2962 = DIRECTION ( 'NONE',  ( 0.000000000000000000, 0.000000000000000000, -1.000000000000000000 ) ) ;
#2963 = ORIENTED_EDGE ( 'NONE', *, *, #222, .T. ) ;
#2964 = DIRECTION ( 'NONE',  ( 0.000000000000000000, 0.000000000000000000, 1.000000000000000000 ) ) ;
#2965 = DIRECTION ( 'NONE',  ( 0.000000000000000000, 1.000000000000000000, 0.000000000000000000 ) ) ;
#2966 = CARTESIAN_POINT ( 'NONE',  ( 2.232710535457612888, -5.620762745781209269, -18.64999999999999858 ) ) ;
#2967 =( LENGTH_UNIT ( ) NAMED_UNIT ( * ) SI_UNIT ( .MILLI., .METRE. ) );
#2968 = EDGE_CURVE ( 'NONE', #4412, #992, #2736, .T. ) ;
#2969 = DIRECTION ( 'NONE',  ( 1.000000000000000000, 0.000000000000000000, -0.000000000000000000 ) ) ;
#2970 = LINE ( 'NONE', #234, #2114 ) ;
#2971 = ORIENTED_EDGE ( 'NONE', *, *, #334, .T. ) ;
#2972 = LINE ( 'NONE', #3025, #202 ) ;
#2973 = CARTESIAN_POINT ( 'NONE',  ( 2.264950330581225746, -5.523072258617638397, -18.64999999999999858 ) ) ;
#2974 = CARTESIAN_POINT ( 'NONE',  ( 1.820969194338324160, 18.64999999999999147, 6.090132639966192585 ) ) ;
#2975 = DIRECTION ( 'NONE',  ( 0.000000000000000000, -2.648432787750846740E-16, 1.000000000000000000 ) ) ;
#2976 = VERTEX_POINT ( 'NONE', #742 ) ;
#2977 = ORIENTED_EDGE ( 'NONE', *, *, #2748, .F. ) ;
#2978 = AXIS2_PLACEMENT_3D ( 'NONE', #3694, #3273, #4128 ) ;
#2979 = LINE ( 'NONE', #4110, #2763 ) ;
#2980 = EDGE_LOOP ( 'NONE', ( #3142, #1773 ) ) ;
#2981 = CARTESIAN_POINT ( 'NONE',  ( 0.1999999999999996503, 2.000000000000000000, -24.00000000000000355 ) ) ;
#2982 = ORIENTED_EDGE ( 'NONE', *, *, #2723, .T. ) ;
#2983 = CARTESIAN_POINT ( 'NONE',  ( 6.200000000000000178, 0.000000000000000000, -25.00000000000000000 ) ) ;
#2984 = ORIENTED_EDGE ( 'NONE', *, *, #4958, .T. ) ;
#2985 = EDGE_LOOP ( 'NONE', ( #4979, #4765 ) ) ;
#2986 = CARTESIAN_POINT ( 'NONE',  ( -2.243459280444427772, 19.44999999999999574, 5.588199955838117461 ) ) ;
#2987 = CARTESIAN_POINT ( 'NONE',  ( -1.502637486114517751, 19.44999999999999574, 6.139000000000000234 ) ) ;
#2988 = CARTESIAN_POINT ( 'NONE',  ( 0.000000000000000000, 9.524999999999998579, 0.8890000000000000124 ) ) ;
#2989 = AXIS2_PLACEMENT_3D ( 'NONE', #3437, #1059, #2631 ) ;
#2990 = CARTESIAN_POINT ( 'NONE',  ( 0.000000000000000000, -0.8890000000000009006, -19.04999999999999716 ) ) ;
#2991 = CIRCLE ( 'NONE', #1434, 2.100000000000000977 ) ;
#2992 = ADVANCED_FACE ( 'NONE', ( #2333 ), #354, .F. ) ;
#2993 = EDGE_CURVE ( 'NONE', #3341, #2729, #2709, .T. ) ;
#2994 = PLANE ( 'NONE',  #123 ) ;
#2995 = AXIS2_PLACEMENT_3D ( 'NONE', #2123, #72, #149 ) ;
#2996 = CIRCLE ( 'NONE', #773, 2.100000000000000977 ) ;
#2997 = CARTESIAN_POINT ( 'NONE',  ( 3.175000000000000711, 18.64999999999999147, 5.139000000000001123 ) ) ;
#2998 = CARTESIAN_POINT ( 'NONE',  ( 1.663442899047754109, 18.64999999999999147, 6.139000000000000234 ) ) ;
#2999 = CARTESIAN_POINT ( 'NONE',  ( -2.021666578221208432, -3.457121909598156240, -18.47651368875630951 ) ) ;
#3000 = EDGE_CURVE ( 'NONE', #2007, #1282, #4918, .T. ) ;
#3001 = ORIENTED_EDGE ( 'NONE', *, *, #794, .T. ) ;
#3002 = ADVANCED_FACE ( 'NONE', ( #3376, #4837 ), #1748, .T. ) ;
#3003 = ORIENTED_EDGE ( 'NONE', *, *, #491, .F. ) ;
#3004 = CIRCLE ( 'NONE', #198, 3.175000000000000711 ) ;
#3005 = CARTESIAN_POINT ( 'NONE',  ( 2.061552812808830293, -5.439000000000000945, -5.950000000000001954 ) ) ;
#3006 = CARTESIAN_POINT ( 'NONE',  ( 3.174999999999999822, 5.949999999999998401, 5.138999999999999346 ) ) ;
#3007 = AXIS2_PLACEMENT_3D ( 'NONE', #3425, #3804, #4869 ) ;
#3008 = AXIS2_PLACEMENT_3D ( 'NONE', #535, #4094, #4855 ) ;
#3009 = ORIENTED_EDGE ( 'NONE', *, *, #4941, .T. ) ;
#3010 = CARTESIAN_POINT ( 'NONE',  ( 2.042738830444500220, -2.470636393497685379, -19.53718001185238151 ) ) ;
#3011 = ORIENTED_EDGE ( 'NONE', *, *, #3797, .F. ) ;
#3012 = ADVANCED_FACE ( 'NONE', ( #138 ), #2216, .F. ) ;
#3013 = ORGANIZATION ( 'UNSPECIFIED', 'UNSPECIFIED', '' ) ;
#3014 = ORIENTED_EDGE ( 'NONE', *, *, #3822, .T. ) ;
#3015 = CARTESIAN_POINT ( 'NONE',  ( -2.021666578221208432, -3.457121909598156240, -5.776513688756314657 ) ) ;
#3016 = DIRECTION ( 'NONE',  ( 0.000000000000000000, -1.000000000000000000, 0.000000000000000000 ) ) ;
#3017 = CARTESIAN_POINT ( 'NONE',  ( 2.040073290564207831, -2.595422128626172054, -18.55190265095412627 ) ) ;
#3018 = ADVANCED_FACE ( 'NONE', ( #3727 ), #594, .T. ) ;
#3019 = FACE_OUTER_BOUND ( 'NONE', #2633, .T. ) ;
#3020 = VECTOR ( 'NONE', #2195, 1000.000000000000000 ) ;
#3021 = DIRECTION ( 'NONE',  ( -0.000000000000000000, 1.000000000000000000, -0.000000000000000000 ) ) ;
#3022 = CARTESIAN_POINT ( 'NONE',  ( 4.174999999999999822, 6.349999999999999645, -16.95000000000000284 ) ) ;
#3023 = ORIENTED_EDGE ( 'NONE', *, *, #4539, .F. ) ;
#3024 = VECTOR ( 'NONE', #3500, 1000.000000000000000 ) ;
#3025 = CARTESIAN_POINT ( 'NONE',  ( 0.8890000000000000124, 6.349999999999999645, -3.175000000000003819 ) ) ;
#3026 = DIRECTION ( 'NONE',  ( 0.000000000000000000, 1.000000000000000000, -1.084202172485504434E-16 ) ) ;
#3027 = DIRECTION ( 'NONE',  ( 0.000000000000000000, 0.000000000000000000, 1.000000000000000000 ) ) ;
#3028 = VERTEX_POINT ( 'NONE', #183 ) ;
#3029 = VERTEX_POINT ( 'NONE', #2898 ) ;
#3030 = CARTESIAN_POINT ( 'NONE',  ( -3.174999999999999822, -5.139000000000001123, -6.750000000000000888 ) ) ;
#3031 = CIRCLE ( 'NONE', #4973, 2.100000000000000977 ) ;
#3032 = EDGE_CURVE ( 'NONE', #2279, #1549, #2401, .T. ) ;
#3033 = ADVANCED_FACE ( 'NONE', ( #209 ), #1801, .F. ) ;
#3034 = EDGE_LOOP ( 'NONE', ( #3641, #3105, #3989, #2219 ) ) ;
#3035 = CARTESIAN_POINT ( 'NONE',  ( 0.000000000000000000, 19.04999999999999361, 5.439000000000000945 ) ) ;
#3036 = ORIENTED_EDGE ( 'NONE', *, *, #4013, .T. ) ;
#3037 = DIRECTION ( 'NONE',  ( 0.000000000000000000, 0.000000000000000000, -1.000000000000000000 ) ) ;
#3038 = ORIENTED_EDGE ( 'NONE', *, *, #4952, .F. ) ;
#3039 = ORIENTED_EDGE ( 'NONE', *, *, #1097, .T. ) ;
#3040 = CARTESIAN_POINT ( 'NONE',  ( 0.000000000000000000, 19.04999999999999361, 5.523072258617638397 ) ) ;
#3041 = CARTESIAN_POINT ( 'NONE',  ( 6.199999999999997513, 18.95000000000000284, -6.349999999999999645 ) ) ;
#3042 = CALENDAR_DATE ( 2022, 6, 6 ) ;
#3043 = EDGE_CURVE ( 'NONE', #2055, #2941, #3327, .T. ) ;
#3044 = CARTESIAN_POINT ( 'NONE',  ( -6.200000000000000178, 25.00000000000000000, 0.000000000000000000 ) ) ;
#3045 = DIRECTION ( 'NONE',  ( 0.000000000000000000, 0.000000000000000000, -1.000000000000000000 ) ) ;
#3046 = ORIENTED_EDGE ( 'NONE', *, *, #1335, .T. ) ;
#3047 = CARTESIAN_POINT ( 'NONE',  ( -2.040073290564207831, 19.54809734904586804, 2.595422128626172054 ) ) ;
#3048 = B_SPLINE_CURVE_WITH_KNOTS ( 'NONE', 3,
 ( #1864, #331, #3848, #1917, #1036, #3442 ),
 .UNSPECIFIED., .F., .F.,
 ( 4, 2, 4 ),
 ( 0.000000000000000000, 0.0004757001404452632911, 0.0009514002808905259317 ),
 .UNSPECIFIED. ) ;
#3049 = LINE ( 'NONE', #1847, #4720 ) ;
#3050 = CARTESIAN_POINT ( 'NONE',  ( 0.1999999999999996503, 2.000000000000000000, -24.00000000000000355 ) ) ;
#3051 = ORIENTED_EDGE ( 'NONE', *, *, #3121, .F. ) ;
#3052 = CARTESIAN_POINT ( 'NONE',  ( 0.1999999999999996503, 18.95000000000000284, -6.349999999999999645 ) ) ;
#3053 = EDGE_LOOP ( 'NONE', ( #3431, #4578, #2644, #4590 ) ) ;
#3054 = DIRECTION ( 'NONE',  ( 0.000000000000000000, 0.000000000000000000, -1.000000000000000000 ) ) ;
#3055 = EDGE_LOOP ( 'NONE', ( #2250, #1657, #2776, #1963 ) ) ;
#3056 = LINE ( 'NONE', #4956, #4929 ) ;
#3057 = ORIENTED_EDGE ( 'NONE', *, *, #167, .F. ) ;
#3058 = EDGE_CURVE ( 'NONE', #316, #1728, #1047, .T. ) ;
#3059 = VERTEX_POINT ( 'NONE', #4512 ) ;
#3060 = DIRECTION ( 'NONE',  ( 0.000000000000000000, -1.000000000000000000, 8.115498896123205041E-15 ) ) ;
#3061 = DIRECTION ( 'NONE',  ( -0.000000000000000000, 1.000000000000000000, 0.000000000000000000 ) ) ;
#3062 = CARTESIAN_POINT ( 'NONE',  ( -6.200000000000000178, 19.04425540319414623, -2.000000000000001332 ) ) ;
#3063 =( NAMED_UNIT ( * ) SI_UNIT ( $, .STERADIAN. ) SOLID_ANGLE_UNIT ( ) );
#3064 = CARTESIAN_POINT ( 'NONE',  ( 4.174999999999999822, 6.349999999999999645, -22.22500000000000497 ) ) ;
#3065 = DIRECTION ( 'NONE',  ( 0.000000000000000000, 0.000000000000000000, -1.000000000000000000 ) ) ;
#3066 = ORIENTED_EDGE ( 'NONE', *, *, #951, .T. ) ;
#3067 = EDGE_CURVE ( 'NONE', #1569, #1574, #4484, .T. ) ;
#3068 = FACE_OUTER_BOUND ( 'NONE', #636, .T. ) ;
#3069 = CARTESIAN_POINT ( 'NONE',  ( 0.000000000000000000, -5.523072258617638397, -8.650000000000002132 ) ) ;
#3070 = AXIS2_PLACEMENT_3D ( 'NONE', #1229, #831, #3128 ) ;
#3071 = CARTESIAN_POINT ( 'NONE',  ( -1.502637486114517751, 18.64999999999999147, 6.139000000000000234 ) ) ;
#3072 = DIRECTION ( 'NONE',  ( -0.000000000000000000, 0.000000000000000000, -1.000000000000000000 ) ) ;
#3073 = VERTEX_POINT ( 'NONE', #2952 ) ;
#3074 = EDGE_CURVE ( 'NONE', #3458, #1887, #212, .T. ) ;
#3075 = TOROIDAL_SURFACE ( 'NONE', #2594, 1.554966049364602254, 0.7500000000000000000 ) ;
#3076 = CARTESIAN_POINT ( 'NONE',  ( 2.040073290564207831, 19.54809734904586804, 2.595422128626172054 ) ) ;
#3077 = VECTOR ( 'NONE', #464, 1000.000000000000000 ) ;
#3078 = VERTEX_POINT ( 'NONE', #3654 ) ;
#3079 = ORIENTED_EDGE ( 'NONE', *, *, #4397, .F. ) ;
#3080 = DIRECTION ( 'NONE',  ( 0.000000000000000000, -1.000000000000000000, -2.297646988048747938E-16 ) ) ;
#3081 = AXIS2_PLACEMENT_3D ( 'NONE', #2674, #4875, #3732 ) ;
#3082 = ORIENTED_EDGE ( 'NONE', *, *, #1978, .F. ) ;
#3083 = CARTESIAN_POINT ( 'NONE',  ( -2.232710535457612888, -5.620762745781209269, -5.950000000000001954 ) ) ;
#3084 = VECTOR ( 'NONE', #237, 1000.000000000000000 ) ;
#3085 = ORIENTED_EDGE ( 'NONE', *, *, #2749, .F. ) ;
#3086 = DIRECTION ( 'NONE',  ( 0.000000000000000000, 0.000000000000000000, -1.000000000000000000 ) ) ;
#3087 = DIRECTION ( 'NONE',  ( -1.000000000000000000, -0.000000000000000000, -0.000000000000000000 ) ) ;
#3088 = CARTESIAN_POINT ( 'NONE',  ( 2.040073290564207831, -2.595422128626172054, -19.54809734904587160 ) ) ;
#3089 = APPLICATION_CONTEXT ( 'configuration controlled 3d designs of mechanical parts and assemblies' ) ;
#3090 = CIRCLE ( 'NONE', #2117, 3.174999999999998934 ) ;
#3091 = APPROVAL_ROLE ( '' ) ;
#3092 = ADVANCED_FACE ( 'NONE', ( #4454, #3278, #4817, #4430 ), #3680, .T. ) ;
#3093 = CARTESIAN_POINT ( 'NONE',  ( -1.502637486114517751, -6.139000000000000234, -19.44999999999999929 ) ) ;
#3094 = EDGE_CURVE ( 'NONE', #1236, #1759, #3352, .T. ) ;
#3095 = CARTESIAN_POINT ( 'NONE',  ( 2.182283254615324353, 6.749999999999998224, 5.773529692572009431 ) ) ;
#3096 = DIRECTION ( 'NONE',  ( -1.000000000000000000, 0.000000000000000000, 0.000000000000000000 ) ) ;
#3097 = EDGE_LOOP ( 'NONE', ( #2937, #3814, #938, #4877, #4881, #3148, #1470, #1153 ) ) ;
#3098 = DIRECTION ( 'NONE',  ( 0.000000000000000000, -1.000000000000000000, -1.376764663473656217E-16 ) ) ;
#3099 = LINE ( 'NONE', #4257, #2682 ) ;
#3100 = DIRECTION ( 'NONE',  ( 0.000000000000000000, -0.3875155864520939408, -0.9218631515885042926 ) ) ;
#3101 = CARTESIAN_POINT ( 'NONE',  ( 3.175000000000000711, 19.77063157758646028, 5.138999999999997570 ) ) ;
#3102 = EDGE_LOOP ( 'NONE', ( #1909, #736, #1077, #2330 ) ) ;
#3103 = CARTESIAN_POINT ( 'NONE',  ( 1.999113491775012852, -4.305849356269923156, -6.997740341250765717 ) ) ;
#3104 = EDGE_CURVE ( 'NONE', #3904, #2632, #962, .T. ) ;
#3105 = ORIENTED_EDGE ( 'NONE', *, *, #2032, .F. ) ;
#3106 = CARTESIAN_POINT ( 'NONE',  ( 0.000000000000000000, -5.389000000000000234, -19.04999999999999716 ) ) ;
#3107 = ORIENTED_EDGE ( 'NONE', *, *, #4550, .T. ) ;
#3108 = DIRECTION ( 'NONE',  ( 1.000000000000000000, -0.000000000000000000, -0.000000000000000000 ) ) ;
#3109 = VERTEX_POINT ( 'NONE', #4618 ) ;
#3110 = TOROIDAL_SURFACE ( 'NONE', #4070, 1.554966049364602254, 0.7500000000000000000 ) ;
#3111 = DIRECTION ( 'NONE',  ( 0.000000000000000000, -8.115498896123205041E-15, 1.000000000000000000 ) ) ;
#3112 = CARTESIAN_POINT ( 'NONE',  ( 2.174999999999999822, 11.40000000000000036, -11.40000000000000036 ) ) ;
#3113 = VECTOR ( 'NONE', #1568, 1000.000000000000000 ) ;
#3114 = DIRECTION ( 'NONE',  ( 0.000000000000000000, 0.000000000000000000, -1.000000000000000000 ) ) ;
#3115 = CYLINDRICAL_SURFACE ( 'NONE', #3664, 2.100000000000000977 ) ;
#3116 = APPROVAL_ROLE ( '' ) ;
#3117 = DIRECTION ( 'NONE',  ( 0.000000000000000000, 0.000000000000000000, -1.000000000000000000 ) ) ;
#3118 = ORIENTED_EDGE ( 'NONE', *, *, #1302, .F. ) ;
#3119 = CARTESIAN_POINT ( 'NONE',  ( 2.264950330581225302, 6.749999999999997335, 5.523072258617638397 ) ) ;
#3120 = DIRECTION ( 'NONE',  ( 0.000000000000000000, -0.000000000000000000, -1.000000000000000000 ) ) ;
#3121 = EDGE_CURVE ( 'NONE', #1647, #1051, #4259, .T. ) ;
#3122 = ADVANCED_FACE ( 'NONE', ( #3400 ), #754, .T. ) ;
#3123 = CARTESIAN_POINT ( 'NONE',  ( 5.460999999999999410, 6.349999999999999645, -19.05000000000000426 ) ) ;
#3124 = CARTESIAN_POINT ( 'NONE',  ( -3.174999999999999822, -5.138999999999997570, -7.070631577586468985 ) ) ;
#3125 = DIRECTION ( 'NONE',  ( 0.000000000000000000, 1.000000000000000000, -8.115498896123167176E-15 ) ) ;
#3126 = ORIENTED_EDGE ( 'NONE', *, *, #3490, .T. ) ;
#3127 = EDGE_CURVE ( 'NONE', #1650, #2161, #2720, .T. ) ;
#3128 = DIRECTION ( 'NONE',  ( 0.000000000000000000, 0.000000000000000000, -1.000000000000000000 ) ) ;
#3129 = CARTESIAN_POINT ( 'NONE',  ( 2.129368206736821811, 18.64999999999999147, 5.466985055880805078 ) ) ;
#3130 = ORIENTED_EDGE ( 'NONE', *, *, #1976, .F. ) ;
#3131 = DIRECTION ( 'NONE',  ( 0.000000000000000000, -1.000000000000000000, 7.542275982507855914E-17 ) ) ;
#3132 = ORIENTED_EDGE ( 'NONE', *, *, #954, .T. ) ;
#3133 = ORIENTED_EDGE ( 'NONE', *, *, #2127, .T. ) ;
#3134 = ADVANCED_FACE ( 'NONE', ( #365 ), #731, .F. ) ;
#3135 = CARTESIAN_POINT ( 'NONE',  ( 0.000000000000000000, 25.00000000000000000, 0.000000000000000000 ) ) ;
#3136 = ORIENTED_EDGE ( 'NONE', *, *, #2297, .T. ) ;
#3137 = CARTESIAN_POINT ( 'NONE',  ( -2.040073290564207831, -2.595422128626172054, -19.54809734904587160 ) ) ;
#3138 = AXIS2_PLACEMENT_3D ( 'NONE', #177, #1763, #3321 ) ;
#3139 = DIRECTION ( 'NONE',  ( 0.000000000000000000, -1.000000000000000000, 0.000000000000000000 ) ) ;
#3140 = EDGE_CURVE ( 'NONE', #1313, #2243, #3808, .T. ) ;
#3141 = CARTESIAN_POINT ( 'NONE',  ( -2.232710535457612888, -5.620762745781209269, -6.750000000000000888 ) ) ;
#3142 = ORIENTED_EDGE ( 'NONE', *, *, #1410, .T. ) ;
#3143 = LINE ( 'NONE', #3855, #32 ) ;
#3144 = DIRECTION ( 'NONE',  ( 1.000000000000000000, 0.000000000000000000, 0.000000000000000000 ) ) ;
#3145 = DIRECTION ( 'NONE',  ( 1.000000000000000000, 0.000000000000000000, 0.000000000000000000 ) ) ;
#3146 = LINE ( 'NONE', #2442, #707 ) ;
#3147 = EDGE_CURVE ( 'NONE', #687, #3078, #4978, .T. ) ;
#3148 = ORIENTED_EDGE ( 'NONE', *, *, #415, .T. ) ;
#3149 = CARTESIAN_POINT ( 'NONE',  ( -2.182266827280790800, -5.773579458367406048, -18.64999999999999858 ) ) ;
#3150 = VECTOR ( 'NONE', #386, 1000.000000000000000 ) ;
#3151 = PERSON ( 'UNSPECIFIED', 'UNSPECIFIED', 'UNSPECIFIED', ('UNSPECIFIED'), ('UNSPECIFIED'), ('UNSPECIFIED') ) ;
#3152 = DIRECTION ( 'NONE',  ( 0.7071067811865475727, -0.7071067811865475727, 0.000000000000000000 ) ) ;
#3153 = VECTOR ( 'NONE', #3532, 1000.000000000000114 ) ;
#3154 = EDGE_CURVE ( 'NONE', #2143, #4548, #3883, .T. ) ;
#3155 = DIRECTION ( 'NONE',  ( 0.000000000000000000, -0.000000000000000000, -1.000000000000000000 ) ) ;
#3156 = EDGE_CURVE ( 'NONE', #2623, #3078, #3858, .T. ) ;
#3157 = ORIENTED_EDGE ( 'NONE', *, *, #3227, .F. ) ;
#3158 = CARTESIAN_POINT ( 'NONE',  ( 0.000000000000000000, 0.000000000000000000, 0.000000000000000000 ) ) ;
#3159 = VECTOR ( 'NONE', #1678, 1000.000000000000000 ) ;
#3160 = ORIENTED_EDGE ( 'NONE', *, *, #1362, .F. ) ;
#3161 = AXIS2_PLACEMENT_3D ( 'NONE', #1848, #4214, #709 ) ;
#3162 = CARTESIAN_POINT ( 'NONE',  ( 0.000000000000000000, -5.389000000000000234, -19.04999999999999716 ) ) ;
#3163 = CIRCLE ( 'NONE', #1111, 2.100000000000000977 ) ;
#3164 = VERTEX_POINT ( 'NONE', #2671 ) ;
#3165 = CARTESIAN_POINT ( 'NONE',  ( -1.999113491775012408, -4.305849356269923156, -19.69774034125075701 ) ) ;
#3166 = VECTOR ( 'NONE', #2230, 1000.000000000000000 ) ;
#3167 = EDGE_CURVE ( 'NONE', #1592, #3818, #2545, .T. ) ;
#3168 = CARTESIAN_POINT ( 'NONE',  ( 2.061552812808830293, 5.949999999999998401, 5.439000000000000945 ) ) ;
#3169 = AXIS2_PLACEMENT_3D ( 'NONE', #369, #781, #1962 ) ;
#3170 = CARTESIAN_POINT ( 'NONE',  ( 0.000000000000000000, 16.94999999999999218, 5.438999999999999169 ) ) ;
#3171 = CIRCLE ( 'NONE', #4621, 3.374999999999999556 ) ;
#3172 = ORIENTED_EDGE ( 'NONE', *, *, #1617, .F. ) ;
#3173 = AXIS2_PLACEMENT_3D ( 'NONE', #3776, #2593, #1481 ) ;
#3174 = AXIS2_PLACEMENT_3D ( 'NONE', #2180, #2132, #4866 ) ;
#3175 = CYLINDRICAL_SURFACE ( 'NONE', #3244, 2.100000000000000977 ) ;
#3176 = CARTESIAN_POINT ( 'NONE',  ( 0.000000000000000000, 19.04999999999999361, 5.139000000000004675 ) ) ;
#3177 = CIRCLE ( 'NONE', #1290, 2.268258436585967264 ) ;
#3178 = SECURITY_CLASSIFICATION ( '', '', #3850 ) ;
#3179 = FACE_BOUND ( 'NONE', #553, .T. ) ;
#3180 = CARTESIAN_POINT ( 'NONE',  ( 0.000000000000000000, 16.74999999999999289, 5.523072258617638397 ) ) ;
#3181 = ORIENTED_EDGE ( 'NONE', *, *, #3560, .F. ) ;
#3182 = CARTESIAN_POINT ( 'NONE',  ( 4.174999999999999822, 6.349999999999999645, -19.05000000000000426 ) ) ;
#3183 = CARTESIAN_POINT ( 'NONE',  ( 0.8890000000000000124, 6.349999999999999645, -19.05000000000000426 ) ) ;
#3184 = AXIS2_PLACEMENT_3D ( 'NONE', #4029, #2548, #2109 ) ;
#3185 = CARTESIAN_POINT ( 'NONE',  ( -2.264950330581225746, -5.523072258617638397, -19.44999999999999929 ) ) ;
#3186 = VERTEX_POINT ( 'NONE', #3050 ) ;
#3187 = CARTESIAN_POINT ( 'NONE',  ( 0.000000000000000000, -5.523072258617638397, -19.04999999999999716 ) ) ;
#3188 = VERTEX_POINT ( 'NONE', #3501 ) ;
#3189 = ORIENTED_EDGE ( 'NONE', *, *, #4745, .T. ) ;
#3190 = DIRECTION ( 'NONE',  ( 0.000000000000000000, -1.000000000000000000, 0.000000000000000000 ) ) ;
#3191 = VERTEX_POINT ( 'NONE', #1149 ) ;
#3192 = DIRECTION ( 'NONE',  ( -0.000000000000000000, 1.000000000000000000, 0.000000000000000000 ) ) ;
#3193 = CARTESIAN_POINT ( 'NONE',  ( 0.000000000000000000, 0.000000000000000000, -19.04999999999999716 ) ) ;
#3194 = CIRCLE ( 'NONE', #4073, 0.7499999999999997780 ) ;
#3195 = AXIS2_PLACEMENT_3D ( 'NONE', #1946, #4358, #3489 ) ;
#3196 = DIRECTION ( 'NONE',  ( 1.000000000000000000, 0.000000000000000000, 0.000000000000000000 ) ) ;
#3197 = AXIS2_PLACEMENT_3D ( 'NONE', #1339, #1732, #3037 ) ;
#3198 = ORIENTED_EDGE ( 'NONE', *, *, #4745, .F. ) ;
#3199 = CARTESIAN_POINT ( 'NONE',  ( 4.174999999999999822, 19.04999999999999716, -8.450000000000002842 ) ) ;
#3200 = CARTESIAN_POINT ( 'NONE',  ( 0.000000000000000000, -5.523072258617638397, -6.350000000000001421 ) ) ;
#3201 = CARTESIAN_POINT ( 'NONE',  ( 0.000000000000000000, 6.349999999999997868, 0.000000000000000000 ) ) ;
#3202 = CARTESIAN_POINT ( 'NONE',  ( 2.254205848354697395, 19.44999999999999574, 5.555636450100673862 ) ) ;
#3203 = VERTEX_POINT ( 'NONE', #5056 ) ;
#3204 = CARTESIAN_POINT ( 'NONE',  ( 4.174999999999999822, 6.349999999999999645, -3.175000000000003819 ) ) ;
#3205 = FACE_OUTER_BOUND ( 'NONE', #251, .T. ) ;
#3206 = DIRECTION ( 'NONE',  ( 0.000000000000000000, -1.000000000000000000, 0.000000000000000000 ) ) ;
#3207 = CARTESIAN_POINT ( 'NONE',  ( 2.174999999999999822, 19.04999999999999716, -6.350000000000001421 ) ) ;
#3208 = ORIENTED_EDGE ( 'NONE', *, *, #1588, .T. ) ;
#3209 = CARTESIAN_POINT ( 'NONE',  ( 2.061552812808830293, -5.439000000000000945, -6.750000000000000888 ) ) ;
#3210 = ORIENTED_EDGE ( 'NONE', *, *, #5060, .F. ) ;
#3211 = EDGE_LOOP ( 'NONE', ( #4266, #91, #1751, #4728, #813, #4456, #325, #2363, #3046, #4163, #2900, #4520 ) ) ;
#3212 = VERTEX_POINT ( 'NONE', #677 ) ;
#3213 = DIRECTION ( 'NONE',  ( 0.000000000000000000, 1.000000000000000000, 0.000000000000000000 ) ) ;
#3214 = EDGE_CURVE ( 'NONE', #4457, #2094, #1386, .T. ) ;
#3215 = CARTESIAN_POINT ( 'NONE',  ( 2.254205848354697839, 6.749999999999997335, 5.555636450100673862 ) ) ;
#3216 = ADVANCED_FACE ( 'NONE', ( #5029 ), #2745, .F. ) ;
#3217 = ORIENTED_EDGE ( 'NONE', *, *, #3000, .T. ) ;
#3218 = CARTESIAN_POINT ( 'NONE',  ( 0.000000000000000000, 4.081741563414029272, 5.620762745781207492 ) ) ;
#3219 = VERTEX_POINT ( 'NONE', #4666 ) ;
#3220 = FACE_OUTER_BOUND ( 'NONE', #1987, .T. ) ;
#3221 = EDGE_CURVE ( 'NONE', #1852, #1301, #1173, .T. ) ;
#3222 = AXIS2_PLACEMENT_3D ( 'NONE', #1397, #2590, #4788 ) ;
#3223 = CARTESIAN_POINT ( 'NONE',  ( -6.200000000000000178, 2.000000000000001332, -9.328334981051646935 ) ) ;
#3224 = DIRECTION ( 'NONE',  ( 0.000000000000000000, 0.000000000000000000, 1.000000000000000000 ) ) ;
#3225 = CARTESIAN_POINT ( 'NONE',  ( -2.061552812808830293, -5.139000000000001123, -6.750000000000000888 ) ) ;
#3226 = CARTESIAN_POINT ( 'NONE',  ( 0.000000000000000000, 6.349999999999997868, 5.439000000000000945 ) ) ;
#3227 = EDGE_CURVE ( 'NONE', #1091, #1855, #4690, .T. ) ;
#3228 = ORIENTED_EDGE ( 'NONE', *, *, #1055, .F. ) ;
#3229 = CARTESIAN_POINT ( 'NONE',  ( 0.000000000000000000, 19.04999999999999361, 0.000000000000000000 ) ) ;
#3230 = ORIENTED_EDGE ( 'NONE', *, *, #1146, .F. ) ;
#3231 = CARTESIAN_POINT ( 'NONE',  ( -0.2442554031941478465, 25.00000000000000000, -2.000000000000001776 ) ) ;
#3232 = CARTESIAN_POINT ( 'NONE',  ( 0.8890000000000000124, 19.04999999999999716, -4.250000000000000000 ) ) ;
#3233 = ADVANCED_FACE ( 'NONE', ( #3778 ), #265, .T. ) ;
#3234 = ORIENTED_EDGE ( 'NONE', *, *, #399, .T. ) ;
#3235 = LINE ( 'NONE', #4772, #2133 ) ;
#3236 = EDGE_LOOP ( 'NONE', ( #2500, #1201 ) ) ;
#3237 = ORIENTED_EDGE ( 'NONE', *, *, #3297, .T. ) ;
#3238 = ORIENTED_EDGE ( 'NONE', *, *, #3997, .T. ) ;
#3239 = CARTESIAN_POINT ( 'NONE',  ( 2.571758278209441957E-16, -5.439000000000000057, -21.14999999999999858 ) ) ;
#3240 = VECTOR ( 'NONE', #1305, 1000.000000000000000 ) ;
#3241 = LINE ( 'NONE', #4463, #1725 ) ;
#3242 = VECTOR ( 'NONE', #4345, 1000.000000000000000 ) ;
#3243 = CIRCLE ( 'NONE', #3316, 6.049999999999999822 ) ;
#3244 = AXIS2_PLACEMENT_3D ( 'NONE', #2486, #4713, #1659 ) ;
#3245 = CARTESIAN_POINT ( 'NONE',  ( -2.061552812808830293, -5.439000000000000057, -19.44999999999999929 ) ) ;
#3246 = CIRCLE ( 'NONE', #859, 2.100000000000000977 ) ;
#3247 = DIRECTION ( 'NONE',  ( 0.000000000000000000, 8.260587980841934638E-15, -1.000000000000000000 ) ) ;
#3248 = DIRECTION ( 'NONE',  ( -1.000000000000000000, -0.000000000000000000, -0.000000000000000000 ) ) ;
#3249 = ADVANCED_FACE ( 'NONE', ( #2300, #3837 ), #321, .F. ) ;
#3250 = AXIS2_PLACEMENT_3D ( 'NONE', #2890, #4423, #4500 ) ;
#3251 = VECTOR ( 'NONE', #3878, 1000.000000000000000 ) ;
#3252 = CARTESIAN_POINT ( 'NONE',  ( 0.000000000000000000, -6.139000000000000234, -19.04999999999999716 ) ) ;
#3253 = FACE_OUTER_BOUND ( 'NONE', #2265, .T. ) ;
#3254 = EDGE_LOOP ( 'NONE', ( #3066, #1468, #3208, #193 ) ) ;
#3255 = CIRCLE ( 'NONE', #869, 2.100000000000000977 ) ;
#3256 = CARTESIAN_POINT ( 'NONE',  ( 6.200000000000000178, 1.999999999999997335, -1.999999999999998224 ) ) ;
#3257 = CARTESIAN_POINT ( 'NONE',  ( 0.1999999999999996503, 24.00000000000000000, -6.349999999999999645 ) ) ;
#3258 = LINE ( 'NONE', #1207, #4061 ) ;
#3259 = DIRECTION ( 'NONE',  ( 0.000000000000000000, 0.000000000000000000, 1.000000000000000000 ) ) ;
#3260 = ORIENTED_EDGE ( 'NONE', *, *, #4542, .T. ) ;
#3261 = DIRECTION ( 'NONE',  ( 0.000000000000000000, 1.000000000000000000, 0.000000000000000000 ) ) ;
#3262 = ORIENTED_EDGE ( 'NONE', *, *, #1302, .T. ) ;
#3263 = ORIENTED_EDGE ( 'NONE', *, *, #3637, .F. ) ;
#3264 = EDGE_CURVE ( 'NONE', #2201, #2041, #3978, .T. ) ;
#3265 = ORIENTED_EDGE ( 'NONE', *, *, #3345, .T. ) ;
#3266 = DIRECTION ( 'NONE',  ( 0.000000000000000000, 0.000000000000000000, -1.000000000000000000 ) ) ;
#3267 = LINE ( 'NONE', #4880, #4067 ) ;
#3268 = AXIS2_PLACEMENT_3D ( 'NONE', #3299, #3277, #2597 ) ;
#3269 = CARTESIAN_POINT ( 'NONE',  ( 6.199999999999997513, 24.00000000000000000, -6.349999999999999645 ) ) ;
#3270 = FACE_OUTER_BOUND ( 'NONE', #1859, .T. ) ;
#3271 = VERTEX_POINT ( 'NONE', #392 ) ;
#3272 = LINE ( 'NONE', #2891, #3568 ) ;
#3273 = DIRECTION ( 'NONE',  ( 0.000000000000000000, -1.000000000000000000, 0.000000000000000000 ) ) ;
#3274 = DIRECTION ( 'NONE',  ( 0.000000000000000000, 1.131341397376178325E-16, -1.000000000000000000 ) ) ;
#3275 = EDGE_CURVE ( 'NONE', #3889, #4336, #2318, .T. ) ;
#3276 = CARTESIAN_POINT ( 'NONE',  ( 6.199999999999997513, 25.00000000000000000, -6.349999999999999645 ) ) ;
#3277 = DIRECTION ( 'NONE',  ( 0.000000000000000000, -1.000000000000000000, 0.000000000000000000 ) ) ;
#3278 = FACE_OUTER_BOUND ( 'NONE', #4164, .T. ) ;
#3279 = EDGE_LOOP ( 'NONE', ( #4436, #2649, #3736, #1915 ) ) ;
#3280 = CARTESIAN_POINT ( 'NONE',  ( 4.174999999999999822, 6.349999999999999645, -15.87500000000000355 ) ) ;
#3281 = ORIENTED_EDGE ( 'NONE', *, *, #3396, .T. ) ;
#3282 = EDGE_CURVE ( 'NONE', #1374, #3584, #2845, .T. ) ;
#3283 = ORIENTED_EDGE ( 'NONE', *, *, #3840, .T. ) ;
#3284 = ORIENTED_EDGE ( 'NONE', *, *, #2634, .F. ) ;
#3285 = CARTESIAN_POINT ( 'NONE',  ( -2.197165962000668049, -5.495012552331537847, -18.64999999999999858 ) ) ;
#3286 = CYLINDRICAL_SURFACE ( 'NONE', #4967, 5.049999999999995381 ) ;
#3287 = EDGE_LOOP ( 'NONE', ( #3082, #4557, #3465 ) ) ;
#3288 = EDGE_CURVE ( 'NONE', #478, #2501, #1534, .T. ) ;
#3289 = CARTESIAN_POINT ( 'NONE',  ( 2.174999999999999822, 6.349999999999999645, -19.05000000000000426 ) ) ;
#3290 = DIRECTION ( 'NONE',  ( -0.000000000000000000, 1.000000000000000000, 0.000000000000000000 ) ) ;
#3291 = ADVANCED_FACE ( 'NONE', ( #417 ), #2290, .T. ) ;
#3292 = CARTESIAN_POINT ( 'NONE',  ( -2.061552812808831181, 6.749999999999997335, 5.138999999999999346 ) ) ;
#3293 = CARTESIAN_POINT ( 'NONE',  ( 2.174999999999999822, 12.40000000000000568, -25.00000000000000355 ) ) ;
#3294 = DIRECTION ( 'NONE',  ( 0.000000000000000000, 1.000000000000000000, -7.542275982507855914E-17 ) ) ;
#3295 = AXIS2_PLACEMENT_3D ( 'NONE', #4155, #724, #1041 ) ;
#3296 = ORIENTED_EDGE ( 'NONE', *, *, #382, .F. ) ;
#3297 = EDGE_CURVE ( 'NONE', #2525, #1855, #3146, .T. ) ;
#3298 = CARTESIAN_POINT ( 'NONE',  ( 2.099990463092004322, 6.473669021501080145, 2.139040055015563713 ) ) ;
#3299 = CARTESIAN_POINT ( 'NONE',  ( 0.000000000000000000, -6.139000000000000234, -19.04999999999999716 ) ) ;
#3300 = CARTESIAN_POINT ( 'NONE',  ( 0.1999999999999996503, 25.00000000000000000, -6.349999999999999645 ) ) ;
#3301 = ORIENTED_EDGE ( 'NONE', *, *, #15, .F. ) ;
#3302 = ORIENTED_EDGE ( 'NONE', *, *, #4043, .F. ) ;
#3303 = VERTEX_POINT ( 'NONE', #3180 ) ;
#3304 = ADVANCED_FACE ( 'NONE', ( #439 ), #5034, .T. ) ;
#3305 = EDGE_CURVE ( 'NONE', #4362, #2086, #1572, .T. ) ;
#3306 = ORIENTED_EDGE ( 'NONE', *, *, #156, .F. ) ;
#3307 = DIRECTION ( 'NONE',  ( -1.000000000000000000, 0.000000000000000000, 0.000000000000000000 ) ) ;
#3308 = ORIENTED_EDGE ( 'NONE', *, *, #4890, .F. ) ;
#3309 = CARTESIAN_POINT ( 'NONE',  ( -2.254205848354697839, -5.555636450100673862, -6.750000000000000888 ) ) ;
#3310 = CARTESIAN_POINT ( 'NONE',  ( 0.000000000000000000, -5.139000000000003787, -19.04999999999999716 ) ) ;
#3311 = AXIS2_PLACEMENT_3D ( 'NONE', #908, #2495, #522 ) ;
#3312 = ORIENTED_EDGE ( 'NONE', *, *, #2993, .T. ) ;
#3313 = DIRECTION ( 'NONE',  ( 0.000000000000000000, 0.000000000000000000, -1.000000000000000000 ) ) ;
#3314 = DIRECTION ( 'NONE',  ( 1.000000000000000000, 0.000000000000000000, 0.000000000000000000 ) ) ;
#3315 = AXIS2_PLACEMENT_3D ( 'NONE', #379, #1520, #3086 ) ;
#3316 = AXIS2_PLACEMENT_3D ( 'NONE', #3041, #2311, #1037 ) ;
#3317 = CONICAL_SURFACE ( 'NONE', #4775, 2.299999999999999822, 0.3141592653589760364 ) ;
#3318 = DIRECTION ( 'NONE',  ( 0.000000000000000000, -1.000000000000000000, 0.000000000000000000 ) ) ;
#3319 = EDGE_CURVE ( 'NONE', #996, #2242, #124, .T. ) ;
#3320 = VECTOR ( 'NONE', #4657, 1000.000000000000000 ) ;
#3321 = DIRECTION ( 'NONE',  ( 0.000000000000000000, 0.000000000000000000, -1.000000000000000000 ) ) ;
#3323 = FACE_OUTER_BOUND ( 'NONE', #2252, .T. ) ;
#3322 = AXIS2_PLACEMENT_3D ( 'NONE', #3332, #682, #1485 ) ;
#3324 = CARTESIAN_POINT ( 'NONE',  ( -1.972483239316685122, 18.32936842241352693, 5.138999999999997570 ) ) ;
#3325 = CIRCLE ( 'NONE', #1531, 1.554966049364604030 ) ;
#3326 = DIRECTION ( 'NONE',  ( -0.7071067811865474617, -0.7071067811865474617, 5.333194492811735195E-17 ) ) ;
#3327 = LINE ( 'NONE', #4895, #4648 ) ;
#3328 = ORIENTED_EDGE ( 'NONE', *, *, #1542, .T. ) ;
#3329 = ORIENTED_EDGE ( 'NONE', *, *, #1939, .F. ) ;
#3330 = CIRCLE ( 'NONE', #3973, 1.554966049364600700 ) ;
#3331 = ORIENTED_EDGE ( 'NONE', *, *, #407, .T. ) ;
#3332 = CARTESIAN_POINT ( 'NONE',  ( 0.000000000000000000, 6.349999999999997868, 6.139000000000000234 ) ) ;
#3333 = ORIENTED_EDGE ( 'NONE', *, *, #988, .F. ) ;
#3334 = CARTESIAN_POINT ( 'NONE',  ( 2.264950330581225746, -5.523072258617638397, -19.44999999999999929 ) ) ;
#3335 = VERTEX_POINT ( 'NONE', #3618 ) ;
#3336 = DIRECTION ( 'NONE',  ( 0.000000000000000000, 0.9218631515885042926, 0.3875155864520939408 ) ) ;
#3337 = VERTEX_POINT ( 'NONE', #1200 ) ;
#3338 = EDGE_CURVE ( 'NONE', #2443, #3029, #2067, .T. ) ;
#3339 = PLANE ( 'NONE',  #529 ) ;
#3340 = CARTESIAN_POINT ( 'NONE',  ( -2.254205848354697839, 6.749999999999997335, 5.555636450100673862 ) ) ;
#3341 = VERTEX_POINT ( 'NONE', #3597 ) ;
#3342 = LINE ( 'NONE', #1063, #4284 ) ;
#3343 = AXIS2_PLACEMENT_3D ( 'NONE', #3623, #2496, #1667 ) ;
#3344 = LINE ( 'NONE', #4889, #691 ) ;
#3345 = EDGE_CURVE ( 'NONE', #3762, #740, #4134, .T. ) ;
#3346 =( NAMED_UNIT ( * ) PLANE_ANGLE_UNIT ( ) SI_UNIT ( $, .RADIAN. ) );
#3347 = CARTESIAN_POINT ( 'NONE',  ( 0.000000000000000000, -5.523072258617638397, -19.04999999999999716 ) ) ;
#3348 = DIRECTION ( 'NONE',  ( 0.000000000000000000, -1.000000000000000000, 0.000000000000000000 ) ) ;
#3349 = CIRCLE ( 'NONE', #3920, 2.268258436585967264 ) ;
#3350 = EDGE_CURVE ( 'NONE', #2328, #3681, #102, .T. ) ;
#3351 = DIRECTION ( 'NONE',  ( 0.000000000000000000, -1.000000000000000000, 0.000000000000000000 ) ) ;
#3352 = CIRCLE ( 'NONE', #4398, 2.299999999999999822 ) ;
#3353 = CARTESIAN_POINT ( 'NONE',  ( -1.999113491775013296, -4.305849356269921380, -18.40225965874923375 ) ) ;
#3354 = ORIENTED_EDGE ( 'NONE', *, *, #1685, .T. ) ;
#3355 = EDGE_CURVE ( 'NONE', #996, #1759, #269, .T. ) ;
#3356 = ORIENTED_EDGE ( 'NONE', *, *, #3221, .T. ) ;
#3357 = CARTESIAN_POINT ( 'NONE',  ( 0.000000000000000000, -5.439000000000000057, -19.04999999999999716 ) ) ;
#3358 = DIRECTION ( 'NONE',  ( 0.000000000000000000, -8.260587980841934638E-15, -1.000000000000000000 ) ) ;
#3359 = ORIENTED_EDGE ( 'NONE', *, *, #222, .F. ) ;
#3360 = CARTESIAN_POINT ( 'NONE',  ( -2.061552812808830293, -5.439000000000000945, -6.750000000000000888 ) ) ;
#3361 = VERTEX_POINT ( 'NONE', #54 ) ;
#3362 = ORIENTED_EDGE ( 'NONE', *, *, #3620, .T. ) ;
#3363 = CARTESIAN_POINT ( 'NONE',  ( 3.174999999999999822, 5.629368422413532080, 5.138999999999997570 ) ) ;
#3364 = ORIENTED_EDGE ( 'NONE', *, *, #3396, .F. ) ;
#3365 = DIRECTION ( 'NONE',  ( 0.000000000000000000, -1.000000000000000000, 0.000000000000000000 ) ) ;
#3366 = DIRECTION ( 'NONE',  ( 0.000000000000000000, 0.000000000000000000, 1.000000000000000000 ) ) ;
#3367 = CARTESIAN_POINT ( 'NONE',  ( 0.1999999999999996503, 6.350000000000005862, -18.95000000000001350 ) ) ;
#3368 = EDGE_CURVE ( 'NONE', #3823, #5022, #1205, .T. ) ;
#3369 = DIRECTION ( 'NONE',  ( 0.000000000000000000, 8.260587980841934638E-15, -1.000000000000000000 ) ) ;
#3370 = CARTESIAN_POINT ( 'NONE',  ( 0.000000000000000000, -6.139000000000000234, -19.04999999999999716 ) ) ;
#3371 = DIRECTION ( 'NONE',  ( 0.000000000000000000, 0.000000000000000000, 1.000000000000000000 ) ) ;
#3372 = EDGE_CURVE ( 'NONE', #5063, #1484, #493, .T. ) ;
#3373 = AXIS2_PLACEMENT_3D ( 'NONE', #1452, #3021, #4588 ) ;
#3374 = CARTESIAN_POINT ( 'NONE',  ( 5.460999999999999410, 6.349999999999999645, -15.87500000000000355 ) ) ;
#3375 = DIRECTION ( 'NONE',  ( 0.000000000000000000, 5.324398787651590786E-15, -1.000000000000000000 ) ) ;
#3376 = FACE_OUTER_BOUND ( 'NONE', #1134, .T. ) ;
#3377 = ORIENTED_EDGE ( 'NONE', *, *, #1067, .F. ) ;
#3378 = ORIENTED_EDGE ( 'NONE', *, *, #1476, .F. ) ;
#3379 = AXIS2_PLACEMENT_3D ( 'NONE', #3617, #2370, #4003 ) ;
#3380 = DIRECTION ( 'NONE',  ( 0.000000000000000000, -1.000000000000000000, 0.000000000000000000 ) ) ;
#3381 = ADVANCED_FACE ( 'NONE', ( #1687, #3253 ), #4789, .T. ) ;
#3382 = DIRECTION ( 'NONE',  ( -0.000000000000000000, 1.000000000000000000, 0.000000000000000000 ) ) ;
#3383 = ORIENTED_EDGE ( 'NONE', *, *, #4416, .F. ) ;
#3384 = CARTESIAN_POINT ( 'NONE',  ( 2.040073290564207831, -2.595422128626172054, -18.55190265095412627 ) ) ;
#3385 = ORIENTED_EDGE ( 'NONE', *, *, #1014, .F. ) ;
#3386 = LINE ( 'NONE', #4928, #1949 ) ;
#3387 = ORIENTED_EDGE ( 'NONE', *, *, #2332, .F. ) ;
#3388 = DIRECTION ( 'NONE',  ( 0.000000000000000000, -1.000000000000000000, 0.000000000000000000 ) ) ;
#3389 = CARTESIAN_POINT ( 'NONE',  ( 2.021666578221207988, 6.923486311243687297, 3.457121909598163345 ) ) ;
#3390 = CARTESIAN_POINT ( 'NONE',  ( 2.129368206736822255, -5.466985055880805078, -6.750000000000000888 ) ) ;
#3391 = DIRECTION ( 'NONE',  ( 0.000000000000000000, 8.115498896123167176E-15, 1.000000000000000000 ) ) ;
#3392 = CARTESIAN_POINT ( 'NONE',  ( -2.254205848354697839, -5.555636450100673862, -18.64999999999999858 ) ) ;
#3393 = AXIS2_PLACEMENT_3D ( 'NONE', #3996, #3196, #2046 ) ;
#3394 = ORIENTED_EDGE ( 'NONE', *, *, #1391, .T. ) ;
#3395 = ADVANCED_FACE ( 'NONE', ( #4405 ), #4450, .T. ) ;
#3396 = EDGE_CURVE ( 'NONE', #4548, #4922, #1716, .T. ) ;
#3397 = DIRECTION ( 'NONE',  ( 1.000000000000000000, -0.000000000000000000, -0.000000000000000000 ) ) ;
#3398 = AXIS2_PLACEMENT_3D ( 'NONE', #5052, #4998, #674 ) ;
#3399 = DIRECTION ( 'NONE',  ( 0.000000000000000000, -1.000000000000000000, -8.115498896123167176E-15 ) ) ;
#3400 = FACE_OUTER_BOUND ( 'NONE', #4142, .T. ) ;
#3401 = ORIENTED_EDGE ( 'NONE', *, *, #1224, .T. ) ;
#3402 = ORIENTED_EDGE ( 'NONE', *, *, #155, .T. ) ;
#3403 = ORIENTED_EDGE ( 'NONE', *, *, #4026, .F. ) ;
#3404 = VECTOR ( 'NONE', #2706, 1000.000000000000000 ) ;
#3405 = CARTESIAN_POINT ( 'NONE',  ( 0.000000000000000000, 6.349999999999997868, 5.523072258617638397 ) ) ;
#3406 = ORIENTED_EDGE ( 'NONE', *, *, #1493, .F. ) ;
#3407 = CIRCLE ( 'NONE', #4702, 2.100000000000000089 ) ;
#3408 = AXIS2_PLACEMENT_3D ( 'NONE', #178, #4079, #927 ) ;
#3409 = EDGE_LOOP ( 'NONE', ( #1278, #2577, #139, #3387 ) ) ;
#3410 = CARTESIAN_POINT ( 'NONE',  ( 0.000000000000000000, 19.04999999999999361, 5.523072258617638397 ) ) ;
#3411 = VERTEX_POINT ( 'NONE', #3695 ) ;
#3412 = ORIENTED_EDGE ( 'NONE', *, *, #2155, .T. ) ;
#3413 = ADVANCED_FACE ( 'NONE', ( #4100 ), #2515, .F. ) ;
#3414 = CARTESIAN_POINT ( 'NONE',  ( 2.197165962000668049, -5.495012552331537847, -19.44999999999999929 ) ) ;
#3415 = EDGE_LOOP ( 'NONE', ( #579, #185, #4092, #7 ) ) ;
#3416 = CARTESIAN_POINT ( 'NONE',  ( 4.174999999999999822, 2.000000000000000000, -25.00000000000000355 ) ) ;
#3417 = CARTESIAN_POINT ( 'NONE',  ( 4.174999999999999822, 19.04999999999999716, -3.175000000000000266 ) ) ;
#3418 = CARTESIAN_POINT ( 'NONE',  ( -1.820969194338324160, 19.44999999999999574, 6.090132639966192585 ) ) ;
#3419 = DIRECTION ( 'NONE',  ( 1.000000000000000000, 0.000000000000000000, 0.000000000000000000 ) ) ;
#3420 = AXIS2_PLACEMENT_3D ( 'NONE', #1251, #3983, #474 ) ;
#3421 = DIRECTION ( 'NONE',  ( -0.000000000000000000, -1.000000000000000000, 7.542275982507855914E-17 ) ) ;
#3422 = DIRECTION ( 'NONE',  ( -1.000000000000000000, -0.000000000000000000, -0.000000000000000000 ) ) ;
#3423 = VERTEX_POINT ( 'NONE', #4050 ) ;
#3424 = PLANE ( 'NONE',  #4124 ) ;
#3425 = CARTESIAN_POINT ( 'NONE',  ( 0.8890000000000000124, 6.349999999999999645, -6.350000000000003197 ) ) ;
#3426 = AXIS2_PLACEMENT_3D ( 'NONE', #2905, #2093, #4091 ) ;
#3427 = DIRECTION ( 'NONE',  ( 0.7071067811865474617, 0.7071067811865474617, -0.000000000000000000 ) ) ;
#3428 = DIRECTION ( 'NONE',  ( 0.000000000000000000, -2.648432787750846247E-16, 1.000000000000000000 ) ) ;
#3429 = ADVANCED_FACE ( 'NONE', ( #154 ), #4810, .T. ) ;
#3430 = VECTOR ( 'NONE', #2258, 1000.000000000000000 ) ;
#3431 = ORIENTED_EDGE ( 'NONE', *, *, #3490, .F. ) ;
#3432 = DIRECTION ( 'NONE',  ( 0.000000000000000000, -0.000000000000000000, -1.000000000000000000 ) ) ;
#3433 = VECTOR ( 'NONE', #2975, 1000.000000000000000 ) ;
#3434 = ORIENTED_EDGE ( 'NONE', *, *, #2163, .F. ) ;
#3435 = ADVANCED_FACE ( 'NONE', ( #516 ), #4893, .T. ) ;
#3436 = ORIENTED_EDGE ( 'NONE', *, *, #15, .T. ) ;
#3437 = CARTESIAN_POINT ( 'NONE',  ( 4.174999999999999822, 12.40000000000000391, -12.40000000000000213 ) ) ;
#3438 = ORIENTED_EDGE ( 'NONE', *, *, #802, .F. ) ;
#3439 = ORIENTED_EDGE ( 'NONE', *, *, #2080, .F. ) ;
#3440 = LINE ( 'NONE', #741, #3884 ) ;
#3441 = EDGE_CURVE ( 'NONE', #3341, #243, #1818, .T. ) ;
#3442 = CARTESIAN_POINT ( 'NONE',  ( 1.502637486114517751, -6.139000000000000234, -5.950000000000001954 ) ) ;
#3443 = CARTESIAN_POINT ( 'NONE',  ( 5.460999999999999410, 19.04999999999999716, -4.250000000000000000 ) ) ;
#3444 = APPROVAL_DATE_TIME ( #4679, #2783 ) ;
#3445 = EDGE_CURVE ( 'NONE', #366, #371, #4864, .T. ) ;
#3446 = CARTESIAN_POINT ( 'NONE',  ( 4.174999999999999822, 19.04999999999999716, -6.350000000000001421 ) ) ;
#3447 = CARTESIAN_POINT ( 'NONE',  ( 0.000000000000000000, -5.439000000000000945, -6.350000000000001421 ) ) ;
#3448 = ORIENTED_EDGE ( 'NONE', *, *, #4776, .F. ) ;
#3449 = DIRECTION ( 'NONE',  ( 0.000000000000000000, -0.000000000000000000, -1.000000000000000000 ) ) ;
#3450 = DIRECTION ( 'NONE',  ( 0.7071067811865474617, 0.000000000000000000, -0.7071067811865476838 ) ) ;
#3451 = CARTESIAN_POINT ( 'NONE',  ( -6.200000000000000178, 2.000000000000000000, -25.00000000000000355 ) ) ;
#3452 = DIRECTION ( 'NONE',  ( -1.000000000000000000, -0.000000000000000000, -0.000000000000000000 ) ) ;
#3453 = ORIENTED_EDGE ( 'NONE', *, *, #2092, .T. ) ;
#3454 = CARTESIAN_POINT ( 'NONE',  ( 2.040073290564206943, -2.595422128626172054, -6.848097349045874971 ) ) ;
#3455 = AXIS2_PLACEMENT_3D ( 'NONE', #1265, #2073, #4373 ) ;
#3456 = ORIENTED_EDGE ( 'NONE', *, *, #2546, .T. ) ;
#3457 =( BOUNDED_CURVE ( )  B_SPLINE_CURVE ( 3, ( #1813, #3015, #4096, #1789 ),
 .UNSPECIFIED., .F., .T. ) 
 B_SPLINE_CURVE_WITH_KNOTS ( ( 4, 4 ),
 ( 1.810267798689539021, 1.921073213463466933 ),
 .UNSPECIFIED. ) 
 CURVE ( )  GEOMETRIC_REPRESENTATION_ITEM ( )  RATIONAL_B_SPLINE_CURVE ( ( 1.000000000000000000, 0.9989771083553060649, 0.9989771083553060649, 1.000000000000000000 ) ) 
 REPRESENTATION_ITEM ( '' )  );
#3458 = VERTEX_POINT ( 'NONE', #589 ) ;
#3459 = CARTESIAN_POINT ( 'NONE',  ( 0.000000000000000000, 19.04999999999999361, 5.523072258617638397 ) ) ;
#3460 = VECTOR ( 'NONE', #825, 1000.000000000000000 ) ;
#3461 = VERTEX_POINT ( 'NONE', #2893 ) ;
#3462 = CARTESIAN_POINT ( 'NONE',  ( -6.349999999999999645, -0.000000000000000000, -12.69999999999999929 ) ) ;
#3463 = ADVANCED_FACE ( 'NONE', ( #3323 ), #4130, .F. ) ;
#3464 = ADVANCED_FACE ( 'NONE', ( #2211 ), #2490, .T. ) ;
#3465 = ORIENTED_EDGE ( 'NONE', *, *, #2784, .T. ) ;
#3466 = DIRECTION ( 'NONE',  ( 0.000000000000000000, 0.000000000000000000, 1.000000000000000000 ) ) ;
#3467 = DIRECTION ( 'NONE',  ( -1.000000000000000000, 0.000000000000000000, 0.000000000000000000 ) ) ;
#3468 = COORDINATED_UNIVERSAL_TIME_OFFSET ( 6, 0, .BEHIND. ) ;
#3469 = DIRECTION ( 'NONE',  ( -0.000000000000000000, -0.08715574274765176821, -0.9961946980917461003 ) ) ;
#3470 = DIRECTION ( 'NONE',  ( -0.7071067811865473507, -7.999791739217604949E-17, 0.7071067811865477948 ) ) ;
#3471 = FACE_OUTER_BOUND ( 'NONE', #1043, .T. ) ;
#3472 = ORIENTED_EDGE ( 'NONE', *, *, #4270, .T. ) ;
#3473 = CONICAL_SURFACE ( 'NONE', #4556, 2.100000000000000977, 1.172861257340199304 ) ;
#3474 = DIRECTION ( 'NONE',  ( 0.000000000000000000, -1.000000000000000000, 0.000000000000000000 ) ) ;
#3475 = ADVANCED_FACE ( 'NONE', ( #2104 ), #3721, .F. ) ;
#3476 = CARTESIAN_POINT ( 'NONE',  ( 1.502637486114517751, 19.44999999999999574, 6.139000000000000234 ) ) ;
#3477 = AXIS2_PLACEMENT_3D ( 'NONE', #10, #3152, #4723 ) ;
#3478 = CARTESIAN_POINT ( 'NONE',  ( 6.200000000000000178, 2.000000000000000000, -25.00000000000000355 ) ) ;
#3479 = CARTESIAN_POINT ( 'NONE',  ( -2.264950330581225746, 5.949999999999998401, 5.523072258617638397 ) ) ;
#3480 = VECTOR ( 'NONE', #4221, 1000.000000000000000 ) ;
#3481 = EDGE_LOOP ( 'NONE', ( #2971, #4106, #4927, #3810, #81, #1545, #2379 ) ) ;
#3482 = EDGE_LOOP ( 'NONE', ( #4217, #863 ) ) ;
#3483 = CARTESIAN_POINT ( 'NONE',  ( 6.200000000000000178, 1.999999999999997335, -1.999999999999998224 ) ) ;
#3484 = VECTOR ( 'NONE', #2528, 1000.000000000000000 ) ;
#3485 = EDGE_LOOP ( 'NONE', ( #4752, #638, #4485, #1880, #3439 ) ) ;
#3486 = LINE ( 'NONE', #2757, #700 ) ;
#3487 = TOROIDAL_SURFACE ( 'NONE', #1284, 1.554966049364602254, 0.7500000000000000000 ) ;
#3488 = ORIENTED_EDGE ( 'NONE', *, *, #380, .F. ) ;
#3489 = DIRECTION ( 'NONE',  ( 0.000000000000000000, 0.000000000000000000, 1.000000000000000000 ) ) ;
#3490 = EDGE_CURVE ( 'NONE', #3584, #2976, #204, .T. ) ;
#3491 = FACE_OUTER_BOUND ( 'NONE', #3845, .T. ) ;
#3492 = EDGE_CURVE ( 'NONE', #2411, #1285, #2768, .T. ) ;
#3493 = CYLINDRICAL_SURFACE ( 'NONE', #356, 5.050000000000000711 ) ;
#3494 = VERTEX_POINT ( 'NONE', #3748 ) ;
#3495 = PLANE ( 'NONE',  #3008 ) ;
#3496 = EDGE_CURVE ( 'NONE', #4418, #4922, #2970, .T. ) ;
#3497 = CARTESIAN_POINT ( 'NONE',  ( 1.972483239316685122, -5.138999999999997570, -18.32936842241353403 ) ) ;
#3498 = DIRECTION ( 'NONE',  ( 0.000000000000000000, 0.000000000000000000, -1.000000000000000000 ) ) ;
#3499 = CIRCLE ( 'NONE', #4149, 2.299999999999999822 ) ;
#3500 = DIRECTION ( 'NONE',  ( 0.000000000000000000, -1.131341397376178325E-16, 1.000000000000000000 ) ) ;
#3501 = CARTESIAN_POINT ( 'NONE',  ( -1.502637486114518195, 6.749999999999999112, 6.139000000000000234 ) ) ;
#3502 = EDGE_CURVE ( 'NONE', #1933, #1613, #3693, .T. ) ;
#3503 = ORIENTED_EDGE ( 'NONE', *, *, #3589, .F. ) ;
#3504 = CIRCLE ( 'NONE', #4153, 3.374999999999999556 ) ;
#3505 = CARTESIAN_POINT ( 'NONE',  ( -2.040073290564207831, 19.54809734904586804, 2.595422128626172054 ) ) ;
#3506 = AXIS2_PLACEMENT_3D ( 'NONE', #3538, #3139, #3872 ) ;
#3507 = ORIENTED_EDGE ( 'NONE', *, *, #794, .F. ) ;
#3508 = EDGE_CURVE ( 'NONE', #525, #2094, #3330, .T. ) ;
#3509 = EDGE_LOOP ( 'NONE', ( #4656, #90 ) ) ;
#3510 = CARTESIAN_POINT ( 'NONE',  ( -2.040073290564207831, -2.595422128626172054, -5.851902650954129648 ) ) ;
#3511 = VERTEX_POINT ( 'NONE', #5050 ) ;
#3512 = VECTOR ( 'NONE', #1670, 1000.000000000000000 ) ;
#3513 = CARTESIAN_POINT ( 'NONE',  ( 1.502637486114518195, -6.139000000000000234, -6.750000000000002665 ) ) ;
#3514 = VERTEX_POINT ( 'NONE', #1117 ) ;
#3515 = LINE ( 'NONE', #4631, #4210 ) ;
#3516 = DIRECTION ( 'NONE',  ( 0.000000000000000000, -0.000000000000000000, -1.000000000000000000 ) ) ;
#3517 = APPROVAL_STATUS ( 'not_yet_approved' ) ;
#3518 = EDGE_CURVE ( 'NONE', #4011, #2703, #948, .T. ) ;
#3519 = DIRECTION ( 'NONE',  ( -1.000000000000000000, -0.000000000000000000, -0.000000000000000000 ) ) ;
#3520 = ORIENTED_EDGE ( 'NONE', *, *, #82, .T. ) ;
#3521 = CARTESIAN_POINT ( 'NONE',  ( 1.502637486114517751, 19.44999999999999574, 6.139000000000000234 ) ) ;
#3522 = CARTESIAN_POINT ( 'NONE',  ( 0.000000000000000000, 19.04999999999999361, 0.8890000000000000124 ) ) ;
#3523 = EDGE_CURVE ( 'NONE', #1282, #2704, #3896, .T. ) ;
#3524 = ADVANCED_FACE ( 'NONE', ( #2665 ), #747, .F. ) ;
#3525 = CARTESIAN_POINT ( 'NONE',  ( 0.000000000000000000, -6.139000000000000234, -4.250127054631374968 ) ) ;
#3526 = CARTESIAN_POINT ( 'NONE',  ( 0.1999999999999996503, 11.40000000000000036, -11.40000000000000036 ) ) ;
#3527 = ORIENTED_EDGE ( 'NONE', *, *, #2814, .F. ) ;
#3528 = ADVANCED_FACE ( 'NONE', ( #5020 ), #1121, .T. ) ;
#3529 = CARTESIAN_POINT ( 'NONE',  ( 3.174999999999999822, 5.949999999999998401, 6.139000000000000234 ) ) ;
#3530 = CARTESIAN_POINT ( 'NONE',  ( 2.232710535457612888, -5.620762745781209269, -5.950000000000001954 ) ) ;
#3531 = VERTEX_POINT ( 'NONE', #2691 ) ;
#3532 = DIRECTION ( 'NONE',  ( 0.000000000000000000, 0.9510565162951545304, 0.3090169943749442316 ) ) ;
#3533 = ORIENTED_EDGE ( 'NONE', *, *, #1186, .F. ) ;
#3534 = CARTESIAN_POINT ( 'NONE',  ( 2.061552812808830293, -5.139000000000000234, -18.64999999999999858 ) ) ;
#3535 = EDGE_CURVE ( 'NONE', #2378, #2118, #1872, .T. ) ;
#3536 = CARTESIAN_POINT ( 'NONE',  ( -1.972483239316685122, -5.138999999999997570, -19.77063157758646383 ) ) ;
#3537 = CIRCLE ( 'NONE', #1334, 3.175000000000000711 ) ;
#3538 = CARTESIAN_POINT ( 'NONE',  ( 0.000000000000000000, 0.000000000000000000, -6.350000000000001421 ) ) ;
#3539 = DIRECTION ( 'NONE',  ( 0.000000000000000000, -1.000000000000000000, 0.000000000000000000 ) ) ;
#3540 = VERTEX_POINT ( 'NONE', #4564 ) ;
#3541 = CARTESIAN_POINT ( 'NONE',  ( -6.349999999999999645, 12.69999999999999929, -1.999999999999998224 ) ) ;
#3542 = CARTESIAN_POINT ( 'NONE',  ( 2.232710535457612888, -5.620762745781209269, -19.44999999999999929 ) ) ;
#3543 = CARTESIAN_POINT ( 'NONE',  ( 2.264950330581225302, 5.949999999999998401, 5.523072258617638397 ) ) ;
#3544 = CARTESIAN_POINT ( 'NONE',  ( -2.061552812808830293, -5.139000000000000234, -19.44999999999999929 ) ) ;
#3545 = DIRECTION ( 'NONE',  ( -0.000000000000000000, 0.000000000000000000, 1.000000000000000000 ) ) ;
#3546 = ORIENTED_EDGE ( 'NONE', *, *, #1616, .F. ) ;
#3547 = EDGE_CURVE ( 'NONE', #735, #4414, #1141, .T. ) ;
#3548 = EDGE_CURVE ( 'NONE', #4062, #998, #1941, .T. ) ;
#3549 = AXIS2_PLACEMENT_3D ( 'NONE', #3529, #860, #420 ) ;
#3550 = PLANE ( 'NONE',  #3070 ) ;
#3551 = DIRECTION ( 'NONE',  ( 8.881784197001256268E-16, 0.000000000000000000, -1.000000000000000000 ) ) ;
#3552 = ORIENTED_EDGE ( 'NONE', *, *, #2459, .F. ) ;
#3553 = CARTESIAN_POINT ( 'NONE',  ( 6.200000000000000178, 6.349999999999995204, -25.00000000000001066 ) ) ;
#3554 = AXIS2_PLACEMENT_3D ( 'NONE', #3715, #4470, #200 ) ;
#3555 = ORIENTED_EDGE ( 'NONE', *, *, #4539, .T. ) ;
#3556 = VECTOR ( 'NONE', #4762, 1000.000000000000000 ) ;
#3557 = CARTESIAN_POINT ( 'NONE',  ( 5.460999999999999410, 6.349999999999999645, -6.350000000000003197 ) ) ;
#3558 = VECTOR ( 'NONE', #4318, 1000.000000000000000 ) ;
#3559 = DIRECTION ( 'NONE',  ( 0.000000000000000000, 0.000000000000000000, -1.000000000000000000 ) ) ;
#3560 = EDGE_CURVE ( 'NONE', #2585, #2115, #3853, .T. ) ;
#3561 = AXIS2_PLACEMENT_3D ( 'NONE', #2239, #1401, #2569 ) ;
#3562 = CARTESIAN_POINT ( 'NONE',  ( -6.200000000000000178, 25.00000000000000000, 0.000000000000000000 ) ) ;
#3563 = EDGE_LOOP ( 'NONE', ( #4572, #3619 ) ) ;
#3564 = VECTOR ( 'NONE', #4, 1000.000000000000000 ) ;
#3565 = AXIS2_PLACEMENT_3D ( 'NONE', #315, #701, #3045 ) ;
#3566 = DIRECTION ( 'NONE',  ( 0.000000000000000000, -1.000000000000000000, 0.000000000000000000 ) ) ;
#3567 = CYLINDRICAL_SURFACE ( 'NONE', #3729, 3.175000000000000711 ) ;
#3568 = VECTOR ( 'NONE', #4424, 1000.000000000000000 ) ;
#3569 = DIRECTION ( 'NONE',  ( 0.000000000000000000, 0.000000000000000000, -1.000000000000000000 ) ) ;
#3570 = CARTESIAN_POINT ( 'NONE',  ( 2.264950330581225302, -5.523072258617638397, -5.950000000000001954 ) ) ;
#3571 = ORIENTED_EDGE ( 'NONE', *, *, #1270, .T. ) ;
#3572 = CARTESIAN_POINT ( 'NONE',  ( -3.888253587292845095E-16, 15.87499999999999289, 0.8890000000000000124 ) ) ;
#3573 = EDGE_CURVE ( 'NONE', #2411, #1105, #2852, .T. ) ;
#3574 = DIRECTION ( 'NONE',  ( 0.000000000000000000, -0.3090169943749442316, -0.9510565162951545304 ) ) ;
#3575 = VECTOR ( 'NONE', #4600, 1000.000000000000000 ) ;
#3576 = DIRECTION ( 'NONE',  ( 1.000000000000000000, -0.000000000000000000, -0.000000000000000000 ) ) ;
#3577 = CARTESIAN_POINT ( 'NONE',  ( 0.000000000000000000, 19.04999999999999361, 0.8890000000000000124 ) ) ;
#3578 = ORIENTED_EDGE ( 'NONE', *, *, #595, .F. ) ;
#3579 = LINE ( 'NONE', #2730, #146 ) ;
#3580 = ORIENTED_EDGE ( 'NONE', *, *, #4014, .T. ) ;
#3581 = ORIENTED_EDGE ( 'NONE', *, *, #3000, .F. ) ;
#3582 = CARTESIAN_POINT ( 'NONE',  ( 0.000000000000000000, -6.139000000000000234, -16.95012705463136982 ) ) ;
#3583 = EDGE_CURVE ( 'NONE', #3531, #2929, #4180, .T. ) ;
#3584 = VERTEX_POINT ( 'NONE', #1924 ) ;
#3585 = FACE_OUTER_BOUND ( 'NONE', #4415, .T. ) ;
#3586 = CARTESIAN_POINT ( 'NONE',  ( 0.000000000000000000, -5.523072258617638397, -6.350000000000001421 ) ) ;
#3587 = AXIS2_PLACEMENT_3D ( 'NONE', #891, #3604, #3261 ) ;
#3588 = CIRCLE ( 'NONE', #317, 3.175000000000000711 ) ;
#3589 = EDGE_CURVE ( 'NONE', #996, #3335, #2264, .T. ) ;
#3590 = CARTESIAN_POINT ( 'NONE',  ( 0.000000000000000000, 6.349999999999997868, 0.000000000000000000 ) ) ;
#3591 = ORIENTED_EDGE ( 'NONE', *, *, #3104, .T. ) ;
#3592 = DIRECTION ( 'NONE',  ( 0.000000000000000000, 0.000000000000000000, -1.000000000000000000 ) ) ;
#3593 = CARTESIAN_POINT ( 'NONE',  ( -2.197165962000668493, 19.44999999999999574, 5.495012552331538735 ) ) ;
#3594 = LINE ( 'NONE', #2466, #4295 ) ;
#3595 = ADVANCED_FACE ( 'NONE', ( #360, #4156 ), #1841, .T. ) ;
#3596 = DIRECTION ( 'NONE',  ( 0.000000000000000000, -1.000000000000000000, 0.000000000000000000 ) ) ;
#3597 = CARTESIAN_POINT ( 'NONE',  ( -2.264950330581225746, -5.523072258617638397, -5.950000000000001954 ) ) ;
#3598 = ORIENTED_EDGE ( 'NONE', *, *, #415, .F. ) ;
#3599 = DIRECTION ( 'NONE',  ( 0.000000000000000000, -1.000000000000000000, 0.000000000000000000 ) ) ;
#3600 = CARTESIAN_POINT ( 'NONE',  ( 2.061552812808830293, 19.44999999999999574, 5.439000000000000945 ) ) ;
#3601 = CARTESIAN_POINT ( 'NONE',  ( -2.061552812808830293, 5.949999999999998401, 5.439000000000000945 ) ) ;
#3602 = CARTESIAN_POINT ( 'NONE',  ( 0.1999999999999996503, 2.000000000000000000, -24.00000000000000355 ) ) ;
#3603 = ORIENTED_EDGE ( 'NONE', *, *, #3675, .F. ) ;
#3604 = DIRECTION ( 'NONE',  ( 0.000000000000000000, 0.000000000000000000, 1.000000000000000000 ) ) ;
#3605 = ORIENTED_EDGE ( 'NONE', *, *, #2269, .F. ) ;
#3606 = VERTEX_POINT ( 'NONE', #4939 ) ;
#3607 = EDGE_LOOP ( 'NONE', ( #2610, #1633, #604, #4932 ) ) ;
#3608 = CARTESIAN_POINT ( 'NONE',  ( 2.254205848354697839, 5.949999999999998401, 5.555636450100673862 ) ) ;
#3609 = CARTESIAN_POINT ( 'NONE',  ( -2.232710535457612888, -5.620762745781209269, -6.750000000000000888 ) ) ;
#3610 = ORIENTED_EDGE ( 'NONE', *, *, #2297, .F. ) ;
#3611 = ADVANCED_FACE ( 'NONE', ( #4995, #3471 ), #3799, .T. ) ;
#3612 = ADVANCED_FACE ( 'NONE', ( #1954 ), #3495, .T. ) ;
#3613 = VECTOR ( 'NONE', #3421, 1000.000000000000000 ) ;
#3614 = CARTESIAN_POINT ( 'NONE',  ( 1.663442899047754331, -6.138999999999998458, -19.45000000000000284 ) ) ;
#3615 = DIRECTION ( 'NONE',  ( 0.000000000000000000, 0.000000000000000000, 1.000000000000000000 ) ) ;
#3616 = FACE_OUTER_BOUND ( 'NONE', #1291, .T. ) ;
#3617 = CARTESIAN_POINT ( 'NONE',  ( 0.000000000000000000, 6.349999999999997868, 5.439000000000000945 ) ) ;
#3618 = CARTESIAN_POINT ( 'NONE',  ( -2.061552812808830293, 5.949999999999998401, 5.138999999999999346 ) ) ;
#3619 = ORIENTED_EDGE ( 'NONE', *, *, #3985, .F. ) ;
#3620 = EDGE_CURVE ( 'NONE', #2189, #3059, #3645, .T. ) ;
#3621 = LINE ( 'NONE', #107, #2844 ) ;
#3622 = PLANE ( 'NONE',  #768 ) ;
#3623 = CARTESIAN_POINT ( 'NONE',  ( 0.8890000000000000124, 6.349999999999999645, -6.350000000000003197 ) ) ;
#3624 = DIRECTION ( 'NONE',  ( 0.000000000000000000, 0.000000000000000000, -1.000000000000000000 ) ) ;
#3625 = ORIENTED_EDGE ( 'NONE', *, *, #519, .F. ) ;
#3626 = FACE_OUTER_BOUND ( 'NONE', #993, .T. ) ;
#3627 = ORIENTED_EDGE ( 'NONE', *, *, #1013, .F. ) ;
#3628 = VERTEX_POINT ( 'NONE', #1365 ) ;
#3629 = CARTESIAN_POINT ( 'NONE',  ( -6.200000000000000178, 9.328334981051646935, 0.000000000000000000 ) ) ;
#3630 = EDGE_LOOP ( 'NONE', ( #2579, #1906, #1414 ) ) ;
#3631 = CYLINDRICAL_SURFACE ( 'NONE', #3718, 3.174999999999999378 ) ;
#3632 = AXIS2_PLACEMENT_3D ( 'NONE', #1977, #3519, #2766 ) ;
#3633 = PLANE ( 'NONE',  #1221 ) ;
#3634 = ORIENTED_EDGE ( 'NONE', *, *, #547, .F. ) ;
#3635 = AXIS2_PLACEMENT_3D ( 'NONE', #3833, #338, #2743 ) ;
#3636 = EDGE_CURVE ( 'NONE', #2807, #4336, #4945, .T. ) ;
#3637 = EDGE_CURVE ( 'NONE', #2421, #1650, #2277, .T. ) ;
#3638 = CARTESIAN_POINT ( 'NONE',  ( 2.040073290564207387, 6.848097349045871418, 2.595422128626172054 ) ) ;
#3639 = B_SPLINE_CURVE_WITH_KNOTS ( 'NONE', 3,
 ( #4198, #2986, #4934, #694 ),
 .UNSPECIFIED., .F., .F.,
 ( 4, 4 ),
 ( 0.003655977453372194312, 0.003758849537120530649 ),
 .UNSPECIFIED. ) ;
#3640 = B_SPLINE_CURVE_WITH_KNOTS ( 'NONE', 3,
 ( #1235, #2785, #2733, #1990, #5040, #3083 ),
 .UNSPECIFIED., .F., .F.,
 ( 4, 2, 4 ),
 ( 0.000000000000000000, 0.0004757428370953077569, 0.0009514856741906159475 ),
 .UNSPECIFIED. ) ;
#3641 = ORIENTED_EDGE ( 'NONE', *, *, #143, .F. ) ;
#3642 = DIRECTION ( 'NONE',  ( 0.000000000000000000, 1.000000000000000000, -1.734723475976807094E-15 ) ) ;
#3643 = CIRCLE ( 'NONE', #2113, 3.175000000000000711 ) ;
#3644 = EDGE_CURVE ( 'NONE', #2608, #4173, #2103, .T. ) ;
#3645 = CIRCLE ( 'NONE', #1450, 3.175000000000000711 ) ;
#3646 = CARTESIAN_POINT ( 'NONE',  ( 0.1999999999999996503, 11.40000000000000036, -11.40000000000000036 ) ) ;
#3647 = CARTESIAN_POINT ( 'NONE',  ( 6.200000000000000178, 2.000000000000000000, -25.00000000000000355 ) ) ;
#3648 = ORIENTED_EDGE ( 'NONE', *, *, #3074, .F. ) ;
#3649 = CIRCLE ( 'NONE', #4544, 1.554966049364604030 ) ;
#3650 = CARTESIAN_POINT ( 'NONE',  ( -3.888253587292846081E-16, 3.174999999999998046, 0.000000000000000000 ) ) ;
#3651 = EDGE_CURVE ( 'NONE', #653, #2189, #2174, .T. ) ;
#3652 = CARTESIAN_POINT ( 'NONE',  ( -3.175000000000000711, -6.139000000000000234, -18.64999999999999858 ) ) ;
#3653 = DIRECTION ( 'NONE',  ( 0.000000000000000000, 0.000000000000000000, -1.000000000000000000 ) ) ;
#3654 = CARTESIAN_POINT ( 'NONE',  ( 2.174999999999999822, 2.000000000000000000, -24.00000000000000355 ) ) ;
#3655 = ORIENTED_EDGE ( 'NONE', *, *, #3573, .F. ) ;
#3656 = CARTESIAN_POINT ( 'NONE',  ( 2.061552812808830737, 6.749999999999997335, 5.138999999999999346 ) ) ;
#3657 = ORIENTED_EDGE ( 'NONE', *, *, #3127, .T. ) ;
#3658 = AXIS2_PLACEMENT_3D ( 'NONE', #3686, #1024, #578 ) ;
#3659 = EDGE_CURVE ( 'NONE', #1492, #4131, #3806, .T. ) ;
#3660 = ORIENTED_EDGE ( 'NONE', *, *, #4245, .F. ) ;
#3661 = CARTESIAN_POINT ( 'NONE',  ( 1.502637486114517751, 18.64999999999999147, 6.139000000000000234 ) ) ;
#3662 = CARTESIAN_POINT ( 'NONE',  ( -2.129368206736822255, 6.749999999999997335, 5.466985055880804190 ) ) ;
#3663 = DIRECTION ( 'NONE',  ( 0.000000000000000000, -1.000000000000000000, -8.115498896123167176E-15 ) ) ;
#3664 = AXIS2_PLACEMENT_3D ( 'NONE', #4272, #2385, #2762 ) ;
#3665 = DIRECTION ( 'NONE',  ( 0.000000000000000000, -1.000000000000000000, 0.000000000000000000 ) ) ;
#3666 = CARTESIAN_POINT ( 'NONE',  ( 2.232710535457612888, 5.949999999999998401, 5.620762745781209269 ) ) ;
#3667 = ORIENTED_EDGE ( 'NONE', *, *, #983, .T. ) ;
#3668 = CC_DESIGN_DATE_AND_TIME_ASSIGNMENT ( #769, #2740, ( #3178 ) ) ;
#3669 = EDGE_CURVE ( 'NONE', #5063, #3203, #584, .T. ) ;
#3670 = AXIS2_PLACEMENT_3D ( 'NONE', #3187, #1966, #2781 ) ;
#3671 = CARTESIAN_POINT ( 'NONE',  ( 2.042738866564660416, -2.470634702552896300, -5.862820136086119405 ) ) ;
#3672 = CIRCLE ( 'NONE', #4077, 3.175000000000000711 ) ;
#3673 = CARTESIAN_POINT ( 'NONE',  ( 5.460999999999999410, 6.349999999999999645, -19.05000000000000426 ) ) ;
#3674 = DIRECTION ( 'NONE',  ( 0.000000000000000000, 0.000000000000000000, -1.000000000000000000 ) ) ;
#3675 = EDGE_CURVE ( 'NONE', #3511, #1598, #4442, .T. ) ;
#3676 = EDGE_CURVE ( 'NONE', #1943, #1182, #4409, .T. ) ;
#3677 = FACE_OUTER_BOUND ( 'NONE', #2003, .T. ) ;
#3678 = CARTESIAN_POINT ( 'NONE',  ( 2.197165961088449304, -5.495012551953919910, -18.64999999999999858 ) ) ;
#3679 = CARTESIAN_POINT ( 'NONE',  ( 1.972483239316685122, 18.32936842241352693, 5.138999999999997570 ) ) ;
#3680 = PLANE ( 'NONE',  #1894 ) ;
#3681 = VERTEX_POINT ( 'NONE', #1787 ) ;
#3682 = ORIENTED_EDGE ( 'NONE', *, *, #2953, .T. ) ;
#3683 = ORIENTED_EDGE ( 'NONE', *, *, #2546, .F. ) ;
#3684 = EDGE_CURVE ( 'NONE', #2523, #486, #438, .T. ) ;
#3685 = ORIENTED_EDGE ( 'NONE', *, *, #5009, .T. ) ;
#3686 = CARTESIAN_POINT ( 'NONE',  ( 0.000000000000000000, 6.349999999999997868, 5.523072258617638397 ) ) ;
#3687 = ORIENTED_EDGE ( 'NONE', *, *, #2325, .T. ) ;
#3688 = DIRECTION ( 'NONE',  ( 0.000000000000000000, -1.000000000000000000, 0.000000000000000000 ) ) ;
#3689 = B_SPLINE_CURVE_WITH_KNOTS ( 'NONE', 3,
 ( #4348, #1244, #2818, #4522 ),
 .UNSPECIFIED., .F., .F.,
 ( 4, 4 ),
 ( 0.002832913685900425270, 0.002935786532568637319 ),
 .UNSPECIFIED. ) ;
#3690 = CARTESIAN_POINT ( 'NONE',  ( 0.000000000000000000, -5.620762745781209269, -6.350000000000001421 ) ) ;
#3691 = ORIENTED_EDGE ( 'NONE', *, *, #4350, .F. ) ;
#3692 = LINE ( 'NONE', #4473, #2933 ) ;
#3693 = B_SPLINE_CURVE_WITH_KNOTS ( 'NONE', 3,
 ( #4913, #1424, #3392, #1503 ),
 .UNSPECIFIED., .F., .F.,
 ( 4, 4 ),
 ( 0.003655977453372194312, 0.003758849537120530649 ),
 .UNSPECIFIED. ) ;
#3694 = CARTESIAN_POINT ( 'NONE',  ( 0.000000000000000000, -5.439000000000000945, -19.04999999999999716 ) ) ;
#3695 = CARTESIAN_POINT ( 'NONE',  ( 0.000000000000000000, 21.34999999999999432, 5.523072258617638397 ) ) ;
#3696 = DIRECTION ( 'NONE',  ( 0.000000000000000000, 1.000000000000000000, 0.000000000000000000 ) ) ;
#3697 = CARTESIAN_POINT ( 'NONE',  ( 2.087439085565598429, 6.597091747881981938, 2.187221323398956141 ) ) ;
#3698 = ADVANCED_FACE ( 'NONE', ( #1004 ), #2507, .F. ) ;
#3699 = CARTESIAN_POINT ( 'NONE',  ( -2.087439085565598429, -2.187221323398956585, -19.29709174788198212 ) ) ;
#3700 = DIRECTION ( 'NONE',  ( 0.000000000000000000, 0.000000000000000000, -1.000000000000000000 ) ) ;
#3701 = ORIENTED_EDGE ( 'NONE', *, *, #4232, .F. ) ;
#3702 = ORIENTED_EDGE ( 'NONE', *, *, #4045, .T. ) ;
#3703 = DIRECTION ( 'NONE',  ( 1.000000000000000000, 0.000000000000000000, 0.000000000000000000 ) ) ;
#3704 = ORIENTED_EDGE ( 'NONE', *, *, #112, .T. ) ;
#3705 = DIRECTION ( 'NONE',  ( -0.000000000000000000, 1.000000000000000000, 0.000000000000000000 ) ) ;
#3706 = ADVANCED_FACE ( 'NONE', ( #2341 ), #1902, .T. ) ;
#3707 = ORIENTED_EDGE ( 'NONE', *, *, #4776, .T. ) ;
#3708 = CARTESIAN_POINT ( 'NONE',  ( -2.264950330581225746, 18.64999999999999147, 5.523072258617638397 ) ) ;
#3709 = EDGE_LOOP ( 'NONE', ( #2194, #2658, #345, #1810 ) ) ;
#3710 = CARTESIAN_POINT ( 'NONE',  ( 2.264950330581225746, -5.523072258617638397, -19.44999999999999929 ) ) ;
#3711 = DIRECTION ( 'NONE',  ( -1.000000000000000000, -0.000000000000000000, -0.000000000000000000 ) ) ;
#3712 = AXIS2_PLACEMENT_3D ( 'NONE', #1351, #2158, #4452 ) ;
#3713 = B_SPLINE_CURVE_WITH_KNOTS ( 'NONE', 3,
 ( #4017, #4064, #3662, #943 ),
 .UNSPECIFIED., .F., .F.,
 ( 4, 4 ),
 ( 0.003029541235337106318, 0.003249628748158706060 ),
 .UNSPECIFIED. ) ;
#3714 = ORIENTED_EDGE ( 'NONE', *, *, #1253, .T. ) ;
#3715 = CARTESIAN_POINT ( 'NONE',  ( -3.175000000000000711, -5.139000000000000234, -18.64999999999999858 ) ) ;
#3716 = CARTESIAN_POINT ( 'NONE',  ( 0.000000000000000000, 6.349999999999997868, 5.139000000000002899 ) ) ;
#3717 = AXIS2_PLACEMENT_3D ( 'NONE', #5025, #1196, #750 ) ;
#3718 = AXIS2_PLACEMENT_3D ( 'NONE', #3557, #2789, #3992 ) ;
#3719 = CYLINDRICAL_SURFACE ( 'NONE', #3222, 6.049999999999999822 ) ;
#3721 = PLANE ( 'NONE',  #2930 ) ;
#3720 = AXIS2_PLACEMENT_3D ( 'NONE', #2405, #2329, #1968 ) ;
#3722 = ORIENTED_EDGE ( 'NONE', *, *, #4182, .F. ) ;
#3723 = CARTESIAN_POINT ( 'NONE',  ( -2.040073290564207831, 18.55190265095412272, 2.595422128626172054 ) ) ;
#3724 = AXIS2_PLACEMENT_3D ( 'NONE', #2668, #1903, #5053 ) ;
#3725 = CARTESIAN_POINT ( 'NONE',  ( 2.057911970479199493, 5.921718032118228336, 2.353224001008315192 ) ) ;
#3726 = CARTESIAN_POINT ( 'NONE',  ( -2.087434397081524118, -2.187282604411544096, -18.80292762166692100 ) ) ;
#3727 = FACE_OUTER_BOUND ( 'NONE', #303, .T. ) ;
#3728 = ORIENTED_EDGE ( 'NONE', *, *, #3880, .T. ) ;
#3729 = AXIS2_PLACEMENT_3D ( 'NONE', #52, #4892, #4830 ) ;
#3730 = ORIENTED_EDGE ( 'NONE', *, *, #4843, .T. ) ;
#3731 = VERTEX_POINT ( 'NONE', #729 ) ;
#3732 = DIRECTION ( 'NONE',  ( 0.000000000000000000, 0.000000000000000000, -1.000000000000000000 ) ) ;
#3733 = ADVANCED_FACE ( 'NONE', ( #3068 ), #3424, .F. ) ;
#3734 = ORIENTED_EDGE ( 'NONE', *, *, #3214, .T. ) ;
#3735 = LINE ( 'NONE', #4063, #4306 ) ;
#3736 = ORIENTED_EDGE ( 'NONE', *, *, #2758, .T. ) ;
#3737 = FACE_OUTER_BOUND ( 'NONE', #3254, .T. ) ;
#3738 = ORIENTED_EDGE ( 'NONE', *, *, #620, .F. ) ;
#3739 = VERTEX_POINT ( 'NONE', #703 ) ;
#3740 = CARTESIAN_POINT ( 'NONE',  ( -6.200000000000000178, 25.00100000000000122, -9.328334981051646935 ) ) ;
#3741 = EDGE_CURVE ( 'NONE', #2958, #1804, #4207, .T. ) ;
#3742 = ORIENTED_EDGE ( 'NONE', *, *, #254, .T. ) ;
#3743 = DIRECTION ( 'NONE',  ( -1.000000000000000000, -0.000000000000000000, -0.000000000000000000 ) ) ;
#3744 = AXIS2_PLACEMENT_3D ( 'NONE', #990, #182, #3653 ) ;
#3745 = CARTESIAN_POINT ( 'NONE',  ( -2.232710535457612888, 19.44999999999999574, 5.620762745781209269 ) ) ;
#3746 = EDGE_CURVE ( 'NONE', #395, #1027, #2493, .T. ) ;
#3747 = DIRECTION ( 'NONE',  ( 1.000000000000000000, 0.000000000000000000, -0.000000000000000000 ) ) ;
#3748 = CARTESIAN_POINT ( 'NONE',  ( 2.061552812808830293, 6.749999999999997335, 5.439000000000000945 ) ) ;
#3749 = ORIENTED_EDGE ( 'NONE', *, *, #2689, .T. ) ;
#3750 = AXIS2_PLACEMENT_3D ( 'NONE', #3040, #666, #4584 ) ;
#3751 = EDGE_CURVE ( 'NONE', #1412, #5049, #3143, .T. ) ;
#3752 = CARTESIAN_POINT ( 'NONE',  ( -2.040073290564207831, 19.54809734904586804, 2.595422128626172054 ) ) ;
#3753 = LINE ( 'NONE', #1721, #847 ) ;
#3754 = DIRECTION ( 'NONE',  ( -1.000000000000000000, -0.000000000000000000, 0.000000000000000000 ) ) ;
#3755 = DIRECTION ( 'NONE',  ( 0.000000000000000000, 0.000000000000000000, 1.000000000000000000 ) ) ;
#3756 = ORIENTED_EDGE ( 'NONE', *, *, #4911, .F. ) ;
#3757 = EDGE_LOOP ( 'NONE', ( #12, #2787 ) ) ;
#3758 = EDGE_LOOP ( 'NONE', ( #3362, #2223 ) ) ;
#3759 = PLANE ( 'NONE',  #532 ) ;
#3760 = ORIENTED_EDGE ( 'NONE', *, *, #1815, .T. ) ;
#3761 = DIRECTION ( 'NONE',  ( 1.000000000000000000, 0.000000000000000000, 0.000000000000000000 ) ) ;
#3762 = VERTEX_POINT ( 'NONE', #2366 ) ;
#3763 = APPROVAL ( #4968, 'UNSPECIFIED' ) ;
#3764 = DIRECTION ( 'NONE',  ( 0.000000000000000000, 0.000000000000000000, -1.000000000000000000 ) ) ;
#3765 = VERTEX_POINT ( 'NONE', #1093 ) ;
#3766 = VERTEX_POINT ( 'NONE', #3497 ) ;
#3767 = ORIENTED_EDGE ( 'NONE', *, *, #3948, .F. ) ;
#3768 = PLANE ( 'NONE',  #3800 ) ;
#3769 = CARTESIAN_POINT ( 'NONE',  ( -6.349999999999999645, 25.00100000000000122, -12.69999999999999929 ) ) ;
#3770 = EDGE_CURVE ( 'NONE', #2910, #4012, #27, .T. ) ;
#3771 = DIRECTION ( 'NONE',  ( 0.000000000000000000, 0.000000000000000000, 1.000000000000000000 ) ) ;
#3772 = ADVANCED_FACE ( 'NONE', ( #4684 ), #3886, .T. ) ;
#3773 = CARTESIAN_POINT ( 'NONE',  ( 5.460999999999999410, 19.04999999999999716, -6.350000000000001421 ) ) ;
#3774 = DIRECTION ( 'NONE',  ( 0.000000000000000000, 0.000000000000000000, -1.000000000000000000 ) ) ;
#3775 = ORIENTED_EDGE ( 'NONE', *, *, #983, .F. ) ;
#3776 = CARTESIAN_POINT ( 'NONE',  ( 0.000000000000000000, -5.620762745781208380, -19.04999999999999716 ) ) ;
#3777 = CARTESIAN_POINT ( 'NONE',  ( 2.061552812808830293, 5.949999999999998401, 5.439000000000000945 ) ) ;
#3778 = FACE_OUTER_BOUND ( 'NONE', #3055, .T. ) ;
#3779 = ADVANCED_FACE ( 'NONE', ( #4663 ), #3317, .T. ) ;
#3780 = ORIENTED_EDGE ( 'NONE', *, *, #2791, .T. ) ;
#3781 = ORIENTED_EDGE ( 'NONE', *, *, #1224, .F. ) ;
#3782 = ORIENTED_EDGE ( 'NONE', *, *, #82, .F. ) ;
#3783 = DIRECTION ( 'NONE',  ( 0.000000000000000000, 0.000000000000000000, -1.000000000000000000 ) ) ;
#3784 = B_SPLINE_CURVE_WITH_KNOTS ( 'NONE', 3,
 ( #120, #46, #3608, #69 ),
 .UNSPECIFIED., .F., .F.,
 ( 4, 4 ),
 ( 0.003655977453372194312, 0.003758849537120529782 ),
 .UNSPECIFIED. ) ;
#3785 = ORIENTED_EDGE ( 'NONE', *, *, #1020, .F. ) ;
#3786 = CARTESIAN_POINT ( 'NONE',  ( 2.232710535457612888, -5.620762745781209269, -19.44999999999999929 ) ) ;
#3787 = ORIENTED_EDGE ( 'NONE', *, *, #2921, .T. ) ;
#3788 = FACE_OUTER_BOUND ( 'NONE', #3789, .T. ) ;
#3789 = EDGE_LOOP ( 'NONE', ( #4948, #4959, #2479, #1418, #2200, #2920, #1811, #2425, #3791, #1873, #4747, #2066 ) ) ;
#3790 = CARTESIAN_POINT ( 'NONE',  ( 0.000000000000000000, -0.8890000000000009006, -6.350000000000001421 ) ) ;
#3791 = ORIENTED_EDGE ( 'NONE', *, *, #1425, .F. ) ;
#3792 = DIRECTION ( 'NONE',  ( -8.881784197001256268E-16, 1.000000000000000000, 0.000000000000000000 ) ) ;
#3793 = DIRECTION ( 'NONE',  ( -1.000000000000000000, 0.000000000000000000, 0.000000000000000000 ) ) ;
#3794 = CIRCLE ( 'NONE', #3881, 3.175000000000000711 ) ;
#3795 = PERSON_AND_ORGANIZATION ( #3151, #3013 ) ;
#3796 = ADVANCED_FACE ( 'NONE', ( #1505 ), #2837, .T. ) ;
#3797 = EDGE_CURVE ( 'NONE', #3628, #992, #3962, .T. ) ;
#3798 = CARTESIAN_POINT ( 'NONE',  ( 6.199999999999997513, 11.40000000000000213, -18.95000000000001350 ) ) ;
#3799 = PLANE ( 'NONE',  #2365 ) ;
#3800 = AXIS2_PLACEMENT_3D ( 'NONE', #4119, #4069, #253 ) ;
#3801 = ORIENTED_EDGE ( 'NONE', *, *, #4759, .T. ) ;
#3802 = AXIS2_PLACEMENT_3D ( 'NONE', #6, #4024, #4503 ) ;
#3803 = CARTESIAN_POINT ( 'NONE',  ( -2.087439085565598429, 18.80290825211800509, 2.187221323398955253 ) ) ;
#3804 = DIRECTION ( 'NONE',  ( 1.000000000000000000, -0.000000000000000000, -0.000000000000000000 ) ) ;
#3805 = AXIS2_PLACEMENT_3D ( 'NONE', #1524, #4909, #1499 ) ;
#3806 = CIRCLE ( 'NONE', #1769, 2.100000000000000977 ) ;
#3807 = CARTESIAN_POINT ( 'NONE',  ( 2.040073290564207831, -2.595422128626172054, -19.54809734904587160 ) ) ;
#3808 = LINE ( 'NONE', #1123, #3842 ) ;
#3809 = ORIENTED_EDGE ( 'NONE', *, *, #3659, .T. ) ;
#3810 = ORIENTED_EDGE ( 'NONE', *, *, #4941, .F. ) ;
#3811 = AXIS2_PLACEMENT_3D ( 'NONE', #5059, #1907, #2373 ) ;
#3812 = DIRECTION ( 'NONE',  ( 1.000000000000000000, 0.000000000000000000, 0.000000000000000000 ) ) ;
#3813 = ADVANCED_FACE ( 'NONE', ( #4640 ), #3907, .T. ) ;
#3814 = ORIENTED_EDGE ( 'NONE', *, *, #3156, .T. ) ;
#3815 = FACE_OUTER_BOUND ( 'NONE', #1488, .T. ) ;
#3816 = CIRCLE ( 'NONE', #4215, 2.100000000000000977 ) ;
#3817 = AXIS2_PLACEMENT_3D ( 'NONE', #1509, #3072, #1300 ) ;
#3818 = VERTEX_POINT ( 'NONE', #4278 ) ;
#3819 = PLANE ( 'NONE',  #2989 ) ;
#3820 = VERTEX_POINT ( 'NONE', #3521 ) ;
#3821 = LOCAL_TIME ( 14, 4, 26.00000000000000000, #384 ) ;
#3822 = EDGE_CURVE ( 'NONE', #5006, #4468, #389, .T. ) ;
#3823 = VERTEX_POINT ( 'NONE', #4256 ) ;
#3824 = LINE ( 'NONE', #2684, #3320 ) ;
#3825 = CARTESIAN_POINT ( 'NONE',  ( -2.197165961088449304, 18.64999999999999147, 5.495012551953919910 ) ) ;
#3826 = DIRECTION ( 'NONE',  ( 1.000000000000000000, 0.000000000000000000, 0.000000000000000000 ) ) ;
#3827 = PERSON_AND_ORGANIZATION_ROLE ( 'design_owner' ) ;
#3828 = CIRCLE ( 'NONE', #3834, 2.100000000000000977 ) ;
#3829 = PLANE ( 'NONE',  #1087 ) ;
#3830 = DIRECTION ( 'NONE',  ( -1.000000000000000000, 0.000000000000000000, 0.000000000000000000 ) ) ;
#3831 = ORIENTED_EDGE ( 'NONE', *, *, #1999, .T. ) ;
#3832 = EDGE_CURVE ( 'NONE', #4940, #2527, #2996, .T. ) ;
#3833 = CARTESIAN_POINT ( 'NONE',  ( 0.000000000000000000, 0.000000000000000000, -19.04999999999999716 ) ) ;
#3834 = AXIS2_PLACEMENT_3D ( 'NONE', #1800, #961, #2136 ) ;
#3835 = DIRECTION ( 'NONE',  ( -1.000000000000000000, -0.000000000000000000, -0.000000000000000000 ) ) ;
#3836 = LINE ( 'NONE', #320, #4310 ) ;
#3837 = FACE_BOUND ( 'NONE', #4107, .T. ) ;
#3838 = VERTEX_POINT ( 'NONE', #3710 ) ;
#3839 = ADVANCED_FACE ( 'NONE', ( #2392 ), #2183, .T. ) ;
#3840 = EDGE_CURVE ( 'NONE', #4362, #4545, #877, .T. ) ;
#3841 = CARTESIAN_POINT ( 'NONE',  ( -2.243459280444428217, 5.949999999999998401, 5.588199955838118349 ) ) ;
#3842 = VECTOR ( 'NONE', #3428, 1000.000000000000000 ) ;
#3843 = ORIENTED_EDGE ( 'NONE', *, *, #1999, .F. ) ;
#3844 = VECTOR ( 'NONE', #3336, 1000.000000000000227 ) ;
#3845 = EDGE_LOOP ( 'NONE', ( #205, #3472, #4852, #4521 ) ) ;
#3846 = DIRECTION ( 'NONE',  ( 0.000000000000000000, -0.000000000000000000, -1.000000000000000000 ) ) ;
#3847 = ORIENTED_EDGE ( 'NONE', *, *, #2568, .T. ) ;
#3848 = CARTESIAN_POINT ( 'NONE',  ( 2.083236664664703586, -5.905597390643910316, -5.950000000000001066 ) ) ;
#3849 = CARTESIAN_POINT ( 'NONE',  ( 0.000000000000000000, 6.749999999999999112, 6.139000000000000234 ) ) ;
#3850 = SECURITY_CLASSIFICATION_LEVEL ( 'unclassified' ) ;
#3851 = LINE ( 'NONE', #409, #3150 ) ;
#3852 = CARTESIAN_POINT ( 'NONE',  ( -2.061552812808830293, 18.64999999999999147, 5.438999999999999169 ) ) ;
#3853 = LINE ( 'NONE', #260, #1286 ) ;
#3854 = ORIENTED_EDGE ( 'NONE', *, *, #4051, .F. ) ;
#3855 = CARTESIAN_POINT ( 'NONE',  ( 0.1999999999999996503, 11.40000000000000213, -18.95000000000001350 ) ) ;
#3856 = DIRECTION ( 'NONE',  ( 0.000000000000000000, 0.000000000000000000, 1.000000000000000000 ) ) ;
#3857 = DIRECTION ( 'NONE',  ( -0.000000000000000000, 1.000000000000000000, 0.000000000000000000 ) ) ;
#3858 = LINE ( 'NONE', #5002, #3113 ) ;
#3859 = ORIENTED_EDGE ( 'NONE', *, *, #1786, .F. ) ;
#3860 = CIRCLE ( 'NONE', #4593, 3.374999999999999556 ) ;
#3861 = ADVANCED_FACE ( 'NONE', ( #1267 ), #1635, .F. ) ;
#3862 = VERTEX_POINT ( 'NONE', #1998 ) ;
#3863 = PLANE ( 'NONE',  #4226 ) ;
#3864 = ORIENTED_EDGE ( 'NONE', *, *, #3651, .F. ) ;
#3865 = CARTESIAN_POINT ( 'NONE',  ( -2.040073290564207831, -2.595422128626172054, -6.848097349045874971 ) ) ;
#3866 = CONICAL_SURFACE ( 'NONE', #2978, 2.100000000000000977, 1.172861257340199304 ) ;
#3867 = VERTEX_POINT ( 'NONE', #3542 ) ;
#3868 = CARTESIAN_POINT ( 'NONE',  ( 0.000000000000000000, 19.04999999999999361, 5.139000000000004675 ) ) ;
#3869 = EDGE_LOOP ( 'NONE', ( #175, #4603, #307, #1050 ) ) ;
#3870 = DIRECTION ( 'NONE',  ( 0.000000000000000000, 0.000000000000000000, -1.000000000000000000 ) ) ;
#3871 = DIRECTION ( 'NONE',  ( 1.000000000000000000, -0.000000000000000000, -0.000000000000000000 ) ) ;
#3872 = DIRECTION ( 'NONE',  ( 0.000000000000000000, 0.000000000000000000, -1.000000000000000000 ) ) ;
#3873 = ADVANCED_FACE ( 'NONE', ( #435 ), #489, .T. ) ;
#3874 = DIRECTION ( 'NONE',  ( 0.000000000000000000, 0.000000000000000000, 1.000000000000000000 ) ) ;
#3875 = CARTESIAN_POINT ( 'NONE',  ( 3.174999999999999822, 7.070631577586465433, 5.138999999999997570 ) ) ;
#3876 = CARTESIAN_POINT ( 'NONE',  ( 4.174999999999999822, 6.349999999999999645, -4.250000000000003553 ) ) ;
#3877 = DIRECTION ( 'NONE',  ( 0.000000000000000000, -1.000000000000000000, 0.000000000000000000 ) ) ;
#3878 = DIRECTION ( 'NONE',  ( 0.000000000000000000, 1.000000000000000000, 0.000000000000000000 ) ) ;
#3879 = AXIS2_PLACEMENT_3D ( 'NONE', #812, #374, #2754 ) ;
#3880 = EDGE_CURVE ( 'NONE', #4359, #1855, #2673, .T. ) ;
#3881 = AXIS2_PLACEMENT_3D ( 'NONE', #473, #2374, #1590 ) ;
#3882 = DIRECTION ( 'NONE',  ( 0.000000000000000000, 0.000000000000000000, 1.000000000000000000 ) ) ;
#3883 = LINE ( 'NONE', #3478, #2469 ) ;
#3884 = VECTOR ( 'NONE', #3898, 1000.000000000000000 ) ;
#3885 = CARTESIAN_POINT ( 'NONE',  ( -1.820969194338324382, -6.090132639966193473, -18.64999999999999858 ) ) ;
#3886 = TOROIDAL_SURFACE ( 'NONE', #2914, 1.554966049364602254, 0.7500000000000000000 ) ;
#3887 = ORIENTED_EDGE ( 'NONE', *, *, #4736, .T. ) ;
#3888 = DIRECTION ( 'NONE',  ( 0.000000000000000000, 1.084202172485504434E-16, -1.000000000000000000 ) ) ;
#3889 = VERTEX_POINT ( 'NONE', #1296 ) ;
#3890 = DIRECTION ( 'NONE',  ( 0.000000000000000000, 0.000000000000000000, -1.000000000000000000 ) ) ;
#3891 = AXIS2_PLACEMENT_3D ( 'NONE', #3052, #3703, #186 ) ;
#3892 = ORIENTED_EDGE ( 'NONE', *, *, #706, .T. ) ;
#3893 = EDGE_CURVE ( 'NONE', #2881, #301, #4936, .T. ) ;
#3894 = CARTESIAN_POINT ( 'NONE',  ( -3.174999999999999822, -5.138999999999997570, -5.629368422413535633 ) ) ;
#3895 = CIRCLE ( 'NONE', #1697, 1.554966049364602254 ) ;
#3896 = CIRCLE ( 'NONE', #3565, 3.174999999999998934 ) ;
#3897 = ORIENTED_EDGE ( 'NONE', *, *, #3, .F. ) ;
#3898 = DIRECTION ( 'NONE',  ( 0.000000000000000000, -0.000000000000000000, -1.000000000000000000 ) ) ;
#3899 = CARTESIAN_POINT ( 'NONE',  ( 2.232710535457612888, 6.749999999999997335, 5.620762745781209269 ) ) ;
#3900 = CC_DESIGN_APPROVAL ( #3763, ( #4434 ) ) ;
#3901 = EDGE_CURVE ( 'NONE', #271, #4346, #4785, .T. ) ;
#3902 = PERSON_AND_ORGANIZATION ( #3151, #3013 ) ;
#3903 = CARTESIAN_POINT ( 'NONE',  ( 4.174999999999999822, 19.04999999999999716, -6.350000000000001421 ) ) ;
#3904 = VERTEX_POINT ( 'NONE', #23 ) ;
#3905 = CARTESIAN_POINT ( 'NONE',  ( 1.820969194338323938, -6.090132639966193473, -19.45000000000000284 ) ) ;
#3906 = EDGE_CURVE ( 'NONE', #4432, #2140, #1108, .T. ) ;
#3907 = CYLINDRICAL_SURFACE ( 'NONE', #4443, 3.175000000000000711 ) ;
#3908 = FACE_OUTER_BOUND ( 'NONE', #5067, .T. ) ;
#3909 = CARTESIAN_POINT ( 'NONE',  ( 0.000000000000000000, 6.349999999999997868, 0.8890000000000000124 ) ) ;
#3910 = CARTESIAN_POINT ( 'NONE',  ( -2.197165961088450192, 5.949999999999998401, 5.495012551953919910 ) ) ;
#3911 = ORIENTED_EDGE ( 'NONE', *, *, #4981, .F. ) ;
#3912 = CIRCLE ( 'NONE', #2381, 2.268258436585967264 ) ;
#3913 = EDGE_CURVE ( 'NONE', #4546, #3818, #583, .T. ) ;
#3914 = VECTOR ( 'NONE', #381, 1000.000000000000000 ) ;
#3915 = FACE_OUTER_BOUND ( 'NONE', #577, .T. ) ;
#3916 = CARTESIAN_POINT ( 'NONE',  ( -3.175000000000000711, -5.139000000000000234, -19.44999999999999929 ) ) ;
#3917 = ORIENTED_EDGE ( 'NONE', *, *, #1883, .F. ) ;
#3918 = FACE_OUTER_BOUND ( 'NONE', #1167, .T. ) ;
#3919 = EDGE_LOOP ( 'NONE', ( #4455, #1663, #3775, #911 ) ) ;
#3920 = AXIS2_PLACEMENT_3D ( 'NONE', #912, #2499, #1283 ) ;
#3921 = CARTESIAN_POINT ( 'NONE',  ( 0.000000000000000000, 4.049999999999998046, 5.523072258617638397 ) ) ;
#3922 = ORIENTED_EDGE ( 'NONE', *, *, #2064, .T. ) ;
#3923 = FACE_OUTER_BOUND ( 'NONE', #2352, .T. ) ;
#3924 = LINE ( 'NONE', #1163, #4466 ) ;
#3925 = ADVANCED_FACE ( 'NONE', ( #1609 ), #3175, .T. ) ;
#3926 = CARTESIAN_POINT ( 'NONE',  ( 3.174999999999999822, 6.848097349045871418, 2.595422128626172054 ) ) ;
#3927 = ADVANCED_FACE ( 'NONE', ( #2049 ), #2173, .F. ) ;
#3928 = CARTESIAN_POINT ( 'NONE',  ( 0.8890000000000000124, 6.349999999999999645, -6.350000000000003197 ) ) ;
#3929 = DIRECTION ( 'NONE',  ( 0.000000000000000000, -1.000000000000000000, 0.000000000000000000 ) ) ;
#3930 = CARTESIAN_POINT ( 'NONE',  ( 1.502637486114518195, 5.949999999999998401, 6.139000000000000234 ) ) ;
#3931 = CARTESIAN_POINT ( 'NONE',  ( -3.175000000000000711, -5.139000000000000234, -18.64999999999999858 ) ) ;
#3932 = DIRECTION ( 'NONE',  ( 0.000000000000000000, 8.260587980841934638E-15, -1.000000000000000000 ) ) ;
#3933 = EDGE_LOOP ( 'NONE', ( #2428, #4206, #2823, #4565 ) ) ;
#3934 = ADVANCED_FACE ( 'NONE', ( #1785 ), #3339, .T. ) ;
#3935 = DIRECTION ( 'NONE',  ( 0.000000000000000000, 0.000000000000000000, -1.000000000000000000 ) ) ;
#3936 = VERTEX_POINT ( 'NONE', #823 ) ;
#3937 = FACE_OUTER_BOUND ( 'NONE', #2863, .T. ) ;
#3938 = ORIENTED_EDGE ( 'NONE', *, *, #569, .T. ) ;
#3939 = DIRECTION ( 'NONE',  ( 0.000000000000000000, 0.000000000000000000, -1.000000000000000000 ) ) ;
#3940 = ORIENTED_EDGE ( 'NONE', *, *, #394, .T. ) ;
#3941 = DIRECTION ( 'NONE',  ( 0.000000000000000000, 0.9510565162951545304, 0.3090169943749442316 ) ) ;
#3942 = AXIS2_PLACEMENT_3D ( 'NONE', #411, #433, #4347 ) ;
#3943 = DIRECTION ( 'NONE',  ( 0.000000000000000000, -1.000000000000000000, 0.000000000000000000 ) ) ;
#3944 = FACE_OUTER_BOUND ( 'NONE', #4989, .T. ) ;
#3945 = VERTEX_POINT ( 'NONE', #4883 ) ;
#3946 = DIRECTION ( 'NONE',  ( 1.000000000000000000, -0.000000000000000000, -0.000000000000000000 ) ) ;
#3947 = CARTESIAN_POINT ( 'NONE',  ( -3.175000000000000711, -2.638999999999998902, -19.04999999999999716 ) ) ;
#3948 = EDGE_CURVE ( 'NONE', #210, #3936, #4364, .T. ) ;
#3949 = CARTESIAN_POINT ( 'NONE',  ( 2.057850353472996385, -2.353605336466519926, -5.921388065344214802 ) ) ;
#3950 = LINE ( 'NONE', #3977, #4101 ) ;
#3951 = DIRECTION ( 'NONE',  ( 0.000000000000000000, 0.000000000000000000, -1.000000000000000000 ) ) ;
#3952 = VERTEX_POINT ( 'NONE', #3223 ) ;
#3953 = EDGE_CURVE ( 'NONE', #1027, #4111, #3689, .T. ) ;
#3954 = PLANE ( 'NONE',  #705 ) ;
#3955 = DIRECTION ( 'NONE',  ( 0.000000000000000000, -1.000000000000000000, -0.000000000000000000 ) ) ;
#3956 = CARTESIAN_POINT ( 'NONE',  ( 0.000000000000000000, 0.000000000000000000, 0.000000000000000000 ) ) ;
#3957 = CARTESIAN_POINT ( 'NONE',  ( 2.061552812808830293, 18.64999999999999147, 5.439000000000000945 ) ) ;
#3958 = ORIENTED_EDGE ( 'NONE', *, *, #2384, .F. ) ;
#3959 = FACE_OUTER_BOUND ( 'NONE', #4115, .T. ) ;
#3960 = ORIENTED_EDGE ( 'NONE', *, *, #995, .F. ) ;
#3961 = ORIENTED_EDGE ( 'NONE', *, *, #3548, .T. ) ;
#3962 = CIRCLE ( 'NONE', #693, 5.050000000000000711 ) ;
#3963 = LINE ( 'NONE', #2380, #3558 ) ;
#3964 = VERTEX_POINT ( 'NONE', #4739 ) ;
#3965 = AXIS2_PLACEMENT_3D ( 'NONE', #4935, #4154, #1110 ) ;
#3966 = CARTESIAN_POINT ( 'NONE',  ( 2.040073290564207831, 19.54809734904586804, 2.595422128626172054 ) ) ;
#3967 = VECTOR ( 'NONE', #4921, 1000.000000000000000 ) ;
#3968 = CARTESIAN_POINT ( 'NONE',  ( 2.264950330581225302, 6.749999999999997335, 5.523072258617638397 ) ) ;
#3969 = EDGE_CURVE ( 'NONE', #3303, #1779, #1521, .T. ) ;
#3970 = CIRCLE ( 'NONE', #4622, 3.175000000000000711 ) ;
#3971 = CYLINDRICAL_SURFACE ( 'NONE', #2434, 3.175000000000000711 ) ;
#3972 = ORIENTED_EDGE ( 'NONE', *, *, #4635, .F. ) ;
#3973 = AXIS2_PLACEMENT_3D ( 'NONE', #3370, #1478, #4608 ) ;
#3974 =( BOUNDED_CURVE ( )  B_SPLINE_CURVE ( 3, ( #4223, #405, #1893, #1992 ),
 .UNSPECIFIED., .F., .T. ) 
 B_SPLINE_CURVE_WITH_KNOTS ( ( 4, 4 ),
 ( 1.810267798689539687, 1.921073213463467599 ),
 .UNSPECIFIED. ) 
 CURVE ( )  GEOMETRIC_REPRESENTATION_ITEM ( )  RATIONAL_B_SPLINE_CURVE ( ( 1.000000000000000000, 0.9989771083553060649, 0.9989771083553060649, 1.000000000000000000 ) ) 
 REPRESENTATION_ITEM ( '' )  );
#3975 = CARTESIAN_POINT ( 'NONE',  ( 2.061552812808830737, -5.438999999999999169, -5.950000000000001954 ) ) ;
#3976 = CARTESIAN_POINT ( 'NONE',  ( 0.000000000000000000, 7.904966049364600345, 6.139000000000000234 ) ) ;
#3977 = CARTESIAN_POINT ( 'NONE',  ( 0.000000000000000000, 0.000000000000000000, -9.525000000000002132 ) ) ;
#3978 = LINE ( 'NONE', #2371, #1867 ) ;
#3979 = ORIENTED_EDGE ( 'NONE', *, *, #1616, .T. ) ;
#3980 = CARTESIAN_POINT ( 'NONE',  ( -3.174999999999999822, -6.139000000000000234, -5.950000000000001954 ) ) ;
#3981 = EDGE_CURVE ( 'NONE', #2421, #2443, #1443, .T. ) ;
#3982 = TOROIDAL_SURFACE ( 'NONE', #4715, 1.554966049364602254, 0.7500000000000000000 ) ;
#3983 = DIRECTION ( 'NONE',  ( 0.000000000000000000, -1.000000000000000000, 0.000000000000000000 ) ) ;
#3984 = DIRECTION ( 'NONE',  ( -1.000000000000000000, 0.000000000000000000, 0.000000000000000000 ) ) ;
#3985 = EDGE_CURVE ( 'NONE', #1510, #3964, #284, .T. ) ;
#3986 = VERTEX_POINT ( 'NONE', #4495 ) ;
#3987 = LINE ( 'NONE', #1648, #3512 ) ;
#3988 = ORIENTED_EDGE ( 'NONE', *, *, #4642, .T. ) ;
#3989 = ORIENTED_EDGE ( 'NONE', *, *, #1588, .F. ) ;
#3990 = FACE_OUTER_BOUND ( 'NONE', #1342, .T. ) ;
#3991 = ORIENTED_EDGE ( 'NONE', *, *, #2993, .F. ) ;
#3992 = DIRECTION ( 'NONE',  ( 0.000000000000000000, 0.000000000000000000, 1.000000000000000000 ) ) ;
#3993 = FACE_OUTER_BOUND ( 'NONE', #2060, .T. ) ;
#3994 = CIRCLE ( 'NONE', #2543, 2.268258436585967264 ) ;
#3995 = VECTOR ( 'NONE', #1879, 1000.000000000000000 ) ;
#3996 = CARTESIAN_POINT ( 'NONE',  ( 4.174999999999999822, 6.349999999999999645, -19.05000000000000426 ) ) ;
#3997 = EDGE_CURVE ( 'NONE', #1231, #3952, #2202, .T. ) ;
#3998 = VERTEX_POINT ( 'NONE', #2583 ) ;
#3999 = CARTESIAN_POINT ( 'NONE',  ( -6.349999999999999645, 12.69999999999999929, -1.999999999999998224 ) ) ;
#4000 = ORIENTED_EDGE ( 'NONE', *, *, #4013, .F. ) ;
#4001 = DIRECTION ( 'NONE',  ( 1.000000000000000000, 0.000000000000000000, 0.000000000000000000 ) ) ;
#4002 = DIRECTION ( 'NONE',  ( 0.000000000000000000, 0.000000000000000000, 1.000000000000000000 ) ) ;
#4003 = DIRECTION ( 'NONE',  ( 0.000000000000000000, 1.000000000000000000, 0.000000000000000000 ) ) ;
#4004 = DIRECTION ( 'NONE',  ( 0.000000000000000000, 1.000000000000000000, 0.000000000000000000 ) ) ;
#4005 = ORIENTED_EDGE ( 'NONE', *, *, #873, .F. ) ;
#4006 = DIRECTION ( 'NONE',  ( -0.000000000000000000, 1.000000000000000000, 0.000000000000000000 ) ) ;
#4007 = CARTESIAN_POINT ( 'NONE',  ( 2.129368205736810182, 6.749999999999997335, 5.466985055468135180 ) ) ;
#4008 = CARTESIAN_POINT ( 'NONE',  ( -2.571758278209440971E-16, 21.14999999999999503, 5.438999999999999169 ) ) ;
#4009 = CARTESIAN_POINT ( 'NONE',  ( 0.000000000000000000, 8.618258436585964688, 5.620762745781207492 ) ) ;
#4010 = ORIENTED_EDGE ( 'NONE', *, *, #4952, .T. ) ;
#4011 = VERTEX_POINT ( 'NONE', #4196 ) ;
#4012 = VERTEX_POINT ( 'NONE', #1914 ) ;
#4013 = EDGE_CURVE ( 'NONE', #225, #2618, #688, .T. ) ;
#4014 = EDGE_CURVE ( 'NONE', #247, #1231, #1273, .T. ) ;
#4015 = EDGE_LOOP ( 'NONE', ( #4873, #1407, #2402, #299, #3767, #2884, #973, #4255, #165, #718, #2731, #3453 ) ) ;
#4016 = DIRECTION ( 'NONE',  ( 0.000000000000000000, 0.000000000000000000, 1.000000000000000000 ) ) ;
#4017 = CARTESIAN_POINT ( 'NONE',  ( -2.264950330581225746, 6.749999999999997335, 5.523072258617638397 ) ) ;
#4018 = EDGE_CURVE ( 'NONE', #1513, #4062, #4172, .T. ) ;
#4019 = LINE ( 'NONE', #564, #4535 ) ;
#4020 = ORIENTED_EDGE ( 'NONE', *, *, #1928, .F. ) ;
#4021 = EDGE_CURVE ( 'NONE', #3766, #1989, #4813, .T. ) ;
#4022 = DIRECTION ( 'NONE',  ( 0.000000000000000000, -0.000000000000000000, -1.000000000000000000 ) ) ;
#4023 = DIRECTION ( 'NONE',  ( -1.000000000000000000, -0.000000000000000000, -0.000000000000000000 ) ) ;
#4024 = DIRECTION ( 'NONE',  ( 1.000000000000000000, 0.000000000000000000, -0.000000000000000000 ) ) ;
#4025 = ORIENTED_EDGE ( 'NONE', *, *, #1248, .F. ) ;
#4026 = EDGE_CURVE ( 'NONE', #3494, #2630, #3386, .T. ) ;
#4027 = CARTESIAN_POINT ( 'NONE',  ( -2.232710535457612888, 5.949999999999998401, 5.620762745781209269 ) ) ;
#4028 = DIRECTION ( 'NONE',  ( 0.000000000000000000, -0.000000000000000000, -1.000000000000000000 ) ) ;
#4029 = CARTESIAN_POINT ( 'NONE',  ( 5.460999999999999410, 19.04999999999999716, -6.350000000000001421 ) ) ;
#4030 = CARTESIAN_POINT ( 'NONE',  ( 6.200000000000000178, 0.000000000000000000, -25.00000000000000000 ) ) ;
#4031 = ORIENTED_EDGE ( 'NONE', *, *, #4888, .T. ) ;
#4032 = ORIENTED_EDGE ( 'NONE', *, *, #4649, .F. ) ;
#4033 = AXIS2_PLACEMENT_3D ( 'NONE', #3257, #2570, #4028 ) ;
#4034 = AXIS2_PLACEMENT_3D ( 'NONE', #999, #306, #2199 ) ;
#4035 = ORIENTED_EDGE ( 'NONE', *, *, #1710, .F. ) ;
#4036 = CARTESIAN_POINT ( 'NONE',  ( 0.000000000000000000, -5.439000000000000057, -16.94999999999999574 ) ) ;
#4037 = CARTESIAN_POINT ( 'NONE',  ( -2.243459280444427328, 18.64999999999999147, 5.588199955838118349 ) ) ;
#4038 = ORIENTED_EDGE ( 'NONE', *, *, #1396, .F. ) ;
#4039 = AXIS2_PLACEMENT_3D ( 'NONE', #2407, #2482, #4016 ) ;
#4040 = DIRECTION ( 'NONE',  ( -0.000000000000000000, 1.000000000000000000, -0.000000000000000000 ) ) ;
#4041 = AXIS2_PLACEMENT_3D ( 'NONE', #2414, #3566, #51 ) ;
#4042 = DIRECTION ( 'NONE',  ( 0.000000000000000000, 1.000000000000000000, 0.000000000000000000 ) ) ;
#4043 = EDGE_CURVE ( 'NONE', #4418, #648, #1061, .T. ) ;
#4044 = CARTESIAN_POINT ( 'NONE',  ( -1.821676962433382396, 18.64999999999999147, 6.089970303311146971 ) ) ;
#4045 = EDGE_CURVE ( 'NONE', #3838, #2501, #4126, .T. ) ;
#4046 = AXIS2_PLACEMENT_3D ( 'NONE', #3182, #2802, #4332 ) ;
#4047 = DIRECTION ( 'NONE',  ( 1.000000000000000000, 0.000000000000000000, 0.000000000000000000 ) ) ;
#4048 = VECTOR ( 'NONE', #2876, 1000.000000000000000 ) ;
#4049 = DIRECTION ( 'NONE',  ( -0.000000000000000000, 1.000000000000000000, 0.000000000000000000 ) ) ;
#4050 = CARTESIAN_POINT ( 'NONE',  ( -6.200000000000000178, 16.07166501894835164, 0.000000000000000000 ) ) ;
#4051 = EDGE_CURVE ( 'NONE', #199, #3271, #3004, .T. ) ;
#4052 = EDGE_LOOP ( 'NONE', ( #4268, #3714, #2461, #2070, #2894, #3283, #557, #3555, #4031, #2931, #4524, #3591 ) ) ;
#4053 = CARTESIAN_POINT ( 'NONE',  ( 6.200000000000000178, 1.999999999999997335, -1.999999999999998224 ) ) ;
#4054 = DIRECTION ( 'NONE',  ( 0.000000000000000000, 0.000000000000000000, 1.000000000000000000 ) ) ;
#4055 = FACE_OUTER_BOUND ( 'NONE', #249, .T. ) ;
#4056 = DIRECTION ( 'NONE',  ( 1.000000000000000000, 0.000000000000000000, -0.000000000000000000 ) ) ;
#4057 = EDGE_CURVE ( 'NONE', #1979, #2608, #3640, .T. ) ;
#4058 = ORIENTED_EDGE ( 'NONE', *, *, #3067, .F. ) ;
#4059 = EDGE_LOOP ( 'NONE', ( #4366, #2048, #1233, #1118 ) ) ;
#4060 = CARTESIAN_POINT ( 'NONE',  ( 0.1999999999999996503, 18.95000000000000284, -6.349999999999999645 ) ) ;
#4061 = VECTOR ( 'NONE', #4696, 1000.000000000000000 ) ;
#4062 = VERTEX_POINT ( 'NONE', #3513 ) ;
#4063 = CARTESIAN_POINT ( 'NONE',  ( 3.175000000000000711, 19.44999999999999574, 5.139000000000001123 ) ) ;
#4064 = CARTESIAN_POINT ( 'NONE',  ( -2.197165962000668493, 6.749999999999997335, 5.495012552331537847 ) ) ;
#4065 = CIRCLE ( 'NONE', #385, 5.049999999999995381 ) ;
#4066 = CARTESIAN_POINT ( 'NONE',  ( 5.460999999999999410, 6.349999999999999645, -22.22500000000000497 ) ) ;
#4067 = VECTOR ( 'NONE', #3688, 1000.000000000000000 ) ;
#4068 = ORIENTED_EDGE ( 'NONE', *, *, #1956, .T. ) ;
#4069 = DIRECTION ( 'NONE',  ( -0.000000000000000000, 7.542275982507855914E-17, 1.000000000000000000 ) ) ;
#4070 = AXIS2_PLACEMENT_3D ( 'NONE', #4385, #5043, #2034 ) ;
#4071 = CARTESIAN_POINT ( 'NONE',  ( -2.061552812808830293, 19.44999999999999574, 5.439000000000000945 ) ) ;
#4072 = B_SPLINE_CURVE_WITH_KNOTS ( 'NONE', 3,
 ( #1319, #4829, #586, #513, #127, #3666 ),
 .UNSPECIFIED., .F., .F.,
 ( 4, 2, 4 ),
 ( 0.000000000000000000, 0.0004757428370953070522, 0.0009514856741906145381 ),
 .UNSPECIFIED. ) ;
#4073 = AXIS2_PLACEMENT_3D ( 'NONE', #1668, #2475, #61 ) ;
#4074 = CARTESIAN_POINT ( 'NONE',  ( 4.174999999999999822, 6.349999999999999645, -6.350000000000003197 ) ) ;
#4075 = EDGE_CURVE ( 'NONE', #4849, #3823, #2040, .T. ) ;
#4076 = ADVANCED_FACE ( 'NONE', ( #425 ), #4291, .T. ) ;
#4077 = AXIS2_PLACEMENT_3D ( 'NONE', #1292, #4438, #1706 ) ;
#4078 = CARTESIAN_POINT ( 'NONE',  ( 0.000000000000000000, 4.249999999999997335, 0.8890000000000000124 ) ) ;
#4079 = DIRECTION ( 'NONE',  ( 0.000000000000000000, -1.000000000000000000, 0.000000000000000000 ) ) ;
#4080 = ORIENTED_EDGE ( 'NONE', *, *, #3058, .T. ) ;
#4081 = LINE ( 'NONE', #4915, #2606 ) ;
#4082 = PLANE ( 'NONE',  #4033 ) ;
#4083 = DIRECTION ( 'NONE',  ( 0.000000000000000000, -1.000000000000000000, 0.000000000000000000 ) ) ;
#4084 = CARTESIAN_POINT ( 'NONE',  ( 2.061552812808830737, -5.438999999999999169, -6.750000000000000888 ) ) ;
#4085 = ORIENTED_EDGE ( 'NONE', *, *, #4896, .T. ) ;
#4086 = ORIENTED_EDGE ( 'NONE', *, *, #1126, .T. ) ;
#4087 = EDGE_LOOP ( 'NONE', ( #163, #449, #597, #3738 ) ) ;
#4088 = ORIENTED_EDGE ( 'NONE', *, *, #1908, .F. ) ;
#4089 = DIRECTION ( 'NONE',  ( -0.000000000000000000, -1.000000000000000000, -0.000000000000000000 ) ) ;
#4090 = VERTEX_POINT ( 'NONE', #349 ) ;
#4091 = DIRECTION ( 'NONE',  ( 0.000000000000000000, 0.000000000000000000, 1.000000000000000000 ) ) ;
#4092 = ORIENTED_EDGE ( 'NONE', *, *, #3684, .F. ) ;
#4093 = DIRECTION ( 'NONE',  ( -0.000000000000000000, 1.000000000000000000, 0.000000000000000000 ) ) ;
#4094 = DIRECTION ( 'NONE',  ( 0.000000000000000000, -1.000000000000000000, -2.297646988048747938E-16 ) ) ;
#4095 = VERTEX_POINT ( 'NONE', #3534 ) ;
#4096 = CARTESIAN_POINT ( 'NONE',  ( -1.999113491775013296, -4.305849356269921380, -5.702259658749237126 ) ) ;
#4097 = CARTESIAN_POINT ( 'NONE',  ( -2.232710535457612888, -5.620762745781209269, -18.64999999999999858 ) ) ;
#4098 = EDGE_LOOP ( 'NONE', ( #1264, #2722, #1131, #3911 ) ) ;
#4099 = CIRCLE ( 'NONE', #2735, 2.100000000000000977 ) ;
#4100 = FACE_OUTER_BOUND ( 'NONE', #4137, .T. ) ;
#4101 = VECTOR ( 'NONE', #2026, 1000.000000000000000 ) ;
#4102 = FACE_OUTER_BOUND ( 'NONE', #1796, .T. ) ;
#4103 = CARTESIAN_POINT ( 'NONE',  ( 2.129368205736810626, -5.466985055468135180, -18.64999999999999858 ) ) ;
#4104 = CARTESIAN_POINT ( 'NONE',  ( 1.502637486114517751, 18.64999999999999147, 6.139000000000000234 ) ) ;
#4105 = DIRECTION ( 'NONE',  ( 1.000000000000000000, -0.000000000000000000, -0.000000000000000000 ) ) ;
#4106 = ORIENTED_EDGE ( 'NONE', *, *, #717, .F. ) ;
#4107 = EDGE_LOOP ( 'NONE', ( #732, #530 ) ) ;
#4108 = EDGE_CURVE ( 'NONE', #1234, #3986, #1198, .T. ) ;
#4109 = EDGE_LOOP ( 'NONE', ( #3598, #161, #4168, #457 ) ) ;
#4110 = CARTESIAN_POINT ( 'NONE',  ( -6.200000000000000178, 25.00100000000000122, -19.04425540319414978 ) ) ;
#4111 = VERTEX_POINT ( 'NONE', #1183 ) ;
#4112 = LINE ( 'NONE', #2168, #4381 ) ;
#4113 = ORIENTED_EDGE ( 'NONE', *, *, #2953, .F. ) ;
#4114 = CARTESIAN_POINT ( 'NONE',  ( 6.200000000000000178, 25.00000000000000000, 0.000000000000000000 ) ) ;
#4115 = EDGE_LOOP ( 'NONE', ( #3157, #1651, #1935, #1029, #1214, #3979, #1454, #2678, #3014, #337, #14, #3237 ) ) ;
#4116 = ADVANCED_FACE ( 'NONE', ( #1942 ), #4675, .T. ) ;
#4117 = CARTESIAN_POINT ( 'NONE',  ( 0.000000000000000000, 19.04999999999999361, 5.523072258617638397 ) ) ;
#4118 = ORIENTED_EDGE ( 'NONE', *, *, #1081, .T. ) ;
#4119 = CARTESIAN_POINT ( 'NONE',  ( 6.200000000000000178, 1.999999999999997335, -1.999999999999998224 ) ) ;
#4120 = DIRECTION ( 'NONE',  ( 0.000000000000000000, -0.000000000000000000, -1.000000000000000000 ) ) ;
#4121 = DIRECTION ( 'NONE',  ( -1.000000000000000000, 0.000000000000000000, 0.000000000000000000 ) ) ;
#4122 = EDGE_CURVE ( 'NONE', #4147, #2118, #3246, .T. ) ;
#4123 = VECTOR ( 'NONE', #1471, 1000.000000000000000 ) ;
#4124 = AXIS2_PLACEMENT_3D ( 'NONE', #1583, #3098, #1480 ) ;
#4125 = CARTESIAN_POINT ( 'NONE',  ( 6.199999999999997513, 6.350000000000005862, -18.95000000000001350 ) ) ;
#4126 = B_SPLINE_CURVE_WITH_KNOTS ( 'NONE', 3,
 ( #276, #3414, #1625, #2012 ),
 .UNSPECIFIED., .F., .F.,
 ( 4, 4 ),
 ( 0.003029541235337106318, 0.003249628748158706060 ),
 .UNSPECIFIED. ) ;
#4127 = AXIS2_PLACEMENT_3D ( 'NONE', #4633, #1421, #1136 ) ;
#4128 = DIRECTION ( 'NONE',  ( 0.000000000000000000, 0.000000000000000000, -1.000000000000000000 ) ) ;
#4130 = CYLINDRICAL_SURFACE ( 'NONE', #3174, 2.099999999999999645 ) ;
#4129 = AXIS2_PLACEMENT_3D ( 'NONE', #3462, #224, #2611 ) ;
#4131 = VERTEX_POINT ( 'NONE', #403 ) ;
#4132 = DIRECTION ( 'NONE',  ( -0.000000000000000000, -0.000000000000000000, 1.000000000000000000 ) ) ;
#4133 = AXIS2_PLACEMENT_3D ( 'NONE', #858, #1326, #2446 ) ;
#4134 = CIRCLE ( 'NONE', #536, 2.100000000000000977 ) ;
#4135 = FACE_OUTER_BOUND ( 'NONE', #1184, .T. ) ;
#4136 = DIRECTION ( 'NONE',  ( 0.000000000000000000, 1.284980352575412946E-16, -1.000000000000000000 ) ) ;
#4137 = EDGE_LOOP ( 'NONE', ( #3972, #2650, #4820, #235, #4242, #4038 ) ) ;
#4138 = ORIENTED_EDGE ( 'NONE', *, *, #5031, .T. ) ;
#4139 = B_SPLINE_CURVE_WITH_KNOTS ( 'NONE', 3,
 ( #3968, #3215, #2432, #3899 ),
 .UNSPECIFIED., .F., .F.,
 ( 4, 4 ),
 ( 0.002832913685900425270, 0.002935786532568636018 ),
 .UNSPECIFIED. ) ;
#4140 = FACE_OUTER_BOUND ( 'NONE', #690, .T. ) ;
#4141 = EDGE_CURVE ( 'NONE', #3186, #1852, #3486, .T. ) ;
#4142 = EDGE_LOOP ( 'NONE', ( #4840, #1353, #4833, #96, #3749, #84, #4554, #4790, #3657, #1621, #1892, #5003 ) ) ;
#4143 = DIRECTION ( 'NONE',  ( 0.000000000000000000, -8.115498896123205041E-15, 1.000000000000000000 ) ) ;
#4144 = B_SPLINE_CURVE_WITH_KNOTS ( 'NONE', 3,
 ( #2826, #4769, #1619, #2424 ),
 .UNSPECIFIED., .F., .F.,
 ( 4, 4 ),
 ( 0.003655977453372194312, 0.003758849537120530649 ),
 .UNSPECIFIED. ) ;
#4145 = ORIENTED_EDGE ( 'NONE', *, *, #849, .T. ) ;
#4146 = CARTESIAN_POINT ( 'NONE',  ( 2.087439085565598429, -2.187221323398957029, -18.80290825211800865 ) ) ;
#4147 = VERTEX_POINT ( 'NONE', #4654 ) ;
#4148 = CARTESIAN_POINT ( 'NONE',  ( 0.000000000000000000, -6.139000000000000234, -6.750000000000002665 ) ) ;
#4149 = AXIS2_PLACEMENT_3D ( 'NONE', #1591, #3155, #3206 ) ;
#4150 = ORIENTED_EDGE ( 'NONE', *, *, #4305, .F. ) ;
#4151 = DIRECTION ( 'NONE',  ( 0.000000000000000000, 0.000000000000000000, 1.000000000000000000 ) ) ;
#4152 = DIRECTION ( 'NONE',  ( -0.000000000000000000, -1.000000000000000000, -0.000000000000000000 ) ) ;
#4153 = AXIS2_PLACEMENT_3D ( 'NONE', #4816, #4836, #4136 ) ;
#4154 = DIRECTION ( 'NONE',  ( -0.000000000000000000, -0.000000000000000000, -1.000000000000000000 ) ) ;
#4155 = CARTESIAN_POINT ( 'NONE',  ( 0.000000000000000000, -6.139000000000000234, -6.350000000000001421 ) ) ;
#4156 = FACE_OUTER_BOUND ( 'NONE', #660, .T. ) ;
#4157 = ORIENTED_EDGE ( 'NONE', *, *, #4075, .F. ) ;
#4158 = AXIS2_PLACEMENT_3D ( 'NONE', #3769, #255, #311 ) ;
#4159 = DIRECTION ( 'NONE',  ( 0.000000000000000000, 1.000000000000000000, 0.000000000000000000 ) ) ;
#4160 = DIRECTION ( 'NONE',  ( 1.000000000000000000, 0.000000000000000000, 0.000000000000000000 ) ) ;
#4161 = CARTESIAN_POINT ( 'NONE',  ( 0.8890000000000000124, 6.349999999999999645, -8.450000000000004619 ) ) ;
#4162 = CARTESIAN_POINT ( 'NONE',  ( 2.232710535457612888, -5.620762745781209269, -18.64999999999999858 ) ) ;
#4163 = ORIENTED_EDGE ( 'NONE', *, *, #620, .T. ) ;
#4164 = EDGE_LOOP ( 'NONE', ( #2559, #3634, #4315, #3085, #4839, #2244, #2600, #2090 ) ) ;
#4165 = CARTESIAN_POINT ( 'NONE',  ( 0.8890000000000000124, 19.04999999999999716, -8.450000000000002842 ) ) ;
#4166 = ORIENTED_EDGE ( 'NONE', *, *, #603, .F. ) ;
#4167 = CARTESIAN_POINT ( 'NONE',  ( 2.232710535457612888, -5.620762745781209269, -5.950000000000001954 ) ) ;
#4168 = ORIENTED_EDGE ( 'NONE', *, *, #4238, .T. ) ;
#4169 = FACE_OUTER_BOUND ( 'NONE', #2079, .T. ) ;
#4170 = ORIENTED_EDGE ( 'NONE', *, *, #887, .T. ) ;
#4171 = EDGE_CURVE ( 'NONE', #2958, #4011, #4701, .T. ) ;
#4172 = LINE ( 'NONE', #4148, #4779 ) ;
#4173 = VERTEX_POINT ( 'NONE', #791 ) ;
#4174 = LINE ( 'NONE', #2256, #4205 ) ;
#4175 = CARTESIAN_POINT ( 'NONE',  ( 3.888253587292845095E-16, -0.8890000000000009006, -15.87499999999999645 ) ) ;
#4176 = CARTESIAN_POINT ( 'NONE',  ( 0.000000000000000000, -6.139000000000000234, -20.60496604936459875 ) ) ;
#4177 = EDGE_CURVE ( 'NONE', #2555, #2903, #3963, .T. ) ;
#4178 = DIRECTION ( 'NONE',  ( -1.000000000000000000, -0.000000000000000000, 0.000000000000000000 ) ) ;
#4179 = CARTESIAN_POINT ( 'NONE',  ( -2.040073290564207831, -2.595422128626172054, -6.848097349045874971 ) ) ;
#4180 = LINE ( 'NONE', #4204, #1699 ) ;
#4181 = VERTEX_POINT ( 'NONE', #815 ) ;
#4182 = EDGE_CURVE ( 'NONE', #387, #1236, #16, .T. ) ;
#4183 = AXIS2_PLACEMENT_3D ( 'NONE', #3446, #1089, #1423 ) ;
#4184 = CARTESIAN_POINT ( 'NONE',  ( -2.040073290564207831, 5.851902650954126095, 2.595422128626172054 ) ) ;
#4185 = DIRECTION ( 'NONE',  ( 0.000000000000000000, 0.000000000000000000, 1.000000000000000000 ) ) ;
#4186 = ORIENTED_EDGE ( 'NONE', *, *, #1457, .F. ) ;
#4187 = VERTEX_POINT ( 'NONE', #739 ) ;
#4188 = EDGE_CURVE ( 'NONE', #3731, #3059, #2427, .T. ) ;
#4189 = ORIENTED_EDGE ( 'NONE', *, *, #95, .F. ) ;
#4190 = CARTESIAN_POINT ( 'NONE',  ( -2.264950330581225746, 19.44999999999999574, 5.523072258617638397 ) ) ;
#4191 = ORIENTED_EDGE ( 'NONE', *, *, #4416, .T. ) ;
#4192 = FACE_OUTER_BOUND ( 'NONE', #21, .T. ) ;
#4193 = ORIENTED_EDGE ( 'NONE', *, *, #1777, .T. ) ;
#4194 = DIRECTION ( 'NONE',  ( -1.000000000000000000, -0.000000000000000000, -0.000000000000000000 ) ) ;
#4195 = ORIENTED_EDGE ( 'NONE', *, *, #1976, .T. ) ;
#4196 = CARTESIAN_POINT ( 'NONE',  ( 0.000000000000000000, -0.8890000000000009006, -22.22499999999999787 ) ) ;
#4197 = ORIENTED_EDGE ( 'NONE', *, *, #2765, .T. ) ;
#4198 = CARTESIAN_POINT ( 'NONE',  ( -2.232710535457612888, 19.44999999999999574, 5.620762745781209269 ) ) ;
#4199 = DIRECTION ( 'NONE',  ( -1.000000000000000000, 0.000000000000000000, 0.000000000000000000 ) ) ;
#4200 = CALENDAR_DATE ( 2022, 6, 6 ) ;
#4201 = ADVANCED_FACE ( 'NONE', ( #377 ), #1159, .F. ) ;
#4202 = EDGE_CURVE ( 'NONE', #3820, #3073, #445, .T. ) ;
#4203 = LINE ( 'NONE', #1923, #1753 ) ;
#4204 = CARTESIAN_POINT ( 'NONE',  ( 6.200000000000000178, 0.000000000000000000, 0.000000000000000000 ) ) ;
#4205 = VECTOR ( 'NONE', #4886, 1000.000000000000000 ) ;
#4206 = ORIENTED_EDGE ( 'NONE', *, *, #3227, .T. ) ;
#4207 = CIRCLE ( 'NONE', #3635, 3.175000000000000711 ) ;
#4208 = CARTESIAN_POINT ( 'NONE',  ( 0.000000000000000000, -5.389000000000001123, -6.350000000000001421 ) ) ;
#4209 = CARTESIAN_POINT ( 'NONE',  ( 5.460999999999999410, 19.04999999999999716, -6.350000000000001421 ) ) ;
#4210 = VECTOR ( 'NONE', #1944, 1000.000000000000000 ) ;
#4211 = VECTOR ( 'NONE', #2686, 1000.000000000000000 ) ;
#4212 = CIRCLE ( 'NONE', #2437, 2.268258436585967264 ) ;
#4213 = LINE ( 'NONE', #4643, #4794 ) ;
#4214 = DIRECTION ( 'NONE',  ( 0.000000000000000000, -1.000000000000000000, 0.000000000000000000 ) ) ;
#4215 = AXIS2_PLACEMENT_3D ( 'NONE', #4209, #3144, #3498 ) ;
#4216 = EDGE_CURVE ( 'NONE', #3762, #1551, #2353, .T. ) ;
#4217 = ORIENTED_EDGE ( 'NONE', *, *, #4379, .F. ) ;
#4218 = VECTOR ( 'NONE', #3951, 1000.000000000000000 ) ;
#4219 = ORIENTED_EDGE ( 'NONE', *, *, #268, .F. ) ;
#4220 = DIRECTION ( 'NONE',  ( 1.000000000000000000, 0.000000000000000000, 0.000000000000000000 ) ) ;
#4221 = DIRECTION ( 'NONE',  ( -1.000000000000000000, -0.000000000000000000, -0.000000000000000000 ) ) ;
#4222 = EDGE_LOOP ( 'NONE', ( #4620, #3922, #833, #4363 ) ) ;
#4223 = CARTESIAN_POINT ( 'NONE',  ( -2.040073290564206943, 6.848097349045871418, 2.595422128626172054 ) ) ;
#4224 = CARTESIAN_POINT ( 'NONE',  ( 0.000000000000000000, -0.8890000000000009006, -6.350000000000001421 ) ) ;
#4225 = CARTESIAN_POINT ( 'NONE',  ( 2.264950330581225302, -5.523072258617638397, -6.750000000000000888 ) ) ;
#4226 = AXIS2_PLACEMENT_3D ( 'NONE', #2752, #1547, #4288 ) ;
#4227 = DIRECTION ( 'NONE',  ( 0.000000000000000000, 8.115498896123167176E-15, 1.000000000000000000 ) ) ;
#4228 = CARTESIAN_POINT ( 'NONE',  ( 1.820969194338324604, -6.090132639966193473, -6.750000000000001776 ) ) ;
#4229 = VERTEX_POINT ( 'NONE', #4458 ) ;
#4230 = CARTESIAN_POINT ( 'NONE',  ( 6.199999999999997513, 18.95000000000000284, -6.349999999999999645 ) ) ;
#4231 = EDGE_CURVE ( 'NONE', #2243, #1209, #4842, .T. ) ;
#4232 = EDGE_CURVE ( 'NONE', #2929, #3212, #4822, .T. ) ;
#4233 = AXIS2_PLACEMENT_3D ( 'NONE', #1579, #1216, #3559 ) ;
#4234 = DIRECTION ( 'NONE',  ( 0.000000000000000000, 0.000000000000000000, -1.000000000000000000 ) ) ;
#4235 = CARTESIAN_POINT ( 'NONE',  ( -3.174999999999999822, -2.595422128626172054, -6.848097349045874971 ) ) ;
#4236 = VECTOR ( 'NONE', #2403, 1000.000000000000000 ) ;
#4237 = EDGE_LOOP ( 'NONE', ( #1535, #4189 ) ) ;
#4238 = EDGE_CURVE ( 'NONE', #3739, #5063, #1112, .T. ) ;
#4239 = CYLINDRICAL_SURFACE ( 'NONE', #616, 3.374999999999999556 ) ;
#4240 = AXIS2_PLACEMENT_3D ( 'NONE', #1330, #2186, #2622 ) ;
#4241 = ORIENTED_EDGE ( 'NONE', *, *, #3492, .F. ) ;
#4242 = ORIENTED_EDGE ( 'NONE', *, *, #2400, .F. ) ;
#4243 = DIRECTION ( 'NONE',  ( 0.000000000000000000, -1.000000000000000000, 0.000000000000000000 ) ) ;
#4244 = VERTEX_POINT ( 'NONE', #2455 ) ;
#4245 = EDGE_CURVE ( 'NONE', #4229, #1743, #4857, .T. ) ;
#4246 = DIRECTION ( 'NONE',  ( 0.000000000000000000, -0.3090169943749442316, -0.9510565162951545304 ) ) ;
#4247 = VERTEX_POINT ( 'NONE', #3629 ) ;
#4248 = CYLINDRICAL_SURFACE ( 'NONE', #856, 6.049999999999999822 ) ;
#4249 = CARTESIAN_POINT ( 'NONE',  ( 0.1999999999999996503, 6.349999999999996980, -24.00000000000000711 ) ) ;
#4250 = CARTESIAN_POINT ( 'NONE',  ( -1.502637486114517751, -6.139000000000000234, -5.950000000000001954 ) ) ;
#4251 = DATE_AND_TIME ( #3042, #619 ) ;
#4252 = DIRECTION ( 'NONE',  ( 0.000000000000000000, -1.000000000000000000, 0.000000000000000000 ) ) ;
#4253 = CARTESIAN_POINT ( 'NONE',  ( 1.502637486114517973, 6.749999999999999112, 6.139000000000000234 ) ) ;
#4254 = CARTESIAN_POINT ( 'NONE',  ( -2.061552812808830293, 5.949999999999998401, 5.439000000000000945 ) ) ;
#4255 = ORIENTED_EDGE ( 'NONE', *, *, #4021, .T. ) ;
#4256 = CARTESIAN_POINT ( 'NONE',  ( 0.000000000000000000, 15.87499999999999289, 0.000000000000000000 ) ) ;
#4257 = CARTESIAN_POINT ( 'NONE',  ( 2.061552812808830293, -5.439000000000000057, -18.64999999999999858 ) ) ;
#4258 = CYLINDRICAL_SURFACE ( 'NONE', #1464, 2.100000000000000089 ) ;
#4259 = LINE ( 'NONE', #1930, #2309 ) ;
#4260 = VERTEX_POINT ( 'NONE', #967 ) ;
#4261 = ORIENTED_EDGE ( 'NONE', *, *, #582, .T. ) ;
#4262 = EDGE_CURVE ( 'NONE', #3361, #3862, #118, .T. ) ;
#4263 = ORIENTED_EDGE ( 'NONE', *, *, #4294, .F. ) ;
#4264 = DIRECTION ( 'NONE',  ( 0.000000000000000000, -0.000000000000000000, -1.000000000000000000 ) ) ;
#4265 = AXIS2_PLACEMENT_3D ( 'NONE', #3252, #79, #3569 ) ;
#4266 = ORIENTED_EDGE ( 'NONE', *, *, #1403, .F. ) ;
#4267 = DIRECTION ( 'NONE',  ( 0.000000000000000000, 0.000000000000000000, 1.000000000000000000 ) ) ;
#4268 = ORIENTED_EDGE ( 'NONE', *, *, #324, .F. ) ;
#4269 = DIRECTION ( 'NONE',  ( -1.000000000000000000, 0.000000000000000000, 0.000000000000000000 ) ) ;
#4270 = EDGE_CURVE ( 'NONE', #1804, #2958, #288, .T. ) ;
#4271 = CARTESIAN_POINT ( 'NONE',  ( 5.460999999999999410, 6.349999999999999645, -21.15000000000000568 ) ) ;
#4272 = CARTESIAN_POINT ( 'NONE',  ( 4.174999999999999822, 19.04999999999999716, -6.350000000000001421 ) ) ;
#4273 = PERSON_AND_ORGANIZATION ( #3151, #3013 ) ;
#4274 = DIRECTION ( 'NONE',  ( 1.000000000000000000, 0.000000000000000000, 0.000000000000000000 ) ) ;
#4275 = ADVANCED_FACE ( 'NONE', ( #3990 ), #2651, .F. ) ;
#4276 = ORIENTED_EDGE ( 'NONE', *, *, #849, .F. ) ;
#4277 = CARTESIAN_POINT ( 'NONE',  ( -2.264950330581225746, 18.64999999999999147, 5.523072258617638397 ) ) ;
#4278 = CARTESIAN_POINT ( 'NONE',  ( -2.571758278209440971E-16, 8.449999999999999289, 0.8890000000000000124 ) ) ;
#4279 = DIRECTION ( 'NONE',  ( 0.000000000000000000, 0.000000000000000000, 1.000000000000000000 ) ) ;
#4280 = VECTOR ( 'NONE', #4220, 1000.000000000000000 ) ;
#4281 = DIRECTION ( 'NONE',  ( -1.000000000000000000, 0.000000000000000000, 0.000000000000000000 ) ) ;
#4282 = CARTESIAN_POINT ( 'NONE',  ( 6.200000000000000178, 2.000000000000000000, -25.00000000000000355 ) ) ;
#4283 = EDGE_LOOP ( 'NONE', ( #4431, #4625, #3126, #1573 ) ) ;
#4284 = VECTOR ( 'NONE', #2637, 1000.000000000000000 ) ;
#4285 = VECTOR ( 'NONE', #3467, 1000.000000000000000 ) ;
#4286 = AXIS2_PLACEMENT_3D ( 'NONE', #2533, #4465, #947 ) ;
#4287 = DIRECTION ( 'NONE',  ( 0.000000000000000000, 0.000000000000000000, -1.000000000000000000 ) ) ;
#4288 = DIRECTION ( 'NONE',  ( 0.000000000000000000, -0.9961946980917461003, 0.08715574274765176821 ) ) ;
#4289 = ORIENTED_EDGE ( 'NONE', *, *, #1778, .F. ) ;
#4290 = CARTESIAN_POINT ( 'NONE',  ( 4.174999999999999822, 11.40000000000000391, -25.00000000000000355 ) ) ;
#4291 = TOROIDAL_SURFACE ( 'NONE', #5027, 1.554966049364602254, 0.7500000000000000000 ) ;
#4292 = ORIENTED_EDGE ( 'NONE', *, *, #2071, .T. ) ;
#4293 = DIRECTION ( 'NONE',  ( 0.000000000000000000, 0.000000000000000000, -1.000000000000000000 ) ) ;
#4294 = EDGE_CURVE ( 'NONE', #598, #3514, #1277, .T. ) ;
#4295 = VECTOR ( 'NONE', #490, 1000.000000000000000 ) ;
#4296 = VECTOR ( 'NONE', #3294, 1000.000000000000000 ) ;
#4297 = VERTEX_POINT ( 'NONE', #4899 ) ;
#4298 = CARTESIAN_POINT ( 'NONE',  ( 4.174999999999999822, 6.350000000000005862, -18.95000000000001350 ) ) ;
#4299 = DIRECTION ( 'NONE',  ( 0.000000000000000000, -1.000000000000000000, 0.000000000000000000 ) ) ;
#4300 = CONICAL_SURFACE ( 'NONE', #1538, 2.100000000000000977, 1.172861257340199304 ) ;
#4301 = APPLICATION_PROTOCOL_DEFINITION ( 'international standard', 'config_control_design', 1994, #3089 ) ;
#4302 = CARTESIAN_POINT ( 'NONE',  ( 0.000000000000000000, -5.438999999999999169, -6.350000000000001421 ) ) ;
#4303 = ORIENTED_EDGE ( 'NONE', *, *, #649, .T. ) ;
#4304 = DIRECTION ( 'NONE',  ( 0.000000000000000000, 0.000000000000000000, 1.000000000000000000 ) ) ;
#4305 = EDGE_CURVE ( 'NONE', #1695, #4961, #1861, .T. ) ;
#4306 = VECTOR ( 'NONE', #1338, 1000.000000000000000 ) ;
#4307 = CARTESIAN_POINT ( 'NONE',  ( 0.000000000000000000, 19.04999999999999361, 5.438999999999999169 ) ) ;
#4308 = DIRECTION ( 'NONE',  ( 0.000000000000000000, 0.000000000000000000, -1.000000000000000000 ) ) ;
#4309 = ORIENTED_EDGE ( 'NONE', *, *, #2942, .F. ) ;
#4310 = VECTOR ( 'NONE', #4234, 1000.000000000000000 ) ;
#4311 = ORIENTED_EDGE ( 'NONE', *, *, #2472, .F. ) ;
#4312 = CARTESIAN_POINT ( 'NONE',  ( 2.243459280444428217, -5.588199955838117461, -5.950000000000001954 ) ) ;
#4313 = VERTEX_POINT ( 'NONE', #2221 ) ;
#4314 = DIRECTION ( 'NONE',  ( -1.000000000000000000, 0.000000000000000000, 0.000000000000000000 ) ) ;
#4315 = ORIENTED_EDGE ( 'NONE', *, *, #2484, .F. ) ;
#4316 = ORIENTED_EDGE ( 'NONE', *, *, #1691, .F. ) ;
#4317 = CIRCLE ( 'NONE', #1223, 3.175000000000000711 ) ;
#4318 = DIRECTION ( 'NONE',  ( 1.000000000000000000, 0.000000000000000000, 0.000000000000000000 ) ) ;
#4319 = ORIENTED_EDGE ( 'NONE', *, *, #4018, .T. ) ;
#4320 = DIRECTION ( 'NONE',  ( -1.000000000000000000, -0.000000000000000000, -0.000000000000000000 ) ) ;
#4321 = CARTESIAN_POINT ( 'NONE',  ( 3.175000000000000711, 19.54809734904586804, 2.595422128626172054 ) ) ;
#4322 = EDGE_CURVE ( 'NONE', #30, #4845, #1098, .T. ) ;
#4323 = ORIENTED_EDGE ( 'NONE', *, *, #1525, .F. ) ;
#4324 = EDGE_CURVE ( 'NONE', #2140, #4432, #39, .T. ) ;
#4325 =( BOUNDED_CURVE ( )  B_SPLINE_CURVE ( 3, ( #3324, #2182, #2619, #3723 ),
 .UNSPECIFIED., .F., .F. ) 
 B_SPLINE_CURVE_WITH_KNOTS ( ( 4, 4 ),
 ( 4.362112093716119077, 4.472917508490047211 ),
 .UNSPECIFIED. ) 
 CURVE ( )  GEOMETRIC_REPRESENTATION_ITEM ( )  RATIONAL_B_SPLINE_CURVE ( ( 1.000000000000000000, 0.9989771083553060649, 0.9989771083553060649, 1.000000000000000000 ) ) 
 REPRESENTATION_ITEM ( '' )  );
#4326 = CARTESIAN_POINT ( 'NONE',  ( -2.264950330581225746, 19.44999999999999574, 5.523072258617638397 ) ) ;
#4327 = CYLINDRICAL_SURFACE ( 'NONE', #2369, 3.175000000000000711 ) ;
#4328 = PLANE ( 'NONE',  #4343 ) ;
#4329 = CARTESIAN_POINT ( 'NONE',  ( 0.000000000000000000, -5.139000000000004675, -6.350000000000001421 ) ) ;
#4330 = ADVANCED_FACE ( 'NONE', ( #1409 ), #4938, .T. ) ;
#4331 = ORIENTED_EDGE ( 'NONE', *, *, #2417, .T. ) ;
#4332 = DIRECTION ( 'NONE',  ( 0.000000000000000000, 0.000000000000000000, -1.000000000000000000 ) ) ;
#4333 = FACE_OUTER_BOUND ( 'NONE', #2780, .T. ) ;
#4334 = CYLINDRICAL_SURFACE ( 'NONE', #3420, 3.175000000000000711 ) ;
#4335 = EDGE_CURVE ( 'NONE', #1256, #2421, #4486, .T. ) ;
#4336 = VERTEX_POINT ( 'NONE', #631 ) ;
#4337 = LINE ( 'NONE', #3158, #4236 ) ;
#4338 = ORIENTED_EDGE ( 'NONE', *, *, #4108, .F. ) ;
#4339 = AXIS2_PLACEMENT_3D ( 'NONE', #4937, #699, #3369 ) ;
#4340 = DIRECTION ( 'NONE',  ( 1.000000000000000000, -0.000000000000000000, -0.000000000000000000 ) ) ;
#4341 = ORIENTED_EDGE ( 'NONE', *, *, #2661, .F. ) ;
#4342 = LINE ( 'NONE', #1260, #1607 ) ;
#4343 = AXIS2_PLACEMENT_3D ( 'NONE', #1661, #1585, #2076 ) ;
#4344 = CYLINDRICAL_SURFACE ( 'NONE', #721, 3.374999999999999556 ) ;
#4345 = DIRECTION ( 'NONE',  ( -0.000000000000000000, 0.000000000000000000, -1.000000000000000000 ) ) ;
#4346 = VERTEX_POINT ( 'NONE', #4165 ) ;
#4347 = DIRECTION ( 'NONE',  ( 0.000000000000000000, 2.061057595219968388E-15, -1.000000000000000000 ) ) ;
#4348 = CARTESIAN_POINT ( 'NONE',  ( -2.264950330581225746, -5.523072258617638397, -19.44999999999999929 ) ) ;
#4349 = CARTESIAN_POINT ( 'NONE',  ( 0.000000000000000000, 4.249999999999997335, 5.439000000000000945 ) ) ;
#4350 = EDGE_CURVE ( 'NONE', #3765, #2323, #2979, .T. ) ;
#4351 = EDGE_CURVE ( 'NONE', #2324, #2623, #4954, .T. ) ;
#4352 = CARTESIAN_POINT ( 'NONE',  ( -1.663407726524676278, -6.139000000000001123, -6.750000000000001776 ) ) ;
#4353 = ORIENTED_EDGE ( 'NONE', *, *, #2582, .F. ) ;
#4354 = CARTESIAN_POINT ( 'NONE',  ( 0.000000000000000000, -5.523072258617638397, -19.04999999999999716 ) ) ;
#4355 = TOROIDAL_SURFACE ( 'NONE', #3311, 1.554966049364602254, 0.7500000000000000000 ) ;
#4356 = LINE ( 'NONE', #2005, #2099 ) ;
#4357 = CARTESIAN_POINT ( 'NONE',  ( -1.972483239316684234, 7.070631577586465433, 5.138999999999997570 ) ) ;
#4358 = DIRECTION ( 'NONE',  ( -1.000000000000000000, -0.000000000000000000, -0.000000000000000000 ) ) ;
#4359 = VERTEX_POINT ( 'NONE', #4190 ) ;
#4360 = LINE ( 'NONE', #88, #58 ) ;
#4361 = AXIS2_PLACEMENT_3D ( 'NONE', #172, #2205, #2232 ) ;
#4362 = VERTEX_POINT ( 'NONE', #3005 ) ;
#4363 = ORIENTED_EDGE ( 'NONE', *, *, #2672, .F. ) ;
#4364 = CIRCLE ( 'NONE', #4041, 2.100000000000000977 ) ;
#4365 = AXIS2_PLACEMENT_3D ( 'NONE', #4393, #1652, #3213 ) ;
#4366 = ORIENTED_EDGE ( 'NONE', *, *, #1685, .F. ) ;
#4367 = CARTESIAN_POINT ( 'NONE',  ( 2.100009524403047223, 18.92665507966319538, 2.138959997505216037 ) ) ;
#4368 = CIRCLE ( 'NONE', #4046, 3.175000000000000711 ) ;
#4369 = CARTESIAN_POINT ( 'NONE',  ( 1.734723475976807094E-15, 25.00000000000000000, 0.000000000000000000 ) ) ;
#4370 = AXIS2_PLACEMENT_3D ( 'NONE', #2395, #1612, #4308 ) ;
#4371 = DIRECTION ( 'NONE',  ( 0.000000000000000000, 0.000000000000000000, -1.000000000000000000 ) ) ;
#4372 = VERTEX_POINT ( 'NONE', #2576 ) ;
#4373 = DIRECTION ( 'NONE',  ( 0.000000000000000000, 1.131341397376178325E-16, -1.000000000000000000 ) ) ;
#4374 = DIRECTION ( 'NONE',  ( 0.000000000000000000, 0.000000000000000000, 1.000000000000000000 ) ) ;
#4375 = LINE ( 'NONE', #850, #780 ) ;
#4376 = CARTESIAN_POINT ( 'NONE',  ( -2.083236664664703586, -5.905597390643910316, -6.750000000000001776 ) ) ;
#4377 = CARTESIAN_POINT ( 'NONE',  ( 0.000000000000000000, -5.439000000000000945, -19.04999999999999716 ) ) ;
#4378 = ORIENTED_EDGE ( 'NONE', *, *, #1457, .T. ) ;
#4379 = EDGE_CURVE ( 'NONE', #4297, #1979, #214, .T. ) ;
#4380 = EDGE_CURVE ( 'NONE', #1275, #4414, #2841, .T. ) ;
#4381 = VECTOR ( 'NONE', #3705, 1000.000000000000000 ) ;
#4382 = FACE_OUTER_BOUND ( 'NONE', #2985, .T. ) ;
#4383 = FACE_OUTER_BOUND ( 'NONE', #2481, .T. ) ;
#4384 = DIRECTION ( 'NONE',  ( 1.000000000000000000, -0.000000000000000000, -0.000000000000000000 ) ) ;
#4385 = CARTESIAN_POINT ( 'NONE',  ( 0.000000000000000000, -5.389000000000000234, -19.04999999999999716 ) ) ;
#4386 = EDGE_LOOP ( 'NONE', ( #1774, #1587, #683, #1101 ) ) ;
#4387 = DIRECTION ( 'NONE',  ( 0.000000000000000000, -1.000000000000000000, 0.000000000000000000 ) ) ;
#4388 = ORIENTED_EDGE ( 'NONE', *, *, #330, .F. ) ;
#4389 = ADVANCED_FACE ( 'NONE', ( #1805 ), #3759, .F. ) ;
#4390 = ORIENTED_EDGE ( 'NONE', *, *, #1798, .T. ) ;
#4391 = AXIS2_PLACEMENT_3D ( 'NONE', #1261, #5044, #1556 ) ;
#4392 = VERTEX_POINT ( 'NONE', #302 ) ;
#4393 = CARTESIAN_POINT ( 'NONE',  ( 0.000000000000000000, 6.349999999999997868, 5.439000000000000945 ) ) ;
#4394 = CARTESIAN_POINT ( 'NONE',  ( 4.174999999999999822, 11.40000000000000036, -11.40000000000000036 ) ) ;
#4396 = ORIENTED_EDGE ( 'NONE', *, *, #2915, .T. ) ;
#4395 = AXIS2_PLACEMENT_3D ( 'NONE', #4604, #3061, #4559 ) ;
#4397 = EDGE_CURVE ( 'NONE', #1254, #1887, #4212, .T. ) ;
#4398 = AXIS2_PLACEMENT_3D ( 'NONE', #551, #1352, #2926 ) ;
#4399 = DIRECTION ( 'NONE',  ( -0.000000000000000000, -0.000000000000000000, -1.000000000000000000 ) ) ;
#4400 = EDGE_CURVE ( 'NONE', #395, #478, #1527, .T. ) ;
#4401 = ORIENTED_EDGE ( 'NONE', *, *, #3583, .T. ) ;
#4402 = CARTESIAN_POINT ( 'NONE',  ( 0.000000000000000000, 19.04999999999999361, 5.438999999999999169 ) ) ;
#4403 = CARTESIAN_POINT ( 'NONE',  ( 6.200000000000000178, 24.00000000000000000, -2.000000000000000000 ) ) ;
#4404 = FACE_OUTER_BOUND ( 'NONE', #629, .T. ) ;
#4405 = FACE_OUTER_BOUND ( 'NONE', #4516, .T. ) ;
#4406 = ORIENTED_EDGE ( 'NONE', *, *, #3319, .T. ) ;
#4407 = DIRECTION ( 'NONE',  ( -1.000000000000000000, -0.000000000000000000, -0.000000000000000000 ) ) ;
#4408 = ADVANCED_FACE ( 'NONE', ( #4140 ), #1435, .T. ) ;
#4409 = B_SPLINE_CURVE_WITH_KNOTS ( 'NONE', 3,
 ( #169, #197, #3340, #1758 ),
 .UNSPECIFIED., .F., .F.,
 ( 4, 4 ),
 ( 0.003655977453372194746, 0.003758849537120530215 ),
 .UNSPECIFIED. ) ;
#4410 = CARTESIAN_POINT ( 'NONE',  ( 0.000000000000000000, 25.00000000000000000, 0.000000000000000000 ) ) ;
#4411 = LINE ( 'NONE', #862, #2793 ) ;
#4412 = VERTEX_POINT ( 'NONE', #756 ) ;
#4413 = DIRECTION ( 'NONE',  ( 0.000000000000000000, 0.000000000000000000, 1.000000000000000000 ) ) ;
#4414 = VERTEX_POINT ( 'NONE', #1570 ) ;
#4415 = EDGE_LOOP ( 'NONE', ( #1431, #2021, #4138, #1888 ) ) ;
#4416 = EDGE_CURVE ( 'NONE', #3461, #1933, #2564, .T. ) ;
#4417 = EDGE_CURVE ( 'NONE', #1759, #2795, #1456, .T. ) ;
#4418 = VERTEX_POINT ( 'NONE', #4721 ) ;
#4419 = DIRECTION ( 'NONE',  ( 0.000000000000000000, 0.000000000000000000, -1.000000000000000000 ) ) ;
#4420 = LINE ( 'NONE', #919, #3844 ) ;
#4421 = EDGE_LOOP ( 'NONE', ( #1340, #893, #5030, #3958 ) ) ;
#4422 = EDGE_CURVE ( 'NONE', #2618, #1598, #4368, .T. ) ;
#4423 = DIRECTION ( 'NONE',  ( 1.000000000000000000, 0.000000000000000000, 0.000000000000000000 ) ) ;
#4424 = DIRECTION ( 'NONE',  ( 0.000000000000000000, 0.000000000000000000, -1.000000000000000000 ) ) ;
#4425 = EDGE_CURVE ( 'NONE', #3511, #225, #4699, .T. ) ;
#4426 = DIRECTION ( 'NONE',  ( 1.000000000000000000, -0.000000000000000000, -0.000000000000000000 ) ) ;
#4427 = CARTESIAN_POINT ( 'NONE',  ( 6.200000000000000178, 1.999999999999997335, -1.999999999999998224 ) ) ;
#4428 = CARTESIAN_POINT ( 'NONE',  ( -1.663407726524676722, 5.949999999999998401, 6.139000000000001123 ) ) ;
#4429 = CARTESIAN_POINT ( 'NONE',  ( -2.040073290564207831, -2.595422128626172054, -18.55190265095412627 ) ) ;
#4430 = FACE_BOUND ( 'NONE', #4237, .T. ) ;
#4431 = ORIENTED_EDGE ( 'NONE', *, *, #4177, .F. ) ;
#4432 = VERTEX_POINT ( 'NONE', #1932 ) ;
#4433 = ORIENTED_EDGE ( 'NONE', *, *, #758, .F. ) ;
#4434 = PRODUCT_DEFINITION ( 'UNKNOWN', '', #2203, #4509 ) ;
#4435 = AXIS2_PLACEMENT_3D ( 'NONE', #1177, #2825, #3935 ) ;
#4436 = ORIENTED_EDGE ( 'NONE', *, *, #4400, .T. ) ;
#4437 = DIRECTION ( 'NONE',  ( 1.000000000000000000, 0.000000000000000000, -0.000000000000000000 ) ) ;
#4438 = DIRECTION ( 'NONE',  ( 1.000000000000000000, -0.000000000000000000, -0.000000000000000000 ) ) ;
#4439 = AXIS2_PLACEMENT_3D ( 'NONE', #2919, #568, #4832 ) ;
#4440 = EDGE_CURVE ( 'NONE', #2903, #2976, #1539, .T. ) ;
#4441 = AXIS2_PLACEMENT_3D ( 'NONE', #4778, #2042, #1674 ) ;
#4442 = LINE ( 'NONE', #4066, #2675 ) ;
#4443 = AXIS2_PLACEMENT_3D ( 'NONE', #388, #1144, #1170 ) ;
#4444 = ORIENTED_EDGE ( 'NONE', *, *, #1961, .T. ) ;
#4445 = PLANE ( 'NONE',  #1281 ) ;
#4446 = VECTOR ( 'NONE', #4746, 1000.000000000000000 ) ;
#4447 = CIRCLE ( 'NONE', #2289, 2.100000000000000977 ) ;
#4448 = VECTOR ( 'NONE', #3452, 1000.000000000000000 ) ;
#4449 = CARTESIAN_POINT ( 'NONE',  ( 0.8890000000000000124, 19.04999999999999716, -6.350000000000001421 ) ) ;
#4450 = PLANE ( 'NONE',  #3408 ) ;
#4451 = AXIS2_PLACEMENT_3D ( 'NONE', #3367, #176, #1793 ) ;
#4452 = DIRECTION ( 'NONE',  ( 0.000000000000000000, 0.000000000000000000, -1.000000000000000000 ) ) ;
#4453 = CARTESIAN_POINT ( 'NONE',  ( -6.200000000000000178, 0.000000000000000000, -9.328334981051646935 ) ) ;
#4454 = FACE_BOUND ( 'NONE', #2285, .T. ) ;
#4455 = ORIENTED_EDGE ( 'NONE', *, *, #649, .F. ) ;
#4456 = ORIENTED_EDGE ( 'NONE', *, *, #3589, .T. ) ;
#4457 = VERTEX_POINT ( 'NONE', #2726 ) ;
#4458 = CARTESIAN_POINT ( 'NONE',  ( 0.000000000000000000, 8.649999999999998579, 5.523072258617638397 ) ) ;
#4459 = CIRCLE ( 'NONE', #1797, 3.174999999999998934 ) ;
#4460 = ORIENTED_EDGE ( 'NONE', *, *, #2968, .T. ) ;
#4461 = DIRECTION ( 'NONE',  ( 0.000000000000000000, 0.000000000000000000, 1.000000000000000000 ) ) ;
#4462 = ORIENTED_EDGE ( 'NONE', *, *, #2400, .T. ) ;
#4463 = CARTESIAN_POINT ( 'NONE',  ( 6.199999999999997513, 2.000000000000000000, -24.00000000000000355 ) ) ;
#4464 = ORIENTED_EDGE ( 'NONE', *, *, #2791, .F. ) ;
#4465 = DIRECTION ( 'NONE',  ( -0.000000000000000000, -0.000000000000000000, -1.000000000000000000 ) ) ;
#4466 = VECTOR ( 'NONE', #3943, 1000.000000000000000 ) ;
#4467 = PRODUCT ( '228-2500-126', '228-2500-126', '', ( #2312 ) ) ;
#4468 = VERTEX_POINT ( 'NONE', #3505 ) ;
#4469 = EDGE_CURVE ( 'NONE', #2866, #3423, #942, .T. ) ;
#4470 = DIRECTION ( 'NONE',  ( 0.000000000000000000, -1.000000000000000000, 8.115498896123205041E-15 ) ) ;
#4471 = EDGE_CURVE ( 'NONE', #373, #4090, #2429, .T. ) ;
#4472 = CIRCLE ( 'NONE', #3750, 2.299999999999999822 ) ;
#4473 = CARTESIAN_POINT ( 'NONE',  ( -3.175000000000000711, -5.138999999999997570, -19.77063157758646383 ) ) ;
#4474 = VECTOR ( 'NONE', #574, 1000.000000000000000 ) ;
#4475 = CARTESIAN_POINT ( 'NONE',  ( 0.1999999999999996503, 18.95000000000000284, -11.40000000000000036 ) ) ;
#4476 = CIRCLE ( 'NONE', #1897, 2.100000000000000977 ) ;
#4477 = ADVANCED_FACE ( 'NONE', ( #1125 ), #4239, .F. ) ;
#4478 = FACE_BOUND ( 'NONE', #3236, .T. ) ;
#4479 = DIRECTION ( 'NONE',  ( 0.000000000000000000, 0.000000000000000000, 1.000000000000000000 ) ) ;
#4480 = EDGE_LOOP ( 'NONE', ( #3378, #4276, #3189, #3488 ) ) ;
#4481 = FACE_OUTER_BOUND ( 'NONE', #3287, .T. ) ;
#4482 = EDGE_CURVE ( 'NONE', #4187, #835, #1348, .T. ) ;
#4483 = CARTESIAN_POINT ( 'NONE',  ( -2.057850353472996385, -2.353605336466522147, -19.47861193465578822 ) ) ;
#4484 = LINE ( 'NONE', #3300, #4891 ) ;
#4485 = ORIENTED_EDGE ( 'NONE', *, *, #1860, .F. ) ;
#4486 =( BOUNDED_CURVE ( )  B_SPLINE_CURVE ( 3, ( #4488, #244, #1828, #994 ),
 .UNSPECIFIED., .F., .T. ) 
 B_SPLINE_CURVE_WITH_KNOTS ( ( 4, 4 ),
 ( 1.810267798689539021, 1.921073213463466933 ),
 .UNSPECIFIED. ) 
 CURVE ( )  GEOMETRIC_REPRESENTATION_ITEM ( )  RATIONAL_B_SPLINE_CURVE ( ( 1.000000000000000000, 0.9989771083553060649, 0.9989771083553060649, 1.000000000000000000 ) ) 
 REPRESENTATION_ITEM ( '' )  );
#4487 = ORIENTED_EDGE ( 'NONE', *, *, #2582, .T. ) ;
#4488 = CARTESIAN_POINT ( 'NONE',  ( 2.040073290564207831, 5.851902650954126095, 2.595422128626172054 ) ) ;
#4489 = EDGE_CURVE ( 'NONE', #5022, #3823, #3643, .T. ) ;
#4490 = ORIENTED_EDGE ( 'NONE', *, *, #1186, .T. ) ;
#4491 = CARTESIAN_POINT ( 'NONE',  ( 6.199999999999997513, 6.349999999999995204, -25.00000000000000355 ) ) ;
#4492 = ORIENTED_EDGE ( 'NONE', *, *, #3770, .T. ) ;
#4493 = DIRECTION ( 'NONE',  ( -1.000000000000000000, -0.000000000000000000, -0.000000000000000000 ) ) ;
#4494 = ORIENTED_EDGE ( 'NONE', *, *, #4417, .T. ) ;
#4495 = CARTESIAN_POINT ( 'NONE',  ( 2.061552812808830293, 18.64999999999999147, 5.139000000000001123 ) ) ;
#4496 = DIRECTION ( 'NONE',  ( 0.000000000000000000, 0.000000000000000000, -1.000000000000000000 ) ) ;
#4497 = ORIENTED_EDGE ( 'NONE', *, *, #2105, .T. ) ;
#4498 = CARTESIAN_POINT ( 'NONE',  ( -1.502637486114517751, -6.139000000000000234, -19.44999999999999929 ) ) ;
#4499 = CARTESIAN_POINT ( 'NONE',  ( 2.174999999999999822, 6.349999999999999645, -3.175000000000003819 ) ) ;
#4500 = DIRECTION ( 'NONE',  ( 0.000000000000000000, 0.000000000000000000, -1.000000000000000000 ) ) ;
#4501 = CARTESIAN_POINT ( 'NONE',  ( 3.888253587292846081E-16, 0.000000000000000000, -3.175000000000001599 ) ) ;
#4502 = CARTESIAN_POINT ( 'NONE',  ( 0.000000000000000000, 18.64999999999999147, 6.139000000000000234 ) ) ;
#4503 = DIRECTION ( 'NONE',  ( -0.000000000000000000, 0.000000000000000000, -1.000000000000000000 ) ) ;
#4504 = VECTOR ( 'NONE', #2892, 1000.000000000000000 ) ;
#4505 = VERTEX_POINT ( 'NONE', #4834 ) ;
#4506 = ADVANCED_FACE ( 'NONE', ( #1664 ), #134, .T. ) ;
#4507 = EDGE_CURVE ( 'NONE', #3936, #2470, #2440, .T. ) ;
#4508 = FACE_OUTER_BOUND ( 'NONE', #348, .T. ) ;
#4509 = DESIGN_CONTEXT ( 'detailed design', #5070, 'design' ) ;
#4510 = CARTESIAN_POINT ( 'NONE',  ( 2.100009524403047223, 6.226655079663197867, 2.138959997505216037 ) ) ;
#4511 = CARTESIAN_POINT ( 'NONE',  ( 1.000000000000000888, 26.24425540319414907, -2.000000000000001776 ) ) ;
#4512 = CARTESIAN_POINT ( 'NONE',  ( 2.174999999999999822, 6.349999999999999645, -15.87500000000000355 ) ) ;
#4513 = ORIENTED_EDGE ( 'NONE', *, *, #3264, .T. ) ;
#4514 = VERTEX_POINT ( 'NONE', #3204 ) ;
#4515 = DIRECTION ( 'NONE',  ( 0.000000000000000000, 1.084202172485504434E-16, -1.000000000000000000 ) ) ;
#4516 = EDGE_LOOP ( 'NONE', ( #2225, #4032, #1408, #4331 ) ) ;
#4517 = CARTESIAN_POINT ( 'NONE',  ( 0.000000000000000000, -5.439000000000000945, -21.14999999999999858 ) ) ;
#4518 = ORIENTED_EDGE ( 'NONE', *, *, #511, .T. ) ;
#4519 = CARTESIAN_POINT ( 'NONE',  ( 2.057850353472996385, -2.353605336466521702, -18.62138806534421320 ) ) ;
#4520 = ORIENTED_EDGE ( 'NONE', *, *, #930, .T. ) ;
#4521 = ORIENTED_EDGE ( 'NONE', *, *, #2640, .F. ) ;
#4522 = CARTESIAN_POINT ( 'NONE',  ( -2.232710535457612888, -5.620762745781209269, -19.44999999999999929 ) ) ;
#4523 = VECTOR ( 'NONE', #4493, 1000.000000000000000 ) ;
#4524 = ORIENTED_EDGE ( 'NONE', *, *, #1638, .T. ) ;
#4525 = CARTESIAN_POINT ( 'NONE',  ( 0.8890000000000000124, 19.04999999999999716, -6.350000000000001421 ) ) ;
#4526 = DIRECTION ( 'NONE',  ( -0.000000000000000000, 2.297646988048747938E-16, -1.000000000000000000 ) ) ;
#4527 = CARTESIAN_POINT ( 'NONE',  ( 2.182283254615324797, -5.773529692572012095, -18.64999999999999858 ) ) ;
#4528 = AXIS2_PLACEMENT_3D ( 'NONE', #2888, #3665, #2838 ) ;
#4529 = AXIS2_PLACEMENT_3D ( 'NONE', #561, #2147, #2584 ) ;
#4530 = LINE ( 'NONE', #4501, #952 ) ;
#4531 = CARTESIAN_POINT ( 'NONE',  ( -1.999113491775012408, -4.305849356269923156, -6.997740341250766605 ) ) ;
#4533 = CARTESIAN_POINT ( 'NONE',  ( 2.182266827280790356, -5.773579458367407824, -6.750000000000001776 ) ) ;
#4532 = AXIS2_PLACEMENT_3D ( 'NONE', #3405, #3432, #1381 ) ;
#4534 = CARTESIAN_POINT ( 'NONE',  ( 0.000000000000000000, -5.620762745781209269, -6.350000000000001421 ) ) ;
#4535 = VECTOR ( 'NONE', #1394, 1000.000000000000000 ) ;
#4536 = AXIS2_PLACEMENT_3D ( 'NONE', #5026, #4279, #4664 ) ;
#4537 = VECTOR ( 'NONE', #1795, 1000.000000000000000 ) ;
#4538 = DIRECTION ( 'NONE',  ( 0.000000000000000000, 0.9961946980917461003, -0.08715574274765176821 ) ) ;
#4539 = EDGE_CURVE ( 'NONE', #1551, #2115, #78, .T. ) ;
#4540 = CARTESIAN_POINT ( 'NONE',  ( 0.000000000000000000, 4.049999999999998046, 5.523072258617638397 ) ) ;
#4541 = CARTESIAN_POINT ( 'NONE',  ( 6.200000000000000178, 0.000000000000000000, 0.000000000000000000 ) ) ;
#4542 = EDGE_CURVE ( 'NONE', #1234, #5008, #2824, .T. ) ;
#4543 = ORIENTED_EDGE ( 'NONE', *, *, #2772, .F. ) ;
#4544 = AXIS2_PLACEMENT_3D ( 'NONE', #2439, #4808, #2797 ) ;
#4545 = VERTEX_POINT ( 'NONE', #2471 ) ;
#4546 = VERTEX_POINT ( 'NONE', #470 ) ;
#4547 = CARTESIAN_POINT ( 'NONE',  ( 0.8890000000000000124, 6.349999999999999645, -19.05000000000000426 ) ) ;
#4548 = VERTEX_POINT ( 'NONE', #4053 ) ;
#4549 = CARTESIAN_POINT ( 'NONE',  ( 4.174999999999999822, 24.00000000000000000, -25.00000000000000355 ) ) ;
#4550 = EDGE_CURVE ( 'NONE', #1735, #3531, #2518, .T. ) ;
#4551 = ORIENTED_EDGE ( 'NONE', *, *, #3441, .T. ) ;
#4552 = CYLINDRICAL_SURFACE ( 'NONE', #4034, 2.100000000000000089 ) ;
#4553 = ORIENTED_EDGE ( 'NONE', *, *, #1881, .F. ) ;
#4554 = ORIENTED_EDGE ( 'NONE', *, *, #4335, .T. ) ;
#4555 = DIRECTION ( 'NONE',  ( 0.000000000000000000, -0.000000000000000000, -1.000000000000000000 ) ) ;
#4556 = AXIS2_PLACEMENT_3D ( 'NONE', #458, #2885, #4419 ) ;
#4557 = ORIENTED_EDGE ( 'NONE', *, *, #4305, .T. ) ;
#4558 = FACE_OUTER_BOUND ( 'NONE', #275, .T. ) ;
#4559 = DIRECTION ( 'NONE',  ( 0.000000000000000000, 0.000000000000000000, 1.000000000000000000 ) ) ;
#4560 = VECTOR ( 'NONE', #3427, 1000.000000000000114 ) ;
#4561 = CYLINDRICAL_SURFACE ( 'NONE', #2356, 0.5000000000000000000 ) ;
#4562 = EDGE_CURVE ( 'NONE', #2542, #3458, #5032, .T. ) ;
#4563 = DIRECTION ( 'NONE',  ( 0.000000000000000000, 0.000000000000000000, -1.000000000000000000 ) ) ;
#4564 = CARTESIAN_POINT ( 'NONE',  ( -6.200000000000000178, 1.999999999999999112, -16.07166501894835164 ) ) ;
#4565 = ORIENTED_EDGE ( 'NONE', *, *, #1020, .T. ) ;
#4566 = TOROIDAL_SURFACE ( 'NONE', #2135, 1.554966049364602254, 0.7500000000000000000 ) ;
#4567 = CIRCLE ( 'NONE', #396, 2.100000000000000977 ) ;
#4568 = DIRECTION ( 'NONE',  ( 0.000000000000000000, 8.115498896123167176E-15, -1.000000000000000000 ) ) ;
#4569 = CARTESIAN_POINT ( 'NONE',  ( 0.000000000000000000, -5.389000000000000234, -20.60496604936459875 ) ) ;
#4570 = ORIENTED_EDGE ( 'NONE', *, *, #3684, .T. ) ;
#4571 = ORIENTED_EDGE ( 'NONE', *, *, #2484, .T. ) ;
#4572 = ORIENTED_EDGE ( 'NONE', *, *, #4792, .F. ) ;
#4573 = CARTESIAN_POINT ( 'NONE',  ( 0.000000000000000000, 5.949999999999998401, 6.139000000000000234 ) ) ;
#4574 = ORIENTED_EDGE ( 'NONE', *, *, #1269, .T. ) ;
#4575 = LINE ( 'NONE', #2375, #1630 ) ;
#4576 = VERTEX_POINT ( 'NONE', #3276 ) ;
#4577 = DIRECTION ( 'NONE',  ( -1.000000000000000000, -0.000000000000000000, -0.000000000000000000 ) ) ;
#4578 = ORIENTED_EDGE ( 'NONE', *, *, #3282, .F. ) ;
#4579 = VERTEX_POINT ( 'NONE', #1276 ) ;
#4580 = EDGE_CURVE ( 'NONE', #2795, #30, #945, .T. ) ;
#4581 = ADVANCED_FACE ( 'NONE', ( #3677 ), #1364, .T. ) ;
#4582 = ORIENTED_EDGE ( 'NONE', *, *, #4669, .F. ) ;
#4583 = CARTESIAN_POINT ( 'NONE',  ( 4.174999999999999822, 19.04999999999999716, -9.525000000000002132 ) ) ;
#4584 = DIRECTION ( 'NONE',  ( 0.000000000000000000, -1.000000000000000000, 0.000000000000000000 ) ) ;
#4585 = CARTESIAN_POINT ( 'NONE',  ( -2.182266827280790800, 19.44999999999999929, 5.773579458367408712 ) ) ;
#4586 = ADVANCED_FACE ( 'NONE', ( #4382, #495 ), #3954, .F. ) ;
#4587 = DATE_AND_TIME ( #4660, #48 ) ;
#4588 = DIRECTION ( 'NONE',  ( 0.000000000000000000, 0.000000000000000000, -1.000000000000000000 ) ) ;
#4589 = CARTESIAN_POINT ( 'NONE',  ( 2.081805041010027502, -5.906940355987363667, -6.750000000000001776 ) ) ;
#4590 = ORIENTED_EDGE ( 'NONE', *, *, #1638, .F. ) ;
#4591 = CARTESIAN_POINT ( 'NONE',  ( 0.000000000000000000, 19.04999999999999361, 5.438999999999999169 ) ) ;
#4592 = EDGE_CURVE ( 'NONE', #3514, #2523, #3621, .T. ) ;
#4593 = AXIS2_PLACEMENT_3D ( 'NONE', #3541, #1606, #74 ) ;
#4594 = CARTESIAN_POINT ( 'NONE',  ( 1.000000000000000000, 26.24425540319414907, 0.000000000000000000 ) ) ;
#4595 = DIRECTION ( 'NONE',  ( 0.000000000000000000, 1.000000000000000000, 0.000000000000000000 ) ) ;
#4596 = ORIENTED_EDGE ( 'NONE', *, *, #988, .T. ) ;
#4597 = VERTEX_POINT ( 'NONE', #2030 ) ;
#4598 = DIRECTION ( 'NONE',  ( 0.000000000000000000, 0.000000000000000000, -1.000000000000000000 ) ) ;
#4599 = ORIENTED_EDGE ( 'NONE', *, *, #1825, .F. ) ;
#4600 = DIRECTION ( 'NONE',  ( -1.000000000000000000, -0.000000000000000000, -0.000000000000000000 ) ) ;
#4601 = VERTEX_POINT ( 'NONE', #3572 ) ;
#4602 = CARTESIAN_POINT ( 'NONE',  ( 0.8890000000000000124, 6.349999999999999645, -19.05000000000000426 ) ) ;
#4603 = ORIENTED_EDGE ( 'NONE', *, *, #4471, .F. ) ;
#4604 = CARTESIAN_POINT ( 'NONE',  ( 0.000000000000000000, -5.523072258617638397, -6.350000000000001421 ) ) ;
#4605 = EDGE_CURVE ( 'NONE', #4548, #648, #1689, .T. ) ;
#4606 = CARTESIAN_POINT ( 'NONE',  ( 2.083236664664702698, -5.905597390643909428, -18.64999999999999147 ) ) ;
#4607 = FACE_OUTER_BOUND ( 'NONE', #4098, .T. ) ;
#4608 = DIRECTION ( 'NONE',  ( 0.000000000000000000, 0.000000000000000000, -1.000000000000000000 ) ) ;
#4609 = VECTOR ( 'NONE', #844, 1000.000000000000000 ) ;
#4610 = EDGE_CURVE ( 'NONE', #2833, #2378, #1449, .T. ) ;
#4611 = VECTOR ( 'NONE', #3826, 1000.000000000000000 ) ;
#4612 = EDGE_LOOP ( 'NONE', ( #3887, #1466, #2572, #3581 ) ) ;
#4613 = VECTOR ( 'NONE', #2940, 1000.000000000000000 ) ;
#4614 = CARTESIAN_POINT ( 'NONE',  ( -2.129368205736811070, -5.466985055468135180, -19.44999999999999929 ) ) ;
#4615 = LINE ( 'NONE', #2694, #3251 ) ;
#4616 = VECTOR ( 'NONE', #3941, 1000.000000000000114 ) ;
#4617 = CARTESIAN_POINT ( 'NONE',  ( 0.8890000000000000124, 6.349999999999999645, -3.175000000000003819 ) ) ;
#4618 = CARTESIAN_POINT ( 'NONE',  ( -2.232710535457612888, 19.44999999999999574, 5.620762745781209269 ) ) ;
#4619 = EDGE_CURVE ( 'NONE', #1259, #655, #3325, .T. ) ;
#4620 = ORIENTED_EDGE ( 'NONE', *, *, #4482, .F. ) ;
#4621 = AXIS2_PLACEMENT_3D ( 'NONE', #3999, #487, #2485 ) ;
#4622 = AXIS2_PLACEMENT_3D ( 'NONE', #2075, #2872, #541 ) ;
#4623 = VERTEX_POINT ( 'NONE', #650 ) ;
#4624 = CARTESIAN_POINT ( 'NONE',  ( 4.174999999999999822, 2.000000000000000000, -24.00000000000000355 ) ) ;
#4625 = ORIENTED_EDGE ( 'NONE', *, *, #1679, .F. ) ;
#4626 = DIRECTION ( 'NONE',  ( 0.000000000000000000, 2.297646988048747938E-16, -1.000000000000000000 ) ) ;
#4627 = ORIENTED_EDGE ( 'NONE', *, *, #790, .T. ) ;
#4628 = CARTESIAN_POINT ( 'NONE',  ( 0.000000000000000000, 0.000000000000000000, -22.22499999999999787 ) ) ;
#4629 = EDGE_LOOP ( 'NONE', ( #1354, #1862, #2899, #119 ) ) ;
#4630 = B_SPLINE_CURVE_WITH_KNOTS ( 'NONE', 3,
 ( #2700, #2348, #4312, #3530 ),
 .UNSPECIFIED., .F., .F.,
 ( 4, 4 ),
 ( 0.002832913685900425270, 0.002935786532568636018 ),
 .UNSPECIFIED. ) ;
#4631 = CARTESIAN_POINT ( 'NONE',  ( -3.888253587292846081E-16, 15.87499999999999289, 0.000000000000000000 ) ) ;
#4632 = CARTESIAN_POINT ( 'NONE',  ( 0.000000000000000000, 19.04999999999999361, 5.439000000000000945 ) ) ;
#4633 = CARTESIAN_POINT ( 'NONE',  ( 0.000000000000000000, 6.349999999999997868, 0.000000000000000000 ) ) ;
#4634 = ADVANCED_FACE ( 'NONE', ( #4102 ), #2994, .T. ) ;
#4635 = EDGE_CURVE ( 'NONE', #3952, #4372, #1455, .T. ) ;
#4636 = VECTOR ( 'NONE', #110, 1000.000000000000000 ) ;
#4637 = LINE ( 'NONE', #3852, #507 ) ;
#4638 = DIRECTION ( 'NONE',  ( 0.000000000000000000, 0.000000000000000000, -1.000000000000000000 ) ) ;
#4639 = ORIENTED_EDGE ( 'NONE', *, *, #873, .T. ) ;
#4640 = FACE_OUTER_BOUND ( 'NONE', #1465, .T. ) ;
#4641 = CARTESIAN_POINT ( 'NONE',  ( 2.021666578221208432, 18.47651368875630595, 3.457121909598157128 ) ) ;
#4642 = EDGE_CURVE ( 'NONE', #998, #4754, #1358, .T. ) ;
#4643 = CARTESIAN_POINT ( 'NONE',  ( 2.571758278209441957E-16, -5.438999999999999169, -8.450000000000002842 ) ) ;
#4644 = DIRECTION ( 'NONE',  ( 0.000000000000000000, 8.115498896123167176E-15, 1.000000000000000000 ) ) ;
#4645 = AXIS2_PLACEMENT_3D ( 'NONE', #614, #4963, #2965 ) ;
#4646 = ORIENTED_EDGE ( 'NONE', *, *, #3372, .T. ) ;
#4647 = CARTESIAN_POINT ( 'NONE',  ( 1.972483239316684234, -5.138999999999997570, -7.070631577586468985 ) ) ;
#4648 = VECTOR ( 'NONE', #1406, 1000.000000000000000 ) ;
#4649 = EDGE_CURVE ( 'NONE', #496, #2328, #4081, .T. ) ;
#4650 = ORIENTED_EDGE ( 'NONE', *, *, #3043, .F. ) ;
#4651 = ORIENTED_EDGE ( 'NONE', *, *, #1717, .T. ) ;
#4652 = CARTESIAN_POINT ( 'NONE',  ( 5.460999999999999410, 6.349999999999999645, -6.350000000000003197 ) ) ;
#4653 = ORIENTED_EDGE ( 'NONE', *, *, #2814, .T. ) ;
#4654 = CARTESIAN_POINT ( 'NONE',  ( 0.8890000000000000124, 6.349999999999999645, -21.15000000000000568 ) ) ;
#4655 = EDGE_CURVE ( 'NONE', #3818, #1592, #3407, .T. ) ;
#4656 = ORIENTED_EDGE ( 'NONE', *, *, #3518, .T. ) ;
#4657 = DIRECTION ( 'NONE',  ( 1.000000000000000000, 0.000000000000000000, 0.000000000000000000 ) ) ;
#4658 = FACE_OUTER_BOUND ( 'NONE', #3933, .T. ) ;
#4659 = CARTESIAN_POINT ( 'NONE',  ( -6.349999999999999645, 12.69999999999999929, -25.00100000000000477 ) ) ;
#4660 = CALENDAR_DATE ( 2022, 6, 6 ) ;
#4661 = CYLINDRICAL_SURFACE ( 'NONE', #5017, 3.175000000000000711 ) ;
#4662 = ORIENTED_EDGE ( 'NONE', *, *, #4231, .F. ) ;
#4663 = FACE_OUTER_BOUND ( 'NONE', #1755, .T. ) ;
#4664 = DIRECTION ( 'NONE',  ( 0.000000000000000000, 1.000000000000000000, 0.000000000000000000 ) ) ;
#4665 = CARTESIAN_POINT ( 'NONE',  ( 0.000000000000000000, -5.438999999999999169, -6.350000000000001421 ) ) ;
#4666 = CARTESIAN_POINT ( 'NONE',  ( 2.571758278209440971E-16, -0.8890000000000009006, -21.14999999999999858 ) ) ;
#4667 = ORIENTED_EDGE ( 'NONE', *, *, #382, .T. ) ;
#4668 = ADVANCED_FACE ( 'NONE', ( #4481 ), #590, .T. ) ;
#4669 = EDGE_CURVE ( 'NONE', #4457, #4111, #1614, .T. ) ;
#4670 = CIRCLE ( 'NONE', #2491, 2.100000000000000977 ) ;
#4671 = EDGE_LOOP ( 'NONE', ( #3722, #2934, #2009, #1618 ) ) ;
#4672 = ORIENTED_EDGE ( 'NONE', *, *, #2517, .T. ) ;
#4673 = LINE ( 'NONE', #1622, #2721 ) ;
#4674 = ORIENTED_EDGE ( 'NONE', *, *, #155, .F. ) ;
#4675 = PLANE ( 'NONE',  #2918 ) ;
#4676 = ORIENTED_EDGE ( 'NONE', *, *, #4669, .T. ) ;
#4677 = CARTESIAN_POINT ( 'NONE',  ( 0.8890000000000000124, 19.04999999999999716, -3.175000000000000266 ) ) ;
#4678 = PLANE ( 'NONE',  #4391 ) ;
#4679 = DATE_AND_TIME ( #357, #1120 ) ;
#4680 = DIRECTION ( 'NONE',  ( 0.000000000000000000, 1.000000000000000000, 0.000000000000000000 ) ) ;
#4681 = ORIENTED_EDGE ( 'NONE', *, *, #1081, .F. ) ;
#4682 = DIRECTION ( 'NONE',  ( 0.000000000000000000, 0.000000000000000000, 1.000000000000000000 ) ) ;
#4683 = CIRCLE ( 'NONE', #1682, 5.049999999999995381 ) ;
#4684 = FACE_OUTER_BOUND ( 'NONE', #4386, .T. ) ;
#4685 = DIRECTION ( 'NONE',  ( -1.000000000000000000, 0.000000000000000000, 0.000000000000000000 ) ) ;
#4686 = CONICAL_SURFACE ( 'NONE', #1430, 2.299999999999999822, 0.3141592653589760364 ) ;
#4687 = VECTOR ( 'NONE', #4758, 1000.000000000000000 ) ;
#4688 = DIRECTION ( 'NONE',  ( 0.000000000000000000, 1.000000000000000000, 0.000000000000000000 ) ) ;
#4690 = CIRCLE ( 'NONE', #44, 2.100000000000000977 ) ;
#4689 = DIRECTION ( 'NONE',  ( 0.000000000000000000, 0.000000000000000000, 1.000000000000000000 ) ) ;
#4691 = ORIENTED_EDGE ( 'NONE', *, *, #2092, .F. ) ;
#4692 = CARTESIAN_POINT ( 'NONE',  ( -6.349999999999999645, 12.69999999999999929, -25.00100000000000477 ) ) ;
#4693 = AXIS2_PLACEMENT_3D ( 'NONE', #3716, #201, #1790 ) ;
#4694 = AXIS2_PLACEMENT_3D ( 'NONE', #4117, #715, #1002 ) ;
#4695 = CARTESIAN_POINT ( 'NONE',  ( 0.000000000000000000, 0.000000000000000000, -6.350000000000001421 ) ) ;
#4696 = DIRECTION ( 'NONE',  ( -1.000000000000000000, -0.000000000000000000, -0.000000000000000000 ) ) ;
#4697 = ORIENTED_EDGE ( 'NONE', *, *, #930, .F. ) ;
#4698 = DIRECTION ( 'NONE',  ( 0.000000000000000000, 0.000000000000000000, -1.000000000000000000 ) ) ;
#4699 = CIRCLE ( 'NONE', #3169, 3.175000000000000711 ) ;
#4700 = ORIENTED_EDGE ( 'NONE', *, *, #1881, .T. ) ;
#4701 = LINE ( 'NONE', #4628, #121 ) ;
#4702 = AXIS2_PLACEMENT_3D ( 'NONE', #1799, #4132, #2157 ) ;
#4703 = EDGE_CURVE ( 'NONE', #5008, #5006, #4325, .T. ) ;
#4704 = AXIS2_PLACEMENT_3D ( 'NONE', #881, #1247, #3932 ) ;
#4705 = ORIENTED_EDGE ( 'NONE', *, *, #394, .F. ) ;
#4706 = CARTESIAN_POINT ( 'NONE',  ( 2.042738866564660416, 19.53717986391387740, 2.470634702552896744 ) ) ;
#4707 = LINE ( 'NONE', #4321, #142 ) ;
#4708 = AXIS2_PLACEMENT_3D ( 'NONE', #540, #953, #2176 ) ;
#4709 = VECTOR ( 'NONE', #3248, 1000.000000000000000 ) ;
#4710 = EDGE_CURVE ( 'NONE', #1316, #2704, #2972, .T. ) ;
#4711 = FACE_OUTER_BOUND ( 'NONE', #4109, .T. ) ;
#4712 = ORIENTED_EDGE ( 'NONE', *, *, #2017, .F. ) ;
#4713 = DIRECTION ( 'NONE',  ( -0.000000000000000000, 1.000000000000000000, 0.000000000000000000 ) ) ;
#4714 = FACE_OUTER_BOUND ( 'NONE', #3415, .T. ) ;
#4715 = AXIS2_PLACEMENT_3D ( 'NONE', #3106, #1154, #3054 ) ;
#4716 = ADVANCED_FACE ( 'NONE', ( #4508 ), #3487, .T. ) ;
#4717 = CARTESIAN_POINT ( 'NONE',  ( -2.057911970479199493, 6.778281967881769177, 2.353224001008316524 ) ) ;
#4718 = DIRECTION ( 'NONE',  ( 0.000000000000000000, 1.000000000000000000, 0.000000000000000000 ) ) ;
#4719 = VERTEX_POINT ( 'NONE', #1426 ) ;
#4720 = VECTOR ( 'NONE', #4977, 1000.000000000000227 ) ;
#4721 = CARTESIAN_POINT ( 'NONE',  ( 4.174999999999999822, 24.00000000000000000, -2.000000000000000000 ) ) ;
#4722 = AXIS2_PLACEMENT_3D ( 'NONE', #3207, #1162, #524 ) ;
#4723 = DIRECTION ( 'NONE',  ( 0.7071067811865474617, 0.7071067811865474617, 0.000000000000000000 ) ) ;
#4724 = CARTESIAN_POINT ( 'NONE',  ( 6.199999999999997513, 18.95000000000000284, -11.40000000000000036 ) ) ;
#4725 = ORIENTED_EDGE ( 'NONE', *, *, #3355, .F. ) ;
#4726 = CARTESIAN_POINT ( 'NONE',  ( 2.061552812808832069, -5.139000000000000234, -19.44999999999999929 ) ) ;
#4727 = EDGE_LOOP ( 'NONE', ( #494, #4651, #133, #855, #562, #432, #4697, #4341, #3403, #3520 ) ) ;
#4728 = ORIENTED_EDGE ( 'NONE', *, *, #4942, .F. ) ;
#4729 = EDGE_CURVE ( 'NONE', #4468, #3028, #2725, .T. ) ;
#4730 = AXIS2_PLACEMENT_3D ( 'NONE', #652, #627, #1429 ) ;
#4731 = CARTESIAN_POINT ( 'NONE',  ( 0.8890000000000000124, 6.349999999999999645, -19.05000000000000426 ) ) ;
#4732 = ORIENTED_EDGE ( 'NONE', *, *, #19, .T. ) ;
#4733 = CARTESIAN_POINT ( 'NONE',  ( 4.174999999999999822, 1.999999999999997335, -1.999999999999998224 ) ) ;
#4734 = DIRECTION ( 'NONE',  ( 0.000000000000000000, 0.000000000000000000, 1.000000000000000000 ) ) ;
#4735 = ADVANCED_FACE ( 'NONE', ( #1071 ), #2213, .F. ) ;
#4736 = EDGE_CURVE ( 'NONE', #2007, #1316, #2025, .T. ) ;
#4737 = LINE ( 'NONE', #899, #4609 ) ;
#4738 = ORIENTED_EDGE ( 'NONE', *, *, #1344, .T. ) ;
#4739 = CARTESIAN_POINT ( 'NONE',  ( 0.000000000000000000, 16.94999999999999218, 0.8890000000000000124 ) ) ;
#4740 = DIRECTION ( 'NONE',  ( 0.000000000000000000, 1.000000000000000000, 0.000000000000000000 ) ) ;
#4741 = B_SPLINE_CURVE_WITH_KNOTS ( 'NONE', 3,
 ( #4225, #256, #3390, #4965 ),
 .UNSPECIFIED., .F., .F.,
 ( 4, 4 ),
 ( 0.003029541235337106318, 0.003249628748158704759 ),
 .UNSPECIFIED. ) ;
#4742 = DIRECTION ( 'NONE',  ( 0.000000000000000000, 0.000000000000000000, 1.000000000000000000 ) ) ;
#4743 = DIRECTION ( 'NONE',  ( 0.000000000000000000, 1.000000000000000000, 0.000000000000000000 ) ) ;
#4744 = EDGE_LOOP ( 'NONE', ( #2573, #499, #1142, #191, #3009, #2701, #2604, #4157 ) ) ;
#4745 = EDGE_CURVE ( 'NONE', #1549, #3766, #1376, .T. ) ;
#4746 = DIRECTION ( 'NONE',  ( 0.000000000000000000, 0.000000000000000000, 1.000000000000000000 ) ) ;
#4747 = ORIENTED_EDGE ( 'NONE', *, *, #4489, .F. ) ;
#4748 = CARTESIAN_POINT ( 'NONE',  ( 0.000000000000000000, 22.22499999999999432, 0.000000000000000000 ) ) ;
#4749 = FACE_OUTER_BOUND ( 'NONE', #906, .T. ) ;
#4750 = ORIENTED_EDGE ( 'NONE', *, *, #3906, .T. ) ;
#4751 = DIRECTION ( 'NONE',  ( 0.000000000000000000, 0.000000000000000000, -1.000000000000000000 ) ) ;
#4752 = ORIENTED_EDGE ( 'NONE', *, *, #1179, .F. ) ;
#4753 = DIRECTION ( 'NONE',  ( 0.000000000000000000, -1.000000000000000000, -0.000000000000000000 ) ) ;
#4754 = VERTEX_POINT ( 'NONE', #987 ) ;
#4755 = CARTESIAN_POINT ( 'NONE',  ( 2.087439085565598429, 19.29709174788198212, 2.187221323398955253 ) ) ;
#4756 = LINE ( 'NONE', #1629, #1714 ) ;
#4757 = ADVANCED_FACE ( 'NONE', ( #206 ), #865, .T. ) ;
#4758 = DIRECTION ( 'NONE',  ( 0.000000000000000000, -1.000000000000000000, 0.000000000000000000 ) ) ;
#4759 = EDGE_CURVE ( 'NONE', #271, #2055, #3816, .T. ) ;
#4760 = ORIENTED_EDGE ( 'NONE', *, *, #613, .F. ) ;
#4761 = PLANE ( 'NONE',  #3455 ) ;
#4762 = DIRECTION ( 'NONE',  ( -0.000000000000000000, 1.000000000000000000, 0.000000000000000000 ) ) ;
#4763 = CARTESIAN_POINT ( 'NONE',  ( 2.232710535457612888, 5.949999999999998401, 5.620762745781209269 ) ) ;
#4764 = FACE_OUTER_BOUND ( 'NONE', #1605, .T. ) ;
#4765 = ORIENTED_EDGE ( 'NONE', *, *, #2860, .T. ) ;
#4766 = DIRECTION ( 'NONE',  ( 0.000000000000000000, 0.000000000000000000, 1.000000000000000000 ) ) ;
#4767 = ADVANCED_FACE ( 'NONE', ( #319 ), #2718, .F. ) ;
#4768 = PLANE ( 'NONE',  #3477 ) ;
#4769 = CARTESIAN_POINT ( 'NONE',  ( 2.243459280444427772, 18.64999999999999147, 5.588199955838117461 ) ) ;
#4770 = FACE_OUTER_BOUND ( 'NONE', #4823, .T. ) ;
#4771 = EDGE_LOOP ( 'NONE', ( #2800, #3988, #839, #3610, #1512, #662 ) ) ;
#4772 = CARTESIAN_POINT ( 'NONE',  ( 2.174999999999999822, 11.40000000000000391, -25.00000000000000355 ) ) ;
#4773 = AXIS2_PLACEMENT_3D ( 'NONE', #1263, #2435, #4371 ) ;
#4774 = ORIENTED_EDGE ( 'NONE', *, *, #4177, .T. ) ;
#4775 = AXIS2_PLACEMENT_3D ( 'NONE', #1980, #3120, #3474 ) ;
#4776 = EDGE_CURVE ( 'NONE', #316, #1313, #390, .T. ) ;
#4777 = ORIENTED_EDGE ( 'NONE', *, *, #4379, .T. ) ;
#4778 = CARTESIAN_POINT ( 'NONE',  ( 0.8890000000000000124, 19.04999999999999716, -6.350000000000001421 ) ) ;
#4779 = VECTOR ( 'NONE', #5010, 1000.000000000000000 ) ;
#4780 = DIRECTION ( 'NONE',  ( 0.000000000000000000, 1.000000000000000000, 0.000000000000000000 ) ) ;
#4781 = ORIENTED_EDGE ( 'NONE', *, *, #830, .F. ) ;
#4782 = VECTOR ( 'NONE', #3856, 1000.000000000000000 ) ;
#4783 = VECTOR ( 'NONE', #2294, 1000.000000000000000 ) ;
#4784 = CARTESIAN_POINT ( 'NONE',  ( 5.460999999999999410, 19.04999999999999716, -3.175000000000000266 ) ) ;
#4785 = LINE ( 'NONE', #3199, #361 ) ;
#4786 = EDGE_CURVE ( 'NONE', #1561, #1234, #970, .T. ) ;
#4787 = CARTESIAN_POINT ( 'NONE',  ( 2.040073290564206943, -2.595422128626172054, -6.848097349045874971 ) ) ;
#4788 = DIRECTION ( 'NONE',  ( 0.000000000000000000, 0.000000000000000000, 1.000000000000000000 ) ) ;
#4789 = PLANE ( 'NONE',  #3802 ) ;
#4790 = ORIENTED_EDGE ( 'NONE', *, *, #3637, .T. ) ;
#4791 = VECTOR ( 'NONE', #3761, 1000.000000000000000 ) ;
#4792 = EDGE_CURVE ( 'NONE', #3964, #1510, #4447, .T. ) ;
#4793 = CARTESIAN_POINT ( 'NONE',  ( 0.000000000000000000, 16.95012705463136626, 6.139000000000000234 ) ) ;
#4794 = VECTOR ( 'NONE', #3857, 1000.000000000000000 ) ;
#4795 = CARTESIAN_POINT ( 'NONE',  ( -2.264950330581225746, -5.523072258617638397, -6.750000000000000888 ) ) ;
#4796 = CARTESIAN_POINT ( 'NONE',  ( 2.040073290564206943, -2.595422128626172054, -6.848097349045874971 ) ) ;
#4797 = EDGE_LOOP ( 'NONE', ( #2248, #343, #3704, #5065 ) ) ;
#4798 = CARTESIAN_POINT ( 'NONE',  ( 1.972483239316684234, 7.070631577586465433, 5.138999999999997570 ) ) ;
#4799 = ORIENTED_EDGE ( 'NONE', *, *, #3636, .F. ) ;
#4800 = ORIENTED_EDGE ( 'NONE', *, *, #2902, .T. ) ;
#4801 = EDGE_CURVE ( 'NONE', #2323, #1627, #804, .T. ) ;
#4802 = VERTEX_POINT ( 'NONE', #3543 ) ;
#4803 = CARTESIAN_POINT ( 'NONE',  ( 5.460999999999999410, 6.349999999999999645, -4.250000000000001776 ) ) ;
#4804 = CARTESIAN_POINT ( 'NONE',  ( 0.1999999999999996503, 12.40000000000000391, -12.40000000000000213 ) ) ;
#4805 = CIRCLE ( 'NONE', #4395, 2.299999999999999822 ) ;
#4806 = DIRECTION ( 'NONE',  ( -1.000000000000000000, -0.000000000000000000, -0.000000000000000000 ) ) ;
#4807 = DIRECTION ( 'NONE',  ( 0.000000000000000000, 1.000000000000000000, 0.000000000000000000 ) ) ;
#4808 = DIRECTION ( 'NONE',  ( 0.000000000000000000, 0.000000000000000000, 1.000000000000000000 ) ) ;
#4809 = DIRECTION ( 'NONE',  ( 0.000000000000000000, 0.000000000000000000, -1.000000000000000000 ) ) ;
#4810 = PLANE ( 'NONE',  #2197 ) ;
#4811 = B_SPLINE_CURVE_WITH_KNOTS ( 'NONE', 3,
 ( #1529, #2741, #1166, #771, #2362, #3093 ),
 .UNSPECIFIED., .F., .F.,
 ( 4, 2, 4 ),
 ( 0.000000000000000000, 0.0004757001404452624780, 0.0009514002808905249560 ),
 .UNSPECIFIED. ) ;
#4812 = DIRECTION ( 'NONE',  ( 0.000000000000000000, 1.000000000000000000, 0.000000000000000000 ) ) ;
#4813 =( BOUNDED_CURVE ( )  B_SPLINE_CURVE ( 3, ( #4905, #1416, #639, #250 ),
 .UNSPECIFIED., .F., .T. ) 
 B_SPLINE_CURVE_WITH_KNOTS ( ( 4, 4 ),
 ( 4.362112093716119077, 4.472917508490047211 ),
 .UNSPECIFIED. ) 
 CURVE ( )  GEOMETRIC_REPRESENTATION_ITEM ( )  RATIONAL_B_SPLINE_CURVE ( ( 1.000000000000000000, 0.9989771083553060649, 0.9989771083553060649, 1.000000000000000000 ) ) 
 REPRESENTATION_ITEM ( '' )  );
#4814 = DIRECTION ( 'NONE',  ( 0.000000000000000000, 0.9961946980917461003, -0.08715574274765176821 ) ) ;
#4815 = EDGE_CURVE ( 'NONE', #210, #4095, #3099, .T. ) ;
#4816 = CARTESIAN_POINT ( 'NONE',  ( -6.349999999999999645, 2.000000000000001776, -12.69999999999999929 ) ) ;
#4817 = FACE_BOUND ( 'NONE', #528, .T. ) ;
#4818 = ADVANCED_FACE ( 'NONE', ( #3908 ), #2342, .T. ) ;
#4819 = ORIENTED_EDGE ( 'NONE', *, *, #2596, .T. ) ;
#4820 = ORIENTED_EDGE ( 'NONE', *, *, #1311, .F. ) ;
#4821 = ORIENTED_EDGE ( 'NONE', *, *, #2945, .T. ) ;
#4822 = LINE ( 'NONE', #1288, #2519 ) ;
#4823 = EDGE_LOOP ( 'NONE', ( #1479, #2476, #400, #1132 ) ) ;
#4824 = CARTESIAN_POINT ( 'NONE',  ( 0.1999999999999996503, 2.000000000000000000, -25.00000000000000355 ) ) ;
#4825 = CARTESIAN_POINT ( 'NONE',  ( 0.1999999999999996503, 6.350000000000005862, -18.95000000000001350 ) ) ;
#4826 = CARTESIAN_POINT ( 'NONE',  ( 6.200000000000000178, 0.000000000000000000, 0.000000000000000000 ) ) ;
#4827 = ORIENTED_EDGE ( 'NONE', *, *, #2724, .T. ) ;
#4828 = EDGE_CURVE ( 'NONE', #4924, #2866, #2319, .T. ) ;
#4829 = CARTESIAN_POINT ( 'NONE',  ( 1.663442899047754553, 5.950000000000000178, 6.139000000000000234 ) ) ;
#4830 = DIRECTION ( 'NONE',  ( 0.000000000000000000, 1.000000000000000000, 0.000000000000000000 ) ) ;
#4831 = LINE ( 'NONE', #2917, #752 ) ;
#4832 = DIRECTION ( 'NONE',  ( -0.000000000000000000, 0.000000000000000000, -1.000000000000000000 ) ) ;
#4833 = ORIENTED_EDGE ( 'NONE', *, *, #4026, .T. ) ;
#4834 = CARTESIAN_POINT ( 'NONE',  ( 2.571758278209440971E-16, -0.8890000000000009006, -8.450000000000002842 ) ) ;
#4835 = CARTESIAN_POINT ( 'NONE',  ( 2.042738830444500220, 5.862819988147615291, 2.470636393497686267 ) ) ;
#4836 = DIRECTION ( 'NONE',  ( -0.000000000000000000, 1.000000000000000000, 1.131341397376178325E-16 ) ) ;
#4837 = FACE_BOUND ( 'NONE', #1672, .T. ) ;
#4838 = EDGE_LOOP ( 'NONE', ( #964, #4819, #328, #3306, #1006, #792 ) ) ;
#4839 = ORIENTED_EDGE ( 'NONE', *, *, #1777, .F. ) ;
#4840 = ORIENTED_EDGE ( 'NONE', *, *, #3913, .F. ) ;
#4841 = TOROIDAL_SURFACE ( 'NONE', #1845, 1.554966049364602254, 0.7500000000000000000 ) ;
#4842 = LINE ( 'NONE', #554, #3484 ) ;
#4843 = EDGE_CURVE ( 'NONE', #2340, #2346, #1584, .T. ) ;
#4844 = ADVANCED_FACE ( 'NONE', ( #2770 ), #1038, .T. ) ;
#4845 = VERTEX_POINT ( 'NONE', #3930 ) ;
#4846 = PLANE ( 'NONE',  #1049 ) ;
#4847 = AXIS2_PLACEMENT_3D ( 'NONE', #2708, #1599, #1161 ) ;
#4848 = CIRCLE ( 'NONE', #696, 2.299999999999999822 ) ;
#4849 = VERTEX_POINT ( 'NONE', #413 ) ;
#4850 = CARTESIAN_POINT ( 'NONE',  ( 0.000000000000000000, -0.8890000000000009006, -19.04999999999999716 ) ) ;
#4851 = VECTOR ( 'NONE', #977, 1000.000000000000000 ) ;
#4852 = ORIENTED_EDGE ( 'NONE', *, *, #4171, .T. ) ;
#4853 = AXIS2_PLACEMENT_3D ( 'NONE', #2383, #5068, #3870 ) ;
#4854 = EDGE_CURVE ( 'NONE', #4336, #3820, #270, .T. ) ;
#4855 = DIRECTION ( 'NONE',  ( 0.000000000000000000, 2.297646988048747938E-16, -1.000000000000000000 ) ) ;
#4856 = AXIS2_PLACEMENT_3D ( 'NONE', #2234, #1865, #1993 ) ;
#4857 = CIRCLE ( 'NONE', #2107, 2.299999999999999822 ) ;
#4858 = ORIENTED_EDGE ( 'NONE', *, *, #3147, .T. ) ;
#4859 = CYLINDRICAL_SURFACE ( 'NONE', #4361, 3.175000000000000711 ) ;
#4860 = DIRECTION ( 'NONE',  ( -1.000000000000000000, -0.000000000000000000, -0.000000000000000000 ) ) ;
#4861 = VERTEX_POINT ( 'NONE', #3069 ) ;
#4862 = EDGE_CURVE ( 'NONE', #2346, #4187, #4615, .T. ) ;
#4863 = CARTESIAN_POINT ( 'NONE',  ( 5.460999999999999410, 6.349999999999999645, -3.175000000000003819 ) ) ;
#4864 = CIRCLE ( 'NONE', #782, 2.268258436585967264 ) ;
#4865 = CARTESIAN_POINT ( 'NONE',  ( -2.254205848354697839, -5.555636450100673862, -5.950000000000001954 ) ) ;
#4866 = DIRECTION ( 'NONE',  ( 0.000000000000000000, 0.000000000000000000, 1.000000000000000000 ) ) ;
#4867 = ORIENTED_EDGE ( 'NONE', *, *, #491, .T. ) ;
#4868 = EDGE_CURVE ( 'NONE', #30, #4845, #3895, .T. ) ;
#4869 = DIRECTION ( 'NONE',  ( 0.000000000000000000, 0.000000000000000000, -1.000000000000000000 ) ) ;
#4870 = LINE ( 'NONE', #1016, #517 ) ;
#4871 = PLANE ( 'NONE',  #2786 ) ;
#4872 = CARTESIAN_POINT ( 'NONE',  ( 6.199999999999997513, 12.40000000000000568, -18.95000000000001350 ) ) ;
#4873 = ORIENTED_EDGE ( 'NONE', *, *, #3288, .F. ) ;
#4874 = ORIENTED_EDGE ( 'NONE', *, *, #2801, .T. ) ;
#4875 = DIRECTION ( 'NONE',  ( 1.000000000000000000, 0.000000000000000000, 0.000000000000000000 ) ) ;
#4876 = CIRCLE ( 'NONE', #2124, 6.049999999999999822 ) ;
#4877 = ORIENTED_EDGE ( 'NONE', *, *, #1711, .F. ) ;
#4878 = CARTESIAN_POINT ( 'NONE',  ( -2.087434397081524118, -2.187282604411544096, -6.102927621666930591 ) ) ;
#4879 = ORIENTED_EDGE ( 'NONE', *, *, #4188, .T. ) ;
#4880 = CARTESIAN_POINT ( 'NONE',  ( 0.1999999999999996503, 25.00000000000000000, -2.000000000000000000 ) ) ;
#4881 = ORIENTED_EDGE ( 'NONE', *, *, #3350, .T. ) ;
#4882 = B_SPLINE_CURVE_WITH_KNOTS ( 'NONE', 3,
 ( #2896, #4103, #3678, #2973 ),
 .UNSPECIFIED., .F., .F.,
 ( 4, 4 ),
 ( 0.007647354141962971197, 0.007869202712918552806 ),
 .UNSPECIFIED. ) ;
#4883 = CARTESIAN_POINT ( 'NONE',  ( 5.460999999999999410, 6.349999999999999645, -8.450000000000004619 ) ) ;
#4884 = CARTESIAN_POINT ( 'NONE',  ( 2.174999999999999822, 19.04999999999999716, -6.350000000000001421 ) ) ;
#4885 = VERTEX_POINT ( 'NONE', #4763 ) ;
#4886 = DIRECTION ( 'NONE',  ( 1.000000000000000000, 0.000000000000000000, 0.000000000000000000 ) ) ;
#4887 = TOROIDAL_SURFACE ( 'NONE', #2705, 1.554966049364602254, 0.7500000000000000000 ) ;
#4888 = EDGE_CURVE ( 'NONE', #2115, #2903, #1202, .T. ) ;
#4889 = CARTESIAN_POINT ( 'NONE',  ( 0.000000000000000000, -6.139000000000000234, -18.64999999999999858 ) ) ;
#4890 = EDGE_CURVE ( 'NONE', #3219, #527, #451, .T. ) ;
#4891 = VECTOR ( 'NONE', #2598, 1000.000000000000000 ) ;
#4892 = DIRECTION ( 'NONE',  ( 0.000000000000000000, 0.000000000000000000, 1.000000000000000000 ) ) ;
#4893 = PLANE ( 'NONE',  #617 ) ;
#4894 = CARTESIAN_POINT ( 'NONE',  ( -6.200000000000000178, 2.000000000000000000, -25.00000000000000355 ) ) ;
#4895 = CARTESIAN_POINT ( 'NONE',  ( 4.174999999999999822, 19.04999999999999716, -4.250000000000000000 ) ) ;
#4896 = EDGE_CURVE ( 'NONE', #525, #1433, #4375, .T. ) ;
#4897 = ORIENTED_EDGE ( 'NONE', *, *, #510, .F. ) ;
#4898 = ORIENTED_EDGE ( 'NONE', *, *, #3560, .T. ) ;
#4899 = CARTESIAN_POINT ( 'NONE',  ( 1.502637486114517751, -6.139000000000000234, -5.950000000000001954 ) ) ;
#4900 = CARTESIAN_POINT ( 'NONE',  ( -2.042738830444500220, -2.470636393497686267, -5.862819988147619732 ) ) ;
#4901 = ORIENTED_EDGE ( 'NONE', *, *, #1239, .F. ) ;
#4902 = CARTESIAN_POINT ( 'NONE',  ( 0.1999999999999996503, 24.00000000000000000, -6.349999999999999645 ) ) ;
#4903 = ORIENTED_EDGE ( 'NONE', *, *, #4141, .T. ) ;
#4904 = EDGE_LOOP ( 'NONE', ( #4920, #1157, #1249, #1704 ) ) ;
#4905 = CARTESIAN_POINT ( 'NONE',  ( 1.972483239316685122, -5.138999999999997570, -18.32936842241353403 ) ) ;
#4906 = ORIENTED_EDGE ( 'NONE', *, *, #3969, .F. ) ;
#4907 = DIRECTION ( 'NONE',  ( 1.734723475976806503E-15, 1.000000000000000000, -1.734723475976807292E-15 ) ) ;
#4908 = FACE_OUTER_BOUND ( 'NONE', #3481, .T. ) ;
#4909 = DIRECTION ( 'NONE',  ( -0.000000000000000000, -1.000000000000000000, -0.000000000000000000 ) ) ;
#4910 = EDGE_CURVE ( 'NONE', #3186, #3078, #3594, .T. ) ;
#4911 = EDGE_CURVE ( 'NONE', #2167, #4601, #3970, .T. ) ;
#4912 = CARTESIAN_POINT ( 'NONE',  ( 2.061552812808830737, 5.949999999999998401, 5.138999999999999346 ) ) ;
#4913 = CARTESIAN_POINT ( 'NONE',  ( -2.232710535457612888, -5.620762745781209269, -18.64999999999999858 ) ) ;
#4914 = CIRCLE ( 'NONE', #4265, 1.554966049364600700 ) ;
#4915 = CARTESIAN_POINT ( 'NONE',  ( 0.1999999999999996503, 24.00000000000000000, -2.000000000000000000 ) ) ;
#4916 = FACE_OUTER_BOUND ( 'NONE', #1287, .T. ) ;
#4917 = DIRECTION ( 'NONE',  ( 0.000000000000000000, 1.000000000000000000, 0.000000000000000000 ) ) ;
#4918 = LINE ( 'NONE', #2160, #894 ) ;
#4919 = ORIENTED_EDGE ( 'NONE', *, *, #3659, .F. ) ;
#4920 = ORIENTED_EDGE ( 'NONE', *, *, #582, .F. ) ;
#4921 = DIRECTION ( 'NONE',  ( -1.000000000000000000, 0.000000000000000000, 0.000000000000000000 ) ) ;
#4922 = VERTEX_POINT ( 'NONE', #4403 ) ;
#4923 = CARTESIAN_POINT ( 'NONE',  ( -2.129368206736822255, -5.466985055880804190, -18.64999999999999858 ) ) ;
#4924 = VERTEX_POINT ( 'NONE', #878 ) ;
#4925 = DIRECTION ( 'NONE',  ( -0.000000000000000000, 0.08715574274765176821, 0.9961946980917461003 ) ) ;
#4926 = VECTOR ( 'NONE', #3574, 1000.000000000000114 ) ;
#4927 = ORIENTED_EDGE ( 'NONE', *, *, #2386, .F. ) ;
#4928 = CARTESIAN_POINT ( 'NONE',  ( 2.061552812808830737, 6.749999999999997335, 5.439000000000000945 ) ) ;
#4929 = VECTOR ( 'NONE', #2226, 1000.000000000000000 ) ;
#4930 = ADVANCED_FACE ( 'NONE', ( #3616 ), #2529, .T. ) ;
#4931 = CONICAL_SURFACE ( 'NONE', #2431, 2.299999999999999822, 0.3141592653589760364 ) ;
#4932 = ORIENTED_EDGE ( 'NONE', *, *, #4335, .F. ) ;
#4933 = DIRECTION ( 'NONE',  ( 0.000000000000000000, 0.000000000000000000, -1.000000000000000000 ) ) ;
#4934 = CARTESIAN_POINT ( 'NONE',  ( -2.254205848354697395, 19.44999999999999574, 5.555636450100672974 ) ) ;
#4935 = CARTESIAN_POINT ( 'NONE',  ( 0.000000000000000000, 19.04999999999999361, 5.620762745781209269 ) ) ;
#4936 = CIRCLE ( 'NONE', #1858, 2.100000000000000977 ) ;
#4937 = CARTESIAN_POINT ( 'NONE',  ( 0.000000000000000000, -5.139000000000004675, -6.350000000000001421 ) ) ;
#4939 = CARTESIAN_POINT ( 'NONE',  ( -6.200000000000000178, 0.000000000000000000, 0.000000000000000000 ) ) ;
#4938 = CONICAL_SURFACE ( 'NONE', #4532, 2.299999999999999822, 0.3141592653589760364 ) ;
#4940 = VERTEX_POINT ( 'NONE', #1610 ) ;
#4941 = EDGE_CURVE ( 'NONE', #1735, #2164, #2415, .T. ) ;
#4942 = EDGE_CURVE ( 'NONE', #2242, #1592, #2487, .T. ) ;
#4943 = DIRECTION ( 'NONE',  ( 0.000000000000000000, 0.000000000000000000, -1.000000000000000000 ) ) ;
#4944 = VECTOR ( 'NONE', #3599, 1000.000000000000000 ) ;
#4945 = CIRCLE ( 'NONE', #4286, 2.268258436585967264 ) ;
#4946 = CARTESIAN_POINT ( 'NONE',  ( -3.174999999999999822, -2.638999999999998902, -6.350000000000001421 ) ) ;
#4947 = DIRECTION ( 'NONE',  ( 0.000000000000000000, 0.08715574274765176821, -0.9961946980917461003 ) ) ;
#4948 = ORIENTED_EDGE ( 'NONE', *, *, #2386, .T. ) ;
#4949 = EDGE_CURVE ( 'NONE', #3862, #373, #3255, .T. ) ;
#4950 = AXIS2_PLACEMENT_3D ( 'NONE', #797, #285, #3419 ) ;
#4951 = ORIENTED_EDGE ( 'NONE', *, *, #2071, .F. ) ;
#4952 = EDGE_CURVE ( 'NONE', #2929, #882, #465, .T. ) ;
#4953 = EDGE_LOOP ( 'NONE', ( #3438, #2238, #2282, #2742 ) ) ;
#4954 = LINE ( 'NONE', #2603, #2284 ) ;
#4955 = ORIENTED_EDGE ( 'NONE', *, *, #4868, .T. ) ;
#4956 = CARTESIAN_POINT ( 'NONE',  ( -6.200000000000000178, 9.328334981051646935, -25.00100000000000477 ) ) ;
#4957 = ORIENTED_EDGE ( 'NONE', *, *, #3953, .T. ) ;
#4958 = EDGE_CURVE ( 'NONE', #3073, #5072, #3649, .T. ) ;
#4959 = ORIENTED_EDGE ( 'NONE', *, *, #1270, .F. ) ;
#4960 = VECTOR ( 'NONE', #85, 1000.000000000000000 ) ;
#4961 = VERTEX_POINT ( 'NONE', #3976 ) ;
#4962 = CARTESIAN_POINT ( 'NONE',  ( 3.175000000000000711, 18.64999999999999147, 6.139000000000000234 ) ) ;
#4963 = DIRECTION ( 'NONE',  ( 0.000000000000000000, 0.000000000000000000, 1.000000000000000000 ) ) ;
#4964 = AXIS2_PLACEMENT_3D ( 'NONE', #2185, #573, #1428 ) ;
#4965 = CARTESIAN_POINT ( 'NONE',  ( 2.061552812808830293, -5.439000000000000945, -6.750000000000000888 ) ) ;
#4966 = ADVANCED_FACE ( 'NONE', ( #1322 ), #77, .T. ) ;
#4967 = AXIS2_PLACEMENT_3D ( 'NONE', #4825, #192, #2532 ) ;
#4968 = APPROVAL_STATUS ( 'not_yet_approved' ) ;
#4969 = AXIS2_PLACEMENT_3D ( 'NONE', #4652, #762, #3890 ) ;
#4970 = CARTESIAN_POINT ( 'NONE',  ( 2.083236664664702698, 6.749999999999998224, 5.905597390643909428 ) ) ;
#4971 = DIRECTION ( 'NONE',  ( 1.000000000000000000, 0.000000000000000000, 0.000000000000000000 ) ) ;
#4972 = EDGE_LOOP ( 'NONE', ( #2047, #2956, #502, #2831 ) ) ;
#4973 = AXIS2_PLACEMENT_3D ( 'NONE', #2287, #2685, #1393 ) ;
#4974 = CARTESIAN_POINT ( 'NONE',  ( -2.087434397081524118, 19.29707237833307332, 2.187282604411543652 ) ) ;
#4975 = DIRECTION ( 'NONE',  ( 0.000000000000000000, 1.000000000000000000, 0.000000000000000000 ) ) ;
#4976 = CC_DESIGN_PERSON_AND_ORGANIZATION_ASSIGNMENT ( #1113, #1868, ( #3178 ) ) ;
#4977 = DIRECTION ( 'NONE',  ( 0.000000000000000000, 0.9218631515885042926, 0.3875155864520939408 ) ) ;
#4978 = LINE ( 'NONE', #1095, #2950 ) ;
#4979 = ORIENTED_EDGE ( 'NONE', *, *, #4911, .T. ) ;
#4980 = DIRECTION ( 'NONE',  ( 1.000000000000000000, 0.000000000000000000, 0.000000000000000000 ) ) ;
#4981 = EDGE_CURVE ( 'NONE', #3423, #2201, #3272, .T. ) ;
#4982 = ADVANCED_FACE ( 'NONE', ( #4714 ), #4327, .T. ) ;
#4983 = ORIENTED_EDGE ( 'NONE', *, *, #3893, .T. ) ;
#4984 = CARTESIAN_POINT ( 'NONE',  ( 2.264950330581225746, 18.64999999999999147, 5.523072258617638397 ) ) ;
#4985 = ORIENTED_EDGE ( 'NONE', *, *, #3840, .F. ) ;
#4986 = CARTESIAN_POINT ( 'NONE',  ( 2.042738866564660416, -2.470634702552896744, -18.56282013608611692 ) ) ;
#4987 = EDGE_LOOP ( 'NONE', ( #1461, #4353 ) ) ;
#4988 = B_SPLINE_CURVE_WITH_KNOTS ( 'NONE', 3,
 ( #1973, #18, #459, #2737 ),
 .UNSPECIFIED., .F., .F.,
 ( 4, 4 ),
 ( 0.003655977453372194746, 0.003758849537120530215 ),
 .UNSPECIFIED. ) ;
#4989 = EDGE_LOOP ( 'NONE', ( #2345, #2274, #113, #1967 ) ) ;
#4990 = DIRECTION ( 'NONE',  ( 1.000000000000000000, 0.000000000000000000, -0.000000000000000000 ) ) ;
#4991 = CARTESIAN_POINT ( 'NONE',  ( 0.000000000000000000, -5.523072258617638397, -19.04999999999999716 ) ) ;
#4992 = LINE ( 'NONE', #5015, #852 ) ;
#4993 = ADVANCED_FACE ( 'NONE', ( #2024 ), #3567, .T. ) ;
#4994 = CARTESIAN_POINT ( 'NONE',  ( -6.200000000000000178, 0.000000000000000000, 0.000000000000000000 ) ) ;
#4995 = FACE_BOUND ( 'NONE', #1228, .T. ) ;
#4996 = ORIENTED_EDGE ( 'NONE', *, *, #2017, .T. ) ;
#4997 = CIRCLE ( 'NONE', #3942, 5.050000000000000711 ) ;
#4998 = DIRECTION ( 'NONE',  ( -0.000000000000000000, -0.000000000000000000, -1.000000000000000000 ) ) ;
#4999 = CARTESIAN_POINT ( 'NONE',  ( 1.821676962433382396, 19.44999999999999929, 6.089970303311146971 ) ) ;
#5000 = AXIS2_PLACEMENT_3D ( 'NONE', #3201, #53, #4688 ) ;
#5001 = CYLINDRICAL_SURFACE ( 'NONE', #1054, 0.5000000000000000000 ) ;
#5002 = CARTESIAN_POINT ( 'NONE',  ( 2.174999999999999822, 12.40000000000000568, -24.00000000000000355 ) ) ;
#5003 = ORIENTED_EDGE ( 'NONE', *, *, #3167, .T. ) ;
#5004 = CARTESIAN_POINT ( 'NONE',  ( -2.081805041010027502, -5.906940355987361002, -18.65000000000000213 ) ) ;
#5005 = VERTEX_POINT ( 'NONE', #3292 ) ;
#5006 = VERTEX_POINT ( 'NONE', #982 ) ;
#5007 = DIRECTION ( 'NONE',  ( 0.000000000000000000, -0.000000000000000000, -1.000000000000000000 ) ) ;
#5008 = VERTEX_POINT ( 'NONE', #670 ) ;
#5009 = EDGE_CURVE ( 'NONE', #5049, #1058, #1208, .T. ) ;
#5010 = DIRECTION ( 'NONE',  ( 1.000000000000000000, 0.000000000000000000, 0.000000000000000000 ) ) ;
#5011 = UNCERTAINTY_MEASURE_WITH_UNIT (LENGTH_MEASURE( 1.000000000000000082E-05 ), #2967, 'distance_accuracy_value', 'NONE');
#5012 = ORIENTED_EDGE ( 'NONE', *, *, #4238, .F. ) ;
#5013 = FACE_OUTER_BOUND ( 'NONE', #755, .T. ) ;
#5014 = DIRECTION ( 'NONE',  ( 1.000000000000000000, 0.000000000000000000, 0.000000000000000000 ) ) ;
#5015 = CARTESIAN_POINT ( 'NONE',  ( -6.199999999999999289, 19.04425540319414978, -25.00100000000000833 ) ) ;
#5016 = ADVANCED_FACE ( 'NONE', ( #3019 ), #4300, .T. ) ;
#5017 = AXIS2_PLACEMENT_3D ( 'NONE', #2713, #1822, #3874 ) ;
#5018 = DIRECTION ( 'NONE',  ( -0.000000000000000000, -0.000000000000000000, -1.000000000000000000 ) ) ;
#5019 = DIRECTION ( 'NONE',  ( 0.000000000000000000, 2.297646988048747938E-16, -1.000000000000000000 ) ) ;
#5020 = FACE_OUTER_BOUND ( 'NONE', #1519, .T. ) ;
#5021 = CIRCLE ( 'NONE', #3805, 2.100000000000000089 ) ;
#5022 = VERTEX_POINT ( 'NONE', #2208 ) ;
#5023 = AXIS2_PLACEMENT_3D ( 'NONE', #2464, #4093, #4304 ) ;
#5024 = EDGE_CURVE ( 'NONE', #4623, #1313, #1370, .T. ) ;
#5025 = CARTESIAN_POINT ( 'NONE',  ( 0.000000000000000000, -5.523072258617638397, -19.04999999999999716 ) ) ;
#5026 = CARTESIAN_POINT ( 'NONE',  ( 0.000000000000000000, 6.349999999999997868, 5.388999999999999346 ) ) ;
#5027 = AXIS2_PLACEMENT_3D ( 'NONE', #3162, #2808, #1517 ) ;
#5028 = CARTESIAN_POINT ( 'NONE',  ( 2.197165962000668493, 5.949999999999998401, 5.495012552331537847 ) ) ;
#5029 = FACE_OUTER_BOUND ( 'NONE', #3102, .T. ) ;
#5030 = ORIENTED_EDGE ( 'NONE', *, *, #613, .T. ) ;
#5031 = EDGE_CURVE ( 'NONE', #4432, #4514, #1395, .T. ) ;
#5032 = CIRCLE ( 'NONE', #368, 2.299999999999999822 ) ;
#5033 = CARTESIAN_POINT ( 'NONE',  ( 2.021666578221208432, -3.457121909598158016, -6.923486311243689961 ) ) ;
#5034 = CONICAL_SURFACE ( 'NONE', #2526, 2.100000000000000977, 1.172861257340199304 ) ;
#5035 = EDGE_LOOP ( 'NONE', ( #4088, #4919, #4396, #2828 ) ) ;
#5036 = LOCAL_TIME ( 14, 4, 26.00000000000000000, #1920 ) ;
#5037 = ORIENTED_EDGE ( 'NONE', *, *, #2255, .F. ) ;
#5038 = LINE ( 'NONE', #3553, #1304 ) ;
#5039 = ORIENTED_EDGE ( 'NONE', *, *, #3154, .F. ) ;
#5040 = CARTESIAN_POINT ( 'NONE',  ( -2.182266827280790800, -5.773579458367408712, -5.950000000000004619 ) ) ;
#5041 = ORIENTED_EDGE ( 'NONE', *, *, #485, .T. ) ;
#5042 = CARTESIAN_POINT ( 'NONE',  ( 0.8890000000000000124, 19.04999999999999716, -6.350000000000001421 ) ) ;
#5043 = DIRECTION ( 'NONE',  ( 0.000000000000000000, -1.000000000000000000, 0.000000000000000000 ) ) ;
#5044 = DIRECTION ( 'NONE',  ( 0.000000000000000000, -0.9961946980917461003, -0.08715574274765176821 ) ) ;
#5045 = CIRCLE ( 'NONE', #545, 2.100000000000000977 ) ;
#5046 = PERSON_AND_ORGANIZATION ( #3151, #3013 ) ;
#5047 = EDGE_CURVE ( 'NONE', #3998, #4514, #3090, .T. ) ;
#5048 = CARTESIAN_POINT ( 'NONE',  ( 0.000000000000000000, 19.04999999999999361, 5.139000000000004675 ) ) ;
#5049 = VERTEX_POINT ( 'NONE', #1762 ) ;
#5050 = CARTESIAN_POINT ( 'NONE',  ( 5.460999999999999410, 6.349999999999999645, -22.22500000000000497 ) ) ;
#5051 = CIRCLE ( 'NONE', #4233, 2.268258436585967264 ) ;
#5052 = CARTESIAN_POINT ( 'NONE',  ( 0.000000000000000000, 6.349999999999997868, 5.620762745781207492 ) ) ;
#5053 = DIRECTION ( 'NONE',  ( 0.000000000000000000, -8.115498896123205041E-15, -1.000000000000000000 ) ) ;
#5054 = B_SPLINE_CURVE_WITH_KNOTS ( 'NONE', 3,
 ( #923, #2097, #2944, #4044, #1343, #2869 ),
 .UNSPECIFIED., .F., .F.,
 ( 4, 2, 4 ),
 ( 0.000000000000000000, 0.0004757001404452628575, 0.0009514002808905257149 ),
 .UNSPECIFIED. ) ;
#5055 = FACE_OUTER_BOUND ( 'NONE', #3053, .T. ) ;
#5056 = CARTESIAN_POINT ( 'NONE',  ( 2.174999999999999822, 18.95000000000000284, -11.40000000000000036 ) ) ;
#5057 = CIRCLE ( 'NONE', #1064, 2.299999999999999822 ) ;
#5058 = VERTEX_POINT ( 'NONE', #2988 ) ;
#5059 = CARTESIAN_POINT ( 'NONE',  ( -6.349999999999999645, 12.69999999999999929, 0.000000000000000000 ) ) ;
#5060 = EDGE_CURVE ( 'NONE', #2340, #199, #4530, .T. ) ;
#5061 = ORIENTED_EDGE ( 'NONE', *, *, #1317, .T. ) ;
#5062 = CARTESIAN_POINT ( 'NONE',  ( 2.197165962000668937, 18.64999999999999147, 5.495012552331538735 ) ) ;
#5063 = VERTEX_POINT ( 'NONE', #4475 ) ;
#5064 = CARTESIAN_POINT ( 'NONE',  ( 0.000000000000000000, -5.523072258617638397, -19.04999999999999716 ) ) ;
#5065 = ORIENTED_EDGE ( 'NONE', *, *, #4910, .T. ) ;
#5066 = DIRECTION ( 'NONE',  ( 0.000000000000000000, 1.000000000000000000, 8.260587980841934638E-15 ) ) ;
#5067 = EDGE_LOOP ( 'NONE', ( #1673, #1070, #3331, #4000 ) ) ;
#5068 = DIRECTION ( 'NONE',  ( 1.000000000000000000, 0.000000000000000000, 0.000000000000000000 ) ) ;
#5069 = DIRECTION ( 'NONE',  ( 0.000000000000000000, 0.000000000000000000, -1.000000000000000000 ) ) ;
#5070 = APPLICATION_CONTEXT ( 'configuration controlled 3d designs of mechanical parts and assemblies' ) ;
#5071 = CARTESIAN_POINT ( 'NONE',  ( 0.1999999999999996503, 6.350000000000005862, -18.95000000000001350 ) ) ;
#5072 = VERTEX_POINT ( 'NONE', #2563 ) ;
#5073 = CARTESIAN_POINT ( 'NONE',  ( 3.888253587292846081E-16, 0.000000000000000000, -15.87499999999999645 ) ) ;
ENDSEC;
END-ISO-10303-21;
