ISO-10303-21;
HEADER;
FILE_DESCRIPTION (( 'STEP AP203' ),
    '1' );
FILE_NAME ('228-2500-127.step',
    '2022-06-06T19:04:52',
    ( '' ),
    ( '' ),
    'SwSTEP 2.0',
    'SolidWorks 2021',
    '' );
FILE_SCHEMA (( 'CONFIG_CONTROL_DESIGN' ));
ENDSEC;

DATA;
#1 = DIRECTION ( 'NONE',  ( 0.000000000000000000, -1.000000000000000000, 0.000000000000000000 ) ) ;
#2 = CARTESIAN_POINT ( 'NONE',  ( -2.057850353472996385, 5.921388065344214802, 2.353605336466520814 ) ) ;
#3 = ORIENTED_EDGE ( 'NONE', *, *, #561, .T. ) ;
#4 = CARTESIAN_POINT ( 'NONE',  ( 2.129368206736822700, 5.949999999999999289, 5.466985055880805078 ) ) ;
#5 = VERTEX_POINT ( 'NONE', #980 ) ;
#6 = CARTESIAN_POINT ( 'NONE',  ( 0.000000000000000000, 6.349999999999999645, 0.8889999999999991243 ) ) ;
#7 = DIRECTION ( 'NONE',  ( 1.000000000000000000, 0.000000000000000000, -0.000000000000000000 ) ) ;
#8 = LOCAL_TIME ( 14, 4, 52.00000000000000000, #1928 ) ;
#9 = CARTESIAN_POINT ( 'NONE',  ( 2.057911970479199493, 5.921718032118228336, 2.353224001008315636 ) ) ;
#10 = CARTESIAN_POINT ( 'NONE',  ( 2.174999999999999822, 2.000000000000000000, -12.40000000000000036 ) ) ;
#11 = ADVANCED_FACE ( 'NONE', ( #786 ), #2361, .F. ) ;
#12 = VERTEX_POINT ( 'NONE', #201 ) ;
#13 = DIRECTION ( 'NONE',  ( 0.000000000000000000, -1.000000000000000000, 0.000000000000000000 ) ) ;
#14 = CARTESIAN_POINT ( 'NONE',  ( 3.174999999999999822, 6.750000000000000000, 5.138999999999999346 ) ) ;
#15 = FACE_BOUND ( 'NONE', #659, .T. ) ;
#16 = EDGE_CURVE ( 'NONE', #120, #1064, #1878, .T. ) ;
#17 = DIRECTION ( 'NONE',  ( 0.000000000000000000, 0.000000000000000000, 1.000000000000000000 ) ) ;
#18 = ORIENTED_EDGE ( 'NONE', *, *, #1386, .F. ) ;
#19 = VERTEX_POINT ( 'NONE', #378 ) ;
#20 = CIRCLE ( 'NONE', #2081, 2.299999999999999822 ) ;
#21 = DIRECTION ( 'NONE',  ( 1.000000000000000000, 0.000000000000000000, 0.000000000000000000 ) ) ;
#22 = AXIS2_PLACEMENT_3D ( 'NONE', #1608, #1018, #1210 ) ;
#23 = DIRECTION ( 'NONE',  ( 0.7071067811865474617, 0.7071067811865474617, -0.000000000000000000 ) ) ;
#24 = DIRECTION ( 'NONE',  ( -1.000000000000000000, -0.000000000000000000, -0.000000000000000000 ) ) ;
#25 = AXIS2_PLACEMENT_3D ( 'NONE', #856, #2052, #1647 ) ;
#26 = ORIENTED_EDGE ( 'NONE', *, *, #1962, .T. ) ;
#27 = CARTESIAN_POINT ( 'NONE',  ( 1.502637486114517751, 5.949999999999999289, 6.139000000000000234 ) ) ;
#28 = EDGE_CURVE ( 'NONE', #153, #5, #748, .T. ) ;
#29 = FACE_OUTER_BOUND ( 'NONE', #1729, .T. ) ;
#30 = DIRECTION ( 'NONE',  ( 0.000000000000000000, 1.000000000000000000, 0.000000000000000000 ) ) ;
#31 = ORIENTED_EDGE ( 'NONE', *, *, #1602, .F. ) ;
#32 = ADVANCED_FACE ( 'NONE', ( #1735 ), #1388, .F. ) ;
#33 = APPROVAL ( #347, 'UNSPECIFIED' ) ;
#34 = ORIENTED_EDGE ( 'NONE', *, *, #1812, .T. ) ;
#35 = CARTESIAN_POINT ( 'NONE',  ( -1.999113491775012408, -4.305849356269923156, -6.997740341250764828 ) ) ;
#36 = DIRECTION ( 'NONE',  ( 0.000000000000000000, 0.000000000000000000, -1.000000000000000000 ) ) ;
#37 = LINE ( 'NONE', #203, #80 ) ;
#38 = EDGE_LOOP ( 'NONE', ( #820, #2439, #1382, #346 ) ) ;
#39 = DIRECTION ( 'NONE',  ( -1.000000000000000000, -0.000000000000000000, -0.000000000000000000 ) ) ;
#40 = PLANE ( 'NONE',  #1788 ) ;
#41 = DIRECTION ( 'NONE',  ( -0.000000000000000000, 1.000000000000000000, -0.000000000000000000 ) ) ;
#42 = CARTESIAN_POINT ( 'NONE',  ( -2.232710535457612888, 5.949999999999999289, 5.620762745781209269 ) ) ;
#43 = ORIENTED_EDGE ( 'NONE', *, *, #623, .T. ) ;
#44 = ORIENTED_EDGE ( 'NONE', *, *, #299, .F. ) ;
#45 = ADVANCED_FACE ( 'NONE', ( #2181 ), #881, .T. ) ;
#46 = DIRECTION ( 'NONE',  ( -0.7071067811865474617, 0.000000000000000000, -0.7071067811865476838 ) ) ;
#47 = CARTESIAN_POINT ( 'NONE',  ( -2.040073290564207831, 6.848097349045874083, 2.595422128626172054 ) ) ;
#48 = DIRECTION ( 'NONE',  ( -0.000000000000000000, 1.000000000000000000, 0.000000000000000000 ) ) ;
#49 = LINE ( 'NONE', #2035, #609 ) ;
#50 = ORIENTED_EDGE ( 'NONE', *, *, #1537, .T. ) ;
#51 = CARTESIAN_POINT ( 'NONE',  ( -2.040073290564207831, 5.851902650954126983, 2.595422128626172054 ) ) ;
#52 = CARTESIAN_POINT ( 'NONE',  ( -2.061552812808830293, 5.949999999999999289, 5.439000000000000945 ) ) ;
#53 = CARTESIAN_POINT ( 'NONE',  ( 0.000000000000000000, -5.439000000000000945, -6.349999999999999645 ) ) ;
#54 = LINE ( 'NONE', #667, #1012 ) ;
#55 = ORIENTED_EDGE ( 'NONE', *, *, #931, .T. ) ;
#56 = VERTEX_POINT ( 'NONE', #993 ) ;
#57 = CARTESIAN_POINT ( 'NONE',  ( 0.000000000000000000, -5.523072258617638397, -4.049999999999999822 ) ) ;
#58 = EDGE_CURVE ( 'NONE', #1488, #120, #410, .T. ) ;
#59 = CARTESIAN_POINT ( 'NONE',  ( 1.972483239316684234, 7.070631577586467209, 5.138999999999997570 ) ) ;
#60 = CIRCLE ( 'NONE', #1950, 2.099999999999999645 ) ;
#61 = DIRECTION ( 'NONE',  ( 1.000000000000000000, 0.000000000000000000, 0.000000000000000000 ) ) ;
#62 = CARTESIAN_POINT ( 'NONE',  ( 0.000000000000000000, -0.8890000000000009006, -9.524999999999998579 ) ) ;
#63 = AXIS2_PLACEMENT_3D ( 'NONE', #665, #2253, #845 ) ;
#64 = ADVANCED_FACE ( 'NONE', ( #1344 ), #2539, .F. ) ;
#65 = ORIENTED_EDGE ( 'NONE', *, *, #697, .T. ) ;
#66 = LINE ( 'NONE', #2240, #314 ) ;
#67 = CARTESIAN_POINT ( 'NONE',  ( 1.663442899047753887, 5.950000000000000178, 6.139000000000000234 ) ) ;
#68 = AXIS2_PLACEMENT_3D ( 'NONE', #867, #440, #2444 ) ;
#69 = CARTESIAN_POINT ( 'NONE',  ( -2.040073290564207831, -2.595422128626172054, -5.851902650954126983 ) ) ;
#70 = AXIS2_PLACEMENT_3D ( 'NONE', #1595, #2380, #382 ) ;
#71 = CARTESIAN_POINT ( 'NONE',  ( 0.000000000000000000, 6.349999999999999645, 5.523072258617638397 ) ) ;
#72 = ORIENTED_EDGE ( 'NONE', *, *, #95, .F. ) ;
#73 = EDGE_LOOP ( 'NONE', ( #172, #704, #1215, #179 ) ) ;
#74 = AXIS2_PLACEMENT_3D ( 'NONE', #1617, #637, #1604 ) ;
#75 = CARTESIAN_POINT ( 'NONE',  ( -2.264950330581225746, -5.523072258617638397, -5.949999999999999289 ) ) ;
#76 = CARTESIAN_POINT ( 'NONE',  ( 2.264950330581225746, -5.523072258617638397, -6.750000000000000000 ) ) ;
#77 = EDGE_CURVE ( 'NONE', #1953, #1628, #1535, .T. ) ;
#78 = ORIENTED_EDGE ( 'NONE', *, *, #871, .T. ) ;
#79 = CARTESIAN_POINT ( 'NONE',  ( 4.174999999999999822, 12.40000000000000036, -6.350000000000004086 ) ) ;
#80 = VECTOR ( 'NONE', #1774, 1000.000000000000000 ) ;
#81 = DIRECTION ( 'NONE',  ( 1.000000000000000000, 0.000000000000000000, 0.000000000000000000 ) ) ;
#82 = B_SPLINE_CURVE_WITH_KNOTS ( 'NONE', 3,
 ( #1584, #767, #2160, #975 ),
 .UNSPECIFIED., .F., .F.,
 ( 4, 4 ),
 ( 0.002832913685900425270, 0.002935786532568636451 ),
 .UNSPECIFIED. ) ;
#83 = DIRECTION ( 'NONE',  ( 1.000000000000000000, -0.000000000000000000, -0.000000000000000000 ) ) ;
#84 = EDGE_LOOP ( 'NONE', ( #205, #1343, #1171, #1322 ) ) ;
#85 = ORIENTED_EDGE ( 'NONE', *, *, #967, .F. ) ;
#86 = ORIENTED_EDGE ( 'NONE', *, *, #1246, .F. ) ;
#87 = LINE ( 'NONE', #1900, #1755 ) ;
#88 = DIRECTION ( 'NONE',  ( 1.000000000000000000, 0.000000000000000000, -0.000000000000000000 ) ) ;
#89 = ORIENTED_EDGE ( 'NONE', *, *, #1807, .T. ) ;
#90 = DIRECTION ( 'NONE',  ( 0.000000000000000000, -0.000000000000000000, -1.000000000000000000 ) ) ;
#91 = CARTESIAN_POINT ( 'NONE',  ( 4.174999999999999822, 6.349999999999999645, -8.450000000000002842 ) ) ;
#92 = EDGE_CURVE ( 'NONE', #168, #140, #1523, .T. ) ;
#93 = DIRECTION ( 'NONE',  ( 0.000000000000000000, -1.000000000000000000, 0.000000000000000000 ) ) ;
#94 = VERTEX_POINT ( 'NONE', #1771 ) ;
#95 = EDGE_CURVE ( 'NONE', #376, #862, #2139, .T. ) ;
#96 = ORIENTED_EDGE ( 'NONE', *, *, #727, .T. ) ;
#97 = ADVANCED_FACE ( 'NONE', ( #2165 ), #160, .F. ) ;
#98 = DIRECTION ( 'NONE',  ( -0.000000000000000000, -0.08715574274765176821, -0.9961946980917461003 ) ) ;
#99 = LINE ( 'NONE', #1043, #1512 ) ;
#100 = ORIENTED_EDGE ( 'NONE', *, *, #1758, .T. ) ;
#101 = ORIENTED_EDGE ( 'NONE', *, *, #2246, .F. ) ;
#102 = CARTESIAN_POINT ( 'NONE',  ( -2.254205848354697395, -5.555636450100672974, -5.949999999999999289 ) ) ;
#103 = AXIS2_PLACEMENT_3D ( 'NONE', #360, #2531, #1542 ) ;
#104 = LINE ( 'NONE', #2267, #2166 ) ;
#105 = CARTESIAN_POINT ( 'NONE',  ( -1.663407726524676500, 5.950000000000001066, 6.139000000000001123 ) ) ;
#106 = ORIENTED_EDGE ( 'NONE', *, *, #1088, .T. ) ;
#107 = AXIS2_PLACEMENT_3D ( 'NONE', #342, #533, #726 ) ;
#108 = EDGE_CURVE ( 'NONE', #219, #1355, #485, .T. ) ;
#109 = VERTEX_POINT ( 'NONE', #941 ) ;
#110 = AXIS2_PLACEMENT_3D ( 'NONE', #2022, #1828, #1815 ) ;
#111 = DIRECTION ( 'NONE',  ( 0.000000000000000000, 0.000000000000000000, -1.000000000000000000 ) ) ;
#112 = CONICAL_SURFACE ( 'NONE', #884, 2.299999999999999822, 0.3141592653589760364 ) ;
#113 = VERTEX_POINT ( 'NONE', #1561 ) ;
#114 = VERTEX_POINT ( 'NONE', #570 ) ;
#115 = LINE ( 'NONE', #1128, #377 ) ;
#116 = DIRECTION ( 'NONE',  ( 0.000000000000000000, 1.000000000000000000, 0.000000000000000000 ) ) ;
#117 = AXIS2_PLACEMENT_3D ( 'NONE', #1785, #2554, #626 ) ;
#118 = FACE_OUTER_BOUND ( 'NONE', #1162, .T. ) ;
#119 = AXIS2_PLACEMENT_3D ( 'NONE', #770, #745, #1946 ) ;
#120 = VERTEX_POINT ( 'NONE', #394 ) ;
#121 = VERTEX_POINT ( 'NONE', #1966 ) ;
#122 = ADVANCED_FACE ( 'NONE', ( #2390 ), #649, .T. ) ;
#123 = DIRECTION ( 'NONE',  ( 0.000000000000000000, 0.000000000000000000, 1.000000000000000000 ) ) ;
#124 = ORIENTED_EDGE ( 'NONE', *, *, #16, .F. ) ;
#125 = EDGE_CURVE ( 'NONE', #885, #1275, #227, .T. ) ;
#126 = DIRECTION ( 'NONE',  ( 0.000000000000000000, 0.9510565162951545304, 0.3090169943749442316 ) ) ;
#127 = CARTESIAN_POINT ( 'NONE',  ( 0.8890000000000000124, 6.349999999999999645, -6.350000000000003197 ) ) ;
#128 = DIRECTION ( 'NONE',  ( 0.000000000000000000, 0.000000000000000000, 1.000000000000000000 ) ) ;
#129 = DIRECTION ( 'NONE',  ( 1.000000000000000000, 0.000000000000000000, 0.000000000000000000 ) ) ;
#130 = ORIENTED_EDGE ( 'NONE', *, *, #793, .F. ) ;
#131 = ORIENTED_EDGE ( 'NONE', *, *, #1993, .F. ) ;
#132 = DIRECTION ( 'NONE',  ( -1.000000000000000000, -0.000000000000000000, -0.000000000000000000 ) ) ;
#133 = ADVANCED_FACE ( 'NONE', ( #1603 ), #2223, .F. ) ;
#134 = ORIENTED_EDGE ( 'NONE', *, *, #438, .T. ) ;
#135 = CARTESIAN_POINT ( 'NONE',  ( 0.000000000000000000, 6.349999999999999645, 5.523072258617638397 ) ) ;
#136 = CIRCLE ( 'NONE', #1328, 1.554966049364602254 ) ;
#137 = FACE_BOUND ( 'NONE', #783, .T. ) ;
#138 = LINE ( 'NONE', #525, #1233 ) ;
#139 = VECTOR ( 'NONE', #1790, 1000.000000000000000 ) ;
#140 = VERTEX_POINT ( 'NONE', #47 ) ;
#141 = ORIENTED_EDGE ( 'NONE', *, *, #2320, .F. ) ;
#142 = LINE ( 'NONE', #1781, #1144 ) ;
#143 = AXIS2_PLACEMENT_3D ( 'NONE', #2144, #13, #955 ) ;
#144 = VERTEX_POINT ( 'NONE', #1644 ) ;
#145 = AXIS2_PLACEMENT_3D ( 'NONE', #2066, #277, #2411 ) ;
#146 = ORIENTED_EDGE ( 'NONE', *, *, #171, .F. ) ;
#147 = APPLICATION_PROTOCOL_DEFINITION ( 'international standard', 'config_control_design', 1994, #830 ) ;
#148 = FACE_OUTER_BOUND ( 'NONE', #1256, .T. ) ;
#149 = EDGE_CURVE ( 'NONE', #1717, #1953, #1027, .T. ) ;
#150 = DIRECTION ( 'NONE',  ( 0.000000000000000000, -1.000000000000000000, 3.987870059716795328E-16 ) ) ;
#151 = DIRECTION ( 'NONE',  ( 0.000000000000000000, -0.000000000000000000, -1.000000000000000000 ) ) ;
#152 = B_SPLINE_CURVE_WITH_KNOTS ( 'NONE', 3,
 ( #828, #2416, #1990, #229 ),
 .UNSPECIFIED., .F., .F.,
 ( 4, 4 ),
 ( 0.007647354141962972932, 0.007869202712918556275 ),
 .UNSPECIFIED. ) ;
#153 = VERTEX_POINT ( 'NONE', #1840 ) ;
#154 = AXIS2_PLACEMENT_3D ( 'NONE', #490, #1645, #1864 ) ;
#155 = ORIENTED_EDGE ( 'NONE', *, *, #2304, .T. ) ;
#156 = VECTOR ( 'NONE', #1517, 1000.000000000000000 ) ;
#157 = PLANE ( 'NONE',  #1272 ) ;
#158 = ORIENTED_EDGE ( 'NONE', *, *, #1885, .F. ) ;
#159 =( BOUNDED_CURVE ( )  B_SPLINE_CURVE ( 3, ( #1378, #1957, #753, #1933 ),
 .UNSPECIFIED., .F., .T. ) 
 B_SPLINE_CURVE_WITH_KNOTS ( ( 4, 4 ),
 ( 4.362112093716119077, 4.472917508490047211 ),
 .UNSPECIFIED. ) 
 CURVE ( )  GEOMETRIC_REPRESENTATION_ITEM ( )  RATIONAL_B_SPLINE_CURVE ( ( 1.000000000000000000, 0.9989771083553060649, 0.9989771083553060649, 1.000000000000000000 ) ) 
 REPRESENTATION_ITEM ( '' )  );
#160 = PLANE ( 'NONE',  #396 ) ;
#161 = CARTESIAN_POINT ( 'NONE',  ( 0.8890000000000000124, 6.349999999999999645, -6.350000000000003197 ) ) ;
#162 = CARTESIAN_POINT ( 'NONE',  ( 0.1999999999999996503, 11.39999999999999858, -6.350000000000003197 ) ) ;
#163 = CARTESIAN_POINT ( 'NONE',  ( 2.602085213965210642E-15, 0.000000000000000000, 0.000000000000000000 ) ) ;
#164 = ADVANCED_FACE ( 'NONE', ( #1065 ), #2208, .F. ) ;
#165 = DIRECTION ( 'NONE',  ( 0.000000000000000000, 0.000000000000000000, 1.000000000000000000 ) ) ;
#166 = DIRECTION ( 'NONE',  ( -1.000000000000000000, -0.000000000000000000, -0.000000000000000000 ) ) ;
#167 = PERSON_AND_ORGANIZATION ( #720, #1450 ) ;
#168 = VERTEX_POINT ( 'NONE', #2404 ) ;
#169 = EDGE_CURVE ( 'NONE', #1338, #406, #1298, .T. ) ;
#170 = LINE ( 'NONE', #1324, #1350 ) ;
#171 = EDGE_CURVE ( 'NONE', #1485, #168, #2193, .T. ) ;
#172 = ORIENTED_EDGE ( 'NONE', *, *, #1124, .F. ) ;
#173 = DIRECTION ( 'NONE',  ( 0.000000000000000000, 0.000000000000000000, -1.000000000000000000 ) ) ;
#174 = CARTESIAN_POINT ( 'NONE',  ( -1.502637486114517751, 5.949999999999999289, 6.139000000000000234 ) ) ;
#175 = CARTESIAN_POINT ( 'NONE',  ( -6.200000000000000178, 12.40000000000000036, 0.000000000000000000 ) ) ;
#176 = CARTESIAN_POINT ( 'NONE',  ( 1.820969194338324160, -6.090132639966192585, -6.749999999999999112 ) ) ;
#177 = PLANE ( 'NONE',  #1106 ) ;
#178 = CARTESIAN_POINT ( 'NONE',  ( 0.000000000000000000, 4.249999999999999112, 0.8889999999999991243 ) ) ;
#179 = ORIENTED_EDGE ( 'NONE', *, *, #2493, .F. ) ;
#180 = VECTOR ( 'NONE', #2423, 1000.000000000000000 ) ;
#181 = CARTESIAN_POINT ( 'NONE',  ( -2.042738830444500220, -2.470636393497685823, -5.862819988147618844 ) ) ;
#182 = VERTEX_POINT ( 'NONE', #75 ) ;
#183 = ADVANCED_FACE ( 'NONE', ( #1235 ), #2236, .T. ) ;
#184 = APPROVAL ( #2323, 'UNSPECIFIED' ) ;
#185 = CARTESIAN_POINT ( 'NONE',  ( -2.081805041010027058, -5.906940355987362778, -5.949999999999998401 ) ) ;
#186 = CIRCLE ( 'NONE', #1217, 2.099999999999999645 ) ;
#187 = CARTESIAN_POINT ( 'NONE',  ( 6.200000000000001066, 11.39999999999999858, -6.350000000000003197 ) ) ;
#188 = AXIS2_PLACEMENT_3D ( 'NONE', #463, #1591, #624 ) ;
#189 = DIRECTION ( 'NONE',  ( 0.000000000000000000, 0.000000000000000000, 1.000000000000000000 ) ) ;
#190 = ORIENTED_EDGE ( 'NONE', *, *, #199, .F. ) ;
#191 = FACE_OUTER_BOUND ( 'NONE', #1643, .T. ) ;
#192 = CARTESIAN_POINT ( 'NONE',  ( 0.000000000000000000, 6.349999999999999645, 5.439000000000000945 ) ) ;
#193 = CARTESIAN_POINT ( 'NONE',  ( 4.174999999999999822, 6.349999999999999645, -3.175000000000003819 ) ) ;
#194 = CARTESIAN_POINT ( 'NONE',  ( -2.087439085565598429, 6.102908252118012022, 2.187221323398955253 ) ) ;
#195 = ORIENTED_EDGE ( 'NONE', *, *, #611, .F. ) ;
#196 = DIRECTION ( 'NONE',  ( -0.000000000000000000, 0.000000000000000000, 1.000000000000000000 ) ) ;
#197 = VERTEX_POINT ( 'NONE', #1616 ) ;
#198 = VECTOR ( 'NONE', #864, 1000.000000000000000 ) ;
#199 = EDGE_CURVE ( 'NONE', #530, #688, #1010, .T. ) ;
#200 = DIRECTION ( 'NONE',  ( -0.000000000000000000, -3.987870059716794835E-16, -1.000000000000000000 ) ) ;
#201 = CARTESIAN_POINT ( 'NONE',  ( 0.000000000000000000, -5.523072258617638397, -8.649999999999998579 ) ) ;
#202 = CARTESIAN_POINT ( 'NONE',  ( 0.000000000000000000, 6.349999999999999645, 5.139000000000002899 ) ) ;
#203 = CARTESIAN_POINT ( 'NONE',  ( 0.1999999999999996503, 11.39999999999999858, -6.350000000000003197 ) ) ;
#204 = EDGE_CURVE ( 'NONE', #1288, #1375, #2174, .T. ) ;
#205 = ORIENTED_EDGE ( 'NONE', *, *, #623, .F. ) ;
#206 = DIRECTION ( 'NONE',  ( 0.000000000000000000, 1.000000000000000000, 0.000000000000000000 ) ) ;
#207 = DIRECTION ( 'NONE',  ( 1.000000000000000000, -0.000000000000000000, -0.000000000000000000 ) ) ;
#208 = CARTESIAN_POINT ( 'NONE',  ( 5.460999999999999410, 6.349999999999999645, -3.175000000000003819 ) ) ;
#209 = CARTESIAN_POINT ( 'NONE',  ( 4.174999999999999822, 6.349999999999999645, -6.350000000000003197 ) ) ;
#210 = EDGE_LOOP ( 'NONE', ( #1627, #2025, #2331, #908 ) ) ;
#211 = DIRECTION ( 'NONE',  ( 0.000000000000000000, 0.000000000000000000, -1.000000000000000000 ) ) ;
#212 = ORIENTED_EDGE ( 'NONE', *, *, #1758, .F. ) ;
#213 = LINE ( 'NONE', #1798, #1422 ) ;
#214 = CARTESIAN_POINT ( 'NONE',  ( 6.200000000000000178, 0.000000000000000000, -12.40000000000000036 ) ) ;
#215 = ADVANCED_FACE ( 'NONE', ( #2192 ), #279, .T. ) ;
#216 = APPROVAL_PERSON_ORGANIZATION ( #167, #33, #1898 ) ;
#217 = CARTESIAN_POINT ( 'NONE',  ( 1.734723475976807094E-15, 12.40000000000000036, 0.000000000000000000 ) ) ;
#218 = DIRECTION ( 'NONE',  ( 0.000000000000000000, 0.000000000000000000, -1.000000000000000000 ) ) ;
#219 = VERTEX_POINT ( 'NONE', #1451 ) ;
#220 = DIRECTION ( 'NONE',  ( 0.000000000000000000, 0.000000000000000000, 1.000000000000000000 ) ) ;
#221 = CARTESIAN_POINT ( 'NONE',  ( 6.200000000000000178, 12.40000000000000036, 0.000000000000000000 ) ) ;
#222 = CARTESIAN_POINT ( 'NONE',  ( 2.040073290564207831, 5.851902650954126983, 2.595422128626172054 ) ) ;
#223 = VERTEX_POINT ( 'NONE', #1204 ) ;
#224 = VERTEX_POINT ( 'NONE', #1799 ) ;
#225 = TOROIDAL_SURFACE ( 'NONE', #474, 1.554966049364602254, 0.7500000000000000000 ) ;
#226 = DIRECTION ( 'NONE',  ( 0.000000000000000000, -1.000000000000000000, 0.000000000000000000 ) ) ;
#227 = LINE ( 'NONE', #2048, #1543 ) ;
#228 = AXIS2_PLACEMENT_3D ( 'NONE', #1805, #1581, #618 ) ;
#229 = CARTESIAN_POINT ( 'NONE',  ( 2.264950330581225746, -5.523072258617638397, -5.949999999999999289 ) ) ;
#230 = CARTESIAN_POINT ( 'NONE',  ( 6.200000000000000178, 0.000000000000000000, -12.40000000000000036 ) ) ;
#231 = VECTOR ( 'NONE', #801, 1000.000000000000000 ) ;
#232 = ORIENTED_EDGE ( 'NONE', *, *, #2180, .T. ) ;
#233 = CARTESIAN_POINT ( 'NONE',  ( 3.174999999999999822, 5.629368422413532969, 5.138999999999997570 ) ) ;
#234 = VECTOR ( 'NONE', #1437, 1000.000000000000000 ) ;
#235 = DIRECTION ( 'NONE',  ( 0.000000000000000000, 0.000000000000000000, -1.000000000000000000 ) ) ;
#236 = ADVANCED_FACE ( 'NONE', ( #2033 ), #269, .F. ) ;
#237 = CARTESIAN_POINT ( 'NONE',  ( -2.021666578221208432, 5.776513688756311105, 3.457121909598165121 ) ) ;
#238 = AXIS2_PLACEMENT_3D ( 'NONE', #1102, #132, #1497 ) ;
#239 = DIRECTION ( 'NONE',  ( 0.000000000000000000, -1.000000000000000000, -0.000000000000000000 ) ) ;
#240 = ORIENTED_EDGE ( 'NONE', *, *, #2000, .F. ) ;
#241 = ORIENTED_EDGE ( 'NONE', *, *, #2383, .T. ) ;
#242 = CARTESIAN_POINT ( 'NONE',  ( 6.200000000000000178, 2.000000000000000000, -11.40000000000000036 ) ) ;
#243 = DIRECTION ( 'NONE',  ( 1.000000000000000000, 0.000000000000000000, 0.000000000000000000 ) ) ;
#244 = CARTESIAN_POINT ( 'NONE',  ( 0.1999999999999996503, 6.349999999999999645, -6.350000000000003197 ) ) ;
#245 = AXIS2_PLACEMENT_3D ( 'NONE', #915, #902, #2142 ) ;
#246 = PLANE ( 'NONE',  #590 ) ;
#247 = DIRECTION ( 'NONE',  ( 8.881784197001248379E-16, 0.000000000000000000, -1.000000000000000000 ) ) ;
#248 = VERTEX_POINT ( 'NONE', #817 ) ;
#249 = DIRECTION ( 'NONE',  ( 0.000000000000000000, -0.9961946980917461003, -0.08715574274765176821 ) ) ;
#250 = CARTESIAN_POINT ( 'NONE',  ( 0.000000000000000000, -5.438999999999999169, -6.349999999999999645 ) ) ;
#251 = EDGE_CURVE ( 'NONE', #1453, #1612, #1634, .T. ) ;
#252 = CARTESIAN_POINT ( 'NONE',  ( 6.200000000000000178, 1.999999999999999112, -2.000000000000000000 ) ) ;
#253 = ORIENTED_EDGE ( 'NONE', *, *, #543, .F. ) ;
#254 = ORIENTED_EDGE ( 'NONE', *, *, #912, .F. ) ;
#255 = EDGE_CURVE ( 'NONE', #2021, #1533, #759, .T. ) ;
#256 = EDGE_CURVE ( 'NONE', #2426, #744, #2296, .T. ) ;
#257 = CARTESIAN_POINT ( 'NONE',  ( -2.040073290564207831, -2.595422128626172054, -6.848097349045874083 ) ) ;
#258 = CARTESIAN_POINT ( 'NONE',  ( 0.000000000000000000, 6.349999999999999645, 5.388999999999999346 ) ) ;
#259 = DIRECTION ( 'NONE',  ( 1.398970545142586541E-16, 1.000000000000000000, 0.000000000000000000 ) ) ;
#260 = CARTESIAN_POINT ( 'NONE',  ( 0.000000000000000000, 7.904966049364602121, 6.139000000000000234 ) ) ;
#261 = ORIENTED_EDGE ( 'NONE', *, *, #1493, .T. ) ;
#262 = DIRECTION ( 'NONE',  ( 0.000000000000000000, 0.000000000000000000, -1.000000000000000000 ) ) ;
#263 = CARTESIAN_POINT ( 'NONE',  ( 6.200000000000001066, 6.349999999999999645, -11.40000000000000036 ) ) ;
#264 = CARTESIAN_POINT ( 'NONE',  ( 2.061552812808830293, 6.750000000000000000, 5.439000000000000945 ) ) ;
#265 = LINE ( 'NONE', #252, #1917 ) ;
#266 = ORIENTED_EDGE ( 'NONE', *, *, #731, .F. ) ;
#267 = EDGE_LOOP ( 'NONE', ( #2176, #2006 ) ) ;
#268 = EDGE_CURVE ( 'NONE', #224, #1495, #2498, .T. ) ;
#269 = PLANE ( 'NONE',  #1506 ) ;
#270 = CARTESIAN_POINT ( 'NONE',  ( 0.000000000000000000, -0.8890000000000009006, -6.349999999999999645 ) ) ;
#271 = AXIS2_PLACEMENT_3D ( 'NONE', #857, #2456, #116 ) ;
#272 = VERTEX_POINT ( 'NONE', #1863 ) ;
#273 = CYLINDRICAL_SURFACE ( 'NONE', #1913, 3.174999999999998934 ) ;
#274 = CYLINDRICAL_SURFACE ( 'NONE', #493, 3.174999999999998934 ) ;
#275 = VECTOR ( 'NONE', #1434, 1000.000000000000000 ) ;
#276 = VECTOR ( 'NONE', #2545, 1000.000000000000000 ) ;
#277 = DIRECTION ( 'NONE',  ( 0.000000000000000000, -0.000000000000000000, -1.000000000000000000 ) ) ;
#278 = VERTEX_POINT ( 'NONE', #2286 ) ;
#279 = TOROIDAL_SURFACE ( 'NONE', #1712, 1.554966049364602254, 0.7500000000000000000 ) ;
#280 = ORIENTED_EDGE ( 'NONE', *, *, #77, .T. ) ;
#281 = CARTESIAN_POINT ( 'NONE',  ( 0.1999999999999996503, 6.349999999999999645, -11.40000000000000036 ) ) ;
#282 = EDGE_CURVE ( 'NONE', #2043, #278, #87, .T. ) ;
#283 = DIRECTION ( 'NONE',  ( 0.000000000000000000, 8.340016711426958986E-17, -1.000000000000000000 ) ) ;
#284 = CIRCLE ( 'NONE', #2184, 3.174999999999998934 ) ;
#285 = VERTEX_POINT ( 'NONE', #529 ) ;
#286 = EDGE_CURVE ( 'NONE', #182, #850, #2337, .T. ) ;
#287 = DIRECTION ( 'NONE',  ( -1.000000000000000000, -0.000000000000000000, -0.000000000000000000 ) ) ;
#288 = CARTESIAN_POINT ( 'NONE',  ( 2.081805041010027058, 5.949999999999998401, 5.906940355987360114 ) ) ;
#289 = CARTESIAN_POINT ( 'NONE',  ( 5.460999999999999410, 6.349999999999999645, -9.525000000000002132 ) ) ;
#290 = EDGE_LOOP ( 'NONE', ( #296, #2522, #2051, #2298 ) ) ;
#291 = EDGE_LOOP ( 'NONE', ( #1719, #1094, #316, #1787 ) ) ;
#292 = EDGE_LOOP ( 'NONE', ( #2448, #1061, #2453, #2283 ) ) ;
#293 = DIRECTION ( 'NONE',  ( 1.000000000000000000, -0.000000000000000000, -0.000000000000000000 ) ) ;
#294 = LINE ( 'NONE', #1077, #198 ) ;
#295 = ORIENTED_EDGE ( 'NONE', *, *, #1417, .F. ) ;
#296 = ORIENTED_EDGE ( 'NONE', *, *, #1460, .F. ) ;
#297 = APPROVAL_ROLE ( '' ) ;
#298 = CARTESIAN_POINT ( 'NONE',  ( 1.820969194338323494, 5.949999999999999289, 6.090132639966190808 ) ) ;
#299 = EDGE_CURVE ( 'NONE', #1571, #2547, #1879, .T. ) ;
#300 = CARTESIAN_POINT ( 'NONE',  ( 0.000000000000000000, -5.620762745781209269, -8.618258436585968241 ) ) ;
#301 = EDGE_LOOP ( 'NONE', ( #937, #2277, #938, #2093 ) ) ;
#302 = VERTEX_POINT ( 'NONE', #1285 ) ;
#303 = ORIENTED_EDGE ( 'NONE', *, *, #1312, .T. ) ;
#304 = CARTESIAN_POINT ( 'NONE',  ( -2.040073290564207831, 6.848097349045874083, 2.595422128626172054 ) ) ;
#305 = DIRECTION ( 'NONE',  ( 1.000000000000000000, 0.000000000000000000, 0.000000000000000000 ) ) ;
#306 = ORIENTED_EDGE ( 'NONE', *, *, #286, .T. ) ;
#307 = ORIENTED_EDGE ( 'NONE', *, *, #2437, .F. ) ;
#308 = APPLICATION_PROTOCOL_DEFINITION ( 'international standard', 'config_control_design', 1994, #907 ) ;
#309 = AXIS2_PLACEMENT_3D ( 'NONE', #1723, #2516, #1524 ) ;
#310 = PLANE ( 'NONE',  #710 ) ;
#311 = CARTESIAN_POINT ( 'NONE',  ( 4.174999999999999822, 1.999999999999999112, -2.000000000000000000 ) ) ;
#312 = ADVANCED_FACE ( 'NONE', ( #899 ), #510, .F. ) ;
#313 = ORIENTED_EDGE ( 'NONE', *, *, #2079, .T. ) ;
#314 = VECTOR ( 'NONE', #287, 1000.000000000000000 ) ;
#315 = COORDINATED_UNIVERSAL_TIME_OFFSET ( 6, 0, .BEHIND. ) ;
#316 = ORIENTED_EDGE ( 'NONE', *, *, #286, .F. ) ;
#317 = DIRECTION ( 'NONE',  ( 0.000000000000000000, 1.000000000000000000, 0.000000000000000000 ) ) ;
#318 = AXIS2_PLACEMENT_3D ( 'NONE', #2262, #1076, #98 ) ;
#319 = ORIENTED_EDGE ( 'NONE', *, *, #539, .F. ) ;
#320 = DIRECTION ( 'NONE',  ( 1.000000000000000000, 0.000000000000000000, -0.000000000000000000 ) ) ;
#321 = VECTOR ( 'NONE', #572, 1000.000000000000000 ) ;
#322 = PLANE ( 'NONE',  #107 ) ;
#323 = CARTESIAN_POINT ( 'NONE',  ( 2.042738866564660416, -2.470634702552896744, -5.862820136086116740 ) ) ;
#324 = ORIENTED_EDGE ( 'NONE', *, *, #108, .F. ) ;
#325 = ADVANCED_FACE ( 'NONE', ( #909 ), #1301, .T. ) ;
#326 = ORIENTED_EDGE ( 'NONE', *, *, #2049, .F. ) ;
#327 = CARTESIAN_POINT ( 'NONE',  ( -2.021666578221208432, 6.923486311243688185, 3.457121909598157128 ) ) ;
#328 = EDGE_CURVE ( 'NONE', #2413, #2317, #2467, .T. ) ;
#329 = ORIENTED_EDGE ( 'NONE', *, *, #1154, .T. ) ;
#330 = CARTESIAN_POINT ( 'NONE',  ( 1.502637486114517751, 6.750000000000000000, 6.139000000000000234 ) ) ;
#331 = LINE ( 'NONE', #1883, #1008 ) ;
#332 = ORIENTED_EDGE ( 'NONE', *, *, #2280, .F. ) ;
#333 = AXIS2_PLACEMENT_3D ( 'NONE', #506, #2300, #2077 ) ;
#334 = COORDINATED_UNIVERSAL_TIME_OFFSET ( 6, 0, .BEHIND. ) ;
#335 = EDGE_LOOP ( 'NONE', ( #2407, #1474 ) ) ;
#336 = CARTESIAN_POINT ( 'NONE',  ( 4.174999999999999822, 6.349999999999999645, -6.350000000000003197 ) ) ;
#337 = ADVANCED_FACE ( 'NONE', ( #1315 ), #2107, .F. ) ;
#338 = ORIENTED_EDGE ( 'NONE', *, *, #77, .F. ) ;
#339 = DATE_AND_TIME ( #1513, #2446 ) ;
#340 = CARTESIAN_POINT ( 'NONE',  ( 6.200000000000001066, 6.349999999999999645, -6.350000000000003197 ) ) ;
#341 = AXIS2_PLACEMENT_3D ( 'NONE', #2141, #1179, #600 ) ;
#342 = CARTESIAN_POINT ( 'NONE',  ( 3.174999999999999822, 7.070631577586467209, 5.138999999999997570 ) ) ;
#343 = CARTESIAN_POINT ( 'NONE',  ( 2.057850353472996385, -2.353605336466521258, -5.921388065344213913 ) ) ;
#344 = CARTESIAN_POINT ( 'NONE',  ( 6.200000000000001066, 12.40000000000000036, -6.350000000000004086 ) ) ;
#345 = VECTOR ( 'NONE', #207, 1000.000000000000000 ) ;
#346 = ORIENTED_EDGE ( 'NONE', *, *, #1948, .F. ) ;
#347 = APPROVAL_STATUS ( 'not_yet_approved' ) ;
#348 = ORIENTED_EDGE ( 'NONE', *, *, #444, .F. ) ;
#349 = CARTESIAN_POINT ( 'NONE',  ( 0.1999999999999996503, 11.39999999999999858, -6.350000000000003197 ) ) ;
#350 = ORIENTED_EDGE ( 'NONE', *, *, #282, .T. ) ;
#351 = DIRECTION ( 'NONE',  ( 0.7071067811865475727, -0.7071067811865475727, 0.000000000000000000 ) ) ;
#352 = ADVANCED_FACE ( 'NONE', ( #1113 ), #1222, .T. ) ;
#353 = CARTESIAN_POINT ( 'NONE',  ( -2.129368206736823144, 6.750000000000000000, 5.466985055880805078 ) ) ;
#354 = CALENDAR_DATE ( 2022, 6, 6 ) ;
#355 = CARTESIAN_POINT ( 'NONE',  ( 0.1999999999999996503, 6.349999999999999645, -11.40000000000000036 ) ) ;
#356 = EDGE_CURVE ( 'NONE', #1276, #2036, #1271, .T. ) ;
#357 = PLANE ( 'NONE',  #1792 ) ;
#358 = ADVANCED_FACE ( 'NONE', ( #863 ), #2466, .F. ) ;
#359 = CARTESIAN_POINT ( 'NONE',  ( 2.232710535457612888, -5.620762745781209269, -6.750000000000000000 ) ) ;
#360 = CARTESIAN_POINT ( 'NONE',  ( 0.000000000000000000, -5.139000000000004675, -6.349999999999999645 ) ) ;
#361 = EDGE_LOOP ( 'NONE', ( #1201, #1959, #439, #1302, #1767, #2306, #537 ) ) ;
#362 = AXIS2_PLACEMENT_3D ( 'NONE', #340, #320, #1697 ) ;
#363 = ORIENTED_EDGE ( 'NONE', *, *, #423, .T. ) ;
#364 = AXIS2_PLACEMENT_3D ( 'NONE', #270, #1055, #2442 ) ;
#365 = CYLINDRICAL_SURFACE ( 'NONE', #2271, 3.174999999999998934 ) ;
#366 = VERTEX_POINT ( 'NONE', #2487 ) ;
#367 = DIRECTION ( 'NONE',  ( -0.000000000000000000, -1.084202172485504434E-16, -1.000000000000000000 ) ) ;
#368 = PLANE ( 'NONE',  #2211 ) ;
#369 = CARTESIAN_POINT ( 'NONE',  ( 1.972483239316685122, 5.629368422413532969, 5.138999999999997570 ) ) ;
#370 = DIRECTION ( 'NONE',  ( 0.000000000000000000, -1.000000000000000000, 0.000000000000000000 ) ) ;
#371 = LINE ( 'NONE', #1155, #276 ) ;
#372 = EDGE_CURVE ( 'NONE', #2317, #2413, #2007, .T. ) ;
#373 = CARTESIAN_POINT ( 'NONE',  ( 1.972483239316685122, 5.629368422413532969, 5.138999999999997570 ) ) ;
#374 = ORIENTED_EDGE ( 'NONE', *, *, #2540, .T. ) ;
#375 = CARTESIAN_POINT ( 'NONE',  ( 2.243459280444427772, 5.949999999999999289, 5.588199955838118349 ) ) ;
#376 = VERTEX_POINT ( 'NONE', #2071 ) ;
#377 = VECTOR ( 'NONE', #1915, 1000.000000000000000 ) ;
#378 = CARTESIAN_POINT ( 'NONE',  ( -2.061552812808830293, 6.750000000000000000, 5.439000000000000945 ) ) ;
#379 = CARTESIAN_POINT ( 'NONE',  ( -3.175000000000000711, -6.139000000000000234, -5.949999999999999289 ) ) ;
#380 = DIRECTION ( 'NONE',  ( 0.000000000000000000, -1.000000000000000000, -0.000000000000000000 ) ) ;
#381 = EDGE_LOOP ( 'NONE', ( #526, #2420, #1391, #2088 ) ) ;
#382 = DIRECTION ( 'NONE',  ( 0.000000000000000000, 0.000000000000000000, 1.000000000000000000 ) ) ;
#383 = CARTESIAN_POINT ( 'NONE',  ( 2.264950330581225746, -5.523072258617638397, -5.949999999999999289 ) ) ;
#384 = CYLINDRICAL_SURFACE ( 'NONE', #634, 3.174999999999998934 ) ;
#385 = B_SPLINE_CURVE_WITH_KNOTS ( 'NONE', 3,
 ( #512, #893, #102, #1116 ),
 .UNSPECIFIED., .F., .F.,
 ( 4, 4 ),
 ( 0.003655977453372194312, 0.003758849537120530649 ),
 .UNSPECIFIED. ) ;
#386 = VECTOR ( 'NONE', #200, 1000.000000000000000 ) ;
#387 = EDGE_CURVE ( 'NONE', #140, #1862, #927, .T. ) ;
#388 = CARTESIAN_POINT ( 'NONE',  ( 0.000000000000000000, -0.8890000000000009006, -6.349999999999999645 ) ) ;
#389 = ORIENTED_EDGE ( 'NONE', *, *, #58, .T. ) ;
#390 = VECTOR ( 'NONE', #2158, 1000.000000000000000 ) ;
#391 = CARTESIAN_POINT ( 'NONE',  ( 2.264950330581225746, 5.949999999999999289, 5.523072258617638397 ) ) ;
#392 = ORIENTED_EDGE ( 'NONE', *, *, #1811, .T. ) ;
#393 = ADVANCED_FACE ( 'NONE', ( #2273 ), #112, .T. ) ;
#394 = CARTESIAN_POINT ( 'NONE',  ( -1.502637486114517751, -6.139000000000000234, -5.949999999999999289 ) ) ;
#395 = VECTOR ( 'NONE', #1353, 1000.000000000000000 ) ;
#396 = AXIS2_PLACEMENT_3D ( 'NONE', #2551, #2526, #367 ) ;
#397 = CARTESIAN_POINT ( 'NONE',  ( -1.820969194338323716, 6.750000000000000888, 6.090132639966191697 ) ) ;
#398 = ORIENTED_EDGE ( 'NONE', *, *, #2032, .T. ) ;
#399 = PLANE ( 'NONE',  #756 ) ;
#400 = FACE_OUTER_BOUND ( 'NONE', #1081, .T. ) ;
#401 = DIRECTION ( 'NONE',  ( 1.000000000000000000, 0.000000000000000000, 0.000000000000000000 ) ) ;
#402 = CARTESIAN_POINT ( 'NONE',  ( 1.999113491775013296, 5.702259658749235349, 4.305849356269922268 ) ) ;
#403 = VERTEX_POINT ( 'NONE', #818 ) ;
#404 = DIRECTION ( 'NONE',  ( 0.000000000000000000, -1.000000000000000000, 0.000000000000000000 ) ) ;
#405 = ADVANCED_FACE ( 'NONE', ( #1592 ), #2392, .T. ) ;
#406 = VERTEX_POINT ( 'NONE', #2430 ) ;
#407 = VECTOR ( 'NONE', #1452, 1000.000000000000000 ) ;
#408 = CARTESIAN_POINT ( 'NONE',  ( -2.232710535457612888, -5.620762745781209269, -6.750000000000000000 ) ) ;
#409 = EDGE_CURVE ( 'NONE', #1355, #1303, #2194, .T. ) ;
#410 = LINE ( 'NONE', #560, #1589 ) ;
#411 = PRODUCT_DEFINITION ( 'UNKNOWN', '', #1247, #713 ) ;
#412 = DIRECTION ( 'NONE',  ( 0.000000000000000000, 0.000000000000000000, -1.000000000000000000 ) ) ;
#413 = DIRECTION ( 'NONE',  ( 0.000000000000000000, 0.000000000000000000, 1.000000000000000000 ) ) ;
#414 = EDGE_LOOP ( 'NONE', ( #1443, #540, #707, #1809, #1174, #1825, #131, #768, #978, #2484 ) ) ;
#415 = CARTESIAN_POINT ( 'NONE',  ( 1.502637486114517751, -6.139000000000000234, -6.750000000000000000 ) ) ;
#416 = DIRECTION ( 'NONE',  ( 0.000000000000000000, 0.000000000000000000, 1.000000000000000000 ) ) ;
#417 = CARTESIAN_POINT ( 'NONE',  ( 2.040073290564206943, -2.595422128626172054, -6.848097349045874083 ) ) ;
#418 = EDGE_LOOP ( 'NONE', ( #499, #603, #101, #2295, #648, #1411 ) ) ;
#419 = ORIENTED_EDGE ( 'NONE', *, *, #171, .T. ) ;
#420 = CARTESIAN_POINT ( 'NONE',  ( -2.040073290564207831, 5.851902650954126983, 2.595422128626172054 ) ) ;
#421 = DIRECTION ( 'NONE',  ( -0.000000000000000000, -0.000000000000000000, -1.000000000000000000 ) ) ;
#422 = CARTESIAN_POINT ( 'NONE',  ( 4.174999999999999822, 6.349999999999999645, -6.350000000000003197 ) ) ;
#423 = EDGE_CURVE ( 'NONE', #248, #1075, #2405, .T. ) ;
#424 = CARTESIAN_POINT ( 'NONE',  ( 2.571758278209442943E-16, -5.438999999999999169, -8.449999999999999289 ) ) ;
#425 = VERTEX_POINT ( 'NONE', #994 ) ;
#426 = DIRECTION ( 'NONE',  ( 1.000000000000000000, 0.000000000000000000, -0.000000000000000000 ) ) ;
#427 =( BOUNDED_CURVE ( )  B_SPLINE_CURVE ( 3, ( #1203, #35, #816, #257 ),
 .UNSPECIFIED., .F., .T. ) 
 B_SPLINE_CURVE_WITH_KNOTS ( ( 4, 4 ),
 ( 4.362112093716119077, 4.472917508490046323 ),
 .UNSPECIFIED. ) 
 CURVE ( )  GEOMETRIC_REPRESENTATION_ITEM ( )  RATIONAL_B_SPLINE_CURVE ( ( 1.000000000000000000, 0.9989771083553060649, 0.9989771083553060649, 1.000000000000000000 ) ) 
 REPRESENTATION_ITEM ( '' )  );
#428 = LINE ( 'NONE', #1408, #345 ) ;
#429 = CARTESIAN_POINT ( 'NONE',  ( 0.000000000000000000, 4.049999999999999822, 5.523072258617638397 ) ) ;
#430 = DIRECTION ( 'NONE',  ( 0.000000000000000000, 0.000000000000000000, 1.000000000000000000 ) ) ;
#431 = ORIENTED_EDGE ( 'NONE', *, *, #1051, .T. ) ;
#432 = ORIENTED_EDGE ( 'NONE', *, *, #488, .T. ) ;
#433 = AXIS2_PLACEMENT_3D ( 'NONE', #1783, #226, #1387 ) ;
#434 = DIRECTION ( 'NONE',  ( -0.7071067811865476838, 0.000000000000000000, 0.7071067811865474617 ) ) ;
#435 = DIRECTION ( 'NONE',  ( 0.000000000000000000, 0.000000000000000000, 1.000000000000000000 ) ) ;
#436 = DIRECTION ( 'NONE',  ( 0.000000000000000000, -1.000000000000000000, 0.000000000000000000 ) ) ;
#437 = CARTESIAN_POINT ( 'NONE',  ( -2.182266827280790800, 6.750000000000000888, 5.773579458367406048 ) ) ;
#438 = EDGE_CURVE ( 'NONE', #153, #963, #152, .T. ) ;
#439 = ORIENTED_EDGE ( 'NONE', *, *, #2109, .F. ) ;
#440 = DIRECTION ( 'NONE',  ( 0.000000000000000000, -1.000000000000000000, 0.000000000000000000 ) ) ;
#441 = CARTESIAN_POINT ( 'NONE',  ( 0.000000000000000000, -5.139000000000004675, -6.349999999999999645 ) ) ;
#442 = CARTESIAN_POINT ( 'NONE',  ( 0.000000000000000000, -5.620762745781209269, -6.349999999999999645 ) ) ;
#443 = EDGE_CURVE ( 'NONE', #1862, #1937, #1177, .T. ) ;
#444 = EDGE_CURVE ( 'NONE', #366, #658, #682, .T. ) ;
#445 = PLANE ( 'NONE',  #2381 ) ;
#446 = ORIENTED_EDGE ( 'NONE', *, *, #2079, .F. ) ;
#447 = VERTEX_POINT ( 'NONE', #2209 ) ;
#448 = CARTESIAN_POINT ( 'NONE',  ( 4.441731480827709964E-16, 3.174999999999999822, 0.000000000000000000 ) ) ;
#449 = CARTESIAN_POINT ( 'NONE',  ( 2.021666578221207988, 6.923486311243689073, 3.457121909598163345 ) ) ;
#450 = AXIS2_PLACEMENT_3D ( 'NONE', #995, #2012, #247 ) ;
#451 = DIRECTION ( 'NONE',  ( 0.000000000000000000, 0.000000000000000000, -1.000000000000000000 ) ) ;
#452 = CARTESIAN_POINT ( 'NONE',  ( 3.174999999999999822, 5.949999999999999289, 5.138999999999999346 ) ) ;
#453 = VECTOR ( 'NONE', #1768, 1000.000000000000000 ) ;
#454 = ORIENTED_EDGE ( 'NONE', *, *, #2106, .T. ) ;
#455 = DIRECTION ( 'NONE',  ( 0.000000000000000000, 0.000000000000000000, 1.000000000000000000 ) ) ;
#456 = DIRECTION ( 'NONE',  ( 0.000000000000000000, -1.000000000000000000, 0.000000000000000000 ) ) ;
#457 = CARTESIAN_POINT ( 'NONE',  ( 2.264950330581225746, 6.750000000000000000, 5.523072258617638397 ) ) ;
#458 = CARTESIAN_POINT ( 'NONE',  ( -2.232710535457612888, 5.949999999999999289, 5.620762745781209269 ) ) ;
#459 = ORIENTED_EDGE ( 'NONE', *, *, #1448, .T. ) ;
#460 = EDGE_CURVE ( 'NONE', #1903, #1075, #651, .T. ) ;
#461 = ORIENTED_EDGE ( 'NONE', *, *, #1489, .F. ) ;
#462 = PRODUCT ( '228-2500-127', '228-2500-127', '', ( #913 ) ) ;
#463 = CARTESIAN_POINT ( 'NONE',  ( 0.000000000000000000, -5.438999999999999169, -6.349999999999999645 ) ) ;
#464 = LINE ( 'NONE', #1237, #407 ) ;
#465 = CC_DESIGN_SECURITY_CLASSIFICATION ( #865, ( #1247 ) ) ;
#466 = ORIENTED_EDGE ( 'NONE', *, *, #423, .F. ) ;
#467 = CARTESIAN_POINT ( 'NONE',  ( 5.460999999999999410, 6.349999999999999645, -6.350000000000003197 ) ) ;
#468 = CARTESIAN_POINT ( 'NONE',  ( -6.199999999999999289, 6.344255403194156706, -12.40099999999999980 ) ) ;
#469 = CARTESIAN_POINT ( 'NONE',  ( -3.175000000000000711, -5.139000000000001123, -5.949999999999999289 ) ) ;
#470 = ORIENTED_EDGE ( 'NONE', *, *, #666, .T. ) ;
#471 = ORIENTED_EDGE ( 'NONE', *, *, #1532, .F. ) ;
#472 = ADVANCED_FACE ( 'NONE', ( #1800 ), #225, .T. ) ;
#473 = DIRECTION ( 'NONE',  ( 0.000000000000000000, 0.000000000000000000, 1.000000000000000000 ) ) ;
#474 = AXIS2_PLACEMENT_3D ( 'NONE', #1416, #1829, #803 ) ;
#475 = EDGE_CURVE ( 'NONE', #144, #248, #2011, .T. ) ;
#476 = CARTESIAN_POINT ( 'NONE',  ( 4.174999999999999822, 6.349999999999999645, -11.40000000000000036 ) ) ;
#477 = VECTOR ( 'NONE', #1377, 1000.000000000000000 ) ;
#478 = ORIENTED_EDGE ( 'NONE', *, *, #2403, .T. ) ;
#479 = CARTESIAN_POINT ( 'NONE',  ( -2.182283254615324797, -5.773529692572009431, -6.749999999999999112 ) ) ;
#480 = CARTESIAN_POINT ( 'NONE',  ( -0.1442554031941565840, 12.40000000000000036, 0.000000000000000000 ) ) ;
#481 = CIRCLE ( 'NONE', #2424, 2.099999999999999645 ) ;
#482 = AXIS2_PLACEMENT_3D ( 'NONE', #2506, #1363, #1751 ) ;
#483 = LINE ( 'NONE', #1072, #921 ) ;
#484 = EDGE_LOOP ( 'NONE', ( #897, #1757, #500, #319 ) ) ;
#485 = CIRCLE ( 'NONE', #2500, 2.099999999999999645 ) ;
#486 = ORIENTED_EDGE ( 'NONE', *, *, #2538, .F. ) ;
#487 = EDGE_LOOP ( 'NONE', ( #1103, #1600 ) ) ;
#488 = EDGE_CURVE ( 'NONE', #1021, #2328, #1318, .T. ) ;
#489 = ADVANCED_FACE ( 'NONE', ( #1193 ), #246, .F. ) ;
#490 = CARTESIAN_POINT ( 'NONE',  ( 0.000000000000000000, 6.349999999999999645, 5.523072258617638397 ) ) ;
#491 = ORIENTED_EDGE ( 'NONE', *, *, #1158, .T. ) ;
#492 = APPROVAL ( #709, 'UNSPECIFIED' ) ;
#493 = AXIS2_PLACEMENT_3D ( 'NONE', #127, #2335, #514 ) ;
#494 = FACE_OUTER_BOUND ( 'NONE', #38, .T. ) ;
#495 = AXIS2_PLACEMENT_3D ( 'NONE', #2326, #2132, #534 ) ;
#496 = DIRECTION ( 'NONE',  ( 0.000000000000000000, 0.000000000000000000, 1.000000000000000000 ) ) ;
#497 = CARTESIAN_POINT ( 'NONE',  ( -1.502637486114517751, 5.949999999999999289, 6.139000000000000234 ) ) ;
#498 = ORIENTED_EDGE ( 'NONE', *, *, #2212, .T. ) ;
#499 = ORIENTED_EDGE ( 'NONE', *, *, #1696, .F. ) ;
#500 = ORIENTED_EDGE ( 'NONE', *, *, #813, .T. ) ;
#501 = DIRECTION ( 'NONE',  ( 0.000000000000000000, 0.000000000000000000, -1.000000000000000000 ) ) ;
#502 = CARTESIAN_POINT ( 'NONE',  ( 0.000000000000000000, -6.139000000000000234, -7.904966049364602121 ) ) ;
#503 = VERTEX_POINT ( 'NONE', #749 ) ;
#504 = EDGE_CURVE ( 'NONE', #121, #12, #837, .T. ) ;
#505 = ORIENTED_EDGE ( 'NONE', *, *, #702, .F. ) ;
#506 = CARTESIAN_POINT ( 'NONE',  ( 0.000000000000000000, 0.000000000000000000, 0.000000000000000000 ) ) ;
#507 = CARTESIAN_POINT ( 'NONE',  ( 1.502637486114517751, -6.139000000000000234, -5.949999999999999289 ) ) ;
#508 = CARTESIAN_POINT ( 'NONE',  ( -2.061552812808830293, -5.439000000000000945, -6.750000000000000000 ) ) ;
#509 = ORIENTED_EDGE ( 'NONE', *, *, #1143, .T. ) ;
#510 = PLANE ( 'NONE',  #1677 ) ;
#511 = VERTEX_POINT ( 'NONE', #571 ) ;
#512 = CARTESIAN_POINT ( 'NONE',  ( -2.232710535457612888, -5.620762745781209269, -5.949999999999999289 ) ) ;
#513 = AXIS2_PLACEMENT_3D ( 'NONE', #1389, #2182, #412 ) ;
#514 = DIRECTION ( 'NONE',  ( 0.000000000000000000, 0.000000000000000000, -1.000000000000000000 ) ) ;
#515 = ADVANCED_FACE ( 'NONE', ( #1967 ), #368, .F. ) ;
#516 = CYLINDRICAL_SURFACE ( 'NONE', #1875, 0.5000000000000000000 ) ;
#517 = VERTEX_POINT ( 'NONE', #544 ) ;
#518 = EDGE_CURVE ( 'NONE', #2478, #1485, #2373, .T. ) ;
#519 = DIRECTION ( 'NONE',  ( 1.000000000000000000, -0.000000000000000000, -0.000000000000000000 ) ) ;
#520 = ORIENTED_EDGE ( 'NONE', *, *, #1870, .T. ) ;
#521 = CARTESIAN_POINT ( 'NONE',  ( 0.000000000000000000, -5.438999999999999169, -6.349999999999999645 ) ) ;
#522 = CARTESIAN_POINT ( 'NONE',  ( -2.232710535457612888, 6.750000000000000000, 5.620762745781209269 ) ) ;
#523 = VECTOR ( 'NONE', #1223, 1000.000000000000000 ) ;
#524 = DIRECTION ( 'NONE',  ( 1.000000000000000000, 0.000000000000000000, 0.000000000000000000 ) ) ;
#525 = CARTESIAN_POINT ( 'NONE',  ( 2.061552812808830293, 6.750000000000000000, 5.439000000000000945 ) ) ;
#526 = ORIENTED_EDGE ( 'NONE', *, *, #697, .F. ) ;
#527 = EDGE_CURVE ( 'NONE', #1987, #19, #2378, .T. ) ;
#528 = VERTEX_POINT ( 'NONE', #174 ) ;
#529 = CARTESIAN_POINT ( 'NONE',  ( 0.000000000000000000, -5.620762745781209269, -4.081741563414031049 ) ) ;
#530 = VERTEX_POINT ( 'NONE', #2334 ) ;
#531 = DIRECTION ( 'NONE',  ( 0.000000000000000000, 0.000000000000000000, -1.000000000000000000 ) ) ;
#532 = PRODUCT_DEFINITION_SHAPE ( 'NONE', 'NONE',  #411 ) ;
#533 = DIRECTION ( 'NONE',  ( 0.000000000000000000, 8.115498896123167176E-15, 1.000000000000000000 ) ) ;
#534 = DIRECTION ( 'NONE',  ( 0.000000000000000000, 0.000000000000000000, -1.000000000000000000 ) ) ;
#535 = CC_DESIGN_APPROVAL ( #492, ( #411 ) ) ;
#536 = CALENDAR_DATE ( 2022, 6, 6 ) ;
#537 = ORIENTED_EDGE ( 'NONE', *, *, #967, .T. ) ;
#538 = DIRECTION ( 'NONE',  ( 0.000000000000000000, -1.000000000000000000, 0.000000000000000000 ) ) ;
#539 = EDGE_CURVE ( 'NONE', #302, #1224, #1951, .T. ) ;
#540 = ORIENTED_EDGE ( 'NONE', *, *, #1039, .T. ) ;
#541 = EDGE_CURVE ( 'NONE', #1093, #2426, #1871, .T. ) ;
#542 = DIRECTION ( 'NONE',  ( -1.000000000000000000, 0.000000000000000000, 0.000000000000000000 ) ) ;
#543 = EDGE_CURVE ( 'NONE', #168, #1986, #1662, .T. ) ;
#544 = CARTESIAN_POINT ( 'NONE',  ( 2.264950330581225746, 6.750000000000000000, 5.523072258617638397 ) ) ;
#545 = DATE_AND_TIME ( #354, #8 ) ;
#546 = CARTESIAN_POINT ( 'NONE',  ( 0.000000000000000000, -6.139000000000000234, -6.349999999999999645 ) ) ;
#547 = AXIS2_PLACEMENT_3D ( 'NONE', #1199, #1984, #2216 ) ;
#548 = CARTESIAN_POINT ( 'NONE',  ( 2.174999999999999822, 6.349999999999999645, -6.350000000000003197 ) ) ;
#549 = DIRECTION ( 'NONE',  ( 0.000000000000000000, -1.000000000000000000, 0.000000000000000000 ) ) ;
#550 = DIRECTION ( 'NONE',  ( 0.000000000000000000, 0.000000000000000000, -1.000000000000000000 ) ) ;
#551 = CIRCLE ( 'NONE', #2254, 2.099999999999999645 ) ;
#552 = SHAPE_DEFINITION_REPRESENTATION ( #532, #1738 ) ;
#553 = EDGE_LOOP ( 'NONE', ( #628, #1577, #43, #461, #332, #592 ) ) ;
#554 = DIRECTION ( 'NONE',  ( 0.000000000000000000, 1.000000000000000000, 0.000000000000000000 ) ) ;
#555 = CIRCLE ( 'NONE', #1707, 2.299999999999999822 ) ;
#556 = ORIENTED_EDGE ( 'NONE', *, *, #931, .F. ) ;
#557 = AXIS2_PLACEMENT_3D ( 'NONE', #1938, #351, #1371 ) ;
#558 = AXIS2_PLACEMENT_3D ( 'NONE', #388, #1753, #430 ) ;
#559 = VECTOR ( 'NONE', #2451, 1000.000000000000000 ) ;
#560 = CARTESIAN_POINT ( 'NONE',  ( 0.000000000000000000, -6.139000000000000234, -5.949999999999999289 ) ) ;
#561 = EDGE_CURVE ( 'NONE', #114, #1734, #1164, .T. ) ;
#562 = PLANE ( 'NONE',  #725 ) ;
#563 = CARTESIAN_POINT ( 'NONE',  ( 0.8890000000000000124, 6.349999999999999645, -4.250000000000003553 ) ) ;
#564 = DIRECTION ( 'NONE',  ( 0.000000000000000000, -1.000000000000000000, -8.115498896123167176E-15 ) ) ;
#565 = AXIS2_PLACEMENT_3D ( 'NONE', #1980, #1605, #2393 ) ;
#566 = CARTESIAN_POINT ( 'NONE',  ( 3.174999999999999822, 5.851902650954126983, 2.595422128626172054 ) ) ;
#567 = ORIENTED_EDGE ( 'NONE', *, *, #2480, .F. ) ;
#568 = CARTESIAN_POINT ( 'NONE',  ( 0.000000000000000000, 6.349999999999999645, 0.000000000000000000 ) ) ;
#569 = EDGE_LOOP ( 'NONE', ( #232, #901, #824, #2549 ) ) ;
#570 = CARTESIAN_POINT ( 'NONE',  ( 4.174999999999999822, 11.39999999999999858, -6.350000000000003197 ) ) ;
#571 = CARTESIAN_POINT ( 'NONE',  ( 0.1999999999999996503, 12.40000000000000036, -6.350000000000004086 ) ) ;
#572 = DIRECTION ( 'NONE',  ( 0.000000000000000000, -3.987870059716795328E-16, -1.000000000000000000 ) ) ;
#573 = ADVANCED_FACE ( 'NONE', ( #2124 ), #1914, .T. ) ;
#574 = VERTEX_POINT ( 'NONE', #2322 ) ;
#575 = CARTESIAN_POINT ( 'NONE',  ( 2.182266827280790800, -5.773579458367408712, -6.750000000000002665 ) ) ;
#576 = CARTESIAN_POINT ( 'NONE',  ( 0.000000000000000000, 6.349999999999999645, 0.8889999999999991243 ) ) ;
#577 = EDGE_CURVE ( 'NONE', #1494, #278, #1212, .T. ) ;
#578 = CARTESIAN_POINT ( 'NONE',  ( -2.042738830444500664, 6.837180011852383998, 2.470636393497686267 ) ) ;
#579 = ORIENTED_EDGE ( 'NONE', *, *, #2046, .F. ) ;
#580 = CARTESIAN_POINT ( 'NONE',  ( 2.197165962000668493, 5.949999999999999289, 5.495012552331538735 ) ) ;
#581 = ORIENTED_EDGE ( 'NONE', *, *, #1979, .T. ) ;
#582 = CARTESIAN_POINT ( 'NONE',  ( -2.232710535457612888, -5.620762745781209269, -5.949999999999999289 ) ) ;
#583 = CARTESIAN_POINT ( 'NONE',  ( 2.099990463092004322, 6.473669021501081922, 2.139040055015562825 ) ) ;
#584 = FACE_OUTER_BOUND ( 'NONE', #926, .T. ) ;
#585 = ORIENTED_EDGE ( 'NONE', *, *, #1993, .T. ) ;
#586 = FACE_OUTER_BOUND ( 'NONE', #1357, .T. ) ;
#587 = EDGE_CURVE ( 'NONE', #717, #2043, #750, .T. ) ;
#588 = CARTESIAN_POINT ( 'NONE',  ( 2.083236664664702253, 6.750000000000000888, 5.905597390643909428 ) ) ;
#589 = DIRECTION ( 'NONE',  ( 0.000000000000000000, -1.000000000000000000, 0.000000000000000000 ) ) ;
#590 = AXIS2_PLACEMENT_3D ( 'NONE', #1784, #2224, #1404 ) ;
#591 = CARTESIAN_POINT ( 'NONE',  ( 1.502637486114517751, -6.139000000000000234, -6.750000000000000000 ) ) ;
#592 = ORIENTED_EDGE ( 'NONE', *, *, #504, .F. ) ;
#593 = AXIS2_PLACEMENT_3D ( 'NONE', #678, #2279, #1868 ) ;
#594 = CARTESIAN_POINT ( 'NONE',  ( 6.200000000000000178, 1.999999999999999112, -2.000000000000000000 ) ) ;
#595 = ORIENTED_EDGE ( 'NONE', *, *, #827, .T. ) ;
#596 = AXIS2_PLACEMENT_3D ( 'NONE', #467, #1251, #2266 ) ;
#597 = CARTESIAN_POINT ( 'NONE',  ( 0.000000000000000000, 6.349999999999999645, 5.439000000000000945 ) ) ;
#598 = CARTESIAN_POINT ( 'NONE',  ( 2.061552812808830293, -5.438999999999999169, -5.949999999999999289 ) ) ;
#599 = AXIS2_PLACEMENT_3D ( 'NONE', #1973, #239, #1354 ) ;
#600 = DIRECTION ( 'NONE',  ( 0.000000000000000000, 0.000000000000000000, 1.000000000000000000 ) ) ;
#601 = AXIS2_PLACEMENT_3D ( 'NONE', #1428, #473, #1989 ) ;
#602 = CARTESIAN_POINT ( 'NONE',  ( 1.972483239316684234, -5.138999999999997570, -5.629368422413532969 ) ) ;
#603 = ORIENTED_EDGE ( 'NONE', *, *, #1003, .F. ) ;
#604 = DIRECTION ( 'NONE',  ( 0.000000000000000000, 0.000000000000000000, 1.000000000000000000 ) ) ;
#605 = LINE ( 'NONE', #14, #390 ) ;
#606 = DIRECTION ( 'NONE',  ( -0.000000000000000000, 0.000000000000000000, -1.000000000000000000 ) ) ;
#607 = CARTESIAN_POINT ( 'NONE',  ( -2.129368205736810626, -5.466985055468135180, -6.750000000000000000 ) ) ;
#608 = EDGE_LOOP ( 'NONE', ( #2084, #2076, #1665, #1120 ) ) ;
#609 = VECTOR ( 'NONE', #1658, 1000.000000000000000 ) ;
#610 = ORIENTED_EDGE ( 'NONE', *, *, #1386, .T. ) ;
#611 = EDGE_CURVE ( 'NONE', #2547, #1571, #1255, .T. ) ;
#612 = CIRCLE ( 'NONE', #364, 2.100000000000000089 ) ;
#613 = DIRECTION ( 'NONE',  ( -0.000000000000000000, -1.000000000000000000, -0.000000000000000000 ) ) ;
#614 = CARTESIAN_POINT ( 'NONE',  ( 6.200000000000000178, 12.40000000000000036, 0.000000000000000000 ) ) ;
#615 = LINE ( 'NONE', #788, #1231 ) ;
#616 = ORIENTED_EDGE ( 'NONE', *, *, #1208, .T. ) ;
#617 = CARTESIAN_POINT ( 'NONE',  ( 0.000000000000000000, -5.139000000000004675, -6.349999999999999645 ) ) ;
#618 = DIRECTION ( 'NONE',  ( 0.000000000000000000, 1.000000000000000000, 8.260587980841939371E-15 ) ) ;
#619 = CARTESIAN_POINT ( 'NONE',  ( 2.100009524403048111, -2.138959997505216926, -6.473344920336802311 ) ) ;
#620 = ORIENTED_EDGE ( 'NONE', *, *, #1902, .T. ) ;
#621 = ORIENTED_EDGE ( 'NONE', *, *, #108, .T. ) ;
#622 = LINE ( 'NONE', #1216, #1002 ) ;
#623 = EDGE_CURVE ( 'NONE', #2021, #812, #1294, .T. ) ;
#624 = DIRECTION ( 'NONE',  ( 0.000000000000000000, 0.000000000000000000, -1.000000000000000000 ) ) ;
#625 = EDGE_CURVE ( 'NONE', #862, #1457, #2340, .T. ) ;
#626 = DIRECTION ( 'NONE',  ( 0.000000000000000000, 0.000000000000000000, -1.000000000000000000 ) ) ;
#627 = EDGE_CURVE ( 'NONE', #1303, #517, #20, .T. ) ;
#628 = ORIENTED_EDGE ( 'NONE', *, *, #747, .F. ) ;
#629 = FACE_OUTER_BOUND ( 'NONE', #292, .T. ) ;
#630 = FACE_OUTER_BOUND ( 'NONE', #1147, .T. ) ;
#631 = DIRECTION ( 'NONE',  ( -1.000000000000000000, -0.000000000000000000, -0.000000000000000000 ) ) ;
#632 = ORIENTED_EDGE ( 'NONE', *, *, #28, .T. ) ;
#633 = ORIENTED_EDGE ( 'NONE', *, *, #1088, .F. ) ;
#634 = AXIS2_PLACEMENT_3D ( 'NONE', #2368, #1168, #1184 ) ;
#635 = CARTESIAN_POINT ( 'NONE',  ( -0.1442554031941545301, 2.000000000000000000, -12.40000000000000036 ) ) ;
#636 = CARTESIAN_POINT ( 'NONE',  ( 2.264950330581225746, -5.523072258617638397, -6.750000000000000000 ) ) ;
#637 = DIRECTION ( 'NONE',  ( 0.000000000000000000, 8.115498896123167176E-15, 1.000000000000000000 ) ) ;
#638 = DIRECTION ( 'NONE',  ( 1.000000000000000000, 0.000000000000000000, 0.000000000000000000 ) ) ;
#639 = VECTOR ( 'NONE', #455, 1000.000000000000000 ) ;
#640 = ADVANCED_FACE ( 'NONE', ( #2159 ), #384, .T. ) ;
#641 = ORIENTED_EDGE ( 'NONE', *, *, #809, .T. ) ;
#642 = LINE ( 'NONE', #2213, #842 ) ;
#643 = CC_DESIGN_PERSON_AND_ORGANIZATION_ASSIGNMENT ( #2110, #1881, ( #411 ) ) ;
#644 = LINE ( 'NONE', #1033, #1006 ) ;
#645 = AXIS2_PLACEMENT_3D ( 'NONE', #2479, #1464, #1888 ) ;
#646 = DIRECTION ( 'NONE',  ( -1.000000000000000000, 0.000000000000000000, 0.000000000000000000 ) ) ;
#647 = ORIENTED_EDGE ( 'NONE', *, *, #1519, .T. ) ;
#648 = ORIENTED_EDGE ( 'NONE', *, *, #475, .F. ) ;
#649 = PLANE ( 'NONE',  #601 ) ;
#650 = AXIS2_PLACEMENT_3D ( 'NONE', #1857, #1680, #456 ) ;
#651 = LINE ( 'NONE', #1978, #1049 ) ;
#652 = DIRECTION ( 'NONE',  ( 0.000000000000000000, 1.000000000000000000, 0.000000000000000000 ) ) ;
#653 = ORIENTED_EDGE ( 'NONE', *, *, #1854, .T. ) ;
#654 = CARTESIAN_POINT ( 'NONE',  ( 0.1999999999999996503, 6.349999999999999645, -12.40000000000000213 ) ) ;
#655 = CARTESIAN_POINT ( 'NONE',  ( 0.000000000000000000, -6.139000000000000234, -6.750000000000000000 ) ) ;
#656 = EDGE_CURVE ( 'NONE', #1295, #109, #159, .T. ) ;
#657 = PLANE ( 'NONE',  #1710 ) ;
#658 = VERTEX_POINT ( 'NONE', #193 ) ;
#659 = EDGE_LOOP ( 'NONE', ( #1782, #1892 ) ) ;
#660 = EDGE_CURVE ( 'NONE', #2068, #658, #2133, .T. ) ;
#661 = CARTESIAN_POINT ( 'NONE',  ( 0.000000000000000000, 6.349999999999999645, 5.620762745781207492 ) ) ;
#662 = CARTESIAN_POINT ( 'NONE',  ( -3.175000000000000711, -2.595422128626172054, -5.851902650954126983 ) ) ;
#663 = ORIENTED_EDGE ( 'NONE', *, *, #965, .F. ) ;
#664 = FACE_OUTER_BOUND ( 'NONE', #1511, .T. ) ;
#665 = CARTESIAN_POINT ( 'NONE',  ( 5.460999999999999410, 6.349999999999999645, -6.350000000000003197 ) ) ;
#666 = EDGE_CURVE ( 'NONE', #1533, #1921, #136, .T. ) ;
#667 = CARTESIAN_POINT ( 'NONE',  ( 0.1999999999999996503, 2.000000000000000000, -11.40000000000000036 ) ) ;
#668 = EDGE_LOOP ( 'NONE', ( #1481, #431, #1911, #1884 ) ) ;
#669 = EDGE_LOOP ( 'NONE', ( #621, #1283, #1044, #266 ) ) ;
#670 = ADVANCED_FACE ( 'NONE', ( #947, #15 ), #794, .F. ) ;
#671 = EDGE_LOOP ( 'NONE', ( #2198, #1865, #466, #2386, #1165, #754, #2344 ) ) ;
#672 = DIRECTION ( 'NONE',  ( 0.000000000000000000, 0.000000000000000000, -1.000000000000000000 ) ) ;
#673 = AXIS2_PLACEMENT_3D ( 'NONE', #838, #1234, #1813 ) ;
#674 = FACE_OUTER_BOUND ( 'NONE', #2099, .T. ) ;
#675 = AXIS2_PLACEMENT_3D ( 'NONE', #2422, #780, #235 ) ;
#676 = ORIENTED_EDGE ( 'NONE', *, *, #1398, .T. ) ;
#677 = LINE ( 'NONE', #1832, #275 ) ;
#678 = CARTESIAN_POINT ( 'NONE',  ( 0.000000000000000000, 6.349999999999999645, 5.439000000000000945 ) ) ;
#679 = AXIS2_PLACEMENT_3D ( 'NONE', #209, #810, #17 ) ;
#680 = DIRECTION ( 'NONE',  ( 0.000000000000000000, -8.115498896123205041E-15, -1.000000000000000000 ) ) ;
#681 = ORIENTED_EDGE ( 'NONE', *, *, #1003, .T. ) ;
#682 = CIRCLE ( 'NONE', #2130, 3.174999999999998934 ) ;
#683 = VERTEX_POINT ( 'NONE', #344 ) ;
#684 = ORIENTED_EDGE ( 'NONE', *, *, #169, .T. ) ;
#685 = EDGE_CURVE ( 'NONE', #5, #1295, #2038, .T. ) ;
#686 = CARTESIAN_POINT ( 'NONE',  ( -1.972483239316685122, 7.070631577586467209, 5.138999999999997570 ) ) ;
#687 = DIRECTION ( 'NONE',  ( 0.000000000000000000, -1.000000000000000000, 0.000000000000000000 ) ) ;
#688 = VERTEX_POINT ( 'NONE', #808 ) ;
#689 = ORIENTED_EDGE ( 'NONE', *, *, #1345, .T. ) ;
#690 = LINE ( 'NONE', #700, #1080 ) ;
#691 = VECTOR ( 'NONE', #1531, 1000.000000000000000 ) ;
#692 = CARTESIAN_POINT ( 'NONE',  ( -3.175000000000000711, -2.595422128626172054, -6.848097349045874083 ) ) ;
#693 = DIRECTION ( 'NONE',  ( 0.000000000000000000, 1.000000000000000000, 0.000000000000000000 ) ) ;
#694 = ORIENTED_EDGE ( 'NONE', *, *, #840, .F. ) ;
#695 = VERTEX_POINT ( 'NONE', #69 ) ;
#696 = CARTESIAN_POINT ( 'NONE',  ( -3.175000000000000711, -5.139000000000001123, -6.750000000000000000 ) ) ;
#697 = EDGE_CURVE ( 'NONE', #1375, #1470, #1666, .T. ) ;
#698 = ORIENTED_EDGE ( 'NONE', *, *, #251, .T. ) ;
#699 = EDGE_CURVE ( 'NONE', #1794, #2021, #954, .T. ) ;
#700 = CARTESIAN_POINT ( 'NONE',  ( 0.000000000000000000, -5.523072258617638397, -4.049999999999999822 ) ) ;
#701 = DIRECTION ( 'NONE',  ( 1.000000000000000000, 0.000000000000000000, -0.000000000000000000 ) ) ;
#702 = EDGE_CURVE ( 'NONE', #1457, #855, #1609, .T. ) ;
#703 = DIRECTION ( 'NONE',  ( 0.000000000000000000, 1.000000000000000000, 0.000000000000000000 ) ) ;
#704 = ORIENTED_EDGE ( 'NONE', *, *, #1932, .T. ) ;
#705 = ORIENTED_EDGE ( 'NONE', *, *, #2212, .F. ) ;
#706 = CARTESIAN_POINT ( 'NONE',  ( 0.8890000000000000124, 6.349999999999999645, -6.350000000000003197 ) ) ;
#707 = ORIENTED_EDGE ( 'NONE', *, *, #1858, .T. ) ;
#708 = AXIS2_PLACEMENT_3D ( 'NONE', #6, #1009, #2009 ) ;
#709 = APPROVAL_STATUS ( 'not_yet_approved' ) ;
#710 = AXIS2_PLACEMENT_3D ( 'NONE', #2065, #1648, #1846 ) ;
#711 = PLANE ( 'NONE',  #1762 ) ;
#712 = EDGE_CURVE ( 'NONE', #2059, #530, #1034, .T. ) ;
#713 = DESIGN_CONTEXT ( 'detailed design', #907, 'design' ) ;
#714 = FACE_OUTER_BOUND ( 'NONE', #484, .T. ) ;
#715 = AXIS2_PLACEMENT_3D ( 'NONE', #2544, #971, #1954 ) ;
#716 = FACE_OUTER_BOUND ( 'NONE', #1769, .T. ) ;
#717 = VERTEX_POINT ( 'NONE', #1019 ) ;
#718 = AXIS2_PLACEMENT_3D ( 'NONE', #823, #1381, #30 ) ;
#719 = ORIENTED_EDGE ( 'NONE', *, *, #1885, .T. ) ;
#720 = PERSON ( 'UNSPECIFIED', 'UNSPECIFIED', 'UNSPECIFIED', ('UNSPECIFIED'), ('UNSPECIFIED'), ('UNSPECIFIED') ) ;
#721 = DIRECTION ( 'NONE',  ( 0.000000000000000000, 1.000000000000000000, 1.084202172485504434E-16 ) ) ;
#722 = ORIENTED_EDGE ( 'NONE', *, *, #1051, .F. ) ;
#723 = APPROVAL_DATE_TIME ( #1500, #492 ) ;
#724 = PLANE ( 'NONE',  #245 ) ;
#725 = AXIS2_PLACEMENT_3D ( 'NONE', #2127, #2100, #1297 ) ;
#726 = DIRECTION ( 'NONE',  ( 0.000000000000000000, 1.000000000000000000, -8.115498896123167176E-15 ) ) ;
#727 = EDGE_CURVE ( 'NONE', #877, #144, #795, .T. ) ;
#728 = CARTESIAN_POINT ( 'NONE',  ( -2.061552812808830293, -5.139000000000001123, -5.949999999999999289 ) ) ;
#729 = ORIENTED_EDGE ( 'NONE', *, *, #912, .T. ) ;
#730 = ORIENTED_EDGE ( 'NONE', *, *, #2261, .F. ) ;
#731 = EDGE_CURVE ( 'NONE', #219, #517, #1534, .T. ) ;
#732 = CARTESIAN_POINT ( 'NONE',  ( -2.057911970479199493, -2.353224001008316524, -5.921718032118228336 ) ) ;
#733 = ADVANCED_FACE ( 'NONE', ( #1000 ), #1625, .T. ) ;
#734 = ORIENTED_EDGE ( 'NONE', *, *, #356, .T. ) ;
#735 = DIRECTION ( 'NONE',  ( 0.000000000000000000, -1.000000000000000000, 0.000000000000000000 ) ) ;
#736 = CARTESIAN_POINT ( 'NONE',  ( -2.197165962000668937, 6.750000000000000000, 5.495012552331538735 ) ) ;
#737 = DATE_TIME_ROLE ( 'creation_date' ) ;
#738 = LINE ( 'NONE', #2312, #766 ) ;
#739 = CARTESIAN_POINT ( 'NONE',  ( 4.174999999999999822, 6.349999999999999645, -6.350000000000003197 ) ) ;
#740 = CARTESIAN_POINT ( 'NONE',  ( 6.200000000000001066, 6.349999999999999645, -6.350000000000003197 ) ) ;
#741 = ORIENTED_EDGE ( 'NONE', *, *, #1402, .F. ) ;
#742 = AXIS2_PLACEMENT_3D ( 'NONE', #821, #1607, #1032 ) ;
#743 = PERSON_AND_ORGANIZATION_ROLE ( 'classification_officer' ) ;
#744 = VERTEX_POINT ( 'NONE', #429 ) ;
#745 = DIRECTION ( 'NONE',  ( -1.000000000000000000, -0.000000000000000000, -0.000000000000000000 ) ) ;
#746 = ORIENTED_EDGE ( 'NONE', *, *, #2316, .T. ) ;
#747 = EDGE_CURVE ( 'NONE', #1794, #121, #2004, .T. ) ;
#748 = LINE ( 'NONE', #598, #1011 ) ;
#749 = CARTESIAN_POINT ( 'NONE',  ( 0.1999999999999996503, 2.000000000000000000, -12.40000000000000036 ) ) ;
#750 = CIRCLE ( 'NONE', #2291, 3.174999999999998934 ) ;
#751 = CARTESIAN_POINT ( 'NONE',  ( 2.232710535457612888, -5.620762745781209269, -6.750000000000000000 ) ) ;
#752 = CARTESIAN_POINT ( 'NONE',  ( 6.200000000000000178, 0.000000000000000000, 0.000000000000000000 ) ) ;
#753 = CARTESIAN_POINT ( 'NONE',  ( 2.021666578221208432, -3.457121909598164233, -5.776513688756311105 ) ) ;
#754 = ORIENTED_EDGE ( 'NONE', *, *, #2489, .T. ) ;
#755 = LINE ( 'NONE', #2523, #1890 ) ;
#756 = AXIS2_PLACEMENT_3D ( 'NONE', #2529, #206, #1407 ) ;
#757 = EDGE_LOOP ( 'NONE', ( #2514, #1440, #1823, #2042, #2119, #2511, #1547, #2319 ) ) ;
#758 = EDGE_CURVE ( 'NONE', #1021, #1453, #60, .T. ) ;
#759 = CIRCLE ( 'NONE', #238, 0.7499999999999997780 ) ;
#760 = DIRECTION ( 'NONE',  ( 0.000000000000000000, 0.000000000000000000, -1.000000000000000000 ) ) ;
#761 = DIRECTION ( 'NONE',  ( 0.000000000000000000, -1.000000000000000000, 0.000000000000000000 ) ) ;
#762 = FACE_OUTER_BOUND ( 'NONE', #1475, .T. ) ;
#763 = DIRECTION ( 'NONE',  ( -1.000000000000000000, 0.000000000000000000, 0.000000000000000000 ) ) ;
#764 = CARTESIAN_POINT ( 'NONE',  ( 0.000000000000000000, -5.139000000000004675, -6.349999999999999645 ) ) ;
#765 = CARTESIAN_POINT ( 'NONE',  ( 0.6500000000000012434, 0.000000000000000000, -13.19425540319415724 ) ) ;
#766 = VECTOR ( 'NONE', #1526, 1000.000000000000000 ) ;
#767 = CARTESIAN_POINT ( 'NONE',  ( 2.254205848354697395, -5.555636450100673862, -5.949999999999999289 ) ) ;
#768 = ORIENTED_EDGE ( 'NONE', *, *, #917, .F. ) ;
#769 = VECTOR ( 'NONE', #554, 1000.000000000000000 ) ;
#770 = CARTESIAN_POINT ( 'NONE',  ( 0.1999999999999996503, 6.349999999999999645, -6.350000000000003197 ) ) ;
#771 = ORIENTED_EDGE ( 'NONE', *, *, #1115, .F. ) ;
#772 = ORIENTED_EDGE ( 'NONE', *, *, #900, .F. ) ;
#773 = ADVANCED_FACE ( 'NONE', ( #1176 ), #1615, .T. ) ;
#774 = CARTESIAN_POINT ( 'NONE',  ( 2.057850353472995941, 6.778611934655788929, 2.353605336466520814 ) ) ;
#775 = LINE ( 'NONE', #1030, #1393 ) ;
#776 = EDGE_CURVE ( 'NONE', #2059, #1202, #800, .T. ) ;
#777 = ORIENTED_EDGE ( 'NONE', *, *, #92, .T. ) ;
#778 = DIRECTION ( 'NONE',  ( -0.000000000000000000, -0.000000000000000000, -1.000000000000000000 ) ) ;
#779 =( BOUNDED_CURVE ( )  B_SPLINE_CURVE ( 3, ( #222, #1004, #402, #373 ),
 .UNSPECIFIED., .F., .T. ) 
 B_SPLINE_CURVE_WITH_KNOTS ( ( 4, 4 ),
 ( 1.810267798689539021, 1.921073213463466933 ),
 .UNSPECIFIED. ) 
 CURVE ( )  GEOMETRIC_REPRESENTATION_ITEM ( )  RATIONAL_B_SPLINE_CURVE ( ( 1.000000000000000000, 0.9989771083553060649, 0.9989771083553060649, 1.000000000000000000 ) ) 
 REPRESENTATION_ITEM ( '' )  );
#780 = DIRECTION ( 'NONE',  ( 1.000000000000000000, -0.000000000000000000, -0.000000000000000000 ) ) ;
#781 = DIRECTION ( 'NONE',  ( 0.000000000000000000, 0.000000000000000000, -1.000000000000000000 ) ) ;
#782 = CARTESIAN_POINT ( 'NONE',  ( -2.099990463092004322, 6.226330978498920032, 2.139040055015562825 ) ) ;
#783 = EDGE_LOOP ( 'NONE', ( #86, #348 ) ) ;
#784 = CYLINDRICAL_SURFACE ( 'NONE', #1806, 0.5000000000000000000 ) ;
#785 = ORIENTED_EDGE ( 'NONE', *, *, #1086, .T. ) ;
#786 = FACE_OUTER_BOUND ( 'NONE', #1721, .T. ) ;
#787 = CARTESIAN_POINT ( 'NONE',  ( 2.042738830444500220, 5.862819988147618844, 2.470636393497686267 ) ) ;
#788 = CARTESIAN_POINT ( 'NONE',  ( -3.175000000000000711, -5.138999999999997570, -5.629368422413532969 ) ) ;
#789 = LINE ( 'NONE', #2409, #477 ) ;
#790 = EDGE_LOOP ( 'NONE', ( #567, #1461, #2459, #1024, #1641, #705 ) ) ;
#791 = CARTESIAN_POINT ( 'NONE',  ( -1.972483239316685122, -5.138999999999997570, -5.629368422413532969 ) ) ;
#792 = CARTESIAN_POINT ( 'NONE',  ( 0.8890000000000000124, 6.349999999999999645, -6.350000000000003197 ) ) ;
#793 = EDGE_CURVE ( 'NONE', #1637, #1667, #1770, .T. ) ;
#794 = PLANE ( 'NONE',  #1703 ) ;
#795 = CIRCLE ( 'NONE', #1536, 3.174999999999999822 ) ;
#796 = DIRECTION ( 'NONE',  ( 0.000000000000000000, -1.000000000000000000, 0.000000000000000000 ) ) ;
#797 = ORIENTED_EDGE ( 'NONE', *, *, #1124, .T. ) ;
#798 = VECTOR ( 'NONE', #972, 1000.000000000000000 ) ;
#799 = CIRCLE ( 'NONE', #2123, 3.174999999999998934 ) ;
#800 = LINE ( 'NONE', #1964, #386 ) ;
#801 = DIRECTION ( 'NONE',  ( 1.000000000000000000, 0.000000000000000000, 0.000000000000000000 ) ) ;
#802 = VECTOR ( 'NONE', #2175, 1000.000000000000000 ) ;
#803 = DIRECTION ( 'NONE',  ( 0.000000000000000000, 1.000000000000000000, 0.000000000000000000 ) ) ;
#804 = LINE ( 'NONE', #2542, #321 ) ;
#805 = VERTEX_POINT ( 'NONE', #1401 ) ;
#806 = CARTESIAN_POINT ( 'NONE',  ( 6.200000000000001066, 6.349999999999999645, -12.40000000000000213 ) ) ;
#807 = CARTESIAN_POINT ( 'NONE',  ( 4.174999999999999822, 11.40000000000000036, -2.000000000000000000 ) ) ;
#808 = CARTESIAN_POINT ( 'NONE',  ( 2.174999999999999822, 1.999999999999999112, -2.000000000000000000 ) ) ;
#809 = EDGE_CURVE ( 'NONE', #2019, #860, #2252, .T. ) ;
#810 = DIRECTION ( 'NONE',  ( -1.000000000000000000, -0.000000000000000000, -0.000000000000000000 ) ) ;
#811 = ORIENTED_EDGE ( 'NONE', *, *, #702, .T. ) ;
#812 = VERTEX_POINT ( 'NONE', #408 ) ;
#813 = EDGE_CURVE ( 'NONE', #114, #1224, #2389, .T. ) ;
#814 = CIRCLE ( 'NONE', #495, 5.049999999999997158 ) ;
#815 = EDGE_CURVE ( 'NONE', #2555, #2059, #213, .T. ) ;
#816 = CARTESIAN_POINT ( 'NONE',  ( -2.021666578221207988, -3.457121909598164233, -6.923486311243689073 ) ) ;
#817 = CARTESIAN_POINT ( 'NONE',  ( 2.602085213965210642E-15, 12.40000000000000036, 0.000000000000000000 ) ) ;
#818 = CARTESIAN_POINT ( 'NONE',  ( 3.888253587292846081E-16, 0.000000000000000000, -3.174999999999999822 ) ) ;
#819 = CARTESIAN_POINT ( 'NONE',  ( -2.571758278209442943E-16, 8.449999999999999289, 5.439000000000000945 ) ) ;
#820 = ORIENTED_EDGE ( 'NONE', *, *, #1943, .T. ) ;
#821 = CARTESIAN_POINT ( 'NONE',  ( 0.1999999999999996503, 6.349999999999999645, -6.350000000000003197 ) ) ;
#822 = DIRECTION ( 'NONE',  ( -0.000000000000000000, 1.000000000000000000, 0.000000000000000000 ) ) ;
#823 = CARTESIAN_POINT ( 'NONE',  ( 0.000000000000000000, 6.349999999999999645, 5.620762745781207492 ) ) ;
#824 = ORIENTED_EDGE ( 'NONE', *, *, #2230, .F. ) ;
#825 = ORIENTED_EDGE ( 'NONE', *, *, #539, .T. ) ;
#826 = LINE ( 'NONE', #1026, #1786 ) ;
#827 = EDGE_CURVE ( 'NONE', #223, #94, #427, .T. ) ;
#828 = CARTESIAN_POINT ( 'NONE',  ( 2.061552812808830293, -5.439000000000000945, -5.949999999999999289 ) ) ;
#829 = DIRECTION ( 'NONE',  ( -1.000000000000000000, 0.000000000000000000, 0.000000000000000000 ) ) ;
#830 = APPLICATION_CONTEXT ( 'configuration controlled 3d designs of mechanical parts and assemblies' ) ;
#831 = EDGE_LOOP ( 'NONE', ( #141, #306, #392, #985, #374, #1588 ) ) ;
#832 = LINE ( 'NONE', #1856, #1955 ) ;
#833 = DIRECTION ( 'NONE',  ( 1.000000000000000000, 0.000000000000000000, 0.000000000000000000 ) ) ;
#834 = DIRECTION ( 'NONE',  ( 0.000000000000000000, -0.3875155864520939408, -0.9218631515885042926 ) ) ;
#835 = ORIENTED_EDGE ( 'NONE', *, *, #561, .F. ) ;
#836 = ORIENTED_EDGE ( 'NONE', *, *, #2290, .T. ) ;
#837 = CIRCLE ( 'NONE', #341, 2.299999999999999822 ) ;
#838 = CARTESIAN_POINT ( 'NONE',  ( 6.200000000000000178, 12.40000000000000036, -2.000000000000000000 ) ) ;
#839 = CARTESIAN_POINT ( 'NONE',  ( 0.000000000000000000, 8.449999999999999289, 5.439000000000000945 ) ) ;
#840 = EDGE_CURVE ( 'NONE', #1244, #1470, #1126, .T. ) ;
#841 = CARTESIAN_POINT ( 'NONE',  ( 2.197165962000668493, -5.495012552331537847, -6.750000000000000000 ) ) ;
#842 = VECTOR ( 'NONE', #1638, 1000.000000000000000 ) ;
#843 = ORIENTED_EDGE ( 'NONE', *, *, #1569, .T. ) ;
#844 = CARTESIAN_POINT ( 'NONE',  ( 6.200000000000000178, 12.40000000000000036, -2.000000000000000000 ) ) ;
#845 = DIRECTION ( 'NONE',  ( 0.000000000000000000, 0.000000000000000000, -1.000000000000000000 ) ) ;
#846 = EDGE_CURVE ( 'NONE', #2310, #862, #826, .T. ) ;
#847 = DIRECTION ( 'NONE',  ( -1.000000000000000000, 0.000000000000000000, 0.000000000000000000 ) ) ;
#848 = VECTOR ( 'NONE', #1206, 1000.000000000000227 ) ;
#849 = DIRECTION ( 'NONE',  ( 0.000000000000000000, 0.000000000000000000, -1.000000000000000000 ) ) ;
#850 = VERTEX_POINT ( 'NONE', #57 ) ;
#851 = ORIENTED_EDGE ( 'NONE', *, *, #1694, .T. ) ;
#852 = DIRECTION ( 'NONE',  ( -1.000000000000000000, 0.000000000000000000, -0.000000000000000000 ) ) ;
#853 = CARTESIAN_POINT ( 'NONE',  ( 6.200000000000000178, 1.999999999999999112, -2.000000000000000000 ) ) ;
#854 = ADVANCED_FACE ( 'NONE', ( #2414 ), #1040, .F. ) ;
#855 = VERTEX_POINT ( 'NONE', #635 ) ;
#856 = CARTESIAN_POINT ( 'NONE',  ( 0.000000000000000000, -0.8890000000000009006, -6.349999999999999645 ) ) ;
#857 = CARTESIAN_POINT ( 'NONE',  ( 0.000000000000000000, 6.349999999999999645, 6.139000000000000234 ) ) ;
#858 = ADVANCED_FACE ( 'NONE', ( #1413 ), #2428, .T. ) ;
#859 = CARTESIAN_POINT ( 'NONE',  ( 0.000000000000000000, -5.439000000000000945, -8.449999999999999289 ) ) ;
#860 = VERTEX_POINT ( 'NONE', #1613 ) ;
#861 = ORIENTED_EDGE ( 'NONE', *, *, #577, .F. ) ;
#862 = VERTEX_POINT ( 'NONE', #2222 ) ;
#863 = FACE_OUTER_BOUND ( 'NONE', #2003, .T. ) ;
#864 = DIRECTION ( 'NONE',  ( 1.000000000000000000, 0.000000000000000000, 0.000000000000000000 ) ) ;
#865 = SECURITY_CLASSIFICATION ( '', '', #1730 ) ;
#866 = ORIENTED_EDGE ( 'NONE', *, *, #900, .T. ) ;
#867 = CARTESIAN_POINT ( 'NONE',  ( 0.000000000000000000, -0.8890000000000009006, -6.349999999999999645 ) ) ;
#868 = CARTESIAN_POINT ( 'NONE',  ( 2.232710535457612888, -5.620762745781209269, -5.949999999999999289 ) ) ;
#869 = DIRECTION ( 'NONE',  ( -1.000000000000000000, -0.000000000000000000, -0.000000000000000000 ) ) ;
#870 = ORIENTED_EDGE ( 'NONE', *, *, #2162, .T. ) ;
#871 = EDGE_CURVE ( 'NONE', #1453, #1963, #622, .T. ) ;
#872 = ORIENTED_EDGE ( 'NONE', *, *, #1086, .F. ) ;
#873 = CARTESIAN_POINT ( 'NONE',  ( -1.999113491775012852, 6.997740341250763940, 4.305849356269922268 ) ) ;
#874 = VECTOR ( 'NONE', #928, 1000.000000000000000 ) ;
#875 = CARTESIAN_POINT ( 'NONE',  ( 0.000000000000000000, 4.249999999999999112, 5.439000000000000945 ) ) ;
#876 = ORIENTED_EDGE ( 'NONE', *, *, #1943, .F. ) ;
#877 = VERTEX_POINT ( 'NONE', #448 ) ;
#878 =( LENGTH_UNIT ( ) NAMED_UNIT ( * ) SI_UNIT ( .MILLI., .METRE. ) );
#879 = DIRECTION ( 'NONE',  ( 0.000000000000000000, -1.000000000000000000, 0.000000000000000000 ) ) ;
#880 = CIRCLE ( 'NONE', #2217, 2.100000000000000089 ) ;
#881 = CONICAL_SURFACE ( 'NONE', #1752, 2.099999999999999645, 1.172861257340199304 ) ;
#882 = AXIS2_PLACEMENT_3D ( 'NONE', #1541, #1728, #1556 ) ;
#883 = FACE_OUTER_BOUND ( 'NONE', #669, .T. ) ;
#884 = AXIS2_PLACEMENT_3D ( 'NONE', #1874, #48, #1221 ) ;
#885 = VERTEX_POINT ( 'NONE', #242 ) ;
#886 = EDGE_CURVE ( 'NONE', #2036, #2488, #944, .T. ) ;
#887 = EDGE_LOOP ( 'NONE', ( #1197, #1520, #1866, #254, #1268, #632, #1606, #1683, #520, #1317, #100, #1861 ) ) ;
#888 = DIRECTION ( 'NONE',  ( -0.000000000000000000, 1.000000000000000000, 0.000000000000000000 ) ) ;
#889 = EDGE_CURVE ( 'NONE', #1903, #376, #789, .T. ) ;
#890 = EDGE_CURVE ( 'NONE', #1637, #223, #2457, .T. ) ;
#891 = ORIENTED_EDGE ( 'NONE', *, *, #1039, .F. ) ;
#892 = TOROIDAL_SURFACE ( 'NONE', #565, 1.554966049364602254, 0.7500000000000000000 ) ;
#893 = CARTESIAN_POINT ( 'NONE',  ( -2.243459280444428217, -5.588199955838117461, -5.949999999999999289 ) ) ;
#894 = CIRCLE ( 'NONE', #2017, 5.049999999999997158 ) ;
#895 = LINE ( 'NONE', #2053, #2495 ) ;
#896 = DIRECTION ( 'NONE',  ( 0.000000000000000000, -8.115498896123205041E-15, 1.000000000000000000 ) ) ;
#897 = ORIENTED_EDGE ( 'NONE', *, *, #1194, .F. ) ;
#898 = ORIENTED_EDGE ( 'NONE', *, *, #1902, .F. ) ;
#899 = FACE_OUTER_BOUND ( 'NONE', #2450, .T. ) ;
#900 = EDGE_CURVE ( 'NONE', #717, #1494, #428, .T. ) ;
#901 = ORIENTED_EDGE ( 'NONE', *, *, #1115, .T. ) ;
#902 = DIRECTION ( 'NONE',  ( 0.000000000000000000, -1.000000000000000000, -8.115498896123167176E-15 ) ) ;
#903 = DIRECTION ( 'NONE',  ( 0.000000000000000000, -0.000000000000000000, -1.000000000000000000 ) ) ;
#904 = DIRECTION ( 'NONE',  ( -1.000000000000000000, -0.000000000000000000, 0.000000000000000000 ) ) ;
#905 = ORIENTED_EDGE ( 'NONE', *, *, #1962, .F. ) ;
#906 = APPROVAL_DATE_TIME ( #1716, #33 ) ;
#907 = APPLICATION_CONTEXT ( 'configuration controlled 3d designs of mechanical parts and assemblies' ) ;
#908 = ORIENTED_EDGE ( 'NONE', *, *, #666, .F. ) ;
#909 = FACE_OUTER_BOUND ( 'NONE', #2150, .T. ) ;
#910 = VERTEX_POINT ( 'NONE', #1972 ) ;
#911 = AXIS2_PLACEMENT_3D ( 'NONE', #1139, #1329, #1927 ) ;
#912 = EDGE_CURVE ( 'NONE', #2485, #56, #987, .T. ) ;
#913 = MECHANICAL_CONTEXT ( 'NONE', #830, 'mechanical' ) ;
#914 = AXIS2_PLACEMENT_3D ( 'NONE', #441, #1394, #1777 ) ;
#915 = CARTESIAN_POINT ( 'NONE',  ( -3.175000000000000711, -5.138999999999997570, -7.070631577586467209 ) ) ;
#916 = DIRECTION ( 'NONE',  ( 0.000000000000000000, -0.000000000000000000, -1.000000000000000000 ) ) ;
#917 = EDGE_CURVE ( 'NONE', #2478, #1937, #605, .T. ) ;
#918 = CIRCLE ( 'NONE', #1672, 2.299999999999999822 ) ;
#919 = CARTESIAN_POINT ( 'NONE',  ( 0.000000000000000000, 5.949999999999999289, 6.139000000000000234 ) ) ;
#920 = ORIENTED_EDGE ( 'NONE', *, *, #1537, .F. ) ;
#921 = VECTOR ( 'NONE', #631, 1000.000000000000000 ) ;
#922 = DATE_AND_TIME ( #2095, #2525 ) ;
#923 = ORIENTED_EDGE ( 'NONE', *, *, #2332, .F. ) ;
#924 = FACE_OUTER_BOUND ( 'NONE', #1157, .T. ) ;
#925 = ORIENTED_EDGE ( 'NONE', *, *, #2109, .T. ) ;
#926 = EDGE_LOOP ( 'NONE', ( #1706, #785, #1851, #498 ) ) ;
#927 =( BOUNDED_CURVE ( )  B_SPLINE_CURVE ( 3, ( #304, #327, #873, #686 ),
 .UNSPECIFIED., .F., .T. ) 
 B_SPLINE_CURVE_WITH_KNOTS ( ( 4, 4 ),
 ( 1.810267798689539687, 1.921073213463467599 ),
 .UNSPECIFIED. ) 
 CURVE ( )  GEOMETRIC_REPRESENTATION_ITEM ( )  RATIONAL_B_SPLINE_CURVE ( ( 1.000000000000000000, 0.9989771083553060649, 0.9989771083553060649, 1.000000000000000000 ) ) 
 REPRESENTATION_ITEM ( '' )  );
#928 = DIRECTION ( 'NONE',  ( 0.000000000000000000, -3.987870059716794835E-16, -1.000000000000000000 ) ) ;
#929 = CALENDAR_DATE ( 2022, 6, 6 ) ;
#930 = FACE_BOUND ( 'NONE', #1306, .T. ) ;
#931 = EDGE_CURVE ( 'NONE', #2043, #717, #1910, .T. ) ;
#932 = AXIS2_PLACEMENT_3D ( 'NONE', #1952, #1373, #1673 ) ;
#933 = CIRCLE ( 'NONE', #119, 5.049999999999997158 ) ;
#934 = DIRECTION ( 'NONE',  ( 0.000000000000000000, 8.340016711426958986E-17, -1.000000000000000000 ) ) ;
#935 = FACE_OUTER_BOUND ( 'NONE', #210, .T. ) ;
#936 = EDGE_CURVE ( 'NONE', #2068, #1886, #2375, .T. ) ;
#937 = ORIENTED_EDGE ( 'NONE', *, *, #1460, .T. ) ;
#938 = ORIENTED_EDGE ( 'NONE', *, *, #1345, .F. ) ;
#939 = DIRECTION ( 'NONE',  ( 0.000000000000000000, -0.000000000000000000, -1.000000000000000000 ) ) ;
#940 = ORIENTED_EDGE ( 'NONE', *, *, #685, .F. ) ;
#941 = CARTESIAN_POINT ( 'NONE',  ( 2.040073290564207831, -2.595422128626172054, -5.851902650954126983 ) ) ;
#942 = DIRECTION ( 'NONE',  ( 1.000000000000000000, -0.000000000000000000, -0.000000000000000000 ) ) ;
#943 = CARTESIAN_POINT ( 'NONE',  ( 4.174999999999999822, 6.349999999999999645, -6.350000000000003197 ) ) ;
#944 =( BOUNDED_CURVE ( )  B_SPLINE_CURVE ( 3, ( #1079, #2074, #237, #420 ),
 .UNSPECIFIED., .F., .T. ) 
 B_SPLINE_CURVE_WITH_KNOTS ( ( 4, 4 ),
 ( 4.362112093716119077, 4.472917508490047211 ),
 .UNSPECIFIED. ) 
 CURVE ( )  GEOMETRIC_REPRESENTATION_ITEM ( )  RATIONAL_B_SPLINE_CURVE ( ( 1.000000000000000000, 0.9989771083553060649, 0.9989771083553060649, 1.000000000000000000 ) ) 
 REPRESENTATION_ITEM ( '' )  );
#945 = CARTESIAN_POINT ( 'NONE',  ( -2.264950330581225746, 5.949999999999999289, 5.523072258617638397 ) ) ;
#946 = CARTESIAN_POINT ( 'NONE',  ( 0.1999999999999996503, 6.349999999999999645, -6.350000000000003197 ) ) ;
#947 = FACE_OUTER_BOUND ( 'NONE', #1469, .T. ) ;
#948 = EDGE_CURVE ( 'NONE', #1276, #2219, #1331, .T. ) ;
#949 = ORIENTED_EDGE ( 'NONE', *, *, #1154, .F. ) ;
#950 = DIRECTION ( 'NONE',  ( 0.000000000000000000, 1.000000000000000000, 0.000000000000000000 ) ) ;
#951 = ORIENTED_EDGE ( 'NONE', *, *, #475, .T. ) ;
#952 = DIRECTION ( 'NONE',  ( 0.000000000000000000, 0.000000000000000000, 1.000000000000000000 ) ) ;
#953 = CARTESIAN_POINT ( 'NONE',  ( 0.000000000000000000, -5.389000000000001123, -6.349999999999999645 ) ) ;
#954 = CIRCLE ( 'NONE', #2419, 2.268258436585969040 ) ;
#955 = DIRECTION ( 'NONE',  ( 0.000000000000000000, 0.000000000000000000, -1.000000000000000000 ) ) ;
#956 = DIRECTION ( 'NONE',  ( -0.000000000000000000, -0.000000000000000000, 1.000000000000000000 ) ) ;
#957 = B_SPLINE_CURVE_WITH_KNOTS ( 'NONE', 3,
 ( #76, #841, #1635, #2263 ),
 .UNSPECIFIED., .F., .F.,
 ( 4, 4 ),
 ( 0.003029541235337106318, 0.003249628748158704759 ),
 .UNSPECIFIED. ) ;
#958 = CARTESIAN_POINT ( 'NONE',  ( -2.264950330581225746, -5.523072258617638397, -6.750000000000000000 ) ) ;
#959 = EDGE_LOOP ( 'NONE', ( #363, #1449, #1232, #2045, #2427, #1089, #951 ) ) ;
#960 = CARTESIAN_POINT ( 'NONE',  ( -2.100009524403047223, -2.138959997505216926, -6.226655079663199643 ) ) ;
#961 = ADVANCED_FACE ( 'NONE', ( #2215, #400 ), #40, .T. ) ;
#962 = AXIS2_PLACEMENT_3D ( 'NONE', #1527, #1504, #934 ) ;
#963 = VERTEX_POINT ( 'NONE', #383 ) ;
#964 = AXIS2_PLACEMENT_3D ( 'NONE', #1415, #435, #1219 ) ;
#965 = EDGE_CURVE ( 'NONE', #224, #403, #1257, .T. ) ;
#966 = DIRECTION ( 'NONE',  ( 1.000000000000000000, 0.000000000000000000, 0.000000000000000000 ) ) ;
#967 = EDGE_CURVE ( 'NONE', #503, #855, #2201, .T. ) ;
#968 = DIRECTION ( 'NONE',  ( 0.000000000000000000, 1.000000000000000000, 0.000000000000000000 ) ) ;
#969 = CARTESIAN_POINT ( 'NONE',  ( 0.000000000000000000, -5.438999999999999169, -6.349999999999999645 ) ) ;
#970 = ORIENTED_EDGE ( 'NONE', *, *, #541, .T. ) ;
#971 = DIRECTION ( 'NONE',  ( 0.000000000000000000, 0.000000000000000000, 1.000000000000000000 ) ) ;
#972 = DIRECTION ( 'NONE',  ( -1.000000000000000000, -0.000000000000000000, -0.000000000000000000 ) ) ;
#973 = DIRECTION ( 'NONE',  ( 0.000000000000000000, -1.000000000000000000, 0.000000000000000000 ) ) ;
#974 = CIRCLE ( 'NONE', #362, 6.049999999999998046 ) ;
#975 = CARTESIAN_POINT ( 'NONE',  ( 2.232710535457612888, -5.620762745781209269, -5.949999999999999289 ) ) ;
#976 = VERTEX_POINT ( 'NONE', #1167 ) ;
#977 = LINE ( 'NONE', #594, #453 ) ;
#978 = ORIENTED_EDGE ( 'NONE', *, *, #1772, .F. ) ;
#979 = CARTESIAN_POINT ( 'NONE',  ( -3.175000000000000711, -5.139000000000001123, -6.750000000000000000 ) ) ;
#980 = CARTESIAN_POINT ( 'NONE',  ( 2.061552812808830293, -5.139000000000001123, -5.949999999999999289 ) ) ;
#981 = DIRECTION ( 'NONE',  ( -0.000000000000000000, -0.000000000000000000, -1.000000000000000000 ) ) ;
#982 = EDGE_CURVE ( 'NONE', #976, #2515, #1623, .T. ) ;
#983 = CARTESIAN_POINT ( 'NONE',  ( -1.502637486114517751, 6.750000000000000000, 6.139000000000000234 ) ) ;
#984 = CC_DESIGN_DATE_AND_TIME_ASSIGNMENT ( #339, #737, ( #411 ) ) ;
#985 = ORIENTED_EDGE ( 'NONE', *, *, #438, .F. ) ;
#986 = DIRECTION ( 'NONE',  ( -0.000000000000000000, -0.000000000000000000, 1.000000000000000000 ) ) ;
#987 = LINE ( 'NONE', #2366, #2040 ) ;
#988 = DIRECTION ( 'NONE',  ( 0.000000000000000000, 0.000000000000000000, -1.000000000000000000 ) ) ;
#989 = CARTESIAN_POINT ( 'NONE',  ( -2.264950330581225746, 5.949999999999999289, 5.523072258617638397 ) ) ;
#990 = ORIENTED_EDGE ( 'NONE', *, *, #2432, .T. ) ;
#991 = DIRECTION ( 'NONE',  ( -0.000000000000000000, 1.000000000000000000, 0.000000000000000000 ) ) ;
#992 = ORIENTED_EDGE ( 'NONE', *, *, #712, .T. ) ;
#993 = CARTESIAN_POINT ( 'NONE',  ( 0.000000000000000000, -0.8890000000000009006, -4.249999999999999112 ) ) ;
#994 = CARTESIAN_POINT ( 'NONE',  ( -2.571758278209442943E-16, 8.449999999999999289, 0.8889999999999991243 ) ) ;
#995 = CARTESIAN_POINT ( 'NONE',  ( 0.000000000000000000, -5.620762745781209269, -6.349999999999999645 ) ) ;
#996 = ADVANCED_FACE ( 'NONE', ( #630 ), #1597, .T. ) ;
#997 = ORIENTED_EDGE ( 'NONE', *, *, #1205, .T. ) ;
#998 = CARTESIAN_POINT ( 'NONE',  ( -2.040073290564207831, -2.595422128626172054, -5.851902650954126983 ) ) ;
#999 = CARTESIAN_POINT ( 'NONE',  ( 6.200000000000000178, 2.000000000000000000, -12.40000000000000036 ) ) ;
#1000 = FACE_OUTER_BOUND ( 'NONE', #1651, .T. ) ;
#1001 = EDGE_CURVE ( 'NONE', #113, #248, #1198, .T. ) ;
#1002 = VECTOR ( 'NONE', #2008, 1000.000000000000000 ) ;
#1003 = EDGE_CURVE ( 'NONE', #2508, #2327, #644, .T. ) ;
#1004 = CARTESIAN_POINT ( 'NONE',  ( 2.021666578221208432, 5.776513688756312881, 3.457121909598157128 ) ) ;
#1005 = EDGE_LOOP ( 'NONE', ( #2061, #509, #389, #1981, #1743, #2189, #295, #2185, #1007, #134 ) ) ;
#1006 = VECTOR ( 'NONE', #1820, 1000.000000000000000 ) ;
#1007 = ORIENTED_EDGE ( 'NONE', *, *, #28, .F. ) ;
#1008 = VECTOR ( 'NONE', #128, 1000.000000000000000 ) ;
#1009 = DIRECTION ( 'NONE',  ( 0.000000000000000000, 0.000000000000000000, 1.000000000000000000 ) ) ;
#1010 = LINE ( 'NONE', #2415, #1841 ) ;
#1011 = VECTOR ( 'NONE', #1573, 1000.000000000000000 ) ;
#1012 = VECTOR ( 'NONE', #2255, 1000.000000000000000 ) ;
#1013 = DIRECTION ( 'NONE',  ( 0.000000000000000000, 0.000000000000000000, -1.000000000000000000 ) ) ;
#1014 = AXIS2_PLACEMENT_3D ( 'NONE', #1510, #293, #501 ) ;
#1015 = DIRECTION ( 'NONE',  ( -1.000000000000000000, 0.000000000000000000, -0.000000000000000000 ) ) ;
#1016 = ORIENTED_EDGE ( 'NONE', *, *, #268, .F. ) ;
#1017 = CYLINDRICAL_SURFACE ( 'NONE', #742, 5.049999999999997158 ) ;
#1018 = DIRECTION ( 'NONE',  ( 0.000000000000000000, -1.000000000000000000, -0.000000000000000000 ) ) ;
#1019 = CARTESIAN_POINT ( 'NONE',  ( 0.8890000000000000124, 6.349999999999999645, -3.175000000000003819 ) ) ;
#1020 = CARTESIAN_POINT ( 'NONE',  ( 5.460999999999999410, 6.349999999999999645, -9.525000000000002132 ) ) ;
#1021 = VERTEX_POINT ( 'NONE', #52 ) ;
#1022 = ADVANCED_FACE ( 'NONE', ( #29 ), #1956, .T. ) ;
#1023 = AXIS2_PLACEMENT_3D ( 'NONE', #546, #1332, #1904 ) ;
#1024 = ORIENTED_EDGE ( 'NONE', *, *, #1245, .F. ) ;
#1025 = VECTOR ( 'NONE', #129, 1000.000000000000000 ) ;
#1026 = CARTESIAN_POINT ( 'NONE',  ( -6.200000000000000178, 12.40099999999999802, -6.344255403194157594 ) ) ;
#1027 = LINE ( 'NONE', #281, #231 ) ;
#1028 = CARTESIAN_POINT ( 'NONE',  ( -2.061552812808830293, 5.949999999999999289, 5.439000000000000945 ) ) ;
#1029 = B_SPLINE_CURVE_WITH_KNOTS ( 'NONE', 3,
 ( #458, #2029, #1047, #2458, #105, #497 ),
 .UNSPECIFIED., .F., .F.,
 ( 4, 2, 4 ),
 ( 0.000000000000000000, 0.0004757001404452620443, 0.0009514002808905245223 ),
 .UNSPECIFIED. ) ;
#1030 = CARTESIAN_POINT ( 'NONE',  ( 6.200000000000000178, 0.000000000000000000, -12.40000000000000036 ) ) ;
#1031 = ORIENTED_EDGE ( 'NONE', *, *, #1194, .T. ) ;
#1032 = DIRECTION ( 'NONE',  ( 0.000000000000000000, 0.000000000000000000, -1.000000000000000000 ) ) ;
#1033 = CARTESIAN_POINT ( 'NONE',  ( 6.200000000000000178, 0.000000000000000000, 0.000000000000000000 ) ) ;
#1034 = LINE ( 'NONE', #1821, #1496 ) ;
#1035 = B_SPLINE_CURVE_WITH_KNOTS ( 'NONE', 3,
 ( #1660, #1845, #2408, #1803 ),
 .UNSPECIFIED., .F., .F.,
 ( 4, 4 ),
 ( 0.003655977453372194312, 0.003758849537120530649 ),
 .UNSPECIFIED. ) ;
#1036 = CARTESIAN_POINT ( 'NONE',  ( 0.1999999999999996503, 11.40000000000000036, -2.000000000000000000 ) ) ;
#1037 = VERTEX_POINT ( 'NONE', #807 ) ;
#1038 = ORIENTED_EDGE ( 'NONE', *, *, #1965, .T. ) ;
#1039 = EDGE_CURVE ( 'NONE', #2443, #1244, #2285, .T. ) ;
#1040 = PLANE ( 'NONE',  #673 ) ;
#1041 = DIRECTION ( 'NONE',  ( 0.000000000000000000, -8.340016711426957754E-17, 1.000000000000000000 ) ) ;
#1042 = EDGE_CURVE ( 'NONE', #2259, #1338, #551, .T. ) ;
#1043 = CARTESIAN_POINT ( 'NONE',  ( 0.1999999999999996503, 2.000000000000000000, -11.40000000000000036 ) ) ;
#1044 = ORIENTED_EDGE ( 'NONE', *, *, #627, .T. ) ;
#1045 = CARTESIAN_POINT ( 'NONE',  ( -2.232710535457612888, -5.620762745781209269, -6.750000000000000000 ) ) ;
#1046 = LINE ( 'NONE', #692, #1834 ) ;
#1047 = CARTESIAN_POINT ( 'NONE',  ( -2.083236664664702253, 5.949999999999999289, 5.905597390643909428 ) ) ;
#1048 = ORIENTED_EDGE ( 'NONE', *, *, #387, .T. ) ;
#1049 = VECTOR ( 'NONE', #23, 1000.000000000000114 ) ;
#1050 = ORIENTED_EDGE ( 'NONE', *, *, #1227, .F. ) ;
#1051 = EDGE_CURVE ( 'NONE', #1571, #2413, #1472, .T. ) ;
#1052 = CARTESIAN_POINT ( 'NONE',  ( 6.200000000000000178, 12.40000000000000036, 0.000000000000000000 ) ) ;
#1053 = AXIS2_PLACEMENT_3D ( 'NONE', #2199, #604, #426 ) ;
#1054 = ADVANCED_FACE ( 'NONE', ( #1059, #1882 ), #310, .T. ) ;
#1055 = DIRECTION ( 'NONE',  ( -0.000000000000000000, -1.000000000000000000, -0.000000000000000000 ) ) ;
#1056 = AXIS2_PLACEMENT_3D ( 'NONE', #1835, #93, #849 ) ;
#1057 = ORIENTED_EDGE ( 'NONE', *, *, #95, .T. ) ;
#1058 = CARTESIAN_POINT ( 'NONE',  ( 0.000000000000000000, 0.000000000000000000, -6.349999999999999645 ) ) ;
#1059 = FACE_OUTER_BOUND ( 'NONE', #2204, .T. ) ;
#1060 = DIRECTION ( 'NONE',  ( 0.000000000000000000, -1.000000000000000000, 8.115498896123205041E-15 ) ) ;
#1061 = ORIENTED_EDGE ( 'NONE', *, *, #1312, .F. ) ;
#1062 = B_SPLINE_CURVE_WITH_KNOTS ( 'NONE', 3,
 ( #983, #2406, #397, #2183, #437, #1575 ),
 .UNSPECIFIED., .F., .F.,
 ( 4, 2, 4 ),
 ( 0.000000000000000000, 0.0004757428370953075401, 0.0009514856741906150802 ),
 .UNSPECIFIED. ) ;
#1063 = EDGE_LOOP ( 'NONE', ( #970, #2272, #1810, #31 ) ) ;
#1064 = VERTEX_POINT ( 'NONE', #2436 ) ;
#1065 = FACE_OUTER_BOUND ( 'NONE', #301, .T. ) ;
#1066 = CIRCLE ( 'NONE', #450, 2.268258436585969040 ) ;
#1067 = CARTESIAN_POINT ( 'NONE',  ( 1.972483239316684234, 7.070631577586467209, 5.138999999999997570 ) ) ;
#1068 = EDGE_CURVE ( 'NONE', #1886, #2068, #1995, .T. ) ;
#1069 = ORIENTED_EDGE ( 'NONE', *, *, #758, .T. ) ;
#1070 = CARTESIAN_POINT ( 'NONE',  ( 0.8890000000000000124, 6.349999999999999645, -8.450000000000002842 ) ) ;
#1071 = LINE ( 'NONE', #1435, #2228 ) ;
#1072 = CARTESIAN_POINT ( 'NONE',  ( 4.174999999999999822, 6.349999999999999645, -12.40000000000000213 ) ) ;
#1073 = EDGE_LOOP ( 'NONE', ( #55, #866, #2460, #1486 ) ) ;
#1074 = ORIENTED_EDGE ( 'NONE', *, *, #2157, .T. ) ;
#1075 = VERTEX_POINT ( 'NONE', #480 ) ;
#1076 = DIRECTION ( 'NONE',  ( 0.000000000000000000, 0.9961946980917461003, -0.08715574274765176821 ) ) ;
#1077 = CARTESIAN_POINT ( 'NONE',  ( -3.175000000000000711, -5.139000000000001123, -5.949999999999999289 ) ) ;
#1078 = ORIENTED_EDGE ( 'NONE', *, *, #846, .F. ) ;
#1079 = CARTESIAN_POINT ( 'NONE',  ( -1.972483239316685122, 5.629368422413532969, 5.138999999999997570 ) ) ;
#1080 = VECTOR ( 'NONE', #126, 1000.000000000000114 ) ;
#1081 = EDGE_LOOP ( 'NONE', ( #556, #1682 ) ) ;
#1082 = DIRECTION ( 'NONE',  ( 0.000000000000000000, 0.000000000000000000, -1.000000000000000000 ) ) ;
#1083 = EDGE_CURVE ( 'NONE', #528, #2282, #1498, .T. ) ;
#1084 = UNCERTAINTY_MEASURE_WITH_UNIT (LENGTH_MEASURE( 1.000000000000000082E-05 ), #878, 'distance_accuracy_value', 'NONE');
#1085 = LINE ( 'NONE', #289, #2465 ) ;
#1086 = EDGE_CURVE ( 'NONE', #1355, #19, #1463, .T. ) ;
#1087 = EDGE_LOOP ( 'NONE', ( #2245, #616, #1659, #1848, #1069, #698 ) ) ;
#1088 = EDGE_CURVE ( 'NONE', #2282, #1093, #1348, .T. ) ;
#1089 = ORIENTED_EDGE ( 'NONE', *, *, #2180, .F. ) ;
#1090 = DIRECTION ( 'NONE',  ( -1.000000000000000000, -0.000000000000000000, -0.000000000000000000 ) ) ;
#1091 = VECTOR ( 'NONE', #1414, 1000.000000000000000 ) ;
#1092 = B_SPLINE_CURVE_WITH_KNOTS ( 'NONE', 3,
 ( #391, #580, #4, #1369 ),
 .UNSPECIFIED., .F., .F.,
 ( 4, 4 ),
 ( 0.003029541235337106318, 0.003249628748158704759 ),
 .UNSPECIFIED. ) ;
#1093 = VERTEX_POINT ( 'NONE', #1240 ) ;
#1094 = ORIENTED_EDGE ( 'NONE', *, *, #2536, .T. ) ;
#1095 = COORDINATED_UNIVERSAL_TIME_OFFSET ( 6, 0, .BEHIND. ) ;
#1096 = CARTESIAN_POINT ( 'NONE',  ( 0.000000000000000000, -5.438999999999999169, -6.349999999999999645 ) ) ;
#1097 = CARTESIAN_POINT ( 'NONE',  ( 2.061552812808830293, 5.949999999999999289, 5.138999999999999346 ) ) ;
#1098 = AXIS2_PLACEMENT_3D ( 'NONE', #336, #1090, #1477 ) ;
#1099 = EDGE_LOOP ( 'NONE', ( #1818, #1522, #155 ) ) ;
#1100 = EDGE_CURVE ( 'NONE', #94, #1114, #1046, .T. ) ;
#1101 = CC_DESIGN_PERSON_AND_ORGANIZATION_ASSIGNMENT ( #1105, #1893, ( #462 ) ) ;
#1102 = CARTESIAN_POINT ( 'NONE',  ( 0.000000000000000000, -5.389000000000001123, -7.904966049364602121 ) ) ;
#1103 = ORIENTED_EDGE ( 'NONE', *, *, #2449, .T. ) ;
#1104 = TOROIDAL_SURFACE ( 'NONE', #2550, 1.554966049364602254, 0.7500000000000000000 ) ;
#1105 = PERSON_AND_ORGANIZATION ( #720, #1450 ) ;
#1106 = AXIS2_PLACEMENT_3D ( 'NONE', #752, #2314, #1335 ) ;
#1107 = CARTESIAN_POINT ( 'NONE',  ( 2.243459280444428217, 6.750000000000000000, 5.588199955838118349 ) ) ;
#1108 = CARTESIAN_POINT ( 'NONE',  ( 0.1999999999999996503, 11.39999999999999858, -6.350000000000003197 ) ) ;
#1109 = DIRECTION ( 'NONE',  ( 0.000000000000000000, 0.000000000000000000, -1.000000000000000000 ) ) ;
#1110 = ORIENTED_EDGE ( 'NONE', *, *, #1965, .F. ) ;
#1111 = ORIENTED_EDGE ( 'NONE', *, *, #1326, .F. ) ;
#1112 = EDGE_CURVE ( 'NONE', #2310, #1544, #104, .T. ) ;
#1113 = FACE_OUTER_BOUND ( 'NONE', #1087, .T. ) ;
#1114 = VERTEX_POINT ( 'NONE', #1265 ) ;
#1115 = EDGE_CURVE ( 'NONE', #877, #2019, #895, .T. ) ;
#1116 = CARTESIAN_POINT ( 'NONE',  ( -2.264950330581225746, -5.523072258617638397, -5.949999999999999289 ) ) ;
#1117 = CARTESIAN_POINT ( 'NONE',  ( 0.1999999999999996503, 11.40000000000000036, -2.000000000000000000 ) ) ;
#1118 = FACE_OUTER_BOUND ( 'NONE', #2287, .T. ) ;
#1119 = CARTESIAN_POINT ( 'NONE',  ( -1.972483239316685122, 7.070631577586467209, 5.138999999999997570 ) ) ;
#1120 = ORIENTED_EDGE ( 'NONE', *, *, #443, .F. ) ;
#1121 = ORIENTED_EDGE ( 'NONE', *, *, #1564, .T. ) ;
#1122 = CARTESIAN_POINT ( 'NONE',  ( -2.099990463092004322, -2.139040055015564601, -6.473669021501081922 ) ) ;
#1123 = EDGE_LOOP ( 'NONE', ( #2463, #1031, #2134, #2264 ) ) ;
#1124 = EDGE_CURVE ( 'NONE', #403, #197, #1071, .T. ) ;
#1125 = VERTEX_POINT ( 'NONE', #1833 ) ;
#1126 = CIRCLE ( 'NONE', #1458, 1.554966049364602254 ) ;
#1127 = ADVANCED_FACE ( 'NONE', ( #1279 ), #2138, .T. ) ;
#1128 = CARTESIAN_POINT ( 'NONE',  ( 2.174999999999999822, 11.39999999999999858, -6.350000000000004974 ) ) ;
#1129 = VECTOR ( 'NONE', #1455, 1000.000000000000000 ) ;
#1130 = DIRECTION ( 'NONE',  ( 0.000000000000000000, -0.000000000000000000, -1.000000000000000000 ) ) ;
#1131 = CARTESIAN_POINT ( 'NONE',  ( 0.000000000000000000, 6.349999999999999645, 0.8889999999999991243 ) ) ;
#1132 = AXIS2_PLACEMENT_3D ( 'NONE', #1982, #778, #1566 ) ;
#1133 = LINE ( 'NONE', #1941, #1025 ) ;
#1134 = EDGE_LOOP ( 'NONE', ( #949, #1797, #470 ) ) ;
#1135 = ORIENTED_EDGE ( 'NONE', *, *, #965, .T. ) ;
#1136 = DIRECTION ( 'NONE',  ( 1.000000000000000000, 0.000000000000000000, 0.000000000000000000 ) ) ;
#1137 = EDGE_LOOP ( 'NONE', ( #1691, #1897 ) ) ;
#1138 = DIRECTION ( 'NONE',  ( 0.000000000000000000, 1.000000000000000000, 0.000000000000000000 ) ) ;
#1139 = CARTESIAN_POINT ( 'NONE',  ( 2.174999999999999822, 6.349999999999999645, -6.350000000000003197 ) ) ;
#1140 = PERSON_AND_ORGANIZATION ( #720, #1450 ) ;
#1141 = CARTESIAN_POINT ( 'NONE',  ( 6.200000000000001066, 11.39999999999999858, -6.350000000000003197 ) ) ;
#1142 = VECTOR ( 'NONE', #638, 1000.000000000000000 ) ;
#1143 = EDGE_CURVE ( 'NONE', #1974, #1488, #1849, .T. ) ;
#1144 = VECTOR ( 'NONE', #991, 1000.000000000000000 ) ;
#1145 = FACE_OUTER_BOUND ( 'NONE', #608, .T. ) ;
#1146 = LINE ( 'NONE', #919, #156 ) ;
#1147 = EDGE_LOOP ( 'NONE', ( #730, #1692, #851, #1934, #595, #1406, #836, #1499, #1702, #1111, #729, #1121 ) ) ;
#1148 = ORIENTED_EDGE ( 'NONE', *, *, #889, .F. ) ;
#1149 = CARTESIAN_POINT ( 'NONE',  ( -2.087434397081524118, -2.187282604411544096, -6.102927621666928815 ) ) ;
#1150 = VERTEX_POINT ( 'NONE', #263 ) ;
#1151 = CARTESIAN_POINT ( 'NONE',  ( 0.000000000000000000, 6.349999999999999645, 5.439000000000000945 ) ) ;
#1152 = DIRECTION ( 'NONE',  ( 0.000000000000000000, 0.000000000000000000, -1.000000000000000000 ) ) ;
#1153 = DIRECTION ( 'NONE',  ( 0.000000000000000000, 0.9961946980917461003, 0.08715574274765176821 ) ) ;
#1154 = EDGE_CURVE ( 'NONE', #574, #1921, #1289, .T. ) ;
#1155 = CARTESIAN_POINT ( 'NONE',  ( 0.000000000000000000, 6.750000000000000000, 6.139000000000000234 ) ) ;
#1156 = CARTESIAN_POINT ( 'NONE',  ( -2.061552812808832069, 6.750000000000000000, 5.138999999999999346 ) ) ;
#1157 = EDGE_LOOP ( 'NONE', ( #771, #96, #1655, #2234 ) ) ;
#1158 = EDGE_CURVE ( 'NONE', #2515, #1903, #2241, .T. ) ;
#1159 = CARTESIAN_POINT ( 'NONE',  ( 2.174999999999999822, 2.000000000000000000, -11.40000000000000036 ) ) ;
#1160 = ADVANCED_FACE ( 'NONE', ( #2039 ), #274, .T. ) ;
#1161 = ORIENTED_EDGE ( 'NONE', *, *, #2449, .F. ) ;
#1162 = EDGE_LOOP ( 'NONE', ( #2501, #835, #741, #843, #459 ) ) ;
#1163 = DIRECTION ( 'NONE',  ( 0.000000000000000000, -1.000000000000000000, 0.000000000000000000 ) ) ;
#1164 = CIRCLE ( 'NONE', #513, 5.049999999999997158 ) ;
#1165 = ORIENTED_EDGE ( 'NONE', *, *, #2432, .F. ) ;
#1166 = DIRECTION ( 'NONE',  ( 0.000000000000000000, -1.000000000000000000, 8.115498896123205041E-15 ) ) ;
#1167 = CARTESIAN_POINT ( 'NONE',  ( -0.1442554031941569170, 12.40000000000000036, -2.000000000000000000 ) ) ;
#1168 = DIRECTION ( 'NONE',  ( 1.000000000000000000, -0.000000000000000000, -0.000000000000000000 ) ) ;
#1169 = CIRCLE ( 'NONE', #68, 3.174999999999998934 ) ;
#1170 = CARTESIAN_POINT ( 'NONE',  ( 2.099990463092004322, -2.139040055015564157, -6.226330978498921809 ) ) ;
#1171 = ORIENTED_EDGE ( 'NONE', *, *, #1175, .F. ) ;
#1172 = CARTESIAN_POINT ( 'NONE',  ( 2.061552812808830293, 5.949999999999999289, 5.439000000000000945 ) ) ;
#1173 = CIRCLE ( 'NONE', #1630, 3.174999999999999822 ) ;
#1174 = ORIENTED_EDGE ( 'NONE', *, *, #2480, .T. ) ;
#1175 = EDGE_CURVE ( 'NONE', #574, #1533, #2512, .T. ) ;
#1177 = CIRCLE ( 'NONE', #74, 2.099999999999999645 ) ;
#1176 = FACE_OUTER_BOUND ( 'NONE', #2537, .T. ) ;
#1178 = CARTESIAN_POINT ( 'NONE',  ( 0.000000000000000000, -5.439000000000000945, -6.349999999999999645 ) ) ;
#1179 = DIRECTION ( 'NONE',  ( -0.000000000000000000, 1.000000000000000000, 0.000000000000000000 ) ) ;
#1180 = PLANE ( 'NONE',  #1395 ) ;
#1181 = ORIENTED_EDGE ( 'NONE', *, *, #1042, .T. ) ;
#1182 = PLANE ( 'NONE',  #1053 ) ;
#1183 = CARTESIAN_POINT ( 'NONE',  ( 1.663407726524676278, 6.750000000000000888, 6.138999999999999346 ) ) ;
#1184 = DIRECTION ( 'NONE',  ( 0.000000000000000000, 0.000000000000000000, -1.000000000000000000 ) ) ;
#1185 = AXIS2_PLACEMENT_3D ( 'NONE', #2024, #2470, #1619 ) ;
#1186 = CARTESIAN_POINT ( 'NONE',  ( -2.057911970479199493, 6.778281967881774506, 2.353224001008315636 ) ) ;
#1187 = ORIENTED_EDGE ( 'NONE', *, *, #1280, .T. ) ;
#1188 = LINE ( 'NONE', #1975, #2140 ) ;
#1189 = ORIENTED_EDGE ( 'NONE', *, *, #625, .F. ) ;
#1190 = ADVANCED_FACE ( 'NONE', ( #930, #148 ), #562, .T. ) ;
#1191 = CARTESIAN_POINT ( 'NONE',  ( 0.1999999999999996503, 11.39999999999999858, -6.350000000000003197 ) ) ;
#1192 = CARTESIAN_POINT ( 'NONE',  ( 0.1999999999999996503, 6.349999999999999645, -6.350000000000003197 ) ) ;
#1193 = FACE_OUTER_BOUND ( 'NONE', #2063, .T. ) ;
#1194 = EDGE_CURVE ( 'NONE', #1037, #302, #2503, .T. ) ;
#1195 = CARTESIAN_POINT ( 'NONE',  ( 4.174999999999999822, 6.349999999999999645, -6.350000000000003197 ) ) ;
#1196 = EDGE_CURVE ( 'NONE', #2294, #683, #974, .T. ) ;
#1197 = ORIENTED_EDGE ( 'NONE', *, *, #169, .F. ) ;
#1198 = LINE ( 'NONE', #221, #798 ) ;
#1199 = CARTESIAN_POINT ( 'NONE',  ( 0.000000000000000000, 7.904966049364602121, 5.388999999999999346 ) ) ;
#1200 = CARTESIAN_POINT ( 'NONE',  ( -2.042738866564660416, 5.862820136086116740, 2.470634702552896300 ) ) ;
#1201 = ORIENTED_EDGE ( 'NONE', *, *, #2417, .T. ) ;
#1202 = VERTEX_POINT ( 'NONE', #162 ) ;
#1203 = CARTESIAN_POINT ( 'NONE',  ( -1.972483239316685122, -5.138999999999997570, -7.070631577586467209 ) ) ;
#1204 = CARTESIAN_POINT ( 'NONE',  ( -1.972483239316685122, -5.138999999999997570, -7.070631577586467209 ) ) ;
#1205 = EDGE_CURVE ( 'NONE', #1734, #1150, #2528, .T. ) ;
#1206 = DIRECTION ( 'NONE',  ( 0.000000000000000000, 0.9218631515885042926, 0.3875155864520939408 ) ) ;
#1207 = DIRECTION ( 'NONE',  ( 0.000000000000000000, 0.000000000000000000, -1.000000000000000000 ) ) ;
#1208 = EDGE_CURVE ( 'NONE', #1125, #744, #2475, .T. ) ;
#1209 = CARTESIAN_POINT ( 'NONE',  ( -2.129368206736821811, -5.466985055880805078, -5.949999999999999289 ) ) ;
#1210 = DIRECTION ( 'NONE',  ( 0.000000000000000000, 0.000000000000000000, 1.000000000000000000 ) ) ;
#1211 = CARTESIAN_POINT ( 'NONE',  ( 2.232710535457612888, -5.620762745781209269, -6.750000000000000000 ) ) ;
#1212 = CIRCLE ( 'NONE', #911, 3.174999999999998934 ) ;
#1213 = CARTESIAN_POINT ( 'NONE',  ( -2.040073290564207831, 5.851902650954126983, 2.595422128626172054 ) ) ;
#1214 = ORIENTED_EDGE ( 'NONE', *, *, #577, .T. ) ;
#1215 = ORIENTED_EDGE ( 'NONE', *, *, #268, .T. ) ;
#1216 = CARTESIAN_POINT ( 'NONE',  ( 0.000000000000000000, 4.249999999999999112, 5.439000000000000945 ) ) ;
#1217 = AXIS2_PLACEMENT_3D ( 'NONE', #1681, #896, #2505 ) ;
#1218 = DIRECTION ( 'NONE',  ( 0.000000000000000000, 0.000000000000000000, 1.000000000000000000 ) ) ;
#1219 = DIRECTION ( 'NONE',  ( 0.000000000000000000, 1.000000000000000000, 0.000000000000000000 ) ) ;
#1220 = AXIS2_PLACEMENT_3D ( 'NONE', #1192, #966, #760 ) ;
#1221 = DIRECTION ( 'NONE',  ( 0.000000000000000000, 0.000000000000000000, 1.000000000000000000 ) ) ;
#1222 = CONICAL_SURFACE ( 'NONE', #1341, 2.099999999999999645, 1.172861257340199304 ) ;
#1223 = DIRECTION ( 'NONE',  ( -0.000000000000000000, 8.340016711426957754E-17, -1.000000000000000000 ) ) ;
#1224 = VERTEX_POINT ( 'NONE', #1141 ) ;
#1225 = DIRECTION ( 'NONE',  ( 0.000000000000000000, -1.000000000000000000, 0.000000000000000000 ) ) ;
#1226 = DIRECTION ( 'NONE',  ( 0.000000000000000000, 0.000000000000000000, -1.000000000000000000 ) ) ;
#1227 = EDGE_CURVE ( 'NONE', #2555, #976, #2490, .T. ) ;
#1228 = DIRECTION ( 'NONE',  ( -0.000000000000000000, -0.000000000000000000, 1.000000000000000000 ) ) ;
#1229 = CARTESIAN_POINT ( 'NONE',  ( 0.1999999999999996503, 2.000000000000000000, -11.40000000000000036 ) ) ;
#1230 = VERTEX_POINT ( 'NONE', #1725 ) ;
#1231 = VECTOR ( 'NONE', #1405, 1000.000000000000000 ) ;
#1232 = ORIENTED_EDGE ( 'NONE', *, *, #889, .T. ) ;
#1233 = VECTOR ( 'NONE', #151, 1000.000000000000000 ) ;
#1234 = DIRECTION ( 'NONE',  ( 0.000000000000000000, -1.000000000000000000, 0.000000000000000000 ) ) ;
#1235 = FACE_OUTER_BOUND ( 'NONE', #1137, .T. ) ;
#1236 = CARTESIAN_POINT ( 'NONE',  ( 0.000000000000000000, -6.139000000000000234, -4.250127054631374968 ) ) ;
#1237 = CARTESIAN_POINT ( 'NONE',  ( 4.174999999999999822, 2.000000000000000000, -12.40000000000000036 ) ) ;
#1238 = ORIENTED_EDGE ( 'NONE', *, *, #2000, .T. ) ;
#1239 = CARTESIAN_POINT ( 'NONE',  ( -2.083236664664703142, -5.905597390643910316, -6.750000000000000888 ) ) ;
#1240 = CARTESIAN_POINT ( 'NONE',  ( 2.232710535457612888, 5.949999999999999289, 5.620762745781209269 ) ) ;
#1241 = EDGE_CURVE ( 'NONE', #1667, #406, #738, .T. ) ;
#1242 = PLANE ( 'NONE',  #1262 ) ;
#1243 = ORIENTED_EDGE ( 'NONE', *, *, #2162, .F. ) ;
#1244 = VERTEX_POINT ( 'NONE', #330 ) ;
#1245 = EDGE_CURVE ( 'NONE', #517, #2443, #2177, .T. ) ;
#1246 = EDGE_CURVE ( 'NONE', #658, #366, #284, .T. ) ;
#1247 = PRODUCT_DEFINITION_FORMATION_WITH_SPECIFIED_SOURCE ( 'ANY', '', #462, .NOT_KNOWN. ) ;
#1248 = DIRECTION ( 'NONE',  ( 0.000000000000000000, 0.000000000000000000, 1.000000000000000000 ) ) ;
#1249 = FACE_OUTER_BOUND ( 'NONE', #887, .T. ) ;
#1250 = EDGE_LOOP ( 'NONE', ( #2096, #1611, #1763, #212 ) ) ;
#1251 = DIRECTION ( 'NONE',  ( -1.000000000000000000, -0.000000000000000000, -0.000000000000000000 ) ) ;
#1252 = DIRECTION ( 'NONE',  ( 0.000000000000000000, 0.000000000000000000, 1.000000000000000000 ) ) ;
#1253 = FACE_OUTER_BOUND ( 'NONE', #1530, .T. ) ;
#1254 = ORIENTED_EDGE ( 'NONE', *, *, #541, .F. ) ;
#1255 = CIRCLE ( 'NONE', #1992, 2.099999999999999645 ) ;
#1256 = EDGE_LOOP ( 'NONE', ( #990, #1459, #2161, #1558, #2497 ) ) ;
#1257 = CIRCLE ( 'NONE', #22, 3.174999999999999822 ) ;
#1258 = ADVANCED_FACE ( 'NONE', ( #1894 ), #1104, .T. ) ;
#1259 = DIRECTION ( 'NONE',  ( 0.000000000000000000, 0.000000000000000000, -1.000000000000000000 ) ) ;
#1260 = CIRCLE ( 'NONE', #25, 3.174999999999998934 ) ;
#1261 = LINE ( 'NONE', #853, #2477 ) ;
#1262 = AXIS2_PLACEMENT_3D ( 'NONE', #469, #1060, #680 ) ;
#1263 = ORIENTED_EDGE ( 'NONE', *, *, #256, .F. ) ;
#1264 = LINE ( 'NONE', #79, #2377 ) ;
#1265 = CARTESIAN_POINT ( 'NONE',  ( 2.040073290564206943, -2.595422128626172054, -6.848097349045874083 ) ) ;
#1266 = DIRECTION ( 'NONE',  ( 0.000000000000000000, 1.000000000000000000, 0.000000000000000000 ) ) ;
#1267 = VERTEX_POINT ( 'NONE', #1538 ) ;
#1268 = ORIENTED_EDGE ( 'NONE', *, *, #2540, .F. ) ;
#1269 = ORIENTED_EDGE ( 'NONE', *, *, #886, .T. ) ;
#1270 = VECTOR ( 'NONE', #1737, 1000.000000000000000 ) ;
#1271 = LINE ( 'NONE', #1686, #559 ) ;
#1272 = AXIS2_PLACEMENT_3D ( 'NONE', #349, #1559, #1521 ) ;
#1273 = ADVANCED_FACE ( 'NONE', ( #1346 ), #724, .F. ) ;
#1274 = PLANE ( 'NONE',  #1307 ) ;
#1275 = VERTEX_POINT ( 'NONE', #2289 ) ;
#1276 = VERTEX_POINT ( 'NONE', #369 ) ;
#1277 = ADVANCED_FACE ( 'NONE', ( #1939 ), #711, .F. ) ;
#1278 = APPROVAL_ROLE ( '' ) ;
#1279 = FACE_OUTER_BOUND ( 'NONE', #1063, .T. ) ;
#1280 = EDGE_CURVE ( 'NONE', #2327, #376, #1709, .T. ) ;
#1281 = FACE_OUTER_BOUND ( 'NONE', #1099, .T. ) ;
#1282 = ORIENTED_EDGE ( 'NONE', *, *, #1586, .F. ) ;
#1283 = ORIENTED_EDGE ( 'NONE', *, *, #409, .T. ) ;
#1284 = ORIENTED_EDGE ( 'NONE', *, *, #2387, .F. ) ;
#1285 = CARTESIAN_POINT ( 'NONE',  ( 6.200000000000000178, 11.40000000000000036, -2.000000000000000000 ) ) ;
#1286 = FACE_OUTER_BOUND ( 'NONE', #1585, .T. ) ;
#1287 = ORIENTED_EDGE ( 'NONE', *, *, #2437, .T. ) ;
#1288 = VERTEX_POINT ( 'NONE', #522 ) ;
#1289 = LINE ( 'NONE', #655, #1969 ) ;
#1290 = EDGE_CURVE ( 'NONE', #144, #860, #1309, .T. ) ;
#1291 = FACE_BOUND ( 'NONE', #2220, .T. ) ;
#1292 = EDGE_LOOP ( 'NONE', ( #1181, #1238, #1837, #1110 ) ) ;
#1293 = CARTESIAN_POINT ( 'NONE',  ( 0.000000000000000000, -5.523072258617638397, -6.349999999999999645 ) ) ;
#1294 = CIRCLE ( 'NONE', #2455, 2.268258436585969040 ) ;
#1295 = VERTEX_POINT ( 'NONE', #602 ) ;
#1296 =( NAMED_UNIT ( * ) PLANE_ANGLE_UNIT ( ) SI_UNIT ( $, .RADIAN. ) );
#1297 = DIRECTION ( 'NONE',  ( -0.000000000000000000, 0.000000000000000000, -1.000000000000000000 ) ) ;
#1298 = CIRCLE ( 'NONE', #188, 2.099999999999999645 ) ;
#1299 = DIRECTION ( 'NONE',  ( 0.000000000000000000, -1.000000000000000000, 0.000000000000000000 ) ) ;
#1300 = ADVANCED_FACE ( 'NONE', ( #762 ), #1180, .T. ) ;
#1301 = CONICAL_SURFACE ( 'NONE', #2221, 2.299999999999999822, 0.3141592653589760364 ) ;
#1302 = ORIENTED_EDGE ( 'NONE', *, *, #1379, .T. ) ;
#1303 = VERTEX_POINT ( 'NONE', #1968 ) ;
#1304 = ADVANCED_FACE ( 'NONE', ( #1991 ), #892, .T. ) ;
#1305 = DIRECTION ( 'NONE',  ( 0.000000000000000000, -1.000000000000000000, 0.000000000000000000 ) ) ;
#1306 = EDGE_LOOP ( 'NONE', ( #26, #1621, #2524, #825, #1695 ) ) ;
#1307 = AXIS2_PLACEMENT_3D ( 'NONE', #2050, #2072, #283 ) ;
#1308 = CARTESIAN_POINT ( 'NONE',  ( -6.200000000000000178, 6.344255403194155818, -2.000000000000000000 ) ) ;
#1309 = LINE ( 'NONE', #2210, #1684 ) ;
#1310 = DIRECTION ( 'NONE',  ( 0.000000000000000000, 1.000000000000000000, 0.000000000000000000 ) ) ;
#1311 = DIRECTION ( 'NONE',  ( 0.000000000000000000, 0.000000000000000000, -1.000000000000000000 ) ) ;
#1312 = EDGE_CURVE ( 'NONE', #1202, #910, #37, .T. ) ;
#1313 = PERSON_AND_ORGANIZATION ( #720, #1450 ) ;
#1314 = VERTEX_POINT ( 'NONE', #230 ) ;
#1315 = FACE_OUTER_BOUND ( 'NONE', #668, .T. ) ;
#1316 = ADVANCED_FACE ( 'NONE', ( #1418 ), #1593, .F. ) ;
#1317 = ORIENTED_EDGE ( 'NONE', *, *, #2521, .T. ) ;
#1318 = B_SPLINE_CURVE_WITH_KNOTS ( 'NONE', 3,
 ( #1028, #1816, #1429, #1633 ),
 .UNSPECIFIED., .F., .F.,
 ( 4, 4 ),
 ( 0.007647354141962972932, 0.007869202712918556275 ),
 .UNSPECIFIED. ) ;
#1319 = DIRECTION ( 'NONE',  ( 0.000000000000000000, -1.000000000000000000, 0.000000000000000000 ) ) ;
#1320 = CARTESIAN_POINT ( 'NONE',  ( 0.000000000000000000, 6.349999999999999645, 5.523072258617638397 ) ) ;
#1321 = LINE ( 'NONE', #2113, #395 ) ;
#1322 = ORIENTED_EDGE ( 'NONE', *, *, #2388, .F. ) ;
#1323 = ORIENTED_EDGE ( 'NONE', *, *, #813, .F. ) ;
#1324 = CARTESIAN_POINT ( 'NONE',  ( 2.061552812808830293, 5.949999999999999289, 5.439000000000000945 ) ) ;
#1325 = ORIENTED_EDGE ( 'NONE', *, *, #92, .F. ) ;
#1326 = EDGE_CURVE ( 'NONE', #2485, #1230, #1439, .T. ) ;
#1327 = CARTESIAN_POINT ( 'NONE',  ( -6.200000000000000178, 0.000000000000000000, 0.000000000000000000 ) ) ;
#1328 = AXIS2_PLACEMENT_3D ( 'NONE', #1942, #973, #988 ) ;
#1329 = DIRECTION ( 'NONE',  ( 1.000000000000000000, -0.000000000000000000, -0.000000000000000000 ) ) ;
#1330 = APPROVAL_DATE_TIME ( #545, #184 ) ;
#1331 = CIRCLE ( 'NONE', #228, 2.099999999999999645 ) ;
#1332 = DIRECTION ( 'NONE',  ( 0.000000000000000000, -1.000000000000000000, 0.000000000000000000 ) ) ;
#1333 = DIRECTION ( 'NONE',  ( 0.000000000000000000, -1.000000000000000000, 0.000000000000000000 ) ) ;
#1334 = AXIS2_PLACEMENT_3D ( 'NONE', #548, #2101, #1930 ) ;
#1335 = DIRECTION ( 'NONE',  ( 0.000000000000000000, -0.000000000000000000, 1.000000000000000000 ) ) ;
#1336 = CARTESIAN_POINT ( 'NONE',  ( 0.000000000000000000, 6.349999999999999645, 5.523072258617638397 ) ) ;
#1337 = VECTOR ( 'NONE', #2122, 1000.000000000000000 ) ;
#1338 = VERTEX_POINT ( 'NONE', #424 ) ;
#1339 = CIRCLE ( 'NONE', #1587, 3.174999999999998934 ) ;
#1340 = ORIENTED_EDGE ( 'NONE', *, *, #1489, .T. ) ;
#1341 = AXIS2_PLACEMENT_3D ( 'NONE', #1852, #1693, #317 ) ;
#1342 = FACE_OUTER_BOUND ( 'NONE', #790, .T. ) ;
#1343 = ORIENTED_EDGE ( 'NONE', *, *, #255, .T. ) ;
#1344 = FACE_OUTER_BOUND ( 'NONE', #757, .T. ) ;
#1345 = EDGE_CURVE ( 'NONE', #1922, #1295, #615, .T. ) ;
#1346 = FACE_OUTER_BOUND ( 'NONE', #1250, .T. ) ;
#1347 = VECTOR ( 'NONE', #1491, 1000.000000000000000 ) ;
#1348 = B_SPLINE_CURVE_WITH_KNOTS ( 'NONE', 3,
 ( #1689, #67, #298, #288, #2474, #2482 ),
 .UNSPECIFIED., .F., .F.,
 ( 4, 2, 4 ),
 ( 0.000000000000000000, 0.0004757428370953073775, 0.0009514856741906151886 ),
 .UNSPECIFIED. ) ;
#1349 = EDGE_CURVE ( 'NONE', #2151, #1288, #1062, .T. ) ;
#1350 = VECTOR ( 'NONE', #196, 1000.000000000000000 ) ;
#1351 = CARTESIAN_POINT ( 'NONE',  ( 0.000000000000000000, 6.349999999999999645, 0.8889999999999991243 ) ) ;
#1352 = ADVANCED_FACE ( 'NONE', ( #2196 ), #1761, .F. ) ;
#1353 = DIRECTION ( 'NONE',  ( 0.000000000000000000, 1.000000000000000000, -3.987870059716798287E-16 ) ) ;
#1354 = DIRECTION ( 'NONE',  ( 0.000000000000000000, 0.000000000000000000, 1.000000000000000000 ) ) ;
#1355 = VERTEX_POINT ( 'NONE', #819 ) ;
#1356 = CARTESIAN_POINT ( 'NONE',  ( -2.087439085565598429, -2.187221323398956585, -6.597091747881984602 ) ) ;
#1357 = EDGE_LOOP ( 'NONE', ( #1424, #2058, #2270, #1836 ) ) ;
#1358 = CARTESIAN_POINT ( 'NONE',  ( -1.502637486114517751, -6.139000000000000234, -5.949999999999999289 ) ) ;
#1359 = LINE ( 'NONE', #2153, #2435 ) ;
#1360 = EDGE_LOOP ( 'NONE', ( #124, #1560, #2342, #18, #2370 ) ) ;
#1361 = CARTESIAN_POINT ( 'NONE',  ( -2.021666578221208432, -3.457121909598156240, -5.776513688756312881 ) ) ;
#1362 = LOCAL_TIME ( 14, 4, 52.00000000000000000, #315 ) ;
#1363 = DIRECTION ( 'NONE',  ( -1.000000000000000000, -0.000000000000000000, -0.000000000000000000 ) ) ;
#1364 = EDGE_CURVE ( 'NONE', #1064, #285, #2391, .T. ) ;
#1365 = DIRECTION ( 'NONE',  ( 0.000000000000000000, -0.000000000000000000, -1.000000000000000000 ) ) ;
#1366 = CC_DESIGN_PERSON_AND_ORGANIZATION_ASSIGNMENT ( #1140, #2126, ( #1247 ) ) ;
#1367 = LINE ( 'NONE', #1958, #1796 ) ;
#1368 = ORIENTED_EDGE ( 'NONE', *, *, #1602, .T. ) ;
#1369 = CARTESIAN_POINT ( 'NONE',  ( 2.061552812808830293, 5.949999999999999289, 5.439000000000000945 ) ) ;
#1370 = ORIENTED_EDGE ( 'NONE', *, *, #460, .T. ) ;
#1371 = DIRECTION ( 'NONE',  ( 0.7071067811865474617, 0.7071067811865474617, 0.000000000000000000 ) ) ;
#1372 = CARTESIAN_POINT ( 'NONE',  ( 2.100009524403047223, 6.226655079663197867, 2.138959997505215149 ) ) ;
#1373 = DIRECTION ( 'NONE',  ( 0.000000000000000000, 0.000000000000000000, 1.000000000000000000 ) ) ;
#1374 = AXIS2_PLACEMENT_3D ( 'NONE', #202, #1747, #1562 ) ;
#1375 = VERTEX_POINT ( 'NONE', #1563 ) ;
#1376 = CARTESIAN_POINT ( 'NONE',  ( -3.175000000000000711, -2.595422128626172054, -6.848097349045874083 ) ) ;
#1377 = DIRECTION ( 'NONE',  ( 0.000000000000000000, -1.000000000000000000, 0.000000000000000000 ) ) ;
#1378 = CARTESIAN_POINT ( 'NONE',  ( 1.972483239316684234, -5.138999999999997570, -5.629368422413532969 ) ) ;
#1379 = EDGE_CURVE ( 'NONE', #688, #1628, #2168, .T. ) ;
#1380 = AXIS2_PLACEMENT_3D ( 'NONE', #739, #524, #1895 ) ;
#1381 = DIRECTION ( 'NONE',  ( -0.000000000000000000, -0.000000000000000000, -1.000000000000000000 ) ) ;
#1382 = ORIENTED_EDGE ( 'NONE', *, *, #356, .F. ) ;
#1383 = CARTESIAN_POINT ( 'NONE',  ( -2.040073290564207831, -2.595422128626172054, -6.848097349045874083 ) ) ;
#1384 = ORIENTED_EDGE ( 'NONE', *, *, #125, .F. ) ;
#1385 = AXIS2_PLACEMENT_3D ( 'NONE', #661, #421, #2429 ) ;
#1386 = EDGE_CURVE ( 'NONE', #285, #1974, #1066, .T. ) ;
#1387 = DIRECTION ( 'NONE',  ( 0.000000000000000000, 0.000000000000000000, -1.000000000000000000 ) ) ;
#1388 = PLANE ( 'NONE',  #557 ) ;
#1389 = CARTESIAN_POINT ( 'NONE',  ( 4.174999999999999822, 6.349999999999999645, -6.350000000000003197 ) ) ;
#1390 = CARTESIAN_POINT ( 'NONE',  ( 6.200000000000000178, 12.40000000000000036, 0.000000000000000000 ) ) ;
#1391 = ORIENTED_EDGE ( 'NONE', *, *, #1349, .F. ) ;
#1392 = FACE_OUTER_BOUND ( 'NONE', #487, .T. ) ;
#1393 = VECTOR ( 'NONE', #24, 1000.000000000000000 ) ;
#1394 = DIRECTION ( 'NONE',  ( 0.000000000000000000, -1.000000000000000000, -8.115498896123167176E-15 ) ) ;
#1395 = AXIS2_PLACEMENT_3D ( 'NONE', #1552, #1163, #2363 ) ;
#1396 = LINE ( 'NONE', #566, #802 ) ;
#1397 = EDGE_LOOP ( 'NONE', ( #633, #1976, #446, #1907, #1254 ) ) ;
#1398 = EDGE_CURVE ( 'NONE', #1314, #1457, #775, .T. ) ;
#1399 = EDGE_LOOP ( 'NONE', ( #1872, #72, #1148, #2401, #1243, #2379 ) ) ;
#1400 = B_SPLINE_CURVE_WITH_KNOTS ( 'NONE', 3,
 ( #2156, #2186, #1209, #2396 ),
 .UNSPECIFIED., .F., .F.,
 ( 4, 4 ),
 ( 0.003029541235337105884, 0.003249628748158704759 ),
 .UNSPECIFIED. ) ;
#1401 = CARTESIAN_POINT ( 'NONE',  ( 2.571758278209442943E-16, -0.8890000000000009006, -8.449999999999999289 ) ) ;
#1402 = EDGE_CURVE ( 'NONE', #1037, #114, #804, .T. ) ;
#1403 = CARTESIAN_POINT ( 'NONE',  ( 2.040073290564207831, 6.848097349045874083, 2.595422128626172054 ) ) ;
#1404 = DIRECTION ( 'NONE',  ( 0.000000000000000000, 1.000000000000000000, 8.115498896123205041E-15 ) ) ;
#1405 = DIRECTION ( 'NONE',  ( 1.000000000000000000, 0.000000000000000000, 0.000000000000000000 ) ) ;
#1406 = ORIENTED_EDGE ( 'NONE', *, *, #1668, .T. ) ;
#1407 = DIRECTION ( 'NONE',  ( 0.000000000000000000, 0.000000000000000000, 1.000000000000000000 ) ) ;
#1408 = CARTESIAN_POINT ( 'NONE',  ( 0.8890000000000000124, 6.349999999999999645, -3.175000000000003819 ) ) ;
#1409 = DIRECTION ( 'NONE',  ( 0.000000000000000000, -1.000000000000000000, 0.000000000000000000 ) ) ;
#1410 = CARTESIAN_POINT ( 'NONE',  ( -2.040073290564207831, 6.848097349045874083, 2.595422128626172054 ) ) ;
#1411 = ORIENTED_EDGE ( 'NONE', *, *, #727, .F. ) ;
#1412 = ORIENTED_EDGE ( 'NONE', *, *, #1068, .F. ) ;
#1413 = FACE_OUTER_BOUND ( 'NONE', #1425, .T. ) ;
#1414 = DIRECTION ( 'NONE',  ( 1.000000000000000000, 0.000000000000000000, 0.000000000000000000 ) ) ;
#1415 = CARTESIAN_POINT ( 'NONE',  ( 0.000000000000000000, 6.349999999999999645, 5.439000000000000945 ) ) ;
#1416 = CARTESIAN_POINT ( 'NONE',  ( 0.000000000000000000, 6.349999999999999645, 5.388999999999999346 ) ) ;
#1417 = EDGE_CURVE ( 'NONE', #1775, #1230, #1359, .T. ) ;
#1418 = FACE_OUTER_BOUND ( 'NONE', #2250, .T. ) ;
#1419 = EDGE_LOOP ( 'NONE', ( #772, #1482, #350, #861 ) ) ;
#1420 = CARTESIAN_POINT ( 'NONE',  ( -1.663407726524676278, -6.139000000000001123, -6.750000000000000888 ) ) ;
#1421 = CARTESIAN_POINT ( 'NONE',  ( 5.460999999999999410, 6.349999999999999645, -6.350000000000003197 ) ) ;
#1422 = VECTOR ( 'NONE', #1814, 1000.000000000000000 ) ;
#1423 = LINE ( 'NONE', #1640, #2172 ) ;
#1424 = ORIENTED_EDGE ( 'NONE', *, *, #1100, .F. ) ;
#1425 = EDGE_LOOP ( 'NONE', ( #1189, #1078, #2533, #505 ) ) ;
#1426 = DIRECTION ( 'NONE',  ( 0.000000000000000000, 0.000000000000000000, 1.000000000000000000 ) ) ;
#1427 = CONICAL_SURFACE ( 'NONE', #70, 2.299999999999999822, 0.3141592653589760364 ) ;
#1428 = CARTESIAN_POINT ( 'NONE',  ( 0.1999999999999996503, 2.000000000000000000, -11.40000000000000036 ) ) ;
#1429 = CARTESIAN_POINT ( 'NONE',  ( -2.197165961088449748, 5.949999999999999289, 5.495012551953920799 ) ) ;
#1430 = AXIS2_PLACEMENT_3D ( 'NONE', #706, #2098, #672 ) ;
#1431 = PLANE ( 'NONE',  #1720 ) ;
#1432 = ADVANCED_FACE ( 'NONE', ( #584 ), #1887, .T. ) ;
#1433 = ORIENTED_EDGE ( 'NONE', *, *, #2230, .T. ) ;
#1434 = DIRECTION ( 'NONE',  ( 0.000000000000000000, -0.000000000000000000, -1.000000000000000000 ) ) ;
#1435 = CARTESIAN_POINT ( 'NONE',  ( 3.888253587292846081E-16, 0.000000000000000000, -3.174999999999999822 ) ) ;
#1436 = ADVANCED_FACE ( 'NONE', ( #1286 ), #1274, .F. ) ;
#1437 = DIRECTION ( 'NONE',  ( 1.000000000000000000, 0.000000000000000000, 0.000000000000000000 ) ) ;
#1438 = ORIENTED_EDGE ( 'NONE', *, *, #328, .F. ) ;
#1439 = CIRCLE ( 'NONE', #1476, 2.099999999999999645 ) ;
#1440 = ORIENTED_EDGE ( 'NONE', *, *, #1854, .F. ) ;
#1441 = CARTESIAN_POINT ( 'NONE',  ( 1.999113491775012408, 6.997740341250764828, 4.305849356269922268 ) ) ;
#1442 = DIRECTION ( 'NONE',  ( 0.000000000000000000, 0.000000000000000000, 1.000000000000000000 ) ) ;
#1443 = ORIENTED_EDGE ( 'NONE', *, *, #1245, .T. ) ;
#1444 = CARTESIAN_POINT ( 'NONE',  ( 2.232710535457612888, 6.750000000000000000, 5.620762745781209269 ) ) ;
#1445 = DIRECTION ( 'NONE',  ( 1.000000000000000000, 0.000000000000000000, 0.000000000000000000 ) ) ;
#1446 = DIRECTION ( 'NONE',  ( 1.000000000000000000, 0.000000000000000000, -0.000000000000000000 ) ) ;
#1447 = VERTEX_POINT ( 'NONE', #1480 ) ;
#1448 = EDGE_CURVE ( 'NONE', #2205, #1267, #464, .T. ) ;
#1449 = ORIENTED_EDGE ( 'NONE', *, *, #460, .F. ) ;
#1450 = ORGANIZATION ( 'UNSPECIFIED', 'UNSPECIFIED', '' ) ;
#1451 = CARTESIAN_POINT ( 'NONE',  ( 2.061552812808830293, 6.750000000000000000, 5.439000000000000945 ) ) ;
#1452 = DIRECTION ( 'NONE',  ( -0.000000000000000000, 8.340016711426957754E-17, -1.000000000000000000 ) ) ;
#1453 = VERTEX_POINT ( 'NONE', #875 ) ;
#1454 = CYLINDRICAL_SURFACE ( 'NONE', #596, 3.174999999999999378 ) ;
#1455 = DIRECTION ( 'NONE',  ( -1.000000000000000000, -0.000000000000000000, -0.000000000000000000 ) ) ;
#1456 = LINE ( 'NONE', #1229, #234 ) ;
#1457 = VERTEX_POINT ( 'NONE', #2060 ) ;
#1458 = AXIS2_PLACEMENT_3D ( 'NONE', #2207, #1426, #1629 ) ;
#1459 = ORIENTED_EDGE ( 'NONE', *, *, #2246, .T. ) ;
#1460 = EDGE_CURVE ( 'NONE', #695, #109, #2248, .T. ) ;
#1461 = ORIENTED_EDGE ( 'NONE', *, *, #204, .T. ) ;
#1462 = B_SPLINE_CURVE_WITH_KNOTS ( 'NONE', 3,
 ( #2418, #1853, #2237, #1843 ),
 .UNSPECIFIED., .F., .F.,
 ( 4, 4 ),
 ( 0.002832913685900425270, 0.002935786532568636451 ),
 .UNSPECIFIED. ) ;
#1463 = CIRCLE ( 'NONE', #593, 2.099999999999999645 ) ;
#1464 = DIRECTION ( 'NONE',  ( -0.000000000000000000, 1.000000000000000000, 0.000000000000000000 ) ) ;
#1465 = EDGE_CURVE ( 'NONE', #1775, #5, #294, .T. ) ;
#1466 = ADVANCED_FACE ( 'NONE', ( #1249 ), #2431, .T. ) ;
#1467 = AXIS2_PLACEMENT_3D ( 'NONE', #233, #249, #1622 ) ;
#1468 = CARTESIAN_POINT ( 'NONE',  ( 6.200000000000000178, 1.999999999999999112, -2.000000000000000000 ) ) ;
#1469 = EDGE_LOOP ( 'NONE', ( #1433, #641 ) ) ;
#1470 = VERTEX_POINT ( 'NONE', #260 ) ;
#1471 = CARTESIAN_POINT ( 'NONE',  ( 6.200000000000000178, 0.000000000000000000, 0.000000000000000000 ) ) ;
#1472 = LINE ( 'NONE', #91, #1129 ) ;
#1473 = FACE_OUTER_BOUND ( 'NONE', #1123, .T. ) ;
#1474 = ORIENTED_EDGE ( 'NONE', *, *, #328, .T. ) ;
#1475 = EDGE_LOOP ( 'NONE', ( #1669, #2056 ) ) ;
#1476 = AXIS2_PLACEMENT_3D ( 'NONE', #969, #1801, #218 ) ;
#1477 = DIRECTION ( 'NONE',  ( 0.000000000000000000, 0.000000000000000000, 1.000000000000000000 ) ) ;
#1478 = TOROIDAL_SURFACE ( 'NONE', #2552, 1.554966049364602254, 0.7500000000000000000 ) ;
#1479 = EDGE_CURVE ( 'NONE', #1267, #885, #99, .T. ) ;
#1480 = CARTESIAN_POINT ( 'NONE',  ( -2.232710535457612888, 5.949999999999999289, 5.620762745781209269 ) ) ;
#1481 = ORIENTED_EDGE ( 'NONE', *, *, #611, .T. ) ;
#1482 = ORIENTED_EDGE ( 'NONE', *, *, #587, .T. ) ;
#1483 = CARTESIAN_POINT ( 'NONE',  ( 1.821676962433382396, -6.089970303311146971, -5.949999999999999289 ) ) ;
#1484 = DIRECTION ( 'NONE',  ( 0.000000000000000000, -1.000000000000000000, 0.000000000000000000 ) ) ;
#1485 = VERTEX_POINT ( 'NONE', #1067 ) ;
#1486 = ORIENTED_EDGE ( 'NONE', *, *, #282, .F. ) ;
#1487 = CARTESIAN_POINT ( 'NONE',  ( 0.000000000000000000, 0.000000000000000000, -9.524999999999998579 ) ) ;
#1488 = VERTEX_POINT ( 'NONE', #2452 ) ;
#1489 = EDGE_CURVE ( 'NONE', #2226, #812, #1462, .T. ) ;
#1490 = DIRECTION ( 'NONE',  ( 0.000000000000000000, -1.000000000000000000, 0.000000000000000000 ) ) ;
#1491 = DIRECTION ( 'NONE',  ( -1.000000000000000000, -0.000000000000000000, -0.000000000000000000 ) ) ;
#1492 = DIRECTION ( 'NONE',  ( -0.000000000000000000, 1.000000000000000000, 0.000000000000000000 ) ) ;
#1493 = EDGE_CURVE ( 'NONE', #1734, #1267, #1830, .T. ) ;
#1494 = VERTEX_POINT ( 'NONE', #2275 ) ;
#1495 = VERTEX_POINT ( 'NONE', #62 ) ;
#1496 = VECTOR ( 'NONE', #2231, 1000.000000000000000 ) ;
#1497 = DIRECTION ( 'NONE',  ( 0.000000000000000000, 0.000000000000000000, 1.000000000000000000 ) ) ;
#1498 = CIRCLE ( 'NONE', #271, 1.554966049364602254 ) ;
#1499 = ORIENTED_EDGE ( 'NONE', *, *, #2332, .T. ) ;
#1500 = DATE_AND_TIME ( #929, #1824 ) ;
#1501 = DIRECTION ( 'NONE',  ( -0.000000000000000000, 0.000000000000000000, -1.000000000000000000 ) ) ;
#1502 = ADVANCED_FACE ( 'NONE', ( #674 ), #1431, .F. ) ;
#1503 = TOROIDAL_SURFACE ( 'NONE', #882, 1.554966049364602254, 0.7500000000000000000 ) ;
#1504 = DIRECTION ( 'NONE',  ( 0.000000000000000000, -1.000000000000000000, -8.340016711426958986E-17 ) ) ;
#1505 = DIRECTION ( 'NONE',  ( 0.000000000000000000, -1.000000000000000000, 0.000000000000000000 ) ) ;
#1506 = AXIS2_PLACEMENT_3D ( 'NONE', #1052, #36, #852 ) ;
#1507 = EDGE_CURVE ( 'NONE', #1075, #976, #49, .T. ) ;
#1508 = ORIENTED_EDGE ( 'NONE', *, *, #2536, .F. ) ;
#1509 = ORIENTED_EDGE ( 'NONE', *, *, #444, .T. ) ;
#1510 = CARTESIAN_POINT ( 'NONE',  ( 0.8890000000000000124, 6.349999999999999645, -6.350000000000003197 ) ) ;
#1511 = EDGE_LOOP ( 'NONE', ( #1412, #2031, #1509, #2358 ) ) ;
#1512 = VECTOR ( 'NONE', #305, 1000.000000000000000 ) ;
#1513 = CALENDAR_DATE ( 2022, 6, 6 ) ;
#1514 = CARTESIAN_POINT ( 'NONE',  ( 6.200000000000000178, 0.000000000000000000, 0.000000000000000000 ) ) ;
#1515 = B_SPLINE_CURVE_WITH_KNOTS ( 'NONE', 3,
 ( #2513, #375, #2343, #2330 ),
 .UNSPECIFIED., .F., .F.,
 ( 4, 4 ),
 ( 0.003655977453372194312, 0.003758849537120529782 ),
 .UNSPECIFIED. ) ;
#1516 = CARTESIAN_POINT ( 'NONE',  ( -1.502637486114517751, 6.750000000000000000, 6.139000000000000234 ) ) ;
#1517 = DIRECTION ( 'NONE',  ( 1.000000000000000000, 0.000000000000000000, 0.000000000000000000 ) ) ;
#1518 = ORIENTED_EDGE ( 'NONE', *, *, #299, .T. ) ;
#1519 = EDGE_CURVE ( 'NONE', #121, #406, #957, .T. ) ;
#1520 = ORIENTED_EDGE ( 'NONE', *, *, #2261, .T. ) ;
#1521 = DIRECTION ( 'NONE',  ( 0.000000000000000000, -3.987870059716795328E-16, -1.000000000000000000 ) ) ;
#1522 = ORIENTED_EDGE ( 'NONE', *, *, #840, .T. ) ;
#1523 = LINE ( 'NONE', #1549, #2087 ) ;
#1524 = DIRECTION ( 'NONE',  ( 0.000000000000000000, 1.000000000000000000, 0.000000000000000000 ) ) ;
#1525 = PERSON_AND_ORGANIZATION ( #720, #1450 ) ;
#1526 = DIRECTION ( 'NONE',  ( 0.000000000000000000, -1.000000000000000000, -0.000000000000000000 ) ) ;
#1527 = CARTESIAN_POINT ( 'NONE',  ( 6.200000000000000178, 2.000000000000000000, -12.40000000000000036 ) ) ;
#1528 = DIRECTION ( 'NONE',  ( 1.000000000000000000, 0.000000000000000000, 0.000000000000000000 ) ) ;
#1529 = ORIENTED_EDGE ( 'NONE', *, *, #1241, .F. ) ;
#1530 = EDGE_LOOP ( 'NONE', ( #872, #1287, #1899, #1688, #1908, #478, #1074, #1269, #719, #1048, #2400, #585 ) ) ;
#1531 = DIRECTION ( 'NONE',  ( -0.000000000000000000, -1.000000000000000000, -0.000000000000000000 ) ) ;
#1532 = EDGE_CURVE ( 'NONE', #744, #2328, #2054, .T. ) ;
#1533 = VERTEX_POINT ( 'NONE', #502 ) ;
#1534 = B_SPLINE_CURVE_WITH_KNOTS ( 'NONE', 3,
 ( #264, #2410, #1624, #457 ),
 .UNSPECIFIED., .F., .F.,
 ( 4, 4 ),
 ( 0.007647354141962972064, 0.007869202712918554540 ),
 .UNSPECIFIED. ) ;
#1535 = LINE ( 'NONE', #1977, #2464 ) ;
#1536 = AXIS2_PLACEMENT_3D ( 'NONE', #2016, #1228, #847 ) ;
#1537 = EDGE_CURVE ( 'NONE', #2219, #272, #1817, .T. ) ;
#1538 = CARTESIAN_POINT ( 'NONE',  ( 4.174999999999999822, 2.000000000000000000, -11.40000000000000036 ) ) ;
#1539 = LINE ( 'NONE', #1471, #2541 ) ;
#1540 = VECTOR ( 'NONE', #1492, 1000.000000000000000 ) ;
#1541 = CARTESIAN_POINT ( 'NONE',  ( 0.000000000000000000, -5.389000000000001123, -6.349999999999999645 ) ) ;
#1542 = DIRECTION ( 'NONE',  ( 0.000000000000000000, -8.260587980841939371E-15, -1.000000000000000000 ) ) ;
#1543 = VECTOR ( 'NONE', #1041, 1000.000000000000000 ) ;
#1544 = VERTEX_POINT ( 'NONE', #2225 ) ;
#1545 = VECTOR ( 'NONE', #1305, 1000.000000000000000 ) ;
#1546 = CARTESIAN_POINT ( 'NONE',  ( 5.460999999999999410, 6.349999999999999645, -8.450000000000002842 ) ) ;
#1547 = ORIENTED_EDGE ( 'NONE', *, *, #815, .F. ) ;
#1548 = B_SPLINE_CURVE_WITH_KNOTS ( 'NONE', 3,
 ( #1383, #1718, #2178, #1356, #1122, #960, #1149, #732, #181, #1742 ),
 .UNSPECIFIED., .F., .F.,
 ( 4, 2, 2, 2, 4 ),
 ( 0.000000000000000000, 0.0003704147845104411555, 0.0007408295690208823109, 0.001111244353531323521, 0.001481659138041764622 ),
 .UNSPECIFIED. ) ;
#1549 = CARTESIAN_POINT ( 'NONE',  ( 3.174999999999999822, 6.848097349045874083, 2.595422128626172054 ) ) ;
#1550 = CARTESIAN_POINT ( 'NONE',  ( -2.264950330581225746, 6.750000000000000000, 5.523072258617638397 ) ) ;
#1551 = EDGE_CURVE ( 'NONE', #1275, #302, #1261, .T. ) ;
#1552 = CARTESIAN_POINT ( 'NONE',  ( 0.000000000000000000, -6.139000000000000234, -4.250127054631374968 ) ) ;
#1553 = VECTOR ( 'NONE', #2091, 1000.000000000000000 ) ;
#1554 = AXIS2_PLACEMENT_3D ( 'NONE', #576, #956, #1505 ) ;
#1555 = CARTESIAN_POINT ( 'NONE',  ( 2.081805041010027058, -5.906940355987362778, -6.749999999999999112 ) ) ;
#1556 = DIRECTION ( 'NONE',  ( 0.000000000000000000, 0.000000000000000000, -1.000000000000000000 ) ) ;
#1557 =( BOUNDED_CURVE ( )  B_SPLINE_CURVE ( 3, ( #998, #1361, #2338, #791 ),
 .UNSPECIFIED., .F., .T. ) 
 B_SPLINE_CURVE_WITH_KNOTS ( ( 4, 4 ),
 ( 1.810267798689539021, 1.921073213463466933 ),
 .UNSPECIFIED. ) 
 CURVE ( )  GEOMETRIC_REPRESENTATION_ITEM ( )  RATIONAL_B_SPLINE_CURVE ( ( 1.000000000000000000, 0.9989771083553060649, 0.9989771083553060649, 1.000000000000000000 ) ) 
 REPRESENTATION_ITEM ( '' )  );
#1558 = ORIENTED_EDGE ( 'NONE', *, *, #1620, .T. ) ;
#1559 = DIRECTION ( 'NONE',  ( 0.000000000000000000, -1.000000000000000000, 3.987870059716795328E-16 ) ) ;
#1560 = ORIENTED_EDGE ( 'NONE', *, *, #2020, .F. ) ;
#1561 = CARTESIAN_POINT ( 'NONE',  ( 6.200000000000000178, 12.40000000000000036, 0.000000000000000000 ) ) ;
#1562 = DIRECTION ( 'NONE',  ( 0.000000000000000000, 1.000000000000000000, -8.260587980841939371E-15 ) ) ;
#1563 = CARTESIAN_POINT ( 'NONE',  ( 0.000000000000000000, 8.618258436585968241, 5.620762745781207492 ) ) ;
#1564 = EDGE_CURVE ( 'NONE', #56, #805, #612, .T. ) ;
#1565 = ORIENTED_EDGE ( 'NONE', *, *, #982, .T. ) ;
#1566 = DIRECTION ( 'NONE',  ( -8.881784197001248379E-16, 1.000000000000000000, 0.000000000000000000 ) ) ;
#1567 = CARTESIAN_POINT ( 'NONE',  ( 2.182283254615324797, 6.749999999999999112, 5.773529692572009431 ) ) ;
#1568 = DIRECTION ( 'NONE',  ( -0.000000000000000000, 1.000000000000000000, -0.000000000000000000 ) ) ;
#1569 = EDGE_CURVE ( 'NONE', #1037, #2205, #1756, .T. ) ;
#1570 = CARTESIAN_POINT ( 'NONE',  ( -2.100009524403048111, 6.473344920336801422, 2.138959997505215149 ) ) ;
#1571 = VERTEX_POINT ( 'NONE', #1546 ) ;
#1572 = DIRECTION ( 'NONE',  ( 0.000000000000000000, 0.000000000000000000, 1.000000000000000000 ) ) ;
#1573 = DIRECTION ( 'NONE',  ( -0.000000000000000000, 1.000000000000000000, 0.000000000000000000 ) ) ;
#1574 = DIRECTION ( 'NONE',  ( -0.000000000000000000, 0.000000000000000000, 1.000000000000000000 ) ) ;
#1575 = CARTESIAN_POINT ( 'NONE',  ( -2.232710535457612888, 6.750000000000000000, 5.620762745781209269 ) ) ;
#1576 = AXIS2_PLACEMENT_3D ( 'NONE', #53, #1409, #2202 ) ;
#1577 = ORIENTED_EDGE ( 'NONE', *, *, #699, .T. ) ;
#1578 = VECTOR ( 'NONE', #1997, 1000.000000000000114 ) ;
#1579 = CARTESIAN_POINT ( 'NONE',  ( 3.174999999999999822, 6.350000000000000533, 2.638999999999997126 ) ) ;
#1580 = EDGE_CURVE ( 'NONE', #1202, #1717, #933, .T. ) ;
#1581 = DIRECTION ( 'NONE',  ( 0.000000000000000000, -8.115498896123205041E-15, 1.000000000000000000 ) ) ;
#1582 = CARTESIAN_POINT ( 'NONE',  ( 0.000000000000000000, 6.349999999999999645, 0.8889999999999991243 ) ) ;
#1583 = CONICAL_SURFACE ( 'NONE', #2258, 2.299999999999999822, 0.3141592653589760364 ) ;
#1584 = CARTESIAN_POINT ( 'NONE',  ( 2.264950330581225746, -5.523072258617638397, -5.949999999999999289 ) ) ;
#1585 = EDGE_LOOP ( 'NONE', ( #1384, #1675, #1678, #1282 ) ) ;
#1586 = EDGE_CURVE ( 'NONE', #1275, #2205, #977, .T. ) ;
#1587 = AXIS2_PLACEMENT_3D ( 'NONE', #1847, #83, #2018 ) ;
#1588 = ORIENTED_EDGE ( 'NONE', *, *, #1326, .T. ) ;
#1589 = VECTOR ( 'NONE', #1745, 1000.000000000000000 ) ;
#1590 = CARTESIAN_POINT ( 'NONE',  ( 2.254205848354697395, -5.555636450100673862, -6.750000000000000000 ) ) ;
#1591 = DIRECTION ( 'NONE',  ( 0.000000000000000000, -1.000000000000000000, 0.000000000000000000 ) ) ;
#1592 = FACE_OUTER_BOUND ( 'NONE', #1134, .T. ) ;
#1593 = CYLINDRICAL_SURFACE ( 'NONE', #2345, 2.099999999999999645 ) ;
#1594 = ORIENTED_EDGE ( 'NONE', *, *, #518, .T. ) ;
#1595 = CARTESIAN_POINT ( 'NONE',  ( 0.000000000000000000, -5.523072258617638397, -6.349999999999999645 ) ) ;
#1596 = VECTOR ( 'NONE', #829, 1000.000000000000000 ) ;
#1597 = CYLINDRICAL_SURFACE ( 'NONE', #1705, 2.100000000000000089 ) ;
#1598 = CIRCLE ( 'NONE', #1926, 2.299999999999999822 ) ;
#1599 = CYLINDRICAL_SURFACE ( 'NONE', #679, 6.049999999999998046 ) ;
#1600 = ORIENTED_EDGE ( 'NONE', *, *, #2493, .T. ) ;
#1601 = ORIENTED_EDGE ( 'NONE', *, *, #1919, .F. ) ;
#1602 = EDGE_CURVE ( 'NONE', #1093, #1125, #1515, .T. ) ;
#1603 = FACE_OUTER_BOUND ( 'NONE', #1880, .T. ) ;
#1604 = DIRECTION ( 'NONE',  ( 0.000000000000000000, 1.000000000000000000, -8.260587980841939371E-15 ) ) ;
#1605 = DIRECTION ( 'NONE',  ( 0.000000000000000000, 0.000000000000000000, 1.000000000000000000 ) ) ;
#1606 = ORIENTED_EDGE ( 'NONE', *, *, #685, .T. ) ;
#1607 = DIRECTION ( 'NONE',  ( 1.000000000000000000, 0.000000000000000000, 0.000000000000000000 ) ) ;
#1608 = CARTESIAN_POINT ( 'NONE',  ( 0.000000000000000000, 0.000000000000000000, -6.349999999999999645 ) ) ;
#1609 = LINE ( 'NONE', #2028, #180 ) ;
#1610 = CARTESIAN_POINT ( 'NONE',  ( 2.040073290564207831, 5.851902650954126983, 2.595422128626172054 ) ) ;
#1611 = ORIENTED_EDGE ( 'NONE', *, *, #890, .F. ) ;
#1612 = VERTEX_POINT ( 'NONE', #1172 ) ;
#1613 = CARTESIAN_POINT ( 'NONE',  ( 0.000000000000000000, 9.524999999999998579, 0.8889999999999991243 ) ) ;
#1614 = EDGE_CURVE ( 'NONE', #447, #503, #755, .T. ) ;
#1615 = CYLINDRICAL_SURFACE ( 'NONE', #433, 3.174999999999998934 ) ;
#1616 = CARTESIAN_POINT ( 'NONE',  ( 3.888253587292846081E-16, -0.8890000000000009006, -3.174999999999999822 ) ) ;
#1617 = CARTESIAN_POINT ( 'NONE',  ( 0.000000000000000000, 6.349999999999999645, 5.139000000000002899 ) ) ;
#1618 = ADVANCED_FACE ( 'NONE', ( #1961 ), #157, .T. ) ;
#1619 = DIRECTION ( 'NONE',  ( 0.000000000000000000, 0.000000000000000000, 1.000000000000000000 ) ) ;
#1620 = EDGE_CURVE ( 'NONE', #1314, #2294, #2357, .T. ) ;
#1621 = ORIENTED_EDGE ( 'NONE', *, *, #125, .T. ) ;
#1622 = DIRECTION ( 'NONE',  ( 0.000000000000000000, -0.08715574274765176821, 0.9961946980917461003 ) ) ;
#1623 = LINE ( 'NONE', #2187, #1578 ) ;
#1624 = CARTESIAN_POINT ( 'NONE',  ( 2.197165961088449304, 6.750000000000000000, 5.495012551953919910 ) ) ;
#1625 = CONICAL_SURFACE ( 'NONE', #1576, 2.099999999999999645, 1.172861257340199304 ) ;
#1626 = CARTESIAN_POINT ( 'NONE',  ( -3.888253587292846081E-16, 3.174999999999999822, 0.8889999999999991243 ) ) ;
#1627 = ORIENTED_EDGE ( 'NONE', *, *, #255, .F. ) ;
#1628 = VERTEX_POINT ( 'NONE', #1159 ) ;
#1629 = DIRECTION ( 'NONE',  ( 0.000000000000000000, 1.000000000000000000, 0.000000000000000000 ) ) ;
#1630 = AXIS2_PLACEMENT_3D ( 'NONE', #2080, #2313, #2303 ) ;
#1631 = DIRECTION ( 'NONE',  ( 0.000000000000000000, -0.000000000000000000, 1.000000000000000000 ) ) ;
#1632 = AXIS2_PLACEMENT_3D ( 'NONE', #2010, #1631, #2247 ) ;
#1633 = CARTESIAN_POINT ( 'NONE',  ( -2.264950330581225746, 5.949999999999999289, 5.523072258617638397 ) ) ;
#1634 = CIRCLE ( 'NONE', #964, 2.099999999999999645 ) ;
#1635 = CARTESIAN_POINT ( 'NONE',  ( 2.129368206736822255, -5.466985055880805078, -6.750000000000000000 ) ) ;
#1636 = ADVANCED_FACE ( 'NONE', ( #1342 ), #2057, .T. ) ;
#1637 = VERTEX_POINT ( 'NONE', #2136 ) ;
#1638 = DIRECTION ( 'NONE',  ( -0.7071067811865476838, -5.897282371859131490E-17, 0.7071067811865474617 ) ) ;
#1639 = CARTESIAN_POINT ( 'NONE',  ( 2.083236664664703142, -5.905597390643910316, -5.950000000000000178 ) ) ;
#1640 = CARTESIAN_POINT ( 'NONE',  ( -2.061552812808830293, 6.750000000000000000, 5.439000000000000945 ) ) ;
#1641 = ORIENTED_EDGE ( 'NONE', *, *, #627, .F. ) ;
#1642 = VECTOR ( 'NONE', #2302, 1000.000000000000000 ) ;
#1643 = EDGE_LOOP ( 'NONE', ( #1844, #261, #2265, #905 ) ) ;
#1644 = CARTESIAN_POINT ( 'NONE',  ( 1.332519444248313482E-15, 9.524999999999998579, 0.000000000000000000 ) ) ;
#1645 = DIRECTION ( 'NONE',  ( 0.000000000000000000, -0.000000000000000000, -1.000000000000000000 ) ) ;
#1646 = ORIENTED_EDGE ( 'NONE', *, *, #2538, .T. ) ;
#1647 = DIRECTION ( 'NONE',  ( 0.000000000000000000, 0.000000000000000000, -1.000000000000000000 ) ) ;
#1648 = DIRECTION ( 'NONE',  ( 1.000000000000000000, 0.000000000000000000, 0.000000000000000000 ) ) ;
#1649 = EDGE_CURVE ( 'NONE', #1125, #1612, #1092, .T. ) ;
#1650 = CARTESIAN_POINT ( 'NONE',  ( -1.972483239316685122, 5.629368422413532969, 5.138999999999997570 ) ) ;
#1651 = EDGE_LOOP ( 'NONE', ( #240, #684, #2257, #2067 ) ) ;
#1652 = EDGE_CURVE ( 'NONE', #2219, #1612, #170, .T. ) ;
#1653 = EDGE_LOOP ( 'NONE', ( #486, #2116, #2103, #303 ) ) ;
#1654 = ADVANCED_FACE ( 'NONE', ( #2163 ), #784, .F. ) ;
#1655 = ORIENTED_EDGE ( 'NONE', *, *, #1290, .T. ) ;
#1656 = CC_DESIGN_APPROVAL ( #33, ( #865 ) ) ;
#1657 = CARTESIAN_POINT ( 'NONE',  ( 5.460999999999999410, 6.349999999999999645, -6.350000000000003197 ) ) ;
#1658 = DIRECTION ( 'NONE',  ( 0.000000000000000000, 0.000000000000000000, -1.000000000000000000 ) ) ;
#1659 = ORIENTED_EDGE ( 'NONE', *, *, #1532, .T. ) ;
#1660 = CARTESIAN_POINT ( 'NONE',  ( -2.232710535457612888, 6.750000000000000000, 5.620762745781209269 ) ) ;
#1661 = CARTESIAN_POINT ( 'NONE',  ( 1.663407726524676278, -6.139000000000001123, -5.949999999999999289 ) ) ;
#1662 = B_SPLINE_CURVE_WITH_KNOTS ( 'NONE', 3,
 ( #1773, #1760, #774, #2362, #583, #1372, #2167, #9, #787, #2376 ),
 .UNSPECIFIED., .F., .F.,
 ( 4, 2, 2, 2, 4 ),
 ( 0.000000000000000000, 0.0003704147845104415891, 0.0007408295690208831783, 0.001111244353531324822, 0.001481659138041766357 ),
 .UNSPECIFIED. ) ;
#1663 = ADVANCED_FACE ( 'NONE', ( #924 ), #365, .T. ) ;
#1664 = CARTESIAN_POINT ( 'NONE',  ( -2.264950330581225746, 6.750000000000000000, 5.523072258617638397 ) ) ;
#1665 = ORIENTED_EDGE ( 'NONE', *, *, #917, .T. ) ;
#1666 = CIRCLE ( 'NONE', #547, 0.7499999999999997780 ) ;
#1667 = VERTEX_POINT ( 'NONE', #2371 ) ;
#1668 = EDGE_CURVE ( 'NONE', #94, #695, #1548, .T. ) ;
#1669 = ORIENTED_EDGE ( 'NONE', *, *, #58, .F. ) ;
#1670 = AXIS2_PLACEMENT_3D ( 'NONE', #192, #1765, #1 ) ;
#1671 = DIRECTION ( 'NONE',  ( 1.000000000000000000, 0.000000000000000000, 0.000000000000000000 ) ) ;
#1672 = AXIS2_PLACEMENT_3D ( 'NONE', #1940, #2556, #1749 ) ;
#1673 = DIRECTION ( 'NONE',  ( 0.000000000000000000, 1.000000000000000000, 0.000000000000000000 ) ) ;
#1674 = AXIS2_PLACEMENT_3D ( 'NONE', #244, #21, #1259 ) ;
#1675 = ORIENTED_EDGE ( 'NONE', *, *, #1479, .F. ) ;
#1676 = CIRCLE ( 'NONE', #2499, 6.049999999999998046 ) ;
#1677 = AXIS2_PLACEMENT_3D ( 'NONE', #696, #1704, #721 ) ;
#1678 = ORIENTED_EDGE ( 'NONE', *, *, #1448, .F. ) ;
#1679 =( NAMED_UNIT ( * ) SI_UNIT ( $, .STERADIAN. ) SOLID_ANGLE_UNIT ( ) );
#1680 = DIRECTION ( 'NONE',  ( 0.000000000000000000, -0.000000000000000000, -1.000000000000000000 ) ) ;
#1681 = CARTESIAN_POINT ( 'NONE',  ( 0.000000000000000000, 6.349999999999999645, 5.139000000000002899 ) ) ;
#1682 = ORIENTED_EDGE ( 'NONE', *, *, #587, .F. ) ;
#1683 = ORIENTED_EDGE ( 'NONE', *, *, #656, .T. ) ;
#1684 = VECTOR ( 'NONE', #189, 1000.000000000000000 ) ;
#1685 = ADVANCED_FACE ( 'NONE', ( #2535 ), #1478, .T. ) ;
#1686 = CARTESIAN_POINT ( 'NONE',  ( 3.174999999999999822, 5.629368422413532969, 5.138999999999997570 ) ) ;
#1687 = AXIS2_PLACEMENT_3D ( 'NONE', #1920, #549, #2354 ) ;
#1688 = ORIENTED_EDGE ( 'NONE', *, *, #871, .F. ) ;
#1689 = CARTESIAN_POINT ( 'NONE',  ( 1.502637486114517751, 5.949999999999999289, 6.139000000000000234 ) ) ;
#1690 = LINE ( 'NONE', #2483, #1540 ) ;
#1691 = ORIENTED_EDGE ( 'NONE', *, *, #1807, .F. ) ;
#1692 = ORIENTED_EDGE ( 'NONE', *, *, #1042, .F. ) ;
#1693 = DIRECTION ( 'NONE',  ( 0.000000000000000000, 0.000000000000000000, 1.000000000000000000 ) ) ;
#1694 = EDGE_CURVE ( 'NONE', #2259, #1637, #142, .T. ) ;
#1695 = ORIENTED_EDGE ( 'NONE', *, *, #1733, .T. ) ;
#1696 = EDGE_CURVE ( 'NONE', #2327, #877, #1188, .T. ) ;
#1697 = DIRECTION ( 'NONE',  ( 0.000000000000000000, 0.000000000000000000, -1.000000000000000000 ) ) ;
#1698 = EDGE_CURVE ( 'NONE', #910, #1953, #814, .T. ) ;
#1699 = FACE_OUTER_BOUND ( 'NONE', #361, .T. ) ;
#1700 = CARTESIAN_POINT ( 'NONE',  ( 1.972483239316684234, -5.138999999999997570, -7.070631577586467209 ) ) ;
#1701 = ORIENTED_EDGE ( 'NONE', *, *, #625, .T. ) ;
#1702 = ORIENTED_EDGE ( 'NONE', *, *, #1417, .T. ) ;
#1703 = AXIS2_PLACEMENT_3D ( 'NONE', #1582, #606, #2114 ) ;
#1704 = DIRECTION ( 'NONE',  ( 0.000000000000000000, 1.084202172485504434E-16, -1.000000000000000000 ) ) ;
#1705 = AXIS2_PLACEMENT_3D ( 'NONE', #250, #822, #416 ) ;
#1706 = ORIENTED_EDGE ( 'NONE', *, *, #409, .F. ) ;
#1707 = AXIS2_PLACEMENT_3D ( 'NONE', #1320, #903, #1333 ) ;
#1708 = PERSON_AND_ORGANIZATION ( #720, #1450 ) ;
#1709 = LINE ( 'NONE', #1514, #1642 ) ;
#1710 = AXIS2_PLACEMENT_3D ( 'NONE', #2218, #2233, #1446 ) ;
#1711 = ADVANCED_FACE ( 'NONE', ( #716 ), #2530, .F. ) ;
#1712 = AXIS2_PLACEMENT_3D ( 'NONE', #258, #1248, #2441 ) ;
#1713 = PLANE ( 'NONE',  #1334 ) ;
#1714 = DIRECTION ( 'NONE',  ( 1.398970545142586541E-16, 1.000000000000000000, 0.000000000000000000 ) ) ;
#1715 = ORIENTED_EDGE ( 'NONE', *, *, #936, .T. ) ;
#1716 = DATE_AND_TIME ( #536, #1362 ) ;
#1717 = VERTEX_POINT ( 'NONE', #2339 ) ;
#1718 = CARTESIAN_POINT ( 'NONE',  ( -2.042738866564660416, -2.470634702552896744, -6.837179863913881661 ) ) ;
#1719 = ORIENTED_EDGE ( 'NONE', *, *, #1364, .T. ) ;
#1720 = AXIS2_PLACEMENT_3D ( 'NONE', #1468, #1442, #88 ) ;
#1721 = EDGE_LOOP ( 'NONE', ( #811, #85, #653, #579, #2179, #676 ) ) ;
#1722 = AXIS2_PLACEMENT_3D ( 'NONE', #764, #564, #2519 ) ;
#1723 = CARTESIAN_POINT ( 'NONE',  ( 0.000000000000000000, 6.349999999999999645, 0.000000000000000000 ) ) ;
#1724 = DIRECTION ( 'NONE',  ( 0.000000000000000000, 0.000000000000000000, -1.000000000000000000 ) ) ;
#1725 = CARTESIAN_POINT ( 'NONE',  ( -2.061552812808830293, -5.439000000000000945, -5.949999999999999289 ) ) ;
#1726 = LINE ( 'NONE', #2325, #1750 ) ;
#1727 = EDGE_CURVE ( 'NONE', #223, #1754, #1133, .T. ) ;
#1728 = DIRECTION ( 'NONE',  ( 0.000000000000000000, -1.000000000000000000, 0.000000000000000000 ) ) ;
#1729 = EDGE_LOOP ( 'NONE', ( #307, #324, #2364, #1594, #419, #2481, #2356, #2244, #1945, #2148, #78, #2276 ) ) ;
#1730 = SECURITY_CLASSIFICATION_LEVEL ( 'unclassified' ) ;
#1731 = ORIENTED_EDGE ( 'NONE', *, *, #2157, .F. ) ;
#1732 = CARTESIAN_POINT ( 'NONE',  ( 0.000000000000000000, -5.389000000000001123, -6.349999999999999645 ) ) ;
#1733 = EDGE_CURVE ( 'NONE', #1224, #1150, #894, .T. ) ;
#1734 = VERTEX_POINT ( 'NONE', #1931 ) ;
#1735 = FACE_OUTER_BOUND ( 'NONE', #2315, .T. ) ;
#1736 = DIRECTION ( 'NONE',  ( 0.000000000000000000, 0.000000000000000000, -1.000000000000000000 ) ) ;
#1737 = DIRECTION ( 'NONE',  ( 1.000000000000000000, 0.000000000000000000, 0.000000000000000000 ) ) ;
#1738 = ADVANCED_BREP_SHAPE_REPRESENTATION ( '228-2500-127', ( #2249, #333 ), #2070 ) ;
#1739 = CARTESIAN_POINT ( 'NONE',  ( 1.663442899047754109, -6.139000000000000234, -6.750000000000001776 ) ) ;
#1740 = FACE_OUTER_BOUND ( 'NONE', #2082, .T. ) ;
#1741 = ORIENTED_EDGE ( 'NONE', *, *, #199, .T. ) ;
#1742 = CARTESIAN_POINT ( 'NONE',  ( -2.040073290564207831, -2.595422128626172054, -5.851902650954126983 ) ) ;
#1743 = ORIENTED_EDGE ( 'NONE', *, *, #2553, .T. ) ;
#1744 = ADVANCED_FACE ( 'NONE', ( #1906, #2145 ), #177, .F. ) ;
#1745 = DIRECTION ( 'NONE',  ( -1.000000000000000000, 0.000000000000000000, 0.000000000000000000 ) ) ;
#1746 = VECTOR ( 'NONE', #2146, 1000.000000000000000 ) ;
#1747 = DIRECTION ( 'NONE',  ( 0.000000000000000000, 8.115498896123167176E-15, 1.000000000000000000 ) ) ;
#1748 = DIRECTION ( 'NONE',  ( 0.000000000000000000, -1.000000000000000000, 0.000000000000000000 ) ) ;
#1749 = DIRECTION ( 'NONE',  ( 0.000000000000000000, 0.000000000000000000, 1.000000000000000000 ) ) ;
#1750 = VECTOR ( 'NONE', #1484, 1000.000000000000000 ) ;
#1751 = DIRECTION ( 'NONE',  ( 0.000000000000000000, 0.000000000000000000, 1.000000000000000000 ) ) ;
#1752 = AXIS2_PLACEMENT_3D ( 'NONE', #1178, #1949, #173 ) ;
#1753 = DIRECTION ( 'NONE',  ( -0.000000000000000000, -1.000000000000000000, -0.000000000000000000 ) ) ;
#1754 = VERTEX_POINT ( 'NONE', #1700 ) ;
#1755 = VECTOR ( 'NONE', #519, 1000.000000000000000 ) ;
#1756 = LINE ( 'NONE', #2548, #691 ) ;
#1757 = ORIENTED_EDGE ( 'NONE', *, *, #1402, .T. ) ;
#1758 = EDGE_CURVE ( 'NONE', #1754, #1667, #2347, .T. ) ;
#1759 = DIRECTION ( 'NONE',  ( 0.000000000000000000, 0.000000000000000000, 1.000000000000000000 ) ) ;
#1760 = CARTESIAN_POINT ( 'NONE',  ( 2.042738866564660416, 6.837179863913883437, 2.470634702552896300 ) ) ;
#1761 = PLANE ( 'NONE',  #2097 ) ;
#1762 = AXIS2_PLACEMENT_3D ( 'NONE', #175, #701, #1501 ) ;
#1763 = ORIENTED_EDGE ( 'NONE', *, *, #793, .T. ) ;
#1764 = FACE_OUTER_BOUND ( 'NONE', #553, .T. ) ;
#1765 = DIRECTION ( 'NONE',  ( 0.000000000000000000, -0.000000000000000000, -1.000000000000000000 ) ) ;
#1766 = LINE ( 'NONE', #1944, #2129 ) ;
#1767 = ORIENTED_EDGE ( 'NONE', *, *, #2032, .F. ) ;
#1768 = DIRECTION ( 'NONE',  ( -1.000000000000000000, -0.000000000000000000, -0.000000000000000000 ) ) ;
#1769 = EDGE_LOOP ( 'NONE', ( #620, #313, #89, #106, #1368, #2440, #2115, #50, #2105, #432 ) ) ;
#1770 = LINE ( 'NONE', #979, #1091 ) ;
#1771 = CARTESIAN_POINT ( 'NONE',  ( -2.040073290564207831, -2.595422128626172054, -6.848097349045874083 ) ) ;
#1772 = EDGE_CURVE ( 'NONE', #219, #2478, #138, .T. ) ;
#1773 = CARTESIAN_POINT ( 'NONE',  ( 2.040073290564207831, 6.848097349045874083, 2.595422128626172054 ) ) ;
#1774 = DIRECTION ( 'NONE',  ( 1.000000000000000000, 0.000000000000000000, 0.000000000000000000 ) ) ;
#1775 = VERTEX_POINT ( 'NONE', #728 ) ;
#1776 = FACE_OUTER_BOUND ( 'NONE', #1292, .T. ) ;
#1777 = DIRECTION ( 'NONE',  ( 0.000000000000000000, 8.260587980841939371E-15, -1.000000000000000000 ) ) ;
#1778 = CARTESIAN_POINT ( 'NONE',  ( 0.000000000000000000, -5.620762745781209269, -6.349999999999999645 ) ) ;
#1779 = CARTESIAN_POINT ( 'NONE',  ( -2.243459280444428217, 5.949999999999999289, 5.588199955838118349 ) ) ;
#1780 = ORIENTED_EDGE ( 'NONE', *, *, #1912, .F. ) ;
#1781 = CARTESIAN_POINT ( 'NONE',  ( -2.061552812808830293, -5.438999999999999169, -6.750000000000000000 ) ) ;
#1782 = ORIENTED_EDGE ( 'NONE', *, *, #2353, .F. ) ;
#1783 = CARTESIAN_POINT ( 'NONE',  ( 0.000000000000000000, 0.000000000000000000, -6.349999999999999645 ) ) ;
#1784 = CARTESIAN_POINT ( 'NONE',  ( 3.174999999999999822, 5.949999999999999289, 5.138999999999999346 ) ) ;
#1785 = CARTESIAN_POINT ( 'NONE',  ( 0.000000000000000000, -5.620762745781209269, -6.349999999999999645 ) ) ;
#1786 = VECTOR ( 'NONE', #1826, 1000.000000000000000 ) ;
#1787 = ORIENTED_EDGE ( 'NONE', *, *, #2553, .F. ) ;
#1788 = AXIS2_PLACEMENT_3D ( 'NONE', #792, #2382, #2015 ) ;
#1789 = DIRECTION ( 'NONE',  ( 0.000000000000000000, 0.08715574274765176821, -0.9961946980917461003 ) ) ;
#1790 = DIRECTION ( 'NONE',  ( -1.000000000000000000, -0.000000000000000000, -0.000000000000000000 ) ) ;
#1791 = EDGE_CURVE ( 'NONE', #425, #1963, #2394, .T. ) ;
#1792 = AXIS2_PLACEMENT_3D ( 'NONE', #1108, #150, #2131 ) ;
#1793 = CARTESIAN_POINT ( 'NONE',  ( -2.197165961088449304, -5.495012551953919910, -6.750000000000000000 ) ) ;
#1794 = VERTEX_POINT ( 'NONE', #359 ) ;
#1795 = AXIS2_PLACEMENT_3D ( 'NONE', #214, #952, #7 ) ;
#1796 = VECTOR ( 'NONE', #646, 1000.000000000000000 ) ;
#1797 = ORIENTED_EDGE ( 'NONE', *, *, #1175, .T. ) ;
#1798 = CARTESIAN_POINT ( 'NONE',  ( 0.1999999999999996503, 12.40000000000000036, -2.000000000000000000 ) ) ;
#1799 = CARTESIAN_POINT ( 'NONE',  ( 0.000000000000000000, 0.000000000000000000, -9.524999999999998579 ) ) ;
#1800 = FACE_OUTER_BOUND ( 'NONE', #381, .T. ) ;
#1801 = DIRECTION ( 'NONE',  ( 0.000000000000000000, -1.000000000000000000, 0.000000000000000000 ) ) ;
#1802 = ORIENTED_EDGE ( 'NONE', *, *, #1999, .T. ) ;
#1803 = CARTESIAN_POINT ( 'NONE',  ( -2.264950330581225746, 6.750000000000000000, 5.523072258617638397 ) ) ;
#1804 = VECTOR ( 'NONE', #1252, 1000.000000000000000 ) ;
#1805 = CARTESIAN_POINT ( 'NONE',  ( 0.000000000000000000, 6.349999999999999645, 5.139000000000002899 ) ) ;
#1806 = AXIS2_PLACEMENT_3D ( 'NONE', #1936, #1136, #1923 ) ;
#1807 = EDGE_CURVE ( 'NONE', #528, #2282, #1146, .T. ) ;
#1808 = CARTESIAN_POINT ( 'NONE',  ( 2.057911970479199493, -2.353224001008316524, -6.778281967881771841 ) ) ;
#1809 = ORIENTED_EDGE ( 'NONE', *, *, #1349, .T. ) ;
#1810 = ORIENTED_EDGE ( 'NONE', *, *, #1208, .F. ) ;
#1811 = EDGE_CURVE ( 'NONE', #850, #963, #1598, .T. ) ;
#1812 = EDGE_CURVE ( 'NONE', #2412, #511, #1676, .T. ) ;
#1813 = DIRECTION ( 'NONE',  ( 0.000000000000000000, -0.000000000000000000, -1.000000000000000000 ) ) ;
#1814 = DIRECTION ( 'NONE',  ( 0.000000000000000000, -1.000000000000000000, 0.000000000000000000 ) ) ;
#1815 = DIRECTION ( 'NONE',  ( 0.000000000000000000, -0.9961946980917461003, 0.08715574274765176821 ) ) ;
#1816 = CARTESIAN_POINT ( 'NONE',  ( -2.129368205736811070, 5.949999999999999289, 5.466985055468135180 ) ) ;
#1817 = LINE ( 'NONE', #452, #1596 ) ;
#1818 = ORIENTED_EDGE ( 'NONE', *, *, #1858, .F. ) ;
#1819 = DIRECTION ( 'NONE',  ( 0.000000000000000000, 0.000000000000000000, -1.000000000000000000 ) ) ;
#1820 = DIRECTION ( 'NONE',  ( -1.000000000000000000, -0.000000000000000000, -0.000000000000000000 ) ) ;
#1821 = CARTESIAN_POINT ( 'NONE',  ( 0.1999999999999996503, 11.40000000000000036, -2.000000000000000000 ) ) ;
#1822 = DIRECTION ( 'NONE',  ( -1.000000000000000000, -0.000000000000000000, -0.000000000000000000 ) ) ;
#1823 = ORIENTED_EDGE ( 'NONE', *, *, #1614, .F. ) ;
#1824 = LOCAL_TIME ( 14, 4, 52.00000000000000000, #1095 ) ;
#1825 = ORIENTED_EDGE ( 'NONE', *, *, #527, .T. ) ;
#1826 = DIRECTION ( 'NONE',  ( 0.000000000000000000, -1.000000000000000000, 0.000000000000000000 ) ) ;
#1827 = ADVANCED_FACE ( 'NONE', ( #1740 ), #2102, .T. ) ;
#1828 = DIRECTION ( 'NONE',  ( -0.000000000000000000, 0.08715574274765176821, 0.9961946980917461003 ) ) ;
#1829 = DIRECTION ( 'NONE',  ( 0.000000000000000000, 0.000000000000000000, 1.000000000000000000 ) ) ;
#1830 = LINE ( 'NONE', #476, #1850 ) ;
#1831 = ORIENTED_EDGE ( 'NONE', *, *, #1068, .T. ) ;
#1832 = CARTESIAN_POINT ( 'NONE',  ( -2.571758278209441957E-16, 8.449999999999999289, 5.439000000000000945 ) ) ;
#1833 = CARTESIAN_POINT ( 'NONE',  ( 2.264950330581225746, 5.949999999999999289, 5.523072258617638397 ) ) ;
#1834 = VECTOR ( 'NONE', #81, 1000.000000000000000 ) ;
#1835 = CARTESIAN_POINT ( 'NONE',  ( 0.000000000000000000, -6.139000000000000234, -6.349999999999999645 ) ) ;
#1836 = ORIENTED_EDGE ( 'NONE', *, *, #2521, .F. ) ;
#1837 = ORIENTED_EDGE ( 'NONE', *, *, #2280, .T. ) ;
#1838 = CIRCLE ( 'NONE', #715, 1.554966049364602254 ) ;
#1839 = CIRCLE ( 'NONE', #718, 2.268258436585969040 ) ;
#1840 = CARTESIAN_POINT ( 'NONE',  ( 2.061552812808830293, -5.439000000000000945, -5.949999999999999289 ) ) ;
#1841 = VECTOR ( 'NONE', #613, 1000.000000000000000 ) ;
#1842 = ADVANCED_FACE ( 'NONE', ( #935 ), #1503, .T. ) ;
#1843 = CARTESIAN_POINT ( 'NONE',  ( -2.232710535457612888, -5.620762745781209269, -6.750000000000000000 ) ) ;
#1844 = ORIENTED_EDGE ( 'NONE', *, *, #1205, .F. ) ;
#1845 = CARTESIAN_POINT ( 'NONE',  ( -2.243459280444428217, 6.750000000000000000, 5.588199955838117461 ) ) ;
#1846 = DIRECTION ( 'NONE',  ( 0.000000000000000000, 0.000000000000000000, -1.000000000000000000 ) ) ;
#1847 = CARTESIAN_POINT ( 'NONE',  ( 2.174999999999999822, 6.349999999999999645, -6.350000000000003197 ) ) ;
#1848 = ORIENTED_EDGE ( 'NONE', *, *, #488, .F. ) ;
#1849 = B_SPLINE_CURVE_WITH_KNOTS ( 'NONE', 3,
 ( #868, #2027, #1639, #1483, #1661, #507 ),
 .UNSPECIFIED., .F., .F.,
 ( 4, 2, 4 ),
 ( 0.000000000000000000, 0.0004757001404452628575, 0.0009514002808905257149 ),
 .UNSPECIFIED. ) ;
#1850 = VECTOR ( 'NONE', #687, 1000.000000000000000 ) ;
#1851 = ORIENTED_EDGE ( 'NONE', *, *, #527, .F. ) ;
#1852 = CARTESIAN_POINT ( 'NONE',  ( 0.000000000000000000, 6.349999999999999645, 5.439000000000000945 ) ) ;
#1853 = CARTESIAN_POINT ( 'NONE',  ( -2.254205848354697395, -5.555636450100673862, -6.750000000000000000 ) ) ;
#1854 = EDGE_CURVE ( 'NONE', #503, #2412, #1321, .T. ) ;
#1855 = ORIENTED_EDGE ( 'NONE', *, *, #747, .T. ) ;
#1856 = CARTESIAN_POINT ( 'NONE',  ( -2.061552812808830293, 5.949999999999999289, 5.439000000000000945 ) ) ;
#1857 = CARTESIAN_POINT ( 'NONE',  ( 0.000000000000000000, 6.349999999999999645, 5.523072258617638397 ) ) ;
#1858 = EDGE_CURVE ( 'NONE', #1244, #2151, #371, .T. ) ;
#1859 = CC_DESIGN_DATE_AND_TIME_ASSIGNMENT ( #922, #2104, ( #865 ) ) ;
#1860 = DIRECTION ( 'NONE',  ( -0.000000000000000000, 0.000000000000000000, 1.000000000000000000 ) ) ;
#1861 = ORIENTED_EDGE ( 'NONE', *, *, #1241, .T. ) ;
#1862 = VERTEX_POINT ( 'NONE', #1119 ) ;
#1863 = CARTESIAN_POINT ( 'NONE',  ( -2.061552812808830293, 5.949999999999999289, 5.138999999999999346 ) ) ;
#1864 = DIRECTION ( 'NONE',  ( 0.000000000000000000, -1.000000000000000000, 0.000000000000000000 ) ) ;
#1865 = ORIENTED_EDGE ( 'NONE', *, *, #1507, .F. ) ;
#1866 = ORIENTED_EDGE ( 'NONE', *, *, #1891, .T. ) ;
#1867 = CARTESIAN_POINT ( 'NONE',  ( 2.040073290564206943, -2.595422128626172054, -6.848097349045874083 ) ) ;
#1868 = DIRECTION ( 'NONE',  ( 0.000000000000000000, 1.000000000000000000, 0.000000000000000000 ) ) ;
#1869 = DIRECTION ( 'NONE',  ( 0.000000000000000000, -0.000000000000000000, 1.000000000000000000 ) ) ;
#1870 = EDGE_CURVE ( 'NONE', #109, #1114, #2301, .T. ) ;
#1871 = CIRCLE ( 'NONE', #2293, 2.268258436585969040 ) ;
#1872 = ORIENTED_EDGE ( 'NONE', *, *, #846, .T. ) ;
#1873 = EDGE_LOOP ( 'NONE', ( #1947, #923, #689, #940 ) ) ;
#1874 = CARTESIAN_POINT ( 'NONE',  ( 0.000000000000000000, -5.523072258617638397, -6.349999999999999645 ) ) ;
#1875 = AXIS2_PLACEMENT_3D ( 'NONE', #1579, #763, #220 ) ;
#1876 = CLOSED_SHELL ( 'NONE', ( #215, #2125, #2094, #573, #1127, #1258, #2367, #1466, #773, #393, #640, #2468, #337, #1744, #2242, #11, #1277, #1352, #236, #2164, #1502, #854, #1436, #2034, #1190, #2195, #1889, #1316, #1618, #2507, #122, #64, #2278, #133, #2143, #1054, #1827, #1160, #961, #45, #325, #1300, #2350, #2469, #996, #733, #2308, #405, #2083, #164, #1654, #2348, #1273, #515, #312, #1842, #1685, #352, #2121, #183, #670, #1663, #1022, #1432, #1636, #2062, #489, #2504, #2274, #358, #2191, #1711, #97, #472, #1304, #32, #858 ) ) ;
#1877 = EDGE_LOOP ( 'NONE', ( #876, #253, #777, #158 ) ) ;
#1878 = B_SPLINE_CURVE_WITH_KNOTS ( 'NONE', 3,
 ( #1358, #2333, #2346, #185, #2374, #582 ),
 .UNSPECIFIED., .F., .F.,
 ( 4, 2, 4 ),
 ( 0.000000000000000000, 0.0004757428370953077027, 0.0009514856741906158391 ),
 .UNSPECIFIED. ) ;
#1879 = CIRCLE ( 'NONE', #1960, 2.099999999999999645 ) ;
#1880 = EDGE_LOOP ( 'NONE', ( #1323, #3, #997, #2433 ) ) ;
#1881 = PERSON_AND_ORGANIZATION_ROLE ( 'creator' ) ;
#1882 = FACE_BOUND ( 'NONE', #2108, .T. ) ;
#1883 = CARTESIAN_POINT ( 'NONE',  ( 0.1999999999999996503, 12.40000000000000036, -6.350000000000004086 ) ) ;
#1884 = ORIENTED_EDGE ( 'NONE', *, *, #2461, .F. ) ;
#1885 = EDGE_CURVE ( 'NONE', #2488, #140, #2359, .T. ) ;
#1886 = VERTEX_POINT ( 'NONE', #1020 ) ;
#1887 = CONICAL_SURFACE ( 'NONE', #932, 2.099999999999999645, 1.172861257340199304 ) ;
#1888 = DIRECTION ( 'NONE',  ( 0.000000000000000000, 0.000000000000000000, 1.000000000000000000 ) ) ;
#1889 = ADVANCED_FACE ( 'NONE', ( #2203 ), #1599, .T. ) ;
#1890 = VECTOR ( 'NONE', #2118, 1000.000000000000000 ) ;
#1891 = EDGE_CURVE ( 'NONE', #805, #56, #2336, .T. ) ;
#1892 = ORIENTED_EDGE ( 'NONE', *, *, #1791, .F. ) ;
#1893 = PERSON_AND_ORGANIZATION_ROLE ( 'design_owner' ) ;
#1894 = FACE_OUTER_BOUND ( 'NONE', #84, .T. ) ;
#1895 = DIRECTION ( 'NONE',  ( 0.000000000000000000, 0.000000000000000000, -1.000000000000000000 ) ) ;
#1896 = CARTESIAN_POINT ( 'NONE',  ( 2.040073290564207831, -2.595422128626172054, -5.851902650954126983 ) ) ;
#1897 = ORIENTED_EDGE ( 'NONE', *, *, #1083, .T. ) ;
#1898 = APPROVAL_ROLE ( '' ) ;
#1899 = ORIENTED_EDGE ( 'NONE', *, *, #1791, .T. ) ;
#1900 = CARTESIAN_POINT ( 'NONE',  ( 0.8890000000000000124, 6.349999999999999645, -9.525000000000002132 ) ) ;
#1901 = AXIS2_PLACEMENT_3D ( 'NONE', #521, #1490, #1724 ) ;
#1902 = EDGE_CURVE ( 'NONE', #2328, #1447, #2238, .T. ) ;
#1903 = VERTEX_POINT ( 'NONE', #2399 ) ;
#1904 = DIRECTION ( 'NONE',  ( 0.000000000000000000, 0.000000000000000000, -1.000000000000000000 ) ) ;
#1905 = LINE ( 'NONE', #2281, #2086 ) ;
#1906 = FACE_BOUND ( 'NONE', #2372, .T. ) ;
#1907 = ORIENTED_EDGE ( 'NONE', *, *, #2316, .F. ) ;
#1908 = ORIENTED_EDGE ( 'NONE', *, *, #758, .F. ) ;
#1909 = ORIENTED_EDGE ( 'NONE', *, *, #387, .F. ) ;
#1910 = CIRCLE ( 'NONE', #675, 3.174999999999998934 ) ;
#1911 = ORIENTED_EDGE ( 'NONE', *, *, #372, .F. ) ;
#1912 = EDGE_CURVE ( 'NONE', #963, #1974, #82, .T. ) ;
#1913 = AXIS2_PLACEMENT_3D ( 'NONE', #1058, #1225, #1819 ) ;
#1914 = CYLINDRICAL_SURFACE ( 'NONE', #309, 3.174999999999998934 ) ;
#1915 = DIRECTION ( 'NONE',  ( 0.000000000000000000, -3.987870059716795328E-16, -1.000000000000000000 ) ) ;
#1916 = CARTESIAN_POINT ( 'NONE',  ( 2.254205848354697395, 6.750000000000000000, 5.555636450100673862 ) ) ;
#1917 = VECTOR ( 'NONE', #1822, 1000.000000000000000 ) ;
#1918 = DIRECTION ( 'NONE',  ( 0.000000000000000000, 0.000000000000000000, 1.000000000000000000 ) ) ;
#1919 = EDGE_CURVE ( 'NONE', #1375, #2443, #1839, .T. ) ;
#1920 = CARTESIAN_POINT ( 'NONE',  ( 3.174999999999999822, 5.949999999999999289, 6.139000000000000234 ) ) ;
#1921 = VERTEX_POINT ( 'NONE', #591 ) ;
#1922 = VERTEX_POINT ( 'NONE', #2002 ) ;
#1923 = DIRECTION ( 'NONE',  ( 0.000000000000000000, -1.000000000000000000, 0.000000000000000000 ) ) ;
#1924 = ORIENTED_EDGE ( 'NONE', *, *, #1196, .F. ) ;
#1925 = B_SPLINE_CURVE_WITH_KNOTS ( 'NONE', 3,
 ( #1045, #479, #1239, #2026, #1420, #2434 ),
 .UNSPECIFIED., .F., .F.,
 ( 4, 2, 4 ),
 ( 0.000000000000000000, 0.0004757001404452628575, 0.0009514002808905257149 ),
 .UNSPECIFIED. ) ;
#1926 = AXIS2_PLACEMENT_3D ( 'NONE', #2305, #2494, #165 ) ;
#1927 = DIRECTION ( 'NONE',  ( 0.000000000000000000, 0.000000000000000000, -1.000000000000000000 ) ) ;
#1928 = COORDINATED_UNIVERSAL_TIME_OFFSET ( 6, 0, .BEHIND. ) ;
#1929 = CARTESIAN_POINT ( 'NONE',  ( 2.232710535457612888, 6.750000000000000000, 5.620762745781209269 ) ) ;
#1930 = DIRECTION ( 'NONE',  ( 0.000000000000000000, 0.000000000000000000, -1.000000000000000000 ) ) ;
#1931 = CARTESIAN_POINT ( 'NONE',  ( 4.174999999999999822, 6.349999999999999645, -11.40000000000000036 ) ) ;
#1932 = EDGE_CURVE ( 'NONE', #403, #224, #2005, .T. ) ;
#1933 = CARTESIAN_POINT ( 'NONE',  ( 2.040073290564207831, -2.595422128626172054, -5.851902650954126983 ) ) ;
#1934 = ORIENTED_EDGE ( 'NONE', *, *, #890, .T. ) ;
#1935 = EDGE_LOOP ( 'NONE', ( #338, #2137, #1802, #398 ) ) ;
#1936 = CARTESIAN_POINT ( 'NONE',  ( -3.175000000000000711, -2.638999999999998902, -6.350000000000000533 ) ) ;
#1937 = VERTEX_POINT ( 'NONE', #1156 ) ;
#1938 = CARTESIAN_POINT ( 'NONE',  ( 0.8057445968058427610, 13.34999999999999964, -12.40099999999999980 ) ) ;
#1939 = FACE_OUTER_BOUND ( 'NONE', #1399, .T. ) ;
#1940 = CARTESIAN_POINT ( 'NONE',  ( 0.000000000000000000, -5.523072258617638397, -6.349999999999999645 ) ) ;
#1941 = CARTESIAN_POINT ( 'NONE',  ( -3.175000000000000711, -5.138999999999997570, -7.070631577586467209 ) ) ;
#1942 = CARTESIAN_POINT ( 'NONE',  ( 0.000000000000000000, -6.139000000000000234, -6.349999999999999645 ) ) ;
#1943 = EDGE_CURVE ( 'NONE', #1986, #2488, #1396, .T. ) ;
#1944 = CARTESIAN_POINT ( 'NONE',  ( 6.200000000000001066, 2.000000000000000000, -11.40000000000000036 ) ) ;
#1945 = ORIENTED_EDGE ( 'NONE', *, *, #1652, .T. ) ;
#1946 = DIRECTION ( 'NONE',  ( 0.000000000000000000, 0.000000000000000000, -1.000000000000000000 ) ) ;
#1947 = ORIENTED_EDGE ( 'NONE', *, *, #1465, .F. ) ;
#1948 = EDGE_CURVE ( 'NONE', #1986, #1276, #779, .T. ) ;
#1949 = DIRECTION ( 'NONE',  ( 0.000000000000000000, -1.000000000000000000, 0.000000000000000000 ) ) ;
#1950 = AXIS2_PLACEMENT_3D ( 'NONE', #597, #1218, #1988 ) ;
#1951 = LINE ( 'NONE', #187, #874 ) ;
#1952 = CARTESIAN_POINT ( 'NONE',  ( 0.000000000000000000, 6.349999999999999645, 5.439000000000000945 ) ) ;
#1953 = VERTEX_POINT ( 'NONE', #2355 ) ;
#1954 = DIRECTION ( 'NONE',  ( 0.000000000000000000, 1.000000000000000000, 0.000000000000000000 ) ) ;
#1955 = VECTOR ( 'NONE', #90, 1000.000000000000000 ) ;
#1956 = CYLINDRICAL_SURFACE ( 'NONE', #1670, 2.100000000000000089 ) ;
#1957 = CARTESIAN_POINT ( 'NONE',  ( 1.999113491775012852, -4.305849356269930261, -5.702259658749234461 ) ) ;
#1958 = CARTESIAN_POINT ( 'NONE',  ( 3.174999999999999822, 7.070631577586467209, 5.138999999999997570 ) ) ;
#1959 = ORIENTED_EDGE ( 'NONE', *, *, #1112, .T. ) ;
#1960 = AXIS2_PLACEMENT_3D ( 'NONE', #1657, #1671, #111 ) ;
#1961 = FACE_OUTER_BOUND ( 'NONE', #1653, .T. ) ;
#1962 = EDGE_CURVE ( 'NONE', #1150, #885, #1766, .T. ) ;
#1963 = VERTEX_POINT ( 'NONE', #178 ) ;
#1964 = CARTESIAN_POINT ( 'NONE',  ( 0.1999999999999996503, 11.39999999999999858, -6.350000000000003197 ) ) ;
#1965 = EDGE_CURVE ( 'NONE', #2259, #2226, #2075, .T. ) ;
#1966 = CARTESIAN_POINT ( 'NONE',  ( 2.264950330581225746, -5.523072258617638397, -6.750000000000000000 ) ) ;
#1967 = FACE_OUTER_BOUND ( 'NONE', #1005, .T. ) ;
#1968 = CARTESIAN_POINT ( 'NONE',  ( 0.000000000000000000, 8.649999999999998579, 5.523072258617638397 ) ) ;
#1969 = VECTOR ( 'NONE', #1445, 1000.000000000000000 ) ;
#1970 = ORIENTED_EDGE ( 'NONE', *, *, #2046, .T. ) ;
#1971 = DIRECTION ( 'NONE',  ( 0.000000000000000000, -8.260587980841939371E-15, -1.000000000000000000 ) ) ;
#1972 = CARTESIAN_POINT ( 'NONE',  ( 2.174999999999999822, 11.39999999999999858, -6.350000000000003197 ) ) ;
#1973 = CARTESIAN_POINT ( 'NONE',  ( 0.000000000000000000, 0.000000000000000000, -6.349999999999999645 ) ) ;
#1974 = VERTEX_POINT ( 'NONE', #2341 ) ;
#1975 = CARTESIAN_POINT ( 'NONE',  ( 1.734723475976807094E-15, 12.40000000000000036, 0.000000000000000000 ) ) ;
#1976 = ORIENTED_EDGE ( 'NONE', *, *, #1083, .F. ) ;
#1977 = CARTESIAN_POINT ( 'NONE',  ( 2.174999999999999822, 6.349999999999999645, -11.40000000000000036 ) ) ;
#1978 = CARTESIAN_POINT ( 'NONE',  ( 0.8057445968058427610, 13.34999999999999964, 0.000000000000000000 ) ) ;
#1979 = EDGE_CURVE ( 'NONE', #1485, #1862, #1367, .T. ) ;
#1980 = CARTESIAN_POINT ( 'NONE',  ( 0.000000000000000000, 6.349999999999999645, 5.388999999999999346 ) ) ;
#1981 = ORIENTED_EDGE ( 'NONE', *, *, #16, .T. ) ;
#1982 = CARTESIAN_POINT ( 'NONE',  ( 0.000000000000000000, 6.349999999999999645, 5.620762745781207492 ) ) ;
#1983 = DIRECTION ( 'NONE',  ( -0.000000000000000000, 1.000000000000000000, 0.000000000000000000 ) ) ;
#1984 = DIRECTION ( 'NONE',  ( 1.000000000000000000, 0.000000000000000000, 0.000000000000000000 ) ) ;
#1985 = CARTESIAN_POINT ( 'NONE',  ( 2.087434397081523674, -2.187282604411544540, -6.597072378333071363 ) ) ;
#1986 = VERTEX_POINT ( 'NONE', #1610 ) ;
#1987 = VERTEX_POINT ( 'NONE', #1664 ) ;
#1988 = DIRECTION ( 'NONE',  ( 0.000000000000000000, 1.000000000000000000, 0.000000000000000000 ) ) ;
#1989 = DIRECTION ( 'NONE',  ( 1.000000000000000000, 0.000000000000000000, -0.000000000000000000 ) ) ;
#1990 = CARTESIAN_POINT ( 'NONE',  ( 2.197165961088449304, -5.495012551953919910, -5.949999999999999289 ) ) ;
#1991 = FACE_OUTER_BOUND ( 'NONE', #1397, .T. ) ;
#1992 = AXIS2_PLACEMENT_3D ( 'NONE', #2520, #401, #550 ) ;
#1993 = EDGE_CURVE ( 'NONE', #1937, #19, #1423, .T. ) ;
#1994 = ORIENTED_EDGE ( 'NONE', *, *, #660, .T. ) ;
#1995 = CIRCLE ( 'NONE', #63, 3.174999999999998934 ) ;
#1996 = PLANE ( 'NONE',  #1467 ) ;
#1997 = DIRECTION ( 'NONE',  ( -0.7071067811865474617, -0.7071067811865474617, 0.000000000000000000 ) ) ;
#1998 = CARTESIAN_POINT ( 'NONE',  ( 2.243459280444427772, -5.588199955838118349, -6.750000000000000000 ) ) ;
#1999 = EDGE_CURVE ( 'NONE', #1717, #447, #54, .T. ) ;
#2000 = EDGE_CURVE ( 'NONE', #1338, #12, #2438, .T. ) ;
#2001 = CIRCLE ( 'NONE', #1132, 2.268258436585969040 ) ;
#2002 = CARTESIAN_POINT ( 'NONE',  ( -1.972483239316685122, -5.138999999999997570, -5.629368422413532969 ) ) ;
#2003 = EDGE_LOOP ( 'NONE', ( #1325, #146, #581, #1909 ) ) ;
#2004 = B_SPLINE_CURVE_WITH_KNOTS ( 'NONE', 3,
 ( #1211, #1998, #1590, #636 ),
 .UNSPECIFIED., .F., .F.,
 ( 4, 4 ),
 ( 0.003655977453372194312, 0.003758849537120529782 ),
 .UNSPECIFIED. ) ;
#2005 = CIRCLE ( 'NONE', #599, 3.174999999999999822 ) ;
#2006 = ORIENTED_EDGE ( 'NONE', *, *, #1891, .F. ) ;
#2007 = CIRCLE ( 'NONE', #1430, 2.099999999999999645 ) ;
#2008 = DIRECTION ( 'NONE',  ( 0.000000000000000000, -0.000000000000000000, -1.000000000000000000 ) ) ;
#2009 = DIRECTION ( 'NONE',  ( 0.000000000000000000, 1.000000000000000000, 0.000000000000000000 ) ) ;
#2010 = CARTESIAN_POINT ( 'NONE',  ( 0.000000000000000000, 4.250127054631374968, 6.139000000000000234 ) ) ;
#2011 = LINE ( 'NONE', #217, #2329 ) ;
#2012 = DIRECTION ( 'NONE',  ( -0.000000000000000000, 1.000000000000000000, -0.000000000000000000 ) ) ;
#2013 = EDGE_LOOP ( 'NONE', ( #1970, #34, #2069, #1924 ) ) ;
#2014 = CARTESIAN_POINT ( 'NONE',  ( 2.061552812808830293, 6.750000000000000000, 5.138999999999999346 ) ) ;
#2015 = DIRECTION ( 'NONE',  ( 0.000000000000000000, 0.000000000000000000, -1.000000000000000000 ) ) ;
#2016 = CARTESIAN_POINT ( 'NONE',  ( 0.000000000000000000, 6.349999999999999645, 0.000000000000000000 ) ) ;
#2017 = AXIS2_PLACEMENT_3D ( 'NONE', #740, #904, #1109 ) ;
#2018 = DIRECTION ( 'NONE',  ( 0.000000000000000000, 0.000000000000000000, -1.000000000000000000 ) ) ;
#2019 = VERTEX_POINT ( 'NONE', #1626 ) ;
#2020 = EDGE_CURVE ( 'NONE', #1488, #120, #2260, .T. ) ;
#2021 = VERTEX_POINT ( 'NONE', #300 ) ;
#2022 = CARTESIAN_POINT ( 'NONE',  ( -3.175000000000000711, -5.138999999999997570, -5.629368422413532969 ) ) ;
#2023 = DIRECTION ( 'NONE',  ( -1.000000000000000000, -0.000000000000000000, -0.000000000000000000 ) ) ;
#2024 = CARTESIAN_POINT ( 'NONE',  ( 0.000000000000000000, -5.438999999999999169, -6.349999999999999645 ) ) ;
#2025 = ORIENTED_EDGE ( 'NONE', *, *, #699, .F. ) ;
#2026 = CARTESIAN_POINT ( 'NONE',  ( -1.821676962433382396, -6.089970303311146971, -6.750000000000000000 ) ) ;
#2027 = CARTESIAN_POINT ( 'NONE',  ( 2.182283254615324797, -5.773529692572009431, -5.949999999999999289 ) ) ;
#2028 = CARTESIAN_POINT ( 'NONE',  ( -0.1442554031941565840, 12.40099999999999802, -12.40000000000000036 ) ) ;
#2029 = CARTESIAN_POINT ( 'NONE',  ( -2.182283254615325241, 5.950000000000000178, 5.773529692572011207 ) ) ;
#2030 = ORIENTED_EDGE ( 'NONE', *, *, #1507, .T. ) ;
#2031 = ORIENTED_EDGE ( 'NONE', *, *, #2049, .T. ) ;
#2032 = EDGE_CURVE ( 'NONE', #447, #1628, #1456, .T. ) ;
#2033 = FACE_OUTER_BOUND ( 'NONE', #959, .T. ) ;
#2034 = ADVANCED_FACE ( 'NONE', ( #1473 ), #657, .F. ) ;
#2035 = CARTESIAN_POINT ( 'NONE',  ( -0.1442554031941568060, 12.40000000000000036, -12.40099999999999980 ) ) ;
#2036 = VERTEX_POINT ( 'NONE', #1650 ) ;
#2037 = FACE_OUTER_BOUND ( 'NONE', #73, .T. ) ;
#2038 = CIRCLE ( 'NONE', #103, 2.099999999999999645 ) ;
#2039 = FACE_OUTER_BOUND ( 'NONE', #1419, .T. ) ;
#2040 = VECTOR ( 'NONE', #1983, 1000.000000000000000 ) ;
#2041 = CARTESIAN_POINT ( 'NONE',  ( 0.000000000000000000, 4.250127054631374968, 6.139000000000000234 ) ) ;
#2042 = ORIENTED_EDGE ( 'NONE', *, *, #1999, .F. ) ;
#2043 = VERTEX_POINT ( 'NONE', #2269 ) ;
#2044 = AXIS2_PLACEMENT_3D ( 'NONE', #2518, #2476, #1310 ) ;
#2045 = ORIENTED_EDGE ( 'NONE', *, *, #1280, .F. ) ;
#2046 = EDGE_CURVE ( 'NONE', #2294, #2412, #483, .T. ) ;
#2047 = VECTOR ( 'NONE', #834, 1000.000000000000227 ) ;
#2048 = CARTESIAN_POINT ( 'NONE',  ( 6.200000000000000178, 2.000000000000000000, -12.40000000000000036 ) ) ;
#2049 = EDGE_CURVE ( 'NONE', #1886, #366, #1085, .T. ) ;
#2050 = CARTESIAN_POINT ( 'NONE',  ( 6.200000000000000178, 2.000000000000000000, -12.40000000000000036 ) ) ;
#2051 = ORIENTED_EDGE ( 'NONE', *, *, #1100, .T. ) ;
#2052 = DIRECTION ( 'NONE',  ( 0.000000000000000000, -1.000000000000000000, 0.000000000000000000 ) ) ;
#2053 = CARTESIAN_POINT ( 'NONE',  ( -3.888253587292846081E-16, 3.174999999999999822, 0.000000000000000000 ) ) ;
#2054 = CIRCLE ( 'NONE', #154, 2.299999999999999822 ) ;
#2055 = FACE_OUTER_BOUND ( 'NONE', #2471, .T. ) ;
#2056 = ORIENTED_EDGE ( 'NONE', *, *, #2020, .T. ) ;
#2057 = CONICAL_SURFACE ( 'NONE', #2232, 2.299999999999999822, 0.3141592653589760364 ) ;
#2058 = ORIENTED_EDGE ( 'NONE', *, *, #827, .F. ) ;
#2059 = VERTEX_POINT ( 'NONE', #1036 ) ;
#2060 = CARTESIAN_POINT ( 'NONE',  ( -0.1442554031941545301, 0.000000000000000000, -12.40000000000000036 ) ) ;
#2061 = ORIENTED_EDGE ( 'NONE', *, *, #1912, .T. ) ;
#2062 = ADVANCED_FACE ( 'NONE', ( #1281 ), #445, .T. ) ;
#2063 = EDGE_LOOP ( 'NONE', ( #920, #2307, #734, #1731 ) ) ;
#2064 = CARTESIAN_POINT ( 'NONE',  ( 2.021666578221208432, -3.457121909598158016, -6.923486311243688185 ) ) ;
#2065 = CARTESIAN_POINT ( 'NONE',  ( 5.460999999999999410, 6.349999999999999645, -6.350000000000003197 ) ) ;
#2066 = CARTESIAN_POINT ( 'NONE',  ( 0.000000000000000000, 6.349999999999999645, 5.439000000000000945 ) ) ;
#2067 = ORIENTED_EDGE ( 'NONE', *, *, #504, .T. ) ;
#2068 = VERTEX_POINT ( 'NONE', #2425 ) ;
#2069 = ORIENTED_EDGE ( 'NONE', *, *, #2489, .F. ) ;
#2070 =( GEOMETRIC_REPRESENTATION_CONTEXT ( 3 ) GLOBAL_UNCERTAINTY_ASSIGNED_CONTEXT ( ( #1084 ) ) GLOBAL_UNIT_ASSIGNED_CONTEXT ( ( #878, #1296, #1679 ) ) REPRESENTATION_CONTEXT ( 'NONE', 'WORKASPACE' ) );
#2071 = CARTESIAN_POINT ( 'NONE',  ( -6.200000000000000178, 0.000000000000000000, 0.000000000000000000 ) ) ;
#2072 = DIRECTION ( 'NONE',  ( 0.000000000000000000, -1.000000000000000000, -8.340016711426958986E-17 ) ) ;
#2073 = ORIENTED_EDGE ( 'NONE', *, *, #936, .F. ) ;
#2074 = CARTESIAN_POINT ( 'NONE',  ( -1.999113491775012852, 5.702259658749234461, 4.305849356269931150 ) ) ;
#2075 = B_SPLINE_CURVE_WITH_KNOTS ( 'NONE', 3,
 ( #2384, #607, #1793, #958 ),
 .UNSPECIFIED., .F., .F.,
 ( 4, 4 ),
 ( 0.007647354141962975534, 0.007869202712918558010 ),
 .UNSPECIFIED. ) ;
#2076 = ORIENTED_EDGE ( 'NONE', *, *, #518, .F. ) ;
#2077 = DIRECTION ( 'NONE',  ( 1.000000000000000000, 0.000000000000000000, 0.000000000000000000 ) ) ;
#2078 = CARTESIAN_POINT ( 'NONE',  ( 1.502637486114517751, 6.750000000000000000, 6.139000000000000234 ) ) ;
#2079 = EDGE_CURVE ( 'NONE', #1447, #528, #1029, .T. ) ;
#2080 = CARTESIAN_POINT ( 'NONE',  ( 0.000000000000000000, 6.349999999999999645, 0.000000000000000000 ) ) ;
#2081 = AXIS2_PLACEMENT_3D ( 'NONE', #1336, #1365, #589 ) ;
#2082 = EDGE_LOOP ( 'NONE', ( #326, #2073, #1994, #2235 ) ) ;
#2083 = ADVANCED_FACE ( 'NONE', ( #2243 ), #1242, .F. ) ;
#2084 = ORIENTED_EDGE ( 'NONE', *, *, #1979, .F. ) ;
#2085 = CARTESIAN_POINT ( 'NONE',  ( 0.000000000000000000, 4.049999999999999822, 5.523072258617638397 ) ) ;
#2086 = VECTOR ( 'NONE', #703, 1000.000000000000000 ) ;
#2087 = VECTOR ( 'NONE', #542, 1000.000000000000000 ) ;
#2088 = ORIENTED_EDGE ( 'NONE', *, *, #2304, .F. ) ;
#2089 = AXIS2_PLACEMENT_3D ( 'NONE', #1236, #436, #451 ) ;
#2090 = CARTESIAN_POINT ( 'NONE',  ( 1.999113491775012852, -4.305849356269923156, -6.997740341250763940 ) ) ;
#2091 = DIRECTION ( 'NONE',  ( 1.000000000000000000, 0.000000000000000000, 0.000000000000000000 ) ) ;
#2092 = PLANE ( 'NONE',  #1380 ) ;
#2093 = ORIENTED_EDGE ( 'NONE', *, *, #2290, .F. ) ;
#2094 = ADVANCED_FACE ( 'NONE', ( #1253 ), #2447, .T. ) ;
#2095 = CALENDAR_DATE ( 2022, 6, 6 ) ;
#2096 = ORIENTED_EDGE ( 'NONE', *, *, #1727, .F. ) ;
#2097 = AXIS2_PLACEMENT_3D ( 'NONE', #1390, #1207, #1015 ) ;
#2098 = DIRECTION ( 'NONE',  ( 1.000000000000000000, -0.000000000000000000, -0.000000000000000000 ) ) ;
#2099 = EDGE_LOOP ( 'NONE', ( #870, #2239, #1050, #2496, #992, #1741, #925 ) ) ;
#2100 = DIRECTION ( 'NONE',  ( 1.000000000000000000, 0.000000000000000000, -0.000000000000000000 ) ) ;
#2101 = DIRECTION ( 'NONE',  ( 1.000000000000000000, 0.000000000000000000, 0.000000000000000000 ) ) ;
#2102 = CYLINDRICAL_SURFACE ( 'NONE', #482, 3.174999999999999378 ) ;
#2103 = ORIENTED_EDGE ( 'NONE', *, *, #776, .T. ) ;
#2104 = DATE_TIME_ROLE ( 'classification_date' ) ;
#2105 = ORIENTED_EDGE ( 'NONE', *, *, #2403, .F. ) ;
#2106 = EDGE_CURVE ( 'NONE', #278, #1494, #1339, .T. ) ;
#2107 = CYLINDRICAL_SURFACE ( 'NONE', #1098, 2.099999999999999645 ) ;
#2108 = EDGE_LOOP ( 'NONE', ( #195, #44 ) ) ;
#2109 = EDGE_CURVE ( 'NONE', #688, #1544, #265, .T. ) ;
#2110 = PERSON_AND_ORGANIZATION ( #720, #1450 ) ;
#2111 = DIRECTION ( 'NONE',  ( 1.000000000000000000, 0.000000000000000000, 0.000000000000000000 ) ) ;
#2112 = CARTESIAN_POINT ( 'NONE',  ( -2.264950330581225746, -5.523072258617638397, -6.750000000000000000 ) ) ;
#2113 = CARTESIAN_POINT ( 'NONE',  ( 0.1999999999999996503, 2.000000000000000000, -12.40000000000000036 ) ) ;
#2114 = DIRECTION ( 'NONE',  ( -0.000000000000000000, -1.000000000000000000, 0.000000000000000000 ) ) ;
#2115 = ORIENTED_EDGE ( 'NONE', *, *, #1652, .F. ) ;
#2116 = ORIENTED_EDGE ( 'NONE', *, *, #712, .F. ) ;
#2117 = AXIS2_PLACEMENT_3D ( 'NONE', #2402, #46, #434 ) ;
#2118 = DIRECTION ( 'NONE',  ( 0.000000000000000000, 0.000000000000000000, -1.000000000000000000 ) ) ;
#2119 = ORIENTED_EDGE ( 'NONE', *, *, #1580, .F. ) ;
#2120 = AXIS2_PLACEMENT_3D ( 'NONE', #1421, #833, #1226 ) ;
#2121 = ADVANCED_FACE ( 'NONE', ( #2055 ), #1583, .T. ) ;
#2122 = DIRECTION ( 'NONE',  ( 0.000000000000000000, 0.000000000000000000, -1.000000000000000000 ) ) ;
#2123 = AXIS2_PLACEMENT_3D ( 'NONE', #1131, #1918, #693 ) ;
#2124 = FACE_OUTER_BOUND ( 'NONE', #569, .T. ) ;
#2125 = ADVANCED_FACE ( 'NONE', ( #883 ), #2462, .T. ) ;
#2126 = PERSON_AND_ORGANIZATION_ROLE ( 'creator' ) ;
#2127 = CARTESIAN_POINT ( 'NONE',  ( 6.200000000000000178, 12.40000000000000036, 0.000000000000000000 ) ) ;
#2128 = PRODUCT_RELATED_PRODUCT_CATEGORY ( 'detail', '', ( #462 ) ) ;
#2129 = VECTOR ( 'NONE', #796, 1000.000000000000000 ) ;
#2130 = AXIS2_PLACEMENT_3D ( 'NONE', #422, #61, #1013 ) ;
#2131 = DIRECTION ( 'NONE',  ( 0.000000000000000000, -3.987870059716795328E-16, -1.000000000000000000 ) ) ;
#2132 = DIRECTION ( 'NONE',  ( -1.000000000000000000, -0.000000000000000000, -0.000000000000000000 ) ) ;
#2133 = LINE ( 'NONE', #208, #2491 ) ;
#2134 = ORIENTED_EDGE ( 'NONE', *, *, #1551, .F. ) ;
#2135 = ORIENTED_EDGE ( 'NONE', *, *, #1694, .F. ) ;
#2136 = CARTESIAN_POINT ( 'NONE',  ( -2.061552812808830293, -5.139000000000001123, -6.750000000000000000 ) ) ;
#2137 = ORIENTED_EDGE ( 'NONE', *, *, #149, .F. ) ;
#2138 = CONICAL_SURFACE ( 'NONE', #650, 2.299999999999999822, 0.3141592653589760364 ) ;
#2139 = LINE ( 'NONE', #1327, #1337 ) ;
#2140 = VECTOR ( 'NONE', #1714, 1000.000000000000000 ) ;
#2141 = CARTESIAN_POINT ( 'NONE',  ( 0.000000000000000000, -5.523072258617638397, -6.349999999999999645 ) ) ;
#2142 = DIRECTION ( 'NONE',  ( 0.000000000000000000, 8.115498896123167176E-15, -1.000000000000000000 ) ) ;
#2143 = ADVANCED_FACE ( 'NONE', ( #714 ), #357, .T. ) ;
#2144 = CARTESIAN_POINT ( 'NONE',  ( 0.000000000000000000, -5.439000000000000945, -6.349999999999999645 ) ) ;
#2145 = FACE_OUTER_BOUND ( 'NONE', #2256, .T. ) ;
#2146 = DIRECTION ( 'NONE',  ( 0.7071067811865475727, -0.000000000000000000, -0.7071067811865474617 ) ) ;
#2147 = CARTESIAN_POINT ( 'NONE',  ( -2.254205848354697395, 5.949999999999999289, 5.555636450100673862 ) ) ;
#2148 = ORIENTED_EDGE ( 'NONE', *, *, #251, .F. ) ;
#2149 = CARTESIAN_POINT ( 'NONE',  ( 6.200000000000000178, 0.000000000000000000, -12.40000000000000036 ) ) ;
#2150 = EDGE_LOOP ( 'NONE', ( #1508, #610, #1780, #2155 ) ) ;
#2151 = VERTEX_POINT ( 'NONE', #1516 ) ;
#2152 = CARTESIAN_POINT ( 'NONE',  ( -2.061552812808830293, 6.750000000000000000, 5.439000000000000945 ) ) ;
#2153 = CARTESIAN_POINT ( 'NONE',  ( -2.061552812808830293, -5.438999999999999169, -5.949999999999999289 ) ) ;
#2154 = APPROVAL_PERSON_ORGANIZATION ( #1708, #492, #297 ) ;
#2155 = ORIENTED_EDGE ( 'NONE', *, *, #1811, .F. ) ;
#2156 = CARTESIAN_POINT ( 'NONE',  ( -2.264950330581225746, -5.523072258617638397, -5.949999999999999289 ) ) ;
#2157 = EDGE_CURVE ( 'NONE', #272, #2036, #186, .T. ) ;
#2158 = DIRECTION ( 'NONE',  ( -1.000000000000000000, 0.000000000000000000, 0.000000000000000000 ) ) ;
#2159 = FACE_OUTER_BOUND ( 'NONE', #1073, .T. ) ;
#2160 = CARTESIAN_POINT ( 'NONE',  ( 2.243459280444427772, -5.588199955838118349, -5.949999999999999289 ) ) ;
#2161 = ORIENTED_EDGE ( 'NONE', *, *, #2387, .T. ) ;
#2162 = EDGE_CURVE ( 'NONE', #1544, #2515, #1905, .T. ) ;
#2163 = FACE_OUTER_BOUND ( 'NONE', #290, .T. ) ;
#2164 = ADVANCED_FACE ( 'NONE', ( #118, #137 ), #2092, .T. ) ;
#2165 = FACE_OUTER_BOUND ( 'NONE', #414, .T. ) ;
#2166 = VECTOR ( 'NONE', #2445, 1000.000000000000000 ) ;
#2167 = CARTESIAN_POINT ( 'NONE',  ( 2.087434397081524118, 6.102927621666927926, 2.187282604411543652 ) ) ;
#2168 = LINE ( 'NONE', #10, #523 ) ;
#2169 = AXIS2_PLACEMENT_3D ( 'NONE', #1376, #1789, #1153 ) ;
#2170 = ORIENTED_EDGE ( 'NONE', *, *, #1379, .F. ) ;
#2171 = FACE_BOUND ( 'NONE', #267, .T. ) ;
#2172 = VECTOR ( 'NONE', #1860, 1000.000000000000000 ) ;
#2173 = CARTESIAN_POINT ( 'NONE',  ( 1.821676962433381064, 6.750000000000000000, 6.089970303311146971 ) ) ;
#2174 = CIRCLE ( 'NONE', #1385, 2.268258436585969040 ) ;
#2175 = DIRECTION ( 'NONE',  ( -1.000000000000000000, 0.000000000000000000, 0.000000000000000000 ) ) ;
#2176 = ORIENTED_EDGE ( 'NONE', *, *, #1564, .F. ) ;
#2177 = B_SPLINE_CURVE_WITH_KNOTS ( 'NONE', 3,
 ( #2324, #1916, #1107, #1929 ),
 .UNSPECIFIED., .F., .F.,
 ( 4, 4 ),
 ( 0.002832913685900425270, 0.002935786532568637319 ),
 .UNSPECIFIED. ) ;
#2178 = CARTESIAN_POINT ( 'NONE',  ( -2.057850353472996385, -2.353605336466521258, -6.778611934655788929 ) ) ;
#2179 = ORIENTED_EDGE ( 'NONE', *, *, #1620, .F. ) ;
#2180 = EDGE_CURVE ( 'NONE', #144, #877, #1173, .T. ) ;
#2181 = FACE_OUTER_BOUND ( 'NONE', #831, .T. ) ;
#2182 = DIRECTION ( 'NONE',  ( -1.000000000000000000, -0.000000000000000000, -0.000000000000000000 ) ) ;
#2183 = CARTESIAN_POINT ( 'NONE',  ( -2.081805041010026613, 6.750000000000000000, 5.906940355987363667 ) ) ;
#2184 = AXIS2_PLACEMENT_3D ( 'NONE', #943, #2111, #1152 ) ;
#2185 = ORIENTED_EDGE ( 'NONE', *, *, #1465, .T. ) ;
#2186 = CARTESIAN_POINT ( 'NONE',  ( -2.197165962000667605, -5.495012552331537847, -5.949999999999999289 ) ) ;
#2187 = CARTESIAN_POINT ( 'NONE',  ( 0.8057445968058427610, 13.34999999999999964, -2.000000000000000000 ) ) ;
#2188 = CARTESIAN_POINT ( 'NONE',  ( 2.042738830444500664, -2.470636393497685823, -6.837180011852383998 ) ) ;
#2189 = ORIENTED_EDGE ( 'NONE', *, *, #2320, .T. ) ;
#2190 = ORIENTED_EDGE ( 'NONE', *, *, #2461, .T. ) ;
#2191 = ADVANCED_FACE ( 'NONE', ( #1145 ), #322, .F. ) ;
#2192 = FACE_OUTER_BOUND ( 'NONE', #2351, .T. ) ;
#2193 =( BOUNDED_CURVE ( )  B_SPLINE_CURVE ( 3, ( #59, #1441, #449, #1403 ),
 .UNSPECIFIED., .F., .T. ) 
 B_SPLINE_CURVE_WITH_KNOTS ( ( 4, 4 ),
 ( 4.362112093716119077, 4.472917508490046323 ),
 .UNSPECIFIED. ) 
 CURVE ( )  GEOMETRIC_REPRESENTATION_ITEM ( )  RATIONAL_B_SPLINE_CURVE ( ( 1.000000000000000000, 0.9989771083553060649, 0.9989771083553060649, 1.000000000000000000 ) ) 
 REPRESENTATION_ITEM ( '' )  );
#2194 = LINE ( 'NONE', #839, #848 ) ;
#2195 = ADVANCED_FACE ( 'NONE', ( #1291, #1118 ), #1713, .F. ) ;
#2196 = FACE_OUTER_BOUND ( 'NONE', #418, .T. ) ;
#2197 = EDGE_CURVE ( 'NONE', #511, #2555, #331, .T. ) ;
#2198 = ORIENTED_EDGE ( 'NONE', *, *, #1227, .T. ) ;
#2199 = CARTESIAN_POINT ( 'NONE',  ( 0.1999999999999996503, 2.000000000000000000, -11.40000000000000036 ) ) ;
#2200 = CIRCLE ( 'NONE', #1901, 2.099999999999999645 ) ;
#2201 = LINE ( 'NONE', #999, #139 ) ;
#2202 = DIRECTION ( 'NONE',  ( 0.000000000000000000, 0.000000000000000000, -1.000000000000000000 ) ) ;
#2203 = FACE_OUTER_BOUND ( 'NONE', #2013, .T. ) ;
#2204 = EDGE_LOOP ( 'NONE', ( #1715, #1831 ) ) ;
#2205 = VERTEX_POINT ( 'NONE', #311 ) ;
#2206 = B_SPLINE_CURVE_WITH_KNOTS ( 'NONE', 3,
 ( #415, #1739, #176, #1555, #575, #751 ),
 .UNSPECIFIED., .F., .F.,
 ( 4, 2, 4 ),
 ( 0.000000000000000000, 0.0004757428370953077569, 0.0009514856741906159475 ),
 .UNSPECIFIED. ) ;
#2207 = CARTESIAN_POINT ( 'NONE',  ( 0.000000000000000000, 6.349999999999999645, 6.139000000000000234 ) ) ;
#2208 = PLANE ( 'NONE',  #110 ) ;
#2209 = CARTESIAN_POINT ( 'NONE',  ( 0.1999999999999996503, 2.000000000000000000, -11.40000000000000036 ) ) ;
#2210 = CARTESIAN_POINT ( 'NONE',  ( 0.000000000000000000, 9.524999999999998579, 0.000000000000000000 ) ) ;
#2211 = AXIS2_PLACEMENT_3D ( 'NONE', #379, #1574, #761 ) ;
#2212 = EDGE_CURVE ( 'NONE', #1987, #1303, #555, .T. ) ;
#2213 = CARTESIAN_POINT ( 'NONE',  ( 0.6500000000000016875, 2.000000000000000000, -13.19425540319415724 ) ) ;
#2214 = CC_DESIGN_PERSON_AND_ORGANIZATION_ASSIGNMENT ( #2532, #2510, ( #1247 ) ) ;
#2215 = FACE_BOUND ( 'NONE', #335, .T. ) ;
#2216 = DIRECTION ( 'NONE',  ( 0.000000000000000000, 0.000000000000000000, -1.000000000000000000 ) ) ;
#2217 = AXIS2_PLACEMENT_3D ( 'NONE', #1351, #986, #370 ) ;
#2218 = CARTESIAN_POINT ( 'NONE',  ( 6.200000000000000178, 1.999999999999999112, -2.000000000000000000 ) ) ;
#2219 = VERTEX_POINT ( 'NONE', #1097 ) ;
#2220 = EDGE_LOOP ( 'NONE', ( #454, #1214 ) ) ;
#2221 = AXIS2_PLACEMENT_3D ( 'NONE', #1293, #888, #123 ) ;
#2222 = CARTESIAN_POINT ( 'NONE',  ( -6.200000000000000178, 0.000000000000000000, -6.344255403194155818 ) ) ;
#2223 = CYLINDRICAL_SURFACE ( 'NONE', #1674, 5.049999999999997158 ) ;
#2224 = DIRECTION ( 'NONE',  ( 0.000000000000000000, -8.115498896123205041E-15, 1.000000000000000000 ) ) ;
#2225 = CARTESIAN_POINT ( 'NONE',  ( -6.200000000000000178, 1.999999999999999112, -2.000000000000000000 ) ) ;
#2226 = VERTEX_POINT ( 'NONE', #2112 ) ;
#2227 = LINE ( 'NONE', #844, #639 ) ;
#2228 = VECTOR ( 'NONE', #2229, 1000.000000000000000 ) ;
#2229 = DIRECTION ( 'NONE',  ( 0.000000000000000000, -1.000000000000000000, 0.000000000000000000 ) ) ;
#2230 = EDGE_CURVE ( 'NONE', #860, #2019, #799, .T. ) ;
#2231 = DIRECTION ( 'NONE',  ( 1.000000000000000000, 0.000000000000000000, 0.000000000000000000 ) ) ;
#2232 = AXIS2_PLACEMENT_3D ( 'NONE', #2318, #939, #538 ) ;
#2233 = DIRECTION ( 'NONE',  ( 0.000000000000000000, 0.000000000000000000, 1.000000000000000000 ) ) ;
#2234 = ORIENTED_EDGE ( 'NONE', *, *, #809, .F. ) ;
#2235 = ORIENTED_EDGE ( 'NONE', *, *, #1246, .T. ) ;
#2236 = PLANE ( 'NONE',  #1632 ) ;
#2237 = CARTESIAN_POINT ( 'NONE',  ( -2.243459280444427772, -5.588199955838118349, -6.750000000000000000 ) ) ;
#2238 = B_SPLINE_CURVE_WITH_KNOTS ( 'NONE', 3,
 ( #989, #2147, #1779, #42 ),
 .UNSPECIFIED., .F., .F.,
 ( 4, 4 ),
 ( 0.002832913685900425270, 0.002935786532568637319 ),
 .UNSPECIFIED. ) ;
#2239 = ORIENTED_EDGE ( 'NONE', *, *, #982, .F. ) ;
#2240 = CARTESIAN_POINT ( 'NONE',  ( 4.174999999999999822, 6.349999999999999645, -4.250000000000003553 ) ) ;
#2241 = LINE ( 'NONE', #468, #1804 ) ;
#2242 = ADVANCED_FACE ( 'NONE', ( #1699 ), #2492, .F. ) ;
#2243 = FACE_OUTER_BOUND ( 'NONE', #1873, .T. ) ;
#2244 = ORIENTED_EDGE ( 'NONE', *, *, #948, .T. ) ;
#2245 = ORIENTED_EDGE ( 'NONE', *, *, #1649, .F. ) ;
#2246 = EDGE_CURVE ( 'NONE', #113, #2508, #1726, .T. ) ;
#2247 = DIRECTION ( 'NONE',  ( 0.000000000000000000, 1.000000000000000000, 0.000000000000000000 ) ) ;
#2248 = LINE ( 'NONE', #662, #1142 ) ;
#2249 = MANIFOLD_SOLID_BREP ( '228-2500-127', #1876 ) ;
#2250 = EDGE_LOOP ( 'NONE', ( #722, #1518, #2190, #1438 ) ) ;
#2251 = CARTESIAN_POINT ( 'NONE',  ( 0.000000000000000000, 4.081741563414031049, 5.620762745781207492 ) ) ;
#2252 = CIRCLE ( 'NONE', #708, 3.174999999999998934 ) ;
#2253 = DIRECTION ( 'NONE',  ( 1.000000000000000000, 0.000000000000000000, 0.000000000000000000 ) ) ;
#2254 = AXIS2_PLACEMENT_3D ( 'NONE', #1096, #879, #1082 ) ;
#2255 = DIRECTION ( 'NONE',  ( -0.000000000000000000, -1.000000000000000000, -0.000000000000000000 ) ) ;
#2256 = EDGE_LOOP ( 'NONE', ( #1701, #2472, #1284, #681, #1187, #1057 ) ) ;
#2257 = ORIENTED_EDGE ( 'NONE', *, *, #1519, .F. ) ;
#2258 = AXIS2_PLACEMENT_3D ( 'NONE', #71, #916, #1299 ) ;
#2259 = VERTEX_POINT ( 'NONE', #508 ) ;
#2260 = CIRCLE ( 'NONE', #1056, 1.554966049364602254 ) ;
#2261 = EDGE_CURVE ( 'NONE', #1338, #805, #1690, .T. ) ;
#2262 = CARTESIAN_POINT ( 'NONE',  ( 3.174999999999999822, 6.848097349045874083, 2.595422128626172054 ) ) ;
#2263 = CARTESIAN_POINT ( 'NONE',  ( 2.061552812808830293, -5.439000000000000945, -6.750000000000000000 ) ) ;
#2264 = ORIENTED_EDGE ( 'NONE', *, *, #1586, .T. ) ;
#2265 = ORIENTED_EDGE ( 'NONE', *, *, #1479, .T. ) ;
#2266 = DIRECTION ( 'NONE',  ( 0.000000000000000000, 0.000000000000000000, 1.000000000000000000 ) ) ;
#2267 = CARTESIAN_POINT ( 'NONE',  ( -6.200000000000000178, 2.000000000000000000, -12.40000000000000036 ) ) ;
#2268 = AXIS2_PLACEMENT_3D ( 'NONE', #135, #1130, #1319 ) ;
#2269 = CARTESIAN_POINT ( 'NONE',  ( 0.8890000000000000124, 6.349999999999999645, -9.525000000000002132 ) ) ;
#2270 = ORIENTED_EDGE ( 'NONE', *, *, #1727, .T. ) ;
#2271 = AXIS2_PLACEMENT_3D ( 'NONE', #568, #1572, #950 ) ;
#2272 = ORIENTED_EDGE ( 'NONE', *, *, #256, .T. ) ;
#2273 = FACE_OUTER_BOUND ( 'NONE', #291, .T. ) ;
#2274 = ADVANCED_FACE ( 'NONE', ( #2292 ), #516, .F. ) ;
#2275 = CARTESIAN_POINT ( 'NONE',  ( 2.174999999999999822, 6.349999999999999645, -3.175000000000003819 ) ) ;
#2276 = ORIENTED_EDGE ( 'NONE', *, *, #2353, .T. ) ;
#2277 = ORIENTED_EDGE ( 'NONE', *, *, #656, .F. ) ;
#2278 = ADVANCED_FACE ( 'NONE', ( #191 ), #1182, .T. ) ;
#2279 = DIRECTION ( 'NONE',  ( 0.000000000000000000, 0.000000000000000000, 1.000000000000000000 ) ) ;
#2280 = EDGE_CURVE ( 'NONE', #12, #2226, #918, .T. ) ;
#2281 = CARTESIAN_POINT ( 'NONE',  ( -6.200000000000000178, 1.999999999999999112, -2.000000000000000000 ) ) ;
#2282 = VERTEX_POINT ( 'NONE', #27 ) ;
#2283 = ORIENTED_EDGE ( 'NONE', *, *, #149, .T. ) ;
#2284 = CC_DESIGN_APPROVAL ( #184, ( #1247 ) ) ;
#2285 = B_SPLINE_CURVE_WITH_KNOTS ( 'NONE', 3,
 ( #2397, #1567, #588, #2173, #1183, #2078 ),
 .UNSPECIFIED., .F., .F.,
 ( 4, 2, 4 ),
 ( 0.000000000000000000, 0.0004757001404452622611, 0.0009514002808905245223 ),
 .UNSPECIFIED. ) ;
#2286 = CARTESIAN_POINT ( 'NONE',  ( 2.174999999999999822, 6.349999999999999645, -9.525000000000002132 ) ) ;
#2287 = EDGE_LOOP ( 'NONE', ( #2385, #280, #2170, #190, #1646 ) ) ;
#2288 = CARTESIAN_POINT ( 'NONE',  ( 0.1999999999999996503, 12.40000000000000036, -2.000000000000000000 ) ) ;
#2289 = CARTESIAN_POINT ( 'NONE',  ( 6.200000000000000178, 1.999999999999999112, -2.000000000000000000 ) ) ;
#2290 = EDGE_CURVE ( 'NONE', #695, #1922, #1557, .T. ) ;
#2291 = AXIS2_PLACEMENT_3D ( 'NONE', #161, #942, #1736 ) ;
#2292 = FACE_OUTER_BOUND ( 'NONE', #1877, .T. ) ;
#2293 = AXIS2_PLACEMENT_3D ( 'NONE', #2527, #981, #968 ) ;
#2294 = VERTEX_POINT ( 'NONE', #806 ) ;
#2295 = ORIENTED_EDGE ( 'NONE', *, *, #1001, .T. ) ;
#2296 = LINE ( 'NONE', #2085, #2543 ) ;
#2297 = CONICAL_SURFACE ( 'NONE', #143, 2.099999999999999645, 1.172861257340199304 ) ;
#2298 = ORIENTED_EDGE ( 'NONE', *, *, #1870, .F. ) ;
#2299 = VECTOR ( 'NONE', #2023, 1000.000000000000000 ) ;
#2300 = DIRECTION ( 'NONE',  ( 0.000000000000000000, 0.000000000000000000, 1.000000000000000000 ) ) ;
#2301 = B_SPLINE_CURVE_WITH_KNOTS ( 'NONE', 3,
 ( #1896, #323, #343, #2369, #1170, #619, #1985, #1808, #2188, #417 ),
 .UNSPECIFIED., .F., .F.,
 ( 4, 2, 2, 2, 4 ),
 ( 0.000000000000000000, 0.0003704147845104412639, 0.0007408295690208825278, 0.001111244353531323737, 0.001481659138041765056 ),
 .UNSPECIFIED. ) ;
#2302 = DIRECTION ( 'NONE',  ( -1.000000000000000000, -0.000000000000000000, -0.000000000000000000 ) ) ;
#2303 = DIRECTION ( 'NONE',  ( -1.000000000000000000, 0.000000000000000000, 0.000000000000000000 ) ) ;
#2304 = EDGE_CURVE ( 'NONE', #1470, #2151, #1838, .T. ) ;
#2305 = CARTESIAN_POINT ( 'NONE',  ( 0.000000000000000000, -5.523072258617638397, -6.349999999999999645 ) ) ;
#2306 = ORIENTED_EDGE ( 'NONE', *, *, #1614, .T. ) ;
#2307 = ORIENTED_EDGE ( 'NONE', *, *, #948, .F. ) ;
#2308 = ADVANCED_FACE ( 'NONE', ( #1764 ), #1427, .T. ) ;
#2309 = DIRECTION ( 'NONE',  ( 0.000000000000000000, -0.3090169943749442316, -0.9510565162951545304 ) ) ;
#2310 = VERTEX_POINT ( 'NONE', #2365 ) ;
#2311 = CARTESIAN_POINT ( 'NONE',  ( 1.972483239316684234, -5.138999999999997570, -7.070631577586467209 ) ) ;
#2312 = CARTESIAN_POINT ( 'NONE',  ( 2.061552812808830293, -5.438999999999999169, -6.750000000000000000 ) ) ;
#2313 = DIRECTION ( 'NONE',  ( -0.000000000000000000, -0.000000000000000000, 1.000000000000000000 ) ) ;
#2314 = DIRECTION ( 'NONE',  ( -0.000000000000000000, 1.000000000000000000, 0.000000000000000000 ) ) ;
#2315 = EDGE_LOOP ( 'NONE', ( #2030, #1565, #491, #1370 ) ) ;
#2316 = EDGE_CURVE ( 'NONE', #2426, #1447, #2001, .T. ) ;
#2317 = VERTEX_POINT ( 'NONE', #563 ) ;
#2318 = CARTESIAN_POINT ( 'NONE',  ( 0.000000000000000000, 6.349999999999999645, 5.523072258617638397 ) ) ;
#2319 = ORIENTED_EDGE ( 'NONE', *, *, #2197, .F. ) ;
#2320 = EDGE_CURVE ( 'NONE', #182, #1230, #1400, .T. ) ;
#2321 = ORIENTED_EDGE ( 'NONE', *, *, #1932, .F. ) ;
#2322 = CARTESIAN_POINT ( 'NONE',  ( -1.502637486114517751, -6.139000000000000234, -6.750000000000000000 ) ) ;
#2323 = APPROVAL_STATUS ( 'not_yet_approved' ) ;
#2324 = CARTESIAN_POINT ( 'NONE',  ( 2.264950330581225746, 6.750000000000000000, 5.523072258617638397 ) ) ;
#2325 = CARTESIAN_POINT ( 'NONE',  ( 6.200000000000000178, 12.40000000000000036, 0.000000000000000000 ) ) ;
#2326 = CARTESIAN_POINT ( 'NONE',  ( 2.174999999999999822, 6.349999999999999645, -6.350000000000003197 ) ) ;
#2327 = VERTEX_POINT ( 'NONE', #163 ) ;
#2328 = VERTEX_POINT ( 'NONE', #945 ) ;
#2329 = VECTOR ( 'NONE', #259, 1000.000000000000000 ) ;
#2330 = CARTESIAN_POINT ( 'NONE',  ( 2.264950330581225746, 5.949999999999999289, 5.523072258617638397 ) ) ;
#2331 = ORIENTED_EDGE ( 'NONE', *, *, #2383, .F. ) ;
#2332 = EDGE_CURVE ( 'NONE', #1922, #1775, #481, .T. ) ;
#2333 = CARTESIAN_POINT ( 'NONE',  ( -1.663442899047754109, -6.139000000000000234, -5.950000000000000178 ) ) ;
#2334 = CARTESIAN_POINT ( 'NONE',  ( 2.174999999999999822, 11.40000000000000036, -2.000000000000000000 ) ) ;
#2335 = DIRECTION ( 'NONE',  ( 1.000000000000000000, -0.000000000000000000, -0.000000000000000000 ) ) ;
#2336 = CIRCLE ( 'NONE', #558, 2.100000000000000089 ) ;
#2337 = CIRCLE ( 'NONE', #645, 2.299999999999999822 ) ;
#2338 = CARTESIAN_POINT ( 'NONE',  ( -1.999113491775013296, -4.305849356269921380, -5.702259658749235349 ) ) ;
#2339 = CARTESIAN_POINT ( 'NONE',  ( 0.1999999999999996503, 6.349999999999999645, -11.40000000000000036 ) ) ;
#2340 = LINE ( 'NONE', #765, #1746 ) ;
#2341 = CARTESIAN_POINT ( 'NONE',  ( 2.232710535457612888, -5.620762745781209269, -5.949999999999999289 ) ) ;
#2342 = ORIENTED_EDGE ( 'NONE', *, *, #1143, .F. ) ;
#2343 = CARTESIAN_POINT ( 'NONE',  ( 2.254205848354697395, 5.949999999999999289, 5.555636450100673862 ) ) ;
#2344 = ORIENTED_EDGE ( 'NONE', *, *, #2197, .T. ) ;
#2345 = AXIS2_PLACEMENT_3D ( 'NONE', #1195, #2349, #413 ) ;
#2346 = CARTESIAN_POINT ( 'NONE',  ( -1.820969194338324160, -6.090132639966192585, -5.949999999999999289 ) ) ;
#2347 = CIRCLE ( 'NONE', #1722, 2.099999999999999645 ) ;
#2348 = ADVANCED_FACE ( 'NONE', ( #586 ), #2352, .F. ) ;
#2349 = DIRECTION ( 'NONE',  ( -1.000000000000000000, -0.000000000000000000, -0.000000000000000000 ) ) ;
#2350 = ADVANCED_FACE ( 'NONE', ( #1392, #2171 ), #399, .F. ) ;
#2351 = EDGE_LOOP ( 'NONE', ( #1601, #65, #694, #891 ) ) ;
#2352 = PLANE ( 'NONE',  #2169 ) ;
#2353 = EDGE_CURVE ( 'NONE', #1963, #425, #880, .T. ) ;
#2354 = DIRECTION ( 'NONE',  ( 0.000000000000000000, 0.000000000000000000, 1.000000000000000000 ) ) ;
#2355 = CARTESIAN_POINT ( 'NONE',  ( 2.174999999999999822, 6.349999999999999645, -11.40000000000000036 ) ) ;
#2356 = ORIENTED_EDGE ( 'NONE', *, *, #1948, .T. ) ;
#2357 = LINE ( 'NONE', #2149, #769 ) ;
#2358 = ORIENTED_EDGE ( 'NONE', *, *, #660, .F. ) ;
#2359 = B_SPLINE_CURVE_WITH_KNOTS ( 'NONE', 3,
 ( #1213, #1200, #2, #194, #782, #1570, #2546, #1186, #578, #1410 ),
 .UNSPECIFIED., .F., .F.,
 ( 4, 2, 2, 2, 4 ),
 ( 0.000000000000000000, 0.0003704147845104419686, 0.0007408295690208839372, 0.001111244353531325906, 0.001481659138041767874 ),
 .UNSPECIFIED. ) ;
#2360 =( BOUNDED_CURVE ( )  B_SPLINE_CURVE ( 3, ( #1867, #2064, #2090, #2311 ),
 .UNSPECIFIED., .F., .T. ) 
 B_SPLINE_CURVE_WITH_KNOTS ( ( 4, 4 ),
 ( 1.810267798689539687, 1.921073213463467599 ),
 .UNSPECIFIED. ) 
 CURVE ( )  GEOMETRIC_REPRESENTATION_ITEM ( )  RATIONAL_B_SPLINE_CURVE ( ( 1.000000000000000000, 0.9989771083553060649, 0.9989771083553060649, 1.000000000000000000 ) ) 
 REPRESENTATION_ITEM ( '' )  );
#2361 = PLANE ( 'NONE',  #1795 ) ;
#2362 = CARTESIAN_POINT ( 'NONE',  ( 2.087439085565597541, 6.597091747881985491, 2.187221323398955253 ) ) ;
#2363 = DIRECTION ( 'NONE',  ( 0.000000000000000000, 0.000000000000000000, -1.000000000000000000 ) ) ;
#2364 = ORIENTED_EDGE ( 'NONE', *, *, #1772, .T. ) ;
#2365 = CARTESIAN_POINT ( 'NONE',  ( -6.200000000000000178, 1.999999999999999556, -6.344255403194157594 ) ) ;
#2366 = CARTESIAN_POINT ( 'NONE',  ( 0.000000000000000000, -5.438999999999999169, -4.249999999999999112 ) ) ;
#2367 = ADVANCED_FACE ( 'NONE', ( #1776 ), #2297, .T. ) ;
#2368 = CARTESIAN_POINT ( 'NONE',  ( 0.8890000000000000124, 6.349999999999999645, -6.350000000000003197 ) ) ;
#2369 = CARTESIAN_POINT ( 'NONE',  ( 2.087439085565598429, -2.187221323398956141, -6.102908252118013799 ) ) ;
#2370 = ORIENTED_EDGE ( 'NONE', *, *, #1364, .F. ) ;
#2371 = CARTESIAN_POINT ( 'NONE',  ( 2.061552812808831181, -5.139000000000001123, -6.750000000000000000 ) ) ;
#2372 = EDGE_LOOP ( 'NONE', ( #663, #2321 ) ) ;
#2373 = CIRCLE ( 'NONE', #1374, 2.099999999999999645 ) ;
#2374 = CARTESIAN_POINT ( 'NONE',  ( -2.182266827280790800, -5.773579458367408712, -5.950000000000001066 ) ) ;
#2375 = CIRCLE ( 'NONE', #2120, 3.174999999999998934 ) ;
#2376 = CARTESIAN_POINT ( 'NONE',  ( 2.040073290564207831, 5.851902650954126983, 2.595422128626172054 ) ) ;
#2377 = VECTOR ( 'NONE', #39, 1000.000000000000000 ) ;
#2378 = B_SPLINE_CURVE_WITH_KNOTS ( 'NONE', 3,
 ( #1550, #736, #353, #2152 ),
 .UNSPECIFIED., .F., .F.,
 ( 4, 4 ),
 ( 0.003029541235337105450, 0.003249628748158704759 ),
 .UNSPECIFIED. ) ;
#2379 = ORIENTED_EDGE ( 'NONE', *, *, #1112, .F. ) ;
#2380 = DIRECTION ( 'NONE',  ( -0.000000000000000000, 1.000000000000000000, 0.000000000000000000 ) ) ;
#2381 = AXIS2_PLACEMENT_3D ( 'NONE', #2041, #1869, #1266 ) ;
#2382 = DIRECTION ( 'NONE',  ( -1.000000000000000000, 0.000000000000000000, 0.000000000000000000 ) ) ;
#2383 = EDGE_CURVE ( 'NONE', #1921, #1794, #2206, .T. ) ;
#2384 = CARTESIAN_POINT ( 'NONE',  ( -2.061552812808830293, -5.439000000000000945, -6.750000000000000000 ) ) ;
#2385 = ORIENTED_EDGE ( 'NONE', *, *, #1698, .T. ) ;
#2386 = ORIENTED_EDGE ( 'NONE', *, *, #1001, .F. ) ;
#2387 = EDGE_CURVE ( 'NONE', #2508, #1314, #1539, .T. ) ;
#2388 = EDGE_CURVE ( 'NONE', #812, #574, #1925, .T. ) ;
#2389 = LINE ( 'NONE', #1191, #2534 ) ;
#2390 = FACE_OUTER_BOUND ( 'NONE', #1935, .T. ) ;
#2391 = CIRCLE ( 'NONE', #117, 2.268258436585969040 ) ;
#2392 = PLANE ( 'NONE',  #2089 ) ;
#2393 = DIRECTION ( 'NONE',  ( 0.000000000000000000, 1.000000000000000000, 0.000000000000000000 ) ) ;
#2394 = CIRCLE ( 'NONE', #1554, 2.100000000000000089 ) ;
#2395 = ORIENTED_EDGE ( 'NONE', *, *, #2388, .T. ) ;
#2396 = CARTESIAN_POINT ( 'NONE',  ( -2.061552812808830293, -5.439000000000000945, -5.949999999999999289 ) ) ;
#2397 = CARTESIAN_POINT ( 'NONE',  ( 2.232710535457612888, 6.750000000000000000, 5.620762745781209269 ) ) ;
#2398 = DIRECTION ( 'NONE',  ( -8.881784197001248379E-16, 0.000000000000000000, -1.000000000000000000 ) ) ;
#2399 = CARTESIAN_POINT ( 'NONE',  ( -6.199999999999999289, 6.344255403194156706, 0.000000000000000000 ) ) ;
#2400 = ORIENTED_EDGE ( 'NONE', *, *, #443, .T. ) ;
#2401 = ORIENTED_EDGE ( 'NONE', *, *, #1158, .F. ) ;
#2402 = CARTESIAN_POINT ( 'NONE',  ( 0.6500000000000012434, 12.40099999999999802, -13.19425540319415724 ) ) ;
#2403 = EDGE_CURVE ( 'NONE', #1021, #272, #832, .T. ) ;
#2404 = CARTESIAN_POINT ( 'NONE',  ( 2.040073290564207831, 6.848097349045874083, 2.595422128626172054 ) ) ;
#2405 = LINE ( 'NONE', #614, #2299 ) ;
#2406 = CARTESIAN_POINT ( 'NONE',  ( -1.663442899047753887, 6.749999999999999112, 6.138999999999998458 ) ) ;
#2407 = ORIENTED_EDGE ( 'NONE', *, *, #372, .T. ) ;
#2408 = CARTESIAN_POINT ( 'NONE',  ( -2.254205848354697395, 6.750000000000000000, 5.555636450100672974 ) ) ;
#2409 = CARTESIAN_POINT ( 'NONE',  ( -6.200000000000000178, 12.40000000000000036, 0.000000000000000000 ) ) ;
#2410 = CARTESIAN_POINT ( 'NONE',  ( 2.129368205736810626, 6.750000000000000000, 5.466985055468135180 ) ) ;
#2411 = DIRECTION ( 'NONE',  ( 0.000000000000000000, -1.000000000000000000, 0.000000000000000000 ) ) ;
#2412 = VERTEX_POINT ( 'NONE', #654 ) ;
#2413 = VERTEX_POINT ( 'NONE', #1070 ) ;
#2414 = FACE_OUTER_BOUND ( 'NONE', #671, .T. ) ;
#2415 = CARTESIAN_POINT ( 'NONE',  ( 2.174999999999999822, 1.999999999999999112, -2.000000000000000000 ) ) ;
#2416 = CARTESIAN_POINT ( 'NONE',  ( 2.129368205736810182, -5.466985055468135180, -5.949999999999999289 ) ) ;
#2417 = EDGE_CURVE ( 'NONE', #855, #2310, #642, .T. ) ;
#2418 = CARTESIAN_POINT ( 'NONE',  ( -2.264950330581225746, -5.523072258617638397, -6.750000000000000000 ) ) ;
#2419 = AXIS2_PLACEMENT_3D ( 'NONE', #442, #41, #2398 ) ;
#2420 = ORIENTED_EDGE ( 'NONE', *, *, #204, .F. ) ;
#2421 = CARTESIAN_POINT ( 'NONE',  ( 6.200000000000000178, 0.000000000000000000, 0.000000000000000000 ) ) ;
#2422 = CARTESIAN_POINT ( 'NONE',  ( 0.8890000000000000124, 6.349999999999999645, -6.350000000000003197 ) ) ;
#2423 = DIRECTION ( 'NONE',  ( 0.000000000000000000, 1.000000000000000000, 0.000000000000000000 ) ) ;
#2424 = AXIS2_PLACEMENT_3D ( 'NONE', #617, #1166, #1971 ) ;
#2425 = CARTESIAN_POINT ( 'NONE',  ( 5.460999999999999410, 6.349999999999999645, -3.175000000000003819 ) ) ;
#2426 = VERTEX_POINT ( 'NONE', #2251 ) ;
#2427 = ORIENTED_EDGE ( 'NONE', *, *, #1696, .T. ) ;
#2428 = PLANE ( 'NONE',  #2117 ) ;
#2429 = DIRECTION ( 'NONE',  ( 8.881784197001248379E-16, 1.000000000000000000, 0.000000000000000000 ) ) ;
#2430 = CARTESIAN_POINT ( 'NONE',  ( 2.061552812808830293, -5.439000000000000945, -6.750000000000000000 ) ) ;
#2431 = CYLINDRICAL_SURFACE ( 'NONE', #1185, 2.100000000000000089 ) ;
#2432 = EDGE_CURVE ( 'NONE', #683, #113, #2227, .T. ) ;
#2433 = ORIENTED_EDGE ( 'NONE', *, *, #1733, .F. ) ;
#2434 = CARTESIAN_POINT ( 'NONE',  ( -1.502637486114517751, -6.139000000000000234, -6.750000000000000000 ) ) ;
#2435 = VECTOR ( 'NONE', #380, 1000.000000000000000 ) ;
#2436 = CARTESIAN_POINT ( 'NONE',  ( -2.232710535457612888, -5.620762745781209269, -5.949999999999999289 ) ) ;
#2437 = EDGE_CURVE ( 'NONE', #1355, #425, #677, .T. ) ;
#2438 = LINE ( 'NONE', #859, #2047 ) ;
#2439 = ORIENTED_EDGE ( 'NONE', *, *, #886, .F. ) ;
#2440 = ORIENTED_EDGE ( 'NONE', *, *, #1649, .T. ) ;
#2441 = DIRECTION ( 'NONE',  ( 0.000000000000000000, 1.000000000000000000, 0.000000000000000000 ) ) ;
#2442 = DIRECTION ( 'NONE',  ( 0.000000000000000000, 0.000000000000000000, 1.000000000000000000 ) ) ;
#2443 = VERTEX_POINT ( 'NONE', #1444 ) ;
#2444 = DIRECTION ( 'NONE',  ( 0.000000000000000000, 0.000000000000000000, -1.000000000000000000 ) ) ;
#2445 = DIRECTION ( 'NONE',  ( 0.000000000000000000, -8.340016711426957754E-17, 1.000000000000000000 ) ) ;
#2446 = LOCAL_TIME ( 14, 4, 52.00000000000000000, #2502 ) ;
#2447 = CYLINDRICAL_SURFACE ( 'NONE', #145, 2.100000000000000089 ) ;
#2448 = ORIENTED_EDGE ( 'NONE', *, *, #1698, .F. ) ;
#2449 = EDGE_CURVE ( 'NONE', #1495, #197, #1169, .T. ) ;
#2450 = EDGE_LOOP ( 'NONE', ( #1340, #2395, #329, #241, #1855, #647, #1529, #130, #2135, #1038 ) ) ;
#2451 = DIRECTION ( 'NONE',  ( -1.000000000000000000, 0.000000000000000000, 0.000000000000000000 ) ) ;
#2452 = CARTESIAN_POINT ( 'NONE',  ( 1.502637486114517751, -6.139000000000000234, -5.949999999999999289 ) ) ;
#2453 = ORIENTED_EDGE ( 'NONE', *, *, #1580, .T. ) ;
#2454 = CARTESIAN_POINT ( 'NONE',  ( 0.000000000000000000, -5.438999999999999169, -4.249999999999999112 ) ) ;
#2455 = AXIS2_PLACEMENT_3D ( 'NONE', #1778, #1568, #781 ) ;
#2456 = DIRECTION ( 'NONE',  ( 0.000000000000000000, 0.000000000000000000, 1.000000000000000000 ) ) ;
#2457 = CIRCLE ( 'NONE', #914, 2.099999999999999645 ) ;
#2458 = CARTESIAN_POINT ( 'NONE',  ( -1.821676962433381064, 5.949999999999998401, 6.089970303311146083 ) ) ;
#2459 = ORIENTED_EDGE ( 'NONE', *, *, #1919, .T. ) ;
#2460 = ORIENTED_EDGE ( 'NONE', *, *, #2106, .F. ) ;
#2461 = EDGE_CURVE ( 'NONE', #2547, #2317, #66, .T. ) ;
#2462 = CONICAL_SURFACE ( 'NONE', #2044, 2.099999999999999645, 1.172861257340199304 ) ;
#2463 = ORIENTED_EDGE ( 'NONE', *, *, #1569, .F. ) ;
#2464 = VECTOR ( 'NONE', #735, 1000.000000000000000 ) ;
#2465 = VECTOR ( 'NONE', #869, 1000.000000000000000 ) ;
#2466 = PLANE ( 'NONE',  #318 ) ;
#2467 = CIRCLE ( 'NONE', #1014, 2.099999999999999645 ) ;
#2468 = ADVANCED_FACE ( 'NONE', ( #664 ), #1454, .T. ) ;
#2469 = ADVANCED_FACE ( 'NONE', ( #2037 ), #273, .T. ) ;
#2470 = DIRECTION ( 'NONE',  ( -0.000000000000000000, 1.000000000000000000, 0.000000000000000000 ) ) ;
#2471 = EDGE_LOOP ( 'NONE', ( #1263, #746, #898, #471 ) ) ;
#2472 = ORIENTED_EDGE ( 'NONE', *, *, #1398, .F. ) ;
#2473 = CARTESIAN_POINT ( 'NONE',  ( 5.460999999999999410, 6.349999999999999645, -4.250000000000003553 ) ) ;
#2474 = CARTESIAN_POINT ( 'NONE',  ( 2.182266827280791244, 5.950000000000001066, 5.773579458367406936 ) ) ;
#2475 = CIRCLE ( 'NONE', #2268, 2.299999999999999822 ) ;
#2476 = DIRECTION ( 'NONE',  ( 0.000000000000000000, 0.000000000000000000, 1.000000000000000000 ) ) ;
#2477 = VECTOR ( 'NONE', #652, 1000.000000000000000 ) ;
#2478 = VERTEX_POINT ( 'NONE', #2014 ) ;
#2479 = CARTESIAN_POINT ( 'NONE',  ( 0.000000000000000000, -5.523072258617638397, -6.349999999999999645 ) ) ;
#2480 = EDGE_CURVE ( 'NONE', #1288, #1987, #1035, .T. ) ;
#2481 = ORIENTED_EDGE ( 'NONE', *, *, #543, .T. ) ;
#2482 = CARTESIAN_POINT ( 'NONE',  ( 2.232710535457612888, 5.949999999999999289, 5.620762745781209269 ) ) ;
#2483 = CARTESIAN_POINT ( 'NONE',  ( 2.571758278209441957E-16, -5.438999999999999169, -8.449999999999999289 ) ) ;
#2484 = ORIENTED_EDGE ( 'NONE', *, *, #731, .T. ) ;
#2485 = VERTEX_POINT ( 'NONE', #2454 ) ;
#2486 = APPROVAL_PERSON_ORGANIZATION ( #1525, #184, #1278 ) ;
#2487 = CARTESIAN_POINT ( 'NONE',  ( 4.174999999999999822, 6.349999999999999645, -9.525000000000002132 ) ) ;
#2488 = VERTEX_POINT ( 'NONE', #51 ) ;
#2489 = EDGE_CURVE ( 'NONE', #683, #511, #1264, .T. ) ;
#2490 = LINE ( 'NONE', #2517, #1347 ) ;
#2491 = VECTOR ( 'NONE', #166, 1000.000000000000000 ) ;
#2492 = PLANE ( 'NONE',  #962 ) ;
#2493 = EDGE_CURVE ( 'NONE', #197, #1495, #1260, .T. ) ;
#2494 = DIRECTION ( 'NONE',  ( -0.000000000000000000, 1.000000000000000000, 0.000000000000000000 ) ) ;
#2495 = VECTOR ( 'NONE', #496, 1000.000000000000000 ) ;
#2496 = ORIENTED_EDGE ( 'NONE', *, *, #815, .T. ) ;
#2497 = ORIENTED_EDGE ( 'NONE', *, *, #1196, .T. ) ;
#2498 = LINE ( 'NONE', #1487, #1545 ) ;
#2499 = AXIS2_PLACEMENT_3D ( 'NONE', #946, #1528, #1311 ) ;
#2500 = AXIS2_PLACEMENT_3D ( 'NONE', #1151, #1759, #1138 ) ;
#2501 = ORIENTED_EDGE ( 'NONE', *, *, #1493, .F. ) ;
#2502 = COORDINATED_UNIVERSAL_TIME_OFFSET ( 6, 0, .BEHIND. ) ;
#2503 = LINE ( 'NONE', #1117, #1553 ) ;
#2504 = ADVANCED_FACE ( 'NONE', ( #494 ), #1996, .F. ) ;
#2505 = DIRECTION ( 'NONE',  ( 0.000000000000000000, 1.000000000000000000, 8.260587980841939371E-15 ) ) ;
#2506 = CARTESIAN_POINT ( 'NONE',  ( 5.460999999999999410, 6.349999999999999645, -6.350000000000003197 ) ) ;
#2507 = ADVANCED_FACE ( 'NONE', ( #629 ), #1017, .F. ) ;
#2508 = VERTEX_POINT ( 'NONE', #2421 ) ;
#2509 = CC_DESIGN_PERSON_AND_ORGANIZATION_ASSIGNMENT ( #1313, #743, ( #865 ) ) ;
#2510 = PERSON_AND_ORGANIZATION_ROLE ( 'design_supplier' ) ;
#2511 = ORIENTED_EDGE ( 'NONE', *, *, #776, .F. ) ;
#2512 = CIRCLE ( 'NONE', #1023, 1.554966049364602254 ) ;
#2513 = CARTESIAN_POINT ( 'NONE',  ( 2.232710535457612888, 5.949999999999999289, 5.620762745781209269 ) ) ;
#2514 = ORIENTED_EDGE ( 'NONE', *, *, #1812, .F. ) ;
#2515 = VERTEX_POINT ( 'NONE', #1308 ) ;
#2516 = DIRECTION ( 'NONE',  ( 0.000000000000000000, 0.000000000000000000, 1.000000000000000000 ) ) ;
#2517 = CARTESIAN_POINT ( 'NONE',  ( 6.200000000000000178, 12.40000000000000036, -2.000000000000000000 ) ) ;
#2518 = CARTESIAN_POINT ( 'NONE',  ( 0.000000000000000000, 6.349999999999999645, 5.439000000000000945 ) ) ;
#2519 = DIRECTION ( 'NONE',  ( 0.000000000000000000, 8.260587980841939371E-15, -1.000000000000000000 ) ) ;
#2520 = CARTESIAN_POINT ( 'NONE',  ( 5.460999999999999410, 6.349999999999999645, -6.350000000000003197 ) ) ;
#2521 = EDGE_CURVE ( 'NONE', #1114, #1754, #2360, .T. ) ;
#2522 = ORIENTED_EDGE ( 'NONE', *, *, #1668, .F. ) ;
#2523 = CARTESIAN_POINT ( 'NONE',  ( 0.1999999999999996503, 2.000000000000000000, -11.40000000000000036 ) ) ;
#2524 = ORIENTED_EDGE ( 'NONE', *, *, #1551, .T. ) ;
#2525 = LOCAL_TIME ( 14, 4, 52.00000000000000000, #334 ) ;
#2526 = DIRECTION ( 'NONE',  ( 0.000000000000000000, 1.000000000000000000, -1.084202172485504434E-16 ) ) ;
#2527 = CARTESIAN_POINT ( 'NONE',  ( 0.000000000000000000, 6.349999999999999645, 5.620762745781207492 ) ) ;
#2528 = LINE ( 'NONE', #355, #1270 ) ;
#2529 = CARTESIAN_POINT ( 'NONE',  ( 0.000000000000000000, -0.8890000000000009006, -6.349999999999999645 ) ) ;
#2530 = PLANE ( 'NONE',  #1687 ) ;
#2531 = DIRECTION ( 'NONE',  ( 0.000000000000000000, -1.000000000000000000, 8.115498896123205041E-15 ) ) ;
#2532 = PERSON_AND_ORGANIZATION ( #720, #1450 ) ;
#2533 = ORIENTED_EDGE ( 'NONE', *, *, #2417, .F. ) ;
#2534 = VECTOR ( 'NONE', #243, 1000.000000000000000 ) ;
#2535 = FACE_OUTER_BOUND ( 'NONE', #1360, .T. ) ;
#2536 = EDGE_CURVE ( 'NONE', #285, #850, #690, .T. ) ;
#2537 = EDGE_LOOP ( 'NONE', ( #1135, #797, #1161, #1016 ) ) ;
#2538 = EDGE_CURVE ( 'NONE', #530, #910, #115, .T. ) ;
#2539 = PLANE ( 'NONE',  #1220 ) ;
#2540 = EDGE_CURVE ( 'NONE', #153, #2485, #2200, .T. ) ;
#2541 = VECTOR ( 'NONE', #262, 1000.000000000000000 ) ;
#2542 = CARTESIAN_POINT ( 'NONE',  ( 4.174999999999999822, 11.39999999999999858, -6.350000000000004974 ) ) ;
#2543 = VECTOR ( 'NONE', #2309, 1000.000000000000114 ) ;
#2544 = CARTESIAN_POINT ( 'NONE',  ( 0.000000000000000000, 6.349999999999999645, 6.139000000000000234 ) ) ;
#2545 = DIRECTION ( 'NONE',  ( -1.000000000000000000, 0.000000000000000000, 0.000000000000000000 ) ) ;
#2546 = CARTESIAN_POINT ( 'NONE',  ( -2.087434397081523674, 6.597072378333074028, 2.187282604411543208 ) ) ;
#2547 = VERTEX_POINT ( 'NONE', #2473 ) ;
#2548 = CARTESIAN_POINT ( 'NONE',  ( 4.174999999999999822, 1.999999999999999112, -2.000000000000000000 ) ) ;
#2549 = ORIENTED_EDGE ( 'NONE', *, *, #1290, .F. ) ;
#2550 = AXIS2_PLACEMENT_3D ( 'NONE', #953, #1748, #531 ) ;
#2551 = CARTESIAN_POINT ( 'NONE',  ( 3.174999999999999822, 6.750000000000000000, 5.138999999999999346 ) ) ;
#2552 = AXIS2_PLACEMENT_3D ( 'NONE', #1732, #404, #211 ) ;
#2553 = EDGE_CURVE ( 'NONE', #1064, #182, #385, .T. ) ;
#2554 = DIRECTION ( 'NONE',  ( -0.000000000000000000, 1.000000000000000000, -0.000000000000000000 ) ) ;
#2555 = VERTEX_POINT ( 'NONE', #2288 ) ;
#2556 = DIRECTION ( 'NONE',  ( -0.000000000000000000, 1.000000000000000000, 0.000000000000000000 ) ) ;
ENDSEC;
END-ISO-10303-21;
