ISO-10303-21;
HEADER;
FILE_DESCRIPTION (( 'STEP AP203' ),
    '1' );
FILE_NAME ('228-2500-1253.step',
    '2022-06-06T19:04:01',
    ( '' ),
    ( '' ),
    'SwSTEP 2.0',
    'SolidWorks 2021',
    '' );
FILE_SCHEMA (( 'CONFIG_CONTROL_DESIGN' ));
ENDSEC;

DATA;
#1 = FACE_OUTER_BOUND ( 'NONE', #6227, .T. ) ;
#2 = LINE ( 'NONE', #6411, #5891 ) ;
#3 = CARTESIAN_POINT ( 'NONE',  ( 12.30000000000000071, 1.502637486114517973, 6.139000000000000234 ) ) ;
#4 = CARTESIAN_POINT ( 'NONE',  ( 0.000000000000000000, -2.174999999999999822, 0.000000000000000000 ) ) ;
#5 = CARTESIAN_POINT ( 'NONE',  ( 12.69999999999999929, 0.000000000000000000, -25.39999999999999858 ) ) ;
#6 = EDGE_LOOP ( 'NONE', ( #77, #2236, #491 ) ) ;
#7 = DIRECTION ( 'NONE',  ( 1.305705842133080558E-16, -0.000000000000000000, 1.000000000000000000 ) ) ;
#8 = ORIENTED_EDGE ( 'NONE', *, *, #3885, .T. ) ;
#9 = ADVANCED_FACE ( 'NONE', ( #2251 ), #513, .T. ) ;
#10 = FACE_OUTER_BOUND ( 'NONE', #4622, .T. ) ;
#11 = CARTESIAN_POINT ( 'NONE',  ( 0.000000000000000000, -2.174999999999999822, -19.04999999999999716 ) ) ;
#12 = ORIENTED_EDGE ( 'NONE', *, *, #651, .F. ) ;
#13 = ORIENTED_EDGE ( 'NONE', *, *, #149, .F. ) ;
#14 = EDGE_CURVE ( 'NONE', #1947, #4728, #3438, .T. ) ;
#15 = ORIENTED_EDGE ( 'NONE', *, *, #1897, .T. ) ;
#16 = ADVANCED_FACE ( 'NONE', ( #42 ), #4417, .T. ) ;
#17 = DIRECTION ( 'NONE',  ( 1.000000000000000000, 0.000000000000000000, 0.000000000000000000 ) ) ;
#18 = EDGE_CURVE ( 'NONE', #885, #4682, #1594, .T. ) ;
#19 = CARTESIAN_POINT ( 'NONE',  ( 24.82352969257199504, 2.182283254615324797, -5.950000000000002842 ) ) ;
#20 = CARTESIAN_POINT ( 'NONE',  ( 0.000000000000000000, 0.000000000000000000, 5.439000000000000057 ) ) ;
#21 = PLANE ( 'NONE',  #2087 ) ;
#22 = VECTOR ( 'NONE', #2263, 1000.000000000000000 ) ;
#23 = EDGE_LOOP ( 'NONE', ( #2199, #757, #5194, #4323 ) ) ;
#24 = AXIS2_PLACEMENT_3D ( 'NONE', #5924, #5463, #1225 ) ;
#25 = CARTESIAN_POINT ( 'NONE',  ( 12.20190265095412840, 2.040073290564207831, -27.99542212862617063 ) ) ;
#26 = LINE ( 'NONE', #6436, #1615 ) ;
#27 = EDGE_CURVE ( 'NONE', #1491, #1410, #5338, .T. ) ;
#28 = CYLINDRICAL_SURFACE ( 'NONE', #2515, 0.5000000000000000000 ) ;
#29 = DIRECTION ( 'NONE',  ( 0.000000000000000000, 0.000000000000000000, 1.000000000000000000 ) ) ;
#30 = CARTESIAN_POINT ( 'NONE',  ( 12.69999999999999929, 0.000000000000000000, -30.83899999999999864 ) ) ;
#31 = ORIENTED_EDGE ( 'NONE', *, *, #610, .T. ) ;
#32 = VECTOR ( 'NONE', #2684, 1000.000000000000000 ) ;
#33 = EDGE_CURVE ( 'NONE', #2687, #1556, #5960, .T. ) ;
#34 = DIRECTION ( 'NONE',  ( 0.000000000000000000, 0.000000000000000000, -1.000000000000000000 ) ) ;
#35 = DIRECTION ( 'NONE',  ( 0.000000000000000000, 0.000000000000000000, 1.000000000000000000 ) ) ;
#36 = CARTESIAN_POINT ( 'NONE',  ( 22.50712190959816184, -2.021666578221207988, -6.923486311243691738 ) ) ;
#37 = DIRECTION ( 'NONE',  ( 0.000000000000000000, 0.000000000000000000, 1.000000000000000000 ) ) ;
#38 = AXIS2_PLACEMENT_3D ( 'NONE', #6858, #4137, #946 ) ;
#39 =( NAMED_UNIT ( * ) SI_UNIT ( $, .STERADIAN. ) SOLID_ANGLE_UNIT ( ) );
#40 = DIRECTION ( 'NONE',  ( -8.115498896123205041E-15, 0.000000000000000000, -1.000000000000000000 ) ) ;
#41 = EDGE_CURVE ( 'NONE', #4191, #2996, #4442, .T. ) ;
#42 = FACE_OUTER_BOUND ( 'NONE', #2962, .T. ) ;
#43 = FACE_BOUND ( 'NONE', #2293, .T. ) ;
#44 = VERTEX_POINT ( 'NONE', #4975 ) ;
#45 = B_SPLINE_CURVE_WITH_KNOTS ( 'NONE', 3,
 ( #6574, #1681, #2311, #4301 ),
 .UNSPECIFIED., .F., .F.,
 ( 4, 4 ),
 ( 0.003029541235337108486, 0.003249628748158706927 ),
 .UNSPECIFIED. ) ;
#46 = CARTESIAN_POINT ( 'NONE',  ( 24.54501255195392062, -2.197165961088448860, -19.44999999999999574 ) ) ;
#47 = AXIS2_PLACEMENT_3D ( 'NONE', #826, #2418, #4549 ) ;
#48 = ORIENTED_EDGE ( 'NONE', *, *, #3403, .F. ) ;
#49 = ORIENTED_EDGE ( 'NONE', *, *, #2518, .F. ) ;
#50 = AXIS2_PLACEMENT_3D ( 'NONE', #2880, #4410, #5067 ) ;
#51 = ORIENTED_EDGE ( 'NONE', *, *, #5424, .T. ) ;
#52 = FACE_OUTER_BOUND ( 'NONE', #806, .T. ) ;
#53 = DIRECTION ( 'NONE',  ( 0.000000000000000000, 0.000000000000000000, -1.000000000000000000 ) ) ;
#54 = CIRCLE ( 'NONE', #1055, 2.299999999999999822 ) ;
#55 = CIRCLE ( 'NONE', #3974, 3.174999999999999822 ) ;
#56 = ORIENTED_EDGE ( 'NONE', *, *, #4520, .F. ) ;
#57 = EDGE_LOOP ( 'NONE', ( #3035, #5264, #1952, #5513 ) ) ;
#58 = AXIS2_PLACEMENT_3D ( 'NONE', #3910, #6553, #4950 ) ;
#59 = PLANE ( 'NONE',  #851 ) ;
#60 = LINE ( 'NONE', #507, #2843 ) ;
#61 = CARTESIAN_POINT ( 'NONE',  ( 6.350000000000000533, -0.8890000000000000124, -15.87500000000000000 ) ) ;
#62 = CARTESIAN_POINT ( 'NONE',  ( 0.3999999999999994116, -2.083236664664702698, 5.905597390643909428 ) ) ;
#63 = LINE ( 'NONE', #619, #5843 ) ;
#64 = EDGE_CURVE ( 'NONE', #3702, #3145, #2913, .T. ) ;
#65 = EDGE_CURVE ( 'NONE', #1638, #1164, #5529, .T. ) ;
#66 = AXIS2_PLACEMENT_3D ( 'NONE', #5060, #6596, #192 ) ;
#67 = CARTESIAN_POINT ( 'NONE',  ( -6.200000000000001954, 6.200000000000000178, -23.39999999999999858 ) ) ;
#68 = CARTESIAN_POINT ( 'NONE',  ( 12.69999999999999929, 0.000000000000000000, 5.139000000000003787 ) ) ;
#69 = FACE_OUTER_BOUND ( 'NONE', #6445, .T. ) ;
#70 = LINE ( 'NONE', #2811, #6293 ) ;
#71 = CARTESIAN_POINT ( 'NONE',  ( 0.000000000000000000, 0.000000000000000000, -31.02076274578120163 ) ) ;
#72 = EDGE_CURVE ( 'NONE', #2714, #5502, #558, .T. ) ;
#73 = AXIS2_PLACEMENT_3D ( 'NONE', #6641, #5590, #3961 ) ;
#74 = CARTESIAN_POINT ( 'NONE',  ( 0.000000000000000000, 0.000000000000000000, -31.53899999999999082 ) ) ;
#75 = DIRECTION ( 'NONE',  ( 1.000000000000000000, 0.000000000000000000, -1.284980352575412946E-16 ) ) ;
#76 = CARTESIAN_POINT ( 'NONE',  ( 12.30000000000000071, 2.197165962000668493, -30.89501255233153643 ) ) ;
#77 = ORIENTED_EDGE ( 'NONE', *, *, #5706, .F. ) ;
#78 = AXIS2_PLACEMENT_3D ( 'NONE', #352, #6217, #6831 ) ;
#79 = DIRECTION ( 'NONE',  ( 1.000000000000000000, 0.000000000000000000, 0.000000000000000000 ) ) ;
#80 = PLANE ( 'NONE',  #239 ) ;
#81 = EDGE_CURVE ( 'NONE', #3044, #1669, #2428, .T. ) ;
#82 = EDGE_LOOP ( 'NONE', ( #2402, #3914, #2297, #2720 ) ) ;
#83 = ORIENTED_EDGE ( 'NONE', *, *, #6066, .F. ) ;
#84 = CARTESIAN_POINT ( 'NONE',  ( 7.047314121155778821E-16, 3.174999999999998934, -28.03899999999998727 ) ) ;
#85 = ORIENTED_EDGE ( 'NONE', *, *, #4473, .F. ) ;
#86 = DIRECTION ( 'NONE',  ( -8.115498896123205041E-15, 0.000000000000000000, -1.000000000000000000 ) ) ;
#87 = DIRECTION ( 'NONE',  ( -1.000000000000000000, -0.000000000000000000, 0.000000000000000000 ) ) ;
#88 = VERTEX_POINT ( 'NONE', #300 ) ;
#89 = ORIENTED_EDGE ( 'NONE', *, *, #4178, .F. ) ;
#90 = DIRECTION ( 'NONE',  ( -0.9961946980917461003, 0.000000000000000000, 0.08715574274765176821 ) ) ;
#91 = CARTESIAN_POINT ( 'NONE',  ( 0.3999999999999993006, -2.264950330581225746, 5.523072258617638397 ) ) ;
#92 = ORIENTED_EDGE ( 'NONE', *, *, #2291, .T. ) ;
#93 = CARTESIAN_POINT ( 'NONE',  ( -6.200000000000001954, -2.385244779468109755E-15, -23.39999999999999858 ) ) ;
#94 = CARTESIAN_POINT ( 'NONE',  ( 24.57307225861764266, 2.264950330581225746, -19.44999999999999574 ) ) ;
#95 = CARTESIAN_POINT ( 'NONE',  ( 0.4000000000000001887, -1.502637486114517751, -31.53899999999999082 ) ) ;
#96 = ORIENTED_EDGE ( 'NONE', *, *, #2552, .T. ) ;
#97 = CARTESIAN_POINT ( 'NONE',  ( 25.18900000000001071, 1.663407726524675834, -18.64999999999999503 ) ) ;
#98 = CARTESIAN_POINT ( 'NONE',  ( 1.554966049364602254, 0.000000000000000000, -31.53899999999999082 ) ) ;
#99 = EDGE_CURVE ( 'NONE', #2902, #5115, #801, .T. ) ;
#100 = CARTESIAN_POINT ( 'NONE',  ( -2.453269466693397832E-15, 6.200000000000000178, 0.000000000000000000 ) ) ;
#101 = DIRECTION ( 'NONE',  ( -0.000000000000000000, -0.000000000000000000, 1.000000000000000000 ) ) ;
#102 = EDGE_CURVE ( 'NONE', #4116, #5935, #1859, .T. ) ;
#103 = CARTESIAN_POINT ( 'NONE',  ( 6.350000000000000533, -0.8890000000000000124, -10.59999999999999787 ) ) ;
#104 = DIRECTION ( 'NONE',  ( -0.000000000000000000, -0.000000000000000000, 1.000000000000000000 ) ) ;
#105 = ORIENTED_EDGE ( 'NONE', *, *, #184, .F. ) ;
#106 = DIRECTION ( 'NONE',  ( -0.000000000000000000, -0.000000000000000000, -1.000000000000000000 ) ) ;
#107 = CARTESIAN_POINT ( 'NONE',  ( 14.80000000000000071, 2.571758278209440971E-16, 0.8890000000000000124 ) ) ;
#108 = VERTEX_POINT ( 'NONE', #2458 ) ;
#109 = ADVANCED_FACE ( 'NONE', ( #6126, #199 ), #5563, .T. ) ;
#110 = DIRECTION ( 'NONE',  ( 0.000000000000000000, 0.000000000000000000, -1.000000000000000000 ) ) ;
#111 = ORIENTED_EDGE ( 'NONE', *, *, #2339, .F. ) ;
#112 = ORIENTED_EDGE ( 'NONE', *, *, #4792, .T. ) ;
#113 = LINE ( 'NONE', #4884, #2363 ) ;
#114 = VERTEX_POINT ( 'NONE', #1256 ) ;
#115 = EDGE_CURVE ( 'NONE', #5005, #6788, #6890, .T. ) ;
#116 = DIRECTION ( 'NONE',  ( -0.000000000000000000, 0.000000000000000000, -1.000000000000000000 ) ) ;
#117 = DIRECTION ( 'NONE',  ( -0.000000000000000000, 1.000000000000000000, -0.000000000000000000 ) ) ;
#118 = ORIENTED_EDGE ( 'NONE', *, *, #3504, .T. ) ;
#119 = ORIENTED_EDGE ( 'NONE', *, *, #434, .T. ) ;
#120 = VECTOR ( 'NONE', #1900, 1000.000000000000000 ) ;
#121 = DIRECTION ( 'NONE',  ( -0.08715574274765176821, 0.000000000000000000, -0.9961946980917461003 ) ) ;
#122 = DIRECTION ( 'NONE',  ( -1.000000000000000000, 0.000000000000000000, 0.000000000000000000 ) ) ;
#123 = AXIS2_PLACEMENT_3D ( 'NONE', #5751, #4244, #5225 ) ;
#124 = CARTESIAN_POINT ( 'NONE',  ( 12.82366902150107890, -2.099990463092004322, 2.139040055015563269 ) ) ;
#125 = CYLINDRICAL_SURFACE ( 'NONE', #1288, 3.175000000000001599 ) ;
#126 = DIRECTION ( 'NONE',  ( -0.000000000000000000, -0.000000000000000000, -1.000000000000000000 ) ) ;
#127 = VECTOR ( 'NONE', #2781, 1000.000000000000000 ) ;
#128 = ORIENTED_EDGE ( 'NONE', *, *, #441, .T. ) ;
#129 = DIRECTION ( 'NONE',  ( -0.000000000000000000, -1.000000000000000000, -0.000000000000000000 ) ) ;
#130 = CARTESIAN_POINT ( 'NONE',  ( 12.69999999999999929, -0.8890000000000000124, -19.04999999999999716 ) ) ;
#131 = FACE_OUTER_BOUND ( 'NONE', #2994, .T. ) ;
#132 = DIRECTION ( 'NONE',  ( -0.3090169943749442316, 0.000000000000000000, 0.9510565162951545304 ) ) ;
#133 = EDGE_CURVE ( 'NONE', #6735, #3837, #3218, .T. ) ;
#134 = ADVANCED_FACE ( 'NONE', ( #3404 ), #1769, .T. ) ;
#135 = ORIENTED_EDGE ( 'NONE', *, *, #4569, .T. ) ;
#136 = DIRECTION ( 'NONE',  ( -0.000000000000000000, 0.000000000000000000, 1.000000000000000000 ) ) ;
#137 = VECTOR ( 'NONE', #595, 1000.000000000000000 ) ;
#138 = ADVANCED_FACE ( 'NONE', ( #697 ), #3784, .T. ) ;
#139 = CARTESIAN_POINT ( 'NONE',  ( 13.10000000000000142, -1.820969194338321717, -31.49013263996618761 ) ) ;
#140 = ORIENTED_EDGE ( 'NONE', *, *, #1179, .F. ) ;
#141 = VECTOR ( 'NONE', #6104, 1000.000000000000000 ) ;
#142 = CIRCLE ( 'NONE', #4063, 2.100000000000000089 ) ;
#143 = FACE_OUTER_BOUND ( 'NONE', #3657, .T. ) ;
#144 = ORIENTED_EDGE ( 'NONE', *, *, #2718, .F. ) ;
#145 = EDGE_CURVE ( 'NONE', #1490, #2993, #1826, .T. ) ;
#146 = ORIENTED_EDGE ( 'NONE', *, *, #5285, .T. ) ;
#147 = ORIENTED_EDGE ( 'NONE', *, *, #4636, .T. ) ;
#148 = DIRECTION ( 'NONE',  ( 0.000000000000000000, 1.000000000000000000, 0.000000000000000000 ) ) ;
#149 = EDGE_CURVE ( 'NONE', #1644, #3004, #727, .T. ) ;
#150 = VERTEX_POINT ( 'NONE', #1291 ) ;
#151 = FACE_OUTER_BOUND ( 'NONE', #6282, .T. ) ;
#152 = DIRECTION ( 'NONE',  ( -1.000000000000000000, 0.000000000000000000, 0.000000000000000000 ) ) ;
#153 = CARTESIAN_POINT ( 'NONE',  ( 12.69999999999999929, 0.000000000000000000, 5.620762745781208380 ) ) ;
#154 = EDGE_CURVE ( 'NONE', #6585, #5235, #229, .T. ) ;
#155 = VERTEX_POINT ( 'NONE', #3473 ) ;
#156 = VERTEX_POINT ( 'NONE', #5817 ) ;
#157 = LINE ( 'NONE', #5416, #4214 ) ;
#158 = FACE_OUTER_BOUND ( 'NONE', #3422, .T. ) ;
#159 = TOROIDAL_SURFACE ( 'NONE', #3083, 1.554966049364602254, 0.7500000000000000000 ) ;
#160 = DIRECTION ( 'NONE',  ( 0.000000000000000000, 0.000000000000000000, -1.000000000000000000 ) ) ;
#161 = CARTESIAN_POINT ( 'NONE',  ( 0.000000000000000000, -5.460999999999999410, -6.349999999999999645 ) ) ;
#162 = DIRECTION ( 'NONE',  ( -1.000000000000000000, -0.000000000000000000, 0.000000000000000000 ) ) ;
#163 = AXIS2_PLACEMENT_3D ( 'NONE', #463, #3279, #5348 ) ;
#164 = ORIENTED_EDGE ( 'NONE', *, *, #4917, .T. ) ;
#165 = LINE ( 'NONE', #1323, #6422 ) ;
#166 = DIRECTION ( 'NONE',  ( 1.000000000000000000, 0.000000000000000000, 0.000000000000000000 ) ) ;
#167 = CIRCLE ( 'NONE', #4204, 2.268258436585967264 ) ;
#168 = DIRECTION ( 'NONE',  ( 1.000000000000000000, 0.000000000000000000, 0.000000000000000000 ) ) ;
#169 = CIRCLE ( 'NONE', #3992, 2.100000000000000089 ) ;
#170 = CARTESIAN_POINT ( 'NONE',  ( -0.3999999999999993006, -2.061552812808830293, 5.439000000000000057 ) ) ;
#171 = CARTESIAN_POINT ( 'NONE',  ( 12.69999999999999929, -5.460999999999999410, -19.04999999999999716 ) ) ;
#172 = CARTESIAN_POINT ( 'NONE',  ( 0.4980973490458732167, -3.174999999999998934, 2.595422128626172054 ) ) ;
#173 = ORIENTED_EDGE ( 'NONE', *, *, #1434, .F. ) ;
#174 = CARTESIAN_POINT ( 'NONE',  ( 6.350000000000000533, -6.200000000000001066, -14.80000000000000071 ) ) ;
#175 = ORIENTED_EDGE ( 'NONE', *, *, #695, .T. ) ;
#176 = AXIS2_PLACEMENT_3D ( 'NONE', #5881, #2306, #4401 ) ;
#177 = ORIENTED_EDGE ( 'NONE', *, *, #6272, .T. ) ;
#178 = AXIS2_PLACEMENT_3D ( 'NONE', #4487, #4031, #2948 ) ;
#179 = VERTEX_POINT ( 'NONE', #2486 ) ;
#180 = CARTESIAN_POINT ( 'NONE',  ( 0.000000000000000000, 0.000000000000000000, -30.92307225861762987 ) ) ;
#181 = VERTEX_POINT ( 'NONE', #4619 ) ;
#182 = CIRCLE ( 'NONE', #742, 3.175000000000001155 ) ;
#183 = DIRECTION ( 'NONE',  ( 0.000000000000000000, 0.000000000000000000, -1.000000000000000000 ) ) ;
#184 = EDGE_CURVE ( 'NONE', #6868, #5953, #1508, .T. ) ;
#185 = ADVANCED_FACE ( 'NONE', ( #3089 ), #4584, .F. ) ;
#186 = LINE ( 'NONE', #2336, #6729 ) ;
#187 = ADVANCED_FACE ( 'NONE', ( #1438 ), #6811, .T. ) ;
#188 = VERTEX_POINT ( 'NONE', #2562 ) ;
#189 = DIRECTION ( 'NONE',  ( -1.000000000000000000, 0.000000000000000000, 0.000000000000000000 ) ) ;
#190 = DIRECTION ( 'NONE',  ( 0.000000000000000000, 0.000000000000000000, 1.000000000000000000 ) ) ;
#191 = CARTESIAN_POINT ( 'NONE',  ( 0.1233449203368026520, -2.100009524403048111, -27.53895999750520573 ) ) ;
#192 = DIRECTION ( 'NONE',  ( -1.000000000000000000, 0.000000000000000000, 0.000000000000000000 ) ) ;
#193 = CARTESIAN_POINT ( 'NONE',  ( 12.30000000000000071, 1.502637486114517973, 6.139000000000000234 ) ) ;
#194 = ORIENTED_EDGE ( 'NONE', *, *, #3756, .F. ) ;
#195 = ORIENTED_EDGE ( 'NONE', *, *, #1905, .T. ) ;
#196 = DIRECTION ( 'NONE',  ( 1.000000000000000000, 0.000000000000000000, 8.115498896123205041E-15 ) ) ;
#197 = DIRECTION ( 'NONE',  ( -0.7071067811865474617, -0.7071067811865476838, 0.000000000000000000 ) ) ;
#198 = PERSON_AND_ORGANIZATION ( #5737, #3625 ) ;
#199 = FACE_OUTER_BOUND ( 'NONE', #3736, .T. ) ;
#200 = FACE_OUTER_BOUND ( 'NONE', #5533, .T. ) ;
#201 = B_SPLINE_CURVE_WITH_KNOTS ( 'NONE', 3,
 ( #4376, #2848, #5462, #5393, #6510, #592 ),
 .UNSPECIFIED., .F., .F.,
 ( 4, 2, 4 ),
 ( 0.000000000000000000, 0.0004757001404452624780, 0.0009514002808905253896 ),
 .UNSPECIFIED. ) ;
#202 = DIRECTION ( 'NONE',  ( 1.000000000000000000, 0.000000000000000000, 0.000000000000000000 ) ) ;
#203 = CARTESIAN_POINT ( 'NONE',  ( -5.200000000000001066, -6.200000000000001066, -2.000000000000001776 ) ) ;
#204 = ORIENTED_EDGE ( 'NONE', *, *, #391, .F. ) ;
#205 = ORIENTED_EDGE ( 'NONE', *, *, #1944, .F. ) ;
#206 = DIRECTION ( 'NONE',  ( 1.000000000000000000, 0.000000000000000000, 0.000000000000000000 ) ) ;
#207 = ORIENTED_EDGE ( 'NONE', *, *, #3551, .F. ) ;
#208 = DIRECTION ( 'NONE',  ( -0.000000000000000000, -0.000000000000000000, -1.000000000000000000 ) ) ;
#209 = ORIENTED_EDGE ( 'NONE', *, *, #2466, .T. ) ;
#210 = ORIENTED_EDGE ( 'NONE', *, *, #4486, .T. ) ;
#211 = ORIENTED_EDGE ( 'NONE', *, *, #5282, .T. ) ;
#212 = CARTESIAN_POINT ( 'NONE',  ( 24.57307225861763200, 2.264950330581225302, -6.749999999999999112 ) ) ;
#213 = CARTESIAN_POINT ( 'NONE',  ( 2.100000000000000089, -2.571758278209441957E-16, -30.83899999999999153 ) ) ;
#214 = ADVANCED_FACE ( 'NONE', ( #3578 ), #2067, .F. ) ;
#215 = CARTESIAN_POINT ( 'NONE',  ( 13.09999999999999964, -2.061552812808831181, -30.53899999999999793 ) ) ;
#216 = CARTESIAN_POINT ( 'NONE',  ( 0.3999999999999994671, 1.820969194338324160, 6.090132639966191697 ) ) ;
#217 = CARTESIAN_POINT ( 'NONE',  ( 12.30000000000000071, 2.232710535457612888, 5.620762745781209269 ) ) ;
#218 = VECTOR ( 'NONE', #5680, 1000.000000000000000 ) ;
#219 = VERTEX_POINT ( 'NONE', #6741 ) ;
#220 = ORIENTED_EDGE ( 'NONE', *, *, #3028, .T. ) ;
#221 = AXIS2_PLACEMENT_3D ( 'NONE', #3094, #2115, #3761 ) ;
#222 = DIRECTION ( 'NONE',  ( -0.000000000000000000, -1.000000000000000000, -0.000000000000000000 ) ) ;
#223 = EDGE_CURVE ( 'NONE', #1549, #1412, #5895, .T. ) ;
#224 = FACE_OUTER_BOUND ( 'NONE', #1934, .T. ) ;
#225 = PERSON_AND_ORGANIZATION ( #5737, #3625 ) ;
#226 = CARTESIAN_POINT ( 'NONE',  ( 24.57307225861764266, 2.264950330581225746, -19.44999999999999574 ) ) ;
#227 = VECTOR ( 'NONE', #555, 1000.000000000000000 ) ;
#228 = EDGE_CURVE ( 'NONE', #4669, #4706, #2522, .T. ) ;
#229 = LINE ( 'NONE', #762, #2536 ) ;
#230 = PLANE ( 'NONE',  #589 ) ;
#231 = LINE ( 'NONE', #5746, #3207 ) ;
#232 = ORIENTED_EDGE ( 'NONE', *, *, #4697, .F. ) ;
#233 = CIRCLE ( 'NONE', #3610, 2.268258436585967264 ) ;
#234 = CARTESIAN_POINT ( 'NONE',  ( 21.18895999750522563, 2.100009524403047223, -19.17334492033679894 ) ) ;
#235 = AXIS2_PLACEMENT_3D ( 'NONE', #250, #2706, #4310 ) ;
#236 = ORIENTED_EDGE ( 'NONE', *, *, #5257, .T. ) ;
#237 = VERTEX_POINT ( 'NONE', #5173 ) ;
#238 = DIRECTION ( 'NONE',  ( 1.000000000000000000, 0.000000000000000000, 0.000000000000000000 ) ) ;
#239 = AXIS2_PLACEMENT_3D ( 'NONE', #3654, #6346, #6273 ) ;
#240 = ORIENTED_EDGE ( 'NONE', *, *, #5408, .F. ) ;
#241 = CARTESIAN_POINT ( 'NONE',  ( 24.48900000000000432, 0.000000000000000000, -16.94999999999999574 ) ) ;
#242 = DIRECTION ( 'NONE',  ( -0.000000000000000000, -0.000000000000000000, 1.000000000000000000 ) ) ;
#243 = ADVANCED_FACE ( 'NONE', ( #2026 ), #4993, .T. ) ;
#244 = ORIENTED_EDGE ( 'NONE', *, *, #1753, .T. ) ;
#245 = AXIS2_PLACEMENT_3D ( 'NONE', #332, #6852, #5818 ) ;
#246 = VERTEX_POINT ( 'NONE', #6706 ) ;
#247 = CARTESIAN_POINT ( 'NONE',  ( 21.64542212862616566, -2.040073290564207831, -6.848097349045873194 ) ) ;
#248 = CARTESIAN_POINT ( 'NONE',  ( 19.05000000000000071, 6.200000000000000178, 0.000000000000000000 ) ) ;
#249 = EDGE_LOOP ( 'NONE', ( #1322, #4926, #6419, #2625 ) ) ;
#250 = CARTESIAN_POINT ( 'NONE',  ( 0.000000000000000000, 0.000000000000000000, 0.000000000000000000 ) ) ;
#251 = CARTESIAN_POINT ( 'NONE',  ( 13.12861193465578680, -2.057850353472996385, 2.353605336466520814 ) ) ;
#252 = DIRECTION ( 'NONE',  ( 0.000000000000000000, 1.000000000000000000, 0.000000000000000000 ) ) ;
#253 = CARTESIAN_POINT ( 'NONE',  ( 17.05000000000000426, -4.174999999999998934, -2.000000000000003109 ) ) ;
#254 = ORIENTED_EDGE ( 'NONE', *, *, #1543, .F. ) ;
#255 = ORIENTED_EDGE ( 'NONE', *, *, #2077, .T. ) ;
#256 = VECTOR ( 'NONE', #4607, 1000.000000000000000 ) ;
#257 = CARTESIAN_POINT ( 'NONE',  ( 19.05000000000000071, 6.200000000000000178, -25.39999999999999858 ) ) ;
#258 = CARTESIAN_POINT ( 'NONE',  ( 24.57307225861763200, -2.264950330581225746, -5.950000000000003730 ) ) ;
#259 = EDGE_CURVE ( 'NONE', #5570, #1843, #5287, .T. ) ;
#260 = CALENDAR_DATE ( 2022, 6, 6 ) ;
#261 = AXIS2_PLACEMENT_3D ( 'NONE', #3698, #2651, #530 ) ;
#262 = DIRECTION ( 'NONE',  ( 0.000000000000000000, 0.000000000000000000, -1.000000000000000000 ) ) ;
#263 = CARTESIAN_POINT ( 'NONE',  ( 24.18900000000000006, 0.000000000000000000, -6.350000000000001421 ) ) ;
#264 = CARTESIAN_POINT ( 'NONE',  ( 12.30000000000000071, -3.174999999999999822, 6.139000000000000234 ) ) ;
#265 = ORIENTED_EDGE ( 'NONE', *, *, #2413, .T. ) ;
#266 = CIRCLE ( 'NONE', #720, 2.100000000000000977 ) ;
#267 = EDGE_CURVE ( 'NONE', #5694, #6077, #6300, .T. ) ;
#268 = CARTESIAN_POINT ( 'NONE',  ( 0.000000000000000000, -6.200000000000001066, -19.04999999999999716 ) ) ;
#269 = AXIS2_PLACEMENT_3D ( 'NONE', #2599, #4727, #6854 ) ;
#270 = VECTOR ( 'NONE', #3896, 1000.000000000000000 ) ;
#271 = ORIENTED_EDGE ( 'NONE', *, *, #5733, .T. ) ;
#272 = ORIENTED_EDGE ( 'NONE', *, *, #1523, .F. ) ;
#273 = CARTESIAN_POINT ( 'NONE',  ( 11.97936842241353439, -3.174999999999999822, 5.138999999999997570 ) ) ;
#274 = ORIENTED_EDGE ( 'NONE', *, *, #4609, .F. ) ;
#275 = CONICAL_SURFACE ( 'NONE', #5099, 2.299999999999999822, 0.3141592653589760364 ) ;
#276 = DIRECTION ( 'NONE',  ( -0.000000000000000000, -1.000000000000000000, -0.000000000000000000 ) ) ;
#277 = CARTESIAN_POINT ( 'NONE',  ( 0.1233449203368015973, 2.100009524403048111, 2.138959997505216037 ) ) ;
#278 = VERTEX_POINT ( 'NONE', #3020 ) ;
#279 = ORIENTED_EDGE ( 'NONE', *, *, #4169, .F. ) ;
#280 = AXIS2_PLACEMENT_3D ( 'NONE', #2729, #6435, #544 ) ;
#281 = ORIENTED_EDGE ( 'NONE', *, *, #3976, .T. ) ;
#282 = VERTEX_POINT ( 'NONE', #5249 ) ;
#283 = DIRECTION ( 'NONE',  ( 1.000000000000000000, 0.000000000000000000, 0.000000000000000000 ) ) ;
#284 = CYLINDRICAL_SURFACE ( 'NONE', #6122, 3.175000000000000711 ) ;
#285 = VERTEX_POINT ( 'NONE', #5141 ) ;
#286 = CYLINDRICAL_SURFACE ( 'NONE', #1144, 3.175000000000000711 ) ;
#287 = DIRECTION ( 'NONE',  ( 1.000000000000000000, 0.000000000000000000, 0.000000000000000000 ) ) ;
#288 = DIRECTION ( 'NONE',  ( -1.000000000000000000, -0.000000000000000000, 0.000000000000000000 ) ) ;
#289 = VECTOR ( 'NONE', #3948, 1000.000000000000227 ) ;
#290 = ORIENTED_EDGE ( 'NONE', *, *, #2928, .F. ) ;
#291 = EDGE_LOOP ( 'NONE', ( #6229, #6320 ) ) ;
#292 = CARTESIAN_POINT ( 'NONE',  ( 24.18900000000000716, -3.175000000000000711, -18.64999999999999503 ) ) ;
#293 = CARTESIAN_POINT ( 'NONE',  ( -0.3999999999999993006, -3.174999999999998934, 6.139000000000000234 ) ) ;
#294 = EDGE_CURVE ( 'NONE', #5378, #1267, #4656, .T. ) ;
#295 = CARTESIAN_POINT ( 'NONE',  ( 24.54501255233153145, -2.197165962000668049, -5.950000000000003730 ) ) ;
#296 = VECTOR ( 'NONE', #4471, 1000.000000000000000 ) ;
#297 = B_SPLINE_CURVE_WITH_KNOTS ( 'NONE', 3,
 ( #1783, #770, #2925, #6660 ),
 .UNSPECIFIED., .F., .F.,
 ( 4, 4 ),
 ( 0.007647354141962976401, 0.007869202712918559744 ),
 .UNSPECIFIED. ) ;
#298 = EDGE_CURVE ( 'NONE', #6735, #3837, #1959, .T. ) ;
#299 = ADVANCED_FACE ( 'NONE', ( #6236 ), #6851, .F. ) ;
#300 = CARTESIAN_POINT ( 'NONE',  ( 13.42063157758646774, 1.972483239316684234, 5.138999999999997570 ) ) ;
#301 = PLANE ( 'NONE',  #4961 ) ;
#302 = DIRECTION ( 'NONE',  ( -0.3090169943749442316, 0.000000000000000000, -0.9510565162951545304 ) ) ;
#303 = ORIENTED_EDGE ( 'NONE', *, *, #3156, .F. ) ;
#304 = EDGE_CURVE ( 'NONE', #345, #5557, #3052, .T. ) ;
#305 = CYLINDRICAL_SURFACE ( 'NONE', #1640, 2.100000000000000977 ) ;
#306 = ORIENTED_EDGE ( 'NONE', *, *, #3312, .T. ) ;
#307 = ORIENTED_EDGE ( 'NONE', *, *, #5220, .T. ) ;
#308 = CARTESIAN_POINT ( 'NONE',  ( 19.05000000000000426, 0.000000000000000000, -22.22499999999999787 ) ) ;
#309 = ORIENTED_EDGE ( 'NONE', *, *, #3340, .F. ) ;
#310 = EDGE_CURVE ( 'NONE', #652, #6153, #1468, .T. ) ;
#311 = B_SPLINE_CURVE_WITH_KNOTS ( 'NONE', 3,
 ( #460, #3176, #5306, #2891 ),
 .UNSPECIFIED., .F., .F.,
 ( 4, 4 ),
 ( 0.003655977453372196481, 0.003758849537120531516 ),
 .UNSPECIFIED. ) ;
#312 = CARTESIAN_POINT ( 'NONE',  ( 13.42063157758646774, -1.972483239316684234, -30.53899999999999793 ) ) ;
#313 = CARTESIAN_POINT ( 'NONE',  ( 21.18895999750522563, -2.100009524403047223, -18.92665507966319538 ) ) ;
#314 = EDGE_LOOP ( 'NONE', ( #2347, #4700, #1471, #4591 ) ) ;
#315 = VERTEX_POINT ( 'NONE', #941 ) ;
#316 = EDGE_CURVE ( 'NONE', #5115, #6735, #1486, .T. ) ;
#317 = ORIENTED_EDGE ( 'NONE', *, *, #4098, .T. ) ;
#318 = ORIENTED_EDGE ( 'NONE', *, *, #1038, .F. ) ;
#319 = CARTESIAN_POINT ( 'NONE',  ( 13.09999999999999964, -2.061552812808830293, 5.439000000000000945 ) ) ;
#320 = DIRECTION ( 'NONE',  ( 1.000000000000000000, 0.000000000000000000, 0.000000000000000000 ) ) ;
#321 = VERTEX_POINT ( 'NONE', #4272 ) ;
#322 = FACE_OUTER_BOUND ( 'NONE', #2007, .T. ) ;
#323 = CARTESIAN_POINT ( 'NONE',  ( 19.05000000000000071, 0.000000000000000000, -9.525000000000002132 ) ) ;
#324 = FACE_OUTER_BOUND ( 'NONE', #1609, .T. ) ;
#325 = ORIENTED_EDGE ( 'NONE', *, *, #5610, .T. ) ;
#326 = ORIENTED_EDGE ( 'NONE', *, *, #3923, .F. ) ;
#327 = DIRECTION ( 'NONE',  ( 0.9961946980917461003, 0.000000000000000000, 0.08715574274765176821 ) ) ;
#328 = CARTESIAN_POINT ( 'NONE',  ( 12.30000000000000071, -2.232710535457612888, -31.02076274578120874 ) ) ;
#329 = PLANE ( 'NONE',  #2983 ) ;
#330 = EDGE_CURVE ( 'NONE', #2658, #6146, #5568, .T. ) ;
#331 = CARTESIAN_POINT ( 'NONE',  ( 25.18900000000000361, 0.000000000000000000, -18.64999999999999503 ) ) ;
#332 = CARTESIAN_POINT ( 'NONE',  ( 12.69999999999999929, 0.000000000000000000, -30.78899999999999793 ) ) ;
#333 = FACE_OUTER_BOUND ( 'NONE', #4960, .T. ) ;
#334 = ORIENTED_EDGE ( 'NONE', *, *, #6314, .T. ) ;
#335 = VECTOR ( 'NONE', #3139, 1000.000000000000000 ) ;
#336 = CARTESIAN_POINT ( 'NONE',  ( 21.64542212862617632, 2.040073290564206943, -19.54809734904586804 ) ) ;
#337 = EDGE_CURVE ( 'NONE', #3110, #4952, #5873, .T. ) ;
#338 = EDGE_CURVE ( 'NONE', #155, #2837, #4490, .T. ) ;
#339 = CIRCLE ( 'NONE', #2831, 2.100000000000000977 ) ;
#340 = VERTEX_POINT ( 'NONE', #3723 ) ;
#341 = CARTESIAN_POINT ( 'NONE',  ( 13.18717986391388131, 2.042738866564660416, -27.87063470255288777 ) ) ;
#342 = EDGE_LOOP ( 'NONE', ( #6838, #211, #643, #1368 ) ) ;
#343 = B_SPLINE_CURVE_WITH_KNOTS ( 'NONE', 3,
 ( #3921, #2839, #2344, #2874 ),
 .UNSPECIFIED., .F., .F.,
 ( 4, 4 ),
 ( 0.003655977453372194746, 0.003758849537120530215 ),
 .UNSPECIFIED. ) ;
#344 = CARTESIAN_POINT ( 'NONE',  ( 0.4980973490458738828, 2.040073290564207831, -27.99542212862616353 ) ) ;
#345 = VERTEX_POINT ( 'NONE', #2243 ) ;
#346 = ADVANCED_FACE ( 'NONE', ( #5460 ), #5323, .T. ) ;
#347 = MANIFOLD_SOLID_BREP ( '228-2500-1253', #2664 ) ;
#348 = VECTOR ( 'NONE', #6220, 1000.000000000000000 ) ;
#349 = EDGE_CURVE ( 'NONE', #543, #4952, #3759, .T. ) ;
#350 = EDGE_LOOP ( 'NONE', ( #5840, #385, #5724, #105 ) ) ;
#351 = ORIENTED_EDGE ( 'NONE', *, *, #3335, .T. ) ;
#352 = CARTESIAN_POINT ( 'NONE',  ( 12.69999999999999929, 0.000000000000000000, 5.523072258617638397 ) ) ;
#353 = CARTESIAN_POINT ( 'NONE',  ( 0.000000000000000000, 0.000000000000000000, 5.523072258617638397 ) ) ;
#354 = ORIENTED_EDGE ( 'NONE', *, *, #3325, .F. ) ;
#355 = AXIS2_PLACEMENT_3D ( 'NONE', #2692, #996, #3179 ) ;
#356 = CARTESIAN_POINT ( 'NONE',  ( -5.200000000000001066, -0.1999999999999996503, -11.15441558772842967 ) ) ;
#357 = DIRECTION ( 'NONE',  ( -1.000000000000000000, 0.000000000000000000, 0.000000000000000000 ) ) ;
#358 = CARTESIAN_POINT ( 'NONE',  ( 13.09999999999999964, 2.182283254615324797, -31.17352969257199646 ) ) ;
#359 = EDGE_CURVE ( 'NONE', #5651, #3853, #4882, .T. ) ;
#360 = TOROIDAL_SURFACE ( 'NONE', #245, 1.554966049364602254, 0.7500000000000000000 ) ;
#361 = VERTEX_POINT ( 'NONE', #5853 ) ;
#362 = EDGE_LOOP ( 'NONE', ( #2799, #4904, #3317 ) ) ;
#363 = AXIS2_PLACEMENT_3D ( 'NONE', #4772, #4735, #5255 ) ;
#364 = DIRECTION ( 'NONE',  ( 0.000000000000000000, 0.000000000000000000, -1.000000000000000000 ) ) ;
#365 = CARTESIAN_POINT ( 'NONE',  ( 0.000000000000000000, -2.174999999999999822, -9.524999999999998579 ) ) ;
#366 = CARTESIAN_POINT ( 'NONE',  ( 0.000000000000000000, -6.200000000000001066, -16.94999999999999574 ) ) ;
#367 = B_SPLINE_CURVE_WITH_KNOTS ( 'NONE', 3,
 ( #5061, #3428, #6117, #1282 ),
 .UNSPECIFIED., .F., .F.,
 ( 4, 4 ),
 ( 0.007647354141962971197, 0.007869202712918552806 ),
 .UNSPECIFIED. ) ;
#368 = DIRECTION ( 'NONE',  ( -1.000000000000000000, 0.000000000000000000, 0.000000000000000000 ) ) ;
#369 = EDGE_CURVE ( 'NONE', #285, #543, #1650, .T. ) ;
#370 = DIRECTION ( 'NONE',  ( 0.000000000000000000, 0.000000000000000000, 1.000000000000000000 ) ) ;
#371 = CARTESIAN_POINT ( 'NONE',  ( 12.69999999999999929, -0.8890000000000000124, -19.04999999999999716 ) ) ;
#372 = CARTESIAN_POINT ( 'NONE',  ( 24.48899999999999366, 2.061552812808830737, -5.950000000000003730 ) ) ;
#373 = DIRECTION ( 'NONE',  ( 1.000000000000000000, 0.000000000000000000, 0.000000000000000000 ) ) ;
#374 = ORIENTED_EDGE ( 'NONE', *, *, #228, .T. ) ;
#375 = CARTESIAN_POINT ( 'NONE',  ( 0.4980973490458738828, -2.040073290564206054, -27.99542212862616353 ) ) ;
#376 = VECTOR ( 'NONE', #5483, 1000.000000000000000 ) ;
#377 = DIRECTION ( 'NONE',  ( 0.000000000000000000, 0.000000000000000000, -1.000000000000000000 ) ) ;
#378 = CARTESIAN_POINT ( 'NONE',  ( 0.000000000000000000, -3.174999999999998934, 2.638999999999998014 ) ) ;
#379 = VECTOR ( 'NONE', #2999, 1000.000000000000000 ) ;
#380 = ORIENTED_EDGE ( 'NONE', *, *, #2850, .T. ) ;
#381 = CARTESIAN_POINT ( 'NONE',  ( -2.100000000000000089, 0.000000000000000000, -30.83899999999999153 ) ) ;
#382 = VERTEX_POINT ( 'NONE', #4307 ) ;
#383 = CARTESIAN_POINT ( 'NONE',  ( 12.30000000000000071, -2.232710535457612888, 5.620762745781209269 ) ) ;
#384 = CARTESIAN_POINT ( 'NONE',  ( 21.52063639349769275, -2.042738830444500220, -18.56281998814761636 ) ) ;
#385 = ORIENTED_EDGE ( 'NONE', *, *, #5798, .T. ) ;
#386 = AXIS2_PLACEMENT_3D ( 'NONE', #3024, #799, #5710 ) ;
#387 = EDGE_LOOP ( 'NONE', ( #6623, #3459 ) ) ;
#388 = EDGE_LOOP ( 'NONE', ( #4600, #6593, #1811, #6589 ) ) ;
#389 = ADVANCED_FACE ( 'NONE', ( #5888, #6446, #3797 ), #6893, .F. ) ;
#390 = ORIENTED_EDGE ( 'NONE', *, *, #6576, .F. ) ;
#391 = EDGE_CURVE ( 'NONE', #706, #4438, #662, .T. ) ;
#392 = TOROIDAL_SURFACE ( 'NONE', #3884, 1.554966049364602254, 0.7500000000000000000 ) ;
#393 = CARTESIAN_POINT ( 'NONE',  ( 6.499999999999999112, 6.349999999999999645, -25.39999999999999858 ) ) ;
#394 = DIRECTION ( 'NONE',  ( 1.000000000000000000, 0.000000000000000000, -0.000000000000000000 ) ) ;
#395 = ORIENTED_EDGE ( 'NONE', *, *, #6158, .T. ) ;
#396 = DIRECTION ( 'NONE',  ( -0.000000000000000000, 1.000000000000000000, -0.000000000000000000 ) ) ;
#397 = CARTESIAN_POINT ( 'NONE',  ( 25.18900000000000361, 0.000000000000000000, -19.44999999999999574 ) ) ;
#398 = CARTESIAN_POINT ( 'NONE',  ( 12.69999999999999929, 0.000000000000000000, -30.92307225861763698 ) ) ;
#399 = AXIS2_PLACEMENT_3D ( 'NONE', #6737, #1356, #2019 ) ;
#400 = VECTOR ( 'NONE', #3049, 1000.000000000000000 ) ;
#401 = VERTEX_POINT ( 'NONE', #2112 ) ;
#402 = AXIS2_PLACEMENT_3D ( 'NONE', #1921, #4057, #6193 ) ;
#403 = ORIENTED_EDGE ( 'NONE', *, *, #184, .T. ) ;
#404 = DIRECTION ( 'NONE',  ( 0.000000000000000000, 0.000000000000000000, -1.000000000000000000 ) ) ;
#405 = CARTESIAN_POINT ( 'NONE',  ( 21.64542212862616566, -3.174999999999999822, -6.848097349045873194 ) ) ;
#406 = DIRECTION ( 'NONE',  ( -0.000000000000000000, 1.000000000000000000, -0.000000000000000000 ) ) ;
#407 = VECTOR ( 'NONE', #2355, 1000.000000000000000 ) ;
#408 = CARTESIAN_POINT ( 'NONE',  ( 24.82357945836739077, -2.182266827280790356, -5.950000000000001954 ) ) ;
#409 = CARTESIAN_POINT ( 'NONE',  ( 6.350000000000000533, -2.174999999999999822, -15.87500000000000000 ) ) ;
#410 = CARTESIAN_POINT ( 'NONE',  ( 24.67076274578121442, 2.232710535457612888, -18.64999999999999503 ) ) ;
#411 = CARTESIAN_POINT ( 'NONE',  ( 9.871665018948352355, 6.200000000000000178, -25.39999999999999858 ) ) ;
#412 = LINE ( 'NONE', #2564, #4990 ) ;
#413 = ORIENTED_EDGE ( 'NONE', *, *, #5990, .T. ) ;
#414 = CIRCLE ( 'NONE', #4339, 1.554966049364602254 ) ;
#415 = CARTESIAN_POINT ( 'NONE',  ( -0.4000000000000000777, -2.083236664664702253, -31.30559739064391067 ) ) ;
#416 = LINE ( 'NONE', #2566, #5961 ) ;
#417 = DIRECTION ( 'NONE',  ( 0.000000000000000000, 0.000000000000000000, 1.000000000000000000 ) ) ;
#418 = LINE ( 'NONE', #1477, #5836 ) ;
#419 = ORIENTED_EDGE ( 'NONE', *, *, #3421, .T. ) ;
#420 = CARTESIAN_POINT ( 'NONE',  ( 12.30000000000000071, -2.061552812808830737, 5.139000000000000234 ) ) ;
#421 = ORIENTED_EDGE ( 'NONE', *, *, #5122, .F. ) ;
#422 = ORIENTED_EDGE ( 'NONE', *, *, #4734, .F. ) ;
#423 = ORIENTED_EDGE ( 'NONE', *, *, #6526, .F. ) ;
#424 = ADVANCED_FACE ( 'NONE', ( #1683 ), #3191, .F. ) ;
#425 = ORIENTED_EDGE ( 'NONE', *, *, #4098, .F. ) ;
#426 = DIRECTION ( 'NONE',  ( 0.000000000000000000, 0.000000000000000000, 1.000000000000000000 ) ) ;
#427 = FACE_OUTER_BOUND ( 'NONE', #1676, .T. ) ;
#428 = CYLINDRICAL_SURFACE ( 'NONE', #6089, 2.100000000000000089 ) ;
#429 = LINE ( 'NONE', #1533, #5212 ) ;
#430 = EDGE_CURVE ( 'NONE', #1904, #1239, #6480, .T. ) ;
#431 = EDGE_CURVE ( 'NONE', #2617, #6330, #2675, .T. ) ;
#432 = ORIENTED_EDGE ( 'NONE', *, *, #5456, .F. ) ;
#433 = ORIENTED_EDGE ( 'NONE', *, *, #5280, .F. ) ;
#434 = EDGE_CURVE ( 'NONE', #6528, #3486, #1953, .T. ) ;
#435 = DIRECTION ( 'NONE',  ( -1.000000000000000000, 0.000000000000000000, 0.000000000000000000 ) ) ;
#436 = CARTESIAN_POINT ( 'NONE',  ( 2.100000000000000089, 0.000000000000000000, -30.83899999999999153 ) ) ;
#437 = FACE_OUTER_BOUND ( 'NONE', #2775, .T. ) ;
#438 = FACE_OUTER_BOUND ( 'NONE', #4167, .T. ) ;
#439 = DIRECTION ( 'NONE',  ( -1.000000000000000000, 0.000000000000000000, 0.000000000000000000 ) ) ;
#440 = ORIENTED_EDGE ( 'NONE', *, *, #4838, .F. ) ;
#441 = EDGE_CURVE ( 'NONE', #6462, #5115, #508, .T. ) ;
#442 = DIRECTION ( 'NONE',  ( 0.000000000000000000, 0.000000000000000000, 1.000000000000000000 ) ) ;
#443 = DIRECTION ( 'NONE',  ( 1.000000000000000000, 0.000000000000000000, -1.084202172485504434E-16 ) ) ;
#444 = DIRECTION ( 'NONE',  ( 1.000000000000000000, 0.000000000000000000, 8.260587980841934638E-15 ) ) ;
#445 = ORIENTED_EDGE ( 'NONE', *, *, #6287, .F. ) ;
#446 = LINE ( 'NONE', #3652, #2763 ) ;
#447 = CARTESIAN_POINT ( 'NONE',  ( 24.57307225861764266, -2.264950330581225746, -19.44999999999999574 ) ) ;
#448 = DIRECTION ( 'NONE',  ( 0.000000000000000000, 0.000000000000000000, 1.000000000000000000 ) ) ;
#449 = DIRECTION ( 'NONE',  ( 0.000000000000000000, 0.000000000000000000, -1.000000000000000000 ) ) ;
#450 = EDGE_CURVE ( 'NONE', #282, #3853, #880, .T. ) ;
#451 = AXIS2_PLACEMENT_3D ( 'NONE', #987, #4246, #5228 ) ;
#452 = ORIENTED_EDGE ( 'NONE', *, *, #2348, .T. ) ;
#453 = CARTESIAN_POINT ( 'NONE',  ( 13.12861193465578857, 2.057850353472996385, -27.75360533646652073 ) ) ;
#454 = ORIENTED_EDGE ( 'NONE', *, *, #610, .F. ) ;
#455 = AXIS2_PLACEMENT_3D ( 'NONE', #2158, #6426, #1639 ) ;
#456 = CARTESIAN_POINT ( 'NONE',  ( 24.57307225861764266, -2.264950330581225746, -19.44999999999999574 ) ) ;
#457 = TOROIDAL_SURFACE ( 'NONE', #2037, 1.554966049364602254, 0.7500000000000000000 ) ;
#458 = ORIENTED_EDGE ( 'NONE', *, *, #4597, .F. ) ;
#459 = EDGE_LOOP ( 'NONE', ( #374, #1759, #5723, #318 ) ) ;
#460 = CARTESIAN_POINT ( 'NONE',  ( 13.09999999999999964, -2.232710535457612888, -31.02076274578120874 ) ) ;
#461 = CARTESIAN_POINT ( 'NONE',  ( 0.000000000000000000, 0.000000000000000000, -30.92307225861762987 ) ) ;
#462 = AXIS2_PLACEMENT_3D ( 'NONE', #6151, #755, #1352 ) ;
#463 = CARTESIAN_POINT ( 'NONE',  ( 0.000000000000000000, 0.000000000000000000, -30.83899999999999153 ) ) ;
#464 = CARTESIAN_POINT ( 'NONE',  ( 13.09999999999999964, 2.081805041010027502, 5.906940355987361002 ) ) ;
#465 = CARTESIAN_POINT ( 'NONE',  ( 0.000000000000000000, -4.174999999999999822, -19.04999999999999716 ) ) ;
#466 = ORIENTED_EDGE ( 'NONE', *, *, #6262, .F. ) ;
#467 = ORIENTED_EDGE ( 'NONE', *, *, #6053, .F. ) ;
#468 = DIRECTION ( 'NONE',  ( 0.000000000000000000, 0.000000000000000000, -1.000000000000000000 ) ) ;
#469 = CYLINDRICAL_SURFACE ( 'NONE', #968, 3.175000000000000711 ) ;
#470 = CARTESIAN_POINT ( 'NONE',  ( 0.000000000000000000, 0.000000000000000000, 0.8890000000000000124 ) ) ;
#471 = CIRCLE ( 'NONE', #3171, 2.100000000000000089 ) ;
#472 = CARTESIAN_POINT ( 'NONE',  ( 12.69999999999999929, 0.000000000000000000, 5.523072258617638397 ) ) ;
#473 = DIRECTION ( 'NONE',  ( -8.260587980841934638E-15, 0.000000000000000000, -1.000000000000000000 ) ) ;
#474 = CC_DESIGN_APPROVAL ( #4760, ( #2503 ) ) ;
#475 = EDGE_LOOP ( 'NONE', ( #4150, #3235 ) ) ;
#476 = DIRECTION ( 'NONE',  ( 0.7071067811865473507, -0.000000000000000000, 0.7071067811865477948 ) ) ;
#477 = CARTESIAN_POINT ( 'NONE',  ( 12.30000000000000071, -2.232710535457612888, 5.620762745781209269 ) ) ;
#478 = ADVANCED_FACE ( 'NONE', ( #895 ), #4324, .T. ) ;
#479 = EDGE_CURVE ( 'NONE', #1837, #2391, #5214, .T. ) ;
#480 = FACE_OUTER_BOUND ( 'NONE', #4755, .T. ) ;
#481 = CARTESIAN_POINT ( 'NONE',  ( 17.05000000000000426, 6.200000000000000178, -2.000000000000003109 ) ) ;
#482 = CARTESIAN_POINT ( 'NONE',  ( 12.30000000000000071, -2.129368205736810182, -30.86698505546813465 ) ) ;
#483 = VERTEX_POINT ( 'NONE', #4613 ) ;
#484 = LINE ( 'NONE', #914, #4151 ) ;
#485 = ORIENTED_EDGE ( 'NONE', *, *, #2325, .F. ) ;
#486 = CIRCLE ( 'NONE', #5760, 3.174999999999999822 ) ;
#487 = VECTOR ( 'NONE', #758, 1000.000000000000000 ) ;
#488 = DIRECTION ( 'NONE',  ( 0.000000000000000000, 0.000000000000000000, 1.000000000000000000 ) ) ;
#489 = CARTESIAN_POINT ( 'NONE',  ( 12.30000000000000071, -2.264950330581225746, -30.92307225861763698 ) ) ;
#490 = VECTOR ( 'NONE', #5534, 1000.000000000000000 ) ;
#491 = ORIENTED_EDGE ( 'NONE', *, *, #2258, .T. ) ;
#492 = ORIENTED_EDGE ( 'NONE', *, *, #734, .T. ) ;
#493 = ORIENTED_EDGE ( 'NONE', *, *, #820, .F. ) ;
#494 = EDGE_CURVE ( 'NONE', #5134, #6344, #1131, .T. ) ;
#495 = DIRECTION ( 'NONE',  ( 1.000000000000000000, 0.000000000000000000, 0.000000000000000000 ) ) ;
#496 = CARTESIAN_POINT ( 'NONE',  ( 9.871665018948352355, 6.200000000000000178, -2.000000000000001776 ) ) ;
#497 = ORIENTED_EDGE ( 'NONE', *, *, #4169, .T. ) ;
#498 = CIRCLE ( 'NONE', #5205, 3.174999999999999822 ) ;
#499 = CARTESIAN_POINT ( 'NONE',  ( 19.05000000000000071, 6.200000000000000178, -25.39999999999999858 ) ) ;
#500 = CARTESIAN_POINT ( 'NONE',  ( 13.10000000000000142, 1.502637486114518195, 6.139000000000000234 ) ) ;
#501 = CARTESIAN_POINT ( 'NONE',  ( 21.23728260441153992, 2.087434397081524118, -6.597072378333073139 ) ) ;
#502 = ORIENTED_EDGE ( 'NONE', *, *, #2077, .F. ) ;
#503 = AXIS2_PLACEMENT_3D ( 'NONE', #2817, #1928, #1961 ) ;
#504 = AXIS2_PLACEMENT_3D ( 'NONE', #827, #1887, #3997 ) ;
#505 = VERTEX_POINT ( 'NONE', #4685 ) ;
#506 = DIRECTION ( 'NONE',  ( -1.000000000000000000, 0.000000000000000000, 0.000000000000000000 ) ) ;
#507 = CARTESIAN_POINT ( 'NONE',  ( 24.18899999999999650, -3.174999999999999822, -5.950000000000003730 ) ) ;
#508 = CIRCLE ( 'NONE', #844, 2.268258436585967264 ) ;
#509 = DIRECTION ( 'NONE',  ( 1.000000000000000000, 0.000000000000000000, 0.000000000000000000 ) ) ;
#510 = FACE_OUTER_BOUND ( 'NONE', #3307, .T. ) ;
#511 = CIRCLE ( 'NONE', #6664, 2.268258436585967264 ) ;
#512 = CARTESIAN_POINT ( 'NONE',  ( 0.4980973490458732167, -2.040073290564207831, 2.595422128626172054 ) ) ;
#513 = CONICAL_SURFACE ( 'NONE', #738, 2.299999999999999822, 0.3141592653589760364 ) ;
#514 = ORIENTED_EDGE ( 'NONE', *, *, #3079, .T. ) ;
#515 = AXIS2_PLACEMENT_3D ( 'NONE', #6627, #5024, #189 ) ;
#516 = CARTESIAN_POINT ( 'NONE',  ( 24.67076274578121442, 2.232710535457612888, -19.44999999999999574 ) ) ;
#517 = CARTESIAN_POINT ( 'NONE',  ( -0.3999999999999993006, -2.129368206736822700, 5.466985055880805078 ) ) ;
#518 = PLANE ( 'NONE',  #3098 ) ;
#519 = CARTESIAN_POINT ( 'NONE',  ( 24.67076274578120376, 2.232710535457612888, -6.749999999999999112 ) ) ;
#520 = DIRECTION ( 'NONE',  ( 0.000000000000000000, -1.000000000000000000, 0.000000000000000000 ) ) ;
#521 = PLANE ( 'NONE',  #683 ) ;
#522 = AXIS2_PLACEMENT_3D ( 'NONE', #833, #6780, #373 ) ;
#523 = EDGE_CURVE ( 'NONE', #5581, #4177, #5167, .T. ) ;
#524 = ADVANCED_FACE ( 'NONE', ( #2480 ), #935, .T. ) ;
#525 = AXIS2_PLACEMENT_3D ( 'NONE', #5130, #5765, #6726 ) ;
#526 = ORIENTED_EDGE ( 'NONE', *, *, #1084, .T. ) ;
#527 = DIRECTION ( 'NONE',  ( 1.000000000000000000, 0.000000000000000000, 8.115498896123167176E-15 ) ) ;
#528 = EDGE_CURVE ( 'NONE', #2818, #3911, #2099, .T. ) ;
#529 = ORIENTED_EDGE ( 'NONE', *, *, #391, .T. ) ;
#530 = DIRECTION ( 'NONE',  ( 0.000000000000000000, 0.000000000000000000, -1.000000000000000000 ) ) ;
#531 = CARTESIAN_POINT ( 'NONE',  ( -5.200000000000001066, -6.200000000000001066, -11.15441558772842967 ) ) ;
#532 = ORIENTED_EDGE ( 'NONE', *, *, #2982, .T. ) ;
#533 = ORIENTED_EDGE ( 'NONE', *, *, #3440, .T. ) ;
#534 = ORIENTED_EDGE ( 'NONE', *, *, #713, .T. ) ;
#535 = EDGE_CURVE ( 'NONE', #3155, #1448, #3641, .T. ) ;
#536 = ORIENTED_EDGE ( 'NONE', *, *, #672, .T. ) ;
#537 = FACE_OUTER_BOUND ( 'NONE', #1526, .T. ) ;
#538 = CARTESIAN_POINT ( 'NONE',  ( 25.13997030331113791, 1.821676962433381952, -5.950000000000003730 ) ) ;
#539 = CARTESIAN_POINT ( 'NONE',  ( 24.63819995583811462, -2.243459280444428661, -5.950000000000003730 ) ) ;
#540 = CARTESIAN_POINT ( 'NONE',  ( 0.000000000000000000, -5.460999999999999410, -4.249999999999999112 ) ) ;
#541 = EDGE_CURVE ( 'NONE', #2133, #3456, #790, .T. ) ;
#542 = ORIENTED_EDGE ( 'NONE', *, *, #6139, .T. ) ;
#543 = VERTEX_POINT ( 'NONE', #4579 ) ;
#544 = DIRECTION ( 'NONE',  ( -3.110379853311669038E-16, 0.000000000000000000, -1.000000000000000000 ) ) ;
#545 = DIRECTION ( 'NONE',  ( -0.000000000000000000, -0.000000000000000000, -1.000000000000000000 ) ) ;
#546 = CARTESIAN_POINT ( 'NONE',  ( 0.000000000000000000, -0.8890000000000000124, -6.349999999999999645 ) ) ;
#547 = CARTESIAN_POINT ( 'NONE',  ( 14.80000000000000071, -2.571758278209441957E-16, -30.83899999999999864 ) ) ;
#548 = CARTESIAN_POINT ( 'NONE',  ( 0.4000000000000000777, -2.232710535457612888, -31.02076274578120163 ) ) ;
#549 = EDGE_LOOP ( 'NONE', ( #4220, #207, #514, #1875, #2791, #4325, #1380, #6119, #756, #5676, #5808, #3237 ) ) ;
#550 = CARTESIAN_POINT ( 'NONE',  ( 24.95559739064391636, 2.083236664664703586, -18.64999999999999858 ) ) ;
#551 = CARTESIAN_POINT ( 'NONE',  ( -6.200000000000001954, -6.200000000000000178, -25.39999999999999858 ) ) ;
#552 = LINE ( 'NONE', #5326, #4201 ) ;
#553 = CYLINDRICAL_SURFACE ( 'NONE', #5948, 3.175000000000000711 ) ;
#554 = DIRECTION ( 'NONE',  ( 0.000000000000000000, 0.000000000000000000, 1.000000000000000000 ) ) ;
#555 = DIRECTION ( 'NONE',  ( -0.000000000000000000, 1.000000000000000000, -0.000000000000000000 ) ) ;
#556 = ORIENTED_EDGE ( 'NONE', *, *, #3819, .F. ) ;
#557 = CARTESIAN_POINT ( 'NONE',  ( 21.64542212862617632, 2.040073290564207831, -18.55190265095412627 ) ) ;
#558 = B_SPLINE_CURVE_WITH_KNOTS ( 'NONE', 3,
 ( #2388, #5035, #3441, #5111 ),
 .UNSPECIFIED., .F., .F.,
 ( 4, 4 ),
 ( 0.003029541235337106318, 0.003249628748158706927 ),
 .UNSPECIFIED. ) ;
#559 = ORIENTED_EDGE ( 'NONE', *, *, #3362, .F. ) ;
#560 = PLANE ( 'NONE',  #5740 ) ;
#561 = EDGE_LOOP ( 'NONE', ( #6514, #2762, #2470, #821 ) ) ;
#562 = ADVANCED_FACE ( 'NONE', ( #4092 ), #2089, .T. ) ;
#563 = ORIENTED_EDGE ( 'NONE', *, *, #3487, .T. ) ;
#564 = ORIENTED_EDGE ( 'NONE', *, *, #2091, .F. ) ;
#565 = ORIENTED_EDGE ( 'NONE', *, *, #2928, .T. ) ;
#566 = FACE_OUTER_BOUND ( 'NONE', #2285, .T. ) ;
#567 = ADVANCED_FACE ( 'NONE', ( #6230 ), #6768, .F. ) ;
#568 = ADVANCED_FACE ( 'NONE', ( #3573 ), #3660, .T. ) ;
#569 = CARTESIAN_POINT ( 'NONE',  ( 13.09999999999999964, 2.232710535457612888, -31.02076274578120874 ) ) ;
#570 = CARTESIAN_POINT ( 'NONE',  ( 12.69999999999999929, -0.8890000000000000124, -6.350000000000000533 ) ) ;
#571 = CIRCLE ( 'NONE', #6499, 3.175000000000000711 ) ;
#572 = ADVANCED_FACE ( 'NONE', ( #4123 ), #6258, .F. ) ;
#573 = ORIENTED_EDGE ( 'NONE', *, *, #3340, .T. ) ;
#574 = VERTEX_POINT ( 'NONE', #5207 ) ;
#575 = AXIS2_PLACEMENT_3D ( 'NONE', #3339, #6479, #2319 ) ;
#576 = DIRECTION ( 'NONE',  ( 1.621236893436268647E-16, 0.000000000000000000, 1.000000000000000000 ) ) ;
#577 = LINE ( 'NONE', #5279, #5662 ) ;
#578 = ADVANCED_FACE ( 'NONE', ( #3604 ), #971, .F. ) ;
#579 = DIRECTION ( 'NONE',  ( -0.000000000000000000, 0.000000000000000000, 1.000000000000000000 ) ) ;
#580 = DIRECTION ( 'NONE',  ( -0.000000000000000000, -1.000000000000000000, 0.000000000000000000 ) ) ;
#581 = DIRECTION ( 'NONE',  ( 1.000000000000000000, 8.881784197001252323E-16, 0.000000000000000000 ) ) ;
#582 = AXIS2_PLACEMENT_3D ( 'NONE', #3294, #2741, #5364 ) ;
#583 = EDGE_LOOP ( 'NONE', ( #2505, #6388, #6078, #2040, #6914, #1519, #3972, #1060, #5908, #209 ) ) ;
#584 = CONICAL_SURFACE ( 'NONE', #4171, 2.299999999999999822, 0.3141592653589760364 ) ;
#585 = CARTESIAN_POINT ( 'NONE',  ( 24.82352969257201281, 2.182283254615325241, -18.64999999999999858 ) ) ;
#586 = DIRECTION ( 'NONE',  ( -0.000000000000000000, 1.000000000000000000, -0.000000000000000000 ) ) ;
#587 = DIRECTION ( 'NONE',  ( 1.000000000000000000, 0.000000000000000000, 0.000000000000000000 ) ) ;
#588 = ADVANCED_FACE ( 'NONE', ( #601 ), #5970, .T. ) ;
#589 = AXIS2_PLACEMENT_3D ( 'NONE', #1469, #4102, #5174 ) ;
#590 = CARTESIAN_POINT ( 'NONE',  ( -0.4000000000000000222, 3.174999999999998934, -30.53899999999999082 ) ) ;
#591 = APPROVAL_PERSON_ORGANIZATION ( #6159, #4760, #6057 ) ;
#592 = CARTESIAN_POINT ( 'NONE',  ( 25.18900000000000361, -1.502637486114517751, -19.44999999999999574 ) ) ;
#593 = CARTESIAN_POINT ( 'NONE',  ( 12.21282013608611372, -2.042738866564660416, -27.87063470255288777 ) ) ;
#594 = EDGE_LOOP ( 'NONE', ( #2449, #5541, #1488, #6253, #3971, #5078, #771 ) ) ;
#595 = DIRECTION ( 'NONE',  ( 0.000000000000000000, 1.000000000000000000, 0.000000000000000000 ) ) ;
#596 = ORIENTED_EDGE ( 'NONE', *, *, #6759, .T. ) ;
#597 = DIRECTION ( 'NONE',  ( 0.000000000000000000, 0.000000000000000000, 1.000000000000000000 ) ) ;
#598 = DIRECTION ( 'NONE',  ( 0.000000000000000000, 0.000000000000000000, -1.000000000000000000 ) ) ;
#599 = ORIENTED_EDGE ( 'NONE', *, *, #4532, .T. ) ;
#600 = ORIENTED_EDGE ( 'NONE', *, *, #338, .T. ) ;
#601 = FACE_OUTER_BOUND ( 'NONE', #5719, .T. ) ;
#602 = ORIENTED_EDGE ( 'NONE', *, *, #6869, .F. ) ;
#603 = CARTESIAN_POINT ( 'NONE',  ( -6.200000000000001066, 6.349999999999999645, -12.69999999999999751 ) ) ;
#604 = EDGE_CURVE ( 'NONE', #6268, #712, #2476, .T. ) ;
#605 = DIRECTION ( 'NONE',  ( -0.000000000000000000, -1.000000000000000000, -0.000000000000000000 ) ) ;
#606 = CARTESIAN_POINT ( 'NONE',  ( -0.7206315775864664541, -1.972483239316683346, -30.53899999999999082 ) ) ;
#607 = AXIS2_PLACEMENT_3D ( 'NONE', #4443, #160, #4404 ) ;
#608 = EDGE_LOOP ( 'NONE', ( #3132, #2895, #4648, #5191 ) ) ;
#609 = EDGE_CURVE ( 'NONE', #4181, #6109, #6333, .T. ) ;
#610 = EDGE_CURVE ( 'NONE', #1140, #4115, #2756, .T. ) ;
#611 = ORIENTED_EDGE ( 'NONE', *, *, #2867, .F. ) ;
#612 = VECTOR ( 'NONE', #276, 1000.000000000000000 ) ;
#613 = CARTESIAN_POINT ( 'NONE',  ( 12.69999999999999929, 0.000000000000000000, 0.000000000000000000 ) ) ;
#614 = CARTESIAN_POINT ( 'NONE',  ( 0.3999999999999993561, -2.254205848354697839, 5.555636450100673862 ) ) ;
#615 = ORIENTED_EDGE ( 'NONE', *, *, #6481, .F. ) ;
#616 = EDGE_CURVE ( 'NONE', #5403, #4920, #5711, .T. ) ;
#617 = PLANE ( 'NONE',  #837 ) ;
#618 = CARTESIAN_POINT ( 'NONE',  ( 0.000000000000000000, 0.000000000000000000, -30.53899999999999793 ) ) ;
#619 = CARTESIAN_POINT ( 'NONE',  ( -2.100000000000000089, 0.000000000000000000, 5.439000000000000057 ) ) ;
#620 = VECTOR ( 'NONE', #1715, 1000.000000000000000 ) ;
#621 = ORIENTED_EDGE ( 'NONE', *, *, #672, .F. ) ;
#622 = CARTESIAN_POINT ( 'NONE',  ( 0.7206315775864675643, 1.972483239316684234, 5.138999999999997570 ) ) ;
#623 = VECTOR ( 'NONE', #129, 1000.000000000000000 ) ;
#624 = DIRECTION ( 'NONE',  ( -1.000000000000000000, -0.000000000000000000, 0.000000000000000000 ) ) ;
#625 = DIRECTION ( 'NONE',  ( -0.000000000000000000, -0.000000000000000000, 1.000000000000000000 ) ) ;
#626 = FACE_OUTER_BOUND ( 'NONE', #5537, .T. ) ;
#627 = DIRECTION ( 'NONE',  ( -0.000000000000000000, -0.000000000000000000, 1.000000000000000000 ) ) ;
#628 = AXIS2_PLACEMENT_3D ( 'NONE', #3125, #6341, #442 ) ;
#629 = EDGE_CURVE ( 'NONE', #1638, #3705, #1206, .T. ) ;
#630 = AXIS2_PLACEMENT_3D ( 'NONE', #1539, #2061, #3680 ) ;
#631 = ORIENTED_EDGE ( 'NONE', *, *, #115, .T. ) ;
#632 = PLANE ( 'NONE',  #2276 ) ;
#633 = CARTESIAN_POINT ( 'NONE',  ( -3.654415587728429671, -2.174999999999999822, -12.69999999999999929 ) ) ;
#634 = ORIENTED_EDGE ( 'NONE', *, *, #3595, .F. ) ;
#635 = AXIS2_PLACEMENT_3D ( 'NONE', #1492, #4148, #3566 ) ;
#636 = CARTESIAN_POINT ( 'NONE',  ( -3.654415587728430559, -31.72724035221981964, -12.69999999999999929 ) ) ;
#637 = ORIENTED_EDGE ( 'NONE', *, *, #5617, .F. ) ;
#638 = VERTEX_POINT ( 'NONE', #707 ) ;
#639 = CARTESIAN_POINT ( 'NONE',  ( 12.69999999999999929, 0.000000000000000000, 5.139000000000003787 ) ) ;
#640 = EDGE_LOOP ( 'NONE', ( #56, #3117, #5125, #140, #4893, #1417 ) ) ;
#641 = DIRECTION ( 'NONE',  ( 0.000000000000000000, -1.000000000000000000, 0.000000000000000000 ) ) ;
#642 = CARTESIAN_POINT ( 'NONE',  ( 24.67076274578121442, 0.000000000000000000, -16.78174156341403034 ) ) ;
#643 = ORIENTED_EDGE ( 'NONE', *, *, #5113, .F. ) ;
#644 = VERTEX_POINT ( 'NONE', #1232 ) ;
#645 = EDGE_LOOP ( 'NONE', ( #2053, #6292 ) ) ;
#646 = DIRECTION ( 'NONE',  ( 1.000000000000000000, 0.000000000000000000, -8.260587980841937794E-15 ) ) ;
#647 = FACE_OUTER_BOUND ( 'NONE', #4400, .T. ) ;
#648 = EDGE_CURVE ( 'NONE', #2295, #2356, #5263, .T. ) ;
#649 = CARTESIAN_POINT ( 'NONE',  ( 24.67076274578121442, 2.232710535457612888, -19.44999999999999574 ) ) ;
#650 = DIRECTION ( 'NONE',  ( -0.000000000000000000, -0.000000000000000000, -1.000000000000000000 ) ) ;
#651 = EDGE_CURVE ( 'NONE', #88, #5477, #3039, .T. ) ;
#652 = VERTEX_POINT ( 'NONE', #6558 ) ;
#653 = DIRECTION ( 'NONE',  ( 1.000000000000000000, 0.000000000000000000, 0.000000000000000000 ) ) ;
#654 = EDGE_CURVE ( 'NONE', #644, #2391, #113, .T. ) ;
#655 = CARTESIAN_POINT ( 'NONE',  ( 24.48900000000000432, 0.000000000000000000, -19.04999999999999716 ) ) ;
#656 = PLANE ( 'NONE',  #2926 ) ;
#657 = CARTESIAN_POINT ( 'NONE',  ( 6.350000000000000533, -5.460999999999999410, -12.69999999999999929 ) ) ;
#658 = CARTESIAN_POINT ( 'NONE',  ( 25.18899999999999650, 1.502637486114518195, -6.749999999999999112 ) ) ;
#659 = EDGE_CURVE ( 'NONE', #5260, #4183, #3182, .T. ) ;
#660 = VERTEX_POINT ( 'NONE', #4392 ) ;
#661 = CARTESIAN_POINT ( 'NONE',  ( 0.000000000000000000, 0.000000000000000000, 5.439000000000000057 ) ) ;
#662 =( BOUNDED_CURVE ( )  B_SPLINE_CURVE ( 3, ( #1112, #4238, #3257, #622 ),
 .UNSPECIFIED., .F., .T. ) 
 B_SPLINE_CURVE_WITH_KNOTS ( ( 4, 4 ),
 ( 1.810267798689539687, 1.921073213463467599 ),
 .UNSPECIFIED. ) 
 CURVE ( )  GEOMETRIC_REPRESENTATION_ITEM ( )  RATIONAL_B_SPLINE_CURVE ( ( 1.000000000000000000, 0.9989771083553060649, 0.9989771083553060649, 1.000000000000000000 ) ) 
 REPRESENTATION_ITEM ( '' )  );
#663 = FACE_OUTER_BOUND ( 'NONE', #6482, .T. ) ;
#664 = ORIENTED_EDGE ( 'NONE', *, *, #4697, .T. ) ;
#665 = EDGE_CURVE ( 'NONE', #5576, #1696, #1738, .T. ) ;
#666 = CARTESIAN_POINT ( 'NONE',  ( 13.42063157758646774, -1.972483239316684234, 5.138999999999997570 ) ) ;
#667 = EDGE_LOOP ( 'NONE', ( #3941, #1675, #5616, #5807 ) ) ;
#668 = ORIENTED_EDGE ( 'NONE', *, *, #1564, .F. ) ;
#669 = CARTESIAN_POINT ( 'NONE',  ( 24.18900000000000716, 2.061552812808831181, -19.44999999999999574 ) ) ;
#670 = ORIENTED_EDGE ( 'NONE', *, *, #27, .T. ) ;
#671 = DIRECTION ( 'NONE',  ( 1.000000000000000000, 0.000000000000000000, -0.000000000000000000 ) ) ;
#672 = EDGE_CURVE ( 'NONE', #5678, #2757, #4935, .T. ) ;
#673 = CIRCLE ( 'NONE', #1463, 2.100000000000000977 ) ;
#674 = CARTESIAN_POINT ( 'NONE',  ( 0.000000000000000000, -2.174999999999999822, -22.22499999999999787 ) ) ;
#675 = CARTESIAN_POINT ( 'NONE',  ( 13.10000000000000142, -1.502637486114517973, 6.139000000000000234 ) ) ;
#676 = VERTEX_POINT ( 'NONE', #5473 ) ;
#677 = ORIENTED_EDGE ( 'NONE', *, *, #1300, .F. ) ;
#678 = ORIENTED_EDGE ( 'NONE', *, *, #2635, .T. ) ;
#679 = AXIS2_PLACEMENT_3D ( 'NONE', #4073, #5539, #740 ) ;
#680 = FACE_OUTER_BOUND ( 'NONE', #913, .T. ) ;
#681 = CYLINDRICAL_SURFACE ( 'NONE', #5860, 3.175000000000000711 ) ;
#682 = ORIENTED_EDGE ( 'NONE', *, *, #4435, .T. ) ;
#683 = AXIS2_PLACEMENT_3D ( 'NONE', #3096, #1629, #3164 ) ;
#684 = CC_DESIGN_PERSON_AND_ORGANIZATION_ASSIGNMENT ( #2457, #3929, ( #3826 ) ) ;
#685 = CARTESIAN_POINT ( 'NONE',  ( 12.69999999999999929, -6.200000000000001066, -19.04999999999999716 ) ) ;
#686 = DIRECTION ( 'NONE',  ( 0.000000000000000000, 1.000000000000000000, 0.000000000000000000 ) ) ;
#687 = DIRECTION ( 'NONE',  ( 0.000000000000000000, 0.000000000000000000, 1.000000000000000000 ) ) ;
#688 = CIRCLE ( 'NONE', #4276, 2.268258436585968152 ) ;
#689 = VERTEX_POINT ( 'NONE', #5506 ) ;
#690 = CARTESIAN_POINT ( 'NONE',  ( 12.69999999999999929, -0.8890000000000000124, -22.22499999999999787 ) ) ;
#691 = LINE ( 'NONE', #1324, #3543 ) ;
#692 = CIRCLE ( 'NONE', #221, 2.100000000000000977 ) ;
#693 = DIRECTION ( 'NONE',  ( 1.000000000000000000, 0.000000000000000000, 0.000000000000000000 ) ) ;
#694 = CARTESIAN_POINT ( 'NONE',  ( 12.30000000000000071, 1.502637486114517751, -31.53899999999999793 ) ) ;
#695 = EDGE_CURVE ( 'NONE', #3705, #2224, #6522, .T. ) ;
#696 = EDGE_CURVE ( 'NONE', #4610, #1982, #6492, .T. ) ;
#697 = FACE_OUTER_BOUND ( 'NONE', #6133, .T. ) ;
#698 = CARTESIAN_POINT ( 'NONE',  ( 12.30000000000000071, 2.061552812808830293, 5.439000000000000945 ) ) ;
#699 = VECTOR ( 'NONE', #1009, 1000.000000000000000 ) ;
#700 = CARTESIAN_POINT ( 'NONE',  ( 13.42063157758646774, -1.972483239316684234, 5.138999999999997570 ) ) ;
#701 = VERTEX_POINT ( 'NONE', #669 ) ;
#702 = CIRCLE ( 'NONE', #1487, 3.175000000000000711 ) ;
#703 = EDGE_CURVE ( 'NONE', #1939, #6398, #673, .T. ) ;
#704 = AXIS2_PLACEMENT_3D ( 'NONE', #902, #5250, #6265 ) ;
#705 = ORIENTED_EDGE ( 'NONE', *, *, #3575, .F. ) ;
#706 = VERTEX_POINT ( 'NONE', #2627 ) ;
#707 = CARTESIAN_POINT ( 'NONE',  ( 19.05000000000000071, 6.200000000000000178, -16.07166501894835164 ) ) ;
#708 = VERTEX_POINT ( 'NONE', #4756 ) ;
#709 = CARTESIAN_POINT ( 'NONE',  ( 24.48900000000000432, -2.061552812808830293, -18.64999999999999503 ) ) ;
#710 = DIRECTION ( 'NONE',  ( 1.000000000000000000, 0.000000000000000000, 0.000000000000000000 ) ) ;
#711 = ORIENTED_EDGE ( 'NONE', *, *, #1874, .T. ) ;
#712 = VERTEX_POINT ( 'NONE', #6881 ) ;
#713 = EDGE_CURVE ( 'NONE', #2570, #5016, #899, .T. ) ;
#714 = ORIENTED_EDGE ( 'NONE', *, *, #4093, .F. ) ;
#715 = CARTESIAN_POINT ( 'NONE',  ( 0.3999999999999993006, -2.061552812808830293, 5.439000000000000057 ) ) ;
#716 = DIRECTION ( 'NONE',  ( 0.000000000000000000, 1.000000000000000000, 0.000000000000000000 ) ) ;
#717 = CARTESIAN_POINT ( 'NONE',  ( 0.000000000000000000, 0.000000000000000000, 5.439000000000000057 ) ) ;
#718 = DIRECTION ( 'NONE',  ( -0.000000000000000000, -0.000000000000000000, -1.000000000000000000 ) ) ;
#719 = CARTESIAN_POINT ( 'NONE',  ( 24.57307225861764266, 0.000000000000000000, -19.04999999999999716 ) ) ;
#720 = AXIS2_PLACEMENT_3D ( 'NONE', #5544, #743, #2924 ) ;
#721 = CARTESIAN_POINT ( 'NONE',  ( 17.05000000000000426, -2.175000000000000711, -2.000000000000003109 ) ) ;
#722 = PLANE ( 'NONE',  #4327 ) ;
#723 = DATE_TIME_ROLE ( 'classification_date' ) ;
#724 = CARTESIAN_POINT ( 'NONE',  ( 12.30000000000000071, 2.232710535457612888, -31.02076274578120874 ) ) ;
#725 = CIRCLE ( 'NONE', #4449, 2.100000000000000089 ) ;
#726 = CIRCLE ( 'NONE', #6004, 2.299999999999999822 ) ;
#727 = LINE ( 'NONE', #5071, #1976 ) ;
#728 = DIRECTION ( 'NONE',  ( 0.000000000000000000, 0.000000000000000000, 1.000000000000000000 ) ) ;
#729 = CARTESIAN_POINT ( 'NONE',  ( 12.30000000000000071, -3.174999999999999822, 5.139000000000000234 ) ) ;
#730 = ORIENTED_EDGE ( 'NONE', *, *, #1923, .F. ) ;
#731 = AXIS2_PLACEMENT_3D ( 'NONE', #3647, #4690, #4131 ) ;
#732 = LINE ( 'NONE', #2357, #3088 ) ;
#733 = ADVANCED_FACE ( 'NONE', ( #1699, #6655 ), #6100, .F. ) ;
#734 = EDGE_CURVE ( 'NONE', #1285, #6637, #4825, .T. ) ;
#735 = CIRCLE ( 'NONE', #1535, 2.100000000000000089 ) ;
#736 = ADVANCED_FACE ( 'NONE', ( #6588 ), #842, .T. ) ;
#737 = ORIENTED_EDGE ( 'NONE', *, *, #5242, .T. ) ;
#738 = AXIS2_PLACEMENT_3D ( 'NONE', #3766, #2746, #5898 ) ;
#739 = ORIENTED_EDGE ( 'NONE', *, *, #3534, .T. ) ;
#740 = DIRECTION ( 'NONE',  ( 0.000000000000000000, 0.000000000000000000, 1.000000000000000000 ) ) ;
#741 = ORIENTED_EDGE ( 'NONE', *, *, #2591, .T. ) ;
#742 = AXIS2_PLACEMENT_3D ( 'NONE', #2094, #3112, #886 ) ;
#743 = DIRECTION ( 'NONE',  ( 0.000000000000000000, 0.000000000000000000, 1.000000000000000000 ) ) ;
#744 = DIRECTION ( 'NONE',  ( 1.305705842133080558E-16, -0.000000000000000000, 1.000000000000000000 ) ) ;
#745 = ADVANCED_FACE ( 'NONE', ( #4987 ), #5591, .T. ) ;
#746 = EDGE_CURVE ( 'NONE', #4920, #5403, #2359, .T. ) ;
#747 = ORIENTED_EDGE ( 'NONE', *, *, #651, .T. ) ;
#748 = ORIENTED_EDGE ( 'NONE', *, *, #703, .F. ) ;
#749 = CIRCLE ( 'NONE', #5233, 2.100000000000000977 ) ;
#750 = CARTESIAN_POINT ( 'NONE',  ( 21.23728260441153992, -2.087434397081524118, -6.102927621666930591 ) ) ;
#751 = CARTESIAN_POINT ( 'NONE',  ( 24.18899999999999295, -3.174999999999999822, -5.629368422413537409 ) ) ;
#752 = CARTESIAN_POINT ( 'NONE',  ( 14.96825843658596611, 0.000000000000000000, -31.02076274578120874 ) ) ;
#753 = CARTESIAN_POINT ( 'NONE',  ( 24.48899999999999366, 2.571758278209441957E-16, -8.450000000000002842 ) ) ;
#754 = ADVANCED_FACE ( 'NONE', ( #3414 ), #1836, .F. ) ;
#755 = DIRECTION ( 'NONE',  ( -8.115498896123205041E-15, 0.000000000000000000, 1.000000000000000000 ) ) ;
#756 = ORIENTED_EDGE ( 'NONE', *, *, #3489, .T. ) ;
#757 = ORIENTED_EDGE ( 'NONE', *, *, #149, .T. ) ;
#758 = DIRECTION ( 'NONE',  ( -0.7071067811865473507, 0.000000000000000000, -0.7071067811865477948 ) ) ;
#759 = CARTESIAN_POINT ( 'NONE',  ( 21.64542212862617632, -2.040073290564207831, -18.55190265095412627 ) ) ;
#760 = APPLICATION_PROTOCOL_DEFINITION ( 'international standard', 'config_control_design', 1994, #1774 ) ;
#761 = DIRECTION ( 'NONE',  ( -0.000000000000000000, -0.000000000000000000, -1.000000000000000000 ) ) ;
#762 = CARTESIAN_POINT ( 'NONE',  ( 10.59999999999999787, 0.000000000000000000, 5.439000000000000057 ) ) ;
#763 = DIRECTION ( 'NONE',  ( 8.260587980841934638E-15, 0.000000000000000000, -1.000000000000000000 ) ) ;
#764 = CARTESIAN_POINT ( 'NONE',  ( 12.30000000000000071, 2.061552812808830293, -30.83899999999999864 ) ) ;
#765 = DIRECTION ( 'NONE',  ( 0.000000000000000000, 0.000000000000000000, 1.000000000000000000 ) ) ;
#766 = VERTEX_POINT ( 'NONE', #3940 ) ;
#767 = VERTEX_POINT ( 'NONE', #1269 ) ;
#768 = CARTESIAN_POINT ( 'NONE',  ( -0.4000000000000000222, -2.197165961088448860, -30.89501255195390783 ) ) ;
#769 = ORIENTED_EDGE ( 'NONE', *, *, #2198, .F. ) ;
#770 = CARTESIAN_POINT ( 'NONE',  ( 24.51698505546813323, -2.129368205736809738, -6.749999999999999112 ) ) ;
#771 = ORIENTED_EDGE ( 'NONE', *, *, #5668, .F. ) ;
#772 = ORIENTED_EDGE ( 'NONE', *, *, #1095, .T. ) ;
#773 = EDGE_LOOP ( 'NONE', ( #5578, #3701 ) ) ;
#774 = EDGE_CURVE ( 'NONE', #2358, #4282, #1411, .T. ) ;
#775 = ORIENTED_EDGE ( 'NONE', *, *, #1958, .T. ) ;
#776 = EDGE_CURVE ( 'NONE', #278, #4146, #785, .T. ) ;
#777 = CYLINDRICAL_SURFACE ( 'NONE', #5003, 3.175000000000001599 ) ;
#778 = DIRECTION ( 'NONE',  ( 0.000000000000000000, 0.000000000000000000, 1.000000000000000000 ) ) ;
#779 = VERTEX_POINT ( 'NONE', #6134 ) ;
#780 = EDGE_CURVE ( 'NONE', #5862, #6203, #5120, .T. ) ;
#781 = FACE_OUTER_BOUND ( 'NONE', #6610, .T. ) ;
#782 = CARTESIAN_POINT ( 'NONE',  ( 24.18899999999999650, -2.061552812808830293, -6.749999999999999112 ) ) ;
#783 = DIRECTION ( 'NONE',  ( 1.000000000000000000, 0.000000000000000000, 0.000000000000000000 ) ) ;
#784 = CARTESIAN_POINT ( 'NONE',  ( 0.000000000000000000, -0.8890000000000000124, -19.04999999999999716 ) ) ;
#785 = CIRCLE ( 'NONE', #679, 2.100000000000000089 ) ;
#786 = ORIENTED_EDGE ( 'NONE', *, *, #64, .T. ) ;
#787 = ADVANCED_FACE ( 'NONE', ( #5015 ), #1124, .T. ) ;
#788 = AXIS2_PLACEMENT_3D ( 'NONE', #5093, #887, #6182 ) ;
#789 = CYLINDRICAL_SURFACE ( 'NONE', #1739, 2.100000000000000089 ) ;
#790 = B_SPLINE_CURVE_WITH_KNOTS ( 'NONE', 3,
 ( #5625, #4649, #4715, #3082 ),
 .UNSPECIFIED., .F., .F.,
 ( 4, 4 ),
 ( 0.002832913685900427005, 0.002935786532568637319 ),
 .UNSPECIFIED. ) ;
#791 = CARTESIAN_POINT ( 'NONE',  ( -0.3999999999999993006, 1.502637486114517751, 6.139000000000000234 ) ) ;
#792 = MECHANICAL_CONTEXT ( 'NONE', #5560, 'mechanical' ) ;
#793 = DIRECTION ( 'NONE',  ( 0.000000000000000000, -0.000000000000000000, 1.000000000000000000 ) ) ;
#794 = AXIS2_PLACEMENT_3D ( 'NONE', #1192, #1255, #2283 ) ;
#795 = CARTESIAN_POINT ( 'NONE',  ( 13.09999999999999964, 2.129368206736822700, 5.466985055880805078 ) ) ;
#796 = FACE_OUTER_BOUND ( 'NONE', #5157, .T. ) ;
#797 = FACE_OUTER_BOUND ( 'NONE', #3204, .T. ) ;
#798 = AXIS2_PLACEMENT_3D ( 'NONE', #4030, #3050, #4555 ) ;
#799 = DIRECTION ( 'NONE',  ( 0.000000000000000000, 1.000000000000000000, 0.000000000000000000 ) ) ;
#800 = CIRCLE ( 'NONE', #2721, 3.375000000000001332 ) ;
#801 = B_SPLINE_CURVE_WITH_KNOTS ( 'NONE', 3,
 ( #1226, #3370, #2851, #2353 ),
 .UNSPECIFIED., .F., .F.,
 ( 4, 4 ),
 ( 0.002832913685900423535, 0.002935786532568634283 ),
 .UNSPECIFIED. ) ;
#802 = ORIENTED_EDGE ( 'NONE', *, *, #604, .F. ) ;
#803 = ORIENTED_EDGE ( 'NONE', *, *, #3375, .T. ) ;
#804 = FACE_OUTER_BOUND ( 'NONE', #5934, .T. ) ;
#805 = AXIS2_PLACEMENT_3D ( 'NONE', #570, #3850, #4855 ) ;
#806 = EDGE_LOOP ( 'NONE', ( #1524, #6321, #236, #6285 ) ) ;
#807 = CARTESIAN_POINT ( 'NONE',  ( -6.200000000000003730, -6.201000000000000512, -11.56862915010152193 ) ) ;
#808 = CARTESIAN_POINT ( 'NONE',  ( 0.5734863112436896504, 2.021666578221207988, -28.85712190959815970 ) ) ;
#809 = ORIENTED_EDGE ( 'NONE', *, *, #1874, .F. ) ;
#810 = AXIS2_PLACEMENT_3D ( 'NONE', #4695, #6818, #2034 ) ;
#811 = ORIENTED_EDGE ( 'NONE', *, *, #267, .T. ) ;
#812 = EDGE_CURVE ( 'NONE', #5432, #5452, #5064, .T. ) ;
#813 = ORIENTED_EDGE ( 'NONE', *, *, #5722, .T. ) ;
#814 = CARTESIAN_POINT ( 'NONE',  ( 24.57307225861764266, 0.000000000000000000, -16.74999999999999645 ) ) ;
#815 = DIRECTION ( 'NONE',  ( 0.000000000000000000, 0.000000000000000000, 1.000000000000000000 ) ) ;
#816 = VERTEX_POINT ( 'NONE', #1304 ) ;
#817 = CARTESIAN_POINT ( 'NONE',  ( 6.350000000000000533, -0.8890000000000000124, -9.524999999999996803 ) ) ;
#818 = CARTESIAN_POINT ( 'NONE',  ( 24.48899999999999366, -2.061552812808830293, -6.749999999999999112 ) ) ;
#819 = CARTESIAN_POINT ( 'NONE',  ( 11.97936842241353439, 1.972483239316684234, 5.138999999999997570 ) ) ;
#820 = EDGE_CURVE ( 'NONE', #1342, #237, #6142, .T. ) ;
#821 = ORIENTED_EDGE ( 'NONE', *, *, #4924, .F. ) ;
#822 = ORIENTED_EDGE ( 'NONE', *, *, #4265, .T. ) ;
#823 = ADVANCED_FACE ( 'NONE', ( #804 ), #1695, .T. ) ;
#824 = CARTESIAN_POINT ( 'NONE',  ( 12.30000000000000071, 2.232710535457612888, -31.02076274578120874 ) ) ;
#825 = AXIS2_PLACEMENT_3D ( 'NONE', #2761, #5349, #4752 ) ;
#826 = CARTESIAN_POINT ( 'NONE',  ( 0.000000000000000000, 0.000000000000000000, 0.000000000000000000 ) ) ;
#827 = CARTESIAN_POINT ( 'NONE',  ( 24.18900000000001071, 0.000000000000000000, -19.04999999999999716 ) ) ;
#828 = CARTESIAN_POINT ( 'NONE',  ( 0.4980973490458738828, 2.040073290564207831, -27.99542212862616353 ) ) ;
#829 = AXIS2_PLACEMENT_3D ( 'NONE', #6903, #5795, #6354 ) ;
#830 = EDGE_CURVE ( 'NONE', #156, #5403, #4593, .T. ) ;
#831 = DIRECTION ( 'NONE',  ( 1.000000000000000000, -0.000000000000000000, -0.000000000000000000 ) ) ;
#832 = CARTESIAN_POINT ( 'NONE',  ( 0.000000000000000000, 0.000000000000000000, -25.39999999999999147 ) ) ;
#833 = CARTESIAN_POINT ( 'NONE',  ( 10.60012705463137550, 0.000000000000000000, -31.53899999999999793 ) ) ;
#834 = CIRCLE ( 'NONE', #2646, 2.100000000000000089 ) ;
#835 = DIRECTION ( 'NONE',  ( -0.000000000000000000, -0.000000000000000000, -1.000000000000000000 ) ) ;
#836 = EDGE_CURVE ( 'NONE', #5016, #2570, #5832, .T. ) ;
#837 = AXIS2_PLACEMENT_3D ( 'NONE', #4266, #2733, #5383 ) ;
#838 = AXIS2_PLACEMENT_3D ( 'NONE', #2663, #4259, #2601 ) ;
#839 = ORIENTED_EDGE ( 'NONE', *, *, #4828, .T. ) ;
#840 = AXIS2_PLACEMENT_3D ( 'NONE', #6703, #6843, #4125 ) ;
#841 = ORIENTED_EDGE ( 'NONE', *, *, #6018, .F. ) ;
#842 = PLANE ( 'NONE',  #1589 ) ;
#843 = VERTEX_POINT ( 'NONE', #3452 ) ;
#844 = AXIS2_PLACEMENT_3D ( 'NONE', #1885, #6294, #404 ) ;
#845 = VECTOR ( 'NONE', #1956, 1000.000000000000000 ) ;
#846 = CARTESIAN_POINT ( 'NONE',  ( 2.571758278209444422E-16, -6.200000000000001066, -21.14999999999999858 ) ) ;
#847 = DIRECTION ( 'NONE',  ( -1.000000000000000000, -0.000000000000000000, 0.000000000000000000 ) ) ;
#848 = ORIENTED_EDGE ( 'NONE', *, *, #2553, .T. ) ;
#849 = VECTOR ( 'NONE', #5316, 1000.000000000000000 ) ;
#850 = EDGE_LOOP ( 'NONE', ( #1866, #3659, #4222, #3631 ) ) ;
#851 = AXIS2_PLACEMENT_3D ( 'NONE', #1677, #4363, #3749 ) ;
#852 = EDGE_LOOP ( 'NONE', ( #2499, #2577 ) ) ;
#853 = ORIENTED_EDGE ( 'NONE', *, *, #1466, .T. ) ;
#854 = DIRECTION ( 'NONE',  ( 0.000000000000000000, 0.000000000000000000, 1.000000000000000000 ) ) ;
#855 = DIRECTION ( 'NONE',  ( 1.000000000000000000, 0.000000000000000000, 0.000000000000000000 ) ) ;
#856 = ORIENTED_EDGE ( 'NONE', *, *, #4974, .T. ) ;
#857 = CARTESIAN_POINT ( 'NONE',  ( -6.700000000000000178, -0.4999999999999998890, -31.58445247797180855 ) ) ;
#858 = DIRECTION ( 'NONE',  ( 1.000000000000000000, 0.000000000000000000, 0.000000000000000000 ) ) ;
#859 = CARTESIAN_POINT ( 'NONE',  ( 24.67076274578120376, 0.000000000000000000, -6.350000000000001421 ) ) ;
#860 = CIRCLE ( 'NONE', #4331, 2.100000000000000977 ) ;
#861 = EDGE_CURVE ( 'NONE', #6357, #3678, #6685, .T. ) ;
#862 = ORIENTED_EDGE ( 'NONE', *, *, #330, .F. ) ;
#863 = DIRECTION ( 'NONE',  ( 1.000000000000000000, 0.000000000000000000, 0.000000000000000000 ) ) ;
#864 = FACE_OUTER_BOUND ( 'NONE', #2695, .T. ) ;
#865 = ADVANCED_FACE ( 'NONE', ( #3731 ), #2571, .T. ) ;
#866 = CARTESIAN_POINT ( 'NONE',  ( 3.128334981051646313, 6.200000000000000178, -23.39999999999999858 ) ) ;
#867 = ADVANCED_FACE ( 'NONE', ( #5185 ), #3100, .T. ) ;
#868 = APPROVAL_ROLE ( '' ) ;
#869 = DIRECTION ( 'NONE',  ( 0.000000000000000000, -1.000000000000000000, 0.000000000000000000 ) ) ;
#870 = DIRECTION ( 'NONE',  ( 0.000000000000000000, 0.000000000000000000, -1.000000000000000000 ) ) ;
#871 = EDGE_CURVE ( 'NONE', #4793, #2902, #4937, .T. ) ;
#872 = PLANE ( 'NONE',  #522 ) ;
#873 = ORIENTED_EDGE ( 'NONE', *, *, #2069, .F. ) ;
#874 = EDGE_CURVE ( 'NONE', #5905, #3123, #2821, .T. ) ;
#875 = CARTESIAN_POINT ( 'NONE',  ( -5.200000000000001066, -31.72724035221981964, -14.24558441227157068 ) ) ;
#876 = VERTEX_POINT ( 'NONE', #5148 ) ;
#877 = CARTESIAN_POINT ( 'NONE',  ( 10.60012705463137550, 0.000000000000000000, -31.53899999999999793 ) ) ;
#878 = ORIENTED_EDGE ( 'NONE', *, *, #6519, .F. ) ;
#879 = EDGE_CURVE ( 'NONE', #1412, #1549, #3481, .T. ) ;
#880 = B_SPLINE_CURVE_WITH_KNOTS ( 'NONE', 3,
 ( #4026, #1502, #2555, #5736 ),
 .UNSPECIFIED., .F., .F.,
 ( 4, 4 ),
 ( 0.002832913685900427005, 0.002935786532568637319 ),
 .UNSPECIFIED. ) ;
#881 = CARTESIAN_POINT ( 'NONE',  ( 12.69999999999999929, -0.8890000000000000124, -6.350000000000000533 ) ) ;
#882 = VERTEX_POINT ( 'NONE', #1970 ) ;
#883 = EDGE_LOOP ( 'NONE', ( #3811, #2749, #6691, #1951 ) ) ;
#884 = ORIENTED_EDGE ( 'NONE', *, *, #5508, .T. ) ;
#885 = VERTEX_POINT ( 'NONE', #381 ) ;
#886 = DIRECTION ( 'NONE',  ( 0.000000000000000000, 0.000000000000000000, 1.000000000000000000 ) ) ;
#887 = DIRECTION ( 'NONE',  ( -0.000000000000000000, -0.000000000000000000, 1.000000000000000000 ) ) ;
#888 = EDGE_LOOP ( 'NONE', ( #5219, #3480, #4852, #4293 ) ) ;
#889 =( BOUNDED_CURVE ( )  B_SPLINE_CURVE ( 3, ( #4022, #6084, #3466, #4545 ),
 .UNSPECIFIED., .F., .T. ) 
 B_SPLINE_CURVE_WITH_KNOTS ( ( 4, 4 ),
 ( 1.810267798689539909, 1.921073213463467821 ),
 .UNSPECIFIED. ) 
 CURVE ( )  GEOMETRIC_REPRESENTATION_ITEM ( )  RATIONAL_B_SPLINE_CURVE ( ( 1.000000000000000000, 0.9989771083553060649, 0.9989771083553060649, 1.000000000000000000 ) ) 
 REPRESENTATION_ITEM ( '' )  );
#890 = CARTESIAN_POINT ( 'NONE',  ( 24.18899999999999295, 1.972483239316684234, -5.629368422413537409 ) ) ;
#891 = DIRECTION ( 'NONE',  ( 0.000000000000000000, 1.000000000000000000, 0.000000000000000000 ) ) ;
#892 = DIRECTION ( 'NONE',  ( -1.000000000000000000, 0.000000000000000000, 0.000000000000000000 ) ) ;
#893 = ORIENTED_EDGE ( 'NONE', *, *, #5698, .T. ) ;
#894 = ORIENTED_EDGE ( 'NONE', *, *, #145, .F. ) ;
#895 = FACE_OUTER_BOUND ( 'NONE', #6661, .T. ) ;
#896 = CARTESIAN_POINT ( 'NONE',  ( 10.59999999999999787, 0.000000000000000000, -30.83899999999999864 ) ) ;
#897 = CARTESIAN_POINT ( 'NONE',  ( 6.350000000000000533, -4.174999999999999822, -12.69999999999999929 ) ) ;
#898 = DIRECTION ( 'NONE',  ( 0.000000000000000000, 0.000000000000000000, -1.000000000000000000 ) ) ;
#899 = CIRCLE ( 'NONE', #5379, 3.174999999999999822 ) ;
#900 = LINE ( 'NONE', #6680, #2379 ) ;
#901 = DIRECTION ( 'NONE',  ( 0.7071067811865476838, -0.7071067811865474617, 0.000000000000000000 ) ) ;
#902 = CARTESIAN_POINT ( 'NONE',  ( 12.69999999999999929, -6.200000000000001066, -19.04999999999999716 ) ) ;
#903 = CARTESIAN_POINT ( 'NONE',  ( 12.69999999999999929, 0.000000000000000000, -30.53900000000000503 ) ) ;
#904 = ORIENTED_EDGE ( 'NONE', *, *, #5343, .F. ) ;
#905 = DIRECTION ( 'NONE',  ( 0.000000000000000000, 0.000000000000000000, 1.000000000000000000 ) ) ;
#906 = PLANE ( 'NONE',  #4612 ) ;
#907 = AXIS2_PLACEMENT_3D ( 'NONE', #6390, #1603, #5347 ) ;
#908 = DIRECTION ( 'NONE',  ( 0.000000000000000000, 1.000000000000000000, 0.000000000000000000 ) ) ;
#909 = DIRECTION ( 'NONE',  ( 1.000000000000000000, 0.000000000000000000, 0.000000000000000000 ) ) ;
#910 = EDGE_CURVE ( 'NONE', #6072, #3411, #484, .T. ) ;
#911 = ADVANCED_FACE ( 'NONE', ( #4779 ), #3259, .T. ) ;
#912 = CIRCLE ( 'NONE', #798, 2.100000000000000089 ) ;
#913 = EDGE_LOOP ( 'NONE', ( #4705, #1044, #4025, #4959 ) ) ;
#914 = CARTESIAN_POINT ( 'NONE',  ( -0.3999999999999999667, 0.000000000000000000, -31.53899999999999082 ) ) ;
#915 = EDGE_CURVE ( 'NONE', #1937, #2327, #6708, .T. ) ;
#916 = EDGE_LOOP ( 'NONE', ( #1670, #3739, #542, #600, #317, #6286, #4145, #5693, #6141, #2475 ) ) ;
#917 = CARTESIAN_POINT ( 'NONE',  ( -6.200000000000001954, -1.734723475976807094E-15, -25.39999999999999858 ) ) ;
#918 = CARTESIAN_POINT ( 'NONE',  ( 21.23728260441154703, -2.087434397081524118, -18.80292762166693166 ) ) ;
#919 = ORIENTED_EDGE ( 'NONE', *, *, #3638, .T. ) ;
#920 = AXIS2_PLACEMENT_3D ( 'NONE', #5179, #2678, #3129 ) ;
#921 = AXIS2_PLACEMENT_3D ( 'NONE', #11, #2152, #4284 ) ;
#922 = ORIENTED_EDGE ( 'NONE', *, *, #967, .F. ) ;
#923 = ORIENTED_EDGE ( 'NONE', *, *, #64, .F. ) ;
#924 = FACE_OUTER_BOUND ( 'NONE', #4288, .T. ) ;
#925 = DIRECTION ( 'NONE',  ( 0.000000000000000000, 0.000000000000000000, 1.000000000000000000 ) ) ;
#926 = AXIS2_PLACEMENT_3D ( 'NONE', #832, #1891, #6608 ) ;
#927 = EDGE_LOOP ( 'NONE', ( #3957, #5088 ) ) ;
#928 = CIRCLE ( 'NONE', #810, 2.100000000000000089 ) ;
#929 = FACE_OUTER_BOUND ( 'NONE', #888, .T. ) ;
#930 = LINE ( 'NONE', #6254, #256 ) ;
#931 = DIRECTION ( 'NONE',  ( -1.000000000000000000, 0.000000000000000000, 0.000000000000000000 ) ) ;
#932 = ORIENTED_EDGE ( 'NONE', *, *, #1786, .F. ) ;
#933 = VECTOR ( 'NONE', #2381, 1000.000000000000000 ) ;
#934 = EDGE_LOOP ( 'NONE', ( #1733, #4427, #135, #5429 ) ) ;
#935 = CYLINDRICAL_SURFACE ( 'NONE', #6885, 3.175000000000000711 ) ;
#936 = DIRECTION ( 'NONE',  ( 0.000000000000000000, 0.000000000000000000, -1.000000000000000000 ) ) ;
#937 = PLANE ( 'NONE',  #6766 ) ;
#938 = AXIS2_PLACEMENT_3D ( 'NONE', #6638, #196, #3505 ) ;
#939 = CARTESIAN_POINT ( 'NONE',  ( 12.69999999999999929, -2.174999999999999822, -6.350000000000000533 ) ) ;
#940 = LINE ( 'NONE', #1079, #3388 ) ;
#941 = CARTESIAN_POINT ( 'NONE',  ( 24.67076274578120376, 0.000000000000000000, -8.618258436585968241 ) ) ;
#942 = CARTESIAN_POINT ( 'NONE',  ( 3.128334981051645869, 6.200000000000000178, -25.39999999999999858 ) ) ;
#943 = DIRECTION ( 'NONE',  ( 1.000000000000000000, 0.000000000000000000, 0.000000000000000000 ) ) ;
#944 = VERTEX_POINT ( 'NONE', #420 ) ;
#945 = DIRECTION ( 'NONE',  ( -0.000000000000000000, -0.000000000000000000, -1.000000000000000000 ) ) ;
#946 = DIRECTION ( 'NONE',  ( 1.000000000000000000, 0.000000000000000000, 0.000000000000000000 ) ) ;
#947 = CARTESIAN_POINT ( 'NONE',  ( 25.18899999999999650, 1.502637486114518195, -6.749999999999999112 ) ) ;
#948 = ADVANCED_FACE ( 'NONE', ( #3063 ), #4626, .F. ) ;
#949 = AXIS2_PLACEMENT_3D ( 'NONE', #636, #2255, #1732 ) ;
#950 = EDGE_LOOP ( 'NONE', ( #5041, #2830, #4119, #6257, #5045 ) ) ;
#951 = CARTESIAN_POINT ( 'NONE',  ( 13.19809734904587195, 2.040073290564207831, -27.99542212862617063 ) ) ;
#952 = ORIENTED_EDGE ( 'NONE', *, *, #2118, .F. ) ;
#953 = EDGE_CURVE ( 'NONE', #1260, #1410, #2923, .T. ) ;
#954 = ADVANCED_FACE ( 'NONE', ( #1557 ), #6822, .F. ) ;
#955 = CARTESIAN_POINT ( 'NONE',  ( 15.87500000000000000, 0.000000000000000000, -25.39999999999999858 ) ) ;
#956 = EDGE_LOOP ( 'NONE', ( #2191, #4251, #5090, #6880 ) ) ;
#957 = AXIS2_PLACEMENT_3D ( 'NONE', #6672, #6149, #1350 ) ;
#958 = EDGE_CURVE ( 'NONE', #6358, #4287, #4645, .T. ) ;
#959 = ORIENTED_EDGE ( 'NONE', *, *, #648, .T. ) ;
#960 = ORIENTED_EDGE ( 'NONE', *, *, #4093, .T. ) ;
#961 = VECTOR ( 'NONE', #6876, 1000.000000000000000 ) ;
#962 = FACE_OUTER_BOUND ( 'NONE', #1000, .T. ) ;
#963 = DIRECTION ( 'NONE',  ( 0.000000000000000000, 0.000000000000000000, 1.000000000000000000 ) ) ;
#964 = CARTESIAN_POINT ( 'NONE',  ( 13.09999999999999964, 2.264950330581225746, -30.92307225861763698 ) ) ;
#965 = DIRECTION ( 'NONE',  ( -1.000000000000000000, 0.000000000000000000, 0.000000000000000000 ) ) ;
#966 = CARTESIAN_POINT ( 'NONE',  ( 21.64542212862617632, 2.040073290564206943, -19.54809734904586804 ) ) ;
#967 = EDGE_CURVE ( 'NONE', #1239, #3522, #1812, .T. ) ;
#968 = AXIS2_PLACEMENT_3D ( 'NONE', #3149, #5278, #1612 ) ;
#969 = ORIENTED_EDGE ( 'NONE', *, *, #337, .T. ) ;
#970 = CIRCLE ( 'NONE', #5443, 2.100000000000000089 ) ;
#971 = CYLINDRICAL_SURFACE ( 'NONE', #2018, 0.5000000000000004441 ) ;
#972 = CARTESIAN_POINT ( 'NONE',  ( 24.67076274578121442, -2.232710535457612888, -18.64999999999999503 ) ) ;
#973 = PLANE ( 'NONE',  #1854 ) ;
#974 = EDGE_CURVE ( 'NONE', #2229, #5448, #4212, .T. ) ;
#975 = VECTOR ( 'NONE', #2324, 1000.000000000000000 ) ;
#976 = CARTESIAN_POINT ( 'NONE',  ( 24.48900000000000432, -2.061552812808830293, -18.64999999999999503 ) ) ;
#977 = CARTESIAN_POINT ( 'NONE',  ( -0.4282819678817719189, 2.057911970479199493, -27.75322400100830933 ) ) ;
#978 = ORIENTED_EDGE ( 'NONE', *, *, #3068, .T. ) ;
#979 = DIRECTION ( 'NONE',  ( -1.084202172485504434E-16, 0.000000000000000000, -1.000000000000000000 ) ) ;
#980 = CARTESIAN_POINT ( 'NONE',  ( 12.30000000000000071, -1.663442899047754331, 6.138999999999998458 ) ) ;
#981 = CARTESIAN_POINT ( 'NONE',  ( 12.69999999999999929, 0.000000000000000000, 5.139000000000003787 ) ) ;
#982 = ORIENTED_EDGE ( 'NONE', *, *, #6158, .F. ) ;
#983 = CARTESIAN_POINT ( 'NONE',  ( -0.4000000000000000222, -1.821676962433381508, -31.48997030331113933 ) ) ;
#984 = FACE_OUTER_BOUND ( 'NONE', #3994, .T. ) ;
#985 = FACE_BOUND ( 'NONE', #2575, .T. ) ;
#986 = ORIENTED_EDGE ( 'NONE', *, *, #1006, .F. ) ;
#987 = CARTESIAN_POINT ( 'NONE',  ( 12.69999999999999929, -0.8890000000000000124, -19.04999999999999716 ) ) ;
#988 = ORIENTED_EDGE ( 'NONE', *, *, #4587, .T. ) ;
#989 = ADVANCED_FACE ( 'NONE', ( #2286, #43 ), #6417, .F. ) ;
#990 = CARTESIAN_POINT ( 'NONE',  ( 0.4000000000000000777, 2.264950330581225746, -30.92307225861762987 ) ) ;
#991 = ORIENTED_EDGE ( 'NONE', *, *, #2934, .F. ) ;
#992 = ORIENTED_EDGE ( 'NONE', *, *, #6243, .T. ) ;
#993 = CARTESIAN_POINT ( 'NONE',  ( 19.04999999999999361, 0.000000000000000000, -6.350000000000001421 ) ) ;
#994 = FACE_OUTER_BOUND ( 'NONE', #1803, .T. ) ;
#995 = CARTESIAN_POINT ( 'NONE',  ( 0.000000000000000000, -0.8890000000000000124, -6.349999999999999645 ) ) ;
#996 = DIRECTION ( 'NONE',  ( 0.000000000000000000, 1.000000000000000000, 0.000000000000000000 ) ) ;
#997 = CARTESIAN_POINT ( 'NONE',  ( 4.522792206135783033, -4.174999999999999822, -4.522792206135780368 ) ) ;
#998 = ORIENTED_EDGE ( 'NONE', *, *, #2650, .T. ) ;
#999 = ADVANCED_FACE ( 'NONE', ( #2252 ), #632, .F. ) ;
#1000 = EDGE_LOOP ( 'NONE', ( #2545, #986, #5870, #6758 ) ) ;
#1001 = DIRECTION ( 'NONE',  ( 8.115498896123167176E-15, 0.000000000000000000, 1.000000000000000000 ) ) ;
#1002 = FACE_OUTER_BOUND ( 'NONE', #2452, .T. ) ;
#1003 = CARTESIAN_POINT ( 'NONE',  ( 12.05225965874923233, -1.999113491775012852, -29.70584935626993328 ) ) ;
#1004 = DIRECTION ( 'NONE',  ( 0.000000000000000000, -1.000000000000000000, 0.000000000000000000 ) ) ;
#1005 = CARTESIAN_POINT ( 'NONE',  ( 24.18900000000001071, 0.000000000000000000, -19.04999999999999716 ) ) ;
#1006 = EDGE_CURVE ( 'NONE', #6177, #1805, #2335, .T. ) ;
#1007 = ORIENTED_EDGE ( 'NONE', *, *, #2136, .F. ) ;
#1008 = CARTESIAN_POINT ( 'NONE',  ( 24.18899999999999650, -3.174999999999999822, -6.749999999999999112 ) ) ;
#1009 = DIRECTION ( 'NONE',  ( -1.000000000000000000, -0.000000000000000000, 0.000000000000000000 ) ) ;
#1010 = CARTESIAN_POINT ( 'NONE',  ( -0.3999999999999993006, -2.061552812808830293, 5.439000000000000945 ) ) ;
#1011 = VERTEX_POINT ( 'NONE', #2187 ) ;
#1012 = AXIS2_PLACEMENT_3D ( 'NONE', #2860, #2261, #2104 ) ;
#1013 = CARTESIAN_POINT ( 'NONE',  ( -0.3999999999999999667, -2.182283254615324797, -31.17352969257199291 ) ) ;
#1014 = DIRECTION ( 'NONE',  ( -1.000000000000000000, -0.000000000000000000, 0.000000000000000000 ) ) ;
#1015 = CARTESIAN_POINT ( 'NONE',  ( -2.100000000000000089, 0.000000000000000000, 5.439000000000000057 ) ) ;
#1016 = DIRECTION ( 'NONE',  ( -0.000000000000000000, -0.000000000000000000, -1.000000000000000000 ) ) ;
#1017 = AXIS2_PLACEMENT_3D ( 'NONE', #1479, #5863, #5259 ) ;
#1018 = VERTEX_POINT ( 'NONE', #3299 ) ;
#1019 = DIRECTION ( 'NONE',  ( 0.000000000000000000, 0.000000000000000000, 1.000000000000000000 ) ) ;
#1020 = VERTEX_POINT ( 'NONE', #4317 ) ;
#1021 = TOROIDAL_SURFACE ( 'NONE', #5494, 1.554966049364602254, 0.7500000000000000000 ) ;
#1022 = PLANE ( 'NONE',  #4618 ) ;
#1023 = AXIS2_PLACEMENT_3D ( 'NONE', #1726, #627, #5008 ) ;
#1024 = APPROVAL ( #2425, 'UNSPECIFIED' ) ;
#1025 = ORIENTED_EDGE ( 'NONE', *, *, #3028, .F. ) ;
#1026 = VERTEX_POINT ( 'NONE', #4810 ) ;
#1027 = ORIENTED_EDGE ( 'NONE', *, *, #5523, .F. ) ;
#1028 = FACE_OUTER_BOUND ( 'NONE', #583, .T. ) ;
#1029 = DIRECTION ( 'NONE',  ( 1.000000000000000000, 0.000000000000000000, -8.115498896123205041E-15 ) ) ;
#1030 = LINE ( 'NONE', #2691, #2416 ) ;
#1031 = DIRECTION ( 'NONE',  ( 0.000000000000000000, 1.000000000000000000, 0.000000000000000000 ) ) ;
#1032 = DIRECTION ( 'NONE',  ( 1.621236893436268647E-16, 0.000000000000000000, 1.000000000000000000 ) ) ;
#1033 = CARTESIAN_POINT ( 'NONE',  ( 25.14013263996619685, -1.820969194338323938, -18.64999999999999503 ) ) ;
#1034 = DIRECTION ( 'NONE',  ( -0.000000000000000000, -1.000000000000000000, -0.000000000000000000 ) ) ;
#1035 = AXIS2_PLACEMENT_3D ( 'NONE', #1096, #3135, #2190 ) ;
#1036 = CIRCLE ( 'NONE', #4958, 2.100000000000000977 ) ;
#1037 = DIRECTION ( 'NONE',  ( 0.000000000000000000, 0.000000000000000000, 1.000000000000000000 ) ) ;
#1038 = EDGE_CURVE ( 'NONE', #4669, #2224, #6840, .T. ) ;
#1039 = CARTESIAN_POINT ( 'NONE',  ( -0.4000000000000000222, -2.243459280444428217, -30.98819995583811249 ) ) ;
#1040 = EDGE_CURVE ( 'NONE', #3127, #4995, #4507, .T. ) ;
#1041 = CARTESIAN_POINT ( 'NONE',  ( 12.69999999999999929, 0.000000000000000000, 5.439000000000000057 ) ) ;
#1042 = AXIS2_PLACEMENT_3D ( 'NONE', #2282, #3262, #693 ) ;
#1043 = EDGE_CURVE ( 'NONE', #4390, #5165, #2790, .T. ) ;
#1044 = ORIENTED_EDGE ( 'NONE', *, *, #2348, .F. ) ;
#1045 = CARTESIAN_POINT ( 'NONE',  ( 0.000000000000000000, 0.000000000000000000, -30.53899999999999793 ) ) ;
#1046 = CARTESIAN_POINT ( 'NONE',  ( 12.69999999999999929, -2.174999999999999822, -19.04999999999999716 ) ) ;
#1047 = CARTESIAN_POINT ( 'NONE',  ( 12.30000000000000071, -2.264950330581225302, 5.523072258617638397 ) ) ;
#1048 = FACE_OUTER_BOUND ( 'NONE', #4986, .T. ) ;
#1049 = FACE_OUTER_BOUND ( 'NONE', #23, .T. ) ;
#1050 = CARTESIAN_POINT ( 'NONE',  ( 24.60563645010066836, 2.254205848354697839, -6.749999999999999112 ) ) ;
#1051 = ADVANCED_FACE ( 'NONE', ( #4845 ), #2841, .T. ) ;
#1052 = ORIENTED_EDGE ( 'NONE', *, *, #696, .T. ) ;
#1053 = CARTESIAN_POINT ( 'NONE',  ( 21.64542212862617632, 2.040073290564206943, -19.54809734904586804 ) ) ;
#1054 = VERTEX_POINT ( 'NONE', #5899 ) ;
#1055 = AXIS2_PLACEMENT_3D ( 'NONE', #5768, #5132, #1532 ) ;
#1056 = ADVANCED_FACE ( 'NONE', ( #3342 ), #1666, .T. ) ;
#1057 = DIRECTION ( 'NONE',  ( -1.000000000000000000, 0.000000000000000000, 0.000000000000000000 ) ) ;
#1058 = FACE_OUTER_BOUND ( 'NONE', #1692, .T. ) ;
#1059 = AXIS2_PLACEMENT_3D ( 'NONE', #4595, #6208, #6719 ) ;
#1060 = ORIENTED_EDGE ( 'NONE', *, *, #1700, .T. ) ;
#1061 = ORIENTED_EDGE ( 'NONE', *, *, #4526, .T. ) ;
#1062 = ORIENTED_EDGE ( 'NONE', *, *, #3575, .T. ) ;
#1063 = CARTESIAN_POINT ( 'NONE',  ( 12.30000000000000071, 3.175000000000000711, -30.53899999999999793 ) ) ;
#1064 = EDGE_LOOP ( 'NONE', ( #89, #1393 ) ) ;
#1065 = CIRCLE ( 'NONE', #66, 2.299999999999999822 ) ;
#1066 = CARTESIAN_POINT ( 'NONE',  ( 24.18900000000001071, 0.000000000000000000, -19.04999999999999716 ) ) ;
#1067 = CARTESIAN_POINT ( 'NONE',  ( 12.69999999999999929, 0.000000000000000000, 5.139000000000003787 ) ) ;
#1068 = DIRECTION ( 'NONE',  ( 0.000000000000000000, 0.000000000000000000, -1.000000000000000000 ) ) ;
#1069 = ORIENTED_EDGE ( 'NONE', *, *, #1795, .T. ) ;
#1070 = CIRCLE ( 'NONE', #2653, 2.268258436585967264 ) ;
#1071 = AXIS2_PLACEMENT_3D ( 'NONE', #3195, #4770, #3582 ) ;
#1072 = ORIENTED_EDGE ( 'NONE', *, *, #2518, .T. ) ;
#1073 = DIRECTION ( 'NONE',  ( -1.000000000000000000, -0.000000000000000000, 0.000000000000000000 ) ) ;
#1074 = DIRECTION ( 'NONE',  ( -0.000000000000000000, 0.000000000000000000, -1.000000000000000000 ) ) ;
#1075 = EDGE_CURVE ( 'NONE', #5797, #5014, #5634, .T. ) ;
#1076 = DIRECTION ( 'NONE',  ( -0.000000000000000000, 0.000000000000000000, 1.000000000000000000 ) ) ;
#1077 = CARTESIAN_POINT ( 'NONE',  ( -0.4000000000000000222, -2.264950330581225746, -30.92307225861762987 ) ) ;
#1078 = AXIS2_PLACEMENT_3D ( 'NONE', #472, #2483, #368 ) ;
#1079 = CARTESIAN_POINT ( 'NONE',  ( 12.69999999999999929, -6.200000000000001066, -4.250000000000000000 ) ) ;
#1080 = ORIENTED_EDGE ( 'NONE', *, *, #4899, .T. ) ;
#1081 = VECTOR ( 'NONE', #6323, 1000.000000000000000 ) ;
#1082 = CARTESIAN_POINT ( 'NONE',  ( 13.10000000000000142, 0.000000000000000000, 6.139000000000000234 ) ) ;
#1083 = DIRECTION ( 'NONE',  ( -0.9510565162951545304, 0.000000000000000000, 0.3090169943749442316 ) ) ;
#1084 = EDGE_CURVE ( 'NONE', #6406, #5797, #3266, .T. ) ;
#1085 = DIRECTION ( 'NONE',  ( 0.000000000000000000, 0.000000000000000000, 1.000000000000000000 ) ) ;
#1086 = CARTESIAN_POINT ( 'NONE',  ( 0.000000000000000000, -0.8890000000000000124, -4.249999999999999112 ) ) ;
#1087 = DIRECTION ( 'NONE',  ( 0.000000000000000000, 0.000000000000000000, 1.000000000000000000 ) ) ;
#1088 = DIRECTION ( 'NONE',  ( 0.000000000000000000, -1.000000000000000000, 0.000000000000000000 ) ) ;
#1089 = ADVANCED_FACE ( 'NONE', ( #4382 ), #5466, .T. ) ;
#1090 = EDGE_CURVE ( 'NONE', #2305, #2232, #6634, .T. ) ;
#1091 = CIRCLE ( 'NONE', #525, 2.100000000000000977 ) ;
#1092 = VERTEX_POINT ( 'NONE', #5999 ) ;
#1093 = CARTESIAN_POINT ( 'NONE',  ( 23.35584935626993541, 1.999113491775012852, -18.40225965874923375 ) ) ;
#1094 = ORIENTED_EDGE ( 'NONE', *, *, #6642, .F. ) ;
#1095 = EDGE_CURVE ( 'NONE', #3554, #285, #2815, .T. ) ;
#1096 = CARTESIAN_POINT ( 'NONE',  ( 6.350000000000000533, -4.174999999999999822, -12.69999999999999929 ) ) ;
#1097 = ORIENTED_EDGE ( 'NONE', *, *, #3804, .T. ) ;
#1098 = ADVANCED_FACE ( 'NONE', ( #200 ), #1227, .T. ) ;
#1099 = ORIENTED_EDGE ( 'NONE', *, *, #2118, .T. ) ;
#1100 = ORIENTED_EDGE ( 'NONE', *, *, #3325, .T. ) ;
#1101 = LINE ( 'NONE', #3244, #1357 ) ;
#1102 = EDGE_LOOP ( 'NONE', ( #3064, #1128 ) ) ;
#1103 = DIRECTION ( 'NONE',  ( 0.000000000000000000, -0.000000000000000000, -1.000000000000000000 ) ) ;
#1104 = DIRECTION ( 'NONE',  ( 1.000000000000000000, 0.000000000000000000, 0.000000000000000000 ) ) ;
#1105 = VERTEX_POINT ( 'NONE', #6034 ) ;
#1106 = DIRECTION ( 'NONE',  ( 0.000000000000000000, 0.000000000000000000, -1.000000000000000000 ) ) ;
#1107 = FACE_BOUND ( 'NONE', #1737, .T. ) ;
#1108 = FACE_OUTER_BOUND ( 'NONE', #3568, .T. ) ;
#1109 = CARTESIAN_POINT ( 'NONE',  ( 24.18900000000000716, -3.175000000000000711, -19.44999999999999574 ) ) ;
#1110 = CARTESIAN_POINT ( 'NONE',  ( 0.4000000000000001887, -2.182266827280789467, -31.17357945836740640 ) ) ;
#1111 = ORIENTED_EDGE ( 'NONE', *, *, #2826, .F. ) ;
#1112 = CARTESIAN_POINT ( 'NONE',  ( 0.4980973490458732167, 2.040073290564206943, 2.595422128626172054 ) ) ;
#1113 = CARTESIAN_POINT ( 'NONE',  ( 24.57307225861763200, 0.000000000000000000, -4.050000000000001599 ) ) ;
#1114 = FACE_OUTER_BOUND ( 'NONE', #4211, .T. ) ;
#1115 = CYLINDRICAL_SURFACE ( 'NONE', #235, 3.174999999999999822 ) ;
#1116 = DIRECTION ( 'NONE',  ( -1.000000000000000000, -0.000000000000000000, 0.000000000000000000 ) ) ;
#1117 = CARTESIAN_POINT ( 'NONE',  ( -0.3999999999999993006, 0.000000000000000000, 6.139000000000000234 ) ) ;
#1118 = ORIENTED_EDGE ( 'NONE', *, *, #5602, .T. ) ;
#1119 = DIRECTION ( 'NONE',  ( 0.3875155864520939408, 0.000000000000000000, -0.9218631515885042926 ) ) ;
#1120 = EDGE_LOOP ( 'NONE', ( #668, #2541, #6467, #559 ) ) ;
#1121 = CARTESIAN_POINT ( 'NONE',  ( 13.27348631124368694, -2.021666578221207988, 3.457121909598163345 ) ) ;
#1122 = DIRECTION ( 'NONE',  ( 0.000000000000000000, 0.000000000000000000, -1.000000000000000000 ) ) ;
#1123 = ADVANCED_FACE ( 'NONE', ( #2949 ), #1327, .F. ) ;
#1124 = CONICAL_SURFACE ( 'NONE', #5489, 2.100000000000000977, 1.172861257340199304 ) ;
#1125 = EDGE_CURVE ( 'NONE', #4077, #3379, #3956, .T. ) ;
#1126 = VERTEX_POINT ( 'NONE', #6582 ) ;
#1127 = AXIS2_PLACEMENT_3D ( 'NONE', #4710, #5620, #5162 ) ;
#1128 = ORIENTED_EDGE ( 'NONE', *, *, #1040, .T. ) ;
#1129 = ORIENTED_EDGE ( 'NONE', *, *, #1467, .T. ) ;
#1130 = CARTESIAN_POINT ( 'NONE',  ( 24.48899999999999366, 2.571758278209440971E-16, -8.450000000000002842 ) ) ;
#1131 = B_SPLINE_CURVE_WITH_KNOTS ( 'NONE', 3,
 ( #824, #5243, #1919, #5102 ),
 .UNSPECIFIED., .F., .F.,
 ( 4, 4 ),
 ( 0.003655977453372196914, 0.003758849537120531950 ),
 .UNSPECIFIED. ) ;
#1132 = CYLINDRICAL_SURFACE ( 'NONE', #2044, 3.174999999999998934 ) ;
#1133 = CARTESIAN_POINT ( 'NONE',  ( 24.57307225861763200, -2.264950330581225746, -5.950000000000003730 ) ) ;
#1134 = AXIS2_PLACEMENT_3D ( 'NONE', #5332, #4278, #449 ) ;
#1135 = ORIENTED_EDGE ( 'NONE', *, *, #2606, .F. ) ;
#1136 = VERTEX_POINT ( 'NONE', #1363 ) ;
#1137 = CIRCLE ( 'NONE', #5728, 0.7499999999999997780 ) ;
#1138 = CARTESIAN_POINT ( 'NONE',  ( 17.05000000000000071, -4.174999999999998934, -23.39999999999999858 ) ) ;
#1139 = DIRECTION ( 'NONE',  ( 0.000000000000000000, -1.000000000000000000, 0.000000000000000000 ) ) ;
#1140 = VERTEX_POINT ( 'NONE', #4585 ) ;
#1141 = DIRECTION ( 'NONE',  ( -0.000000000000000000, -1.000000000000000000, -0.000000000000000000 ) ) ;
#1142 = CARTESIAN_POINT ( 'NONE',  ( 0.3999999999999993006, -1.821676962433381508, 6.089970303311146083 ) ) ;
#1143 = DIRECTION ( 'NONE',  ( 0.000000000000000000, -1.000000000000000000, 0.000000000000000000 ) ) ;
#1144 = AXIS2_PLACEMENT_3D ( 'NONE', #5690, #6185, #5656 ) ;
#1145 = EDGE_LOOP ( 'NONE', ( #2688, #1453 ) ) ;
#1146 = AXIS2_PLACEMENT_3D ( 'NONE', #5902, #3699, #6317 ) ;
#1147 = CARTESIAN_POINT ( 'NONE',  ( 24.54501255233154211, 2.197165962000669825, -19.44999999999999574 ) ) ;
#1148 = LINE ( 'NONE', #1113, #1941 ) ;
#1149 = AXIS2_PLACEMENT_3D ( 'NONE', #2459, #6707, #4976 ) ;
#1150 = CARTESIAN_POINT ( 'NONE',  ( 12.69999999999999929, 3.175000000000000711, -28.03899999999999437 ) ) ;
#1151 = CARTESIAN_POINT ( 'NONE',  ( 0.3999999999999993561, -2.197165961088449748, 5.495012551953919910 ) ) ;
#1152 = LOCAL_TIME ( 14, 4, 1.000000000000000000, #2351 ) ;
#1153 = DIRECTION ( 'NONE',  ( -1.000000000000000000, -0.000000000000000000, -0.000000000000000000 ) ) ;
#1154 = CIRCLE ( 'NONE', #2057, 1.554966049364602254 ) ;
#1155 = AXIS2_PLACEMENT_3D ( 'NONE', #2244, #1721, #653 ) ;
#1156 = ORIENTED_EDGE ( 'NONE', *, *, #5698, .F. ) ;
#1157 = CARTESIAN_POINT ( 'NONE',  ( -0.4980973490458714958, 2.040073290564207831, 2.595422128626172054 ) ) ;
#1158 = FACE_OUTER_BOUND ( 'NONE', #3591, .T. ) ;
#1159 = VERTEX_POINT ( 'NONE', #1927 ) ;
#1160 = ADVANCED_FACE ( 'NONE', ( #2429 ), #2890, .F. ) ;
#1161 = DIRECTION ( 'NONE',  ( 0.000000000000000000, 1.000000000000000000, 0.000000000000000000 ) ) ;
#1162 = ORIENTED_EDGE ( 'NONE', *, *, #1707, .F. ) ;
#1163 = AXIS2_PLACEMENT_3D ( 'NONE', #717, #3989, #5059 ) ;
#1164 = VERTEX_POINT ( 'NONE', #6681 ) ;
#1165 = DIRECTION ( 'NONE',  ( 8.260587980841934638E-15, 0.000000000000000000, -1.000000000000000000 ) ) ;
#1166 = ADVANCED_FACE ( 'NONE', ( #3405 ), #301, .T. ) ;
#1167 = ORIENTED_EDGE ( 'NONE', *, *, #6639, .F. ) ;
#1168 = ADVANCED_FACE ( 'NONE', ( #796 ), #4524, .T. ) ;
#1169 = DIRECTION ( 'NONE',  ( 0.000000000000000000, 1.000000000000000000, 0.000000000000000000 ) ) ;
#1170 = EDGE_CURVE ( 'NONE', #505, #5507, #1966, .T. ) ;
#1171 = CARTESIAN_POINT ( 'NONE',  ( 12.69999999999999929, 0.000000000000000000, 0.000000000000000000 ) ) ;
#1172 = ORIENTED_EDGE ( 'NONE', *, *, #14, .F. ) ;
#1173 = CIRCLE ( 'NONE', #4193, 1.554966049364602254 ) ;
#1174 = ORIENTED_EDGE ( 'NONE', *, *, #3936, .F. ) ;
#1175 = ORIENTED_EDGE ( 'NONE', *, *, #4398, .F. ) ;
#1176 = AXIS2_PLACEMENT_3D ( 'NONE', #5554, #5622, #783 ) ;
#1177 = CARTESIAN_POINT ( 'NONE',  ( -0.3999999999999993006, -3.174999999999998934, 5.139000000000000234 ) ) ;
#1178 = CARTESIAN_POINT ( 'NONE',  ( 0.000000000000000000, 0.000000000000000000, -30.53899999999999793 ) ) ;
#1179 = EDGE_CURVE ( 'NONE', #345, #3876, #4719, .T. ) ;
#1180 = CARTESIAN_POINT ( 'NONE',  ( -0.7206315775864664541, 3.174999999999998934, -30.53899999999999082 ) ) ;
#1181 = FACE_OUTER_BOUND ( 'NONE', #2417, .T. ) ;
#1182 = DIRECTION ( 'NONE',  ( 1.000000000000000000, 0.000000000000000000, 0.000000000000000000 ) ) ;
#1183 = AXIS2_PLACEMENT_3D ( 'NONE', #5389, #587, #5920 ) ;
#1184 = AXIS2_PLACEMENT_3D ( 'NONE', #4337, #5384, #1817 ) ;
#1185 = VERTEX_POINT ( 'NONE', #5530 ) ;
#1186 = ADVANCED_FACE ( 'NONE', ( #5633 ), #5112, .T. ) ;
#1187 = CARTESIAN_POINT ( 'NONE',  ( 25.18900000000000361, 1.502637486114517751, -18.64999999999999503 ) ) ;
#1188 = CARTESIAN_POINT ( 'NONE',  ( -6.200000000000001954, -6.201000000000000512, -13.83137084989847665 ) ) ;
#1189 = DIRECTION ( 'NONE',  ( 0.000000000000000000, 0.000000000000000000, -1.000000000000000000 ) ) ;
#1190 = CARTESIAN_POINT ( 'NONE',  ( 13.19809734904587195, 2.040073290564207831, -27.99542212862617063 ) ) ;
#1191 = LINE ( 'NONE', #2780, #1724 ) ;
#1192 = CARTESIAN_POINT ( 'NONE',  ( 0.000000000000000000, 0.000000000000000000, 5.139000000000003787 ) ) ;
#1193 = VECTOR ( 'NONE', #4064, 1000.000000000000000 ) ;
#1194 = CIRCLE ( 'NONE', #1653, 2.299999999999999822 ) ;
#1195 = EDGE_CURVE ( 'NONE', #2367, #1696, #4849, .T. ) ;
#1196 = CIRCLE ( 'NONE', #402, 2.299999999999999822 ) ;
#1197 = VERTEX_POINT ( 'NONE', #4488 ) ;
#1198 = DIRECTION ( 'NONE',  ( -1.000000000000000000, 0.000000000000000000, 0.000000000000000000 ) ) ;
#1199 = DIRECTION ( 'NONE',  ( 0.000000000000000000, 0.000000000000000000, 1.000000000000000000 ) ) ;
#1200 = ORIENTED_EDGE ( 'NONE', *, *, #4182, .T. ) ;
#1201 = CIRCLE ( 'NONE', #6673, 2.100000000000000977 ) ;
#1202 = CARTESIAN_POINT ( 'NONE',  ( 0.4286119346557873411, -2.057850353472996385, 2.353605336466520814 ) ) ;
#1203 = ORIENTED_EDGE ( 'NONE', *, *, #812, .T. ) ;
#1204 = ORIENTED_EDGE ( 'NONE', *, *, #2982, .F. ) ;
#1205 = ORIENTED_EDGE ( 'NONE', *, *, #2526, .F. ) ;
#1206 = LINE ( 'NONE', #3148, #4262 ) ;
#1207 = ORIENTED_EDGE ( 'NONE', *, *, #4217, .F. ) ;
#1208 = CARTESIAN_POINT ( 'NONE',  ( 21.64542212862616566, 2.040073290564207831, -5.851902650954129648 ) ) ;
#1209 = CARTESIAN_POINT ( 'NONE',  ( 24.48900000000000432, 0.000000000000000000, -16.94999999999999574 ) ) ;
#1210 = ORIENTED_EDGE ( 'NONE', *, *, #4085, .T. ) ;
#1211 = ORIENTED_EDGE ( 'NONE', *, *, #494, .F. ) ;
#1212 = CYLINDRICAL_SURFACE ( 'NONE', #176, 3.175000000000000711 ) ;
#1213 = CARTESIAN_POINT ( 'NONE',  ( -5.068629150101525482, -6.201000000000000512, -12.69999999999999929 ) ) ;
#1214 = VERTEX_POINT ( 'NONE', #3966 ) ;
#1215 = CARTESIAN_POINT ( 'NONE',  ( 14.80000000000000071, -2.571758278209440971E-16, -26.28900000000000148 ) ) ;
#1216 = CARTESIAN_POINT ( 'NONE',  ( -0.5734863112436872079, 2.021666578221208432, -28.85712190959814905 ) ) ;
#1217 = FACE_OUTER_BOUND ( 'NONE', #342, .T. ) ;
#1218 = EDGE_CURVE ( 'NONE', #6521, #4667, #6619, .T. ) ;
#1219 = ADVANCED_FACE ( 'NONE', ( #5036 ), #230, .F. ) ;
#1220 = ORIENTED_EDGE ( 'NONE', *, *, #6441, .T. ) ;
#1221 = EDGE_CURVE ( 'NONE', #3134, #4077, #6779, .T. ) ;
#1222 = CARTESIAN_POINT ( 'NONE',  ( -6.200000000000001954, -0.1999999999999996503, -25.39999999999999858 ) ) ;
#1223 = DIRECTION ( 'NONE',  ( 1.000000000000000000, 0.000000000000000000, -8.115498896123167176E-15 ) ) ;
#1224 = DIRECTION ( 'NONE',  ( 1.000000000000000000, 0.000000000000000000, -1.084202172485504434E-16 ) ) ;
#1225 = DIRECTION ( 'NONE',  ( 1.000000000000000000, 0.000000000000000000, 8.115498896123205041E-15 ) ) ;
#1226 = CARTESIAN_POINT ( 'NONE',  ( 24.57307225861764266, 2.264950330581225746, -18.64999999999999503 ) ) ;
#1227 = CYLINDRICAL_SURFACE ( 'NONE', #2950, 2.100000000000000977 ) ;
#1228 = CARTESIAN_POINT ( 'NONE',  ( 13.19809734904587195, 2.040073290564206943, 2.595422128626172054 ) ) ;
#1229 = ORIENTED_EDGE ( 'NONE', *, *, #33, .F. ) ;
#1230 = VERTEX_POINT ( 'NONE', #3612 ) ;
#1231 = ORIENTED_EDGE ( 'NONE', *, *, #1743, .F. ) ;
#1232 = CARTESIAN_POINT ( 'NONE',  ( 25.18899999999999650, -1.502637486114517751, -6.749999999999999112 ) ) ;
#1233 = ORIENTED_EDGE ( 'NONE', *, *, #4588, .T. ) ;
#1234 = CARTESIAN_POINT ( 'NONE',  ( 6.350000000000000533, -0.8890000000000000124, -12.69999999999999929 ) ) ;
#1235 = VECTOR ( 'NONE', #3913, 1000.000000000000000 ) ;
#1236 = DIRECTION ( 'NONE',  ( 0.9961946980917461003, 0.000000000000000000, 0.08715574274765176821 ) ) ;
#1237 = ORIENTED_EDGE ( 'NONE', *, *, #4924, .T. ) ;
#1238 = ORIENTED_EDGE ( 'NONE', *, *, #4464, .T. ) ;
#1239 = VERTEX_POINT ( 'NONE', #4691 ) ;
#1240 = DIRECTION ( 'NONE',  ( -0.9961946980917461003, 0.000000000000000000, 0.08715574274765176821 ) ) ;
#1241 = LINE ( 'NONE', #1278, #1933 ) ;
#1242 = VERTEX_POINT ( 'NONE', #5783 ) ;
#1243 = AXIS2_PLACEMENT_3D ( 'NONE', #2605, #6819, #6309 ) ;
#1244 = DIRECTION ( 'NONE',  ( -0.000000000000000000, -1.000000000000000000, -0.000000000000000000 ) ) ;
#1245 = CARTESIAN_POINT ( 'NONE',  ( 12.20190265095412840, 2.040073290564207831, -27.99542212862617063 ) ) ;
#1246 = ADVANCED_FACE ( 'NONE', ( #2638 ), #5674, .T. ) ;
#1247 = DIRECTION ( 'NONE',  ( -0.000000000000000000, -1.000000000000000000, -0.000000000000000000 ) ) ;
#1248 = VECTOR ( 'NONE', #5959, 1000.000000000000000 ) ;
#1249 = PLANE ( 'NONE',  #938 ) ;
#1250 = EDGE_CURVE ( 'NONE', #4995, #1126, #4298, .T. ) ;
#1251 = DIRECTION ( 'NONE',  ( -1.000000000000000000, -0.000000000000000000, -0.000000000000000000 ) ) ;
#1252 = CIRCLE ( 'NONE', #1127, 3.174999999999999822 ) ;
#1253 = EDGE_CURVE ( 'NONE', #5026, #2224, #6237, .T. ) ;
#1254 = COORDINATED_UNIVERSAL_TIME_OFFSET ( 6, 0, .BEHIND. ) ;
#1255 = DIRECTION ( 'NONE',  ( 8.115498896123167176E-15, 0.000000000000000000, 1.000000000000000000 ) ) ;
#1256 = CARTESIAN_POINT ( 'NONE',  ( 12.69999999999999929, -2.174999999999999822, -9.525000000000002132 ) ) ;
#1257 = DIRECTION ( 'NONE',  ( -0.08715574274765176821, 0.000000000000000000, 0.9961946980917461003 ) ) ;
#1258 = VECTOR ( 'NONE', #3579, 1000.000000000000000 ) ;
#1259 = CARTESIAN_POINT ( 'NONE',  ( 12.69999999999999929, 0.000000000000000000, -25.39999999999999858 ) ) ;
#1260 = VERTEX_POINT ( 'NONE', #6894 ) ;
#1261 = AXIS2_PLACEMENT_3D ( 'NONE', #5369, #3664, #4320 ) ;
#1262 = CIRCLE ( 'NONE', #3173, 3.175000000000001155 ) ;
#1263 = B_SPLINE_CURVE_WITH_KNOTS ( 'NONE', 3,
 ( #649, #2672, #5318, #94 ),
 .UNSPECIFIED., .F., .F.,
 ( 4, 4 ),
 ( 0.003655977453372196914, 0.003758849537120531516 ),
 .UNSPECIFIED. ) ;
#1264 = EDGE_CURVE ( 'NONE', #4951, #1274, #2494, .T. ) ;
#1265 = CYLINDRICAL_SURFACE ( 'NONE', #5314, 3.175000000000000711 ) ;
#1266 = ORIENTED_EDGE ( 'NONE', *, *, #5973, .F. ) ;
#1267 = VERTEX_POINT ( 'NONE', #5745 ) ;
#1268 = ORIENTED_EDGE ( 'NONE', *, *, #2636, .F. ) ;
#1269 = CARTESIAN_POINT ( 'NONE',  ( -5.200000000000001066, -4.174999999999998046, -14.24558441227157068 ) ) ;
#1270 = ORIENTED_EDGE ( 'NONE', *, *, #1798, .F. ) ;
#1271 = EDGE_CURVE ( 'NONE', #3909, #4294, #2598, .T. ) ;
#1272 = CARTESIAN_POINT ( 'NONE',  ( 12.69999999999999929, -0.8890000000000000124, -3.174999999999999378 ) ) ;
#1273 = ORIENTED_EDGE ( 'NONE', *, *, #2640, .F. ) ;
#1274 = VERTEX_POINT ( 'NONE', #1996 ) ;
#1275 = ORIENTED_EDGE ( 'NONE', *, *, #102, .F. ) ;
#1276 = ADVANCED_FACE ( 'NONE', ( #4620 ), #3547, .F. ) ;
#1277 = DIRECTION ( 'NONE',  ( 1.000000000000000000, 0.000000000000000000, 0.000000000000000000 ) ) ;
#1278 = CARTESIAN_POINT ( 'NONE',  ( -6.200000000000001066, 6.200000000000000178, -2.000000000000000000 ) ) ;
#1279 = VECTOR ( 'NONE', #1141, 1000.000000000000000 ) ;
#1280 = CARTESIAN_POINT ( 'NONE',  ( -3.174999999999999822, 3.888253587292846081E-16, 0.000000000000000000 ) ) ;
#1281 = CARTESIAN_POINT ( 'NONE',  ( 24.67076274578120376, -2.232710535457612888, -5.950000000000003730 ) ) ;
#1282 = CARTESIAN_POINT ( 'NONE',  ( 24.57307225861763200, 2.264950330581225302, -5.950000000000003730 ) ) ;
#1283 = ORIENTED_EDGE ( 'NONE', *, *, #2015, .T. ) ;
#1284 = AXIS2_PLACEMENT_3D ( 'NONE', #5682, #3521, #5123 ) ;
#1285 = VERTEX_POINT ( 'NONE', #3021 ) ;
#1286 = DIRECTION ( 'NONE',  ( 0.000000000000000000, 0.000000000000000000, -1.000000000000000000 ) ) ;
#1287 = DIRECTION ( 'NONE',  ( -0.000000000000000000, -0.000000000000000000, 1.000000000000000000 ) ) ;
#1288 = AXIS2_PLACEMENT_3D ( 'NONE', #2241, #3328, #5420 ) ;
#1289 = CALENDAR_DATE ( 2022, 6, 6 ) ;
#1290 = AXIS2_PLACEMENT_3D ( 'NONE', #2641, #5289, #905 ) ;
#1291 = CARTESIAN_POINT ( 'NONE',  ( -6.200000000000003730, -6.200000000000000178, -11.56862915010152193 ) ) ;
#1292 = CARTESIAN_POINT ( 'NONE',  ( 12.82334492033679929, 2.100009524403047223, 2.138959997505216037 ) ) ;
#1293 = LINE ( 'NONE', #2223, #407 ) ;
#1294 = ORIENTED_EDGE ( 'NONE', *, *, #4912, .T. ) ;
#1295 = AXIS2_PLACEMENT_3D ( 'NONE', #5425, #1720, #6407 ) ;
#1296 = PLANE ( 'NONE',  #386 ) ;
#1297 = ORIENTED_EDGE ( 'NONE', *, *, #2591, .F. ) ;
#1298 = B_SPLINE_CURVE_WITH_KNOTS ( 'NONE', 3,
 ( #247, #4016, #2473, #5092, #2904, #6667, #750, #4470, #5514, #4540 ),
 .UNSPECIFIED., .F., .F.,
 ( 4, 2, 2, 2, 4 ),
 ( 0.000000000000000000, 0.0003704147845104418060, 0.0007408295690208836120, 0.001111244353531325472, 0.001481659138041767224 ),
 .UNSPECIFIED. ) ;
#1299 = CIRCLE ( 'NONE', #2881, 2.299999999999999822 ) ;
#1300 = EDGE_CURVE ( 'NONE', #767, #1136, #1547, .T. ) ;
#1301 = EDGE_CURVE ( 'NONE', #6085, #4916, #4477, .T. ) ;
#1302 = VECTOR ( 'NONE', #6581, 1000.000000000000000 ) ;
#1303 = ORIENTED_EDGE ( 'NONE', *, *, #4218, .T. ) ;
#1304 = CARTESIAN_POINT ( 'NONE',  ( -0.3999999999999993006, -1.502637486114517751, 6.139000000000000234 ) ) ;
#1305 = VERTEX_POINT ( 'NONE', #942 ) ;
#1306 = CIRCLE ( 'NONE', #5226, 2.299999999999999822 ) ;
#1307 = DIRECTION ( 'NONE',  ( 1.000000000000000000, 0.000000000000000000, 0.000000000000000000 ) ) ;
#1308 = CARTESIAN_POINT ( 'NONE',  ( 24.18900000000000361, -1.972483239316685122, -18.32936842241353048 ) ) ;
#1309 = ORIENTED_EDGE ( 'NONE', *, *, #1786, .T. ) ;
#1310 = ADVANCED_FACE ( 'NONE', ( #3090 ), #360, .T. ) ;
#1311 = ORIENTED_EDGE ( 'NONE', *, *, #1611, .F. ) ;
#1312 = ORIENTED_EDGE ( 'NONE', *, *, #6107, .T. ) ;
#1313 = EDGE_LOOP ( 'NONE', ( #5019, #2337, #3450, #2030 ) ) ;
#1314 = LINE ( 'NONE', #715, #1768 ) ;
#1315 = CARTESIAN_POINT ( 'NONE',  ( 22.50712190959814407, -2.021666578221208432, -5.776513688756314657 ) ) ;
#1316 = EDGE_LOOP ( 'NONE', ( #454, #240, #6491, #5601 ) ) ;
#1317 = CARTESIAN_POINT ( 'NONE',  ( 12.57665507966319751, -2.100009524403047223, 2.138959997505216037 ) ) ;
#1318 = CARTESIAN_POINT ( 'NONE',  ( 6.350000000000000533, -2.174999999999999822, -12.69999999999999929 ) ) ;
#1319 = CARTESIAN_POINT ( 'NONE',  ( 12.29999999999999716, 1.821676962433381952, 6.089970303311146971 ) ) ;
#1320 = EDGE_CURVE ( 'NONE', #644, #1837, #1154, .T. ) ;
#1321 = ORIENTED_EDGE ( 'NONE', *, *, #5761, .T. ) ;
#1322 = ORIENTED_EDGE ( 'NONE', *, *, #1341, .F. ) ;
#1323 = CARTESIAN_POINT ( 'NONE',  ( 13.42063157758646774, -3.174999999999999822, 5.138999999999997570 ) ) ;
#1324 = CARTESIAN_POINT ( 'NONE',  ( -3.100000000000000977, 3.099999999999999645, -23.39999999999999858 ) ) ;
#1325 = DIRECTION ( 'NONE',  ( 1.000000000000000000, 0.000000000000000000, 0.000000000000000000 ) ) ;
#1326 = DIRECTION ( 'NONE',  ( -0.000000000000000000, -0.000000000000000000, -1.000000000000000000 ) ) ;
#1327 = CYLINDRICAL_SURFACE ( 'NONE', #1494, 2.100000000000000977 ) ;
#1328 = FACE_OUTER_BOUND ( 'NONE', #1391, .T. ) ;
#1329 = CARTESIAN_POINT ( 'NONE',  ( -0.1233449203368008895, -2.100009524403047223, 2.138959997505215593 ) ) ;
#1330 = EDGE_CURVE ( 'NONE', #1230, #278, #6812, .T. ) ;
#1331 = ORIENTED_EDGE ( 'NONE', *, *, #3926, .F. ) ;
#1332 = EDGE_LOOP ( 'NONE', ( #3265, #637, #4894, #2066 ) ) ;
#1333 = CARTESIAN_POINT ( 'NONE',  ( -0.4000000000000000222, 2.254205848354697395, -30.95563645010066622 ) ) ;
#1334 = EDGE_LOOP ( 'NONE', ( #325, #4110, #2016, #3572 ) ) ;
#1335 = B_SPLINE_CURVE_WITH_KNOTS ( 'NONE', 3,
 ( #5741, #2558, #2630, #6298, #408, #4688 ),
 .UNSPECIFIED., .F., .F.,
 ( 4, 2, 4 ),
 ( 0.000000000000000000, 0.0004757428370953088953, 0.0009514856741906173570 ),
 .UNSPECIFIED. ) ;
#1336 = ADVANCED_FACE ( 'NONE', ( #5142 ), #1960, .F. ) ;
#1337 = ADVANCED_FACE ( 'NONE', ( #2068 ), #1381, .T. ) ;
#1338 = CARTESIAN_POINT ( 'NONE',  ( -0.4980973490458714958, -2.040073290564207831, 2.595422128626172054 ) ) ;
#1339 = CARTESIAN_POINT ( 'NONE',  ( 21.52063470255290056, -2.042738866564660416, -19.53717986391387740 ) ) ;
#1340 = ORIENTED_EDGE ( 'NONE', *, *, #1833, .F. ) ;
#1341 = EDGE_CURVE ( 'NONE', #5651, #3537, #1148, .T. ) ;
#1342 = VERTEX_POINT ( 'NONE', #5989 ) ;
#1343 = VERTEX_POINT ( 'NONE', #4836 ) ;
#1344 = EDGE_LOOP ( 'NONE', ( #4005, #1986, #4462, #2929, #3002, #6250, #432, #3593, #5353, #2626 ) ) ;
#1345 = DIRECTION ( 'NONE',  ( -0.000000000000000000, -0.000000000000000000, -1.000000000000000000 ) ) ;
#1346 = LINE ( 'NONE', #3491, #1569 ) ;
#1347 = ORIENTED_EDGE ( 'NONE', *, *, #2424, .T. ) ;
#1348 = LINE ( 'NONE', #356, #5039 ) ;
#1349 = DIRECTION ( 'NONE',  ( -0.000000000000000000, 0.000000000000000000, 1.000000000000000000 ) ) ;
#1350 = DIRECTION ( 'NONE',  ( 0.000000000000000000, 0.000000000000000000, 1.000000000000000000 ) ) ;
#1351 = EDGE_CURVE ( 'NONE', #2694, #4115, #3728, .T. ) ;
#1352 = DIRECTION ( 'NONE',  ( 1.000000000000000000, 0.000000000000000000, 8.260587980841937794E-15 ) ) ;
#1353 = VECTOR ( 'NONE', #2397, 1000.000000000000000 ) ;
#1354 = ORIENTED_EDGE ( 'NONE', *, *, #3677, .T. ) ;
#1355 = ORIENTED_EDGE ( 'NONE', *, *, #2606, .T. ) ;
#1356 = DIRECTION ( 'NONE',  ( 1.000000000000000000, 0.000000000000000000, 0.000000000000000000 ) ) ;
#1357 = VECTOR ( 'NONE', #3815, 1000.000000000000000 ) ;
#1358 = DIRECTION ( 'NONE',  ( 1.000000000000000000, -8.881784197001252323E-16, 0.000000000000000000 ) ) ;
#1359 = EDGE_CURVE ( 'NONE', #2232, #3673, #5854, .T. ) ;
#1360 = LINE ( 'NONE', #6579, #5548 ) ;
#1361 = CARTESIAN_POINT ( 'NONE',  ( 13.09999999999999964, -2.264950330581225746, -30.92307225861763698 ) ) ;
#1362 = CARTESIAN_POINT ( 'NONE',  ( -6.200000000000001066, 6.200000000000000178, -9.328334981051643382 ) ) ;
#1363 = CARTESIAN_POINT ( 'NONE',  ( -5.200000000000003730, -4.174999999999999822, -23.39999999999999858 ) ) ;
#1364 = DIRECTION ( 'NONE',  ( -1.000000000000000000, 0.000000000000000000, 0.000000000000000000 ) ) ;
#1365 = EDGE_LOOP ( 'NONE', ( #2906, #1266, #1445, #2701 ) ) ;
#1366 = AXIS2_PLACEMENT_3D ( 'NONE', #5421, #650, #1716 ) ;
#1367 = CARTESIAN_POINT ( 'NONE',  ( -0.4282819678817712528, -2.057911970479199937, 2.353224001008315636 ) ) ;
#1368 = ORIENTED_EDGE ( 'NONE', *, *, #2773, .F. ) ;
#1369 = ORIENTED_EDGE ( 'NONE', *, *, #3124, .F. ) ;
#1370 = DIRECTION ( 'NONE',  ( 0.000000000000000000, 1.000000000000000000, 0.000000000000000000 ) ) ;
#1371 = CIRCLE ( 'NONE', #1035, 3.175000000000002487 ) ;
#1372 = EDGE_LOOP ( 'NONE', ( #1425, #6744, #485, #730 ) ) ;
#1373 = DIRECTION ( 'NONE',  ( -0.000000000000000000, -1.000000000000000000, 0.000000000000000000 ) ) ;
#1374 = CARTESIAN_POINT ( 'NONE',  ( 21.64542212862617632, -2.040073290564207831, -19.54809734904586804 ) ) ;
#1375 = ORIENTED_EDGE ( 'NONE', *, *, #4775, .T. ) ;
#1376 = LOCAL_TIME ( 14, 4, 1.000000000000000000, #3508 ) ;
#1377 = VERTEX_POINT ( 'NONE', #4239 ) ;
#1378 = ADVANCED_FACE ( 'NONE', ( #3828 ), #1658, .F. ) ;
#1379 = EDGE_CURVE ( 'NONE', #6153, #2687, #5362, .T. ) ;
#1380 = ORIENTED_EDGE ( 'NONE', *, *, #3277, .T. ) ;
#1381 = TOROIDAL_SURFACE ( 'NONE', #4070, 1.554966049364602254, 0.7500000000000000000 ) ;
#1382 = ORIENTED_EDGE ( 'NONE', *, *, #4713, .T. ) ;
#1383 = CARTESIAN_POINT ( 'NONE',  ( 6.350000000000000533, -4.174999999999999822, -9.524999999999996803 ) ) ;
#1384 = CARTESIAN_POINT ( 'NONE',  ( 19.05000000000000071, 3.888253587292845095E-16, -15.87499999999999645 ) ) ;
#1385 = ORIENTED_EDGE ( 'NONE', *, *, #2082, .F. ) ;
#1386 = EDGE_CURVE ( 'NONE', #5312, #44, #3181, .T. ) ;
#1387 =( BOUNDED_CURVE ( )  B_SPLINE_CURVE ( 3, ( #1845, #1315, #4999, #2905 ),
 .UNSPECIFIED., .F., .T. ) 
 B_SPLINE_CURVE_WITH_KNOTS ( ( 4, 4 ),
 ( 1.810267798689539021, 1.921073213463466933 ),
 .UNSPECIFIED. ) 
 CURVE ( )  GEOMETRIC_REPRESENTATION_ITEM ( )  RATIONAL_B_SPLINE_CURVE ( ( 1.000000000000000000, 0.9989771083553060649, 0.9989771083553060649, 1.000000000000000000 ) ) 
 REPRESENTATION_ITEM ( '' )  );
#1388 = DIRECTION ( 'NONE',  ( 0.7071067811865474617, 0.7071067811865476838, 0.000000000000000000 ) ) ;
#1389 = CARTESIAN_POINT ( 'NONE',  ( 0.000000000000000000, -0.8890000000000000124, -6.349999999999999645 ) ) ;
#1390 = DIRECTION ( 'NONE',  ( 0.000000000000000000, 0.000000000000000000, -1.000000000000000000 ) ) ;
#1391 = EDGE_LOOP ( 'NONE', ( #4811, #4147, #5639, #2859 ) ) ;
#1392 = EDGE_CURVE ( 'NONE', #2687, #401, #5955, .T. ) ;
#1393 = ORIENTED_EDGE ( 'NONE', *, *, #1601, .F. ) ;
#1394 = CARTESIAN_POINT ( 'NONE',  ( 12.69999999999999929, 0.000000000000000000, -30.92307225861763698 ) ) ;
#1395 = AXIS2_PLACEMENT_3D ( 'NONE', #4234, #1714, #2174 ) ;
#1396 = PLANE ( 'NONE',  #3893 ) ;
#1397 = DIRECTION ( 'NONE',  ( 0.000000000000000000, 0.000000000000000000, -1.000000000000000000 ) ) ;
#1398 = PERSON_AND_ORGANIZATION_ROLE ( 'classification_officer' ) ;
#1399 = VECTOR ( 'NONE', #1307, 1000.000000000000000 ) ;
#1400 = EDGE_CURVE ( 'NONE', #2358, #944, #1499, .T. ) ;
#1401 = CARTESIAN_POINT ( 'NONE',  ( 12.69999999999999929, 0.000000000000000000, -30.83899999999999864 ) ) ;
#1402 = CARTESIAN_POINT ( 'NONE',  ( 6.350000000000000533, -2.174999999999999822, -9.524999999999996803 ) ) ;
#1403 = ORIENTED_EDGE ( 'NONE', *, *, #1707, .T. ) ;
#1404 = VECTOR ( 'NONE', #2734, 1000.000000000000000 ) ;
#1405 = CARTESIAN_POINT ( 'NONE',  ( 21.40360533646652286, 2.057850353472996385, -18.62138806534421676 ) ) ;
#1406 = AXIS2_PLACEMENT_3D ( 'NONE', #264, #2430, #6682 ) ;
#1407 = ADVANCED_FACE ( 'NONE', ( #2214 ), #6303, .T. ) ;
#1408 = AXIS2_PLACEMENT_3D ( 'NONE', #6029, #5461, #1085 ) ;
#1409 = ORIENTED_EDGE ( 'NONE', *, *, #1043, .F. ) ;
#1410 = VERTEX_POINT ( 'NONE', #98 ) ;
#1411 = LINE ( 'NONE', #273, #4709 ) ;
#1412 = VERTEX_POINT ( 'NONE', #690 ) ;
#1413 = AXIS2_PLACEMENT_3D ( 'NONE', #3157, #2597, #5702 ) ;
#1414 = VECTOR ( 'NONE', #4758, 1000.000000000000000 ) ;
#1415 = CARTESIAN_POINT ( 'NONE',  ( 12.30000000000000071, -2.254205848354697839, 5.555636450100673862 ) ) ;
#1416 = LINE ( 'NONE', #3560, #3509 ) ;
#1417 = ORIENTED_EDGE ( 'NONE', *, *, #4823, .T. ) ;
#1418 = VECTOR ( 'NONE', #6062, 999.9999999999998863 ) ;
#1419 = ORIENTED_EDGE ( 'NONE', *, *, #3061, .T. ) ;
#1420 = AXIS2_PLACEMENT_3D ( 'NONE', #2050, #6288, #2546 ) ;
#1421 = ORIENTED_EDGE ( 'NONE', *, *, #1568, .F. ) ;
#1422 = ORIENTED_EDGE ( 'NONE', *, *, #4342, .F. ) ;
#1423 = CARTESIAN_POINT ( 'NONE',  ( 13.10000000000000142, 0.000000000000000000, -31.53899999999999793 ) ) ;
#1424 = PLANE ( 'NONE',  #1550 ) ;
#1425 = ORIENTED_EDGE ( 'NONE', *, *, #3819, .T. ) ;
#1426 = DIRECTION ( 'NONE',  ( 0.000000000000000000, 0.000000000000000000, -1.000000000000000000 ) ) ;
#1427 = DIRECTION ( 'NONE',  ( 0.000000000000000000, 1.000000000000000000, 0.000000000000000000 ) ) ;
#1428 = CARTESIAN_POINT ( 'NONE',  ( 12.69999999999999929, -5.460999999999999410, -9.525000000000002132 ) ) ;
#1429 = AXIS2_PLACEMENT_3D ( 'NONE', #2390, #6647, #4133 ) ;
#1430 = ORIENTED_EDGE ( 'NONE', *, *, #5973, .T. ) ;
#1431 = ORIENTED_EDGE ( 'NONE', *, *, #6361, .T. ) ;
#1432 = DIRECTION ( 'NONE',  ( 1.000000000000000000, 0.000000000000000000, -1.621236893436268647E-16 ) ) ;
#1433 = DIRECTION ( 'NONE',  ( -1.000000000000000000, 0.000000000000000000, 0.000000000000000000 ) ) ;
#1434 = EDGE_CURVE ( 'NONE', #5482, #88, #165, .T. ) ;
#1435 = DIRECTION ( 'NONE',  ( -0.000000000000000000, 0.000000000000000000, 1.000000000000000000 ) ) ;
#1436 = EDGE_CURVE ( 'NONE', #3202, #2578, #5182, .T. ) ;
#1437 = ADVANCED_FACE ( 'NONE', ( #6677 ), #1249, .F. ) ;
#1438 = FACE_OUTER_BOUND ( 'NONE', #5184, .T. ) ;
#1439 = DIRECTION ( 'NONE',  ( 1.000000000000000000, 0.000000000000000000, 0.000000000000000000 ) ) ;
#1440 = FACE_OUTER_BOUND ( 'NONE', #5144, .T. ) ;
#1441 = VERTEX_POINT ( 'NONE', #5626 ) ;
#1442 = FACE_OUTER_BOUND ( 'NONE', #2788, .T. ) ;
#1443 = FACE_OUTER_BOUND ( 'NONE', #3842, .T. ) ;
#1444 = EDGE_LOOP ( 'NONE', ( #1600, #1220, #711, #6692, #5274, #1665, #1846, #2272, #4015, #5423, #747, #5732 ) ) ;
#1445 = ORIENTED_EDGE ( 'NONE', *, *, #6311, .F. ) ;
#1446 = CARTESIAN_POINT ( 'NONE',  ( 12.30000000000000071, -2.243459280444427772, 5.588199955838118349 ) ) ;
#1447 = DIRECTION ( 'NONE',  ( -0.000000000000000000, -1.000000000000000000, -0.000000000000000000 ) ) ;
#1448 = VERTEX_POINT ( 'NONE', #2975 ) ;
#1449 = ORIENTED_EDGE ( 'NONE', *, *, #3193, .F. ) ;
#1450 = ORIENTED_EDGE ( 'NONE', *, *, #2433, .T. ) ;
#1451 = CARTESIAN_POINT ( 'NONE',  ( 12.69999999999999929, -5.460999999999999410, -19.04999999999999716 ) ) ;
#1452 = DIRECTION ( 'NONE',  ( 0.000000000000000000, 0.000000000000000000, -1.000000000000000000 ) ) ;
#1453 = ORIENTED_EDGE ( 'NONE', *, *, #2069, .T. ) ;
#1454 = LINE ( 'NONE', #6696, #348 ) ;
#1455 = DIRECTION ( 'NONE',  ( 0.000000000000000000, 0.000000000000000000, 1.000000000000000000 ) ) ;
#1456 = DIRECTION ( 'NONE',  ( -0.000000000000000000, 0.000000000000000000, 1.000000000000000000 ) ) ;
#1457 = ORIENTED_EDGE ( 'NONE', *, *, #2922, .F. ) ;
#1458 = ORIENTED_EDGE ( 'NONE', *, *, #3764, .F. ) ;
#1459 = DIRECTION ( 'NONE',  ( -0.08715574274765176821, -0.000000000000000000, 0.9961946980917461003 ) ) ;
#1460 = LINE ( 'NONE', #405, #2316 ) ;
#1461 = CYLINDRICAL_SURFACE ( 'NONE', #2210, 3.175000000000000711 ) ;
#1462 = DIRECTION ( 'NONE',  ( 0.000000000000000000, 0.000000000000000000, -1.000000000000000000 ) ) ;
#1463 = AXIS2_PLACEMENT_3D ( 'NONE', #4231, #2824, #468 ) ;
#1464 = DIRECTION ( 'NONE',  ( 0.000000000000000000, 1.000000000000000000, 0.000000000000000000 ) ) ;
#1465 = AXIS2_PLACEMENT_3D ( 'NONE', #499, #4889, #4290 ) ;
#1466 = EDGE_CURVE ( 'NONE', #1185, #6763, #5522, .T. ) ;
#1467 = EDGE_CURVE ( 'NONE', #1485, #5862, #1855, .T. ) ;
#1468 = LINE ( 'NONE', #3611, #2314 ) ;
#1469 = CARTESIAN_POINT ( 'NONE',  ( -6.200000000000001954, 6.200000000000000178, -23.39999999999999858 ) ) ;
#1470 = CARTESIAN_POINT ( 'NONE',  ( 24.67076274578120376, -2.232710535457612888, -6.749999999999999112 ) ) ;
#1471 = ORIENTED_EDGE ( 'NONE', *, *, #3535, .T. ) ;
#1472 = ADVANCED_FACE ( 'NONE', ( #3398 ), #5753, .T. ) ;
#1473 = CARTESIAN_POINT ( 'NONE',  ( 24.63819995583812172, -2.243459280444428661, -19.44999999999999574 ) ) ;
#1474 = DIRECTION ( 'NONE',  ( 0.000000000000000000, -0.000000000000000000, 1.000000000000000000 ) ) ;
#1475 = AXIS2_PLACEMENT_3D ( 'NONE', #1063, #86, #1029 ) ;
#1476 = LINE ( 'NONE', #3095, #2046 ) ;
#1477 = CARTESIAN_POINT ( 'NONE',  ( 3.888253587292846081E-16, -0.8890000000000000124, -15.87499999999999645 ) ) ;
#1478 = CIRCLE ( 'NONE', #5499, 3.174999999999999822 ) ;
#1479 = CARTESIAN_POINT ( 'NONE',  ( 10.60012705463137550, 0.000000000000000000, 6.139000000000000234 ) ) ;
#1480 = B_SPLINE_CURVE_WITH_KNOTS ( 'NONE', 3,
 ( #5411, #6466, #5911, #6912 ),
 .UNSPECIFIED., .F., .F.,
 ( 4, 4 ),
 ( 0.007647354141962973799, 0.007869202712918556275 ),
 .UNSPECIFIED. ) ;
#1481 = ORIENTED_EDGE ( 'NONE', *, *, #3754, .F. ) ;
#1482 = EDGE_CURVE ( 'NONE', #4512, #3420, #5413, .T. ) ;
#1483 = DIRECTION ( 'NONE',  ( 0.000000000000000000, 0.000000000000000000, 1.000000000000000000 ) ) ;
#1484 = CARTESIAN_POINT ( 'NONE',  ( 0.7206315775864680084, 1.972483239316683346, -30.53899999999999082 ) ) ;
#1485 = VERTEX_POINT ( 'NONE', #5006 ) ;
#1486 = B_SPLINE_CURVE_WITH_KNOTS ( 'NONE', 3,
 ( #410, #585, #550, #6506, #97, #1187 ),
 .UNSPECIFIED., .F., .F.,
 ( 4, 2, 4 ),
 ( 0.000000000000000000, 0.0004757001404452628575, 0.0009514002808905257149 ),
 .UNSPECIFIED. ) ;
#1487 = AXIS2_PLACEMENT_3D ( 'NONE', #6355, #3238, #4848 ) ;
#1488 = ORIENTED_EDGE ( 'NONE', *, *, #3626, .F. ) ;
#1489 = ADVANCED_FACE ( 'NONE', ( #4027 ), #789, .F. ) ;
#1490 = VERTEX_POINT ( 'NONE', #3901 ) ;
#1491 = VERTEX_POINT ( 'NONE', #3960 ) ;
#1492 = CARTESIAN_POINT ( 'NONE',  ( 12.30000000000000071, 3.175000000000000711, -31.53899999999999793 ) ) ;
#1493 = CARTESIAN_POINT ( 'NONE',  ( 12.69999999999999929, 0.000000000000000000, -26.28900000000000148 ) ) ;
#1494 = AXIS2_PLACEMENT_3D ( 'NONE', #5072, #6127, #5564 ) ;
#1495 = APPROVAL_PERSON_ORGANIZATION ( #225, #1024, #868 ) ;
#1496 = PLANE ( 'NONE',  #5983 ) ;
#1497 = FACE_OUTER_BOUND ( 'NONE', #362, .T. ) ;
#1498 = ORIENTED_EDGE ( 'NONE', *, *, #4726, .T. ) ;
#1499 = CIRCLE ( 'NONE', #2394, 2.100000000000000977 ) ;
#1500 = EDGE_CURVE ( 'NONE', #1343, #3004, #6635, .T. ) ;
#1501 = EDGE_LOOP ( 'NONE', ( #6489, #4045 ) ) ;
#1502 = CARTESIAN_POINT ( 'NONE',  ( 24.60563645010066836, 2.254205848354697839, -5.950000000000003730 ) ) ;
#1503 = CARTESIAN_POINT ( 'NONE',  ( 21.64542212862617632, -3.175000000000000711, -18.55190265095412627 ) ) ;
#1504 = PLANE ( 'NONE',  #840 ) ;
#1505 = AXIS2_PLACEMENT_3D ( 'NONE', #6483, #5430, #1770 ) ;
#1506 = DIRECTION ( 'NONE',  ( 0.000000000000000000, 0.000000000000000000, 1.000000000000000000 ) ) ;
#1507 = DIRECTION ( 'NONE',  ( -0.3090169943749442316, 0.000000000000000000, 0.9510565162951545304 ) ) ;
#1508 = LINE ( 'NONE', #3686, #1760 ) ;
#1509 = CARTESIAN_POINT ( 'NONE',  ( 12.69999999999999929, -5.460999999999999410, -19.04999999999999716 ) ) ;
#1510 = EDGE_LOOP ( 'NONE', ( #3003, #5968, #3458, #5080 ) ) ;
#1511 = CARTESIAN_POINT ( 'NONE',  ( 0.000000000000000000, 0.000000000000000000, -30.83899999999999153 ) ) ;
#1512 = CARTESIAN_POINT ( 'NONE',  ( 3.174999999999999822, 0.000000000000000000, 0.000000000000000000 ) ) ;
#1513 = CIRCLE ( 'NONE', #4078, 2.268258436585967264 ) ;
#1514 = CARTESIAN_POINT ( 'NONE',  ( -6.200000000000001954, -0.1999999999999979294, -23.39999999999999858 ) ) ;
#1515 = CYLINDRICAL_SURFACE ( 'NONE', #4832, 3.175000000000000711 ) ;
#1516 = VECTOR ( 'NONE', #1693, 1000.000000000000000 ) ;
#1517 = VERTEX_POINT ( 'NONE', #3469 ) ;
#1518 = DIRECTION ( 'NONE',  ( -0.000000000000000000, 1.000000000000000000, 0.000000000000000000 ) ) ;
#1519 = ORIENTED_EDGE ( 'NONE', *, *, #5491, .T. ) ;
#1520 = CARTESIAN_POINT ( 'NONE',  ( 12.30000000000000071, -2.243459280444428217, -30.98819995583811959 ) ) ;
#1521 = EDGE_CURVE ( 'NONE', #5569, #4501, #3433, .T. ) ;
#1522 = CIRCLE ( 'NONE', #1184, 0.7500000000000006661 ) ;
#1523 = EDGE_CURVE ( 'NONE', #3943, #2971, #6027, .T. ) ;
#1524 = ORIENTED_EDGE ( 'NONE', *, *, #3551, .T. ) ;
#1525 = ORIENTED_EDGE ( 'NONE', *, *, #2845, .T. ) ;
#1526 = EDGE_LOOP ( 'NONE', ( #2893, #6110, #96, #3982, #5611, #3709 ) ) ;
#1527 = VECTOR ( 'NONE', #1189, 1000.000000000000000 ) ;
#1528 = DIRECTION ( 'NONE',  ( 0.000000000000000000, 0.000000000000000000, 1.000000000000000000 ) ) ;
#1529 = LINE ( 'NONE', #4395, #4598 ) ;
#1530 = ORIENTED_EDGE ( 'NONE', *, *, #4903, .T. ) ;
#1531 = CARTESIAN_POINT ( 'NONE',  ( 24.67076274578120376, 2.232710535457612888, -5.950000000000003730 ) ) ;
#1532 = DIRECTION ( 'NONE',  ( 0.000000000000000000, 0.000000000000000000, 1.000000000000000000 ) ) ;
#1533 = CARTESIAN_POINT ( 'NONE',  ( 19.05000000000000071, 6.200000000000000178, 0.000000000000000000 ) ) ;
#1534 = ADVANCED_FACE ( 'NONE', ( #6120 ), #6316, .T. ) ;
#1535 = AXIS2_PLACEMENT_3D ( 'NONE', #6295, #2516, #2105 ) ;
#1536 = ORIENTED_EDGE ( 'NONE', *, *, #3476, .F. ) ;
#1537 = ORIENTED_EDGE ( 'NONE', *, *, #541, .T. ) ;
#1538 = DIRECTION ( 'NONE',  ( -1.000000000000000000, 0.000000000000000000, 1.305705842133080558E-16 ) ) ;
#1539 = CARTESIAN_POINT ( 'NONE',  ( 12.69999999999999929, -5.460999999999999410, -6.350000000000000533 ) ) ;
#1540 = DIRECTION ( 'NONE',  ( 1.000000000000000000, 0.000000000000000000, -8.115498896123167176E-15 ) ) ;
#1541 = VECTOR ( 'NONE', #1528, 1000.000000000000000 ) ;
#1542 = CARTESIAN_POINT ( 'NONE',  ( -0.4000000000000000222, 2.061552812808830293, -30.53899999999999082 ) ) ;
#1543 = EDGE_CURVE ( 'NONE', #2578, #3202, #55, .T. ) ;
#1544 = CARTESIAN_POINT ( 'NONE',  ( -2.299999999999999822, 0.000000000000000000, -30.92307225861762987 ) ) ;
#1545 = ORIENTED_EDGE ( 'NONE', *, *, #294, .F. ) ;
#1546 = CARTESIAN_POINT ( 'NONE',  ( 24.43900000000000716, 0.000000000000000000, -19.04999999999999716 ) ) ;
#1547 = LINE ( 'NONE', #4725, #4516 ) ;
#1548 = DIRECTION ( 'NONE',  ( 0.000000000000000000, 0.000000000000000000, 1.000000000000000000 ) ) ;
#1549 = VERTEX_POINT ( 'NONE', #5032 ) ;
#1550 = AXIS2_PLACEMENT_3D ( 'NONE', #4638, #963, #394 ) ;
#1551 = CARTESIAN_POINT ( 'NONE',  ( -0.3999999999999999667, -1.502637486114517751, -31.53899999999999082 ) ) ;
#1552 = DIRECTION ( 'NONE',  ( 0.000000000000000000, 0.000000000000000000, -1.000000000000000000 ) ) ;
#1553 = PLANE ( 'NONE',  #5965 ) ;
#1554 = CARTESIAN_POINT ( 'NONE',  ( 13.42063157758646774, 3.175000000000000711, -30.53899999999999793 ) ) ;
#1555 = B_SPLINE_CURVE_WITH_KNOTS ( 'NONE', 3,
 ( #4258, #3215, #2162, #569 ),
 .UNSPECIFIED., .F., .F.,
 ( 4, 4 ),
 ( 0.002832913685900423535, 0.002935786532568634283 ),
 .UNSPECIFIED. ) ;
#1556 = VERTEX_POINT ( 'NONE', #4450 ) ;
#1557 = FACE_OUTER_BOUND ( 'NONE', #2169, .T. ) ;
#1558 = VERTEX_POINT ( 'NONE', #6577 ) ;
#1559 = EDGE_CURVE ( 'NONE', #5465, #1020, #1794, .T. ) ;
#1560 = CARTESIAN_POINT ( 'NONE',  ( 0.4000000000000000222, -2.254205848354697395, -30.95563645010066622 ) ) ;
#1561 = PLANE ( 'NONE',  #1719 ) ;
#1562 = ORIENTED_EDGE ( 'NONE', *, *, #1195, .T. ) ;
#1563 = EDGE_LOOP ( 'NONE', ( #5479, #6567, #1027, #6823 ) ) ;
#1564 = EDGE_CURVE ( 'NONE', #5862, #1701, #4515, .T. ) ;
#1565 = EDGE_LOOP ( 'NONE', ( #4357, #4922, #2262, #3614 ) ) ;
#1566 = DIRECTION ( 'NONE',  ( 0.000000000000000000, 1.000000000000000000, 0.000000000000000000 ) ) ;
#1567 = DIRECTION ( 'NONE',  ( 0.000000000000000000, -0.000000000000000000, -1.000000000000000000 ) ) ;
#1568 = EDGE_CURVE ( 'NONE', #246, #4399, #2942, .T. ) ;
#1569 = VECTOR ( 'NONE', #3567, 1000.000000000000000 ) ;
#1570 = FACE_OUTER_BOUND ( 'NONE', #2616, .T. ) ;
#1571 = DIRECTION ( 'NONE',  ( 0.000000000000000000, 0.000000000000000000, -1.000000000000000000 ) ) ;
#1572 = CARTESIAN_POINT ( 'NONE',  ( -0.4000000000000000222, 3.174999999999998934, -31.53899999999999082 ) ) ;
#1573 = ORIENTED_EDGE ( 'NONE', *, *, #6178, .T. ) ;
#1574 = ORIENTED_EDGE ( 'NONE', *, *, #776, .F. ) ;
#1575 = DIRECTION ( 'NONE',  ( -0.000000000000000000, -1.000000000000000000, 0.000000000000000000 ) ) ;
#1576 = CARTESIAN_POINT ( 'NONE',  ( 6.350000000000000533, -0.8890000000000000124, -9.524999999999996803 ) ) ;
#1577 = CARTESIAN_POINT ( 'NONE',  ( 24.51698505546814033, 2.129368205736810182, -18.64999999999999503 ) ) ;
#1578 = B_SPLINE_CURVE_WITH_KNOTS ( 'NONE', 3,
 ( #1754, #4510, #5583, #2308, #6533, #191, #6082, #4020, #2907, #1816 ),
 .UNSPECIFIED., .F., .F.,
 ( 4, 2, 2, 2, 4 ),
 ( 0.000000000000000000, 0.0003704147845104422939, 0.0007408295690208845877, 0.001111244353531326990, 0.001481659138041769175 ),
 .UNSPECIFIED. ) ;
#1579 = ADVANCED_FACE ( 'NONE', ( #2455 ), #973, .F. ) ;
#1580 = DIRECTION ( 'NONE',  ( -0.08715574274765176821, 0.000000000000000000, -0.9961946980917461003 ) ) ;
#1581 = CARTESIAN_POINT ( 'NONE',  ( 0.3999999999999994671, -1.663407726524676500, 6.139000000000002899 ) ) ;
#1582 = CARTESIAN_POINT ( 'NONE',  ( 24.63819995583812172, -2.243459280444427772, -18.64999999999999503 ) ) ;
#1583 =( BOUNDED_CURVE ( )  B_SPLINE_CURVE ( 3, ( #25, #2170, #4296, #3788 ),
 .UNSPECIFIED., .F., .T. ) 
 B_SPLINE_CURVE_WITH_KNOTS ( ( 4, 4 ),
 ( 1.810267798689539021, 1.921073213463466933 ),
 .UNSPECIFIED. ) 
 CURVE ( )  GEOMETRIC_REPRESENTATION_ITEM ( )  RATIONAL_B_SPLINE_CURVE ( ( 1.000000000000000000, 0.9989771083553060649, 0.9989771083553060649, 1.000000000000000000 ) ) 
 REPRESENTATION_ITEM ( '' )  );
#1584 = ORIENTED_EDGE ( 'NONE', *, *, #1985, .F. ) ;
#1585 = EDGE_CURVE ( 'NONE', #5258, #708, #4313, .T. ) ;
#1586 = CARTESIAN_POINT ( 'NONE',  ( 25.14013263996620040, 1.820969194338324826, -19.44999999999999218 ) ) ;
#1587 = CARTESIAN_POINT ( 'NONE',  ( 24.18899999999999295, 1.972483239316684234, -7.070631577586472538 ) ) ;
#1588 = CARTESIAN_POINT ( 'NONE',  ( -0.4000000000000001332, 2.182266827280789467, -31.17357945836740640 ) ) ;
#1589 = AXIS2_PLACEMENT_3D ( 'NONE', #877, #1867, #4038 ) ;
#1590 = CARTESIAN_POINT ( 'NONE',  ( 24.43900000000000716, 0.000000000000000000, -19.04999999999999716 ) ) ;
#1591 = CARTESIAN_POINT ( 'NONE',  ( 12.30000000000000071, -2.264950330581225302, 5.523072258617638397 ) ) ;
#1592 = CARTESIAN_POINT ( 'NONE',  ( 25.18900000000000361, 1.502637486114517751, -18.64999999999999503 ) ) ;
#1593 = LINE ( 'NONE', #4773, #4157 ) ;
#1594 = LINE ( 'NONE', #4316, #6556 ) ;
#1595 = DIRECTION ( 'NONE',  ( 0.000000000000000000, 1.000000000000000000, 0.000000000000000000 ) ) ;
#1596 = ORIENTED_EDGE ( 'NONE', *, *, #3440, .F. ) ;
#1597 = CARTESIAN_POINT ( 'NONE',  ( 12.69999999999999929, -0.8890000000000000124, -3.174999999999999378 ) ) ;
#1598 = CARTESIAN_POINT ( 'NONE',  ( -6.200000000000001954, 6.200000000000000178, -25.39999999999999858 ) ) ;
#1599 = CIRCLE ( 'NONE', #1366, 2.299999999999999822 ) ;
#1600 = ORIENTED_EDGE ( 'NONE', *, *, #2774, .F. ) ;
#1601 = EDGE_CURVE ( 'NONE', #3825, #6246, #3981, .T. ) ;
#1602 = EDGE_LOOP ( 'NONE', ( #3291, #5446, #811, #6038, #6475, #5229, #4944 ) ) ;
#1603 = DIRECTION ( 'NONE',  ( 1.000000000000000000, 0.000000000000000000, 0.000000000000000000 ) ) ;
#1604 = CIRCLE ( 'NONE', #2383, 2.100000000000000977 ) ;
#1605 = PLANE ( 'NONE',  #1465 ) ;
#1606 = LINE ( 'NONE', #2234, #5877 ) ;
#1607 = LINE ( 'NONE', #2098, #6448 ) ;
#1608 = ADVANCED_FACE ( 'NONE', ( #437 ), #1504, .F. ) ;
#1609 = EDGE_LOOP ( 'NONE', ( #1481, #6781 ) ) ;
#1610 = ORIENTED_EDGE ( 'NONE', *, *, #703, .T. ) ;
#1611 = EDGE_CURVE ( 'NONE', #4318, #3322, #1196, .T. ) ;
#1612 = DIRECTION ( 'NONE',  ( 0.000000000000000000, 0.000000000000000000, -1.000000000000000000 ) ) ;
#1613 = PLANE ( 'NONE',  #6732 ) ;
#1614 = CIRCLE ( 'NONE', #5172, 3.175000000000000711 ) ;
#1615 = VECTOR ( 'NONE', #3789, 1000.000000000000000 ) ;
#1616 = LINE ( 'NONE', #61, #5996 ) ;
#1617 = CARTESIAN_POINT ( 'NONE',  ( -6.200000000000001954, -6.200000000000000178, -23.39999999999999858 ) ) ;
#1618 = LINE ( 'NONE', #6775, #4841 ) ;
#1619 = EDGE_CURVE ( 'NONE', #2188, #2356, #3574, .T. ) ;
#1620 = LOCAL_TIME ( 14, 4, 1.000000000000000000, #3471 ) ;
#1621 = ORIENTED_EDGE ( 'NONE', *, *, #1253, .F. ) ;
#1622 = ADVANCED_FACE ( 'NONE', ( #1955 ), #1396, .F. ) ;
#1623 = CARTESIAN_POINT ( 'NONE',  ( 0.3999999999999993006, 2.264950330581225746, 5.523072258617638397 ) ) ;
#1624 = DIRECTION ( 'NONE',  ( -0.08715574274765176821, 0.000000000000000000, -0.9961946980917461003 ) ) ;
#1625 = CARTESIAN_POINT ( 'NONE',  ( 0.000000000000000000, -0.8890000000000000124, -19.04999999999999716 ) ) ;
#1626 = CARTESIAN_POINT ( 'NONE',  ( -5.068629150101525482, -0.1999999999999996503, -12.69999999999999929 ) ) ;
#1627 = CARTESIAN_POINT ( 'NONE',  ( 0.3999999999999993006, -2.061552812808830293, 5.139000000000000234 ) ) ;
#1628 = DIRECTION ( 'NONE',  ( 0.000000000000000000, 0.000000000000000000, -1.000000000000000000 ) ) ;
#1629 = DIRECTION ( 'NONE',  ( 0.000000000000000000, 1.000000000000000000, 0.000000000000000000 ) ) ;
#1630 = ADVANCED_FACE ( 'NONE', ( #6232 ), #937, .F. ) ;
#1631 = VERTEX_POINT ( 'NONE', #5811 ) ;
#1632 = CARTESIAN_POINT ( 'NONE',  ( -0.6477403412507650726, 1.999113491775012852, 4.305849356269930261 ) ) ;
#1633 = ORIENTED_EDGE ( 'NONE', *, *, #6269, .F. ) ;
#1634 = DIRECTION ( 'NONE',  ( -0.000000000000000000, 1.000000000000000000, -0.000000000000000000 ) ) ;
#1635 = CARTESIAN_POINT ( 'NONE',  ( -3.654415587728430559, -31.72724035221981964, -12.69999999999999929 ) ) ;
#1636 = ORIENTED_EDGE ( 'NONE', *, *, #4657, .F. ) ;
#1637 = ORIENTED_EDGE ( 'NONE', *, *, #5343, .T. ) ;
#1638 = VERTEX_POINT ( 'NONE', #3085 ) ;
#1639 = DIRECTION ( 'NONE',  ( 1.000000000000000000, 0.000000000000000000, 0.000000000000000000 ) ) ;
#1640 = AXIS2_PLACEMENT_3D ( 'NONE', #2461, #3584, #4035 ) ;
#1641 = CARTESIAN_POINT ( 'NONE',  ( 0.000000000000000000, 0.000000000000000000, 0.8890000000000000124 ) ) ;
#1642 = CARTESIAN_POINT ( 'NONE',  ( 13.10000000000000142, 1.502637486114518195, 6.139000000000000234 ) ) ;
#1643 = CARTESIAN_POINT ( 'NONE',  ( 12.69999999999999929, -5.460999999999999410, -6.350000000000000533 ) ) ;
#1644 = VERTEX_POINT ( 'NONE', #3540 ) ;
#1645 = AXIS2_PLACEMENT_3D ( 'NONE', #4797, #6402, #2137 ) ;
#1646 = VECTOR ( 'NONE', #5707, 1000.000000000000000 ) ;
#1647 = ORIENTED_EDGE ( 'NONE', *, *, #6490, .F. ) ;
#1648 = CARTESIAN_POINT ( 'NONE',  ( 12.30000000000000071, 2.232710535457612888, -31.02076274578120874 ) ) ;
#1649 = CARTESIAN_POINT ( 'NONE',  ( -0.3999999999999993006, 2.264950330581225746, 5.523072258617638397 ) ) ;
#1650 = CIRCLE ( 'NONE', #5659, 2.100000000000000089 ) ;
#1651 = DIRECTION ( 'NONE',  ( 1.000000000000000000, 0.000000000000000000, 0.000000000000000000 ) ) ;
#1652 = DIRECTION ( 'NONE',  ( 0.000000000000000000, 0.000000000000000000, -1.000000000000000000 ) ) ;
#1653 = AXIS2_PLACEMENT_3D ( 'NONE', #4439, #1073, #5480 ) ;
#1654 = CARTESIAN_POINT ( 'NONE',  ( 10.59999999999999787, 0.000000000000000000, -26.28900000000000148 ) ) ;
#1655 = EDGE_LOOP ( 'NONE', ( #4285, #615, #4866, #5607 ) ) ;
#1656 = VECTOR ( 'NONE', #6693, 1000.000000000000114 ) ;
#1657 = CARTESIAN_POINT ( 'NONE',  ( 24.95694035598735994, 2.081805041010028390, -19.44999999999999929 ) ) ;
#1658 = PLANE ( 'NONE',  #6625 ) ;
#1659 = EDGE_CURVE ( 'NONE', #6786, #3598, #6882, .T. ) ;
#1660 = DIRECTION ( 'NONE',  ( -0.000000000000000000, -1.000000000000000000, 0.000000000000000000 ) ) ;
#1661 = ADVANCED_FACE ( 'NONE', ( #864 ), #5776, .F. ) ;
#1662 = CARTESIAN_POINT ( 'NONE',  ( 0.3999999999999993006, -2.061552812808830293, 5.439000000000000945 ) ) ;
#1663 = EDGE_CURVE ( 'NONE', #3301, #2193, #5977, .T. ) ;
#1664 = CARTESIAN_POINT ( 'NONE',  ( 13.09999999999999964, 2.232710535457612888, 5.620762745781209269 ) ) ;
#1665 = ORIENTED_EDGE ( 'NONE', *, *, #304, .T. ) ;
#1666 = CYLINDRICAL_SURFACE ( 'NONE', #2399, 2.100000000000000977 ) ;
#1667 = ORIENTED_EDGE ( 'NONE', *, *, #6125, .T. ) ;
#1668 = FACE_OUTER_BOUND ( 'NONE', #5154, .T. ) ;
#1669 = VERTEX_POINT ( 'NONE', #2482 ) ;
#1670 = ORIENTED_EDGE ( 'NONE', *, *, #4557, .T. ) ;
#1671 = EDGE_LOOP ( 'NONE', ( #13, #1069, #6587, #2103 ) ) ;
#1672 = DIRECTION ( 'NONE',  ( 0.000000000000000000, 0.000000000000000000, -1.000000000000000000 ) ) ;
#1673 = FACE_BOUND ( 'NONE', #387, .T. ) ;
#1674 = CARTESIAN_POINT ( 'NONE',  ( 24.60563645010066836, -2.254205848354697839, -5.950000000000003730 ) ) ;
#1675 = ORIENTED_EDGE ( 'NONE', *, *, #6686, .F. ) ;
#1676 = EDGE_LOOP ( 'NONE', ( #1931, #3787, #4683, #3344 ) ) ;
#1677 = CARTESIAN_POINT ( 'NONE',  ( -5.200000000000001066, -31.72724035221981964, -11.15441558772842967 ) ) ;
#1678 = CARTESIAN_POINT ( 'NONE',  ( 12.69999999999999929, -6.200000000000001066, -6.350000000000000533 ) ) ;
#1679 = LINE ( 'NONE', #3823, #3412 ) ;
#1680 = CARTESIAN_POINT ( 'NONE',  ( 0.3999999999999993006, -2.232710535457612888, 5.620762745781209269 ) ) ;
#1681 = CARTESIAN_POINT ( 'NONE',  ( 0.4000000000000000222, -2.197165962000667605, -30.89501255233152932 ) ) ;
#1682 = ORIENTED_EDGE ( 'NONE', *, *, #4981, .T. ) ;
#1683 = FACE_OUTER_BOUND ( 'NONE', #350, .T. ) ;
#1684 = CARTESIAN_POINT ( 'NONE',  ( 21.64542212862616566, 2.040073290564206943, -6.848097349045873194 ) ) ;
#1685 = EDGE_CURVE ( 'NONE', #1517, #6177, #6738, .T. ) ;
#1686 = LINE ( 'NONE', #6449, #2836 ) ;
#1687 = CARTESIAN_POINT ( 'NONE',  ( 12.20190265095412840, -2.040073290564207831, -27.99542212862617063 ) ) ;
#1688 = EDGE_CURVE ( 'NONE', #108, #1785, #6005, .T. ) ;
#1689 = DIRECTION ( 'NONE',  ( -0.000000000000000000, -0.000000000000000000, 1.000000000000000000 ) ) ;
#1690 = ADVANCED_FACE ( 'NONE', ( #2021 ), #1461, .T. ) ;
#1691 = CARTESIAN_POINT ( 'NONE',  ( 0.000000000000000000, 0.000000000000000000, -31.53899999999999082 ) ) ;
#1692 = EDGE_LOOP ( 'NONE', ( #1709, #3484, #6721, #4673 ) ) ;
#1693 = DIRECTION ( 'NONE',  ( -0.000000000000000000, -1.000000000000000000, -0.000000000000000000 ) ) ;
#1694 = DIRECTION ( 'NONE',  ( 0.000000000000000000, 1.000000000000000000, 0.000000000000000000 ) ) ;
#1695 = CONICAL_SURFACE ( 'NONE', #3829, 2.100000000000000977, 1.172861257340199304 ) ;
#1696 = VERTEX_POINT ( 'NONE', #5981 ) ;
#1697 = CIRCLE ( 'NONE', #3378, 2.299999999999999822 ) ;
#1698 = ORIENTED_EDGE ( 'NONE', *, *, #861, .T. ) ;
#1699 = FACE_BOUND ( 'NONE', #927, .T. ) ;
#1700 = EDGE_CURVE ( 'NONE', #483, #6714, #2171, .T. ) ;
#1701 = VERTEX_POINT ( 'NONE', #4364 ) ;
#1702 = CARTESIAN_POINT ( 'NONE',  ( 24.18899999999999295, 1.972483239316684234, -5.629368422413537409 ) ) ;
#1703 = DIRECTION ( 'NONE',  ( -0.000000000000000000, -0.000000000000000000, -1.000000000000000000 ) ) ;
#1704 = DIRECTION ( 'NONE',  ( 0.000000000000000000, 0.000000000000000000, -1.000000000000000000 ) ) ;
#1705 = EDGE_LOOP ( 'NONE', ( #6654, #4054, #6312, #2230 ) ) ;
#1706 = AXIS2_PLACEMENT_3D ( 'NONE', #4583, #2945, #4484 ) ;
#1707 = EDGE_CURVE ( 'NONE', #5569, #3702, #5915, .T. ) ;
#1708 = VERTEX_POINT ( 'NONE', #4335 ) ;
#1709 = ORIENTED_EDGE ( 'NONE', *, *, #4486, .F. ) ;
#1710 = CIRCLE ( 'NONE', #4389, 2.268258436585968152 ) ;
#1711 = CARTESIAN_POINT ( 'NONE',  ( 14.25496604936460265, 0.000000000000000000, 6.139000000000000234 ) ) ;
#1712 = DIRECTION ( 'NONE',  ( 0.000000000000000000, 1.000000000000000000, 0.000000000000000000 ) ) ;
#1713 = ORIENTED_EDGE ( 'NONE', *, *, #5247, .F. ) ;
#1714 = DIRECTION ( 'NONE',  ( 1.000000000000000000, -0.000000000000000000, -0.000000000000000000 ) ) ;
#1715 = DIRECTION ( 'NONE',  ( 1.000000000000000000, 0.000000000000000000, 0.000000000000000000 ) ) ;
#1716 = DIRECTION ( 'NONE',  ( -1.000000000000000000, 0.000000000000000000, 0.000000000000000000 ) ) ;
#1717 = AXIS2_PLACEMENT_3D ( 'NONE', #4275, #5821, #5787 ) ;
#1718 = ORIENTED_EDGE ( 'NONE', *, *, #3071, .F. ) ;
#1719 = AXIS2_PLACEMENT_3D ( 'NONE', #5402, #5796, #3206 ) ;
#1720 = DIRECTION ( 'NONE',  ( 0.000000000000000000, 0.000000000000000000, -1.000000000000000000 ) ) ;
#1721 = DIRECTION ( 'NONE',  ( 0.000000000000000000, 0.000000000000000000, -1.000000000000000000 ) ) ;
#1722 = CARTESIAN_POINT ( 'NONE',  ( -6.200000000000001066, 6.200000000000000178, -16.07166501894835164 ) ) ;
#1723 = CARTESIAN_POINT ( 'NONE',  ( 12.69999999999999929, -4.174999999999999822, -19.04999999999999716 ) ) ;
#1724 = VECTOR ( 'NONE', #1725, 1000.000000000000000 ) ;
#1725 = DIRECTION ( 'NONE',  ( -0.000000000000000000, -1.000000000000000000, -0.000000000000000000 ) ) ;
#1726 = CARTESIAN_POINT ( 'NONE',  ( 0.000000000000000000, 0.000000000000000000, -31.02076274578120163 ) ) ;
#1727 = VECTOR ( 'NONE', #2027, 1000.000000000000000 ) ;
#1728 = DIRECTION ( 'NONE',  ( 0.000000000000000000, 0.000000000000000000, -1.000000000000000000 ) ) ;
#1729 = CARTESIAN_POINT ( 'NONE',  ( 0.7206315775864680084, 3.174999999999998934, -30.53899999999999082 ) ) ;
#1730 = DIRECTION ( 'NONE',  ( 1.000000000000000000, 0.000000000000000000, 0.000000000000000000 ) ) ;
#1731 = EDGE_LOOP ( 'NONE', ( #2404, #6395, #1205, #5978, #1421, #4817, #3043 ) ) ;
#1732 = DIRECTION ( 'NONE',  ( -0.7071067811865473507, 0.000000000000000000, -0.7071067811865477948 ) ) ;
#1733 = ORIENTED_EDGE ( 'NONE', *, *, #4248, .F. ) ;
#1734 = ORIENTED_EDGE ( 'NONE', *, *, #5531, .T. ) ;
#1735 = B_SPLINE_CURVE_WITH_KNOTS ( 'NONE', 3,
 ( #6114, #4965, #251, #6050, #124, #1317, #2937, #2411, #4474, #5000 ),
 .UNSPECIFIED., .F., .F.,
 ( 4, 2, 2, 2, 4 ),
 ( 0.000000000000000000, 0.0003704147845104418060, 0.0007408295690208836120, 0.001111244353531325472, 0.001481659138041767224 ),
 .UNSPECIFIED. ) ;
#1736 = AXIS2_PLACEMENT_3D ( 'NONE', #2240, #3223, #1037 ) ;
#1737 = EDGE_LOOP ( 'NONE', ( #6568, #2408 ) ) ;
#1738 = LINE ( 'NONE', #4192, #1235 ) ;
#1739 = AXIS2_PLACEMENT_3D ( 'NONE', #6602, #1821, #1761 ) ;
#1740 = ORIENTED_EDGE ( 'NONE', *, *, #3791, .T. ) ;
#1741 = CARTESIAN_POINT ( 'NONE',  ( 23.35584935626992831, 1.999113491775012852, -5.702259658749236237 ) ) ;
#1742 = EDGE_CURVE ( 'NONE', #4610, #2006, #3150, .T. ) ;
#1743 = EDGE_CURVE ( 'NONE', #689, #5404, #2226, .T. ) ;
#1744 = CARTESIAN_POINT ( 'NONE',  ( -6.200000000000001066, -6.200000000000000178, 0.000000000000000000 ) ) ;
#1745 = CARTESIAN_POINT ( 'NONE',  ( 13.10000000000000142, -2.083236664664703142, 5.905597390643910316 ) ) ;
#1746 = ORIENTED_EDGE ( 'NONE', *, *, #6329, .T. ) ;
#1747 = VECTOR ( 'NONE', #2326, 1000.000000000000000 ) ;
#1748 = EDGE_CURVE ( 'NONE', #1937, #5404, #4440, .T. ) ;
#1749 = VECTOR ( 'NONE', #5588, 1000.000000000000000 ) ;
#1750 = EDGE_LOOP ( 'NONE', ( #4111, #5150 ) ) ;
#1751 = LINE ( 'NONE', #1138, #6226 ) ;
#1752 = DIRECTION ( 'NONE',  ( 0.000000000000000000, 0.000000000000000000, 1.000000000000000000 ) ) ;
#1753 = EDGE_CURVE ( 'NONE', #3418, #2188, #4777, .T. ) ;
#1754 = CARTESIAN_POINT ( 'NONE',  ( -0.4980973490458723840, -2.040073290564207831, -27.99542212862616353 ) ) ;
#1755 = DIRECTION ( 'NONE',  ( -0.000000000000000000, -1.000000000000000000, 0.000000000000000000 ) ) ;
#1756 = CARTESIAN_POINT ( 'NONE',  ( 0.000000000000000000, 0.000000000000000000, 0.8890000000000000124 ) ) ;
#1757 = AXIS2_PLACEMENT_3D ( 'NONE', #3475, #4621, #6267 ) ;
#1758 = AXIS2_PLACEMENT_3D ( 'NONE', #655, #4839, #5991 ) ;
#1759 = ORIENTED_EDGE ( 'NONE', *, *, #6060, .T. ) ;
#1760 = VECTOR ( 'NONE', #1926, 1000.000000000000000 ) ;
#1761 = DIRECTION ( 'NONE',  ( 0.000000000000000000, 0.000000000000000000, 1.000000000000000000 ) ) ;
#1762 = EDGE_CURVE ( 'NONE', #1939, #2902, #6471, .T. ) ;
#1763 = VECTOR ( 'NONE', #3644, 1000.000000000000000 ) ;
#1764 = DIRECTION ( 'NONE',  ( 0.000000000000000000, 0.000000000000000000, 1.000000000000000000 ) ) ;
#1765 = CARTESIAN_POINT ( 'NONE',  ( 14.96825843658596611, 0.000000000000000000, 5.620762745781208380 ) ) ;
#1766 = CARTESIAN_POINT ( 'NONE',  ( 0.3999999999999999667, 3.174999999999998934, -30.53899999999999082 ) ) ;
#1767 = CARTESIAN_POINT ( 'NONE',  ( 19.05000000000000071, 6.200000000000000178, -25.39999999999999858 ) ) ;
#1768 = VECTOR ( 'NONE', #1345, 1000.000000000000000 ) ;
#1769 = PLANE ( 'NONE',  #4106 ) ;
#1770 = DIRECTION ( 'NONE',  ( 1.000000000000000000, 0.000000000000000000, 0.000000000000000000 ) ) ;
#1771 = FACE_OUTER_BOUND ( 'NONE', #5636, .T. ) ;
#1772 = ORIENTED_EDGE ( 'NONE', *, *, #953, .F. ) ;
#1773 = AXIS2_PLACEMENT_3D ( 'NONE', #4560, #2524, #2915 ) ;
#1774 = APPLICATION_CONTEXT ( 'configuration controlled 3d designs of mechanical parts and assemblies' ) ;
#1775 = CARTESIAN_POINT ( 'NONE',  ( 25.18900000000000361, -1.502637486114517751, -18.64999999999999503 ) ) ;
#1776 = ORIENTED_EDGE ( 'NONE', *, *, #1264, .F. ) ;
#1777 = ORIENTED_EDGE ( 'NONE', *, *, #4909, .F. ) ;
#1778 = EDGE_LOOP ( 'NONE', ( #6113, #5360 ) ) ;
#1779 = DIRECTION ( 'NONE',  ( 0.000000000000000000, 0.000000000000000000, -1.000000000000000000 ) ) ;
#1780 = ORIENTED_EDGE ( 'NONE', *, *, #5758, .F. ) ;
#1781 = CARTESIAN_POINT ( 'NONE',  ( 1.554966049364602254, 0.000000000000000000, 6.139000000000000234 ) ) ;
#1782 = ADVANCED_FACE ( 'NONE', ( #6470 ), #3856, .F. ) ;
#1783 = CARTESIAN_POINT ( 'NONE',  ( 24.48899999999999721, -2.061552812808830293, -6.749999999999999112 ) ) ;
#1784 = EDGE_LOOP ( 'NONE', ( #3934, #4846, #31, #4570 ) ) ;
#1785 = VERTEX_POINT ( 'NONE', #1649 ) ;
#1786 = EDGE_CURVE ( 'NONE', #1185, #3587, #577, .T. ) ;
#1787 = ORIENTED_EDGE ( 'NONE', *, *, #5192, .T. ) ;
#1788 = CARTESIAN_POINT ( 'NONE',  ( 24.67076274578121442, 0.000000000000000000, -21.31825843658596398 ) ) ;
#1789 = DIRECTION ( 'NONE',  ( -8.115498896123205041E-15, 0.000000000000000000, -1.000000000000000000 ) ) ;
#1790 = ORIENTED_EDGE ( 'NONE', *, *, #5464, .F. ) ;
#1791 = EDGE_CURVE ( 'NONE', #2996, #4191, #970, .T. ) ;
#1792 = DIRECTION ( 'NONE',  ( 1.000000000000000000, 0.000000000000000000, 0.000000000000000000 ) ) ;
#1793 = DIRECTION ( 'NONE',  ( 0.000000000000000000, -1.000000000000000000, 0.000000000000000000 ) ) ;
#1794 = LINE ( 'NONE', #3927, #4416 ) ;
#1795 = EDGE_CURVE ( 'NONE', #1644, #6495, #2435, .T. ) ;
#1796 = CARTESIAN_POINT ( 'NONE',  ( 24.67076274578121442, 0.000000000000000000, -19.04999999999999716 ) ) ;
#1797 = CARTESIAN_POINT ( 'NONE',  ( -3.174999999999999822, 3.888253587292846081E-16, 0.000000000000000000 ) ) ;
#1798 = EDGE_CURVE ( 'NONE', #1026, #5502, #3737, .T. ) ;
#1799 = B_SPLINE_CURVE_WITH_KNOTS ( 'NONE', 3,
 ( #4153, #3570, #3042, #2056, #4188, #5806 ),
 .UNSPECIFIED., .F., .F.,
 ( 4, 2, 4 ),
 ( 0.000000000000000000, 0.0004757001404452617190, 0.0009514002808905234381 ),
 .UNSPECIFIED. ) ;
#1800 = CARTESIAN_POINT ( 'NONE',  ( 0.000000000000000000, 0.000000000000000000, 0.8890000000000000124 ) ) ;
#1801 = DIRECTION ( 'NONE',  ( 0.000000000000000000, 0.000000000000000000, 1.000000000000000000 ) ) ;
#1802 = DIRECTION ( 'NONE',  ( -1.000000000000000000, 0.000000000000000000, 0.000000000000000000 ) ) ;
#1803 = EDGE_LOOP ( 'NONE', ( #4213, #2551, #4230, #5517 ) ) ;
#1804 = CARTESIAN_POINT ( 'NONE',  ( 0.000000000000000000, 0.000000000000000000, -26.28899999999999437 ) ) ;
#1805 = VERTEX_POINT ( 'NONE', #4860 ) ;
#1806 = DIRECTION ( 'NONE',  ( -1.084202172485504434E-16, -0.000000000000000000, 1.000000000000000000 ) ) ;
#1807 = ORIENTED_EDGE ( 'NONE', *, *, #6213, .T. ) ;
#1808 = AXIS2_PLACEMENT_3D ( 'NONE', #6008, #3380, #5405 ) ;
#1809 = B_SPLINE_CURVE_WITH_KNOTS ( 'NONE', 3,
 ( #489, #4784, #1520, #2652 ),
 .UNSPECIFIED., .F., .F.,
 ( 4, 4 ),
 ( 0.002832913685900423535, 0.002935786532568634283 ),
 .UNSPECIFIED. ) ;
#1810 = DIRECTION ( 'NONE',  ( 0.000000000000000000, 1.000000000000000000, 0.000000000000000000 ) ) ;
#1811 = ORIENTED_EDGE ( 'NONE', *, *, #4040, .F. ) ;
#1812 = B_SPLINE_CURVE_WITH_KNOTS ( 'NONE', 3,
 ( #4668, #6787, #5792, #2081 ),
 .UNSPECIFIED., .F., .F.,
 ( 4, 4 ),
 ( 0.003029541235337106318, 0.003249628748158706060 ),
 .UNSPECIFIED. ) ;
#1813 = LINE ( 'NONE', #5653, #289 ) ;
#1814 = CARTESIAN_POINT ( 'NONE',  ( 25.18900000000000361, 0.000000000000000000, -20.60496604936459875 ) ) ;
#1815 = VECTOR ( 'NONE', #6289, 1000.000000000000000 ) ;
#1816 = CARTESIAN_POINT ( 'NONE',  ( 0.4980973490458738828, -2.040073290564206054, -27.99542212862616353 ) ) ;
#1817 = DIRECTION ( 'NONE',  ( 0.000000000000000000, 0.000000000000000000, -1.000000000000000000 ) ) ;
#1818 = CARTESIAN_POINT ( 'NONE',  ( 12.30000000000000249, 1.663407726524676500, 6.139000000000001123 ) ) ;
#1819 = EDGE_LOOP ( 'NONE', ( #5030, #3502, #5085, #4947 ) ) ;
#1820 = AXIS2_PLACEMENT_3D ( 'NONE', #5848, #4721, #6889 ) ;
#1821 = DIRECTION ( 'NONE',  ( -0.000000000000000000, 1.000000000000000000, -0.000000000000000000 ) ) ;
#1822 = DIRECTION ( 'NONE',  ( 0.7071067811865479058, 0.000000000000000000, -0.7071067811865472397 ) ) ;
#1823 = EDGE_CURVE ( 'NONE', #712, #4077, #60, .T. ) ;
#1824 = AXIS2_PLACEMENT_3D ( 'NONE', #4186, #3781, #3706 ) ;
#1825 = COORDINATED_UNIVERSAL_TIME_OFFSET ( 6, 0, .BEHIND. ) ;
#1826 = B_SPLINE_CURVE_WITH_KNOTS ( 'NONE', 3,
 ( #2889, #5009, #795, #3965 ),
 .UNSPECIFIED., .F., .F.,
 ( 4, 4 ),
 ( 0.003029541235337105884, 0.003249628748158705626 ),
 .UNSPECIFIED. ) ;
#1827 = AXIS2_PLACEMENT_3D ( 'NONE', #4396, #1839, #5574 ) ;
#1828 = ADVANCED_FACE ( 'NONE', ( #5355, #3251, #1107, #4796, #6917, #2135 ), #1613, .F. ) ;
#1829 = CARTESIAN_POINT ( 'NONE',  ( 24.48900000000000432, 0.000000000000000000, -19.04999999999999716 ) ) ;
#1830 = CARTESIAN_POINT ( 'NONE',  ( 0.000000000000000000, -0.1999999999999996503, 0.000000000000000000 ) ) ;
#1831 = PLANE ( 'NONE',  #1869 ) ;
#1832 = CONICAL_SURFACE ( 'NONE', #3742, 2.299999999999999822, 0.3141592653589760364 ) ;
#1833 = EDGE_CURVE ( 'NONE', #3814, #5312, #26, .T. ) ;
#1834 = DIRECTION ( 'NONE',  ( 0.000000000000000000, 1.000000000000000000, 0.000000000000000000 ) ) ;
#1835 = EDGE_LOOP ( 'NONE', ( #5643, #5152 ) ) ;
#1836 = PLANE ( 'NONE',  #3719 ) ;
#1837 = VERTEX_POINT ( 'NONE', #5381 ) ;
#1838 =( BOUNDED_CURVE ( )  B_SPLINE_CURVE ( 3, ( #5426, #4345, #6670, #1190 ),
 .UNSPECIFIED., .F., .T. ) 
 B_SPLINE_CURVE_WITH_KNOTS ( ( 4, 4 ),
 ( 4.362112093716119077, 4.472917508490046323 ),
 .UNSPECIFIED. ) 
 CURVE ( )  GEOMETRIC_REPRESENTATION_ITEM ( )  RATIONAL_B_SPLINE_CURVE ( ( 1.000000000000000000, 0.9989771083553060649, 0.9989771083553060649, 1.000000000000000000 ) ) 
 REPRESENTATION_ITEM ( '' )  );
#1839 = DIRECTION ( 'NONE',  ( 0.7071067811865477948, 0.000000000000000000, -0.7071067811865473507 ) ) ;
#1840 = ORIENTED_EDGE ( 'NONE', *, *, #5531, .F. ) ;
#1841 = ORIENTED_EDGE ( 'NONE', *, *, #774, .T. ) ;
#1842 = ORIENTED_EDGE ( 'NONE', *, *, #434, .F. ) ;
#1843 = VERTEX_POINT ( 'NONE', #2730 ) ;
#1844 = CARTESIAN_POINT ( 'NONE',  ( 13.09999999999999964, -2.264950330581225302, 5.523072258617638397 ) ) ;
#1845 = CARTESIAN_POINT ( 'NONE',  ( 21.64542212862616566, -2.040073290564207831, -5.851902650954129648 ) ) ;
#1846 = ORIENTED_EDGE ( 'NONE', *, *, #5812, .T. ) ;
#1847 = AXIS2_PLACEMENT_3D ( 'NONE', #5163, #2969, #1455 ) ;
#1848 = LINE ( 'NONE', #818, #2858 ) ;
#1849 = CARTESIAN_POINT ( 'NONE',  ( -5.200000000000003730, -6.200000000000001066, -23.39999999999999858 ) ) ;
#1850 = CARTESIAN_POINT ( 'NONE',  ( 9.524999999999998579, -3.888253587292845095E-16, -26.28900000000000148 ) ) ;
#1851 = ORIENTED_EDGE ( 'NONE', *, *, #6266, .F. ) ;
#1852 = CIRCLE ( 'NONE', #3530, 3.174999999999999822 ) ;
#1853 = EDGE_LOOP ( 'NONE', ( #6389, #5498, #177, #2479 ) ) ;
#1854 = AXIS2_PLACEMENT_3D ( 'NONE', #293, #2557, #5739 ) ;
#1855 = LINE ( 'NONE', #721, #6853 ) ;
#1856 = CARTESIAN_POINT ( 'NONE',  ( -2.100000000000000089, 0.000000000000000000, -26.28899999999999437 ) ) ;
#1857 = ADVANCED_FACE ( 'NONE', ( #2202 ), #6021, .F. ) ;
#1858 = AXIS2_PLACEMENT_3D ( 'NONE', #859, #4121, #5133 ) ;
#1859 = LINE ( 'NONE', #170, #2320 ) ;
#1860 = CARTESIAN_POINT ( 'NONE',  ( 13.18718001185238542, 2.042738830444499332, 2.470636393497686711 ) ) ;
#1861 = DIRECTION ( 'NONE',  ( 0.000000000000000000, 0.000000000000000000, 1.000000000000000000 ) ) ;
#1862 = ORIENTED_EDGE ( 'NONE', *, *, #6717, .F. ) ;
#1863 = AXIS2_PLACEMENT_3D ( 'NONE', #5664, #327, #1459 ) ;
#1864 = FACE_OUTER_BOUND ( 'NONE', #850, .T. ) ;
#1865 = CONICAL_SURFACE ( 'NONE', #2771, 2.100000000000000089, 1.172861257340199304 ) ;
#1866 = ORIENTED_EDGE ( 'NONE', *, *, #3697, .F. ) ;
#1867 = DIRECTION ( 'NONE',  ( 0.000000000000000000, 0.000000000000000000, -1.000000000000000000 ) ) ;
#1868 = VERTEX_POINT ( 'NONE', #213 ) ;
#1869 = AXIS2_PLACEMENT_3D ( 'NONE', #3443, #5565, #4915 ) ;
#1870 = CARTESIAN_POINT ( 'NONE',  ( 12.20190265095412840, -2.040073290564207831, -27.99542212862617063 ) ) ;
#1871 = FACE_OUTER_BOUND ( 'NONE', #667, .T. ) ;
#1872 = ORIENTED_EDGE ( 'NONE', *, *, #6535, .T. ) ;
#1873 = EDGE_LOOP ( 'NONE', ( #982, #4075, #4114, #2865 ) ) ;
#1874 = EDGE_CURVE ( 'NONE', #5558, #5235, #4286, .T. ) ;
#1875 = ORIENTED_EDGE ( 'NONE', *, *, #6262, .T. ) ;
#1876 = ORIENTED_EDGE ( 'NONE', *, *, #3144, .T. ) ;
#1877 = DIRECTION ( 'NONE',  ( 0.000000000000000000, 0.000000000000000000, -1.000000000000000000 ) ) ;
#1878 = ORIENTED_EDGE ( 'NONE', *, *, #2685, .F. ) ;
#1879 = CARTESIAN_POINT ( 'NONE',  ( 3.174999999999999822, 0.000000000000000000, 0.000000000000000000 ) ) ;
#1880 = DIRECTION ( 'NONE',  ( -1.000000000000000000, 0.000000000000000000, 0.000000000000000000 ) ) ;
#1881 = CARTESIAN_POINT ( 'NONE',  ( 0.000000000000000000, 0.000000000000000000, -26.28899999999999437 ) ) ;
#1882 = CARTESIAN_POINT ( 'NONE',  ( 6.350000000000000533, -0.8890000000000000124, -12.69999999999999929 ) ) ;
#1883 = EDGE_LOOP ( 'NONE', ( #419, #678 ) ) ;
#1884 = EDGE_LOOP ( 'NONE', ( #1772, #194, #611, #5713 ) ) ;
#1885 = CARTESIAN_POINT ( 'NONE',  ( 24.67076274578121442, 0.000000000000000000, -19.04999999999999716 ) ) ;
#1886 = DIRECTION ( 'NONE',  ( -1.000000000000000000, 0.000000000000000000, 1.305705842133080558E-16 ) ) ;
#1887 = DIRECTION ( 'NONE',  ( 1.000000000000000000, 0.000000000000000000, -8.115498896123167176E-15 ) ) ;
#1888 = DIRECTION ( 'NONE',  ( 0.000000000000000000, 0.000000000000000000, 1.000000000000000000 ) ) ;
#1889 = CARTESIAN_POINT ( 'NONE',  ( 25.18900000000000361, -3.175000000000000711, -18.64999999999999503 ) ) ;
#1890 = DIRECTION ( 'NONE',  ( 0.000000000000000000, -0.000000000000000000, 1.000000000000000000 ) ) ;
#1891 = DIRECTION ( 'NONE',  ( 0.000000000000000000, 0.000000000000000000, -1.000000000000000000 ) ) ;
#1892 = CYLINDRICAL_SURFACE ( 'NONE', #5325, 2.100000000000000977 ) ;
#1893 = ORIENTED_EDGE ( 'NONE', *, *, #3626, .T. ) ;
#1894 = CIRCLE ( 'NONE', #3695, 3.175000000000000711 ) ;
#1895 = CARTESIAN_POINT ( 'NONE',  ( 12.69999999999999929, -5.460999999999999410, -6.350000000000000533 ) ) ;
#1896 = ADVANCED_FACE ( 'NONE', ( #158 ), #3987, .F. ) ;
#1897 = EDGE_CURVE ( 'NONE', #4181, #4594, #6668, .T. ) ;
#1898 = ORIENTED_EDGE ( 'NONE', *, *, #5816, .T. ) ;
#1899 = ORIENTED_EDGE ( 'NONE', *, *, #3015, .F. ) ;
#1900 = DIRECTION ( 'NONE',  ( -0.000000000000000000, -1.000000000000000000, -0.000000000000000000 ) ) ;
#1901 = B_SPLINE_CURVE_WITH_KNOTS ( 'NONE', 3,
 ( #1642, #3782, #3141, #464, #2623, #4227 ),
 .UNSPECIFIED., .F., .F.,
 ( 4, 2, 4 ),
 ( 0.000000000000000000, 0.0004757428370953076485, 0.0009514856741906152970 ),
 .UNSPECIFIED. ) ;
#1902 = ORIENTED_EDGE ( 'NONE', *, *, #5339, .T. ) ;
#1903 = LINE ( 'NONE', #6281, #5640 ) ;
#1904 = VERTEX_POINT ( 'NONE', #2271 ) ;
#1905 = EDGE_CURVE ( 'NONE', #3843, #2971, #1241, .T. ) ;
#1906 = EDGE_CURVE ( 'NONE', #6907, #4601, #3397, .T. ) ;
#1907 = ORIENTED_EDGE ( 'NONE', *, *, #4393, .F. ) ;
#1908 = ORIENTED_EDGE ( 'NONE', *, *, #910, .T. ) ;
#1909 = DIRECTION ( 'NONE',  ( 1.000000000000000000, 0.000000000000000000, 0.000000000000000000 ) ) ;
#1910 = LINE ( 'NONE', #3528, #3938 ) ;
#1911 = ORIENTED_EDGE ( 'NONE', *, *, #6526, .T. ) ;
#1912 = PLANE ( 'NONE',  #3278 ) ;
#1913 = CARTESIAN_POINT ( 'NONE',  ( 13.09999999999999964, 2.243459280444427772, 5.588199955838118349 ) ) ;
#1914 = PLANE ( 'NONE',  #4423 ) ;
#1915 = ADVANCED_FACE ( 'NONE', ( #3949 ), #681, .T. ) ;
#1916 = AXIS2_PLACEMENT_3D ( 'NONE', #3479, #4563, #2465 ) ;
#1917 = ORIENTED_EDGE ( 'NONE', *, *, #5837, .F. ) ;
#1918 = EDGE_LOOP ( 'NONE', ( #4596, #5252, #5566, #4740 ) ) ;
#1919 = CARTESIAN_POINT ( 'NONE',  ( 12.30000000000000071, 2.254205848354697839, -30.95563645010067333 ) ) ;
#1920 = CIRCLE ( 'NONE', #4044, 2.100000000000000977 ) ;
#1921 = CARTESIAN_POINT ( 'NONE',  ( 12.69999999999999929, 0.000000000000000000, -30.92307225861763698 ) ) ;
#1922 = CARTESIAN_POINT ( 'NONE',  ( -2.099872945368625121, 0.000000000000000000, -31.53899999999999082 ) ) ;
#1923 = EDGE_CURVE ( 'NONE', #1197, #6268, #1387, .T. ) ;
#1924 = CARTESIAN_POINT ( 'NONE',  ( 12.69999999999999929, -0.8890000000000000124, -19.04999999999999716 ) ) ;
#1925 = AXIS2_PLACEMENT_3D ( 'NONE', #30, #4831, #2176 ) ;
#1926 = DIRECTION ( 'NONE',  ( -0.000000000000000000, -1.000000000000000000, -0.000000000000000000 ) ) ;
#1927 = CARTESIAN_POINT ( 'NONE',  ( 6.350000000000000533, -5.460999999999999410, -14.80000000000000071 ) ) ;
#1928 = DIRECTION ( 'NONE',  ( 0.000000000000000000, 0.000000000000000000, 1.000000000000000000 ) ) ;
#1929 = DIRECTION ( 'NONE',  ( -1.000000000000000000, 0.000000000000000000, 0.000000000000000000 ) ) ;
#1930 = VERTEX_POINT ( 'NONE', #4441 ) ;
#1931 = ORIENTED_EDGE ( 'NONE', *, *, #6639, .T. ) ;
#1932 = CARTESIAN_POINT ( 'NONE',  ( 13.09999999999999964, 3.175000000000000711, -30.53899999999999793 ) ) ;
#1933 = VECTOR ( 'NONE', #2932, 1000.000000000000000 ) ;
#1934 = EDGE_LOOP ( 'NONE', ( #4538, #2159 ) ) ;
#1935 = CARTESIAN_POINT ( 'NONE',  ( 19.05000000000000071, -6.200000000000000178, 0.000000000000000000 ) ) ;
#1936 = CARTESIAN_POINT ( 'NONE',  ( 2.571758278209442943E-16, -5.460999999999999410, -8.449999999999999289 ) ) ;
#1937 = VERTEX_POINT ( 'NONE', #3324 ) ;
#1938 = AXIS2_PLACEMENT_3D ( 'NONE', #1766, #6413, #3367 ) ;
#1939 = VERTEX_POINT ( 'NONE', #4017 ) ;
#1940 = ORIENTED_EDGE ( 'NONE', *, *, #871, .F. ) ;
#1941 = VECTOR ( 'NONE', #1083, 1000.000000000000114 ) ;
#1942 = EDGE_CURVE ( 'NONE', #6432, #1708, #1262, .T. ) ;
#1943 = VERTEX_POINT ( 'NONE', #3462 ) ;
#1944 = EDGE_CURVE ( 'NONE', #2071, #6276, #142, .T. ) ;
#1945 = CARTESIAN_POINT ( 'NONE',  ( 13.09999999999999964, 2.061552812808830737, 5.439000000000000057 ) ) ;
#1946 = CARTESIAN_POINT ( 'NONE',  ( -0.4000000000000000222, -2.061552812808830293, -30.53899999999999082 ) ) ;
#1947 = VERTEX_POINT ( 'NONE', #2341 ) ;
#1948 = CARTESIAN_POINT ( 'NONE',  ( 0.000000000000000000, -6.200000000000001066, -19.04999999999999716 ) ) ;
#1949 = CARTESIAN_POINT ( 'NONE',  ( 0.000000000000000000, 0.000000000000000000, 6.139000000000000234 ) ) ;
#1950 = CARTESIAN_POINT ( 'NONE',  ( 24.48900000000000432, -2.061552812808830293, -19.44999999999999574 ) ) ;
#1951 = ORIENTED_EDGE ( 'NONE', *, *, #1559, .T. ) ;
#1952 = ORIENTED_EDGE ( 'NONE', *, *, #5930, .F. ) ;
#1953 = LINE ( 'NONE', #4056, #6551 ) ;
#1954 = VECTOR ( 'NONE', #2343, 1000.000000000000000 ) ;
#1955 = FACE_OUTER_BOUND ( 'NONE', #4361, .T. ) ;
#1956 = DIRECTION ( 'NONE',  ( 1.000000000000000000, 0.000000000000000000, 0.000000000000000000 ) ) ;
#1957 = VECTOR ( 'NONE', #3482, 1000.000000000000000 ) ;
#1958 = EDGE_CURVE ( 'NONE', #6837, #179, #1036, .T. ) ;
#1959 = LINE ( 'NONE', #331, #5436 ) ;
#1960 = PLANE ( 'NONE',  #4406 ) ;
#1961 = DIRECTION ( 'NONE',  ( 1.000000000000000000, 0.000000000000000000, 0.000000000000000000 ) ) ;
#1962 = ORIENTED_EDGE ( 'NONE', *, *, #3449, .T. ) ;
#1963 = AXIS2_PLACEMENT_3D ( 'NONE', #4830, #580, #29 ) ;
#1964 = CARTESIAN_POINT ( 'NONE',  ( 0.4000000000000010214, -1.502637486114517751, 6.139000000000000234 ) ) ;
#1965 = DIRECTION ( 'NONE',  ( 0.000000000000000000, 0.000000000000000000, 1.000000000000000000 ) ) ;
#1966 = B_SPLINE_CURVE_WITH_KNOTS ( 'NONE', 3,
 ( #4032, #2323, #6063, #3371, #2985, #1292, #2852, #2354, #1860, #4001 ),
 .UNSPECIFIED., .F., .F.,
 ( 4, 2, 2, 2, 4 ),
 ( 0.000000000000000000, 0.0003704147845104408844, 0.0007408295690208817688, 0.001111244353531322653, 0.001481659138041763538 ),
 .UNSPECIFIED. ) ;
#1967 = VECTOR ( 'NONE', #6304, 1000.000000000000000 ) ;
#1968 = CIRCLE ( 'NONE', #504, 2.100000000000000977 ) ;
#1969 = ORIENTED_EDGE ( 'NONE', *, *, #3293, .T. ) ;
#1970 = CARTESIAN_POINT ( 'NONE',  ( 12.30000000000000071, 2.232710535457612888, 5.620762745781209269 ) ) ;
#1971 = ORIENTED_EDGE ( 'NONE', *, *, #3489, .F. ) ;
#1972 = CIRCLE ( 'NONE', #2101, 2.100000000000000977 ) ;
#1973 = FACE_OUTER_BOUND ( 'NONE', #6099, .T. ) ;
#1974 = CARTESIAN_POINT ( 'NONE',  ( 13.09999999999999964, 2.061552812808830293, -30.83899999999999864 ) ) ;
#1975 = VERTEX_POINT ( 'NONE', #5055 ) ;
#1976 = VECTOR ( 'NONE', #6092, 1000.000000000000000 ) ;
#1977 = VERTEX_POINT ( 'NONE', #248 ) ;
#1978 = AXIS2_PLACEMENT_3D ( 'NONE', #5129, #283, #3390 ) ;
#1979 = ORIENTED_EDGE ( 'NONE', *, *, #2291, .F. ) ;
#1980 = CARTESIAN_POINT ( 'NONE',  ( 0.3999999999999993006, -2.061552812808830293, 5.439000000000000945 ) ) ;
#1981 = CARTESIAN_POINT ( 'NONE',  ( 12.69999999999999929, 0.000000000000000000, 6.139000000000000234 ) ) ;
#1982 = VERTEX_POINT ( 'NONE', #4402 ) ;
#1983 = CARTESIAN_POINT ( 'NONE',  ( 13.09999999999999964, 2.254205848354697839, 5.555636450100673862 ) ) ;
#1984 = DIRECTION ( 'NONE',  ( -0.000000000000000000, -0.000000000000000000, -1.000000000000000000 ) ) ;
#1985 = EDGE_CURVE ( 'NONE', #6700, #401, #6571, .T. ) ;
#1986 = ORIENTED_EDGE ( 'NONE', *, *, #6458, .T. ) ;
#1987 = EDGE_LOOP ( 'NONE', ( #5976, #1382, #5705, #841 ) ) ;
#1988 = ADVANCED_FACE ( 'NONE', ( #6530 ), #2220, .T. ) ;
#1989 = DIRECTION ( 'NONE',  ( -1.621236893436268647E-16, 0.000000000000000000, -1.000000000000000000 ) ) ;
#1990 = CARTESIAN_POINT ( 'NONE',  ( 0.4000000000000000222, 2.197165961088448860, -30.89501255195391138 ) ) ;
#1991 = DIRECTION ( 'NONE',  ( 8.115498896123167176E-15, 0.000000000000000000, 1.000000000000000000 ) ) ;
#1992 = B_SPLINE_CURVE_WITH_KNOTS ( 'NONE', 3,
 ( #212, #5054, #2406, #4224 ),
 .UNSPECIFIED., .F., .F.,
 ( 4, 4 ),
 ( 0.003029541235337105450, 0.003249628748158704325 ),
 .UNSPECIFIED. ) ;
#1993 = CARTESIAN_POINT ( 'NONE',  ( 19.93900000000000361, 3.888253587292845095E-16, -15.87499999999999645 ) ) ;
#1994 = ADVANCED_FACE ( 'NONE', ( #2835 ), #3894, .F. ) ;
#1995 = DIRECTION ( 'NONE',  ( 0.7071067811865474617, 0.7071067811865476838, 0.000000000000000000 ) ) ;
#1996 = CARTESIAN_POINT ( 'NONE',  ( 12.30000000000000071, 2.061552812808830293, -30.83899999999999864 ) ) ;
#1997 = DIRECTION ( 'NONE',  ( 8.115498896123167176E-15, 0.000000000000000000, -1.000000000000000000 ) ) ;
#1998 = VERTEX_POINT ( 'NONE', #1814 ) ;
#1999 = FACE_BOUND ( 'NONE', #1501, .T. ) ;
#2000 = DIRECTION ( 'NONE',  ( 1.000000000000000000, 0.000000000000000000, 0.000000000000000000 ) ) ;
#2001 = EDGE_CURVE ( 'NONE', #5235, #5558, #1091, .T. ) ;
#2002 = ORIENTED_EDGE ( 'NONE', *, *, #5491, .F. ) ;
#2003 = DIRECTION ( 'NONE',  ( 0.000000000000000000, 0.000000000000000000, -1.000000000000000000 ) ) ;
#2004 = EDGE_LOOP ( 'NONE', ( #3092, #2508, #2910, #2502, #4877, #5824, #2008 ) ) ;
#2005 = CARTESIAN_POINT ( 'NONE',  ( 12.69999999999999929, -0.8890000000000000124, -9.525000000000002132 ) ) ;
#2006 = VERTEX_POINT ( 'NONE', #5726 ) ;
#2007 = EDGE_LOOP ( 'NONE', ( #6105, #3067, #6600, #5398 ) ) ;
#2008 = ORIENTED_EDGE ( 'NONE', *, *, #6235, .T. ) ;
#2009 = ORIENTED_EDGE ( 'NONE', *, *, #4004, .F. ) ;
#2010 = DIRECTION ( 'NONE',  ( 1.000000000000000000, 0.000000000000000000, 8.115498896123205041E-15 ) ) ;
#2011 = DIRECTION ( 'NONE',  ( -0.000000000000000000, -0.000000000000000000, 1.000000000000000000 ) ) ;
#2012 = ORIENTED_EDGE ( 'NONE', *, *, #2635, .F. ) ;
#2013 = DIRECTION ( 'NONE',  ( 1.000000000000000000, 0.000000000000000000, 0.000000000000000000 ) ) ;
#2014 = DIRECTION ( 'NONE',  ( 0.000000000000000000, 0.000000000000000000, -1.000000000000000000 ) ) ;
#2015 = EDGE_CURVE ( 'NONE', #3004, #1343, #5909, .T. ) ;
#2016 = ORIENTED_EDGE ( 'NONE', *, *, #4254, .T. ) ;
#2017 = ORIENTED_EDGE ( 'NONE', *, *, #72, .F. ) ;
#2018 = AXIS2_PLACEMENT_3D ( 'NONE', #84, #5438, #1779 ) ;
#2019 = DIRECTION ( 'NONE',  ( 0.000000000000000000, 0.000000000000000000, -1.000000000000000000 ) ) ;
#2020 = DIRECTION ( 'NONE',  ( 1.000000000000000000, 0.000000000000000000, 0.000000000000000000 ) ) ;
#2021 = FACE_OUTER_BOUND ( 'NONE', #1819, .T. ) ;
#2022 = LINE ( 'NONE', #4094, #4776 ) ;
#2023 = AXIS2_PLACEMENT_3D ( 'NONE', #6277, #2120, #6245 ) ;
#2024 = CARTESIAN_POINT ( 'NONE',  ( 25.18899999999999650, 1.502637486114517751, -5.950000000000003730 ) ) ;
#2025 = CIRCLE ( 'NONE', #1717, 3.375000000000001332 ) ;
#2026 = FACE_OUTER_BOUND ( 'NONE', #4964, .T. ) ;
#2027 = DIRECTION ( 'NONE',  ( -0.000000000000000000, 1.000000000000000000, -0.000000000000000000 ) ) ;
#2028 = ADVANCED_FACE ( 'NONE', ( #6218 ), #1424, .T. ) ;
#2029 = LINE ( 'NONE', #4166, #1967 ) ;
#2030 = ORIENTED_EDGE ( 'NONE', *, *, #5280, .T. ) ;
#2031 = DIRECTION ( 'NONE',  ( 0.000000000000000000, 1.000000000000000000, 0.000000000000000000 ) ) ;
#2032 = CIRCLE ( 'NONE', #788, 3.175000000000000711 ) ;
#2033 = EDGE_CURVE ( 'NONE', #345, #6585, #749, .T. ) ;
#2034 = DIRECTION ( 'NONE',  ( 1.000000000000000000, 0.000000000000000000, 0.000000000000000000 ) ) ;
#2035 = FACE_OUTER_BOUND ( 'NONE', #1671, .T. ) ;
#2036 = B_SPLINE_CURVE_WITH_KNOTS ( 'NONE', 3,
 ( #5748, #1013, #415, #983, #3128, #1551 ),
 .UNSPECIFIED., .F., .F.,
 ( 4, 2, 4 ),
 ( 0.000000000000000000, 0.0004757001404452617190, 0.0009514002808905234381 ),
 .UNSPECIFIED. ) ;
#2037 = AXIS2_PLACEMENT_3D ( 'NONE', #4197, #370, #6809 ) ;
#2038 = ORIENTED_EDGE ( 'NONE', *, *, #4229, .T. ) ;
#2039 = CARTESIAN_POINT ( 'NONE',  ( 1.554966049364602254, 0.000000000000000000, -30.78899999999999082 ) ) ;
#2040 = ORIENTED_EDGE ( 'NONE', *, *, #2500, .T. ) ;
#2041 = ADVANCED_FACE ( 'NONE', ( #427 ), #284, .T. ) ;
#2042 = DIRECTION ( 'NONE',  ( 1.000000000000000000, 8.881784197001252323E-16, 0.000000000000000000 ) ) ;
#2043 = DIRECTION ( 'NONE',  ( 0.000000000000000000, 0.000000000000000000, -1.000000000000000000 ) ) ;
#2044 = AXIS2_PLACEMENT_3D ( 'NONE', #995, #605, #53 ) ;
#2045 = AXIS2_PLACEMENT_3D ( 'NONE', #2148, #4875, #6548 ) ;
#2046 = VECTOR ( 'NONE', #2529, 1000.000000000000000 ) ;
#2047 = ORIENTED_EDGE ( 'NONE', *, *, #338, .F. ) ;
#2048 = ORIENTED_EDGE ( 'NONE', *, *, #2334, .F. ) ;
#2049 = ADVANCED_FACE ( 'NONE', ( #5654 ), #3113, .T. ) ;
#2050 = CARTESIAN_POINT ( 'NONE',  ( -0.7206315775864658990, -3.174999999999998934, 5.138999999999997570 ) ) ;
#2051 = DIRECTION ( 'NONE',  ( 1.000000000000000000, 0.000000000000000000, 0.000000000000000000 ) ) ;
#2052 = VECTOR ( 'NONE', #870, 1000.000000000000000 ) ;
#2053 = ORIENTED_EDGE ( 'NONE', *, *, #3892, .T. ) ;
#2054 = DIRECTION ( 'NONE',  ( -0.000000000000000000, 1.000000000000000000, -0.000000000000000000 ) ) ;
#2055 = CARTESIAN_POINT ( 'NONE',  ( 24.18900000000000716, -3.175000000000000711, -19.44999999999999574 ) ) ;
#2056 = CARTESIAN_POINT ( 'NONE',  ( 0.4000000000000000222, 1.821676962433381508, -31.48997030331113933 ) ) ;
#2057 = AXIS2_PLACEMENT_3D ( 'NONE', #4165, #5217, #3158 ) ;
#2058 = ORIENTED_EDGE ( 'NONE', *, *, #5457, .T. ) ;
#2059 = ORIENTED_EDGE ( 'NONE', *, *, #713, .F. ) ;
#2060 = CARTESIAN_POINT ( 'NONE',  ( 24.18900000000000006, 0.000000000000000000, -6.350000000000001421 ) ) ;
#2061 = DIRECTION ( 'NONE',  ( 0.000000000000000000, 1.000000000000000000, 0.000000000000000000 ) ) ;
#2062 = DIRECTION ( 'NONE',  ( -0.000000000000000000, -1.000000000000000000, 0.000000000000000000 ) ) ;
#2063 = LINE ( 'NONE', #6740, #845 ) ;
#2064 = CARTESIAN_POINT ( 'NONE',  ( 24.67076274578121442, 2.232710535457612888, -19.44999999999999574 ) ) ;
#2065 = CIRCLE ( 'NONE', #6532, 1.554966049364602254 ) ;
#2066 = ORIENTED_EDGE ( 'NONE', *, *, #2258, .F. ) ;
#2067 = PLANE ( 'NONE',  #1413 ) ;
#2068 = FACE_OUTER_BOUND ( 'NONE', #6767, .T. ) ;
#2069 = EDGE_CURVE ( 'NONE', #2193, #5013, #414, .T. ) ;
#2070 = CARTESIAN_POINT ( 'NONE',  ( 0.4000000000000000777, 2.232710535457612888, -31.02076274578120163 ) ) ;
#2071 = VERTEX_POINT ( 'NONE', #1946 ) ;
#2072 = CARTESIAN_POINT ( 'NONE',  ( 24.57307225861764266, -2.264950330581225746, -19.44999999999999574 ) ) ;
#2073 = DIRECTION ( 'NONE',  ( 0.000000000000000000, 0.000000000000000000, 1.000000000000000000 ) ) ;
#2074 = AXIS2_PLACEMENT_3D ( 'NONE', #4701, #2151, #3103 ) ;
#2075 = DIRECTION ( 'NONE',  ( 1.000000000000000000, 0.000000000000000000, 0.000000000000000000 ) ) ;
#2076 = CARTESIAN_POINT ( 'NONE',  ( 12.30000000000000071, -2.197165961088449304, -30.89501255195391494 ) ) ;
#2077 = EDGE_CURVE ( 'NONE', #2362, #6357, #1894, .T. ) ;
#2078 = EDGE_CURVE ( 'NONE', #3587, #1485, #1346, .T. ) ;
#2079 = VECTOR ( 'NONE', #288, 1000.000000000000000 ) ;
#2080 = ORIENTED_EDGE ( 'NONE', *, *, #4792, .F. ) ;
#2081 = CARTESIAN_POINT ( 'NONE',  ( 0.3999999999999993006, 2.061552812808830293, 5.439000000000000945 ) ) ;
#2082 = EDGE_CURVE ( 'NONE', #1556, #2576, #5688, .T. ) ;
#2083 = EDGE_LOOP ( 'NONE', ( #5572, #3211, #4332, #2940 ) ) ;
#2084 = LINE ( 'NONE', #1597, #2866 ) ;
#2085 = FACE_BOUND ( 'NONE', #4843, .T. ) ;
#2086 = AXIS2_PLACEMENT_3D ( 'NONE', #1509, #5784, #3649 ) ;
#2087 = AXIS2_PLACEMENT_3D ( 'NONE', #1572, #6393, #1068 ) ;
#2088 = ORIENTED_EDGE ( 'NONE', *, *, #5893, .F. ) ;
#2089 = CONICAL_SURFACE ( 'NONE', #3102, 2.299999999999999822, 0.3141592653589760364 ) ;
#2090 = VERTEX_POINT ( 'NONE', #2965 ) ;
#2091 = EDGE_CURVE ( 'NONE', #3529, #108, #1697, .T. ) ;
#2092 = EDGE_LOOP ( 'NONE', ( #4355, #1917 ) ) ;
#2093 = CONICAL_SURFACE ( 'NONE', #2532, 2.299999999999999822, 0.3141592653589760364 ) ;
#2094 = CARTESIAN_POINT ( 'NONE',  ( 12.69999999999999929, -0.8890000000000000124, -6.350000000000000533 ) ) ;
#2095 = DIRECTION ( 'NONE',  ( 1.000000000000000000, -0.000000000000000000, -0.000000000000000000 ) ) ;
#2096 = CARTESIAN_POINT ( 'NONE',  ( -6.200000000000001954, -0.1999999999999996503, -23.39999999999999858 ) ) ;
#2097 = LINE ( 'NONE', #3817, #4847 ) ;
#2098 = CARTESIAN_POINT ( 'NONE',  ( -5.200000000000001066, -31.72724035221981964, -14.24558441227157068 ) ) ;
#2099 = CIRCLE ( 'NONE', #399, 1.554966049364602254 ) ;
#2100 = EDGE_CURVE ( 'NONE', #2346, #2090, #2032, .T. ) ;
#2101 = AXIS2_PLACEMENT_3D ( 'NONE', #5669, #6261, #1462 ) ;
#2102 = ORIENTED_EDGE ( 'NONE', *, *, #5328, .F. ) ;
#2103 = ORIENTED_EDGE ( 'NONE', *, *, #2015, .F. ) ;
#2104 = DIRECTION ( 'NONE',  ( 0.000000000000000000, 0.000000000000000000, 1.000000000000000000 ) ) ;
#2105 = DIRECTION ( 'NONE',  ( 0.000000000000000000, 0.000000000000000000, 1.000000000000000000 ) ) ;
#2106 = DIRECTION ( 'NONE',  ( 0.7071067811865474617, 0.7071067811865476838, 0.000000000000000000 ) ) ;
#2107 = AXIS2_PLACEMENT_3D ( 'NONE', #3596, #3074, #5687 ) ;
#2108 = DIRECTION ( 'NONE',  ( 0.000000000000000000, 0.000000000000000000, -1.000000000000000000 ) ) ;
#2109 = DIRECTION ( 'NONE',  ( 0.7071067811865474617, 0.7071067811865476838, -9.232734552071929181E-17 ) ) ;
#2110 = DIRECTION ( 'NONE',  ( 0.000000000000000000, 0.000000000000000000, 1.000000000000000000 ) ) ;
#2111 = VERTEX_POINT ( 'NONE', #1384 ) ;
#2112 = CARTESIAN_POINT ( 'NONE',  ( -6.200000000000001954, -0.1999999999999996503, -13.83137084989847665 ) ) ;
#2113 = DIRECTION ( 'NONE',  ( -8.115498896123205041E-15, 0.000000000000000000, 1.000000000000000000 ) ) ;
#2114 = CARTESIAN_POINT ( 'NONE',  ( 24.57307225861763200, 0.000000000000000000, -6.350000000000001421 ) ) ;
#2115 = DIRECTION ( 'NONE',  ( 0.000000000000000000, 0.000000000000000000, -1.000000000000000000 ) ) ;
#2116 = CARTESIAN_POINT ( 'NONE',  ( 25.18899999999999650, 0.000000000000000000, -5.950000000000003730 ) ) ;
#2117 = CARTESIAN_POINT ( 'NONE',  ( 24.63819995583811462, 2.243459280444428661, -6.749999999999999112 ) ) ;
#2118 = EDGE_CURVE ( 'NONE', #2006, #4706, #3037, .T. ) ;
#2119 = VERTEX_POINT ( 'NONE', #2547 ) ;
#2120 = DIRECTION ( 'NONE',  ( 0.000000000000000000, 0.000000000000000000, -1.000000000000000000 ) ) ;
#2121 = ORIENTED_EDGE ( 'NONE', *, *, #99, .F. ) ;
#2122 = EDGE_CURVE ( 'NONE', #2617, #5053, #2150, .T. ) ;
#2123 = EDGE_CURVE ( 'NONE', #5928, #3696, #1910, .T. ) ;
#2124 = LINE ( 'NONE', #4215, #4536 ) ;
#2125 = DIRECTION ( 'NONE',  ( 0.000000000000000000, 0.000000000000000000, 1.000000000000000000 ) ) ;
#2126 = EDGE_CURVE ( 'NONE', #321, #1011, #571, .T. ) ;
#2127 = ORIENTED_EDGE ( 'NONE', *, *, #5400, .T. ) ;
#2128 = ORIENTED_EDGE ( 'NONE', *, *, #6060, .F. ) ;
#2129 = DIRECTION ( 'NONE',  ( -0.000000000000000000, 1.000000000000000000, -0.000000000000000000 ) ) ;
#2130 = DIRECTION ( 'NONE',  ( 1.000000000000000000, 0.000000000000000000, 0.000000000000000000 ) ) ;
#2131 = LINE ( 'NONE', #6392, #141 ) ;
#2132 = DIRECTION ( 'NONE',  ( -0.7071067811865477948, 0.000000000000000000, 0.7071067811865473507 ) ) ;
#2133 = VERTEX_POINT ( 'NONE', #3634 ) ;
#2134 = CARTESIAN_POINT ( 'NONE',  ( 6.350000000000000533, -0.8890000000000000124, -15.87500000000000000 ) ) ;
#2135 = FACE_OUTER_BOUND ( 'NONE', #2004, .T. ) ;
#2136 = EDGE_CURVE ( 'NONE', #5378, #2570, #3006, .T. ) ;
#2137 = DIRECTION ( 'NONE',  ( 0.000000000000000000, 0.000000000000000000, -1.000000000000000000 ) ) ;
#2138 = FACE_OUTER_BOUND ( 'NONE', #1365, .T. ) ;
#2139 = DIRECTION ( 'NONE',  ( -0.000000000000000000, 0.000000000000000000, 1.000000000000000000 ) ) ;
#2140 = ORIENTED_EDGE ( 'NONE', *, *, #3662, .F. ) ;
#2141 = CARTESIAN_POINT ( 'NONE',  ( 0.6477403412507659608, -1.999113491775012852, -29.70584935626991197 ) ) ;
#2142 = EDGE_CURVE ( 'NONE', #6152, #4662, #5237, .T. ) ;
#2143 = AXIS2_PLACEMENT_3D ( 'NONE', #4426, #3309, #5842 ) ;
#2144 = CARTESIAN_POINT ( 'NONE',  ( 24.18899999999999650, -3.174999999999999822, -6.749999999999999112 ) ) ;
#2145 = FACE_OUTER_BOUND ( 'NONE', #1332, .T. ) ;
#2146 = PLANE ( 'NONE',  #5153 ) ;
#2147 = ORIENTED_EDGE ( 'NONE', *, *, #1359, .F. ) ;
#2148 = CARTESIAN_POINT ( 'NONE',  ( 12.69999999999999929, 0.000000000000000000, -26.28900000000000148 ) ) ;
#2149 = ORIENTED_EDGE ( 'NONE', *, *, #4838, .T. ) ;
#2150 = CIRCLE ( 'NONE', #3838, 1.554966049364602254 ) ;
#2151 = DIRECTION ( 'NONE',  ( 0.000000000000000000, 1.000000000000000000, 0.000000000000000000 ) ) ;
#2152 = DIRECTION ( 'NONE',  ( -0.000000000000000000, -1.000000000000000000, 0.000000000000000000 ) ) ;
#2153 = VECTOR ( 'NONE', #3330, 1000.000000000000000 ) ;
#2154 = ORIENTED_EDGE ( 'NONE', *, *, #5722, .F. ) ;
#2155 = B_SPLINE_CURVE_WITH_KNOTS ( 'NONE', 3,
 ( #5084, #3000, #5231, #5124, #2574, #277, #5604, #3066, #4010, #2958 ),
 .UNSPECIFIED., .F., .F.,
 ( 4, 2, 2, 2, 4 ),
 ( 0.000000000000000000, 0.0003704147845104407760, 0.0007408295690208815520, 0.001111244353531322220, 0.001481659138041763104 ),
 .UNSPECIFIED. ) ;
#2156 = ORIENTED_EDGE ( 'NONE', *, *, #33, .T. ) ;
#2157 = ORIENTED_EDGE ( 'NONE', *, *, #6235, .F. ) ;
#2158 = CARTESIAN_POINT ( 'NONE',  ( 0.000000000000000000, 0.000000000000000000, 6.139000000000000234 ) ) ;
#2159 = ORIENTED_EDGE ( 'NONE', *, *, #2376, .T. ) ;
#2160 = ADVANCED_FACE ( 'NONE', ( #537 ), #2712, .T. ) ;
#2161 = VECTOR ( 'NONE', #945, 1000.000000000000000 ) ;
#2162 = CARTESIAN_POINT ( 'NONE',  ( 13.09999999999999964, 2.243459280444428217, -30.98819995583811959 ) ) ;
#2163 = DIRECTION ( 'NONE',  ( 0.000000000000000000, 0.000000000000000000, 1.000000000000000000 ) ) ;
#2164 = LINE ( 'NONE', #2693, #3429 ) ;
#2165 = VECTOR ( 'NONE', #6564, 1000.000000000000000 ) ;
#2166 = ORIENTED_EDGE ( 'NONE', *, *, #6650, .F. ) ;
#2167 = ADVANCED_FACE ( 'NONE', ( #4887 ), #5375, .T. ) ;
#2168 = EDGE_CURVE ( 'NONE', #4072, #1214, #3672, .T. ) ;
#2169 = EDGE_LOOP ( 'NONE', ( #5474, #6862, #4140, #775 ) ) ;
#2170 = CARTESIAN_POINT ( 'NONE',  ( 12.12651368875631164, 2.021666578221208432, -28.85712190959815615 ) ) ;
#2171 = LINE ( 'NONE', #3285, #5221 ) ;
#2172 = AXIS2_PLACEMENT_3D ( 'NONE', #3417, #5018, #1236 ) ;
#2173 = AXIS2_PLACEMENT_3D ( 'NONE', #2872, #2370, #122 ) ;
#2174 = DIRECTION ( 'NONE',  ( 0.000000000000000000, 0.000000000000000000, 1.000000000000000000 ) ) ;
#2175 = CARTESIAN_POINT ( 'NONE',  ( 0.3999999999999992450, -2.182283254615324353, 5.773529692572011207 ) ) ;
#2176 = DIRECTION ( 'NONE',  ( 1.000000000000000000, 0.000000000000000000, 0.000000000000000000 ) ) ;
#2177 = AXIS2_PLACEMENT_3D ( 'NONE', #2183, #5492, #5894 ) ;
#2178 = EDGE_LOOP ( 'NONE', ( #602, #3175, #5649, #2166 ) ) ;
#2179 = CARTESIAN_POINT ( 'NONE',  ( 24.51698505588080934, 2.129368206736822700, -19.44999999999999574 ) ) ;
#2180 = CARTESIAN_POINT ( 'NONE',  ( 19.93899999999999650, 0.000000000000000000, -6.350000000000001421 ) ) ;
#2181 = CARTESIAN_POINT ( 'NONE',  ( -5.200000000000002842, -0.1999999999999996503, -23.39999999999999858 ) ) ;
#2182 = DIRECTION ( 'NONE',  ( 0.000000000000000000, 0.000000000000000000, -1.000000000000000000 ) ) ;
#2183 = CARTESIAN_POINT ( 'NONE',  ( 0.000000000000000000, 0.000000000000000000, 5.439000000000000945 ) ) ;
#2184 = CARTESIAN_POINT ( 'NONE',  ( 12.29999999999999538, 2.081805041010025281, -31.30694035598735780 ) ) ;
#2185 = ADVANCED_FACE ( 'NONE', ( #5831 ), #1021, .T. ) ;
#2186 = ORIENTED_EDGE ( 'NONE', *, *, #1250, .F. ) ;
#2187 = CARTESIAN_POINT ( 'NONE',  ( 15.87500000000000000, 0.000000000000000000, 0.8890000000000000124 ) ) ;
#2188 = VERTEX_POINT ( 'NONE', #4854 ) ;
#2189 = AXIS2_PLACEMENT_3D ( 'NONE', #2273, #6572, #1792 ) ;
#2190 = DIRECTION ( 'NONE',  ( 0.000000000000000000, 0.000000000000000000, 1.000000000000000000 ) ) ;
#2191 = ORIENTED_EDGE ( 'NONE', *, *, #3287, .T. ) ;
#2192 = EDGE_LOOP ( 'NONE', ( #274, #2959, #2600, #5458, #4928, #2797, #786, #452, #4350, #5605 ) ) ;
#2193 = VERTEX_POINT ( 'NONE', #2620 ) ;
#2194 = CARTESIAN_POINT ( 'NONE',  ( 12.69999999999999929, -6.200000000000001066, -21.14999999999999858 ) ) ;
#2195 = AXIS2_PLACEMENT_3D ( 'NONE', #3515, #835, #1929 ) ;
#2196 = LINE ( 'NONE', #3385, #5987 ) ;
#2197 = CARTESIAN_POINT ( 'NONE',  ( -5.200000000000001066, -0.1999999999999996503, -11.15441558772842967 ) ) ;
#2198 = EDGE_CURVE ( 'NONE', #5448, #2133, #4495, .T. ) ;
#2199 = ORIENTED_EDGE ( 'NONE', *, *, #5500, .T. ) ;
#2200 = ORIENTED_EDGE ( 'NONE', *, *, #5031, .F. ) ;
#2201 = LINE ( 'NONE', #1177, #5790 ) ;
#2202 = FACE_OUTER_BOUND ( 'NONE', #3670, .T. ) ;
#2203 = VECTOR ( 'NONE', #4156, 1000.000000000000000 ) ;
#2204 = LINE ( 'NONE', #4366, #2978 ) ;
#2205 = ADVANCED_FACE ( 'NONE', ( #994 ), #3213, .F. ) ;
#2206 = LINE ( 'NONE', #1109, #5536 ) ;
#2207 = ADVANCED_FACE ( 'NONE', ( #3275 ), #4750, .T. ) ;
#2208 = CIRCLE ( 'NONE', #5660, 2.100000000000000977 ) ;
#2209 = LINE ( 'NONE', #2700, #5277 ) ;
#2210 = AXIS2_PLACEMENT_3D ( 'NONE', #5209, #6805, #5245 ) ;
#2211 = EDGE_CURVE ( 'NONE', #1018, #5160, #3177, .T. ) ;
#2212 = EDGE_LOOP ( 'NONE', ( #425, #112, #6701, #5082, #1718, #1449 ) ) ;
#2213 = DIRECTION ( 'NONE',  ( 8.115498896123167176E-15, 0.000000000000000000, -1.000000000000000000 ) ) ;
#2214 = FACE_OUTER_BOUND ( 'NONE', #950, .T. ) ;
#2215 = DIRECTION ( 'NONE',  ( 0.000000000000000000, -1.000000000000000000, 0.000000000000000000 ) ) ;
#2216 = PLANE ( 'NONE',  #3056 ) ;
#2217 =( NAMED_UNIT ( * ) PLANE_ANGLE_UNIT ( ) SI_UNIT ( $, .RADIAN. ) );
#2218 = DIRECTION ( 'NONE',  ( 0.000000000000000000, 0.000000000000000000, -1.000000000000000000 ) ) ;
#2219 = EDGE_CURVE ( 'NONE', #4294, #2667, #5872, .T. ) ;
#2220 = TOROIDAL_SURFACE ( 'NONE', #2446, 1.554966049364602254, 0.7500000000000000000 ) ;
#2221 = DIRECTION ( 'NONE',  ( 0.000000000000000000, 0.000000000000000000, 1.000000000000000000 ) ) ;
#2222 = DIRECTION ( 'NONE',  ( -0.000000000000000000, -0.000000000000000000, -1.000000000000000000 ) ) ;
#2223 = CARTESIAN_POINT ( 'NONE',  ( 0.3999999999999999667, 3.174999999999998934, -30.53899999999999082 ) ) ;
#2224 = VERTEX_POINT ( 'NONE', #496 ) ;
#2225 = ADVANCED_FACE ( 'NONE', ( #6324 ), #3704, .F. ) ;
#2226 = B_SPLINE_CURVE_WITH_KNOTS ( 'NONE', 3,
 ( #91, #614, #5417, #4297 ),
 .UNSPECIFIED., .F., .F.,
 ( 4, 4 ),
 ( 0.002832913685900425270, 0.002935786532568637319 ),
 .UNSPECIFIED. ) ;
#2227 = DIRECTION ( 'NONE',  ( 1.000000000000000000, 0.000000000000000000, 0.000000000000000000 ) ) ;
#2228 = FACE_OUTER_BOUND ( 'NONE', #6666, .T. ) ;
#2229 = VERTEX_POINT ( 'NONE', #1130 ) ;
#2230 = ORIENTED_EDGE ( 'NONE', *, *, #4451, .F. ) ;
#2231 = DIRECTION ( 'NONE',  ( 0.7071067811865477948, 0.000000000000000000, -0.7071067811865473507 ) ) ;
#2232 = VERTEX_POINT ( 'NONE', #2660 ) ;
#2233 = LINE ( 'NONE', #4428, #6165 ) ;
#2234 = CARTESIAN_POINT ( 'NONE',  ( -8.177207793864212704, -4.174999999999999822, -8.177207793864218033 ) ) ;
#2235 = ORIENTED_EDGE ( 'NONE', *, *, #2433, .F. ) ;
#2236 = ORIENTED_EDGE ( 'NONE', *, *, #5528, .T. ) ;
#2237 = CYLINDRICAL_SURFACE ( 'NONE', #4658, 3.175000000000000711 ) ;
#2238 = DIRECTION ( 'NONE',  ( 0.000000000000000000, 0.000000000000000000, 1.000000000000000000 ) ) ;
#2239 = ORIENTED_EDGE ( 'NONE', *, *, #696, .F. ) ;
#2240 = CARTESIAN_POINT ( 'NONE',  ( 12.69999999999999929, -2.174999999999999822, -6.350000000000000533 ) ) ;
#2241 = CARTESIAN_POINT ( 'NONE',  ( 12.69999999999999929, -0.8890000000000000124, -6.350000000000000533 ) ) ;
#2242 = CARTESIAN_POINT ( 'NONE',  ( 0.4000000000000001887, -1.663442899047753887, -31.53899999999999082 ) ) ;
#2243 = CARTESIAN_POINT ( 'NONE',  ( 12.30000000000000071, 2.061552812808830293, 5.439000000000000945 ) ) ;
#2244 = CARTESIAN_POINT ( 'NONE',  ( 0.000000000000000000, 0.000000000000000000, -30.78899999999999082 ) ) ;
#2245 = FACE_OUTER_BOUND ( 'NONE', #4954, .T. ) ;
#2246 = CARTESIAN_POINT ( 'NONE',  ( 2.100000000000000089, -2.571758278209441957E-16, -26.28899999999999437 ) ) ;
#2247 = FACE_OUTER_BOUND ( 'NONE', #249, .T. ) ;
#2248 = CARTESIAN_POINT ( 'NONE',  ( 24.67076274578121442, 0.000000000000000000, -19.04999999999999716 ) ) ;
#2249 = ADVANCED_FACE ( 'NONE', ( #566 ), #5938, .T. ) ;
#2250 = ADVANCED_FACE ( 'NONE', ( #52 ), #5952, .T. ) ;
#2251 = FACE_OUTER_BOUND ( 'NONE', #2212, .T. ) ;
#2252 = FACE_OUTER_BOUND ( 'NONE', #5869, .T. ) ;
#2253 = CARTESIAN_POINT ( 'NONE',  ( -0.4980973490458723840, 2.040073290564207831, -27.99542212862616353 ) ) ;
#2254 = EDGE_LOOP ( 'NONE', ( #1537, #1118, #6920, #3318, #1347, #3413, #1111, #3381, #467, #4919 ) ) ;
#2255 = DIRECTION ( 'NONE',  ( 0.7071067811865477948, 0.000000000000000000, -0.7071067811865473507 ) ) ;
#2256 = ORIENTED_EDGE ( 'NONE', *, *, #4909, .T. ) ;
#2257 = ORIENTED_EDGE ( 'NONE', *, *, #4302, .T. ) ;
#2258 = EDGE_CURVE ( 'NONE', #2327, #2966, #6283, .T. ) ;
#2259 = AXIS2_PLACEMENT_3D ( 'NONE', #1234, #5442, #183 ) ;
#2260 = ORIENTED_EDGE ( 'NONE', *, *, #5919, .T. ) ;
#2261 = DIRECTION ( 'NONE',  ( 0.000000000000000000, 1.000000000000000000, 0.000000000000000000 ) ) ;
#2262 = ORIENTED_EDGE ( 'NONE', *, *, #2122, .F. ) ;
#2263 = DIRECTION ( 'NONE',  ( -0.000000000000000000, -0.000000000000000000, -1.000000000000000000 ) ) ;
#2264 = CARTESIAN_POINT ( 'NONE',  ( 13.09999999999999964, -2.232710535457612888, 5.620762745781209269 ) ) ;
#2265 = ORIENTED_EDGE ( 'NONE', *, *, #4342, .T. ) ;
#2266 = VECTOR ( 'NONE', #1182, 1000.000000000000000 ) ;
#2267 = ORIENTED_EDGE ( 'NONE', *, *, #836, .F. ) ;
#2268 = ORIENTED_EDGE ( 'NONE', *, *, #616, .T. ) ;
#2269 = AXIS2_PLACEMENT_3D ( 'NONE', #1756, #3897, #3861 ) ;
#2270 = CARTESIAN_POINT ( 'NONE',  ( 12.69999999999999929, -0.8890000000000000124, -16.94999999999999574 ) ) ;
#2271 = CARTESIAN_POINT ( 'NONE',  ( 0.3999999999999993006, 2.232710535457612888, 5.620762745781209269 ) ) ;
#2272 = ORIENTED_EDGE ( 'NONE', *, *, #3711, .T. ) ;
#2273 = CARTESIAN_POINT ( 'NONE',  ( 6.499999999999999112, 6.349999999999999645, 0.000000000000000000 ) ) ;
#2274 = CARTESIAN_POINT ( 'NONE',  ( 12.69999999999999929, -5.460999999999999410, -21.14999999999999858 ) ) ;
#2275 = CARTESIAN_POINT ( 'NONE',  ( 13.09999999999999964, 2.129368205736809738, -30.86698505546813465 ) ) ;
#2276 = AXIS2_PLACEMENT_3D ( 'NONE', #1729, #3236, #527 ) ;
#2277 = ORIENTED_EDGE ( 'NONE', *, *, #2640, .T. ) ;
#2278 = VECTOR ( 'NONE', #5309, 1000.000000000000000 ) ;
#2279 = AXIS2_PLACEMENT_3D ( 'NONE', #3356, #716, #6628 ) ;
#2280 = DIRECTION ( 'NONE',  ( -0.000000000000000000, -0.000000000000000000, 1.000000000000000000 ) ) ;
#2281 = CARTESIAN_POINT ( 'NONE',  ( 3.128334981051645869, 6.200000000000000178, -25.39999999999999858 ) ) ;
#2282 = CARTESIAN_POINT ( 'NONE',  ( 0.000000000000000000, 0.000000000000000000, 5.389000000000000234 ) ) ;
#2283 = DIRECTION ( 'NONE',  ( 1.000000000000000000, 0.000000000000000000, -8.260587980841937794E-15 ) ) ;
#2284 = EDGE_CURVE ( 'NONE', #676, #4815, #1101, .T. ) ;
#2285 = EDGE_LOOP ( 'NONE', ( #5048, #2149, #2953 ) ) ;
#2286 = FACE_OUTER_BOUND ( 'NONE', #2736, .T. ) ;
#2287 = CARTESIAN_POINT ( 'NONE',  ( 0.000000000000000000, 0.000000000000000000, -30.92307225861762987 ) ) ;
#2288 = ORIENTED_EDGE ( 'NONE', *, *, #4609, .T. ) ;
#2289 = CARTESIAN_POINT ( 'NONE',  ( 24.48899999999999366, 0.000000000000000000, -4.250000000000000888 ) ) ;
#2290 = EDGE_LOOP ( 'NONE', ( #3525, #2822, #3945 ) ) ;
#2291 = EDGE_CURVE ( 'NONE', #181, #6276, #1529, .T. ) ;
#2292 = EDGE_CURVE ( 'NONE', #5581, #4916, #3382, .T. ) ;
#2293 = EDGE_LOOP ( 'NONE', ( #3353, #3190 ) ) ;
#2294 = CIRCLE ( 'NONE', #2189, 3.374999999999999556 ) ;
#2295 = VERTEX_POINT ( 'NONE', #5509 ) ;
#2296 = CARTESIAN_POINT ( 'NONE',  ( 24.18899999999999295, -3.174999999999999822, -7.070631577586472538 ) ) ;
#2297 = ORIENTED_EDGE ( 'NONE', *, *, #774, .F. ) ;
#2298 = CARTESIAN_POINT ( 'NONE',  ( 24.18899999999999295, -3.174999999999999822, -5.629368422413537409 ) ) ;
#2299 = CARTESIAN_POINT ( 'NONE',  ( 12.69999999999999929, 0.000000000000000000, 6.139000000000000234 ) ) ;
#2300 = LINE ( 'NONE', #2899, #2165 ) ;
#2301 = EDGE_CURVE ( 'NONE', #3379, #6909, #2828, .T. ) ;
#2302 = CIRCLE ( 'NONE', #6537, 2.268258436585967264 ) ;
#2303 = ADVANCED_FACE ( 'NONE', ( #4359, #6011 ), #3846, .F. ) ;
#2304 = ORIENTED_EDGE ( 'NONE', *, *, #5459, .T. ) ;
#2305 = VERTEX_POINT ( 'NONE', #2333 ) ;
#2306 = DIRECTION ( 'NONE',  ( -0.000000000000000000, -0.000000000000000000, 1.000000000000000000 ) ) ;
#2307 = DIRECTION ( 'NONE',  ( -1.000000000000000000, -0.000000000000000000, 0.000000000000000000 ) ) ;
#2308 = CARTESIAN_POINT ( 'NONE',  ( -0.2470917478819860680, -2.087439085565598429, -27.58722132339893918 ) ) ;
#2309 = CARTESIAN_POINT ( 'NONE',  ( 12.69999999999999929, 0.000000000000000000, 5.620762745781208380 ) ) ;
#2310 = ADVANCED_FACE ( 'NONE', ( #151 ), #3350, .T. ) ;
#2311 = CARTESIAN_POINT ( 'NONE',  ( 0.4000000000000000222, -2.129368206736822700, -30.86698505588079655 ) ) ;
#2312 = CIRCLE ( 'NONE', #5344, 3.175000000000000711 ) ;
#2313 = CIRCLE ( 'NONE', #6337, 2.100000000000000089 ) ;
#2314 = VECTOR ( 'NONE', #5744, 1000.000000000000000 ) ;
#2315 = DIRECTION ( 'NONE',  ( 0.000000000000000000, 0.000000000000000000, 1.000000000000000000 ) ) ;
#2316 = VECTOR ( 'NONE', #6883, 1000.000000000000000 ) ;
#2317 = DIRECTION ( 'NONE',  ( 0.000000000000000000, 0.000000000000000000, -1.000000000000000000 ) ) ;
#2318 = DATE_TIME_ROLE ( 'creation_date' ) ;
#2319 = DIRECTION ( 'NONE',  ( 1.000000000000000000, 0.000000000000000000, 0.000000000000000000 ) ) ;
#2320 = VECTOR ( 'NONE', #4558, 1000.000000000000000 ) ;
#2321 = CONICAL_SURFACE ( 'NONE', #5110, 2.100000000000000977, 1.172861257340199304 ) ;
#2322 = DIRECTION ( 'NONE',  ( 1.000000000000000000, 0.000000000000000000, 0.000000000000000000 ) ) ;
#2323 = CARTESIAN_POINT ( 'NONE',  ( 12.21282013608611372, 2.042738866564660416, 2.470634702552897188 ) ) ;
#2324 = DIRECTION ( 'NONE',  ( -0.000000000000000000, 1.000000000000000000, -0.000000000000000000 ) ) ;
#2325 = EDGE_CURVE ( 'NONE', #6268, #3379, #6524, .T. ) ;
#2326 = DIRECTION ( 'NONE',  ( -0.000000000000000000, 1.000000000000000000, -0.000000000000000000 ) ) ;
#2327 = VERTEX_POINT ( 'NONE', #1781 ) ;
#2328 = ORIENTED_EDGE ( 'NONE', *, *, #6576, .T. ) ;
#2329 = DIRECTION ( 'NONE',  ( 0.000000000000000000, 0.000000000000000000, -1.000000000000000000 ) ) ;
#2330 = B_SPLINE_CURVE_WITH_KNOTS ( 'NONE', 3,
 ( #3580, #5175, #517, #1010 ),
 .UNSPECIFIED., .F., .F.,
 ( 4, 4 ),
 ( 0.003029541235337106751, 0.003249628748158706060 ),
 .UNSPECIFIED. ) ;
#2331 = EDGE_LOOP ( 'NONE', ( #6006, #1893, #1403, #5791 ) ) ;
#2332 = EDGE_CURVE ( 'NONE', #6247, #3702, #5475, .T. ) ;
#2333 = CARTESIAN_POINT ( 'NONE',  ( 13.09999999999999964, 2.061552812808830293, -30.53899999999999793 ) ) ;
#2334 = EDGE_CURVE ( 'NONE', #3444, #876, #4955, .T. ) ;
#2335 =( BOUNDED_CURVE ( )  B_SPLINE_CURVE ( 3, ( #5397, #1632, #2682, #1157 ),
 .UNSPECIFIED., .F., .T. ) 
 B_SPLINE_CURVE_WITH_KNOTS ( ( 4, 4 ),
 ( 4.362112093716119077, 4.472917508490047211 ),
 .UNSPECIFIED. ) 
 CURVE ( )  GEOMETRIC_REPRESENTATION_ITEM ( )  RATIONAL_B_SPLINE_CURVE ( ( 1.000000000000000000, 0.9989771083553060649, 0.9989771083553060649, 1.000000000000000000 ) ) 
 REPRESENTATION_ITEM ( '' )  );
#2336 = CARTESIAN_POINT ( 'NONE',  ( 12.20190265095412840, -3.174999999999999822, 2.595422128626172054 ) ) ;
#2337 = ORIENTED_EDGE ( 'NONE', *, *, #4126, .F. ) ;
#2338 = EDGE_LOOP ( 'NONE', ( #3468, #3354, #3818, #4333 ) ) ;
#2339 = EDGE_CURVE ( 'NONE', #3123, #5905, #3268, .T. ) ;
#2340 = DIRECTION ( 'NONE',  ( -0.08715574274765176821, 0.000000000000000000, -0.9961946980917461003 ) ) ;
#2341 = CARTESIAN_POINT ( 'NONE',  ( 6.350000000000000533, -0.8890000000000000124, -15.87500000000000000 ) ) ;
#2342 = EDGE_CURVE ( 'NONE', #3592, #6714, #2233, .T. ) ;
#2343 = DIRECTION ( 'NONE',  ( -0.000000000000000000, -0.000000000000000000, 1.000000000000000000 ) ) ;
#2344 = CARTESIAN_POINT ( 'NONE',  ( -0.3999999999999993006, -2.254205848354697839, 5.555636450100673862 ) ) ;
#2345 = CARTESIAN_POINT ( 'NONE',  ( 13.19809734904587195, 2.040073290564206943, 2.595422128626172054 ) ) ;
#2346 = VERTEX_POINT ( 'NONE', #6043 ) ;
#2347 = ORIENTED_EDGE ( 'NONE', *, *, #6287, .T. ) ;
#2348 = EDGE_CURVE ( 'NONE', #3145, #4635, #4989, .T. ) ;
#2349 = CARTESIAN_POINT ( 'NONE',  ( 17.05000000000000071, 6.200000000000000178, -23.39999999999999858 ) ) ;
#2350 = CARTESIAN_POINT ( 'NONE',  ( 24.48899999999999721, -2.061552812808830293, -5.950000000000003730 ) ) ;
#2351 = COORDINATED_UNIVERSAL_TIME_OFFSET ( 6, 0, .BEHIND. ) ;
#2352 = CARTESIAN_POINT ( 'NONE',  ( 25.14013263996619330, 1.820969194338323716, -6.749999999999999112 ) ) ;
#2353 = CARTESIAN_POINT ( 'NONE',  ( 24.67076274578121442, 2.232710535457612888, -18.64999999999999503 ) ) ;
#2354 = CARTESIAN_POINT ( 'NONE',  ( 13.12828196788177415, 2.057911970479199937, 2.353224001008316080 ) ) ;
#2355 = DIRECTION ( 'NONE',  ( 0.000000000000000000, -1.000000000000000000, 0.000000000000000000 ) ) ;
#2356 = VERTEX_POINT ( 'NONE', #2708 ) ;
#2357 = CARTESIAN_POINT ( 'NONE',  ( 21.64542212862616566, -3.174999999999999822, -5.851902650954129648 ) ) ;
#2358 = VERTEX_POINT ( 'NONE', #3620 ) ;
#2359 = CIRCLE ( 'NONE', #2704, 3.175000000000000711 ) ;
#2360 = ORIENTED_EDGE ( 'NONE', *, *, #6717, .T. ) ;
#2361 = CARTESIAN_POINT ( 'NONE',  ( -0.4000000000000000222, 2.232710535457612888, -31.02076274578120163 ) ) ;
#2362 = VERTEX_POINT ( 'NONE', #3763 ) ;
#2363 = VECTOR ( 'NONE', #3844, 1000.000000000000000 ) ;
#2364 = CARTESIAN_POINT ( 'NONE',  ( 13.19809734904587195, 2.040073290564207831, -27.99542212862617063 ) ) ;
#2365 = ORIENTED_EDGE ( 'NONE', *, *, #2867, .T. ) ;
#2366 = VECTOR ( 'NONE', #396, 1000.000000000000000 ) ;
#2367 = VERTEX_POINT ( 'NONE', #4842 ) ;
#2368 = VERTEX_POINT ( 'NONE', #6381 ) ;
#2369 = CARTESIAN_POINT ( 'NONE',  ( 10.43174156341403247, 0.000000000000000000, 5.620762745781208380 ) ) ;
#2370 = DIRECTION ( 'NONE',  ( -0.000000000000000000, -0.000000000000000000, 1.000000000000000000 ) ) ;
#2371 = EDGE_LOOP ( 'NONE', ( #6636, #2786, #3467, #6736, #5655 ) ) ;
#2372 = AXIS2_PLACEMENT_3D ( 'NONE', #5972, #1169, #3311 ) ;
#2373 = CARTESIAN_POINT ( 'NONE',  ( 15.87500000000000000, 0.000000000000000000, 0.000000000000000000 ) ) ;
#2374 = DIRECTION ( 'NONE',  ( 1.000000000000000000, 0.000000000000000000, 0.000000000000000000 ) ) ;
#2375 = DIRECTION ( 'NONE',  ( 0.000000000000000000, 1.000000000000000000, 0.000000000000000000 ) ) ;
#2376 = EDGE_CURVE ( 'NONE', #6072, #3411, #3154, .T. ) ;
#2377 = EDGE_CURVE ( 'NONE', #6714, #6786, #1920, .T. ) ;
#2378 = EDGE_LOOP ( 'NONE', ( #433, #1878 ) ) ;
#2379 = VECTOR ( 'NONE', #761, 1000.000000000000000 ) ;
#2380 = ORIENTED_EDGE ( 'NONE', *, *, #6032, .F. ) ;
#2381 = DIRECTION ( 'NONE',  ( 1.621236893436268647E-16, 0.000000000000000000, 1.000000000000000000 ) ) ;
#2382 = CYLINDRICAL_SURFACE ( 'NONE', #6888, 3.174999999999998934 ) ;
#2383 = AXIS2_PLACEMENT_3D ( 'NONE', #4908, #4939, #37 ) ;
#2384 = PERSON_AND_ORGANIZATION ( #5737, #3625 ) ;
#2385 = CARTESIAN_POINT ( 'NONE',  ( 0.4000000000000000777, 2.264950330581225746, -30.92307225861762987 ) ) ;
#2386 = EDGE_CURVE ( 'NONE', #4287, #3598, #1593, .T. ) ;
#2387 = VECTOR ( 'NONE', #1694, 1000.000000000000000 ) ;
#2388 = CARTESIAN_POINT ( 'NONE',  ( 13.09999999999999964, -2.264950330581225746, -30.92307225861763698 ) ) ;
#2389 = CARTESIAN_POINT ( 'NONE',  ( 11.97936842241353439, -3.174999999999999822, 5.138999999999997570 ) ) ;
#2390 = CARTESIAN_POINT ( 'NONE',  ( 12.69999999999999929, -6.200000000000001066, -6.350000000000000533 ) ) ;
#2391 = VERTEX_POINT ( 'NONE', #947 ) ;
#2392 = SECURITY_CLASSIFICATION ( '', '', #3544 ) ;
#2393 = CARTESIAN_POINT ( 'NONE',  ( 19.93900000000000361, 0.000000000000000000, -19.04999999999999716 ) ) ;
#2394 = AXIS2_PLACEMENT_3D ( 'NONE', #68, #2113, #4906 ) ;
#2395 = ORIENTED_EDGE ( 'NONE', *, *, #1791, .F. ) ;
#2396 = EDGE_LOOP ( 'NONE', ( #6722, #3485, #532, #6755 ) ) ;
#2397 = DIRECTION ( 'NONE',  ( 1.000000000000000000, 0.000000000000000000, 0.000000000000000000 ) ) ;
#2398 = ORIENTED_EDGE ( 'NONE', *, *, #1897, .F. ) ;
#2399 = AXIS2_PLACEMENT_3D ( 'NONE', #5929, #106, #1198 ) ;
#2400 = DIRECTION ( 'NONE',  ( 0.000000000000000000, 0.000000000000000000, -1.000000000000000000 ) ) ;
#2401 = FACE_OUTER_BOUND ( 'NONE', #5512, .T. ) ;
#2402 = ORIENTED_EDGE ( 'NONE', *, *, #6378, .T. ) ;
#2403 = ORIENTED_EDGE ( 'NONE', *, *, #3375, .F. ) ;
#2404 = ORIENTED_EDGE ( 'NONE', *, *, #5868, .F. ) ;
#2405 = EDGE_LOOP ( 'NONE', ( #3623, #4039, #526, #5969 ) ) ;
#2406 = CARTESIAN_POINT ( 'NONE',  ( 24.51698505588080224, 2.129368206736822255, -6.749999999999999112 ) ) ;
#2407 = DIRECTION ( 'NONE',  ( 0.7071067811865477948, 0.000000000000000000, -0.7071067811865473507 ) ) ;
#2408 = ORIENTED_EDGE ( 'NONE', *, *, #3661, .F. ) ;
#2409 = AXIS2_PLACEMENT_3D ( 'NONE', #685, #2838, #6630 ) ;
#2410 = CARTESIAN_POINT ( 'NONE',  ( 6.350000000000000533, -6.200000000000001066, -10.59999999999999787 ) ) ;
#2411 = CARTESIAN_POINT ( 'NONE',  ( 12.27171803211822798, -2.057911970479199493, 2.353224001008316524 ) ) ;
#2412 = DIRECTION ( 'NONE',  ( 0.000000000000000000, -0.000000000000000000, 1.000000000000000000 ) ) ;
#2413 = EDGE_CURVE ( 'NONE', #2916, #6022, #3046, .T. ) ;
#2414 = CARTESIAN_POINT ( 'NONE',  ( 24.18900000000000716, -2.061552812808830293, -19.44999999999999574 ) ) ;
#2415 = ORIENTED_EDGE ( 'NONE', *, *, #450, .T. ) ;
#2416 = VECTOR ( 'NONE', #3178, 1000.000000000000000 ) ;
#2417 = EDGE_LOOP ( 'NONE', ( #2814, #5435, #6424, #493, #6140, #2304 ) ) ;
#2418 = DIRECTION ( 'NONE',  ( -0.000000000000000000, -0.000000000000000000, 1.000000000000000000 ) ) ;
#2419 = EDGE_CURVE ( 'NONE', #2362, #2764, #418, .T. ) ;
#2420 = ADVANCED_FACE ( 'NONE', ( #5823, #6414 ), #521, .T. ) ;
#2421 = CARTESIAN_POINT ( 'NONE',  ( -0.3999999999999993006, 2.232710535457612888, 5.620762745781209269 ) ) ;
#2422 = CIRCLE ( 'NONE', #269, 3.174999999999999822 ) ;
#2423 = CIRCLE ( 'NONE', #1858, 2.268258436585967264 ) ;
#2424 = EDGE_CURVE ( 'NONE', #3099, #1975, #4802, .T. ) ;
#2425 = APPROVAL_STATUS ( 'not_yet_approved' ) ;
#2426 = CARTESIAN_POINT ( 'NONE',  ( 0.4000000000000000222, 2.243459280444428217, -30.98819995583811249 ) ) ;
#2427 = AXIS2_PLACEMENT_3D ( 'NONE', #2478, #5239, #5692 ) ;
#2428 = LINE ( 'NONE', #3510, #2887 ) ;
#2429 = FACE_OUTER_BOUND ( 'NONE', #82, .T. ) ;
#2430 = DIRECTION ( 'NONE',  ( -1.000000000000000000, 0.000000000000000000, -0.000000000000000000 ) ) ;
#2431 = VERTEX_POINT ( 'NONE', #5859 ) ;
#2432 = AXIS2_PLACEMENT_3D ( 'NONE', #6376, #5387, #2637 ) ;
#2433 = EDGE_CURVE ( 'NONE', #4469, #3226, #2568, .T. ) ;
#2434 = DIRECTION ( 'NONE',  ( 0.000000000000000000, 0.000000000000000000, 1.000000000000000000 ) ) ;
#2435 = CIRCLE ( 'NONE', #3558, 3.175000000000000711 ) ;
#2436 = ORIENTED_EDGE ( 'NONE', *, *, #1379, .F. ) ;
#2437 = DIRECTION ( 'NONE',  ( -0.000000000000000000, 0.000000000000000000, 1.000000000000000000 ) ) ;
#2438 = ORIENTED_EDGE ( 'NONE', *, *, #1436, .F. ) ;
#2439 = ADVANCED_FACE ( 'NONE', ( #3131 ), #2481, .T. ) ;
#2440 = AXIS2_PLACEMENT_3D ( 'NONE', #1691, #6000, #2854 ) ;
#2441 = DIRECTION ( 'NONE',  ( 0.7071067811865477948, 0.000000000000000000, -0.7071067811865473507 ) ) ;
#2442 = ORIENTED_EDGE ( 'NONE', *, *, #5116, .T. ) ;
#2443 = ORIENTED_EDGE ( 'NONE', *, *, #1040, .F. ) ;
#2444 = ORIENTED_EDGE ( 'NONE', *, *, #2500, .F. ) ;
#2445 = EDGE_CURVE ( 'NONE', #4809, #3301, #4269, .T. ) ;
#2446 = AXIS2_PLACEMENT_3D ( 'NONE', #3919, #1752, #5551 ) ;
#2447 = CARTESIAN_POINT ( 'NONE',  ( 24.48899999999999366, 0.000000000000000000, -6.350000000000001421 ) ) ;
#2448 = CARTESIAN_POINT ( 'NONE',  ( 0.000000000000000000, -4.174999999999999822, -19.04999999999999716 ) ) ;
#2449 = ORIENTED_EDGE ( 'NONE', *, *, #6353, .F. ) ;
#2450 = CARTESIAN_POINT ( 'NONE',  ( 0.000000000000000000, -5.460999999999999410, -19.04999999999999716 ) ) ;
#2451 = CARTESIAN_POINT ( 'NONE',  ( 0.4000000000000010214, 1.502637486114517751, 6.139000000000000234 ) ) ;
#2452 = EDGE_LOOP ( 'NONE', ( #4678, #2689, #2127, #2655 ) ) ;
#2453 = ORIENTED_EDGE ( 'NONE', *, *, #6486, .F. ) ;
#2454 = DIRECTION ( 'NONE',  ( 0.000000000000000000, 1.000000000000000000, 0.000000000000000000 ) ) ;
#2455 = FACE_OUTER_BOUND ( 'NONE', #5937, .T. ) ;
#2456 = CARTESIAN_POINT ( 'NONE',  ( 23.35584935626992831, -1.999113491775013296, -18.40225965874923375 ) ) ;
#2457 = PERSON_AND_ORGANIZATION ( #5737, #3625 ) ;
#2458 = CARTESIAN_POINT ( 'NONE',  ( -2.299999999999999822, 0.000000000000000000, 5.523072258617638397 ) ) ;
#2459 = CARTESIAN_POINT ( 'NONE',  ( 10.60012705463137550, 0.000000000000000000, 6.139000000000000234 ) ) ;
#2460 = CARTESIAN_POINT ( 'NONE',  ( 25.18900000000000006, -1.663407726524676722, -6.749999999999999112 ) ) ;
#2461 = CARTESIAN_POINT ( 'NONE',  ( 12.69999999999999929, 0.000000000000000000, -30.83899999999999864 ) ) ;
#2462 = ADVANCED_FACE ( 'NONE', ( #2035 ), #1515, .T. ) ;
#2463 = EDGE_LOOP ( 'NONE', ( #173, #466, #4535, #12 ) ) ;
#2464 = ORIENTED_EDGE ( 'NONE', *, *, #2943, .F. ) ;
#2465 = DIRECTION ( 'NONE',  ( 0.000000000000000000, 0.000000000000000000, 1.000000000000000000 ) ) ;
#2466 = EDGE_CURVE ( 'NONE', #3592, #2119, #5619, .T. ) ;
#2467 = ORIENTED_EDGE ( 'NONE', *, *, #6850, .F. ) ;
#2468 = CYLINDRICAL_SURFACE ( 'NONE', #1284, 2.100000000000000089 ) ;
#2469 = CARTESIAN_POINT ( 'NONE',  ( -3.174999999999999822, -3.888253587292846081E-16, -26.28899999999999437 ) ) ;
#2470 = ORIENTED_EDGE ( 'NONE', *, *, #1685, .T. ) ;
#2471 = ORIENTED_EDGE ( 'NONE', *, *, #5372, .F. ) ;
#2472 = ORIENTED_EDGE ( 'NONE', *, *, #4729, .F. ) ;
#2473 = CARTESIAN_POINT ( 'NONE',  ( 21.40360533646651575, -2.057850353472996385, -6.778611934655788929 ) ) ;
#2474 = CARTESIAN_POINT ( 'NONE',  ( 19.05000000000000426, 0.000000000000000000, -19.04999999999999716 ) ) ;
#2475 = ORIENTED_EDGE ( 'NONE', *, *, #6569, .T. ) ;
#2476 = CIRCLE ( 'NONE', #3372, 2.100000000000000977 ) ;
#2477 = FACE_OUTER_BOUND ( 'NONE', #5234, .T. ) ;
#2478 = CARTESIAN_POINT ( 'NONE',  ( 6.350000000000000533, -5.460999999999999410, -12.69999999999999929 ) ) ;
#2479 = ORIENTED_EDGE ( 'NONE', *, *, #4569, .F. ) ;
#2480 = FACE_OUTER_BOUND ( 'NONE', #5066, .T. ) ;
#2481 = TOROIDAL_SURFACE ( 'NONE', #1134, 1.554966049364602254, 0.7500000000000000000 ) ;
#2482 = CARTESIAN_POINT ( 'NONE',  ( 2.299999999999999822, 0.000000000000000000, 5.523072258617638397 ) ) ;
#2483 = DIRECTION ( 'NONE',  ( -0.000000000000000000, -0.000000000000000000, -1.000000000000000000 ) ) ;
#2484 = CARTESIAN_POINT ( 'NONE',  ( -5.200000000000001066, -4.174999999999999822, -11.15441558772842967 ) ) ;
#2485 = CIRCLE ( 'NONE', #794, 2.100000000000000089 ) ;
#2486 = CARTESIAN_POINT ( 'NONE',  ( 6.350000000000000533, -0.8890000000000000124, -14.80000000000000071 ) ) ;
#2487 = DIRECTION ( 'NONE',  ( -1.084202172485504434E-16, 0.000000000000000000, -1.000000000000000000 ) ) ;
#2488 = FACE_OUTER_BOUND ( 'NONE', #5979, .T. ) ;
#2489 = VERTEX_POINT ( 'NONE', #6859 ) ;
#2490 = CIRCLE ( 'NONE', #582, 0.7500000000000006661 ) ;
#2491 = CARTESIAN_POINT ( 'NONE',  ( 13.09999999999999964, -2.232710535457612888, -31.02076274578120874 ) ) ;
#2492 = CARTESIAN_POINT ( 'NONE',  ( 25.18900000000000361, 0.000000000000000000, -19.04999999999999716 ) ) ;
#2493 = ADVANCED_FACE ( 'NONE', ( #6347 ), #2146, .F. ) ;
#2494 = CIRCLE ( 'NONE', #6410, 2.100000000000000977 ) ;
#2495 = EDGE_LOOP ( 'NONE', ( #4381, #403, #4794, #4513 ) ) ;
#2496 = CARTESIAN_POINT ( 'NONE',  ( -6.200000000000001954, 6.200000000000000178, -25.39999999999999858 ) ) ;
#2497 = CIRCLE ( 'NONE', #6617, 3.175000000000000711 ) ;
#2498 = AXIS2_PLACEMENT_3D ( 'NONE', #4963, #6112, #5481 ) ;
#2499 = ORIENTED_EDGE ( 'NONE', *, *, #4314, .F. ) ;
#2500 = EDGE_CURVE ( 'NONE', #5013, #5134, #4461, .T. ) ;
#2501 = FACE_OUTER_BOUND ( 'NONE', #3862, .T. ) ;
#2502 = ORIENTED_EDGE ( 'NONE', *, *, #5063, .T. ) ;
#2503 = PRODUCT_DEFINITION_FORMATION_WITH_SPECIFIED_SOURCE ( 'ANY', '', #3097, .NOT_KNOWN. ) ;
#2504 = ORIENTED_EDGE ( 'NONE', *, *, #1543, .T. ) ;
#2505 = ORIENTED_EDGE ( 'NONE', *, *, #6642, .T. ) ;
#2506 = CARTESIAN_POINT ( 'NONE',  ( 3.888253587292846081E-16, -0.8890000000000000124, -3.174999999999999822 ) ) ;
#2507 = CARTESIAN_POINT ( 'NONE',  ( -6.200000000000001066, 6.200000000000000178, 0.000000000000000000 ) ) ;
#2508 = ORIENTED_EDGE ( 'NONE', *, *, #1300, .T. ) ;
#2509 = LINE ( 'NONE', #397, #3297 ) ;
#2510 = CARTESIAN_POINT ( 'NONE',  ( 13.10000000000000142, 1.821676962433381508, -31.48997030331114644 ) ) ;
#2511 = EDGE_CURVE ( 'NONE', #4155, #816, #4941, .T. ) ;
#2512 = EDGE_LOOP ( 'NONE', ( #2186, #2443, #1899, #5127, #4279 ) ) ;
#2513 = VERTEX_POINT ( 'NONE', #4911 ) ;
#2514 = CARTESIAN_POINT ( 'NONE',  ( 12.69999999999999929, -0.8890000000000000124, -19.04999999999999716 ) ) ;
#2515 = AXIS2_PLACEMENT_3D ( 'NONE', #3895, #3952, #6148 ) ;
#2516 = DIRECTION ( 'NONE',  ( 0.000000000000000000, 1.000000000000000000, 0.000000000000000000 ) ) ;
#2517 = CARTESIAN_POINT ( 'NONE',  ( 12.29999999999999716, -1.821676962433381508, -31.48997030331114644 ) ) ;
#2518 = EDGE_CURVE ( 'NONE', #4270, #5651, #233, .T. ) ;
#2519 = DIRECTION ( 'NONE',  ( 1.000000000000000000, 0.000000000000000000, 0.000000000000000000 ) ) ;
#2520 = CARTESIAN_POINT ( 'NONE',  ( 0.000000000000000000, 0.000000000000000000, -30.92307225861762987 ) ) ;
#2521 = VECTOR ( 'NONE', #3970, 1000.000000000000000 ) ;
#2522 = LINE ( 'NONE', #4659, #1193 ) ;
#2523 = DIRECTION ( 'NONE',  ( 0.000000000000000000, 0.000000000000000000, -1.000000000000000000 ) ) ;
#2524 = DIRECTION ( 'NONE',  ( -0.000000000000000000, -1.000000000000000000, 0.000000000000000000 ) ) ;
#2525 = ORIENTED_EDGE ( 'NONE', *, *, #4828, .F. ) ;
#2526 = EDGE_CURVE ( 'NONE', #1305, #5471, #4346, .T. ) ;
#2527 = AXIS2_PLACEMENT_3D ( 'NONE', #378, #2917, #765 ) ;
#2528 = CARTESIAN_POINT ( 'NONE',  ( 0.000000000000000000, 0.000000000000000000, -26.28899999999999437 ) ) ;
#2529 = DIRECTION ( 'NONE',  ( -0.000000000000000000, -1.000000000000000000, -0.000000000000000000 ) ) ;
#2530 = PLANE ( 'NONE',  #3875 ) ;
#2531 = VECTOR ( 'NONE', #5073, 1000.000000000000000 ) ;
#2532 = AXIS2_PLACEMENT_3D ( 'NONE', #4088, #1984, #4577 ) ;
#2533 = ORIENTED_EDGE ( 'NONE', *, *, #4126, .T. ) ;
#2534 = CARTESIAN_POINT ( 'NONE',  ( 24.48899999999999721, 0.000000000000000000, -8.450000000000002842 ) ) ;
#2535 = ORIENTED_EDGE ( 'NONE', *, *, #1400, .F. ) ;
#2536 = VECTOR ( 'NONE', #1326, 1000.000000000000000 ) ;
#2537 = B_SPLINE_CURVE_WITH_KNOTS ( 'NONE', 3,
 ( #2072, #3160, #1473, #5178 ),
 .UNSPECIFIED., .F., .F.,
 ( 4, 4 ),
 ( 0.002832913685900423535, 0.002935786532568634283 ),
 .UNSPECIFIED. ) ;
#2538 = VECTOR ( 'NONE', #1004, 1000.000000000000000 ) ;
#2539 = LINE ( 'NONE', #241, #3980 ) ;
#2540 = DIRECTION ( 'NONE',  ( 0.000000000000000000, 0.000000000000000000, 1.000000000000000000 ) ) ;
#2541 = ORIENTED_EDGE ( 'NONE', *, *, #780, .T. ) ;
#2542 = AXIS2_PLACEMENT_3D ( 'NONE', #5367, #1689, #4347 ) ;
#2543 = ORIENTED_EDGE ( 'NONE', *, *, #659, .F. ) ;
#2544 = CIRCLE ( 'NONE', #78, 2.299999999999999822 ) ;
#2545 = ORIENTED_EDGE ( 'NONE', *, *, #5800, .T. ) ;
#2546 = DIRECTION ( 'NONE',  ( -0.08715574274765176821, 0.000000000000000000, 0.9961946980917461003 ) ) ;
#2547 = CARTESIAN_POINT ( 'NONE',  ( 12.30000000000000071, -2.264950330581225746, -30.92307225861763698 ) ) ;
#2548 = ORIENTED_EDGE ( 'NONE', *, *, #2922, .T. ) ;
#2549 = FACE_BOUND ( 'NONE', #4547, .T. ) ;
#2550 = LINE ( 'NONE', #1950, #6879 ) ;
#2551 = ORIENTED_EDGE ( 'NONE', *, *, #3403, .T. ) ;
#2552 = EDGE_CURVE ( 'NONE', #1260, #5826, #5392, .T. ) ;
#2553 = EDGE_CURVE ( 'NONE', #4809, #219, #3368, .T. ) ;
#2554 = ORIENTED_EDGE ( 'NONE', *, *, #6490, .T. ) ;
#2555 = CARTESIAN_POINT ( 'NONE',  ( 24.63819995583811462, 2.243459280444428661, -5.950000000000003730 ) ) ;
#2556 = DIRECTION ( 'NONE',  ( 0.9218631515885042926, 0.000000000000000000, -0.3875155864520939408 ) ) ;
#2557 = DIRECTION ( 'NONE',  ( -1.000000000000000000, 0.000000000000000000, -0.000000000000000000 ) ) ;
#2558 = CARTESIAN_POINT ( 'NONE',  ( 25.18900000000001427, -1.663442899047754997, -5.950000000000007283 ) ) ;
#2559 = CARTESIAN_POINT ( 'NONE',  ( 3.888253587292846081E-16, -5.460999999999999410, -3.174999999999999822 ) ) ;
#2560 =( BOUNDED_CURVE ( )  B_SPLINE_CURVE ( 3, ( #3229, #4837, #36, #6447 ),
 .UNSPECIFIED., .F., .T. ) 
 B_SPLINE_CURVE_WITH_KNOTS ( ( 4, 4 ),
 ( 4.362112093716118189, 4.472917508490046323 ),
 .UNSPECIFIED. ) 
 CURVE ( )  GEOMETRIC_REPRESENTATION_ITEM ( )  RATIONAL_B_SPLINE_CURVE ( ( 1.000000000000000000, 0.9989771083553060649, 0.9989771083553060649, 1.000000000000000000 ) ) 
 REPRESENTATION_ITEM ( '' )  );
#2561 = EDGE_CURVE ( 'NONE', #3155, #5641, #2485, .T. ) ;
#2562 = CARTESIAN_POINT ( 'NONE',  ( 19.93899999999999650, 3.888253587292846081E-16, -3.175000000000001599 ) ) ;
#2563 = CARTESIAN_POINT ( 'NONE',  ( 12.69999999999999929, -6.200000000000001066, -8.450000000000001066 ) ) ;
#2564 = CARTESIAN_POINT ( 'NONE',  ( -5.200000000000003730, 6.200000000000000178, -23.39999999999999858 ) ) ;
#2565 = ORIENTED_EDGE ( 'NONE', *, *, #1923, .T. ) ;
#2566 = CARTESIAN_POINT ( 'NONE',  ( 21.64542212862617632, -3.175000000000000711, -19.54809734904586804 ) ) ;
#2567 = DIRECTION ( 'NONE',  ( 1.000000000000000000, 0.000000000000000000, -0.000000000000000000 ) ) ;
#2568 = LINE ( 'NONE', #4696, #227 ) ;
#2569 = EDGE_CURVE ( 'NONE', #5432, #4512, #3051, .T. ) ;
#2570 = VERTEX_POINT ( 'NONE', #6058 ) ;
#2571 = PLANE ( 'NONE',  #1017 ) ;
#2572 = ORIENTED_EDGE ( 'NONE', *, *, #2722, .T. ) ;
#2573 = CARTESIAN_POINT ( 'NONE',  ( 12.12651368875630986, 2.021666578221208432, 3.457121909598165121 ) ) ;
#2574 = CARTESIAN_POINT ( 'NONE',  ( -0.1236690215010800425, 2.099990463092004322, 2.139040055015563713 ) ) ;
#2575 = EDGE_LOOP ( 'NONE', ( #4047, #6211 ) ) ;
#2576 = VERTEX_POINT ( 'NONE', #4414 ) ;
#2577 = ORIENTED_EDGE ( 'NONE', *, *, #3247, .F. ) ;
#2578 = VERTEX_POINT ( 'NONE', #1797 ) ;
#2579 = DIRECTION ( 'NONE',  ( 1.000000000000000000, 0.000000000000000000, 0.000000000000000000 ) ) ;
#2580 = DIRECTION ( 'NONE',  ( 1.000000000000000000, 0.000000000000000000, 0.000000000000000000 ) ) ;
#2581 = CARTESIAN_POINT ( 'NONE',  ( 12.30000000000000071, 2.254205848354697839, 5.555636450100673862 ) ) ;
#2582 = FACE_OUTER_BOUND ( 'NONE', #4424, .T. ) ;
#2583 = CARTESIAN_POINT ( 'NONE',  ( 13.10000000000000142, 1.502637486114517751, -31.53899999999999793 ) ) ;
#2584 = ORIENTED_EDGE ( 'NONE', *, *, #629, .F. ) ;
#2585 = ORIENTED_EDGE ( 'NONE', *, *, #2853, .F. ) ;
#2586 = CARTESIAN_POINT ( 'NONE',  ( 17.05000000000000071, 6.200000000000000178, -23.39999999999999858 ) ) ;
#2587 = CARTESIAN_POINT ( 'NONE',  ( 21.64542212862617632, 2.040073290564207831, -18.55190265095412627 ) ) ;
#2588 = DIRECTION ( 'NONE',  ( -1.000000000000000000, 0.000000000000000000, 0.000000000000000000 ) ) ;
#2589 = ADVANCED_FACE ( 'NONE', ( #3263 ), #4162, .T. ) ;
#2590 = CARTESIAN_POINT ( 'NONE',  ( -0.4980973490458723840, -2.040073290564207831, -27.99542212862616353 ) ) ;
#2591 = EDGE_CURVE ( 'NONE', #3598, #766, #2634, .T. ) ;
#2592 = AXIS2_PLACEMENT_3D ( 'NONE', #3133, #5825, #1019 ) ;
#2593 = DIRECTION ( 'NONE',  ( 1.000000000000000000, 0.000000000000000000, -0.000000000000000000 ) ) ;
#2594 = ADVANCED_FACE ( 'NONE', ( #3930 ), #6450, .F. ) ;
#2595 = VECTOR ( 'NONE', #1567, 1000.000000000000000 ) ;
#2596 = ORIENTED_EDGE ( 'NONE', *, *, #535, .F. ) ;
#2597 = DIRECTION ( 'NONE',  ( 0.9961946980917461003, 0.000000000000000000, 0.08715574274765176821 ) ) ;
#2598 = LINE ( 'NONE', #4132, #1258 ) ;
#2599 = CARTESIAN_POINT ( 'NONE',  ( 19.05000000000000071, 0.000000000000000000, -6.350000000000001421 ) ) ;
#2600 = ORIENTED_EDGE ( 'NONE', *, *, #1523, .T. ) ;
#2601 = DIRECTION ( 'NONE',  ( 1.000000000000000000, 0.000000000000000000, 0.000000000000000000 ) ) ;
#2602 = CARTESIAN_POINT ( 'NONE',  ( 24.57307225861764266, 0.000000000000000000, -19.04999999999999716 ) ) ;
#2603 = CIRCLE ( 'NONE', #6065, 2.268258436585967264 ) ;
#2604 = CARTESIAN_POINT ( 'NONE',  ( 12.69999999999999929, 0.000000000000000000, -25.39999999999999858 ) ) ;
#2605 = CARTESIAN_POINT ( 'NONE',  ( 12.69999999999999929, 0.000000000000000000, -31.02076274578120874 ) ) ;
#2606 = EDGE_CURVE ( 'NONE', #6344, #219, #4716, .T. ) ;
#2607 = AXIS2_PLACEMENT_3D ( 'NONE', #784, #1247, #5004 ) ;
#2608 = VERTEX_POINT ( 'NONE', #1664 ) ;
#2609 = CARTESIAN_POINT ( 'NONE',  ( 12.82366902150107890, 2.099990463092004322, -27.53904005501556185 ) ) ;
#2610 = EDGE_LOOP ( 'NONE', ( #4492, #5374, #1354, #3239 ) ) ;
#2611 = EDGE_CURVE ( 'NONE', #5304, #3939, #2603, .T. ) ;
#2612 = CARTESIAN_POINT ( 'NONE',  ( 11.97936842241353439, 1.972483239316684234, 5.138999999999997570 ) ) ;
#2613 = CYLINDRICAL_SURFACE ( 'NONE', #5618, 3.175000000000000711 ) ;
#2614 = CIRCLE ( 'NONE', #4168, 2.299999999999999822 ) ;
#2615 = VECTOR ( 'NONE', #2829, 1000.000000000000000 ) ;
#2616 = EDGE_LOOP ( 'NONE', ( #1545, #6653, #2267, #83 ) ) ;
#2617 = VERTEX_POINT ( 'NONE', #4871 ) ;
#2618 = ORIENTED_EDGE ( 'NONE', *, *, #5488, .T. ) ;
#2619 = DIRECTION ( 'NONE',  ( -8.260587980841934638E-15, 0.000000000000000000, -1.000000000000000000 ) ) ;
#2620 = CARTESIAN_POINT ( 'NONE',  ( 12.30000000000000071, -1.502637486114517751, -31.53899999999999793 ) ) ;
#2621 = AXIS2_PLACEMENT_3D ( 'NONE', #263, #4559, #763 ) ;
#2622 = DIRECTION ( 'NONE',  ( 1.000000000000000000, 0.000000000000000000, 8.115498896123205041E-15 ) ) ;
#2623 = CARTESIAN_POINT ( 'NONE',  ( 13.09999999999999964, 2.182266827280790800, 5.773579458367406048 ) ) ;
#2624 = CARTESIAN_POINT ( 'NONE',  ( 6.350000000000000533, -0.8890000000000000124, -12.69999999999999929 ) ) ;
#2625 = ORIENTED_EDGE ( 'NONE', *, *, #4588, .F. ) ;
#2626 = ORIENTED_EDGE ( 'NONE', *, *, #5300, .T. ) ;
#2627 = CARTESIAN_POINT ( 'NONE',  ( 0.4980973490458732167, 2.040073290564206943, 2.595422128626172054 ) ) ;
#2628 = CARTESIAN_POINT ( 'NONE',  ( 0.4000000000000000777, 2.061552812808830293, -30.83899999999999153 ) ) ;
#2629 = DIRECTION ( 'NONE',  ( 1.000000000000000000, 0.000000000000000000, 0.000000000000000000 ) ) ;
#2630 = CARTESIAN_POINT ( 'NONE',  ( 25.14013263996619330, -1.820969194338323716, -5.950000000000003730 ) ) ;
#2631 = CARTESIAN_POINT ( 'NONE',  ( 0.000000000000000000, 0.000000000000000000, 5.620762745781208380 ) ) ;
#2632 = AXIS2_PLACEMENT_3D ( 'NONE', #3009, #6186, #357 ) ;
#2633 = ORIENTED_EDGE ( 'NONE', *, *, #2082, .T. ) ;
#2634 = B_SPLINE_CURVE_WITH_KNOTS ( 'NONE', 3,
 ( #1687, #593, #2743, #5995, #4312, #3832, #5493, #4377, #6544, #3401 ),
 .UNSPECIFIED., .F., .F.,
 ( 4, 2, 2, 2, 4 ),
 ( 0.000000000000000000, 0.0003704147845104413723, 0.0007408295690208827446, 0.001111244353531324171, 0.001481659138041765489 ),
 .UNSPECIFIED. ) ;
#2635 = EDGE_CURVE ( 'NONE', #4496, #6007, #1478, .T. ) ;
#2636 = EDGE_CURVE ( 'NONE', #2391, #3099, #5708, .T. ) ;
#2637 = DIRECTION ( 'NONE',  ( 0.000000000000000000, -0.000000000000000000, 1.000000000000000000 ) ) ;
#2638 = FACE_OUTER_BOUND ( 'NONE', #6190, .T. ) ;
#2639 = CARTESIAN_POINT ( 'NONE',  ( -0.4000000000000000777, 1.663442899047753887, -31.53899999999999082 ) ) ;
#2640 = EDGE_CURVE ( 'NONE', #3044, #2996, #900, .T. ) ;
#2641 = CARTESIAN_POINT ( 'NONE',  ( 19.05000000000000071, 0.000000000000000000, -19.04999999999999716 ) ) ;
#2642 = LINE ( 'NONE', #1512, #5382 ) ;
#2643 = CIRCLE ( 'NONE', #4870, 3.175000000000000711 ) ;
#2644 = FACE_OUTER_BOUND ( 'NONE', #3549, .T. ) ;
#2645 = EDGE_CURVE ( 'NONE', #6637, #5826, #4704, .T. ) ;
#2646 = AXIS2_PLACEMENT_3D ( 'NONE', #1881, #718, #2938 ) ;
#2647 = ORIENTED_EDGE ( 'NONE', *, *, #4468, .F. ) ;
#2648 = CARTESIAN_POINT ( 'NONE',  ( 1.554966049364602254, 0.000000000000000000, 5.389000000000000234 ) ) ;
#2649 = EDGE_LOOP ( 'NONE', ( #6219, #4472, #1840, #6040 ) ) ;
#2650 = EDGE_CURVE ( 'NONE', #4682, #3209, #912, .T. ) ;
#2651 = DIRECTION ( 'NONE',  ( -0.000000000000000000, -1.000000000000000000, -0.000000000000000000 ) ) ;
#2652 = CARTESIAN_POINT ( 'NONE',  ( 12.30000000000000071, -2.232710535457612888, -31.02076274578120874 ) ) ;
#2653 = AXIS2_PLACEMENT_3D ( 'NONE', #4384, #6513, #1730 ) ;
#2654 = CIRCLE ( 'NONE', #6546, 2.100000000000000977 ) ;
#2655 = ORIENTED_EDGE ( 'NONE', *, *, #6023, .F. ) ;
#2656 = EDGE_CURVE ( 'NONE', #2229, #6554, #2941, .T. ) ;
#2657 = ORIENTED_EDGE ( 'NONE', *, *, #2856, .T. ) ;
#2658 = VERTEX_POINT ( 'NONE', #226 ) ;
#2659 = CIRCLE ( 'NONE', #6555, 2.100000000000000089 ) ;
#2660 = CARTESIAN_POINT ( 'NONE',  ( 13.42063157758646774, 1.972483239316685122, -30.53899999999999793 ) ) ;
#2661 = CARTESIAN_POINT ( 'NONE',  ( 24.95559739064390214, 2.083236664664703142, -5.950000000000003730 ) ) ;
#2662 = ADVANCED_BREP_SHAPE_REPRESENTATION ( '228-2500-1253', ( #347, #5967 ), #4739 ) ;
#2663 = CARTESIAN_POINT ( 'NONE',  ( 12.69999999999999929, 0.000000000000000000, 5.439000000000000945 ) ) ;
#2664 = CLOSED_SHELL ( 'NONE', ( #911, #2589, #2167, #1168, #2728, #1337, #1472, #3402, #3899, #6310, #4257, #5146, #4012, #6785, #5936, #5841, #4634, #4589, #2041, #2896, #2185, #2250, #4023, #5105, #4901, #1051, #6856, #6132, #3234, #6090, #1489, #5670, #1276, #1123, #3384, #6601, #3369, #3716, #6302, #3447, #5926, #1915, #4949, #2998, #1690, #6563, #424, #567, #6356, #2732, #4303, #346, #389, #6224, #3407, #948, #1219, #5545, #1622, #2049, #3165, #5439, #3803, #2205, #6734, #1828, #5701, #588, #6444, #6764, #1166, #5062, #5188, #3860, #134, #1896, #3682, #6180, #4780, #867, #5759, #2303, #3228, #524, #3494, #733, #187, #4767, #109, #3954, #5241, #4058, #2420, #4409, #3358, #2310, #3170, #4007, #954, #6051, #1782, #3621, #4982, #3752, #6806, #2979, #16, #1089, #5589, #745, #2028, #2594, #5371, #3962, #6699, #1630, #1579, #3319, #6810, #1988, #5322, #4130, #1186, #6599, #5077, #1056, #4493, #4358, #865, #5535, #1160, #5982, #1378, #3710, #5712, #1336, #4079, #2809, #823, #2789, #2207, #3969, #3143, #1098, #138, #9, #2249, #1437, #6439, #1661, #5203, #4616, #2686, #6225, #243, #4522, #787, #562, #736, #989, #2462, #5716, #2900, #4388, #5608, #2225, #1608, #4641, #214, #2493, #5370, #754, #1310, #6772, #478, #6849, #4872, #6825, #5406, #6598, #568, #1534, #4321, #5852, #1994, #1857, #5098, #6632, #6517, #185, #3769, #2439, #4053, #5974, #4748, #3147, #6905, #3109, #3808, #2160, #1246, #3233, #5849, #578, #572, #999, #4467, #6845, #6150, #1407, #299, #3364 ) ) ;
#2665 = CIRCLE ( 'NONE', #1978, 2.100000000000000977 ) ;
#2666 = EDGE_LOOP ( 'NONE', ( #5437, #326, #2618, #1647 ) ) ;
#2667 = VERTEX_POINT ( 'NONE', #2484 ) ;
#2668 = CARTESIAN_POINT ( 'NONE',  ( 25.18900000000000361, -1.502637486114517751, -18.64999999999999503 ) ) ;
#2669 = DIRECTION ( 'NONE',  ( 0.000000000000000000, 1.000000000000000000, 0.000000000000000000 ) ) ;
#2670 = AXIS2_PLACEMENT_3D ( 'NONE', #981, #5251, #444 ) ;
#2671 = FACE_OUTER_BOUND ( 'NONE', #388, .T. ) ;
#2672 = CARTESIAN_POINT ( 'NONE',  ( 24.63819995583812172, 2.243459280444428661, -19.44999999999999574 ) ) ;
#2673 = CARTESIAN_POINT ( 'NONE',  ( 0.5734863112436896504, -2.021666578221207988, 3.457121909598170895 ) ) ;
#2674 = EDGE_LOOP ( 'NONE', ( #4625, #5771 ) ) ;
#2675 = LINE ( 'NONE', #1082, #5546 ) ;
#2676 = DIRECTION ( 'NONE',  ( 1.000000000000000000, 0.000000000000000000, 0.000000000000000000 ) ) ;
#2677 = LINE ( 'NONE', #6477, #623 ) ;
#2678 = DIRECTION ( 'NONE',  ( -0.000000000000000000, 0.000000000000000000, 1.000000000000000000 ) ) ;
#2679 = FACE_OUTER_BOUND ( 'NONE', #594, .T. ) ;
#2680 = CARTESIAN_POINT ( 'NONE',  ( 12.30000000000000071, -2.061552812808830293, -30.83899999999999864 ) ) ;
#2681 = ORIENTED_EDGE ( 'NONE', *, *, #6012, .F. ) ;
#2682 = CARTESIAN_POINT ( 'NONE',  ( -0.5734863112436878740, 2.021666578221208432, 3.457121909598164233 ) ) ;
#2683 = ORIENTED_EDGE ( 'NONE', *, *, #3457, .T. ) ;
#2684 = DIRECTION ( 'NONE',  ( 0.000000000000000000, 0.000000000000000000, 1.000000000000000000 ) ) ;
#2685 = EDGE_CURVE ( 'NONE', #1214, #5160, #339, .T. ) ;
#2686 = ADVANCED_FACE ( 'NONE', ( #6643 ), #6124, .F. ) ;
#2687 = VERTEX_POINT ( 'NONE', #3472 ) ;
#2688 = ORIENTED_EDGE ( 'NONE', *, *, #3812, .F. ) ;
#2689 = ORIENTED_EDGE ( 'NONE', *, *, #665, .T. ) ;
#2690 = CARTESIAN_POINT ( 'NONE',  ( 12.69999999999999929, 0.000000000000000000, 5.389000000000000234 ) ) ;
#2691 = CARTESIAN_POINT ( 'NONE',  ( 12.30000000000000071, -2.061552812808830737, 5.439000000000000057 ) ) ;
#2692 = CARTESIAN_POINT ( 'NONE',  ( 12.69999999999999929, -5.460999999999999410, -6.350000000000000533 ) ) ;
#2693 = CARTESIAN_POINT ( 'NONE',  ( -5.200000000000001066, -6.200000000000001066, -11.15441558772842967 ) ) ;
#2694 = VERTEX_POINT ( 'NONE', #5070 ) ;
#2695 = EDGE_LOOP ( 'NONE', ( #2200, #878, #4253, #4084 ) ) ;
#2696 = DIRECTION ( 'NONE',  ( 0.000000000000000000, 0.000000000000000000, 1.000000000000000000 ) ) ;
#2697 = DIRECTION ( 'NONE',  ( 0.000000000000000000, 1.000000000000000000, -0.000000000000000000 ) ) ;
#2698 = CARTESIAN_POINT ( 'NONE',  ( 0.4980973490458738828, 2.040073290564207831, -27.99542212862616353 ) ) ;
#2699 = CARTESIAN_POINT ( 'NONE',  ( 24.18900000000000716, 2.061552812808830293, -18.64999999999999503 ) ) ;
#2700 = CARTESIAN_POINT ( 'NONE',  ( 0.4000000000000001887, 0.000000000000000000, -31.53899999999999082 ) ) ;
#2701 = ORIENTED_EDGE ( 'NONE', *, *, #3538, .F. ) ;
#2702 = DIRECTION ( 'NONE',  ( 0.000000000000000000, -1.000000000000000000, 0.000000000000000000 ) ) ;
#2703 = PLANE ( 'NONE',  #5889 ) ;
#2704 = AXIS2_PLACEMENT_3D ( 'NONE', #4497, #6715, #3555 ) ;
#2705 = DIRECTION ( 'NONE',  ( -1.000000000000000000, 0.000000000000000000, 0.000000000000000000 ) ) ;
#2706 = DIRECTION ( 'NONE',  ( -0.000000000000000000, -0.000000000000000000, 1.000000000000000000 ) ) ;
#2707 = CARTESIAN_POINT ( 'NONE',  ( 12.69999999999999929, 0.000000000000000000, -30.92307225861763698 ) ) ;
#2708 = CARTESIAN_POINT ( 'NONE',  ( 0.000000000000000000, -0.8890000000000000124, -16.94999999999999574 ) ) ;
#2709 = ORIENTED_EDGE ( 'NONE', *, *, #2853, .T. ) ;
#2710 = CARTESIAN_POINT ( 'NONE',  ( 24.18900000000000361, -3.175000000000000711, -18.32936842241353048 ) ) ;
#2711 = ORIENTED_EDGE ( 'NONE', *, *, #6314, .F. ) ;
#2712 = CONICAL_SURFACE ( 'NONE', #6606, 2.299999999999999822, 0.3141592653589760364 ) ;
#2713 = CARTESIAN_POINT ( 'NONE',  ( 24.48900000000000432, -2.061552812808830293, -19.44999999999999574 ) ) ;
#2714 = VERTEX_POINT ( 'NONE', #1361 ) ;
#2715 = EDGE_LOOP ( 'NONE', ( #2438, #254 ) ) ;
#2716 = B_SPLINE_CURVE_WITH_KNOTS ( 'NONE', 3,
 ( #3040, #2581, #3495, #4575 ),
 .UNSPECIFIED., .F., .F.,
 ( 4, 4 ),
 ( 0.002832913685900424836, 0.002935786532568635150 ),
 .UNSPECIFIED. ) ;
#2717 = VERTEX_POINT ( 'NONE', #5629 ) ;
#2718 = EDGE_CURVE ( 'NONE', #5944, #5570, #2888, .T. ) ;
#2719 = CARTESIAN_POINT ( 'NONE',  ( 0.000000000000000000, 0.000000000000000000, -30.83899999999999153 ) ) ;
#2720 = ORIENTED_EDGE ( 'NONE', *, *, #3277, .F. ) ;
#2721 = AXIS2_PLACEMENT_3D ( 'NONE', #4226, #2130, #3743 ) ;
#2722 = EDGE_CURVE ( 'NONE', #3127, #4995, #1618, .T. ) ;
#2723 = DIRECTION ( 'NONE',  ( -0.000000000000000000, -0.000000000000000000, 1.000000000000000000 ) ) ;
#2724 = DIRECTION ( 'NONE',  ( -1.084202172485504434E-16, 0.000000000000000000, -1.000000000000000000 ) ) ;
#2725 = CIRCLE ( 'NONE', #355, 3.175000000000001155 ) ;
#2726 = ORIENTED_EDGE ( 'NONE', *, *, #6178, .F. ) ;
#2727 = ORIENTED_EDGE ( 'NONE', *, *, #1038, .T. ) ;
#2728 = ADVANCED_FACE ( 'NONE', ( #4762 ), #6169, .T. ) ;
#2729 = CARTESIAN_POINT ( 'NONE',  ( -5.200000000000004619, -31.72724035221981964, -25.39999999999999858 ) ) ;
#2730 = CARTESIAN_POINT ( 'NONE',  ( -0.4980973490458723840, -2.040073290564207831, -27.99542212862616353 ) ) ;
#2731 = TOROIDAL_SURFACE ( 'NONE', #1042, 1.554966049364602254, 0.7500000000000000000 ) ;
#2732 = ADVANCED_FACE ( 'NONE', ( #3755 ), #6374, .T. ) ;
#2733 = DIRECTION ( 'NONE',  ( 1.000000000000000000, 0.000000000000000000, 8.115498896123205041E-15 ) ) ;
#2734 = DIRECTION ( 'NONE',  ( 0.7071067811865474617, 0.7071067811865476838, 0.000000000000000000 ) ) ;
#2735 = CARTESIAN_POINT ( 'NONE',  ( 13.09999999999999964, 2.061552812808830293, 5.439000000000000945 ) ) ;
#2736 = EDGE_LOOP ( 'NONE', ( #5931, #1283 ) ) ;
#2737 = EDGE_CURVE ( 'NONE', #5641, #5624, #3773, .T. ) ;
#2738 = CARTESIAN_POINT ( 'NONE',  ( 25.18900000000000361, 1.502637486114517751, -19.44999999999999574 ) ) ;
#2739 = DIRECTION ( 'NONE',  ( 0.000000000000000000, 0.000000000000000000, 1.000000000000000000 ) ) ;
#2740 = DIRECTION ( 'NONE',  ( -8.115498896123205041E-15, 0.000000000000000000, -1.000000000000000000 ) ) ;
#2741 = DIRECTION ( 'NONE',  ( -0.000000000000000000, 1.000000000000000000, 0.000000000000000000 ) ) ;
#2742 = CARTESIAN_POINT ( 'NONE',  ( 0.000000000000000000, 0.000000000000000000, -25.39999999999999147 ) ) ;
#2743 = CARTESIAN_POINT ( 'NONE',  ( 12.27138806534421356, -2.057850353472996385, -27.75360533646652073 ) ) ;
#2744 = B_SPLINE_CURVE_WITH_KNOTS ( 'NONE', 3,
 ( #5476, #6525, #1745, #5047, #3316, #675 ),
 .UNSPECIFIED., .F., .F.,
 ( 4, 2, 4 ),
 ( 0.000000000000000000, 0.0004757001404452625864, 0.0009514002808905251728 ),
 .UNSPECIFIED. ) ;
#2745 = EDGE_CURVE ( 'NONE', #6366, #4146, #940, .T. ) ;
#2746 = DIRECTION ( 'NONE',  ( -1.000000000000000000, -0.000000000000000000, 0.000000000000000000 ) ) ;
#2747 = DIRECTION ( 'NONE',  ( -1.000000000000000000, 0.000000000000000000, 0.000000000000000000 ) ) ;
#2748 = DIRECTION ( 'NONE',  ( 8.260587980841934638E-15, 0.000000000000000000, -1.000000000000000000 ) ) ;
#2749 = ORIENTED_EDGE ( 'NONE', *, *, #1271, .T. ) ;
#2750 = AXIS2_PLACEMENT_3D ( 'NONE', #2450, #891, #4711 ) ;
#2751 = DIRECTION ( 'NONE',  ( -0.000000000000000000, -1.000000000000000000, 0.000000000000000000 ) ) ;
#2752 = FACE_OUTER_BOUND ( 'NONE', #1316, .T. ) ;
#2753 = AXIS2_PLACEMENT_3D ( 'NONE', #6420, #5932, #1057 ) ;
#2754 = ORIENTED_EDGE ( 'NONE', *, *, #2850, .F. ) ;
#2755 = EDGE_LOOP ( 'NONE', ( #2533, #6675 ) ) ;
#2756 = LINE ( 'NONE', #2296, #2816 ) ;
#2757 = VERTEX_POINT ( 'NONE', #409 ) ;
#2758 = CARTESIAN_POINT ( 'NONE',  ( 12.69999999999999929, -6.200000000000001066, -16.94999999999999574 ) ) ;
#2759 = AXIS2_PLACEMENT_3D ( 'NONE', #465, #3636, #3010 ) ;
#2760 = FACE_OUTER_BOUND ( 'NONE', #1731, .T. ) ;
#2761 = CARTESIAN_POINT ( 'NONE',  ( 12.69999999999999929, 0.000000000000000000, -30.83899999999999864 ) ) ;
#2762 = ORIENTED_EDGE ( 'NONE', *, *, #3069, .F. ) ;
#2763 = VECTOR ( 'NONE', #3616, 1000.000000000000000 ) ;
#2764 = VERTEX_POINT ( 'NONE', #4129 ) ;
#2765 = CARTESIAN_POINT ( 'NONE',  ( 12.69999999999999929, -2.174999999999999822, -22.22499999999999787 ) ) ;
#2766 = DIRECTION ( 'NONE',  ( 0.000000000000000000, 0.000000000000000000, 1.000000000000000000 ) ) ;
#2767 = ORIENTED_EDGE ( 'NONE', *, *, #5893, .T. ) ;
#2768 = VECTOR ( 'NONE', #2702, 1000.000000000000000 ) ;
#2769 = DIRECTION ( 'NONE',  ( -0.000000000000000000, -1.000000000000000000, -0.000000000000000000 ) ) ;
#2770 = CARTESIAN_POINT ( 'NONE',  ( -0.3999999999999993006, -2.061552812808830293, 5.139000000000000234 ) ) ;
#2771 = AXIS2_PLACEMENT_3D ( 'NONE', #6334, #6770, #2020 ) ;
#2772 = LINE ( 'NONE', #6026, #5284 ) ;
#2773 = EDGE_CURVE ( 'NONE', #5050, #6085, #3959, .T. ) ;
#2774 = EDGE_CURVE ( 'NONE', #5686, #2993, #5161, .T. ) ;
#2775 = EDGE_LOOP ( 'NONE', ( #4034, #3101, #1204, #3517 ) ) ;
#2776 = CIRCLE ( 'NONE', #6116, 2.100000000000000977 ) ;
#2777 = DIRECTION ( 'NONE',  ( -1.000000000000000000, 0.000000000000000000, -0.000000000000000000 ) ) ;
#2778 = FACE_OUTER_BOUND ( 'NONE', #4745, .T. ) ;
#2779 = CARTESIAN_POINT ( 'NONE',  ( -5.200000000000002842, -2.175000000000000711, -23.39999999999999858 ) ) ;
#2780 = CARTESIAN_POINT ( 'NONE',  ( 3.888253587292846081E-16, -0.8890000000000000124, -15.87499999999999645 ) ) ;
#2781 = DIRECTION ( 'NONE',  ( -1.000000000000000000, 0.000000000000000000, 0.000000000000000000 ) ) ;
#2782 = EDGE_CURVE ( 'NONE', #3220, #5053, #1137, .T. ) ;
#2783 = ORIENTED_EDGE ( 'NONE', *, *, #4520, .T. ) ;
#2784 = CARTESIAN_POINT ( 'NONE',  ( 24.18900000000000361, 1.972483239316684234, -18.32936842241353048 ) ) ;
#2785 = CARTESIAN_POINT ( 'NONE',  ( 12.30000000000000071, 2.061552812808830293, -30.83899999999999864 ) ) ;
#2786 = ORIENTED_EDGE ( 'NONE', *, *, #133, .F. ) ;
#2787 = CARTESIAN_POINT ( 'NONE',  ( 24.67076274578120376, 2.232710535457612888, -5.950000000000003730 ) ) ;
#2788 = EDGE_LOOP ( 'NONE', ( #3116, #1667 ) ) ;
#2789 = ADVANCED_FACE ( 'NONE', ( #3122 ), #6611, .T. ) ;
#2790 =( BOUNDED_CURVE ( )  B_SPLINE_CURVE ( 3, ( #1053, #4281, #3907, #6455 ),
 .UNSPECIFIED., .F., .T. ) 
 B_SPLINE_CURVE_WITH_KNOTS ( ( 4, 4 ),
 ( 1.810267798689539687, 1.921073213463467821 ),
 .UNSPECIFIED. ) 
 CURVE ( )  GEOMETRIC_REPRESENTATION_ITEM ( )  RATIONAL_B_SPLINE_CURVE ( ( 1.000000000000000000, 0.9989771083553060649, 0.9989771083553060649, 1.000000000000000000 ) ) 
 REPRESENTATION_ITEM ( '' )  );
#2791 = ORIENTED_EDGE ( 'NONE', *, *, #3841, .T. ) ;
#2792 = ORIENTED_EDGE ( 'NONE', *, *, #2989, .F. ) ;
#2793 = DIRECTION ( 'NONE',  ( 0.7071067811865473507, -0.000000000000000000, 0.7071067811865477948 ) ) ;
#2794 = EDGE_LOOP ( 'NONE', ( #5022, #210 ) ) ;
#2795 = DIRECTION ( 'NONE',  ( 0.7071067811865477948, 0.000000000000000000, -0.7071067811865473507 ) ) ;
#2796 = DIRECTION ( 'NONE',  ( -0.000000000000000000, -0.000000000000000000, -1.000000000000000000 ) ) ;
#2797 = ORIENTED_EDGE ( 'NONE', *, *, #2332, .T. ) ;
#2798 = VERTEX_POINT ( 'NONE', #2559 ) ;
#2799 = ORIENTED_EDGE ( 'NONE', *, *, #654, .F. ) ;
#2800 = CARTESIAN_POINT ( 'NONE',  ( 22.50712190959816539, -2.021666578221207988, -19.62348631124368481 ) ) ;
#2801 = DIRECTION ( 'NONE',  ( 0.000000000000000000, 1.000000000000000000, 0.000000000000000000 ) ) ;
#2802 = ORIENTED_EDGE ( 'NONE', *, *, #6640, .T. ) ;
#2803 = CARTESIAN_POINT ( 'NONE',  ( 3.888253587292846081E-16, -0.8890000000000000124, -3.174999999999999822 ) ) ;
#2804 = LINE ( 'NONE', #1617, #620 ) ;
#2805 = EDGE_CURVE ( 'NONE', #6203, #6247, #5319, .T. ) ;
#2806 = DIRECTION ( 'NONE',  ( 1.000000000000000000, 0.000000000000000000, 0.000000000000000000 ) ) ;
#2807 = ORIENTED_EDGE ( 'NONE', *, *, #5242, .F. ) ;
#2808 = CARTESIAN_POINT ( 'NONE',  ( 24.43899999999999650, 0.000000000000000000, -6.350000000000001421 ) ) ;
#2809 = ADVANCED_FACE ( 'NONE', ( #5213 ), #457, .T. ) ;
#2810 = LINE ( 'NONE', #1722, #4546 ) ;
#2811 = CARTESIAN_POINT ( 'NONE',  ( 24.18900000000000361, -3.175000000000000711, -19.77063157758646739 ) ) ;
#2812 = CARTESIAN_POINT ( 'NONE',  ( 0.000000000000000000, -0.8890000000000000124, -22.22499999999999787 ) ) ;
#2813 = CARTESIAN_POINT ( 'NONE',  ( 12.30000000000000249, 1.820969194338321939, -31.49013263996618761 ) ) ;
#2814 = ORIENTED_EDGE ( 'NONE', *, *, #3068, .F. ) ;
#2815 = LINE ( 'NONE', #4945, #4066 ) ;
#2816 = VECTOR ( 'NONE', #148, 1000.000000000000000 ) ;
#2817 = CARTESIAN_POINT ( 'NONE',  ( 0.000000000000000000, 0.000000000000000000, 5.439000000000000945 ) ) ;
#2818 = VERTEX_POINT ( 'NONE', #2024 ) ;
#2819 = EDGE_CURVE ( 'NONE', #4512, #6433, #6338, .T. ) ;
#2820 = PLANE ( 'NONE',  #949 ) ;
#2821 = CIRCLE ( 'NONE', #5037, 3.174999999999999822 ) ;
#2822 = ORIENTED_EDGE ( 'NONE', *, *, #2122, .T. ) ;
#2823 = EDGE_LOOP ( 'NONE', ( #4245, #4564, #5681, #2453 ) ) ;
#2824 = DIRECTION ( 'NONE',  ( 1.000000000000000000, 0.000000000000000000, 0.000000000000000000 ) ) ;
#2825 = ORIENTED_EDGE ( 'NONE', *, *, #4681, .T. ) ;
#2826 = EDGE_CURVE ( 'NONE', #1558, #6554, #3645, .T. ) ;
#2827 = CARTESIAN_POINT ( 'NONE',  ( -5.200000000000001066, -0.1999999999999996503, -11.15441558772842967 ) ) ;
#2828 =( BOUNDED_CURVE ( )  B_SPLINE_CURVE ( 3, ( #1702, #1741, #2862, #1208 ),
 .UNSPECIFIED., .F., .T. ) 
 B_SPLINE_CURVE_WITH_KNOTS ( ( 4, 4 ),
 ( 4.362112093716119077, 4.472917508490047211 ),
 .UNSPECIFIED. ) 
 CURVE ( )  GEOMETRIC_REPRESENTATION_ITEM ( )  RATIONAL_B_SPLINE_CURVE ( ( 1.000000000000000000, 0.9989771083553060649, 0.9989771083553060649, 1.000000000000000000 ) ) 
 REPRESENTATION_ITEM ( '' )  );
#2829 = DIRECTION ( 'NONE',  ( -3.110379853311669038E-16, 0.000000000000000000, -1.000000000000000000 ) ) ;
#2830 = ORIENTED_EDGE ( 'NONE', *, *, #2376, .F. ) ;
#2831 = AXIS2_PLACEMENT_3D ( 'NONE', #1924, #5140, #4521 ) ;
#2832 = ORIENTED_EDGE ( 'NONE', *, *, #2526, .T. ) ;
#2833 = ORIENTED_EDGE ( 'NONE', *, *, #6650, .T. ) ;
#2834 = CARTESIAN_POINT ( 'NONE',  ( 24.57307225861763200, 0.000000000000000000, -6.350000000000001421 ) ) ;
#2835 = FACE_OUTER_BOUND ( 'NONE', #1372, .T. ) ;
#2836 = VECTOR ( 'NONE', #3830, 1000.000000000000000 ) ;
#2837 = VERTEX_POINT ( 'NONE', #2064 ) ;
#2838 = DIRECTION ( 'NONE',  ( -0.000000000000000000, 1.000000000000000000, -0.000000000000000000 ) ) ;
#2839 = CARTESIAN_POINT ( 'NONE',  ( -0.3999999999999993006, -2.243459280444427772, 5.588199955838118349 ) ) ;
#2840 = LINE ( 'NONE', #3922, #4605 ) ;
#2841 = TOROIDAL_SURFACE ( 'NONE', #5615, 1.554966049364602254, 0.7500000000000000000 ) ;
#2842 = AXIS2_PLACEMENT_3D ( 'NONE', #4465, #744, #2864 ) ;
#2843 = VECTOR ( 'NONE', #2669, 1000.000000000000000 ) ;
#2844 = CARTESIAN_POINT ( 'NONE',  ( 0.000000000000000000, 0.000000000000000000, 0.000000000000000000 ) ) ;
#2845 = EDGE_CURVE ( 'NONE', #5165, #701, #6833, .T. ) ;
#2846 = CARTESIAN_POINT ( 'NONE',  ( -0.3999999999999993006, 2.083236664664702698, 5.905597390643909428 ) ) ;
#2847 = LOCAL_TIME ( 14, 4, 1.000000000000000000, #1825 ) ;
#2848 = CARTESIAN_POINT ( 'NONE',  ( 24.82352969257201281, -2.182283254615324353, -19.44999999999999574 ) ) ;
#2849 = DIRECTION ( 'NONE',  ( -0.000000000000000000, 0.000000000000000000, 1.000000000000000000 ) ) ;
#2850 = EDGE_CURVE ( 'NONE', #5587, #843, #688, .T. ) ;
#2851 = CARTESIAN_POINT ( 'NONE',  ( 24.63819995583812172, 2.243459280444427772, -18.64999999999999503 ) ) ;
#2852 = CARTESIAN_POINT ( 'NONE',  ( 12.94707237833307367, 2.087434397081524118, 2.187282604411543652 ) ) ;
#2853 = EDGE_CURVE ( 'NONE', #1491, #2489, #2209, .T. ) ;
#2854 = DIRECTION ( 'NONE',  ( 1.000000000000000000, 0.000000000000000000, 0.000000000000000000 ) ) ;
#2855 = CARTESIAN_POINT ( 'NONE',  ( 13.34774034125076447, -1.999113491775012408, 4.305849356269922268 ) ) ;
#2856 = EDGE_CURVE ( 'NONE', #638, #246, #3794, .T. ) ;
#2857 = ORIENTED_EDGE ( 'NONE', *, *, #2737, .T. ) ;
#2858 = VECTOR ( 'NONE', #3464, 1000.000000000000000 ) ;
#2859 = ORIENTED_EDGE ( 'NONE', *, *, #2219, .F. ) ;
#2860 = CARTESIAN_POINT ( 'NONE',  ( 0.000000000000000000, -0.8890000000000000124, -19.04999999999999716 ) ) ;
#2861 = ORIENTED_EDGE ( 'NONE', *, *, #1791, .T. ) ;
#2862 = CARTESIAN_POINT ( 'NONE',  ( 22.50712190959815473, 2.021666578221208432, -5.776513688756312881 ) ) ;
#2863 = DIRECTION ( 'NONE',  ( 0.000000000000000000, 0.000000000000000000, 1.000000000000000000 ) ) ;
#2864 = DIRECTION ( 'NONE',  ( 1.000000000000000000, 0.000000000000000000, -1.305705842133080558E-16 ) ) ;
#2865 = ORIENTED_EDGE ( 'NONE', *, *, #4380, .F. ) ;
#2866 = VECTOR ( 'NONE', #4179, 1000.000000000000000 ) ;
#2867 = EDGE_CURVE ( 'NONE', #2489, #3722, #6776, .T. ) ;
#2868 = ORIENTED_EDGE ( 'NONE', *, *, #5106, .F. ) ;
#2869 = ORIENTED_EDGE ( 'NONE', *, *, #4899, .F. ) ;
#2870 = CIRCLE ( 'NONE', #6652, 1.554966049364600700 ) ;
#2871 = FACE_OUTER_BOUND ( 'NONE', #934, .T. ) ;
#2872 = CARTESIAN_POINT ( 'NONE',  ( 12.69999999999999929, 0.000000000000000000, 0.8890000000000000124 ) ) ;
#2873 = CARTESIAN_POINT ( 'NONE',  ( 12.69999999999999929, 0.000000000000000000, -30.92307225861763698 ) ) ;
#2874 = CARTESIAN_POINT ( 'NONE',  ( -0.3999999999999993006, -2.264950330581225746, 5.523072258617638397 ) ) ;
#2875 = CARTESIAN_POINT ( 'NONE',  ( -0.4000000000000000222, 2.061552812808830293, -30.83899999999999153 ) ) ;
#2876 = CIRCLE ( 'NONE', #2086, 2.100000000000000977 ) ;
#2877 = CIRCLE ( 'NONE', #3321, 2.100000000000000089 ) ;
#2878 = ORIENTED_EDGE ( 'NONE', *, *, #1434, .T. ) ;
#2879 = VECTOR ( 'NONE', #869, 1000.000000000000000 ) ;
#2880 = CARTESIAN_POINT ( 'NONE',  ( 24.48899999999999721, 0.000000000000000000, -6.350000000000001421 ) ) ;
#2881 = AXIS2_PLACEMENT_3D ( 'NONE', #6373, #5211, #6846 ) ;
#2882 = DIRECTION ( 'NONE',  ( 0.000000000000000000, 0.000000000000000000, -1.000000000000000000 ) ) ;
#2883 = VECTOR ( 'NONE', #406, 1000.000000000000000 ) ;
#2884 = APPROVAL_ROLE ( '' ) ;
#2885 = DIRECTION ( 'NONE',  ( 8.115498896123167176E-15, 0.000000000000000000, -1.000000000000000000 ) ) ;
#2886 = ORIENTED_EDGE ( 'NONE', *, *, #1043, .T. ) ;
#2887 = VECTOR ( 'NONE', #4000, 1000.000000000000227 ) ;
#2888 = B_SPLINE_CURVE_WITH_KNOTS ( 'NONE', 3,
 ( #828, #2981, #4061, #6196, #4161, #3720, #6404, #977, #4655, #5742 ),
 .UNSPECIFIED., .F., .F.,
 ( 4, 2, 2, 2, 4 ),
 ( 0.000000000000000000, 0.0003704147845104420770, 0.0007408295690208841541, 0.001111244353531326123, 0.001481659138041768308 ),
 .UNSPECIFIED. ) ;
#2889 = CARTESIAN_POINT ( 'NONE',  ( 13.09999999999999964, 2.264950330581225302, 5.523072258617638397 ) ) ;
#2890 = PLANE ( 'NONE',  #4174 ) ;
#2891 = CARTESIAN_POINT ( 'NONE',  ( 13.09999999999999964, -2.264950330581225746, -30.92307225861763698 ) ) ;
#2892 = CARTESIAN_POINT ( 'NONE',  ( 12.69999999999999929, -4.174999999999999822, -3.174999999999999378 ) ) ;
#2893 = ORIENTED_EDGE ( 'NONE', *, *, #3791, .F. ) ;
#2894 = CARTESIAN_POINT ( 'NONE',  ( -5.200000000000001066, -2.174999999999999822, 0.000000000000000000 ) ) ;
#2895 = ORIENTED_EDGE ( 'NONE', *, *, #3879, .T. ) ;
#2896 = ADVANCED_FACE ( 'NONE', ( #1217 ), #4722, .T. ) ;
#2897 = EDGE_CURVE ( 'NONE', #1136, #6868, #5918, .T. ) ;
#2898 = CARTESIAN_POINT ( 'NONE',  ( 19.05000000000000071, -6.200000000000000178, 0.000000000000000000 ) ) ;
#2899 = CARTESIAN_POINT ( 'NONE',  ( 17.05000000000000071, -6.200000000000000178, -23.39999999999999858 ) ) ;
#2900 = ADVANCED_FACE ( 'NONE', ( #3361 ), #4050, .T. ) ;
#2901 = ORIENTED_EDGE ( 'NONE', *, *, #5122, .T. ) ;
#2902 = VERTEX_POINT ( 'NONE', #4369 ) ;
#2903 = ORIENTED_EDGE ( 'NONE', *, *, #349, .F. ) ;
#2904 = CARTESIAN_POINT ( 'NONE',  ( 21.18904005501556043, -2.099990463092004322, -6.473669021501082810 ) ) ;
#2905 = CARTESIAN_POINT ( 'NONE',  ( 24.18899999999999295, -1.972483239316685122, -5.629368422413537409 ) ) ;
#2906 = ORIENTED_EDGE ( 'NONE', *, *, #2782, .F. ) ;
#2907 = CARTESIAN_POINT ( 'NONE',  ( 0.4871800118523842982, -2.042738830444499776, -27.87063639349767996 ) ) ;
#2908 = CARTESIAN_POINT ( 'NONE',  ( 0.000000000000000000, -5.460999999999999410, -9.524999999999998579 ) ) ;
#2909 = ORIENTED_EDGE ( 'NONE', *, *, #4379, .F. ) ;
#2910 = ORIENTED_EDGE ( 'NONE', *, *, #2897, .T. ) ;
#2911 = DIRECTION ( 'NONE',  ( -1.000000000000000000, -0.000000000000000000, 0.000000000000000000 ) ) ;
#2912 = CARTESIAN_POINT ( 'NONE',  ( 22.50712190959815828, -2.021666578221208432, -18.47651368875630951 ) ) ;
#2913 = LINE ( 'NONE', #3931, #1418 ) ;
#2914 = DIRECTION ( 'NONE',  ( 1.000000000000000000, 0.000000000000000000, 0.000000000000000000 ) ) ;
#2915 = DIRECTION ( 'NONE',  ( 0.000000000000000000, 0.000000000000000000, 1.000000000000000000 ) ) ;
#2916 = VERTEX_POINT ( 'NONE', #1654 ) ;
#2917 = DIRECTION ( 'NONE',  ( -0.000000000000000000, 1.000000000000000000, -0.000000000000000000 ) ) ;
#2918 = ORIENTED_EDGE ( 'NONE', *, *, #1095, .F. ) ;
#2919 = ORIENTED_EDGE ( 'NONE', *, *, #259, .T. ) ;
#2920 = CARTESIAN_POINT ( 'NONE',  ( -0.4000000000000000222, -2.264950330581225746, -30.92307225861762987 ) ) ;
#2921 = ORIENTED_EDGE ( 'NONE', *, *, #4379, .T. ) ;
#2922 = EDGE_CURVE ( 'NONE', #6728, #4191, #63, .T. ) ;
#2923 = CIRCLE ( 'NONE', #6820, 0.7500000000000006661 ) ;
#2924 = DIRECTION ( 'NONE',  ( 1.000000000000000000, 0.000000000000000000, 0.000000000000000000 ) ) ;
#2925 = CARTESIAN_POINT ( 'NONE',  ( 24.54501255195391352, -2.197165961088448860, -6.749999999999999112 ) ) ;
#2926 = AXIS2_PLACEMENT_3D ( 'NONE', #590, #5582, #3231 ) ;
#2927 = ORIENTED_EDGE ( 'NONE', *, *, #6243, .F. ) ;
#2928 = EDGE_CURVE ( 'NONE', #1448, #3522, #2840, .T. ) ;
#2929 = ORIENTED_EDGE ( 'NONE', *, *, #6311, .T. ) ;
#2930 = ORIENTED_EDGE ( 'NONE', *, *, #1090, .T. ) ;
#2931 = FACE_OUTER_BOUND ( 'NONE', #640, .T. ) ;
#2932 = DIRECTION ( 'NONE',  ( -0.000000000000000000, -1.000000000000000000, -0.000000000000000000 ) ) ;
#2933 = ORIENTED_EDGE ( 'NONE', *, *, #2650, .F. ) ;
#2934 = EDGE_CURVE ( 'NONE', #6565, #188, #6536, .T. ) ;
#2935 = AXIS2_PLACEMENT_3D ( 'NONE', #5409, #6910, #5802 ) ;
#2936 = DIRECTION ( 'NONE',  ( -1.084202172485504434E-16, 0.000000000000000000, -1.000000000000000000 ) ) ;
#2937 = CARTESIAN_POINT ( 'NONE',  ( 12.45292762166692846, -2.087434397081524118, 2.187282604411543652 ) ) ;
#2938 = DIRECTION ( 'NONE',  ( -1.000000000000000000, 0.000000000000000000, 0.000000000000000000 ) ) ;
#2939 = DIRECTION ( 'NONE',  ( -1.000000000000000000, 0.000000000000000000, 1.305705842133080558E-16 ) ) ;
#2940 = ORIENTED_EDGE ( 'NONE', *, *, #2126, .F. ) ;
#2941 = CIRCLE ( 'NONE', #1706, 2.100000000000000977 ) ;
#2942 = LINE ( 'NONE', #257, #6437 ) ;
#2943 = EDGE_CURVE ( 'NONE', #3988, #6168, #45, .T. ) ;
#2944 = VECTOR ( 'NONE', #4642, 1000.000000000000000 ) ;
#2945 = DIRECTION ( 'NONE',  ( 1.000000000000000000, 0.000000000000000000, 0.000000000000000000 ) ) ;
#2946 = CIRCLE ( 'NONE', #6844, 3.174999999999999822 ) ;
#2947 = EDGE_CURVE ( 'NONE', #6493, #3322, #5896, .T. ) ;
#2948 = DIRECTION ( 'NONE',  ( 0.000000000000000000, 0.000000000000000000, -1.000000000000000000 ) ) ;
#2949 = FACE_OUTER_BOUND ( 'NONE', #608, .T. ) ;
#2950 = AXIS2_PLACEMENT_3D ( 'NONE', #3474, #6646, #3932 ) ;
#2951 = PLANE ( 'NONE',  #1406 ) ;
#2952 = CYLINDRICAL_SURFACE ( 'NONE', #2527, 0.5000000000000000000 ) ;
#2953 = ORIENTED_EDGE ( 'NONE', *, *, #3936, .T. ) ;
#2954 = ORIENTED_EDGE ( 'NONE', *, *, #6481, .T. ) ;
#2955 = DIRECTION ( 'NONE',  ( -1.000000000000000000, 0.000000000000000000, 0.000000000000000000 ) ) ;
#2956 = EDGE_LOOP ( 'NONE', ( #4578, #2833 ) ) ;
#2957 = LINE ( 'NONE', #2005, #612 ) ;
#2958 = CARTESIAN_POINT ( 'NONE',  ( 0.4980973490458732167, 2.040073290564206943, 2.595422128626172054 ) ) ;
#2959 = ORIENTED_EDGE ( 'NONE', *, *, #4786, .F. ) ;
#2960 = CIRCLE ( 'NONE', #3189, 2.299999999999999822 ) ;
#2961 = ORIENTED_EDGE ( 'NONE', *, *, #4479, .F. ) ;
#2962 = EDGE_LOOP ( 'NONE', ( #3032, #2504, #6135, #2012 ) ) ;
#2963 = ORIENTED_EDGE ( 'NONE', *, *, #1359, .T. ) ;
#2964 = DIRECTION ( 'NONE',  ( 0.000000000000000000, -1.000000000000000000, 0.000000000000000000 ) ) ;
#2965 = CARTESIAN_POINT ( 'NONE',  ( 15.87500000000000000, 0.000000000000000000, 0.000000000000000000 ) ) ;
#2966 = VERTEX_POINT ( 'NONE', #3824 ) ;
#2967 = AXIS2_PLACEMENT_3D ( 'NONE', #807, #4142, #5717 ) ;
#2968 = DIRECTION ( 'NONE',  ( -0.000000000000000000, -0.000000000000000000, -1.000000000000000000 ) ) ;
#2969 = DIRECTION ( 'NONE',  ( 0.000000000000000000, 1.000000000000000000, 0.000000000000000000 ) ) ;
#2970 = CARTESIAN_POINT ( 'NONE',  ( -2.100000000000000089, 0.000000000000000000, 0.8890000000000000124 ) ) ;
#2971 = VERTEX_POINT ( 'NONE', #5455 ) ;
#2972 = CIRCLE ( 'NONE', #1963, 3.175000000000001155 ) ;
#2973 = ORIENTED_EDGE ( 'NONE', *, *, #6759, .F. ) ;
#2974 = CARTESIAN_POINT ( 'NONE',  ( 24.48899999999999721, 0.000000000000000000, -6.350000000000001421 ) ) ;
#2975 = CARTESIAN_POINT ( 'NONE',  ( 0.3999999999999993006, 2.061552812808831181, 5.139000000000000234 ) ) ;
#2976 = EDGE_CURVE ( 'NONE', #3072, #4183, #1599, .T. ) ;
#2977 = CARTESIAN_POINT ( 'NONE',  ( -0.3999999999999991340, 1.821676962433381508, 6.089970303311146083 ) ) ;
#2978 = VECTOR ( 'NONE', #4898, 1000.000000000000000 ) ;
#2979 = ADVANCED_FACE ( 'NONE', ( #4967, #3254 ), #6052, .F. ) ;
#2980 = AXIS2_PLACEMENT_3D ( 'NONE', #1511, #5820, #4240 ) ;
#2981 = CARTESIAN_POINT ( 'NONE',  ( 0.4871798639138842923, 2.042738866564660416, -27.87063470255288422 ) ) ;
#2982 = EDGE_CURVE ( 'NONE', #3282, #6786, #2772, .T. ) ;
#2983 = AXIS2_PLACEMENT_3D ( 'NONE', #3121, #4196, #898 ) ;
#2984 = CARTESIAN_POINT ( 'NONE',  ( -5.068629150101525482, -6.200000000000000178, -12.69999999999999929 ) ) ;
#2985 = CARTESIAN_POINT ( 'NONE',  ( 12.57633097849892323, 2.099990463092004322, 2.139040055015563269 ) ) ;
#2986 = DIRECTION ( 'NONE',  ( -0.000000000000000000, -0.000000000000000000, -1.000000000000000000 ) ) ;
#2987 = ORIENTED_EDGE ( 'NONE', *, *, #228, .F. ) ;
#2988 = AXIS2_PLACEMENT_3D ( 'NONE', #6771, #6296, #1433 ) ;
#2989 = EDGE_CURVE ( 'NONE', #3880, #5587, #1710, .T. ) ;
#2990 = VECTOR ( 'NONE', #831, 1000.000000000000000 ) ;
#2991 = CARTESIAN_POINT ( 'NONE',  ( 21.23728260441154703, 2.087434397081524118, -19.29707237833306976 ) ) ;
#2992 = VECTOR ( 'NONE', #1435, 1000.000000000000000 ) ;
#2993 = VERTEX_POINT ( 'NONE', #2735 ) ;
#2994 = EDGE_LOOP ( 'NONE', ( #2328, #3210 ) ) ;
#2995 = CARTESIAN_POINT ( 'NONE',  ( 24.48900000000000432, 0.000000000000000000, -19.04999999999999716 ) ) ;
#2996 = VERTEX_POINT ( 'NONE', #4864 ) ;
#2997 = VECTOR ( 'NONE', #6048, 1000.000000000000000 ) ;
#2998 = ADVANCED_FACE ( 'NONE', ( #4902 ), #5520, .T. ) ;
#2999 = DIRECTION ( 'NONE',  ( -0.000000000000000000, 1.000000000000000000, -0.000000000000000000 ) ) ;
#3000 = CARTESIAN_POINT ( 'NONE',  ( -0.4871798639138813503, 2.042738866564660416, 2.470634702552896300 ) ) ;
#3001 = ORIENTED_EDGE ( 'NONE', *, *, #3312, .F. ) ;
#3002 = ORIENTED_EDGE ( 'NONE', *, *, #6091, .T. ) ;
#3003 = ORIENTED_EDGE ( 'NONE', *, *, #1330, .F. ) ;
#3004 = VERTEX_POINT ( 'NONE', #1850 ) ;
#3005 = CARTESIAN_POINT ( 'NONE',  ( 12.69999999999999929, -0.8890000000000000124, -6.350000000000000533 ) ) ;
#3006 = LINE ( 'NONE', #4149, #1815 ) ;
#3007 = ORIENTED_EDGE ( 'NONE', *, *, #5210, .F. ) ;
#3008 = CARTESIAN_POINT ( 'NONE',  ( 12.30000000000000071, -3.174999999999999822, 5.139000000000000234 ) ) ;
#3009 = CARTESIAN_POINT ( 'NONE',  ( 0.000000000000000000, 0.000000000000000000, 5.523072258617638397 ) ) ;
#3010 = DIRECTION ( 'NONE',  ( 0.000000000000000000, 0.000000000000000000, 1.000000000000000000 ) ) ;
#3011 = ORIENTED_EDGE ( 'NONE', *, *, #4981, .F. ) ;
#3012 = ORIENTED_EDGE ( 'NONE', *, *, #3535, .F. ) ;
#3013 = DIRECTION ( 'NONE',  ( 1.000000000000000000, 0.000000000000000000, 0.000000000000000000 ) ) ;
#3014 = DIRECTION ( 'NONE',  ( 1.000000000000000000, 0.000000000000000000, 0.000000000000000000 ) ) ;
#3015 = EDGE_CURVE ( 'NONE', #882, #3127, #5138, .T. ) ;
#3016 = DIRECTION ( 'NONE',  ( 0.000000000000000000, 0.000000000000000000, -1.000000000000000000 ) ) ;
#3017 = APPROVAL_DATE_TIME ( #3400, #5788 ) ;
#3018 = EDGE_CURVE ( 'NONE', #179, #6837, #5606, .T. ) ;
#3019 = EDGE_CURVE ( 'NONE', #5465, #4294, #6674, .T. ) ;
#3020 = CARTESIAN_POINT ( 'NONE',  ( 12.69999999999999929, -0.8890000000000000124, -8.450000000000001066 ) ) ;
#3021 = CARTESIAN_POINT ( 'NONE',  ( 2.300000000000003819, 0.000000000000000000, -30.92307225861762987 ) ) ;
#3022 = CARTESIAN_POINT ( 'NONE',  ( 25.13997030331113791, -1.821676962433381952, -6.749999999999999112 ) ) ;
#3023 = ORIENTED_EDGE ( 'NONE', *, *, #6864, .F. ) ;
#3024 = CARTESIAN_POINT ( 'NONE',  ( 12.69999999999999929, -5.460999999999999410, -6.350000000000000533 ) ) ;
#3025 = ORIENTED_EDGE ( 'NONE', *, *, #5247, .T. ) ;
#3026 = DIRECTION ( 'NONE',  ( 1.000000000000000000, 0.000000000000000000, 0.000000000000000000 ) ) ;
#3027 = EDGE_LOOP ( 'NONE', ( #2239, #6075, #195, #272, #3081, #3410 ) ) ;
#3028 = EDGE_CURVE ( 'NONE', #3134, #282, #367, .T. ) ;
#3029 = DIRECTION ( 'NONE',  ( 0.000000000000000000, 1.000000000000000000, 0.000000000000000000 ) ) ;
#3030 = CARTESIAN_POINT ( 'NONE',  ( 0.6477403412507668490, 1.999113491775012408, -29.70584935626992262 ) ) ;
#3031 = ORIENTED_EDGE ( 'NONE', *, *, #1264, .T. ) ;
#3032 = ORIENTED_EDGE ( 'NONE', *, *, #6073, .F. ) ;
#3033 = EDGE_CURVE ( 'NONE', #5507, #88, #6578, .T. ) ;
#3034 = VERTEX_POINT ( 'NONE', #2414 ) ;
#3035 = ORIENTED_EDGE ( 'NONE', *, *, #5108, .T. ) ;
#3036 = FACE_OUTER_BOUND ( 'NONE', #956, .T. ) ;
#3037 = LINE ( 'NONE', #2507, #3833 ) ;
#3038 = ORIENTED_EDGE ( 'NONE', *, *, #6091, .F. ) ;
#3039 = CIRCLE ( 'NONE', #3712, 2.100000000000000977 ) ;
#3040 = CARTESIAN_POINT ( 'NONE',  ( 12.30000000000000071, 2.264950330581225302, 5.523072258617638397 ) ) ;
#3041 = CARTESIAN_POINT ( 'NONE',  ( 0.000000000000000000, 0.000000000000000000, 5.439000000000000057 ) ) ;
#3042 = CARTESIAN_POINT ( 'NONE',  ( 0.4000000000000001332, 2.083236664664702253, -31.30559739064391067 ) ) ;
#3043 = ORIENTED_EDGE ( 'NONE', *, *, #310, .T. ) ;
#3044 = VERTEX_POINT ( 'NONE', #3991 ) ;
#3045 = DIRECTION ( 'NONE',  ( 1.000000000000000000, 0.000000000000000000, 0.000000000000000000 ) ) ;
#3046 = CIRCLE ( 'NONE', #3721, 2.100000000000000977 ) ;
#3047 = DIRECTION ( 'NONE',  ( -0.000000000000000000, -0.000000000000000000, -1.000000000000000000 ) ) ;
#3048 = CARTESIAN_POINT ( 'NONE',  ( 12.30000000000000249, -1.663407726524676056, -31.53899999999999793 ) ) ;
#3049 = DIRECTION ( 'NONE',  ( 0.000000000000000000, -0.000000000000000000, -1.000000000000000000 ) ) ;
#3050 = DIRECTION ( 'NONE',  ( -0.000000000000000000, -0.000000000000000000, -1.000000000000000000 ) ) ;
#3051 = CIRCLE ( 'NONE', #3493, 2.268258436585968152 ) ;
#3052 = LINE ( 'NONE', #6778, #5333 ) ;
#3053 = CARTESIAN_POINT ( 'NONE',  ( 24.54501255233154211, -2.197165962000668493, -18.64999999999999503 ) ) ;
#3054 = DIRECTION ( 'NONE',  ( -0.000000000000000000, 0.000000000000000000, 1.000000000000000000 ) ) ;
#3055 = ORIENTED_EDGE ( 'NONE', *, *, #1386, .T. ) ;
#3056 = AXIS2_PLACEMENT_3D ( 'NONE', #6030, #1224, #2936 ) ;
#3057 = CARTESIAN_POINT ( 'NONE',  ( 19.05000000000000426, 0.000000000000000000, -19.04999999999999716 ) ) ;
#3058 = CIRCLE ( 'NONE', #5399, 3.175000000000000711 ) ;
#3059 = CARTESIAN_POINT ( 'NONE',  ( -0.3999999999999993006, 2.232710535457612888, 5.620762745781209269 ) ) ;
#3060 = CARTESIAN_POINT ( 'NONE',  ( -6.200000000000002842, -0.1999999999999996503, -11.56862915010152193 ) ) ;
#3061 = EDGE_CURVE ( 'NONE', #766, #3673, #889, .T. ) ;
#3062 = ORIENTED_EDGE ( 'NONE', *, *, #967, .T. ) ;
#3063 = FACE_OUTER_BOUND ( 'NONE', #3027, .T. ) ;
#3064 = ORIENTED_EDGE ( 'NONE', *, *, #2722, .F. ) ;
#3065 = CARTESIAN_POINT ( 'NONE',  ( -0.4980973490458714958, -2.040073290564207831, 2.595422128626172054 ) ) ;
#3066 = CARTESIAN_POINT ( 'NONE',  ( 0.4282819678817716413, 2.057911970479199493, 2.353224001008316524 ) ) ;
#3067 = ORIENTED_EDGE ( 'NONE', *, *, #4681, .F. ) ;
#3068 = EDGE_CURVE ( 'NONE', #5452, #1105, #6061, .T. ) ;
#3069 = EDGE_CURVE ( 'NONE', #1517, #4116, #3501, .T. ) ;
#3070 = CC_DESIGN_APPROVAL ( #5788, ( #2392 ) ) ;
#3071 = EDGE_CURVE ( 'NONE', #6109, #3073, #5166, .T. ) ;
#3072 = VERTEX_POINT ( 'NONE', #1591 ) ;
#3073 = VERTEX_POINT ( 'NONE', #447 ) ;
#3074 = DIRECTION ( 'NONE',  ( 1.000000000000000000, 0.000000000000000000, -8.115498896123167176E-15 ) ) ;
#3075 = DIRECTION ( 'NONE',  ( 1.000000000000000000, 0.000000000000000000, 0.000000000000000000 ) ) ;
#3076 = ORIENTED_EDGE ( 'NONE', *, *, #4561, .T. ) ;
#3077 = DIRECTION ( 'NONE',  ( -0.000000000000000000, -1.000000000000000000, -0.000000000000000000 ) ) ;
#3078 = CARTESIAN_POINT ( 'NONE',  ( 0.000000000000000000, 0.000000000000000000, -30.92307225861762987 ) ) ;
#3079 = EDGE_CURVE ( 'NONE', #4403, #3807, #6782, .T. ) ;
#3080 = ORIENTED_EDGE ( 'NONE', *, *, #3198, .T. ) ;
#3081 = ORIENTED_EDGE ( 'NONE', *, *, #3504, .F. ) ;
#3082 = CARTESIAN_POINT ( 'NONE',  ( 24.67076274578120376, -2.232710535457612888, -6.749999999999999112 ) ) ;
#3083 = AXIS2_PLACEMENT_3D ( 'NONE', #5805, #3569, #287 ) ;
#3084 = LINE ( 'NONE', #2134, #6340 ) ;
#3085 = CARTESIAN_POINT ( 'NONE',  ( 17.05000000000000426, 6.200000000000000178, -9.328334981051643382 ) ) ;
#3086 = DIRECTION ( 'NONE',  ( 0.000000000000000000, 0.000000000000000000, -1.000000000000000000 ) ) ;
#3087 = DIRECTION ( 'NONE',  ( 1.000000000000000000, 0.000000000000000000, 0.000000000000000000 ) ) ;
#3088 = VECTOR ( 'NONE', #1834, 1000.000000000000000 ) ;
#3089 = FACE_OUTER_BOUND ( 'NONE', #2254, .T. ) ;
#3090 = FACE_OUTER_BOUND ( 'NONE', #2649, .T. ) ;
#3091 = CARTESIAN_POINT ( 'NONE',  ( 0.000000000000000000, 0.000000000000000000, 5.439000000000000057 ) ) ;
#3092 = ORIENTED_EDGE ( 'NONE', *, *, #4383, .T. ) ;
#3093 = CIRCLE ( 'NONE', #6873, 3.175000000000002487 ) ;
#3094 = CARTESIAN_POINT ( 'NONE',  ( 12.69999999999999929, 0.000000000000000000, -30.83899999999999864 ) ) ;
#3095 = CARTESIAN_POINT ( 'NONE',  ( 19.05000000000000071, 6.200000000000000178, -25.39999999999999858 ) ) ;
#3096 = CARTESIAN_POINT ( 'NONE',  ( 12.69999999999999929, -0.8890000000000000124, -6.350000000000000533 ) ) ;
#3097 = PRODUCT ( '228-2500-1253', '228-2500-1253', '', ( #792 ) ) ;
#3098 = AXIS2_PLACEMENT_3D ( 'NONE', #3230, #1223, #5363 ) ;
#3099 = VERTEX_POINT ( 'NONE', #519 ) ;
#3100 = CYLINDRICAL_SURFACE ( 'NONE', #4041, 3.175000000000000711 ) ;
#3101 = ORIENTED_EDGE ( 'NONE', *, *, #1659, .F. ) ;
#3102 = AXIS2_PLACEMENT_3D ( 'NONE', #1394, #5774, #435 ) ;
#3103 = DIRECTION ( 'NONE',  ( 0.000000000000000000, 0.000000000000000000, 1.000000000000000000 ) ) ;
#3104 = ORIENTED_EDGE ( 'NONE', *, *, #2466, .F. ) ;
#3105 = AXIS2_PLACEMENT_3D ( 'NONE', #4896, #1712, #2766 ) ;
#3106 = ORIENTED_EDGE ( 'NONE', *, *, #2325, .T. ) ;
#3107 = CIRCLE ( 'NONE', #6348, 1.554966049364602254 ) ;
#3108 = EDGE_LOOP ( 'NONE', ( #6332, #5119, #164, #1297 ) ) ;
#3109 = ADVANCED_FACE ( 'NONE', ( #480 ), #5749, .T. ) ;
#3110 = VERTEX_POINT ( 'NONE', #375 ) ;
#3111 = EDGE_CURVE ( 'NONE', #6046, #1558, #4694, .T. ) ;
#3112 = DIRECTION ( 'NONE',  ( 0.000000000000000000, 1.000000000000000000, 0.000000000000000000 ) ) ;
#3113 = PLANE ( 'NONE',  #3448 ) ;
#3114 = DIRECTION ( 'NONE',  ( 0.000000000000000000, 0.000000000000000000, 1.000000000000000000 ) ) ;
#3115 = CARTESIAN_POINT ( 'NONE',  ( 9.871665018948352355, 6.200000000000000178, -25.39999999999999858 ) ) ;
#3116 = ORIENTED_EDGE ( 'NONE', *, *, #2511, .F. ) ;
#3117 = ORIENTED_EDGE ( 'NONE', *, *, #2976, .T. ) ;
#3118 = DIRECTION ( 'NONE',  ( 0.000000000000000000, 0.000000000000000000, -1.000000000000000000 ) ) ;
#3119 = CARTESIAN_POINT ( 'NONE',  ( -0.3999999999999993006, -1.663442899047754553, 6.139000000000001123 ) ) ;
#3120 = DIRECTION ( 'NONE',  ( -0.000000000000000000, 1.000000000000000000, -0.000000000000000000 ) ) ;
#3121 = CARTESIAN_POINT ( 'NONE',  ( 25.18899999999999650, 0.000000000000000000, -4.250127054631374968 ) ) ;
#3122 = FACE_OUTER_BOUND ( 'NONE', #3305, .T. ) ;
#3123 = VERTEX_POINT ( 'NONE', #5856 ) ;
#3124 = EDGE_CURVE ( 'NONE', #3202, #6007, #2642, .T. ) ;
#3125 = CARTESIAN_POINT ( 'NONE',  ( 0.000000000000000000, -0.8890000000000000124, -6.349999999999999645 ) ) ;
#3126 = DIRECTION ( 'NONE',  ( -3.110379853311669038E-16, 0.000000000000000000, -1.000000000000000000 ) ) ;
#3127 = VERTEX_POINT ( 'NONE', #3 ) ;
#3128 = CARTESIAN_POINT ( 'NONE',  ( -0.4000000000000000222, -1.663407726524676056, -31.53899999999999082 ) ) ;
#3129 = DIRECTION ( 'NONE',  ( -1.000000000000000000, 0.000000000000000000, 0.000000000000000000 ) ) ;
#3130 = CARTESIAN_POINT ( 'NONE',  ( 0.000000000000000000, -5.460999999999999410, -6.349999999999999645 ) ) ;
#3131 = FACE_OUTER_BOUND ( 'NONE', #6016, .T. ) ;
#3132 = ORIENTED_EDGE ( 'NONE', *, *, #3622, .F. ) ;
#3133 = CARTESIAN_POINT ( 'NONE',  ( 6.350000000000000533, -6.200000000000001066, -12.69999999999999929 ) ) ;
#3134 = VERTEX_POINT ( 'NONE', #6857 ) ;
#3135 = DIRECTION ( 'NONE',  ( -0.000000000000000000, -1.000000000000000000, 0.000000000000000000 ) ) ;
#3136 = ORIENTED_EDGE ( 'NONE', *, *, #3697, .T. ) ;
#3137 = ORIENTED_EDGE ( 'NONE', *, *, #2292, .T. ) ;
#3138 = CARTESIAN_POINT ( 'NONE',  ( 0.000000000000000000, 0.000000000000000000, -30.83899999999999153 ) ) ;
#3139 = DIRECTION ( 'NONE',  ( 1.000000000000000000, 0.000000000000000000, 0.000000000000000000 ) ) ;
#3140 = DIRECTION ( 'NONE',  ( 8.260587980841934638E-15, 0.000000000000000000, -1.000000000000000000 ) ) ;
#3141 = CARTESIAN_POINT ( 'NONE',  ( 13.10000000000000142, 1.820969194338324160, 6.090132639966193473 ) ) ;
#3142 = DIRECTION ( 'NONE',  ( 1.000000000000000000, 0.000000000000000000, -8.260587980841937794E-15 ) ) ;
#3143 = ADVANCED_FACE ( 'NONE', ( #1048 ), #3725, .T. ) ;
#3144 = EDGE_CURVE ( 'NONE', #1638, #6763, #2025, .T. ) ;
#3145 = VERTEX_POINT ( 'NONE', #4732 ) ;
#3146 = ORIENTED_EDGE ( 'NONE', *, *, #5352, .F. ) ;
#3147 = ADVANCED_FACE ( 'NONE', ( #3196, #3690 ), #5330, .F. ) ;
#3148 = CARTESIAN_POINT ( 'NONE',  ( 17.05000000000000071, 6.200000000000000178, -23.39999999999999858 ) ) ;
#3149 = CARTESIAN_POINT ( 'NONE',  ( 12.69999999999999929, -0.8890000000000000124, -19.04999999999999716 ) ) ;
#3150 = LINE ( 'NONE', #6401, #3331 ) ;
#3151 = CARTESIAN_POINT ( 'NONE',  ( 12.30000000000000071, -2.061552812808830293, 5.439000000000000945 ) ) ;
#3152 = AXIS2_PLACEMENT_3D ( 'NONE', #3694, #3167, #4139 ) ;
#3153 = DIRECTION ( 'NONE',  ( 1.000000000000000000, 0.000000000000000000, -8.115498896123167176E-15 ) ) ;
#3154 = CIRCLE ( 'NONE', #123, 1.554966049364602254 ) ;
#3155 = VERTEX_POINT ( 'NONE', #1627 ) ;
#3156 = EDGE_CURVE ( 'NONE', #6493, #1026, #692, .T. ) ;
#3157 = CARTESIAN_POINT ( 'NONE',  ( 13.19809734904587195, 3.175000000000000711, -27.99542212862617063 ) ) ;
#3158 = DIRECTION ( 'NONE',  ( 0.000000000000000000, 0.000000000000000000, -1.000000000000000000 ) ) ;
#3159 = ORIENTED_EDGE ( 'NONE', *, *, #2645, .T. ) ;
#3160 = CARTESIAN_POINT ( 'NONE',  ( 24.60563645010067901, -2.254205848354697839, -19.44999999999999574 ) ) ;
#3161 = LINE ( 'NONE', #6896, #5396 ) ;
#3162 = VECTOR ( 'NONE', #2593, 1000.000000000000000 ) ;
#3163 = DIRECTION ( 'NONE',  ( 0.000000000000000000, 0.000000000000000000, 1.000000000000000000 ) ) ;
#3164 = DIRECTION ( 'NONE',  ( 0.000000000000000000, -0.000000000000000000, 1.000000000000000000 ) ) ;
#3165 = ADVANCED_FACE ( 'NONE', ( #6307, #984 ), #906, .F. ) ;
#3166 = ORIENTED_EDGE ( 'NONE', *, *, #4741, .F. ) ;
#3167 = DIRECTION ( 'NONE',  ( -1.000000000000000000, -0.000000000000000000, 0.000000000000000000 ) ) ;
#3168 = ORIENTED_EDGE ( 'NONE', *, *, #1905, .F. ) ;
#3169 = DIRECTION ( 'NONE',  ( 1.000000000000000000, -0.000000000000000000, -0.000000000000000000 ) ) ;
#3170 = ADVANCED_FACE ( 'NONE', ( #1999, #4771 ), #4136, .T. ) ;
#3171 = AXIS2_PLACEMENT_3D ( 'NONE', #4143, #3483, #2540 ) ;
#3172 = VERTEX_POINT ( 'NONE', #3617 ) ;
#3173 = AXIS2_PLACEMENT_3D ( 'NONE', #5515, #5451, #190 ) ;
#3174 = ORIENTED_EDGE ( 'NONE', *, *, #2424, .F. ) ;
#3175 = ORIENTED_EDGE ( 'NONE', *, *, #1906, .F. ) ;
#3176 = CARTESIAN_POINT ( 'NONE',  ( 13.09999999999999964, -2.243459280444428217, -30.98819995583811959 ) ) ;
#3177 = LINE ( 'NONE', #2758, #3605 ) ;
#3178 = DIRECTION ( 'NONE',  ( 0.000000000000000000, 0.000000000000000000, 1.000000000000000000 ) ) ;
#3179 = DIRECTION ( 'NONE',  ( 0.000000000000000000, 0.000000000000000000, 1.000000000000000000 ) ) ;
#3180 = DIRECTION ( 'NONE',  ( 0.000000000000000000, 1.000000000000000000, 0.000000000000000000 ) ) ;
#3181 = CIRCLE ( 'NONE', #5867, 2.100000000000000089 ) ;
#3182 = LINE ( 'NONE', #3878, #6815 ) ;
#3183 = DIRECTION ( 'NONE',  ( -8.115498896123205041E-15, 0.000000000000000000, 1.000000000000000000 ) ) ;
#3184 = CARTESIAN_POINT ( 'NONE',  ( 24.57307225861764266, 2.264950330581225746, -18.64999999999999503 ) ) ;
#3185 = CARTESIAN_POINT ( 'NONE',  ( 17.05000000000000071, -6.200000000000000178, -23.39999999999999858 ) ) ;
#3186 = CARTESIAN_POINT ( 'NONE',  ( 3.888253587292845095E-16, -2.174999999999999822, -15.87499999999999645 ) ) ;
#3187 = EDGE_CURVE ( 'NONE', #6624, #4390, #416, .T. ) ;
#3188 = CARTESIAN_POINT ( 'NONE',  ( 14.25496604936460265, 0.000000000000000000, 5.389000000000000234 ) ) ;
#3189 = AXIS2_PLACEMENT_3D ( 'NONE', #2873, #1349, #1880 ) ;
#3190 = ORIENTED_EDGE ( 'NONE', *, *, #4974, .F. ) ;
#3191 = PLANE ( 'NONE',  #5780 ) ;
#3192 = CARTESIAN_POINT ( 'NONE',  ( 13.42063157758646774, 3.175000000000000711, -30.53899999999999793 ) ) ;
#3193 = EDGE_CURVE ( 'NONE', #2658, #6109, #2614, .T. ) ;
#3194 = EDGE_CURVE ( 'NONE', #712, #4646, #3161, .T. ) ;
#3195 = CARTESIAN_POINT ( 'NONE',  ( 0.000000000000000000, -5.460999999999999410, -19.04999999999999716 ) ) ;
#3196 = FACE_OUTER_BOUND ( 'NONE', #645, .T. ) ;
#3197 = VECTOR ( 'NONE', #4624, 1000.000000000000000 ) ;
#3198 = EDGE_CURVE ( 'NONE', #2232, #6358, #1838, .T. ) ;
#3199 = CYLINDRICAL_SURFACE ( 'NONE', #5864, 3.175000000000000711 ) ;
#3200 = DIRECTION ( 'NONE',  ( -0.000000000000000000, -1.000000000000000000, -0.000000000000000000 ) ) ;
#3201 = AXIS2_PLACEMENT_3D ( 'NONE', #5884, #1652, #3253 ) ;
#3202 = VERTEX_POINT ( 'NONE', #1879 ) ;
#3203 = CARTESIAN_POINT ( 'NONE',  ( 6.499999999999999112, 6.349999999999999645, -2.000000000000001776 ) ) ;
#3204 = EDGE_LOOP ( 'NONE', ( #1100, #4199, #2572, #6629, #5597, #2783, #1971, #803, #3774, #4354 ) ) ;
#3205 = FACE_OUTER_BOUND ( 'NONE', #459, .T. ) ;
#3206 = DIRECTION ( 'NONE',  ( -8.115498896123167176E-15, 0.000000000000000000, -1.000000000000000000 ) ) ;
#3207 = VECTOR ( 'NONE', #5114, 1000.000000000000000 ) ;
#3208 = AXIS2_PLACEMENT_3D ( 'NONE', #3078, #4608, #892 ) ;
#3209 = VERTEX_POINT ( 'NONE', #2246 ) ;
#3210 = ORIENTED_EDGE ( 'NONE', *, *, #5838, .T. ) ;
#3211 = ORIENTED_EDGE ( 'NONE', *, *, #2100, .T. ) ;
#3212 = EDGE_CURVE ( 'NONE', #2356, #2295, #1604, .T. ) ;
#3213 = CYLINDRICAL_SURFACE ( 'NONE', #4942, 3.375000000000001332 ) ;
#3214 = ORIENTED_EDGE ( 'NONE', *, *, #648, .F. ) ;
#3215 = CARTESIAN_POINT ( 'NONE',  ( 13.09999999999999964, 2.254205848354697839, -30.95563645010067333 ) ) ;
#3216 = CARTESIAN_POINT ( 'NONE',  ( -5.200000000000001066, -6.200000000000001066, -11.15441558772842967 ) ) ;
#3217 = CARTESIAN_POINT ( 'NONE',  ( 21.52063639349768209, 2.042738830444499776, -6.837180011852381334 ) ) ;
#3218 = CIRCLE ( 'NONE', #178, 1.554966049364600700 ) ;
#3219 = CIRCLE ( 'NONE', #2107, 2.100000000000000977 ) ;
#3220 = VERTEX_POINT ( 'NONE', #1765 ) ;
#3221 = CARTESIAN_POINT ( 'NONE',  ( 24.67076274578121442, 2.232710535457612888, -18.64999999999999503 ) ) ;
#3222 = CARTESIAN_POINT ( 'NONE',  ( 0.000000000000000000, -4.174999999999999822, 0.000000000000000000 ) ) ;
#3223 = DIRECTION ( 'NONE',  ( -0.000000000000000000, -1.000000000000000000, 0.000000000000000000 ) ) ;
#3224 = DIRECTION ( 'NONE',  ( 8.115498896123167176E-15, 0.000000000000000000, -1.000000000000000000 ) ) ;
#3225 = CARTESIAN_POINT ( 'NONE',  ( 0.000000000000000000, 0.000000000000000000, 5.620762745781208380 ) ) ;
#3226 = VERTEX_POINT ( 'NONE', #1086 ) ;
#3227 = DIRECTION ( 'NONE',  ( -1.000000000000000000, -0.000000000000000000, -0.000000000000000000 ) ) ;
#3228 = ADVANCED_FACE ( 'NONE', ( #4840 ), #553, .T. ) ;
#3229 = CARTESIAN_POINT ( 'NONE',  ( 24.18899999999999295, -1.972483239316684234, -7.070631577586472538 ) ) ;
#3230 = CARTESIAN_POINT ( 'NONE',  ( 24.18900000000000361, -3.175000000000000711, -19.77063157758646739 ) ) ;
#3231 = DIRECTION ( 'NONE',  ( 1.000000000000000000, 0.000000000000000000, -8.115498896123205041E-15 ) ) ;
#3232 = FACE_OUTER_BOUND ( 'NONE', #6179, .T. ) ;
#3233 = ADVANCED_FACE ( 'NONE', ( #6478 ), #656, .F. ) ;
#3234 = ADVANCED_FACE ( 'NONE', ( #5922 ), #1115, .T. ) ;
#3235 = ORIENTED_EDGE ( 'NONE', *, *, #5400, .F. ) ;
#3236 = DIRECTION ( 'NONE',  ( 8.115498896123167176E-15, 0.000000000000000000, -1.000000000000000000 ) ) ;
#3237 = ORIENTED_EDGE ( 'NONE', *, *, #2001, .T. ) ;
#3238 = DIRECTION ( 'NONE',  ( 1.000000000000000000, 0.000000000000000000, 0.000000000000000000 ) ) ;
#3239 = ORIENTED_EDGE ( 'NONE', *, *, #1170, .F. ) ;
#3240 = ORIENTED_EDGE ( 'NONE', *, *, #2377, .T. ) ;
#3241 = ORIENTED_EDGE ( 'NONE', *, *, #72, .T. ) ;
#3242 = EDGE_CURVE ( 'NONE', #1011, #321, #6068, .T. ) ;
#3243 = ORIENTED_EDGE ( 'NONE', *, *, #1466, .F. ) ;
#3244 = CARTESIAN_POINT ( 'NONE',  ( -6.200000000000001954, 6.200000000000000178, -23.39999999999999858 ) ) ;
#3245 = FACE_OUTER_BOUND ( 'NONE', #1750, .T. ) ;
#3246 = CYLINDRICAL_SURFACE ( 'NONE', #805, 3.175000000000001599 ) ;
#3247 = EDGE_CURVE ( 'NONE', #5576, #1092, #3392, .T. ) ;
#3248 = ORIENTED_EDGE ( 'NONE', *, *, #3666, .T. ) ;
#3249 = ORIENTED_EDGE ( 'NONE', *, *, #4684, .T. ) ;
#3250 = CARTESIAN_POINT ( 'NONE',  ( 12.69999999999999929, 0.000000000000000000, -30.83899999999999864 ) ) ;
#3251 = FACE_BOUND ( 'NONE', #1064, .T. ) ;
#3252 = CARTESIAN_POINT ( 'NONE',  ( 0.000000000000000000, 0.000000000000000000, -30.92307225861762987 ) ) ;
#3253 = DIRECTION ( 'NONE',  ( 1.000000000000000000, 0.000000000000000000, 0.000000000000000000 ) ) ;
#3254 = FACE_BOUND ( 'NONE', #6665, .T. ) ;
#3255 = EDGE_CURVE ( 'NONE', #701, #6146, #1686, .T. ) ;
#3256 = ORIENTED_EDGE ( 'NONE', *, *, #5470, .T. ) ;
#3257 = CARTESIAN_POINT ( 'NONE',  ( 0.6477403412507657388, 1.999113491775012852, 4.305849356269923156 ) ) ;
#3258 = DIRECTION ( 'NONE',  ( 0.9961946980917461003, 0.000000000000000000, -0.08715574274765176821 ) ) ;
#3259 = TOROIDAL_SURFACE ( 'NONE', #2023, 1.554966049364602254, 0.7500000000000000000 ) ;
#3260 = DIRECTION ( 'NONE',  ( -1.000000000000000000, 0.000000000000000000, 1.305705842133080558E-16 ) ) ;
#3261 = CARTESIAN_POINT ( 'NONE',  ( 12.12651368875631164, -2.021666578221208432, 3.457121909598157128 ) ) ;
#3262 = DIRECTION ( 'NONE',  ( 0.000000000000000000, 0.000000000000000000, 1.000000000000000000 ) ) ;
#3263 = FACE_OUTER_BOUND ( 'NONE', #4013, .T. ) ;
#3264 = AXIS2_PLACEMENT_3D ( 'NONE', #3057, #5290, #1552 ) ;
#3265 = ORIENTED_EDGE ( 'NONE', *, *, #915, .F. ) ;
#3266 = LINE ( 'NONE', #2710, #137 ) ;
#3267 = ORIENTED_EDGE ( 'NONE', *, *, #3194, .F. ) ;
#3268 = CIRCLE ( 'NONE', #5042, 3.174999999999999822 ) ;
#3269 = LINE ( 'NONE', #4918, #1516 ) ;
#3270 = CYLINDRICAL_SURFACE ( 'NONE', #1261, 2.100000000000000089 ) ;
#3271 = AXIS2_PLACEMENT_3D ( 'NONE', #1041, #2110, #3087 ) ;
#3272 = ORIENTED_EDGE ( 'NONE', *, *, #4819, .T. ) ;
#3273 = ORIENTED_EDGE ( 'NONE', *, *, #4734, .T. ) ;
#3274 = ORIENTED_EDGE ( 'NONE', *, *, #4295, .T. ) ;
#3275 = FACE_OUTER_BOUND ( 'NONE', #773, .T. ) ;
#3276 = EDGE_CURVE ( 'NONE', #5377, #689, #4628, .T. ) ;
#3277 = EDGE_CURVE ( 'NONE', #1943, #2358, #3499, .T. ) ;
#3278 = AXIS2_PLACEMENT_3D ( 'NONE', #857, #5095, #1388 ) ;
#3279 = DIRECTION ( 'NONE',  ( 0.000000000000000000, 0.000000000000000000, -1.000000000000000000 ) ) ;
#3280 = DIRECTION ( 'NONE',  ( 1.000000000000000000, 0.000000000000000000, -8.260587980841934638E-15 ) ) ;
#3281 = AXIS2_PLACEMENT_3D ( 'NONE', #4352, #6488, #3840 ) ;
#3282 = VERTEX_POINT ( 'NONE', #3902 ) ;
#3283 = VERTEX_POINT ( 'NONE', #2779 ) ;
#3284 = FACE_OUTER_BOUND ( 'NONE', #1784, .T. ) ;
#3285 = CARTESIAN_POINT ( 'NONE',  ( 12.30000000000000071, 3.175000000000000711, -30.53899999999999793 ) ) ;
#3286 = ORIENTED_EDGE ( 'NONE', *, *, #5942, .F. ) ;
#3287 = EDGE_CURVE ( 'NONE', #1305, #4815, #3366, .T. ) ;
#3288 = DIRECTION ( 'NONE',  ( -0.9961946980917461003, 0.000000000000000000, 0.08715574274765176821 ) ) ;
#3289 = DIRECTION ( 'NONE',  ( 0.000000000000000000, 0.000000000000000000, 1.000000000000000000 ) ) ;
#3290 = CARTESIAN_POINT ( 'NONE',  ( 13.09999999999999964, 2.264950330581225746, -30.92307225861763698 ) ) ;
#3291 = ORIENTED_EDGE ( 'NONE', *, *, #4163, .F. ) ;
#3292 = DIRECTION ( 'NONE',  ( 1.000000000000000000, 0.000000000000000000, 8.260587980841937794E-15 ) ) ;
#3293 = EDGE_CURVE ( 'NONE', #6001, #5005, #2490, .T. ) ;
#3294 = CARTESIAN_POINT ( 'NONE',  ( 14.25496604936460265, 0.000000000000000000, -30.78899999999999793 ) ) ;
#3295 = FACE_OUTER_BOUND ( 'NONE', #314, .T. ) ;
#3296 = DIRECTION ( 'NONE',  ( -0.000000000000000000, -0.000000000000000000, 1.000000000000000000 ) ) ;
#3297 = VECTOR ( 'NONE', #1427, 1000.000000000000000 ) ;
#3298 = ORIENTED_EDGE ( 'NONE', *, *, #2001, .F. ) ;
#3299 = CARTESIAN_POINT ( 'NONE',  ( 12.69999999999999929, -5.460999999999999410, -16.94999999999999574 ) ) ;
#3300 = CARTESIAN_POINT ( 'NONE',  ( 12.30000000000000071, 2.061552812808830737, 5.139000000000000234 ) ) ;
#3301 = VERTEX_POINT ( 'NONE', #4869 ) ;
#3302 = CIRCLE ( 'NONE', #1736, 3.175000000000001155 ) ;
#3303 = CC_DESIGN_PERSON_AND_ORGANIZATION_ASSIGNMENT ( #3437, #4029, ( #2503 ) ) ;
#3304 = CARTESIAN_POINT ( 'NONE',  ( 6.499999999999999112, 6.349999999999999645, -25.39999999999999858 ) ) ;
#3305 = EDGE_LOOP ( 'NONE', ( #4104, #128, #2121, #1940 ) ) ;
#3306 = CIRCLE ( 'NONE', #6434, 2.100000000000000977 ) ;
#3307 = EDGE_LOOP ( 'NONE', ( #2543, #1807, #354, #4978 ) ) ;
#3308 = ORIENTED_EDGE ( 'NONE', *, *, #1942, .F. ) ;
#3309 = DIRECTION ( 'NONE',  ( 1.000000000000000000, 0.000000000000000000, 0.000000000000000000 ) ) ;
#3310 = ORIENTED_EDGE ( 'NONE', *, *, #2078, .T. ) ;
#3311 = DIRECTION ( 'NONE',  ( 0.000000000000000000, -0.000000000000000000, 1.000000000000000000 ) ) ;
#3312 = EDGE_CURVE ( 'NONE', #660, #5165, #70, .T. ) ;
#3313 = CIRCLE ( 'NONE', #6566, 2.268258436585968152 ) ;
#3314 = AXIS2_PLACEMENT_3D ( 'NONE', #268, #6242, #2434 ) ;
#3315 = LINE ( 'NONE', #1744, #1399 ) ;
#3316 = CARTESIAN_POINT ( 'NONE',  ( 13.09999999999999964, -1.663407726524676500, 6.139000000000001123 ) ) ;
#3317 = ORIENTED_EDGE ( 'NONE', *, *, #479, .T. ) ;
#3318 = ORIENTED_EDGE ( 'NONE', *, *, #2636, .T. ) ;
#3319 = ADVANCED_FACE ( 'NONE', ( #781 ), #2216, .F. ) ;
#3320 = EDGE_CURVE ( 'NONE', #1930, #6837, #5058, .T. ) ;
#3321 = AXIS2_PLACEMENT_3D ( 'NONE', #5107, #6087, #3436 ) ;
#3322 = VERTEX_POINT ( 'NONE', #964 ) ;
#3323 = CARTESIAN_POINT ( 'NONE',  ( 24.18900000000000361, -1.972483239316685122, -19.77063157758646739 ) ) ;
#3324 = CARTESIAN_POINT ( 'NONE',  ( 2.268258436585968152, 0.000000000000000000, 5.620762745781208380 ) ) ;
#3325 = EDGE_CURVE ( 'NONE', #3876, #882, #2716, .T. ) ;
#3326 = VECTOR ( 'NONE', #476, 1000.000000000000000 ) ;
#3327 = CARTESIAN_POINT ( 'NONE',  ( -0.3999999999999993006, -2.061552812808830293, 5.439000000000000945 ) ) ;
#3328 = DIRECTION ( 'NONE',  ( -0.000000000000000000, -1.000000000000000000, -0.000000000000000000 ) ) ;
#3329 = VECTOR ( 'NONE', #5844, 1000.000000000000000 ) ;
#3330 = DIRECTION ( 'NONE',  ( 0.000000000000000000, 0.000000000000000000, -1.000000000000000000 ) ) ;
#3331 = VECTOR ( 'NONE', #2106, 1000.000000000000000 ) ;
#3332 = AXIS2_PLACEMENT_3D ( 'NONE', #729, #4418, #4491 ) ;
#3333 = CARTESIAN_POINT ( 'NONE',  ( 0.5734863112436889843, -2.021666578221207988, -28.85712190959814905 ) ) ;
#3334 = DIRECTION ( 'NONE',  ( 0.000000000000000000, -1.000000000000000000, 0.000000000000000000 ) ) ;
#3335 = EDGE_CURVE ( 'NONE', #1701, #2971, #1454, .T. ) ;
#3336 = CARTESIAN_POINT ( 'NONE',  ( 3.174999999999999822, 0.000000000000000000, -26.28899999999999437 ) ) ;
#3337 = CARTESIAN_POINT ( 'NONE',  ( 12.05225965874923233, -1.999113491775013296, 4.305849356269922268 ) ) ;
#3338 = CARTESIAN_POINT ( 'NONE',  ( 17.05000000000000071, -4.174999999999995381, -23.39999999999999858 ) ) ;
#3339 = CARTESIAN_POINT ( 'NONE',  ( 0.000000000000000000, 0.000000000000000000, -30.83899999999999153 ) ) ;
#3340 = EDGE_CURVE ( 'NONE', #6152, #6565, #1252, .T. ) ;
#3341 = EDGE_LOOP ( 'NONE', ( #5051, #5275, #4874, #1562 ) ) ;
#3342 = FACE_OUTER_BOUND ( 'NONE', #549, .T. ) ;
#3343 = CARTESIAN_POINT ( 'NONE',  ( 24.18900000000000716, -2.061552812808830293, -18.64999999999999503 ) ) ;
#3344 = ORIENTED_EDGE ( 'NONE', *, *, #830, .F. ) ;
#3345 = CARTESIAN_POINT ( 'NONE',  ( 13.09999999999999964, -2.061552812808830737, 5.139000000000000234 ) ) ;
#3346 = EDGE_LOOP ( 'NONE', ( #2147, #3581, #4502, #1156 ) ) ;
#3347 = ORIENTED_EDGE ( 'NONE', *, *, #5906, .F. ) ;
#3348 = CARTESIAN_POINT ( 'NONE',  ( -6.200000000000001066, 6.200000000000000178, 0.000000000000000000 ) ) ;
#3349 = ORIENTED_EDGE ( 'NONE', *, *, #874, .F. ) ;
#3350 = CYLINDRICAL_SURFACE ( 'NONE', #2259, 3.175000000000000711 ) ;
#3351 = CARTESIAN_POINT ( 'NONE',  ( 14.80000000000000071, 2.571758278209441957E-16, 5.439000000000000057 ) ) ;
#3352 = EDGE_LOOP ( 'NONE', ( #4611, #3415, #3274, #3562, #5828, #5612, #5762, #839, #4081, #969, #960, #6383 ) ) ;
#3353 = ORIENTED_EDGE ( 'NONE', *, *, #2413, .F. ) ;
#3354 = ORIENTED_EDGE ( 'NONE', *, *, #6869, .T. ) ;
#3355 = DIRECTION ( 'NONE',  ( -0.000000000000000000, 0.000000000000000000, 1.000000000000000000 ) ) ;
#3356 = CARTESIAN_POINT ( 'NONE',  ( 0.000000000000000000, -0.8890000000000000124, -19.04999999999999716 ) ) ;
#3357 = CARTESIAN_POINT ( 'NONE',  ( 12.69999999999999929, -0.8890000000000000124, -22.22499999999999787 ) ) ;
#3358 = ADVANCED_FACE ( 'NONE', ( #6834 ), #4019, .T. ) ;
#3359 = CARTESIAN_POINT ( 'NONE',  ( -0.7206315775864664541, 1.972483239316685122, -30.53899999999999082 ) ) ;
#3360 = EDGE_CURVE ( 'NONE', #5258, #3565, #6147, .T. ) ;
#3361 = FACE_OUTER_BOUND ( 'NONE', #5449, .T. ) ;
#3362 = EDGE_CURVE ( 'NONE', #1701, #6247, #1348, .T. ) ;
#3363 = DIRECTION ( 'NONE',  ( -6.829619984160658046E-17, 0.000000000000000000, 1.000000000000000000 ) ) ;
#3364 = ADVANCED_FACE ( 'NONE', ( #322 ), #1912, .F. ) ;
#3365 = CARTESIAN_POINT ( 'NONE',  ( -6.200000000000001954, -1.572093150103981429E-15, 0.000000000000000000 ) ) ;
#3366 = LINE ( 'NONE', #2281, #5503 ) ;
#3367 = DIRECTION ( 'NONE',  ( -1.084202172485504434E-16, -0.000000000000000000, 1.000000000000000000 ) ) ;
#3368 = LINE ( 'NONE', #5394, #6399 ) ;
#3369 = ADVANCED_FACE ( 'NONE', ( #929 ), #286, .T. ) ;
#3370 = CARTESIAN_POINT ( 'NONE',  ( 24.60563645010067901, 2.254205848354697395, -18.64999999999999503 ) ) ;
#3371 = CARTESIAN_POINT ( 'NONE',  ( 12.45290825211801256, 2.087439085565598429, 2.187221323398955253 ) ) ;
#3372 = AXIS2_PLACEMENT_3D ( 'NONE', #2060, #5809, #1165 ) ;
#3373 = CARTESIAN_POINT ( 'NONE',  ( 13.09999999999999964, -2.081805041010025725, -31.30694035598736136 ) ) ;
#3374 = ORIENTED_EDGE ( 'NONE', *, *, #1688, .F. ) ;
#3375 = EDGE_CURVE ( 'NONE', #944, #5557, #4606, .T. ) ;
#3376 = CYLINDRICAL_SURFACE ( 'NONE', #4640, 3.374999999999999556 ) ;
#3377 = ORIENTED_EDGE ( 'NONE', *, *, #430, .F. ) ;
#3378 = AXIS2_PLACEMENT_3D ( 'NONE', #353, #5198, #4573 ) ;
#3379 = VERTEX_POINT ( 'NONE', #890 ) ;
#3380 = DIRECTION ( 'NONE',  ( -0.000000000000000000, -1.000000000000000000, 0.000000000000000000 ) ) ;
#3381 = ORIENTED_EDGE ( 'NONE', *, *, #3111, .F. ) ;
#3382 = LINE ( 'NONE', #709, #6394 ) ;
#3383 = B_SPLINE_CURVE_WITH_KNOTS ( 'NONE', 3,
 ( #6255, #358, #6698, #2510, #6188, #2583 ),
 .UNSPECIFIED., .F., .F.,
 ( 4, 2, 4 ),
 ( 0.000000000000000000, 0.0004757001404452622069, 0.0009514002808905244139 ),
 .UNSPECIFIED. ) ;
#3384 = ADVANCED_FACE ( 'NONE', ( #5729 ), #6730, .F. ) ;
#3385 = CARTESIAN_POINT ( 'NONE',  ( -6.200000000000003730, -6.201000000000000512, -11.56862915010152193 ) ) ;
#3386 = CARTESIAN_POINT ( 'NONE',  ( 0.000000000000000000, -5.460999999999999410, -6.349999999999999645 ) ) ;
#3387 = ORIENTED_EDGE ( 'NONE', *, *, #5021, .F. ) ;
#3388 = VECTOR ( 'NONE', #5283, 1000.000000000000000 ) ;
#3389 = ORIENTED_EDGE ( 'NONE', *, *, #6028, .T. ) ;
#3390 = DIRECTION ( 'NONE',  ( 0.000000000000000000, 0.000000000000000000, -1.000000000000000000 ) ) ;
#3391 = DIRECTION ( 'NONE',  ( -0.000000000000000000, -1.000000000000000000, -0.000000000000000000 ) ) ;
#3392 = CIRCLE ( 'NONE', #5850, 3.175000000000000711 ) ;
#3393 = CARTESIAN_POINT ( 'NONE',  ( -0.3999999999999999667, -1.502637486114517751, -31.53899999999999082 ) ) ;
#3394 = DIRECTION ( 'NONE',  ( 0.000000000000000000, 0.000000000000000000, 1.000000000000000000 ) ) ;
#3395 = CARTESIAN_POINT ( 'NONE',  ( 13.34774034125076447, 1.999113491775012852, 4.305849356269922268 ) ) ;
#3396 = VECTOR ( 'NONE', #847, 1000.000000000000000 ) ;
#3397 = CIRCLE ( 'NONE', #2279, 3.175000000000000711 ) ;
#3398 = FACE_OUTER_BOUND ( 'NONE', #5118, .T. ) ;
#3399 = CARTESIAN_POINT ( 'NONE',  ( 10.43174156341403247, 0.000000000000000000, -31.02076274578120874 ) ) ;
#3400 = DATE_AND_TIME ( #3998, #5516 ) ;
#3401 = CARTESIAN_POINT ( 'NONE',  ( 13.19809734904587195, -2.040073290564206943, -27.99542212862617063 ) ) ;
#3402 = ADVANCED_FACE ( 'NONE', ( #6465 ), #4329, .T. ) ;
#3403 = EDGE_CURVE ( 'NONE', #1164, #638, #800, .T. ) ;
#3404 = FACE_OUTER_BOUND ( 'NONE', #2331, .T. ) ;
#3405 = FACE_OUTER_BOUND ( 'NONE', #2192, .T. ) ;
#3406 = ORIENTED_EDGE ( 'NONE', *, *, #2284, .T. ) ;
#3407 = ADVANCED_FACE ( 'NONE', ( #6326, #1673, #2760 ), #1605, .F. ) ;
#3408 = B_SPLINE_CURVE_WITH_KNOTS ( 'NONE', 3,
 ( #1374, #1339, #6827, #5718, #4567, #313, #918, #5190, #384, #6137 ),
 .UNSPECIFIED., .F., .F.,
 ( 4, 2, 2, 2, 4 ),
 ( 0.000000000000000000, 0.0003704147845104418060, 0.0007408295690208836120, 0.001111244353531325472, 0.001481659138041767224 ),
 .UNSPECIFIED. ) ;
#3409 = LINE ( 'NONE', #3874, #490 ) ;
#3410 = ORIENTED_EDGE ( 'NONE', *, *, #5372, .T. ) ;
#3411 = VERTEX_POINT ( 'NONE', #6391 ) ;
#3412 = VECTOR ( 'NONE', #4299, 1000.000000000000000 ) ;
#3413 = ORIENTED_EDGE ( 'NONE', *, *, #5328, .T. ) ;
#3414 = FACE_OUTER_BOUND ( 'NONE', #3602, .T. ) ;
#3415 = ORIENTED_EDGE ( 'NONE', *, *, #5106, .T. ) ;
#3416 = DIRECTION ( 'NONE',  ( 1.000000000000000000, 0.000000000000000000, 0.000000000000000000 ) ) ;
#3417 = CARTESIAN_POINT ( 'NONE',  ( 24.18900000000000361, -3.175000000000000711, -18.32936842241353048 ) ) ;
#3418 = VERTEX_POINT ( 'NONE', #3816 ) ;
#3419 = AXIS2_PLACEMENT_3D ( 'NONE', #3886, #1703, #152 ) ;
#3420 = VERTEX_POINT ( 'NONE', #5804 ) ;
#3421 = EDGE_CURVE ( 'NONE', #6007, #4496, #3950, .T. ) ;
#3422 = EDGE_LOOP ( 'NONE', ( #2156, #2633, #2288, #3758 ) ) ;
#3423 = TOROIDAL_SURFACE ( 'NONE', #1176, 1.554966049364602254, 0.7500000000000000000 ) ;
#3424 = DIRECTION ( 'NONE',  ( 0.000000000000000000, 0.000000000000000000, 1.000000000000000000 ) ) ;
#3425 = CARTESIAN_POINT ( 'NONE',  ( -6.200000000000001954, -0.1999999999999996503, -25.39999999999999858 ) ) ;
#3426 = CARTESIAN_POINT ( 'NONE',  ( -3.654415587728430559, -6.200000000000001066, -12.69999999999999929 ) ) ;
#3427 = DIRECTION ( 'NONE',  ( 0.000000000000000000, 0.000000000000000000, 1.000000000000000000 ) ) ;
#3428 = CARTESIAN_POINT ( 'NONE',  ( 24.51698505546813323, 2.129368205736809294, -5.950000000000003730 ) ) ;
#3429 = VECTOR ( 'NONE', #2132, 1000.000000000000000 ) ;
#3430 = ORIENTED_EDGE ( 'NONE', *, *, #4393, .T. ) ;
#3431 = ORIENTED_EDGE ( 'NONE', *, *, #5617, .T. ) ;
#3432 = VECTOR ( 'NONE', #2454, 1000.000000000000000 ) ;
#3433 = LINE ( 'NONE', #5559, #487 ) ;
#3434 = B_SPLINE_CURVE_WITH_KNOTS ( 'NONE', 3,
 ( #5524, #295, #4970, #2350 ),
 .UNSPECIFIED., .F., .F.,
 ( 4, 4 ),
 ( 0.003029541235337105450, 0.003249628748158704325 ),
 .UNSPECIFIED. ) ;
#3435 = AXIS2_PLACEMENT_3D ( 'NONE', #3683, #2519, #3086 ) ;
#3436 = DIRECTION ( 'NONE',  ( 0.000000000000000000, 0.000000000000000000, 1.000000000000000000 ) ) ;
#3437 = PERSON_AND_ORGANIZATION ( #5737, #3625 ) ;
#3438 = CIRCLE ( 'NONE', #5552, 3.175000000000002487 ) ;
#3439 = CIRCLE ( 'NONE', #2440, 1.554966049364602254 ) ;
#3440 = EDGE_CURVE ( 'NONE', #3853, #2818, #3564, .T. ) ;
#3441 = CARTESIAN_POINT ( 'NONE',  ( 13.09999999999999964, -2.129368206736823588, -30.86698505588080366 ) ) ;
#3442 = DIRECTION ( 'NONE',  ( 0.000000000000000000, 0.000000000000000000, -1.000000000000000000 ) ) ;
#3443 = CARTESIAN_POINT ( 'NONE',  ( 17.05000000000000071, 6.200000000000000178, -23.39999999999999858 ) ) ;
#3444 = VERTEX_POINT ( 'NONE', #5940 ) ;
#3445 = DIRECTION ( 'NONE',  ( 0.000000000000000000, 1.000000000000000000, 0.000000000000000000 ) ) ;
#3446 = EDGE_CURVE ( 'NONE', #6042, #5502, #5833, .T. ) ;
#3447 = ADVANCED_FACE ( 'NONE', ( #1570 ), #1132, .T. ) ;
#3448 = AXIS2_PLACEMENT_3D ( 'NONE', #6832, #4049, #6252 ) ;
#3449 = EDGE_CURVE ( 'NONE', #6406, #5581, #6839, .T. ) ;
#3450 = ORIENTED_EDGE ( 'NONE', *, *, #2211, .T. ) ;
#3451 = ORIENTED_EDGE ( 'NONE', *, *, #3446, .F. ) ;
#3452 = CARTESIAN_POINT ( 'NONE',  ( -0.3999999999999993006, 2.232710535457612888, 5.620762745781209269 ) ) ;
#3453 = EDGE_LOOP ( 'NONE', ( #1162, #4459, #1238, #923 ) ) ;
#3454 = DIRECTION ( 'NONE',  ( 1.000000000000000000, 0.000000000000000000, 0.000000000000000000 ) ) ;
#3455 = PLANE ( 'NONE',  #2172 ) ;
#3456 = VERTEX_POINT ( 'NONE', #5270 ) ;
#3457 = EDGE_CURVE ( 'NONE', #3322, #1377, #1555, .T. ) ;
#3458 = ORIENTED_EDGE ( 'NONE', *, *, #2745, .T. ) ;
#3459 = ORIENTED_EDGE ( 'NONE', *, *, #1795, .F. ) ;
#3460 = ORIENTED_EDGE ( 'NONE', *, *, #4004, .T. ) ;
#3461 = CARTESIAN_POINT ( 'NONE',  ( 10.59999999999999787, 0.000000000000000000, 0.8890000000000000124 ) ) ;
#3462 = CARTESIAN_POINT ( 'NONE',  ( 12.20190265095412840, -2.040073290564207831, 2.595422128626172054 ) ) ;
#3463 = EDGE_LOOP ( 'NONE', ( #111, #3349 ) ) ;
#3464 = DIRECTION ( 'NONE',  ( -1.000000000000000000, -0.000000000000000000, 0.000000000000000000 ) ) ;
#3465 = DIRECTION ( 'NONE',  ( 0.000000000000000000, 0.000000000000000000, 1.000000000000000000 ) ) ;
#3466 = CARTESIAN_POINT ( 'NONE',  ( 13.34774034125076447, -1.999113491775012852, -29.70584935626991907 ) ) ;
#3467 = ORIENTED_EDGE ( 'NONE', *, *, #316, .F. ) ;
#3468 = ORIENTED_EDGE ( 'NONE', *, *, #5627, .F. ) ;
#3469 = CARTESIAN_POINT ( 'NONE',  ( -0.7206315775864658990, -1.972483239316685122, 5.138999999999997570 ) ) ;
#3470 = DIRECTION ( 'NONE',  ( 0.000000000000000000, 1.000000000000000000, 0.000000000000000000 ) ) ;
#3471 = COORDINATED_UNIVERSAL_TIME_OFFSET ( 6, 0, .BEHIND. ) ;
#3472 = CARTESIAN_POINT ( 'NONE',  ( -6.200000000000001954, -6.200000000000000178, -13.83137084989847665 ) ) ;
#3473 = CARTESIAN_POINT ( 'NONE',  ( 25.18900000000000361, 1.502637486114517751, -19.44999999999999574 ) ) ;
#3474 = CARTESIAN_POINT ( 'NONE',  ( 24.48900000000000432, 0.000000000000000000, -19.04999999999999716 ) ) ;
#3475 = CARTESIAN_POINT ( 'NONE',  ( -5.200000000000001066, -31.72724035221981964, -11.15441558772842967 ) ) ;
#3476 = EDGE_CURVE ( 'NONE', #3554, #1868, #6280, .T. ) ;
#3477 = CARTESIAN_POINT ( 'NONE',  ( 21.23722132339895907, 2.087439085565598429, -18.80290825211801220 ) ) ;
#3478 = ORIENTED_EDGE ( 'NONE', *, *, #2845, .F. ) ;
#3479 = CARTESIAN_POINT ( 'NONE',  ( 0.000000000000000000, -2.174999999999999822, -6.349999999999999645 ) ) ;
#3480 = ORIENTED_EDGE ( 'NONE', *, *, #3360, .T. ) ;
#3481 = CIRCLE ( 'NONE', #451, 3.175000000000000711 ) ;
#3482 = DIRECTION ( 'NONE',  ( -0.000000000000000000, 1.000000000000000000, -0.000000000000000000 ) ) ;
#3483 = DIRECTION ( 'NONE',  ( 1.000000000000000000, -0.000000000000000000, -0.000000000000000000 ) ) ;
#3484 = ORIENTED_EDGE ( 'NONE', *, *, #5052, .T. ) ;
#3485 = ORIENTED_EDGE ( 'NONE', *, *, #4674, .F. ) ;
#3486 = VERTEX_POINT ( 'NONE', #4751 ) ;
#3487 = EDGE_CURVE ( 'NONE', #6700, #4635, #6874, .T. ) ;
#3488 = EDGE_LOOP ( 'NONE', ( #6367, #3640, #2878, #6626 ) ) ;
#3489 = EDGE_CURVE ( 'NONE', #944, #4885, #1030, .T. ) ;
#3490 = DIRECTION ( 'NONE',  ( 0.000000000000000000, 1.000000000000000000, 0.000000000000000000 ) ) ;
#3491 = CARTESIAN_POINT ( 'NONE',  ( 17.05000000000000071, -2.175000000000000711, -23.39999999999999858 ) ) ;
#3492 = EDGE_LOOP ( 'NONE', ( #3917, #4592, #4154, #4365 ) ) ;
#3493 = AXIS2_PLACEMENT_3D ( 'NONE', #71, #3296, #168 ) ;
#3494 = ADVANCED_FACE ( 'NONE', ( #4820, #3245 ), #5308, .T. ) ;
#3495 = CARTESIAN_POINT ( 'NONE',  ( 12.30000000000000071, 2.243459280444428217, 5.588199955838117461 ) ) ;
#3496 = LINE ( 'NONE', #3357, #376 ) ;
#3497 = CARTESIAN_POINT ( 'NONE',  ( 15.00000000000000533, 0.000000000000000000, -30.92307225861763698 ) ) ;
#3498 = CARTESIAN_POINT ( 'NONE',  ( 12.30000000000000071, 2.083236664664703142, 5.905597390643910316 ) ) ;
#3499 =( BOUNDED_CURVE ( )  B_SPLINE_CURVE ( 3, ( #3800, #3261, #3337, #5391 ),
 .UNSPECIFIED., .F., .T. ) 
 B_SPLINE_CURVE_WITH_KNOTS ( ( 4, 4 ),
 ( 1.810267798689539021, 1.921073213463466933 ),
 .UNSPECIFIED. ) 
 CURVE ( )  GEOMETRIC_REPRESENTATION_ITEM ( )  RATIONAL_B_SPLINE_CURVE ( ( 1.000000000000000000, 0.9989771083553060649, 0.9989771083553060649, 1.000000000000000000 ) ) 
 REPRESENTATION_ITEM ( '' )  );
#3500 = ORIENTED_EDGE ( 'NONE', *, *, #2419, .F. ) ;
#3501 = CIRCLE ( 'NONE', #462, 2.100000000000000089 ) ;
#3502 = ORIENTED_EDGE ( 'NONE', *, *, #2419, .T. ) ;
#3503 = DIRECTION ( 'NONE',  ( 0.000000000000000000, 0.000000000000000000, -1.000000000000000000 ) ) ;
#3504 = EDGE_CURVE ( 'NONE', #150, #3943, #2196, .T. ) ;
#3505 = DIRECTION ( 'NONE',  ( 8.115498896123205041E-15, 0.000000000000000000, -1.000000000000000000 ) ) ;
#3506 = CARTESIAN_POINT ( 'NONE',  ( 6.350000000000000533, -0.8890000000000000124, -9.524999999999996803 ) ) ;
#3507 = AXIS2_PLACEMENT_3D ( 'NONE', #3531, #3077, #1426 ) ;
#3508 = COORDINATED_UNIVERSAL_TIME_OFFSET ( 6, 0, .BEHIND. ) ;
#3509 = VECTOR ( 'NONE', #1447, 1000.000000000000000 ) ;
#3510 = CARTESIAN_POINT ( 'NONE',  ( 2.100000000000000089, 0.000000000000000000, 5.439000000000000945 ) ) ;
#3511 = CARTESIAN_POINT ( 'NONE',  ( 12.30000000000000071, 2.264950330581225302, 5.523072258617638397 ) ) ;
#3512 = AXIS2_PLACEMENT_3D ( 'NONE', #661, #2222, #2747 ) ;
#3513 = CARTESIAN_POINT ( 'NONE',  ( -0.3999999999999999667, 1.502637486114517751, -31.53899999999999082 ) ) ;
#3514 = CC_DESIGN_APPROVAL ( #1024, ( #3826 ) ) ;
#3515 = CARTESIAN_POINT ( 'NONE',  ( 12.69999999999999929, 0.000000000000000000, 5.439000000000000057 ) ) ;
#3516 = ORIENTED_EDGE ( 'NONE', *, *, #2656, .T. ) ;
#3517 = ORIENTED_EDGE ( 'NONE', *, *, #5187, .F. ) ;
#3518 = CARTESIAN_POINT ( 'NONE',  ( -0.4000000000000000222, -2.061552812808830293, -30.83899999999999153 ) ) ;
#3519 = CC_DESIGN_PERSON_AND_ORGANIZATION_ASSIGNMENT ( #4060, #6604, ( #3097 ) ) ;
#3520 = EDGE_LOOP ( 'NONE', ( #3786, #1099, #2987, #5156 ) ) ;
#3521 = DIRECTION ( 'NONE',  ( -0.000000000000000000, 1.000000000000000000, -0.000000000000000000 ) ) ;
#3522 = VERTEX_POINT ( 'NONE', #6590 ) ;
#3523 = VECTOR ( 'NONE', #1244, 1000.000000000000000 ) ;
#3524 = VERTEX_POINT ( 'NONE', #674 ) ;
#3525 = ORIENTED_EDGE ( 'NONE', *, *, #431, .F. ) ;
#3526 = EDGE_LOOP ( 'NONE', ( #1790, #281, #5648, #5887, #1311, #3023 ) ) ;
#3527 = CARTESIAN_POINT ( 'NONE',  ( 19.93899999999999650, 0.000000000000000000, -4.250000000000000888 ) ) ;
#3528 = CARTESIAN_POINT ( 'NONE',  ( -6.200000000000001954, -1.734723475976807094E-15, -25.39999999999999858 ) ) ;
#3529 = VERTEX_POINT ( 'NONE', #4956 ) ;
#3530 = AXIS2_PLACEMENT_3D ( 'NONE', #1804, #3935, #79 ) ;
#3531 = CARTESIAN_POINT ( 'NONE',  ( 6.350000000000000533, -0.8890000000000000124, -12.69999999999999929 ) ) ;
#3532 = CARTESIAN_POINT ( 'NONE',  ( -6.200000000000001954, -6.200000000000000178, -25.39999999999999858 ) ) ;
#3533 = CARTESIAN_POINT ( 'NONE',  ( 0.000000000000000000, 0.000000000000000000, -30.53899999999999793 ) ) ;
#3534 = EDGE_CURVE ( 'NONE', #1982, #3561, #3315, .T. ) ;
#3535 = EDGE_CURVE ( 'NONE', #1669, #689, #5766, .T. ) ;
#3536 = AXIS2_PLACEMENT_3D ( 'NONE', #618, #3224, #3793 ) ;
#3537 = VERTEX_POINT ( 'NONE', #3849 ) ;
#3538 = EDGE_CURVE ( 'NONE', #5053, #6330, #1173, .T. ) ;
#3539 = DIRECTION ( 'NONE',  ( 0.000000000000000000, 0.000000000000000000, -1.000000000000000000 ) ) ;
#3540 = CARTESIAN_POINT ( 'NONE',  ( 9.524999999999998579, -3.888253587292845095E-16, -25.39999999999999858 ) ) ;
#3541 = FACE_OUTER_BOUND ( 'NONE', #1918, .T. ) ;
#3542 = VECTOR ( 'NONE', #302, 1000.000000000000114 ) ;
#3543 = VECTOR ( 'NONE', #197, 1000.000000000000000 ) ;
#3544 = SECURITY_CLASSIFICATION_LEVEL ( 'unclassified' ) ;
#3545 =( BOUNDED_CURVE ( )  B_SPLINE_CURVE ( 3, ( #3065, #4533, #5644, #5151 ),
 .UNSPECIFIED., .F., .T. ) 
 B_SPLINE_CURVE_WITH_KNOTS ( ( 4, 4 ),
 ( 1.810267798689539021, 1.921073213463466933 ),
 .UNSPECIFIED. ) 
 CURVE ( )  GEOMETRIC_REPRESENTATION_ITEM ( )  RATIONAL_B_SPLINE_CURVE ( ( 1.000000000000000000, 0.9989771083553060649, 0.9989771083553060649, 1.000000000000000000 ) ) 
 REPRESENTATION_ITEM ( '' )  );
#3546 = DIRECTION ( 'NONE',  ( 0.000000000000000000, 0.000000000000000000, -1.000000000000000000 ) ) ;
#3547 = CYLINDRICAL_SURFACE ( 'NONE', #704, 2.100000000000000977 ) ;
#3548 = PLANE ( 'NONE',  #1757 ) ;
#3549 = EDGE_LOOP ( 'NONE', ( #5684, #677, #1331, #3347 ) ) ;
#3550 = CARTESIAN_POINT ( 'NONE',  ( 0.4000000000000000777, -2.264950330581225746, -30.92307225861762987 ) ) ;
#3551 = EDGE_CURVE ( 'NONE', #4403, #5686, #266, .T. ) ;
#3552 = AXIS2_PLACEMENT_3D ( 'NONE', #5579, #854, #1277 ) ;
#3553 = ORIENTED_EDGE ( 'NONE', *, *, #6486, .T. ) ;
#3554 = VERTEX_POINT ( 'NONE', #5444 ) ;
#3555 = DIRECTION ( 'NONE',  ( 0.000000000000000000, 0.000000000000000000, -1.000000000000000000 ) ) ;
#3556 = ORIENTED_EDGE ( 'NONE', *, *, #6640, .F. ) ;
#3557 = CIRCLE ( 'NONE', #4430, 2.100000000000000977 ) ;
#3558 = AXIS2_PLACEMENT_3D ( 'NONE', #5845, #1074, #2629 ) ;
#3559 = DIRECTION ( 'NONE',  ( -1.000000000000000000, -0.000000000000000000, 0.000000000000000000 ) ) ;
#3560 = CARTESIAN_POINT ( 'NONE',  ( 12.69999999999999929, -0.8890000000000000124, -22.22499999999999787 ) ) ;
#3561 = VERTEX_POINT ( 'NONE', #2898 ) ;
#3562 = ORIENTED_EDGE ( 'NONE', *, *, #18, .F. ) ;
#3563 = ORIENTED_EDGE ( 'NONE', *, *, #2334, .T. ) ;
#3564 = B_SPLINE_CURVE_WITH_KNOTS ( 'NONE', 3,
 ( #1531, #19, #2661, #538, #6427, #3674 ),
 .UNSPECIFIED., .F., .F.,
 ( 4, 2, 4 ),
 ( 0.000000000000000000, 0.0004757001404452628575, 0.0009514002808905257149 ),
 .UNSPECIFIED. ) ;
#3565 = VERTEX_POINT ( 'NONE', #6620 ) ;
#3566 = DIRECTION ( 'NONE',  ( 0.000000000000000000, 0.000000000000000000, -1.000000000000000000 ) ) ;
#3567 = DIRECTION ( 'NONE',  ( 1.621236893436268647E-16, 0.000000000000000000, 1.000000000000000000 ) ) ;
#3568 = EDGE_LOOP ( 'NONE', ( #1062, #848, #1135, #1211 ) ) ;
#3569 = DIRECTION ( 'NONE',  ( 0.000000000000000000, 0.000000000000000000, -1.000000000000000000 ) ) ;
#3570 = CARTESIAN_POINT ( 'NONE',  ( 0.4000000000000000222, 2.182283254615324797, -31.17352969257199291 ) ) ;
#3571 = ORIENTED_EDGE ( 'NONE', *, *, #1084, .F. ) ;
#3572 = ORIENTED_EDGE ( 'NONE', *, *, #4636, .F. ) ;
#3573 = FACE_OUTER_BOUND ( 'NONE', #6793, .T. ) ;
#3574 = LINE ( 'NONE', #366, #2883 ) ;
#3575 = EDGE_CURVE ( 'NONE', #5134, #4809, #2302, .T. ) ;
#3576 = DIRECTION ( 'NONE',  ( -0.000000000000000000, -1.000000000000000000, 0.000000000000000000 ) ) ;
#3577 = EDGE_CURVE ( 'NONE', #1126, #3072, #6457, .T. ) ;
#3578 = FACE_OUTER_BOUND ( 'NONE', #4785, .T. ) ;
#3579 = DIRECTION ( 'NONE',  ( -0.000000000000000000, 1.000000000000000000, 0.000000000000000000 ) ) ;
#3580 = CARTESIAN_POINT ( 'NONE',  ( -0.3999999999999993006, -2.264950330581225746, 5.523072258617638397 ) ) ;
#3581 = ORIENTED_EDGE ( 'NONE', *, *, #1090, .F. ) ;
#3582 = DIRECTION ( 'NONE',  ( 0.000000000000000000, 0.000000000000000000, 1.000000000000000000 ) ) ;
#3583 = PLANE ( 'NONE',  #6418 ) ;
#3584 = DIRECTION ( 'NONE',  ( -0.000000000000000000, 0.000000000000000000, 1.000000000000000000 ) ) ;
#3585 = ORIENTED_EDGE ( 'NONE', *, *, #3156, .T. ) ;
#3586 = DIRECTION ( 'NONE',  ( 1.000000000000000000, 0.000000000000000000, 0.000000000000000000 ) ) ;
#3587 = VERTEX_POINT ( 'NONE', #6173 ) ;
#3588 = EDGE_CURVE ( 'NONE', #3561, #652, #5046, .T. ) ;
#3589 = CARTESIAN_POINT ( 'NONE',  ( 0.000000000000000000, -5.460999999999999410, -22.22499999999999787 ) ) ;
#3590 = PLANE ( 'NONE',  #3735 ) ;
#3591 = EDGE_LOOP ( 'NONE', ( #1309, #3310, #1862, #2584, #1876, #3243 ) ) ;
#3592 = VERTEX_POINT ( 'NONE', #6751 ) ;
#3593 = ORIENTED_EDGE ( 'NONE', *, *, #3780, .F. ) ;
#3594 = ORIENTED_EDGE ( 'NONE', *, *, #6371, .F. ) ;
#3595 = EDGE_CURVE ( 'NONE', #1708, #114, #2957, .T. ) ;
#3596 = CARTESIAN_POINT ( 'NONE',  ( 24.18900000000000006, 0.000000000000000000, -6.350000000000001421 ) ) ;
#3597 = DIRECTION ( 'NONE',  ( 0.000000000000000000, 0.000000000000000000, 1.000000000000000000 ) ) ;
#3598 = VERTEX_POINT ( 'NONE', #1870 ) ;
#3599 = AXIS2_PLACEMENT_3D ( 'NONE', #180, #2437, #5600 ) ;
#3600 = DIRECTION ( 'NONE',  ( 0.000000000000000000, 0.000000000000000000, 1.000000000000000000 ) ) ;
#3601 = DIRECTION ( 'NONE',  ( 8.115498896123167176E-15, 0.000000000000000000, 1.000000000000000000 ) ) ;
#3602 = EDGE_LOOP ( 'NONE', ( #2683, #6559, #5195, #1734, #4024, #3241, #3451, #4714, #6829, #3632 ) ) ;
#3603 = ORIENTED_EDGE ( 'NONE', *, *, #298, .T. ) ;
#3604 = FACE_OUTER_BOUND ( 'NONE', #5121, .T. ) ;
#3605 = VECTOR ( 'NONE', #2129, 1000.000000000000000 ) ;
#3606 = CARTESIAN_POINT ( 'NONE',  ( 12.69999999999999929, 0.000000000000000000, -26.28900000000000148 ) ) ;
#3607 = CARTESIAN_POINT ( 'NONE',  ( 0.7206315775864675643, -3.174999999999998934, 5.138999999999997570 ) ) ;
#3608 = LINE ( 'NONE', #5777, #2992 ) ;
#3609 = CARTESIAN_POINT ( 'NONE',  ( 24.57307225861764266, 0.000000000000000000, -19.04999999999999716 ) ) ;
#3610 = AXIS2_PLACEMENT_3D ( 'NONE', #6580, #1153, #2218 ) ;
#3611 = CARTESIAN_POINT ( 'NONE',  ( 19.05000000000000071, -6.200000000000000178, -25.39999999999999858 ) ) ;
#3612 = CARTESIAN_POINT ( 'NONE',  ( 12.69999999999999929, -5.460999999999999410, -8.450000000000001066 ) ) ;
#3613 = CARTESIAN_POINT ( 'NONE',  ( 0.4980973490458732167, -2.040073290564207831, 2.595422128626172054 ) ) ;
#3614 = ORIENTED_EDGE ( 'NONE', *, *, #6458, .F. ) ;
#3615 = VECTOR ( 'NONE', #1103, 1000.000000000000000 ) ;
#3616 = DIRECTION ( 'NONE',  ( -0.000000000000000000, -1.000000000000000000, -0.000000000000000000 ) ) ;
#3617 = CARTESIAN_POINT ( 'NONE',  ( 0.000000000000000000, -4.174999999999999822, -9.524999999999998579 ) ) ;
#3618 = VECTOR ( 'NONE', #208, 1000.000000000000000 ) ;
#3619 = LINE ( 'NONE', #2116, #3857 ) ;
#3620 = CARTESIAN_POINT ( 'NONE',  ( 11.97936842241353439, -1.972483239316684678, 5.138999999999997570 ) ) ;
#3621 = ADVANCED_FACE ( 'NONE', ( #1973 ), #2468, .F. ) ;
#3622 = EDGE_CURVE ( 'NONE', #1159, #1930, #3306, .T. ) ;
#3623 = ORIENTED_EDGE ( 'NONE', *, *, #523, .F. ) ;
#3624 = CARTESIAN_POINT ( 'NONE',  ( 0.000000000000000000, -0.8890000000000000124, -19.04999999999999716 ) ) ;
#3625 = ORGANIZATION ( 'UNSPECIFIED', 'UNSPECIFIED', '' ) ;
#3626 = EDGE_CURVE ( 'NONE', #6203, #5569, #1903, .T. ) ;
#3627 = EDGE_LOOP ( 'NONE', ( #3852, #6468, #306, #1409 ) ) ;
#3628 = CARTESIAN_POINT ( 'NONE',  ( 13.19809734904587195, -3.174999999999999822, 2.595422128626172054 ) ) ;
#3629 = ORIENTED_EDGE ( 'NONE', *, *, #4141, .T. ) ;
#3630 = ORIENTED_EDGE ( 'NONE', *, *, #5508, .F. ) ;
#3631 = ORIENTED_EDGE ( 'NONE', *, *, #3212, .T. ) ;
#3632 = ORIENTED_EDGE ( 'NONE', *, *, #2947, .T. ) ;
#3633 = CARTESIAN_POINT ( 'NONE',  ( 24.57307225861763200, 0.000000000000000000, -8.649999999999998579 ) ) ;
#3634 = CARTESIAN_POINT ( 'NONE',  ( 24.57307225861763200, -2.264950330581225746, -6.749999999999999112 ) ) ;
#3635 = CARTESIAN_POINT ( 'NONE',  ( 19.05000000000000071, 6.200000000000000178, 0.000000000000000000 ) ) ;
#3636 = DIRECTION ( 'NONE',  ( -0.000000000000000000, -1.000000000000000000, 0.000000000000000000 ) ) ;
#3637 = VECTOR ( 'NONE', #3363, 1000.000000000000000 ) ;
#3638 = EDGE_CURVE ( 'NONE', #6398, #6801, #2539, .T. ) ;
#3639 = ORIENTED_EDGE ( 'NONE', *, *, #5187, .T. ) ;
#3640 = ORIENTED_EDGE ( 'NONE', *, *, #3841, .F. ) ;
#3641 = LINE ( 'NONE', #6192, #2203 ) ;
#3642 = LINE ( 'NONE', #1576, #3329 ) ;
#3643 = DIRECTION ( 'NONE',  ( 1.000000000000000000, 0.000000000000000000, -1.305705842133080558E-16 ) ) ;
#3644 = DIRECTION ( 'NONE',  ( 0.000000000000000000, -1.000000000000000000, 0.000000000000000000 ) ) ;
#3645 = LINE ( 'NONE', #5246, #3162 ) ;
#3646 = AXIS2_PLACEMENT_3D ( 'NONE', #4789, #6911, #5376 ) ;
#3647 = CARTESIAN_POINT ( 'NONE',  ( 0.000000000000000000, -0.8890000000000000124, -6.349999999999999645 ) ) ;
#3648 = CARTESIAN_POINT ( 'NONE',  ( 13.09999999999999964, -3.174999999999999822, 5.139000000000000234 ) ) ;
#3649 = DIRECTION ( 'NONE',  ( 0.000000000000000000, 0.000000000000000000, 1.000000000000000000 ) ) ;
#3650 = ORIENTED_EDGE ( 'NONE', *, *, #4451, .T. ) ;
#3651 = CIRCLE ( 'NONE', #3765, 2.100000000000000977 ) ;
#3652 = CARTESIAN_POINT ( 'NONE',  ( 0.000000000000000000, -0.8890000000000000124, -22.22499999999999787 ) ) ;
#3653 = DIRECTION ( 'NONE',  ( -1.000000000000000000, -0.000000000000000000, 0.000000000000000000 ) ) ;
#3654 = CARTESIAN_POINT ( 'NONE',  ( 0.4980973490458732167, -3.174999999999998934, 2.595422128626172054 ) ) ;
#3655 = DIRECTION ( 'NONE',  ( 0.000000000000000000, 0.000000000000000000, -1.000000000000000000 ) ) ;
#3656 = AXIS2_PLACEMENT_3D ( 'NONE', #1150, #2215, #4907 ) ;
#3657 = EDGE_LOOP ( 'NONE', ( #6278, #1061, #2464, #2257 ) ) ;
#3658 = CARTESIAN_POINT ( 'NONE',  ( 12.21281998814761849, 2.042738830444499776, -27.87063639349768351 ) ) ;
#3659 = ORIENTED_EDGE ( 'NONE', *, *, #4532, .F. ) ;
#3660 = CONICAL_SURFACE ( 'NONE', #5103, 2.100000000000000977, 1.172861257340199304 ) ;
#3661 = EDGE_CURVE ( 'NONE', #4353, #3172, #4086, .T. ) ;
#3662 = EDGE_CURVE ( 'NONE', #4146, #278, #4757, .T. ) ;
#3663 = CIRCLE ( 'NONE', #630, 3.175000000000001155 ) ;
#3664 = DIRECTION ( 'NONE',  ( -1.000000000000000000, -0.000000000000000000, 0.000000000000000000 ) ) ;
#3665 = VECTOR ( 'NONE', #3120, 1000.000000000000000 ) ;
#3666 = EDGE_CURVE ( 'NONE', #3667, #1517, #3545, .T. ) ;
#3667 = VERTEX_POINT ( 'NONE', #1338 ) ;
#3668 = VECTOR ( 'NONE', #426, 1000.000000000000000 ) ;
#3669 = ORIENTED_EDGE ( 'NONE', *, *, #3924, .T. ) ;
#3670 = EDGE_LOOP ( 'NONE', ( #556, #3007, #5321, #2647 ) ) ;
#3671 = DIRECTION ( 'NONE',  ( 0.000000000000000000, -1.000000000000000000, 0.000000000000000000 ) ) ;
#3672 = LINE ( 'NONE', #2194, #4378 ) ;
#3673 = VERTEX_POINT ( 'NONE', #312 ) ;
#3674 = CARTESIAN_POINT ( 'NONE',  ( 25.18899999999999650, 1.502637486114517751, -5.950000000000003730 ) ) ;
#3675 = CARTESIAN_POINT ( 'NONE',  ( 24.48900000000000432, 2.061552812808830293, -19.44999999999999574 ) ) ;
#3676 = CARTESIAN_POINT ( 'NONE',  ( 13.09999999999999964, -2.061552812808830293, 5.439000000000000945 ) ) ;
#3677 = EDGE_CURVE ( 'NONE', #2717, #5507, #4670, .T. ) ;
#3678 = VERTEX_POINT ( 'NONE', #3589 ) ;
#3679 = DIRECTION ( 'NONE',  ( -0.000000000000000000, -1.000000000000000000, -0.000000000000000000 ) ) ;
#3680 = DIRECTION ( 'NONE',  ( 0.000000000000000000, 0.000000000000000000, 1.000000000000000000 ) ) ;
#3681 = DIRECTION ( 'NONE',  ( -0.000000000000000000, -1.000000000000000000, 0.000000000000000000 ) ) ;
#3682 = ADVANCED_FACE ( 'NONE', ( #6789 ), #5603, .F. ) ;
#3683 = CARTESIAN_POINT ( 'NONE',  ( 25.18900000000000361, 0.000000000000000000, -19.04999999999999716 ) ) ;
#3684 = DIRECTION ( 'NONE',  ( 0.000000000000000000, -1.000000000000000000, 0.000000000000000000 ) ) ;
#3685 = EDGE_LOOP ( 'NONE', ( #6663, #988, #1908, #271, #1203, #978, #5715, #146, #3738, #5913 ) ) ;
#3686 = CARTESIAN_POINT ( 'NONE',  ( 17.05000000000000071, 6.200000000000000178, -23.39999999999999858 ) ) ;
#3687 = CARTESIAN_POINT ( 'NONE',  ( 12.29999999999999716, -2.081805041010027502, 5.906940355987361002 ) ) ;
#3688 = ORIENTED_EDGE ( 'NONE', *, *, #5485, .T. ) ;
#3689 = CARTESIAN_POINT ( 'NONE',  ( 12.30000000000000071, -2.129368206736821811, 5.466985055880804190 ) ) ;
#3690 = FACE_BOUND ( 'NONE', #4639, .T. ) ;
#3691 = DIRECTION ( 'NONE',  ( 0.000000000000000000, 1.000000000000000000, -0.000000000000000000 ) ) ;
#3692 = DIRECTION ( 'NONE',  ( -3.110379853311669038E-16, -0.000000000000000000, -1.000000000000000000 ) ) ;
#3693 = EDGE_LOOP ( 'NONE', ( #5793, #4631, #175, #1621, #1530, #3430 ) ) ;
#3694 = CARTESIAN_POINT ( 'NONE',  ( 24.57307225861764266, 0.000000000000000000, -19.04999999999999716 ) ) ;
#3695 = AXIS2_PLACEMENT_3D ( 'NONE', #2448, #4083, #925 ) ;
#3696 = VERTEX_POINT ( 'NONE', #917 ) ;
#3697 = EDGE_CURVE ( 'NONE', #3418, #2295, #5189, .T. ) ;
#3698 = CARTESIAN_POINT ( 'NONE',  ( 12.69999999999999929, -0.8890000000000000124, -6.350000000000000533 ) ) ;
#3699 = DIRECTION ( 'NONE',  ( 0.000000000000000000, 0.000000000000000000, 1.000000000000000000 ) ) ;
#3700 = ORIENTED_EDGE ( 'NONE', *, *, #3661, .T. ) ;
#3701 = ORIENTED_EDGE ( 'NONE', *, *, #133, .T. ) ;
#3702 = VERTEX_POINT ( 'NONE', #5083 ) ;
#3703 = DIRECTION ( 'NONE',  ( 0.000000000000000000, 0.000000000000000000, -1.000000000000000000 ) ) ;
#3704 = PLANE ( 'NONE',  #1475 ) ;
#3705 = VERTEX_POINT ( 'NONE', #4566 ) ;
#3706 = DIRECTION ( 'NONE',  ( 0.000000000000000000, 0.000000000000000000, 1.000000000000000000 ) ) ;
#3707 = LINE ( 'NONE', #5834, #2278 ) ;
#3708 = CARTESIAN_POINT ( 'NONE',  ( 21.64542212862616566, 2.040073290564206943, -6.848097349045873194 ) ) ;
#3709 = ORIENTED_EDGE ( 'NONE', *, *, #4302, .F. ) ;
#3710 = ADVANCED_FACE ( 'NONE', ( #6688 ), #4042, .F. ) ;
#3711 = EDGE_CURVE ( 'NONE', #4282, #505, #3947, .T. ) ;
#3712 = AXIS2_PLACEMENT_3D ( 'NONE', #639, #1001, #6841 ) ;
#3713 = DIRECTION ( 'NONE',  ( 0.000000000000000000, 0.000000000000000000, 1.000000000000000000 ) ) ;
#3714 = LINE ( 'NONE', #436, #4437 ) ;
#3715 = DIRECTION ( 'NONE',  ( 1.000000000000000000, 0.000000000000000000, 0.000000000000000000 ) ) ;
#3716 = ADVANCED_FACE ( 'NONE', ( #4319 ), #5301, .T. ) ;
#3717 = DIRECTION ( 'NONE',  ( 0.000000000000000000, 0.000000000000000000, 1.000000000000000000 ) ) ;
#3718 = CARTESIAN_POINT ( 'NONE',  ( 9.524999999999996803, 15.72500000000000320, -25.39999999999999858 ) ) ;
#3719 = AXIS2_PLACEMENT_3D ( 'NONE', #1932, #6070, #1806 ) ;
#3720 = CARTESIAN_POINT ( 'NONE',  ( -0.1233449203368010005, 2.100009524403047223, -27.53895999750520573 ) ) ;
#3721 = AXIS2_PLACEMENT_3D ( 'NONE', #6898, #1016, #5366 ) ;
#3722 = VERTEX_POINT ( 'NONE', #4742 ) ;
#3723 = CARTESIAN_POINT ( 'NONE',  ( 24.48900000000000432, -2.061552812808830293, -19.44999999999999574 ) ) ;
#3724 = DIRECTION ( 'NONE',  ( 0.000000000000000000, -0.000000000000000000, 1.000000000000000000 ) ) ;
#3725 = CYLINDRICAL_SURFACE ( 'NONE', #3264, 3.175000000000000711 ) ;
#3726 = AXIS2_PLACEMENT_3D ( 'NONE', #1005, #3153, #473 ) ;
#3727 = LINE ( 'NONE', #481, #5057 ) ;
#3728 =( BOUNDED_CURVE ( )  B_SPLINE_CURVE ( 3, ( #1684, #5324, #6922, #1587 ),
 .UNSPECIFIED., .F., .T. ) 
 B_SPLINE_CURVE_WITH_KNOTS ( ( 4, 4 ),
 ( 1.810267798689539687, 1.921073213463467821 ),
 .UNSPECIFIED. ) 
 CURVE ( )  GEOMETRIC_REPRESENTATION_ITEM ( )  RATIONAL_B_SPLINE_CURVE ( ( 1.000000000000000000, 0.9989771083553060649, 0.9989771083553060649, 1.000000000000000000 ) ) 
 REPRESENTATION_ITEM ( '' )  );
#3729 = ORIENTED_EDGE ( 'NONE', *, *, #3071, .T. ) ;
#3730 = AXIS2_PLACEMENT_3D ( 'NONE', #719, #3653, #4170 ) ;
#3731 = FACE_OUTER_BOUND ( 'NONE', #2290, .T. ) ;
#3732 = ORIENTED_EDGE ( 'NONE', *, *, #2943, .T. ) ;
#3733 = CARTESIAN_POINT ( 'NONE',  ( 0.4000000000000000222, -2.243459280444428217, -30.98819995583811249 ) ) ;
#3734 = LINE ( 'NONE', #531, #32 ) ;
#3735 = AXIS2_PLACEMENT_3D ( 'NONE', #4630, #4702, #6752 ) ;
#3736 = EDGE_LOOP ( 'NONE', ( #1573, #6069 ) ) ;
#3737 = CIRCLE ( 'NONE', #6187, 2.100000000000000977 ) ;
#3738 = ORIENTED_EDGE ( 'NONE', *, *, #4812, .F. ) ;
#3739 = ORIENTED_EDGE ( 'NONE', *, *, #6850, .T. ) ;
#3740 = DIRECTION ( 'NONE',  ( -0.000000000000000000, 0.000000000000000000, 1.000000000000000000 ) ) ;
#3741 = AXIS2_PLACEMENT_3D ( 'NONE', #171, #4456, #728 ) ;
#3742 = AXIS2_PLACEMENT_3D ( 'NONE', #3762, #1116, #5923 ) ;
#3743 = DIRECTION ( 'NONE',  ( 0.000000000000000000, 0.000000000000000000, -1.000000000000000000 ) ) ;
#3744 = DIRECTION ( 'NONE',  ( 8.115498896123167176E-15, 0.000000000000000000, 1.000000000000000000 ) ) ;
#3745 = CARTESIAN_POINT ( 'NONE',  ( 21.40360533646651930, 2.057850353472996829, -5.921388065344215690 ) ) ;
#3746 = EDGE_CURVE ( 'NONE', #6801, #4594, #5079, .T. ) ;
#3747 = ORIENTED_EDGE ( 'NONE', *, *, #1906, .T. ) ;
#3748 = ORIENTED_EDGE ( 'NONE', *, *, #259, .F. ) ;
#3749 = DIRECTION ( 'NONE',  ( 0.000000000000000000, 0.000000000000000000, -1.000000000000000000 ) ) ;
#3750 = DIRECTION ( 'NONE',  ( -0.000000000000000000, -0.000000000000000000, 1.000000000000000000 ) ) ;
#3751 = CARTESIAN_POINT ( 'NONE',  ( 12.69999999999999929, 0.000000000000000000, 5.620762745781208380 ) ) ;
#3752 = ADVANCED_FACE ( 'NONE', ( #4283 ), #5880, .T. ) ;
#3753 = CARTESIAN_POINT ( 'NONE',  ( -0.4000000000000000222, -2.254205848354697395, -30.95563645010066622 ) ) ;
#3754 = EDGE_CURVE ( 'NONE', #4223, #3565, #6867, .T. ) ;
#3755 = FACE_OUTER_BOUND ( 'NONE', #3693, .T. ) ;
#3756 = EDGE_CURVE ( 'NONE', #3722, #1260, #4420, .T. ) ;
#3757 = VECTOR ( 'NONE', #5916, 1000.000000000000000 ) ;
#3758 = ORIENTED_EDGE ( 'NONE', *, *, #1392, .F. ) ;
#3759 = LINE ( 'NONE', #4868, #2768 ) ;
#3760 = DIRECTION ( 'NONE',  ( -0.7071067811865473507, 0.000000000000000000, -0.7071067811865477948 ) ) ;
#3761 = DIRECTION ( 'NONE',  ( 1.000000000000000000, 0.000000000000000000, 0.000000000000000000 ) ) ;
#3762 = CARTESIAN_POINT ( 'NONE',  ( 24.57307225861763200, 0.000000000000000000, -6.350000000000001421 ) ) ;
#3763 = CARTESIAN_POINT ( 'NONE',  ( 3.888253587292845095E-16, -4.174999999999999822, -15.87499999999999645 ) ) ;
#3764 = EDGE_CURVE ( 'NONE', #6432, #1441, #2084, .T. ) ;
#3765 = AXIS2_PLACEMENT_3D ( 'NONE', #5847, #5358, #4863 ) ;
#3766 = CARTESIAN_POINT ( 'NONE',  ( 24.57307225861764266, 0.000000000000000000, -19.04999999999999716 ) ) ;
#3767 = AXIS2_PLACEMENT_3D ( 'NONE', #4580, #3681, #6335 ) ;
#3768 = ORIENTED_EDGE ( 'NONE', *, *, #2142, .T. ) ;
#3769 = ADVANCED_FACE ( 'NONE', ( #10 ), #4311, .T. ) ;
#3770 = CARTESIAN_POINT ( 'NONE',  ( 0.4000000000000000777, -2.232710535457612888, -31.02076274578120163 ) ) ;
#3771 = DIRECTION ( 'NONE',  ( 1.000000000000000000, 0.000000000000000000, 0.000000000000000000 ) ) ;
#3772 = AXIS2_PLACEMENT_3D ( 'NONE', #4202, #6343, #2739 ) ;
#3773 =( BOUNDED_CURVE ( )  B_SPLINE_CURVE ( 3, ( #5885, #4268, #2673, #512 ),
 .UNSPECIFIED., .F., .T. ) 
 B_SPLINE_CURVE_WITH_KNOTS ( ( 4, 4 ),
 ( 4.362112093716118189, 4.472917508490046323 ),
 .UNSPECIFIED. ) 
 CURVE ( )  GEOMETRIC_REPRESENTATION_ITEM ( )  RATIONAL_B_SPLINE_CURVE ( ( 1.000000000000000000, 0.9989771083553060649, 0.9989771083553060649, 1.000000000000000000 ) ) 
 REPRESENTATION_ITEM ( '' )  );
#3774 = ORIENTED_EDGE ( 'NONE', *, *, #304, .F. ) ;
#3775 = B_SPLINE_CURVE_WITH_KNOTS ( 'NONE', 3,
 ( #2668, #5315, #1033, #4717, #6842, #972 ),
 .UNSPECIFIED., .F., .F.,
 ( 4, 2, 4 ),
 ( 0.000000000000000000, 0.0004757428370953075943, 0.0009514856741906147549 ),
 .UNSPECIFIED. ) ;
#3776 = ORIENTED_EDGE ( 'NONE', *, *, #4903, .F. ) ;
#3777 = ORIENTED_EDGE ( 'NONE', *, *, #3061, .F. ) ;
#3778 = VECTOR ( 'NONE', #3355, 1000.000000000000000 ) ;
#3779 = DIRECTION ( 'NONE',  ( 0.000000000000000000, 0.000000000000000000, 1.000000000000000000 ) ) ;
#3780 = EDGE_CURVE ( 'NONE', #3807, #5477, #2124, .T. ) ;
#3781 = DIRECTION ( 'NONE',  ( -1.000000000000000000, -0.000000000000000000, 0.000000000000000000 ) ) ;
#3782 = CARTESIAN_POINT ( 'NONE',  ( 13.10000000000000142, 1.663442899047754331, 6.138999999999998458 ) ) ;
#3783 = DIRECTION ( 'NONE',  ( 0.000000000000000000, 0.000000000000000000, 1.000000000000000000 ) ) ;
#3784 = CONICAL_SURFACE ( 'NONE', #4774, 2.100000000000000977, 1.172861257340199304 ) ;
#3785 = CIRCLE ( 'NONE', #6233, 2.100000000000000977 ) ;
#3786 = ORIENTED_EDGE ( 'NONE', *, *, #5108, .F. ) ;
#3787 = ORIENTED_EDGE ( 'NONE', *, *, #5758, .T. ) ;
#3788 = CARTESIAN_POINT ( 'NONE',  ( 11.97936842241353261, 1.972483239316685122, -30.53899999999999793 ) ) ;
#3789 = DIRECTION ( 'NONE',  ( -1.000000000000000000, -0.000000000000000000, 0.000000000000000000 ) ) ;
#3790 = B_SPLINE_CURVE_WITH_KNOTS ( 'NONE', 3,
 ( #1077, #3753, #1039, #6473 ),
 .UNSPECIFIED., .F., .F.,
 ( 4, 4 ),
 ( 0.002832913685900423535, 0.002935786532568634283 ),
 .UNSPECIFIED. ) ;
#3791 = EDGE_CURVE ( 'NONE', #3722, #3988, #4867, .T. ) ;
#3792 = DIRECTION ( 'NONE',  ( -0.000000000000000000, -1.000000000000000000, -0.000000000000000000 ) ) ;
#3793 = DIRECTION ( 'NONE',  ( 1.000000000000000000, 0.000000000000000000, 8.260587980841937794E-15 ) ) ;
#3794 = LINE ( 'NONE', #4446, #2153 ) ;
#3795 = AXIS2_PLACEMENT_3D ( 'NONE', #1493, #5159, #320 ) ;
#3796 = ORIENTED_EDGE ( 'NONE', *, *, #6131, .F. ) ;
#3797 = FACE_OUTER_BOUND ( 'NONE', #5661, .T. ) ;
#3798 = DIRECTION ( 'NONE',  ( 0.000000000000000000, 0.000000000000000000, 1.000000000000000000 ) ) ;
#3799 = CARTESIAN_POINT ( 'NONE',  ( 24.48899999999999721, -2.061552812808830293, -5.950000000000003730 ) ) ;
#3800 = CARTESIAN_POINT ( 'NONE',  ( 12.20190265095412840, -2.040073290564207831, 2.595422128626172054 ) ) ;
#3801 = PLANE ( 'NONE',  #1938 ) ;
#3802 = CARTESIAN_POINT ( 'NONE',  ( 12.30000000000000604, 2.182266827280789467, -31.17357945836741351 ) ) ;
#3803 = ADVANCED_FACE ( 'NONE', ( #3205 ), #3376, .F. ) ;
#3804 = EDGE_CURVE ( 'NONE', #5928, #6700, #5501, .T. ) ;
#3805 = EDGE_LOOP ( 'NONE', ( #51, #5734 ) ) ;
#3806 = DIRECTION ( 'NONE',  ( 1.000000000000000000, 0.000000000000000000, 0.000000000000000000 ) ) ;
#3807 = VERTEX_POINT ( 'NONE', #3345 ) ;
#3808 = ADVANCED_FACE ( 'NONE', ( #143 ), #6204, .T. ) ;
#3809 = CARTESIAN_POINT ( 'NONE',  ( 19.93900000000000361, 0.000000000000000000, -19.04999999999999716 ) ) ;
#3810 = FACE_OUTER_BOUND ( 'NONE', #5879, .T. ) ;
#3811 = ORIENTED_EDGE ( 'NONE', *, *, #4599, .T. ) ;
#3812 = EDGE_CURVE ( 'NONE', #2193, #5013, #6584, .T. ) ;
#3813 = EDGE_LOOP ( 'NONE', ( #2154, #6170, #4326, #2927, #4260, #2802 ) ) ;
#3814 = VERTEX_POINT ( 'NONE', #2289 ) ;
#3815 = DIRECTION ( 'NONE',  ( 1.000000000000000000, 0.000000000000000000, 0.000000000000000000 ) ) ;
#3816 = CARTESIAN_POINT ( 'NONE',  ( 2.571758278209445408E-16, -5.460999999999999410, -21.14999999999999858 ) ) ;
#3817 = CARTESIAN_POINT ( 'NONE',  ( 15.87500000000000000, 0.000000000000000000, -25.39999999999999858 ) ) ;
#3818 = ORIENTED_EDGE ( 'NONE', *, *, #6684, .F. ) ;
#3819 = EDGE_CURVE ( 'NONE', #1197, #6909, #732, .T. ) ;
#3820 = ORIENTED_EDGE ( 'NONE', *, *, #974, .T. ) ;
#3821 = LINE ( 'NONE', #4504, #2997 ) ;
#3822 = DIRECTION ( 'NONE',  ( -0.000000000000000000, 1.000000000000000000, -0.000000000000000000 ) ) ;
#3823 = CARTESIAN_POINT ( 'NONE',  ( -5.200000000000004619, -6.200000000000001066, -25.39999999999999858 ) ) ;
#3824 = CARTESIAN_POINT ( 'NONE',  ( 0.4000000000000010214, 1.502637486114517751, 6.139000000000000234 ) ) ;
#3825 = VERTEX_POINT ( 'NONE', #2892 ) ;
#3826 = PRODUCT_DEFINITION ( 'UNKNOWN', '', #2503, #6155 ) ;
#3827 = CARTESIAN_POINT ( 'NONE',  ( 24.57307225861764266, 2.264950330581225746, -19.44999999999999574 ) ) ;
#3828 = FACE_OUTER_BOUND ( 'NONE', #3488, .T. ) ;
#3829 = AXIS2_PLACEMENT_3D ( 'NONE', #2995, #238, #5081 ) ;
#3830 = DIRECTION ( 'NONE',  ( 1.000000000000000000, 0.000000000000000000, -0.000000000000000000 ) ) ;
#3831 = APPLICATION_PROTOCOL_DEFINITION ( 'international standard', 'config_control_design', 1994, #5560 ) ;
#3832 = CARTESIAN_POINT ( 'NONE',  ( 12.82334492033680284, -2.100009524403048111, -27.53895999750521639 ) ) ;
#3833 = VECTOR ( 'NONE', #6694, 1000.000000000000000 ) ;
#3834 = ORIENTED_EDGE ( 'NONE', *, *, #6765, .T. ) ;
#3835 = DIRECTION ( 'NONE',  ( 8.115498896123167176E-15, 0.000000000000000000, -1.000000000000000000 ) ) ;
#3836 = CARTESIAN_POINT ( 'NONE',  ( 12.30000000000000071, 2.129368206736822255, -30.86698505588080366 ) ) ;
#3837 = VERTEX_POINT ( 'NONE', #1775 ) ;
#3838 = AXIS2_PLACEMENT_3D ( 'NONE', #1981, #3597, #3075 ) ;
#3839 = CARTESIAN_POINT ( 'NONE',  ( -6.200000000000001066, -1.734723475976807094E-15, -2.000000000000000000 ) ) ;
#3840 = DIRECTION ( 'NONE',  ( 0.000000000000000000, 0.000000000000000000, -1.000000000000000000 ) ) ;
#3841 = EDGE_CURVE ( 'NONE', #5482, #2717, #4968, .T. ) ;
#3842 = EDGE_LOOP ( 'NONE', ( #2268, #6614 ) ) ;
#3843 = VERTEX_POINT ( 'NONE', #3839 ) ;
#3844 = DIRECTION ( 'NONE',  ( 0.000000000000000000, 1.000000000000000000, 0.000000000000000000 ) ) ;
#3845 = ORIENTED_EDGE ( 'NONE', *, *, #4917, .F. ) ;
#3846 = PLANE ( 'NONE',  #2372 ) ;
#3847 = AXIS2_PLACEMENT_3D ( 'NONE', #6271, #2031, #1474 ) ;
#3848 = AXIS2_PLACEMENT_3D ( 'NONE', #3203, #7, #75 ) ;
#3849 = CARTESIAN_POINT ( 'NONE',  ( 24.57307225861763200, 0.000000000000000000, -4.050000000000001599 ) ) ;
#3850 = DIRECTION ( 'NONE',  ( -0.000000000000000000, -1.000000000000000000, -0.000000000000000000 ) ) ;
#3851 = AXIS2_PLACEMENT_3D ( 'NONE', #20, #2163, #4890 ) ;
#3852 = ORIENTED_EDGE ( 'NONE', *, *, #3187, .F. ) ;
#3853 = VERTEX_POINT ( 'NONE', #2787 ) ;
#3854 = AXIS2_PLACEMENT_3D ( 'NONE', #4348, #3835, #3870 ) ;
#3855 = PLANE ( 'NONE',  #280 ) ;
#3856 = CYLINDRICAL_SURFACE ( 'NONE', #4553, 2.100000000000000089 ) ;
#3857 = VECTOR ( 'NONE', #520, 1000.000000000000000 ) ;
#3858 = CARTESIAN_POINT ( 'NONE',  ( -5.200000000000002842, -2.175000000000000711, -2.000000000000000000 ) ) ;
#3859 = LINE ( 'NONE', #3718, #1404 ) ;
#3860 = ADVANCED_FACE ( 'NONE', ( #5012 ), #2820, .T. ) ;
#3861 = DIRECTION ( 'NONE',  ( -1.000000000000000000, 0.000000000000000000, -0.000000000000000000 ) ) ;
#3862 = EDGE_LOOP ( 'NONE', ( #2415, #533, #3834, #3272, #3968, #5763, #3267, #5206, #5586, #220 ) ) ;
#3863 = CARTESIAN_POINT ( 'NONE',  ( 24.82357945836741919, 2.182266827280789911, -19.44999999999999574 ) ) ;
#3864 = VECTOR ( 'NONE', #3334, 1000.000000000000000 ) ;
#3865 = DIRECTION ( 'NONE',  ( 1.000000000000000000, 0.000000000000000000, 0.000000000000000000 ) ) ;
#3866 = PLANE ( 'NONE',  #5177 ) ;
#3867 = DIRECTION ( 'NONE',  ( 0.000000000000000000, 0.000000000000000000, -1.000000000000000000 ) ) ;
#3868 = CIRCLE ( 'NONE', #825, 2.100000000000000977 ) ;
#3869 = ORIENTED_EDGE ( 'NONE', *, *, #2856, .F. ) ;
#3870 = DIRECTION ( 'NONE',  ( 1.000000000000000000, 0.000000000000000000, 8.260587980841934638E-15 ) ) ;
#3871 = CARTESIAN_POINT ( 'NONE',  ( 12.69999999999999929, -4.174999999999999822, -15.87499999999999645 ) ) ;
#3872 = ORIENTED_EDGE ( 'NONE', *, *, #5602, .F. ) ;
#3873 = VECTOR ( 'NONE', #1161, 1000.000000000000000 ) ;
#3874 = CARTESIAN_POINT ( 'NONE',  ( -6.200000000000003730, -6.200000000000000178, -11.56862915010152193 ) ) ;
#3875 = AXIS2_PLACEMENT_3D ( 'NONE', #2393, #5040, #1965 ) ;
#3876 = VERTEX_POINT ( 'NONE', #6037 ) ;
#3877 = ORIENTED_EDGE ( 'NONE', *, *, #2342, .T. ) ;
#3878 = CARTESIAN_POINT ( 'NONE',  ( 10.40000000000000036, 0.000000000000000000, 5.523072258617638397 ) ) ;
#3879 = EDGE_CURVE ( 'NONE', #1159, #179, #6612, .T. ) ;
#3880 = VERTEX_POINT ( 'NONE', #4458 ) ;
#3881 = EDGE_CURVE ( 'NONE', #1549, #1242, #3269, .T. ) ;
#3882 = DIRECTION ( 'NONE',  ( 0.000000000000000000, 1.000000000000000000, 0.000000000000000000 ) ) ;
#3883 = TOROIDAL_SURFACE ( 'NONE', #1645, 1.554966049364602254, 0.7500000000000000000 ) ;
#3884 = AXIS2_PLACEMENT_3D ( 'NONE', #1590, #5253, #6306 ) ;
#3885 = EDGE_CURVE ( 'NONE', #5100, #1242, #2643, .T. ) ;
#3886 = CARTESIAN_POINT ( 'NONE',  ( 0.000000000000000000, 0.000000000000000000, 5.523072258617638397 ) ) ;
#3887 = PLANE ( 'NONE',  #2842 ) ;
#3888 = AXIS2_PLACEMENT_3D ( 'NONE', #371, #5782, #4724 ) ;
#3889 = ORIENTED_EDGE ( 'NONE', *, *, #3476, .T. ) ;
#3890 = CIRCLE ( 'NONE', #4100, 3.175000000000001155 ) ;
#3891 = ORIENTED_EDGE ( 'NONE', *, *, #6686, .T. ) ;
#3892 = EDGE_CURVE ( 'NONE', #4667, #6521, #1852, .T. ) ;
#3893 = AXIS2_PLACEMENT_3D ( 'NONE', #5104, #4195, #3643 ) ;
#3894 = PLANE ( 'NONE',  #6464 ) ;
#3895 = CARTESIAN_POINT ( 'NONE',  ( 12.69999999999999929, -3.174999999999999822, 2.638999999999998014 ) ) ;
#3896 = DIRECTION ( 'NONE',  ( -0.000000000000000000, -1.000000000000000000, -0.000000000000000000 ) ) ;
#3897 = DIRECTION ( 'NONE',  ( 0.000000000000000000, 0.000000000000000000, -1.000000000000000000 ) ) ;
#3898 = ORIENTED_EDGE ( 'NONE', *, *, #5630, .F. ) ;
#3899 = ADVANCED_FACE ( 'NONE', ( #6067 ), #1265, .T. ) ;
#3900 = VECTOR ( 'NONE', #2964, 1000.000000000000000 ) ;
#3901 = CARTESIAN_POINT ( 'NONE',  ( 13.09999999999999964, 2.264950330581225302, 5.523072258617638397 ) ) ;
#3902 = CARTESIAN_POINT ( 'NONE',  ( 11.97936842241353261, 1.972483239316685122, -30.53899999999999793 ) ) ;
#3903 = FACE_BOUND ( 'NONE', #1835, .T. ) ;
#3904 = CARTESIAN_POINT ( 'NONE',  ( 12.69999999999999929, 0.000000000000000000, -30.92307225861763698 ) ) ;
#3905 = EDGE_CURVE ( 'NONE', #1556, #150, #3409, .T. ) ;
#3906 = DIRECTION ( 'NONE',  ( 0.7071067811865473507, -0.000000000000000000, 0.7071067811865477948 ) ) ;
#3907 = CARTESIAN_POINT ( 'NONE',  ( 23.35584935626993186, 1.999113491775012852, -19.69774034125075701 ) ) ;
#3908 = CARTESIAN_POINT ( 'NONE',  ( 13.10000000000000142, -1.502637486114517751, -31.53899999999999793 ) ) ;
#3909 = VERTEX_POINT ( 'NONE', #203 ) ;
#3910 = CARTESIAN_POINT ( 'NONE',  ( 0.000000000000000000, 0.000000000000000000, -30.83899999999999153 ) ) ;
#3911 = VERTEX_POINT ( 'NONE', #4387 ) ;
#3912 = ORIENTED_EDGE ( 'NONE', *, *, #2142, .F. ) ;
#3913 = DIRECTION ( 'NONE',  ( -0.000000000000000000, -1.000000000000000000, -0.000000000000000000 ) ) ;
#3914 = ORIENTED_EDGE ( 'NONE', *, *, #3711, .F. ) ;
#3915 = DIRECTION ( 'NONE',  ( -0.000000000000000000, 0.000000000000000000, 1.000000000000000000 ) ) ;
#3916 = ORIENTED_EDGE ( 'NONE', *, *, #2656, .F. ) ;
#3917 = ORIENTED_EDGE ( 'NONE', *, *, #1748, .F. ) ;
#3918 = CARTESIAN_POINT ( 'NONE',  ( -0.4000000000000000222, 3.174999999999998934, -30.53899999999999082 ) ) ;
#3919 = CARTESIAN_POINT ( 'NONE',  ( 0.000000000000000000, 0.000000000000000000, 5.389000000000000234 ) ) ;
#3920 = CYLINDRICAL_SURFACE ( 'NONE', #2409, 2.100000000000000977 ) ;
#3921 = CARTESIAN_POINT ( 'NONE',  ( -0.3999999999999993006, -2.232710535457612888, 5.620762745781209269 ) ) ;
#3922 = CARTESIAN_POINT ( 'NONE',  ( 0.3999999999999993006, 2.061552812808830293, 5.439000000000000057 ) ) ;
#3923 = EDGE_CURVE ( 'NONE', #5624, #3667, #4368, .T. ) ;
#3924 = EDGE_CURVE ( 'NONE', #5014, #4390, #5609, .T. ) ;
#3925 = ORIENTED_EDGE ( 'NONE', *, *, #4517, .T. ) ;
#3926 = EDGE_CURVE ( 'NONE', #5694, #767, #6096, .T. ) ;
#3927 = CARTESIAN_POINT ( 'NONE',  ( 17.05000000000000426, 6.200000000000000178, -2.000000000000003109 ) ) ;
#3928 = DIRECTION ( 'NONE',  ( 0.000000000000000000, 0.000000000000000000, -1.000000000000000000 ) ) ;
#3929 = PERSON_AND_ORGANIZATION_ROLE ( 'creator' ) ;
#3930 = FACE_OUTER_BOUND ( 'NONE', #561, .T. ) ;
#3931 = CARTESIAN_POINT ( 'NONE',  ( -3.654415587728430559, -0.1999999999999996503, -12.69999999999999929 ) ) ;
#3932 = DIRECTION ( 'NONE',  ( 0.000000000000000000, 0.000000000000000000, 1.000000000000000000 ) ) ;
#3933 = CARTESIAN_POINT ( 'NONE',  ( 12.30000000000000071, 2.264950330581225746, -30.92307225861763698 ) ) ;
#3934 = ORIENTED_EDGE ( 'NONE', *, *, #5034, .F. ) ;
#3935 = DIRECTION ( 'NONE',  ( 0.000000000000000000, 0.000000000000000000, -1.000000000000000000 ) ) ;
#3936 = EDGE_CURVE ( 'NONE', #1998, #155, #2870, .T. ) ;
#3937 = ORIENTED_EDGE ( 'NONE', *, *, #3421, .F. ) ;
#3938 = VECTOR ( 'NONE', #4677, 1000.000000000000000 ) ;
#3939 = VERTEX_POINT ( 'NONE', #5145 ) ;
#3940 = CARTESIAN_POINT ( 'NONE',  ( 13.19809734904587195, -2.040073290564206943, -27.99542212862617063 ) ) ;
#3941 = ORIENTED_EDGE ( 'NONE', *, *, #4383, .F. ) ;
#3942 = CARTESIAN_POINT ( 'NONE',  ( 13.09999999999999964, -2.243459280444428217, 5.588199955838117461 ) ) ;
#3943 = VERTEX_POINT ( 'NONE', #3060 ) ;
#3944 = AXIS2_PLACEMENT_3D ( 'NONE', #3904, #2849, #5428 ) ;
#3945 = ORIENTED_EDGE ( 'NONE', *, *, #3538, .T. ) ;
#3946 = EDGE_LOOP ( 'NONE', ( #1273, #445, #307, #5311, #2857, #6814, #3248, #6045, #5799, #3556, #2548, #5504 ) ) ;
#3947 =( BOUNDED_CURVE ( )  B_SPLINE_CURVE ( 3, ( #2612, #6459, #2573, #6865 ),
 .UNSPECIFIED., .F., .T. ) 
 B_SPLINE_CURVE_WITH_KNOTS ( ( 4, 4 ),
 ( 4.362112093716119077, 4.472917508490047211 ),
 .UNSPECIFIED. ) 
 CURVE ( )  GEOMETRIC_REPRESENTATION_ITEM ( )  RATIONAL_B_SPLINE_CURVE ( ( 1.000000000000000000, 0.9989771083553060649, 0.9989771083553060649, 1.000000000000000000 ) ) 
 REPRESENTATION_ITEM ( '' )  );
#3948 = DIRECTION ( 'NONE',  ( 0.9218631515885042926, 0.000000000000000000, -0.3875155864520939408 ) ) ;
#3949 = FACE_OUTER_BOUND ( 'NONE', #2823, .T. ) ;
#3950 = CIRCLE ( 'NONE', #6613, 3.174999999999999822 ) ;
#3951 = CIRCLE ( 'NONE', #921, 3.175000000000000711 ) ;
#3952 = DIRECTION ( 'NONE',  ( -0.000000000000000000, 1.000000000000000000, -0.000000000000000000 ) ) ;
#3953 = CARTESIAN_POINT ( 'NONE',  ( 0.3999999999999993006, 2.081805041010027058, 5.906940355987360114 ) ) ;
#3954 = ADVANCED_FACE ( 'NONE', ( #6784, #6201 ), #1296, .F. ) ;
#3955 = CARTESIAN_POINT ( 'NONE',  ( 13.42063157758646774, 1.972483239316684234, 5.138999999999997570 ) ) ;
#3956 = CIRCLE ( 'NONE', #2621, 2.100000000000000977 ) ;
#3957 = ORIENTED_EDGE ( 'NONE', *, *, #6371, .T. ) ;
#3958 = AXIS2_PLACEMENT_3D ( 'NONE', #2707, #4910, #5427 ) ;
#3959 = B_SPLINE_CURVE_WITH_KNOTS ( 'NONE', 3,
 ( #5171, #1582, #5779, #5814 ),
 .UNSPECIFIED., .F., .F.,
 ( 4, 4 ),
 ( 0.003655977453372196914, 0.003758849537120531950 ),
 .UNSPECIFIED. ) ;
#3960 = CARTESIAN_POINT ( 'NONE',  ( 0.4000000000000001887, 1.502637486114517751, -31.53899999999999082 ) ) ;
#3961 = DIRECTION ( 'NONE',  ( 0.000000000000000000, 0.000000000000000000, -1.000000000000000000 ) ) ;
#3962 = ADVANCED_FACE ( 'NONE', ( #6130 ), #2952, .F. ) ;
#3963 = DATE_AND_TIME ( #5109, #1152 ) ;
#3964 = B_SPLINE_CURVE_WITH_KNOTS ( 'NONE', 3,
 ( #4753, #6364, #3745, #5876, #6429, #4791, #501, #6913, #3217, #3708 ),
 .UNSPECIFIED., .F., .F.,
 ( 4, 2, 2, 2, 4 ),
 ( 0.000000000000000000, 0.0003704147845104393123, 0.0007408295690208786246, 0.001111244353531317883, 0.001481659138041757249 ),
 .UNSPECIFIED. ) ;
#3965 = CARTESIAN_POINT ( 'NONE',  ( 13.09999999999999964, 2.061552812808830293, 5.439000000000000945 ) ) ;
#3966 = CARTESIAN_POINT ( 'NONE',  ( 12.69999999999999929, -0.8890000000000000124, -21.14999999999999858 ) ) ;
#3967 = DIRECTION ( 'NONE',  ( 1.000000000000000000, 0.000000000000000000, 0.000000000000000000 ) ) ;
#3968 = ORIENTED_EDGE ( 'NONE', *, *, #6269, .T. ) ;
#3969 = ADVANCED_FACE ( 'NONE', ( #1443, #6711 ), #2530, .F. ) ;
#3970 = DIRECTION ( 'NONE',  ( -0.000000000000000000, -1.000000000000000000, -0.000000000000000000 ) ) ;
#3971 = ORIENTED_EDGE ( 'NONE', *, *, #1467, .F. ) ;
#3972 = ORIENTED_EDGE ( 'NONE', *, *, #5470, .F. ) ;
#3973 = CARTESIAN_POINT ( 'NONE',  ( -0.4000000000000000222, 2.264950330581225746, -30.92307225861762987 ) ) ;
#3974 = AXIS2_PLACEMENT_3D ( 'NONE', #2844, #6054, #4969 ) ;
#3975 = ORIENTED_EDGE ( 'NONE', *, *, #1301, .T. ) ;
#3976 = EDGE_CURVE ( 'NONE', #4498, #6001, #5086, .T. ) ;
#3977 = CARTESIAN_POINT ( 'NONE',  ( 12.69999999999999929, 0.000000000000000000, -31.02076274578120874 ) ) ;
#3978 = DIRECTION ( 'NONE',  ( 0.000000000000000000, -1.000000000000000000, 0.000000000000000000 ) ) ;
#3979 = ORIENTED_EDGE ( 'NONE', *, *, #4994, .T. ) ;
#3980 = VECTOR ( 'NONE', #3559, 1000.000000000000000 ) ;
#3981 = CIRCLE ( 'NONE', #3767, 3.175000000000001155 ) ;
#3982 = ORIENTED_EDGE ( 'NONE', *, *, #2645, .F. ) ;
#3983 = EDGE_LOOP ( 'NONE', ( #4542, #6019, #564, #4419 ) ) ;
#3984 = ORIENTED_EDGE ( 'NONE', *, *, #3804, .F. ) ;
#3985 = AXIS2_PLACEMENT_3D ( 'NONE', #4021, #252, #2412 ) ;
#3986 = FACE_OUTER_BOUND ( 'NONE', #3627, .T. ) ;
#3987 = PLANE ( 'NONE',  #5294 ) ;
#3988 = VERTEX_POINT ( 'NONE', #3550 ) ;
#3989 = DIRECTION ( 'NONE',  ( 0.000000000000000000, 0.000000000000000000, 1.000000000000000000 ) ) ;
#3990 = FACE_OUTER_BOUND ( 'NONE', #5575, .T. ) ;
#3991 = CARTESIAN_POINT ( 'NONE',  ( 2.100000000000000089, 2.571758278209441957E-16, 5.439000000000000057 ) ) ;
#3992 = AXIS2_PLACEMENT_3D ( 'NONE', #1643, #3180, #3783 ) ;
#3993 =( BOUNDED_CURVE ( )  B_SPLINE_CURVE ( 3, ( #759, #2912, #2456, #4028 ),
 .UNSPECIFIED., .F., .T. ) 
 B_SPLINE_CURVE_WITH_KNOTS ( ( 4, 4 ),
 ( 1.810267798689539021, 1.921073213463466933 ),
 .UNSPECIFIED. ) 
 CURVE ( )  GEOMETRIC_REPRESENTATION_ITEM ( )  RATIONAL_B_SPLINE_CURVE ( ( 1.000000000000000000, 0.9989771083553060649, 0.9989771083553060649, 1.000000000000000000 ) ) 
 REPRESENTATION_ITEM ( '' )  );
#3994 = EDGE_LOOP ( 'NONE', ( #4466, #1229, #2436, #5186, #5043, #6106, #2471 ) ) ;
#3995 = AXIS2_PLACEMENT_3D ( 'NONE', #2586, #1432, #1989 ) ;
#3996 = CARTESIAN_POINT ( 'NONE',  ( -5.200000000000002842, 6.200000000000000178, -2.000000000000000000 ) ) ;
#3997 = DIRECTION ( 'NONE',  ( -8.260587980841934638E-15, 0.000000000000000000, -1.000000000000000000 ) ) ;
#3998 = CALENDAR_DATE ( 2022, 6, 6 ) ;
#3999 = CIRCLE ( 'NONE', #5901, 2.100000000000000089 ) ;
#4000 = DIRECTION ( 'NONE',  ( 0.9218631515885042926, 0.000000000000000000, 0.3875155864520939408 ) ) ;
#4001 = CARTESIAN_POINT ( 'NONE',  ( 13.19809734904587195, 2.040073290564206943, 2.595422128626172054 ) ) ;
#4002 = CYLINDRICAL_SURFACE ( 'NONE', #1429, 2.100000000000000089 ) ;
#4003 = CYLINDRICAL_SURFACE ( 'NONE', #3314, 2.100000000000000977 ) ;
#4004 = EDGE_CURVE ( 'NONE', #1230, #6366, #4763, .T. ) ;
#4005 = ORIENTED_EDGE ( 'NONE', *, *, #6397, .T. ) ;
#4006 = DIRECTION ( 'NONE',  ( -0.000000000000000000, -0.000000000000000000, -1.000000000000000000 ) ) ;
#4007 = ADVANCED_FACE ( 'NONE', ( #1864 ), #4003, .F. ) ;
#4008 = ORIENTED_EDGE ( 'NONE', *, *, #5927, .F. ) ;
#4009 = CARTESIAN_POINT ( 'NONE',  ( 12.30000000000000071, -2.264950330581225302, 5.523072258617638397 ) ) ;
#4010 = CARTESIAN_POINT ( 'NONE',  ( 0.4871800118523827994, 2.042738830444500664, 2.470636393497685823 ) ) ;
#4011 = ORIENTED_EDGE ( 'NONE', *, *, #1341, .T. ) ;
#4012 = ADVANCED_FACE ( 'NONE', ( #4562 ), #305, .T. ) ;
#4013 = EDGE_LOOP ( 'NONE', ( #3889, #3979, #492, #3387 ) ) ;
#4014 = ORIENTED_EDGE ( 'NONE', *, *, #1221, .T. ) ;
#4015 = ORIENTED_EDGE ( 'NONE', *, *, #1170, .T. ) ;
#4016 = CARTESIAN_POINT ( 'NONE',  ( 21.52063470255288635, -2.042738866564660416, -6.837179863913881661 ) ) ;
#4017 = CARTESIAN_POINT ( 'NONE',  ( 24.48900000000000432, 2.061552812808830293, -18.64999999999999503 ) ) ;
#4018 = EDGE_LOOP ( 'NONE', ( #4175, #118, #6101, #1385 ) ) ;
#4019 = CYLINDRICAL_SURFACE ( 'NONE', #3507, 3.175000000000000711 ) ;
#4020 = CARTESIAN_POINT ( 'NONE',  ( 0.4282819678817734177, -2.057911970479198160, -27.75322400100830933 ) ) ;
#4021 = CARTESIAN_POINT ( 'NONE',  ( 0.000000000000000000, 6.200000000000000178, 0.000000000000000000 ) ) ;
#4022 = CARTESIAN_POINT ( 'NONE',  ( 13.19809734904587195, -2.040073290564206943, -27.99542212862617063 ) ) ;
#4023 = ADVANCED_FACE ( 'NONE', ( #4586 ), #6167, .T. ) ;
#4024 = ORIENTED_EDGE ( 'NONE', *, *, #5464, .T. ) ;
#4025 = ORIENTED_EDGE ( 'NONE', *, *, #4464, .F. ) ;
#4026 = CARTESIAN_POINT ( 'NONE',  ( 24.57307225861763200, 2.264950330581225302, -5.950000000000003730 ) ) ;
#4027 = FACE_OUTER_BOUND ( 'NONE', #6860, .T. ) ;
#4028 = CARTESIAN_POINT ( 'NONE',  ( 24.18900000000000361, -1.972483239316685122, -18.32936842241353048 ) ) ;
#4029 = PERSON_AND_ORGANIZATION_ROLE ( 'design_supplier' ) ;
#4030 = CARTESIAN_POINT ( 'NONE',  ( 0.000000000000000000, 0.000000000000000000, -26.28899999999999437 ) ) ;
#4031 = DIRECTION ( 'NONE',  ( 1.000000000000000000, 0.000000000000000000, 0.000000000000000000 ) ) ;
#4032 = CARTESIAN_POINT ( 'NONE',  ( 12.20190265095412840, 2.040073290564207831, 2.595422128626172054 ) ) ;
#4033 = CARTESIAN_POINT ( 'NONE',  ( 12.69999999999999929, 0.000000000000000000, -30.83899999999999864 ) ) ;
#4034 = ORIENTED_EDGE ( 'NONE', *, *, #2386, .T. ) ;
#4035 = DIRECTION ( 'NONE',  ( -1.000000000000000000, 0.000000000000000000, 0.000000000000000000 ) ) ;
#4036 = ORIENTED_EDGE ( 'NONE', *, *, #2339, .T. ) ;
#4037 = ORIENTED_EDGE ( 'NONE', *, *, #5812, .F. ) ;
#4038 = DIRECTION ( 'NONE',  ( 1.000000000000000000, 0.000000000000000000, 0.000000000000000000 ) ) ;
#4039 = ORIENTED_EDGE ( 'NONE', *, *, #3449, .F. ) ;
#4040 = EDGE_CURVE ( 'NONE', #237, #3420, #3790, .T. ) ;
#4041 = AXIS2_PLACEMENT_3D ( 'NONE', #3624, #5297, #6350 ) ;
#4042 = PLANE ( 'NONE',  #1059 ) ;
#4043 = EDGE_LOOP ( 'NONE', ( #6014, #5373 ) ) ;
#4044 = AXIS2_PLACEMENT_3D ( 'NONE', #6274, #40, #4808 ) ;
#4045 = ORIENTED_EDGE ( 'NONE', *, *, #3018, .F. ) ;
#4046 = ORIENTED_EDGE ( 'NONE', *, *, #2934, .T. ) ;
#4047 = ORIENTED_EDGE ( 'NONE', *, *, #4814, .T. ) ;
#4048 = DIRECTION ( 'NONE',  ( 0.000000000000000000, 0.000000000000000000, -1.000000000000000000 ) ) ;
#4049 = DIRECTION ( 'NONE',  ( 0.000000000000000000, 1.000000000000000000, 0.000000000000000000 ) ) ;
#4050 = CONICAL_SURFACE ( 'NONE', #1925, 2.100000000000000977, 1.172861257340199304 ) ;
#4051 = CARTESIAN_POINT ( 'NONE',  ( 24.57307225861764266, 0.000000000000000000, -21.35000000000000142 ) ) ;
#4052 = DIRECTION ( 'NONE',  ( -8.115498896123205041E-15, 0.000000000000000000, -1.000000000000000000 ) ) ;
#4053 = ADVANCED_FACE ( 'NONE', ( #1181 ), #6097, .T. ) ;
#4054 = ORIENTED_EDGE ( 'NONE', *, *, #953, .T. ) ;
#4055 = VERTEX_POINT ( 'NONE', #3186 ) ;
#4056 = CARTESIAN_POINT ( 'NONE',  ( 2.571758278209441957E-16, -6.200000000000001066, -8.449999999999999289 ) ) ;
#4057 = DIRECTION ( 'NONE',  ( -0.000000000000000000, 0.000000000000000000, 1.000000000000000000 ) ) ;
#4058 = ADVANCED_FACE ( 'NONE', ( #4300 ), #125, .T. ) ;
#4059 = FACE_OUTER_BOUND ( 'NONE', #6138, .T. ) ;
#4060 = PERSON_AND_ORGANIZATION ( #5737, #3625 ) ;
#4061 = CARTESIAN_POINT ( 'NONE',  ( 0.4286119346557873411, 2.057850353472996385, -27.75360533646651362 ) ) ;
#4062 = VECTOR ( 'NONE', #4879, 1000.000000000000000 ) ;
#4063 = AXIS2_PLACEMENT_3D ( 'NONE', #1178, #1789, #646 ) ;
#4064 = DIRECTION ( 'NONE',  ( -0.000000000000000000, -0.000000000000000000, 1.000000000000000000 ) ) ;
#4065 = CARTESIAN_POINT ( 'NONE',  ( 12.30000000000000249, -2.182266827280790800, 5.773579458367406048 ) ) ;
#4066 = VECTOR ( 'NONE', #136, 1000.000000000000000 ) ;
#4067 = CARTESIAN_POINT ( 'NONE',  ( 0.7206315775864675643, -1.972483239316683346, 5.138999999999997570 ) ) ;
#4068 = TOROIDAL_SURFACE ( 'NONE', #38, 1.554966049364602254, 0.7500000000000000000 ) ;
#4069 = DIRECTION ( 'NONE',  ( 0.000000000000000000, 0.000000000000000000, -1.000000000000000000 ) ) ;
#4070 = AXIS2_PLACEMENT_3D ( 'NONE', #2808, #4373, #6507 ) ;
#4071 = ORIENTED_EDGE ( 'NONE', *, *, #1659, .T. ) ;
#4072 = VERTEX_POINT ( 'NONE', #2274 ) ;
#4073 = CARTESIAN_POINT ( 'NONE',  ( 12.69999999999999929, -0.8890000000000000124, -6.350000000000000533 ) ) ;
#4074 = B_SPLINE_CURVE_WITH_KNOTS ( 'NONE', 3,
 ( #6013, #6074, #3942, #2264 ),
 .UNSPECIFIED., .F., .F.,
 ( 4, 4 ),
 ( 0.002832913685900424836, 0.002935786532568635150 ),
 .UNSPECIFIED. ) ;
#4075 = ORIENTED_EDGE ( 'NONE', *, *, #2561, .F. ) ;
#4076 = DIRECTION ( 'NONE',  ( 0.000000000000000000, 1.000000000000000000, 0.000000000000000000 ) ) ;
#4077 = VERTEX_POINT ( 'NONE', #5917 ) ;
#4078 = AXIS2_PLACEMENT_3D ( 'NONE', #3751, #5317, #509 ) ;
#4079 = ADVANCED_FACE ( 'NONE', ( #2138 ), #5091, .T. ) ;
#4080 = ORIENTED_EDGE ( 'NONE', *, *, #2126, .T. ) ;
#4081 = ORIENTED_EDGE ( 'NONE', *, *, #6012, .T. ) ;
#4082 = CARTESIAN_POINT ( 'NONE',  ( 24.18900000000000006, 0.000000000000000000, -6.350000000000001421 ) ) ;
#4083 = DIRECTION ( 'NONE',  ( -0.000000000000000000, -1.000000000000000000, 0.000000000000000000 ) ) ;
#4084 = ORIENTED_EDGE ( 'NONE', *, *, #3924, .F. ) ;
#4085 = EDGE_CURVE ( 'NONE', #5404, #4503, #4448, .T. ) ;
#4086 = CIRCLE ( 'NONE', #4979, 3.174999999999999822 ) ;
#4087 = CARTESIAN_POINT ( 'NONE',  ( -0.7206315775864658990, 1.972483239316684234, 5.138999999999997570 ) ) ;
#4088 = CARTESIAN_POINT ( 'NONE',  ( 12.69999999999999929, 0.000000000000000000, 5.523072258617638397 ) ) ;
#4089 = ORIENTED_EDGE ( 'NONE', *, *, #2611, .F. ) ;
#4090 = AXIS2_PLACEMENT_3D ( 'NONE', #5950, #3289, #4405 ) ;
#4091 = ORIENTED_EDGE ( 'NONE', *, *, #1351, .T. ) ;
#4092 = FACE_OUTER_BOUND ( 'NONE', #5345, .T. ) ;
#4093 = EDGE_CURVE ( 'NONE', #4952, #574, #6443, .T. ) ;
#4094 = CARTESIAN_POINT ( 'NONE',  ( 19.05000000000000071, 6.200000000000000178, 0.000000000000000000 ) ) ;
#4095 = AXIS2_PLACEMENT_3D ( 'NONE', #1046, #1660, #1548 ) ;
#4096 = AXIS2_PLACEMENT_3D ( 'NONE', #2624, #4228, #5835 ) ;
#4097 = CARTESIAN_POINT ( 'NONE',  ( 25.18900000000001427, 1.663442899047755219, -6.750000000000002665 ) ) ;
#4098 = EDGE_CURVE ( 'NONE', #2837, #2658, #1263, .T. ) ;
#4099 = AXIS2_PLACEMENT_3D ( 'NONE', #1008, #979, #6197 ) ;
#4100 = AXIS2_PLACEMENT_3D ( 'NONE', #939, #3576, #4652 ) ;
#4101 = DIRECTION ( 'NONE',  ( 0.000000000000000000, -1.000000000000000000, 0.000000000000000000 ) ) ;
#4102 = DIRECTION ( 'NONE',  ( 0.000000000000000000, 0.000000000000000000, -1.000000000000000000 ) ) ;
#4103 = CARTESIAN_POINT ( 'NONE',  ( -5.200000000000001066, -6.200000000000001066, -14.24558441227157068 ) ) ;
#4104 = ORIENTED_EDGE ( 'NONE', *, *, #5282, .F. ) ;
#4105 = CARTESIAN_POINT ( 'NONE',  ( 0.4980973490458738828, 3.174999999999998934, -27.99542212862616353 ) ) ;
#4106 = AXIS2_PLACEMENT_3D ( 'NONE', #6607, #3906, #5495 ) ;
#4107 = CARTESIAN_POINT ( 'NONE',  ( -0.3999999999999993006, 2.243459280444428217, 5.588199955838118349 ) ) ;
#4108 = CARTESIAN_POINT ( 'NONE',  ( 12.69999999999999929, 0.000000000000000000, -31.02076274578120874 ) ) ;
#4109 = AXIS2_PLACEMENT_3D ( 'NONE', #393, #4676, #2579 ) ;
#4110 = ORIENTED_EDGE ( 'NONE', *, *, #5927, .T. ) ;
#4111 = ORIENTED_EDGE ( 'NONE', *, *, #879, .T. ) ;
#4112 = DIRECTION ( 'NONE',  ( 0.000000000000000000, 0.000000000000000000, 1.000000000000000000 ) ) ;
#4113 = ORIENTED_EDGE ( 'NONE', *, *, #6352, .F. ) ;
#4114 = ORIENTED_EDGE ( 'NONE', *, *, #535, .T. ) ;
#4115 = VERTEX_POINT ( 'NONE', #4267 ) ;
#4116 = VERTEX_POINT ( 'NONE', #2770 ) ;
#4117 = CARTESIAN_POINT ( 'NONE',  ( -6.200000000000001954, -6.200000000000000178, -25.39999999999999858 ) ) ;
#4118 = CARTESIAN_POINT ( 'NONE',  ( -5.068629150101525482, -6.201000000000000512, -12.69999999999999929 ) ) ;
#4119 = ORIENTED_EDGE ( 'NONE', *, *, #4587, .F. ) ;
#4120 = CARTESIAN_POINT ( 'NONE',  ( 12.69999999999999929, 0.000000000000000000, -31.53899999999999793 ) ) ;
#4121 = DIRECTION ( 'NONE',  ( -1.000000000000000000, -0.000000000000000000, -0.000000000000000000 ) ) ;
#4122 = ORIENTED_EDGE ( 'NONE', *, *, #5113, .T. ) ;
#4123 = FACE_OUTER_BOUND ( 'NONE', #1655, .T. ) ;
#4124 = CARTESIAN_POINT ( 'NONE',  ( 0.4000000000000000777, 2.264950330581225746, -30.92307225861762987 ) ) ;
#4125 = DIRECTION ( 'NONE',  ( -0.08715574274765176821, 0.000000000000000000, -0.9961946980917461003 ) ) ;
#4126 = EDGE_CURVE ( 'NONE', #1018, #4072, #3651, .T. ) ;
#4127 = CARTESIAN_POINT ( 'NONE',  ( 13.09999999999999964, 3.175000000000000711, -30.53899999999999793 ) ) ;
#4128 = EDGE_CURVE ( 'NONE', #3696, #5471, #3859, .T. ) ;
#4129 = CARTESIAN_POINT ( 'NONE',  ( 3.888253587292845095E-16, -5.460999999999999410, -15.87499999999999645 ) ) ;
#4130 = ADVANCED_FACE ( 'NONE', ( #510 ), #5993, .T. ) ;
#4131 = DIRECTION ( 'NONE',  ( 0.000000000000000000, 0.000000000000000000, -1.000000000000000000 ) ) ;
#4132 = CARTESIAN_POINT ( 'NONE',  ( -5.200000000000002842, 6.200000000000000178, -2.000000000000000000 ) ) ;
#4133 = DIRECTION ( 'NONE',  ( 0.000000000000000000, 0.000000000000000000, 1.000000000000000000 ) ) ;
#4134 = ORIENTED_EDGE ( 'NONE', *, *, #1585, .T. ) ;
#4135 = CARTESIAN_POINT ( 'NONE',  ( 12.30000000000000071, -2.197165962000667605, 5.495012552331537847 ) ) ;
#4136 = PLANE ( 'NONE',  #3847 ) ;
#4137 = DIRECTION ( 'NONE',  ( 0.000000000000000000, 0.000000000000000000, -1.000000000000000000 ) ) ;
#4138 = ORIENTED_EDGE ( 'NONE', *, *, #4182, .F. ) ;
#4139 = DIRECTION ( 'NONE',  ( 0.000000000000000000, 0.000000000000000000, 1.000000000000000000 ) ) ;
#4140 = ORIENTED_EDGE ( 'NONE', *, *, #3320, .T. ) ;
#4141 = EDGE_CURVE ( 'NONE', #3034, #701, #2206, .T. ) ;
#4142 = DIRECTION ( 'NONE',  ( 0.7071067811865473507, 0.000000000000000000, 0.7071067811865477948 ) ) ;
#4143 = CARTESIAN_POINT ( 'NONE',  ( 19.93899999999999650, 0.000000000000000000, -6.350000000000001421 ) ) ;
#4144 = ORIENTED_EDGE ( 'NONE', *, *, #6166, .T. ) ;
#4145 = ORIENTED_EDGE ( 'NONE', *, *, #3255, .F. ) ;
#4146 = VERTEX_POINT ( 'NONE', #6919 ) ;
#4147 = ORIENTED_EDGE ( 'NONE', *, *, #6657, .F. ) ;
#4148 = DIRECTION ( 'NONE',  ( -1.000000000000000000, 0.000000000000000000, 0.000000000000000000 ) ) ;
#4149 = CARTESIAN_POINT ( 'NONE',  ( 3.888253587292846081E-16, -0.8890000000000000124, -3.174999999999999822 ) ) ;
#4150 = ORIENTED_EDGE ( 'NONE', *, *, #1195, .F. ) ;
#4151 = VECTOR ( 'NONE', #1595, 1000.000000000000000 ) ;
#4152 = FACE_BOUND ( 'NONE', #6209, .T. ) ;
#4153 = CARTESIAN_POINT ( 'NONE',  ( 0.4000000000000000777, 2.232710535457612888, -31.02076274578120163 ) ) ;
#4154 = ORIENTED_EDGE ( 'NONE', *, *, #5528, .F. ) ;
#4155 = VERTEX_POINT ( 'NONE', #6403 ) ;
#4156 = DIRECTION ( 'NONE',  ( -0.000000000000000000, 1.000000000000000000, -0.000000000000000000 ) ) ;
#4157 = VECTOR ( 'NONE', #1088, 1000.000000000000000 ) ;
#4158 = CARTESIAN_POINT ( 'NONE',  ( 24.67076274578121442, -2.232710535457612888, -18.64999999999999503 ) ) ;
#4159 = CARTESIAN_POINT ( 'NONE',  ( 12.30000000000000071, -2.083236664664702253, -31.30559739064391778 ) ) ;
#4160 = LINE ( 'NONE', #6234, #1763 ) ;
#4161 = CARTESIAN_POINT ( 'NONE',  ( 0.1236690215010810001, 2.099990463092004322, -27.53904005501555829 ) ) ;
#4162 = CONICAL_SURFACE ( 'NONE', #575, 2.100000000000000089, 1.172861257340199304 ) ;
#4163 = EDGE_CURVE ( 'NONE', #4237, #5953, #2804, .T. ) ;
#4164 = CARTESIAN_POINT ( 'NONE',  ( -0.4980973490458723840, 3.174999999999998934, -27.99542212862616353 ) ) ;
#4165 = CARTESIAN_POINT ( 'NONE',  ( 25.18899999999999650, 0.000000000000000000, -6.350000000000001421 ) ) ;
#4166 = CARTESIAN_POINT ( 'NONE',  ( -0.4980973490458714958, -3.174999999999998934, 2.595422128626172054 ) ) ;
#4167 = EDGE_LOOP ( 'NONE', ( #6322, #6047 ) ) ;
#4168 = AXIS2_PLACEMENT_3D ( 'NONE', #2602, #1014, #2073 ) ;
#4169 = EDGE_CURVE ( 'NONE', #1026, #6022, #5985, .T. ) ;
#4170 = DIRECTION ( 'NONE',  ( 0.000000000000000000, 0.000000000000000000, 1.000000000000000000 ) ) ;
#4171 = AXIS2_PLACEMENT_3D ( 'NONE', #5271, #87, #6428 ) ;
#4172 = FACE_BOUND ( 'NONE', #4851, .T. ) ;
#4173 = CARTESIAN_POINT ( 'NONE',  ( -5.200000000000004619, -0.1999999999999996503, -25.39999999999999858 ) ) ;
#4174 = AXIS2_PLACEMENT_3D ( 'NONE', #2389, #5593, #1257 ) ;
#4175 = ORIENTED_EDGE ( 'NONE', *, *, #3905, .T. ) ;
#4176 = CARTESIAN_POINT ( 'NONE',  ( 12.57665507966319751, 2.100009524403048111, -27.53895999750521639 ) ) ;
#4177 = VERTEX_POINT ( 'NONE', #2699 ) ;
#4178 = EDGE_CURVE ( 'NONE', #6246, #3825, #2972, .T. ) ;
#4179 = DIRECTION ( 'NONE',  ( -0.000000000000000000, -1.000000000000000000, -0.000000000000000000 ) ) ;
#4180 = CARTESIAN_POINT ( 'NONE',  ( 21.64542212862617632, -2.040073290564207831, -19.54809734904586804 ) ) ;
#4181 = VERTEX_POINT ( 'NONE', #6440 ) ;
#4182 = EDGE_CURVE ( 'NONE', #5304, #1998, #1522, .T. ) ;
#4183 = VERTEX_POINT ( 'NONE', #4966 ) ;
#4184 = LINE ( 'NONE', #1945, #1541 ) ;
#4185 = DIRECTION ( 'NONE',  ( 0.000000000000000000, 0.000000000000000000, 1.000000000000000000 ) ) ;
#4186 = CARTESIAN_POINT ( 'NONE',  ( 24.48899999999999366, 0.000000000000000000, -6.350000000000001421 ) ) ;
#4187 = CARTESIAN_POINT ( 'NONE',  ( 13.09999999999999964, 2.264950330581225302, 5.523072258617638397 ) ) ;
#4188 = CARTESIAN_POINT ( 'NONE',  ( 0.4000000000000001887, 1.663407726524676056, -31.53899999999999082 ) ) ;
#4189 = CONICAL_SURFACE ( 'NONE', #5527, 2.299999999999999822, 0.3141592653589760364 ) ;
#4190 = ORIENTED_EDGE ( 'NONE', *, *, #4726, .F. ) ;
#4191 = VERTEX_POINT ( 'NONE', #2970 ) ;
#4192 = CARTESIAN_POINT ( 'NONE',  ( 12.69999999999999929, -0.8890000000000000124, -15.87499999999999645 ) ) ;
#4193 = AXIS2_PLACEMENT_3D ( 'NONE', #2299, #2863, #3416 ) ;
#4194 = FACE_OUTER_BOUND ( 'NONE', #3813, .T. ) ;
#4195 = DIRECTION ( 'NONE',  ( 1.305705842133080558E-16, -0.000000000000000000, 1.000000000000000000 ) ) ;
#4196 = DIRECTION ( 'NONE',  ( 1.000000000000000000, 0.000000000000000000, 0.000000000000000000 ) ) ;
#4197 = CARTESIAN_POINT ( 'NONE',  ( 12.69999999999999929, 0.000000000000000000, 5.389000000000000234 ) ) ;
#4198 = AXIS2_PLACEMENT_3D ( 'NONE', #881, #3029, #1483 ) ;
#4199 = ORIENTED_EDGE ( 'NONE', *, *, #3015, .T. ) ;
#4200 = CARTESIAN_POINT ( 'NONE',  ( -6.700000000000000178, -0.4999999999999998890, -31.58445247797180855 ) ) ;
#4201 = VECTOR ( 'NONE', #2676, 1000.000000000000000 ) ;
#4202 = CARTESIAN_POINT ( 'NONE',  ( 0.000000000000000000, -5.460999999999999410, -19.04999999999999716 ) ) ;
#4203 = VERTEX_POINT ( 'NONE', #4511 ) ;
#4204 = AXIS2_PLACEMENT_3D ( 'NONE', #2309, #5484, #2374 ) ;
#4205 = FACE_OUTER_BOUND ( 'NONE', #2371, .T. ) ;
#4206 = DIRECTION ( 'NONE',  ( -1.000000000000000000, -0.000000000000000000, 0.000000000000000000 ) ) ;
#4207 = CARTESIAN_POINT ( 'NONE',  ( 13.10000000000000142, -1.502637486114517751, -31.53899999999999793 ) ) ;
#4208 = CARTESIAN_POINT ( 'NONE',  ( 12.30000000000000071, -2.264950330581225746, -30.92307225861763698 ) ) ;
#4209 = PRODUCT_DEFINITION_SHAPE ( 'NONE', 'NONE',  #3826 ) ;
#4210 = CIRCLE ( 'NONE', #2980, 2.100000000000000089 ) ;
#4211 = EDGE_LOOP ( 'NONE', ( #4089, #1200, #440, #2467 ) ) ;
#4212 = LINE ( 'NONE', #2534, #5594 ) ;
#4213 = ORIENTED_EDGE ( 'NONE', *, *, #65, .T. ) ;
#4214 = VECTOR ( 'NONE', #5354, 1000.000000000000000 ) ;
#4215 = CARTESIAN_POINT ( 'NONE',  ( 13.09999999999999964, -3.174999999999999822, 5.139000000000000234 ) ) ;
#4216 = CARTESIAN_POINT ( 'NONE',  ( 24.51698505546814033, -2.129368205736809738, -19.44999999999999574 ) ) ;
#4217 = EDGE_CURVE ( 'NONE', #5570, #181, #4929, .T. ) ;
#4218 = EDGE_CURVE ( 'NONE', #2757, #5678, #4647, .T. ) ;
#4219 = EDGE_CURVE ( 'NONE', #1126, #5260, #167, .T. ) ;
#4220 = ORIENTED_EDGE ( 'NONE', *, *, #6441, .F. ) ;
#4221 = AXIS2_PLACEMENT_3D ( 'NONE', #993, #495, #6251 ) ;
#4222 = ORIENTED_EDGE ( 'NONE', *, *, #1619, .T. ) ;
#4223 = VERTEX_POINT ( 'NONE', #6573 ) ;
#4224 = CARTESIAN_POINT ( 'NONE',  ( 24.48899999999999721, 2.061552812808830293, -6.749999999999999112 ) ) ;
#4225 = CARTESIAN_POINT ( 'NONE',  ( -5.200000000000001066, -4.174999999999999822, 0.000000000000000000 ) ) ;
#4226 = CARTESIAN_POINT ( 'NONE',  ( 19.05000000000000071, 6.349999999999999645, -12.69999999999999751 ) ) ;
#4227 = CARTESIAN_POINT ( 'NONE',  ( 13.09999999999999964, 2.232710535457612888, 5.620762745781209269 ) ) ;
#4228 = DIRECTION ( 'NONE',  ( 0.000000000000000000, 1.000000000000000000, 0.000000000000000000 ) ) ;
#4229 = EDGE_CURVE ( 'NONE', #2966, #1904, #4799, .T. ) ;
#4230 = ORIENTED_EDGE ( 'NONE', *, *, #4597, .T. ) ;
#4231 = CARTESIAN_POINT ( 'NONE',  ( 24.48900000000000432, 0.000000000000000000, -19.04999999999999716 ) ) ;
#4232 = DIRECTION ( 'NONE',  ( 1.000000000000000000, 0.000000000000000000, 8.260587980841937794E-15 ) ) ;
#4233 = DIRECTION ( 'NONE',  ( 0.000000000000000000, 0.000000000000000000, -1.000000000000000000 ) ) ;
#4234 = CARTESIAN_POINT ( 'NONE',  ( 19.93900000000000361, 0.000000000000000000, -19.04999999999999716 ) ) ;
#4235 = LINE ( 'NONE', #4127, #2538 ) ;
#4236 = DIRECTION ( 'NONE',  ( 0.000000000000000000, 0.000000000000000000, -1.000000000000000000 ) ) ;
#4237 = VERTEX_POINT ( 'NONE', #1849 ) ;
#4238 = CARTESIAN_POINT ( 'NONE',  ( 0.5734863112436885402, 2.021666578221208432, 3.457121909598158016 ) ) ;
#4239 = CARTESIAN_POINT ( 'NONE',  ( 13.09999999999999964, 2.232710535457612888, -31.02076274578120874 ) ) ;
#4240 = DIRECTION ( 'NONE',  ( 1.000000000000000000, 0.000000000000000000, 0.000000000000000000 ) ) ;
#4241 = DIRECTION ( 'NONE',  ( 0.000000000000000000, 1.000000000000000000, 0.000000000000000000 ) ) ;
#4242 = PRODUCT_RELATED_PRODUCT_CATEGORY ( 'detail', '', ( #3097 ) ) ;
#4243 = FACE_OUTER_BOUND ( 'NONE', #6723, .T. ) ;
#4244 = DIRECTION ( 'NONE',  ( 0.000000000000000000, 0.000000000000000000, -1.000000000000000000 ) ) ;
#4245 = ORIENTED_EDGE ( 'NONE', *, *, #223, .F. ) ;
#4246 = DIRECTION ( 'NONE',  ( 0.000000000000000000, 1.000000000000000000, 0.000000000000000000 ) ) ;
#4247 = ORIENTED_EDGE ( 'NONE', *, *, #2737, .F. ) ;
#4248 = EDGE_CURVE ( 'NONE', #3825, #5266, #6083, .T. ) ;
#4249 = FACE_OUTER_BOUND ( 'NONE', #5900, .T. ) ;
#4250 = ORIENTED_EDGE ( 'NONE', *, *, #874, .T. ) ;
#4251 = ORIENTED_EDGE ( 'NONE', *, *, #5990, .F. ) ;
#4252 = EDGE_CURVE ( 'NONE', #3880, #3529, #343, .T. ) ;
#4253 = ORIENTED_EDGE ( 'NONE', *, *, #3187, .T. ) ;
#4254 = EDGE_CURVE ( 'NONE', #2798, #4261, #498, .T. ) ;
#4255 = DIRECTION ( 'NONE',  ( 1.000000000000000000, 0.000000000000000000, 0.000000000000000000 ) ) ;
#4256 = ORIENTED_EDGE ( 'NONE', *, *, #1743, .T. ) ;
#4257 = ADVANCED_FACE ( 'NONE', ( #3990 ), #3423, .T. ) ;
#4258 = CARTESIAN_POINT ( 'NONE',  ( 13.09999999999999964, 2.264950330581225746, -30.92307225861763698 ) ) ;
#4259 = DIRECTION ( 'NONE',  ( 0.000000000000000000, 0.000000000000000000, 1.000000000000000000 ) ) ;
#4260 = ORIENTED_EDGE ( 'NONE', *, *, #5794, .T. ) ;
#4261 = VERTEX_POINT ( 'NONE', #2908 ) ;
#4262 = VECTOR ( 'NONE', #1032, 1000.000000000000000 ) ;
#4263 = CARTESIAN_POINT ( 'NONE',  ( 14.25496604936460265, 0.000000000000000000, -31.53899999999999793 ) ) ;
#4264 = CARTESIAN_POINT ( 'NONE',  ( -3.654415587728430559, -31.72724035221981964, -12.69999999999999929 ) ) ;
#4265 = EDGE_CURVE ( 'NONE', #2229, #44, #6025, .T. ) ;
#4266 = CARTESIAN_POINT ( 'NONE',  ( 24.18899999999999650, -3.174999999999999822, -5.950000000000003730 ) ) ;
#4267 = CARTESIAN_POINT ( 'NONE',  ( 24.18899999999999295, 1.972483239316684234, -7.070631577586472538 ) ) ;
#4268 = CARTESIAN_POINT ( 'NONE',  ( 0.6477403412507668490, -1.999113491775012408, 4.305849356269934702 ) ) ;
#4269 = CIRCLE ( 'NONE', #1243, 2.268258436585967264 ) ;
#4270 = VERTEX_POINT ( 'NONE', #1281 ) ;
#4271 = EDGE_CURVE ( 'NONE', #3565, #4223, #3093, .T. ) ;
#4272 = CARTESIAN_POINT ( 'NONE',  ( 9.524999999999998579, 3.888253587292845095E-16, 0.8890000000000000124 ) ) ;
#4273 = DIRECTION ( 'NONE',  ( 0.000000000000000000, 1.000000000000000000, 0.000000000000000000 ) ) ;
#4274 = CARTESIAN_POINT ( 'NONE',  ( 19.93900000000000361, 2.571758278209440971E-16, -21.14999999999999858 ) ) ;
#4275 = CARTESIAN_POINT ( 'NONE',  ( 17.05000000000000426, 6.349999999999999645, -12.69999999999999751 ) ) ;
#4276 = AXIS2_PLACEMENT_3D ( 'NONE', #2631, #4338, #2806 ) ;
#4277 = CARTESIAN_POINT ( 'NONE',  ( 19.93899999999999650, 0.000000000000000000, -6.350000000000001421 ) ) ;
#4278 = DIRECTION ( 'NONE',  ( 1.000000000000000000, 0.000000000000000000, 0.000000000000000000 ) ) ;
#4279 = ORIENTED_EDGE ( 'NONE', *, *, #4219, .F. ) ;
#4280 = VECTOR ( 'NONE', #5222, 1000.000000000000000 ) ;
#4281 = CARTESIAN_POINT ( 'NONE',  ( 22.50712190959816184, 2.021666578221208432, -19.62348631124368481 ) ) ;
#4282 = VERTEX_POINT ( 'NONE', #819 ) ;
#4283 = FACE_OUTER_BOUND ( 'NONE', #5865, .T. ) ;
#4284 = DIRECTION ( 'NONE',  ( 0.000000000000000000, 0.000000000000000000, 1.000000000000000000 ) ) ;
#4285 = ORIENTED_EDGE ( 'NONE', *, *, #4517, .F. ) ;
#4286 = CIRCLE ( 'NONE', #2173, 2.100000000000000977 ) ;
#4287 = VERTEX_POINT ( 'NONE', #1245 ) ;
#4288 = EDGE_LOOP ( 'NONE', ( #991, #1898, #3768, #4997 ) ) ;
#4289 = DIRECTION ( 'NONE',  ( 0.000000000000000000, 0.000000000000000000, -1.000000000000000000 ) ) ;
#4290 = DIRECTION ( 'NONE',  ( 1.000000000000000000, 0.000000000000000000, -0.000000000000000000 ) ) ;
#4291 = FACE_OUTER_BOUND ( 'NONE', #1853, .T. ) ;
#4292 = LINE ( 'NONE', #4822, #961 ) ;
#4293 = ORIENTED_EDGE ( 'NONE', *, *, #5861, .F. ) ;
#4294 = VERTEX_POINT ( 'NONE', #4544 ) ;
#4295 = EDGE_CURVE ( 'NONE', #3209, #4682, #834, .T. ) ;
#4296 = CARTESIAN_POINT ( 'NONE',  ( 12.05225965874923233, 1.999113491775013296, -29.70584935626991907 ) ) ;
#4297 = CARTESIAN_POINT ( 'NONE',  ( 0.3999999999999993006, -2.232710535457612888, 5.620762745781209269 ) ) ;
#4298 = B_SPLINE_CURVE_WITH_KNOTS ( 'NONE', 3,
 ( #6198, #980, #5703, #3687, #4065, #477 ),
 .UNSPECIFIED., .F., .F.,
 ( 4, 2, 4 ),
 ( 0.000000000000000000, 0.0004757428370953076485, 0.0009514856741906152970 ),
 .UNSPECIFIED. ) ;
#4299 = DIRECTION ( 'NONE',  ( 3.110379853311669038E-16, -0.000000000000000000, 1.000000000000000000 ) ) ;
#4300 = FACE_OUTER_BOUND ( 'NONE', #5871, .T. ) ;
#4301 = CARTESIAN_POINT ( 'NONE',  ( 0.4000000000000000777, -2.061552812808830293, -30.83899999999999153 ) ) ;
#4302 = EDGE_CURVE ( 'NONE', #3988, #1285, #1065, .T. ) ;
#4303 = ADVANCED_FACE ( 'NONE', ( #5028 ), #4475, .T. ) ;
#4304 = CIRCLE ( 'NONE', #4632, 1.554966049364602254 ) ;
#4305 = ORIENTED_EDGE ( 'NONE', *, *, #6777, .T. ) ;
#4306 = AXIS2_PLACEMENT_3D ( 'NONE', #6086, #1286, #6156 ) ;
#4307 = CARTESIAN_POINT ( 'NONE',  ( 15.00000000000000000, 0.000000000000000000, 5.523072258617638397 ) ) ;
#4308 = CARTESIAN_POINT ( 'NONE',  ( -0.4000000000000000222, 1.820969194338321939, -31.49013263996618051 ) ) ;
#4309 = FACE_OUTER_BOUND ( 'NONE', #3108, .T. ) ;
#4310 = DIRECTION ( 'NONE',  ( 1.000000000000000000, 0.000000000000000000, 0.000000000000000000 ) ) ;
#4311 = TOROIDAL_SURFACE ( 'NONE', #829, 1.554966049364602254, 0.7500000000000000000 ) ;
#4312 = CARTESIAN_POINT ( 'NONE',  ( 12.57633097849892145, -2.099990463092004322, -27.53904005501556185 ) ) ;
#4313 = CIRCLE ( 'NONE', #6538, 3.175000000000002487 ) ;
#4314 = EDGE_CURVE ( 'NONE', #1092, #5576, #5647, .T. ) ;
#4315 = AXIS2_PLACEMENT_3D ( 'NONE', #4108, #5076, #2000 ) ;
#4316 = CARTESIAN_POINT ( 'NONE',  ( -2.100000000000000089, 0.000000000000000000, -30.83899999999999153 ) ) ;
#4317 = CARTESIAN_POINT ( 'NONE',  ( 17.05000000000000426, -6.200000000000000178, -2.000000000000003109 ) ) ;
#4318 = VERTEX_POINT ( 'NONE', #3497 ) ;
#4319 = FACE_OUTER_BOUND ( 'NONE', #4494, .T. ) ;
#4320 = DIRECTION ( 'NONE',  ( 0.000000000000000000, 0.000000000000000000, 1.000000000000000000 ) ) ;
#4321 = ADVANCED_FACE ( 'NONE', ( #1497 ), #1914, .T. ) ;
#4322 = CIRCLE ( 'NONE', #1071, 2.100000000000000977 ) ;
#4323 = ORIENTED_EDGE ( 'NONE', *, *, #6279, .F. ) ;
#4324 = CONICAL_SURFACE ( 'NONE', #6662, 2.100000000000000977, 1.172861257340199304 ) ;
#4325 = ORIENTED_EDGE ( 'NONE', *, *, #6055, .T. ) ;
#4326 = ORIENTED_EDGE ( 'NONE', *, *, #1688, .T. ) ;
#4327 = AXIS2_PLACEMENT_3D ( 'NONE', #1922, #2317, #166 ) ;
#4328 = DIRECTION ( 'NONE',  ( -0.000000000000000000, 0.000000000000000000, 1.000000000000000000 ) ) ;
#4329 = CYLINDRICAL_SURFACE ( 'NONE', #1824, 2.100000000000000089 ) ;
#4330 = FACE_OUTER_BOUND ( 'NONE', #4500, .T. ) ;
#4331 = AXIS2_PLACEMENT_3D ( 'NONE', #5550, #2010, #2748 ) ;
#4332 = ORIENTED_EDGE ( 'NONE', *, *, #6018, .T. ) ;
#4333 = ORIENTED_EDGE ( 'NONE', *, *, #4565, .F. ) ;
#4334 = PLANE ( 'NONE',  #5897 ) ;
#4335 = CARTESIAN_POINT ( 'NONE',  ( 12.69999999999999929, -0.8890000000000000124, -9.525000000000002132 ) ) ;
#4336 = CARTESIAN_POINT ( 'NONE',  ( 24.48900000000000432, 0.000000000000000000, -19.04999999999999716 ) ) ;
#4337 = CARTESIAN_POINT ( 'NONE',  ( 24.43900000000000716, 0.000000000000000000, -20.60496604936459875 ) ) ;
#4338 = DIRECTION ( 'NONE',  ( -0.000000000000000000, -0.000000000000000000, -1.000000000000000000 ) ) ;
#4339 = AXIS2_PLACEMENT_3D ( 'NONE', #6757, #1452, #2051 ) ;
#4340 = VERTEX_POINT ( 'NONE', #1428 ) ;
#4341 = CARTESIAN_POINT ( 'NONE',  ( 24.48900000000000432, 2.061552812808830293, -19.44999999999999574 ) ) ;
#4342 = EDGE_CURVE ( 'NONE', #181, #4858, #4873, .T. ) ;
#4343 = EDGE_CURVE ( 'NONE', #6357, #2362, #5772, .T. ) ;
#4344 = LINE ( 'NONE', #1626, #6102 ) ;
#4345 = CARTESIAN_POINT ( 'NONE',  ( 13.34774034125076447, 1.999113491775012408, -29.70584935626991552 ) ) ;
#4346 = LINE ( 'NONE', #1767, #127 ) ;
#4347 = DIRECTION ( 'NONE',  ( 1.000000000000000000, 0.000000000000000000, 0.000000000000000000 ) ) ;
#4348 = CARTESIAN_POINT ( 'NONE',  ( 12.69999999999999929, 0.000000000000000000, -30.53900000000000503 ) ) ;
#4349 = CARTESIAN_POINT ( 'NONE',  ( 13.09999999999999964, -2.232710535457612888, -31.02076274578120874 ) ) ;
#4350 = ORIENTED_EDGE ( 'NONE', *, *, #3487, .F. ) ;
#4351 = CARTESIAN_POINT ( 'NONE',  ( 12.30000000000000071, 0.000000000000000000, -31.53899999999999793 ) ) ;
#4352 = CARTESIAN_POINT ( 'NONE',  ( 24.67076274578121442, 0.000000000000000000, -19.04999999999999716 ) ) ;
#4353 = VERTEX_POINT ( 'NONE', #5164 ) ;
#4354 = ORIENTED_EDGE ( 'NONE', *, *, #1179, .T. ) ;
#4355 = ORIENTED_EDGE ( 'NONE', *, *, #6166, .F. ) ;
#4356 = CARTESIAN_POINT ( 'NONE',  ( 17.05000000000000426, 6.200000000000000178, -2.000000000000003109 ) ) ;
#4357 = ORIENTED_EDGE ( 'NONE', *, *, #6361, .F. ) ;
#4358 = ADVANCED_FACE ( 'NONE', ( #4644 ), #2093, .T. ) ;
#4359 = FACE_BOUND ( 'NONE', #2755, .T. ) ;
#4360 = CARTESIAN_POINT ( 'NONE',  ( 12.69999999999999929, -4.174999999999999822, -9.525000000000002132 ) ) ;
#4361 = EDGE_LOOP ( 'NONE', ( #3168, #5204, #2961, #2727, #6575, #2360, #1129, #6416, #351 ) ) ;
#4362 = ORIENTED_EDGE ( 'NONE', *, *, #609, .F. ) ;
#4363 = DIRECTION ( 'NONE',  ( 1.000000000000000000, 0.000000000000000000, 0.000000000000000000 ) ) ;
#4364 = CARTESIAN_POINT ( 'NONE',  ( -5.200000000000002842, -0.1999999999999996503, -2.000000000000000000 ) ) ;
#4365 = ORIENTED_EDGE ( 'NONE', *, *, #4085, .F. ) ;
#4366 = CARTESIAN_POINT ( 'NONE',  ( -6.200000000000001954, 6.200000000000000178, -25.39999999999999858 ) ) ;
#4367 = CARTESIAN_POINT ( 'NONE',  ( 12.69999999999999929, 0.000000000000000000, 5.523072258617638397 ) ) ;
#4368 = B_SPLINE_CURVE_WITH_KNOTS ( 'NONE', 3,
 ( #6516, #6003, #1202, #5677, #6747, #1329, #5567, #1367, #5117, #5181 ),
 .UNSPECIFIED., .F., .F.,
 ( 4, 2, 2, 2, 4 ),
 ( 0.000000000000000000, 0.0003704147845104417518, 0.0007408295690208835035, 0.001111244353531324822, 0.001481659138041766573 ),
 .UNSPECIFIED. ) ;
#4369 = CARTESIAN_POINT ( 'NONE',  ( 24.57307225861764266, 2.264950330581225746, -18.64999999999999503 ) ) ;
#4370 = VECTOR ( 'NONE', #4921, 1000.000000000000227 ) ;
#4371 = ORIENTED_EDGE ( 'NONE', *, *, #6131, .T. ) ;
#4372 = CARTESIAN_POINT ( 'NONE',  ( 0.7206315775864680084, -1.972483239316683346, -30.53899999999999082 ) ) ;
#4373 = DIRECTION ( 'NONE',  ( 1.000000000000000000, 0.000000000000000000, 0.000000000000000000 ) ) ;
#4374 = CYLINDRICAL_SURFACE ( 'NONE', #3656, 0.5000000000000004441 ) ;
#4375 = DIRECTION ( 'NONE',  ( -0.000000000000000000, -1.000000000000000000, 0.000000000000000000 ) ) ;
#4376 = CARTESIAN_POINT ( 'NONE',  ( 24.67076274578121442, -2.232710535457612888, -19.44999999999999574 ) ) ;
#4377 = CARTESIAN_POINT ( 'NONE',  ( 13.12828196788177415, -2.057911970479198160, -27.75322400100831643 ) ) ;
#4378 = VECTOR ( 'NONE', #4788, 1000.000000000000000 ) ;
#4379 = EDGE_CURVE ( 'NONE', #3099, #315, #2423, .T. ) ;
#4380 = EDGE_CURVE ( 'NONE', #4438, #1448, #5434, .T. ) ;
#4381 = ORIENTED_EDGE ( 'NONE', *, *, #5063, .F. ) ;
#4382 = FACE_OUTER_BOUND ( 'NONE', #3946, .T. ) ;
#4383 = EDGE_CURVE ( 'NONE', #2431, #767, #5272, .T. ) ;
#4384 = CARTESIAN_POINT ( 'NONE',  ( 12.69999999999999929, 0.000000000000000000, -31.02076274578120874 ) ) ;
#4385 = ORIENTED_EDGE ( 'NONE', *, *, #369, .T. ) ;
#4386 = AXIS2_PLACEMENT_3D ( 'NONE', #5951, #162, #687 ) ;
#4387 = CARTESIAN_POINT ( 'NONE',  ( 25.18899999999999650, -1.502637486114517751, -5.950000000000003730 ) ) ;
#4388 = ADVANCED_FACE ( 'NONE', ( #6291 ), #275, .T. ) ;
#4389 = AXIS2_PLACEMENT_3D ( 'NONE', #3225, #5359, #581 ) ;
#4390 = VERTEX_POINT ( 'NONE', #966 ) ;
#4391 = ORIENTED_EDGE ( 'NONE', *, *, #5706, .T. ) ;
#4392 = CARTESIAN_POINT ( 'NONE',  ( 24.18900000000000361, -1.972483239316685122, -19.77063157758646739 ) ) ;
#4393 = EDGE_CURVE ( 'NONE', #1977, #1164, #429, .T. ) ;
#4394 = ORIENTED_EDGE ( 'NONE', *, *, #958, .T. ) ;
#4395 = CARTESIAN_POINT ( 'NONE',  ( -0.7206315775864664541, 3.174999999999998934, -30.53899999999999082 ) ) ;
#4396 = CARTESIAN_POINT ( 'NONE',  ( -3.654415587728430559, -31.72724035221981964, -12.69999999999999929 ) ) ;
#4397 = CIRCLE ( 'NONE', #6184, 2.100000000000000089 ) ;
#4398 = EDGE_CURVE ( 'NONE', #1377, #779, #3383, .T. ) ;
#4399 = VERTEX_POINT ( 'NONE', #3115 ) ;
#4400 = EDGE_LOOP ( 'NONE', ( #2919, #2525, #1979, #1207 ) ) ;
#4401 = DIRECTION ( 'NONE',  ( 1.000000000000000000, 0.000000000000000000, 0.000000000000000000 ) ) ;
#4402 = CARTESIAN_POINT ( 'NONE',  ( -6.200000000000001066, -6.200000000000000178, 0.000000000000000000 ) ) ;
#4403 = VERTEX_POINT ( 'NONE', #3676 ) ;
#4404 = DIRECTION ( 'NONE',  ( -1.000000000000000000, 0.000000000000000000, 0.000000000000000000 ) ) ;
#4405 = DIRECTION ( 'NONE',  ( 1.000000000000000000, 0.000000000000000000, 0.000000000000000000 ) ) ;
#4406 = AXIS2_PLACEMENT_3D ( 'NONE', #3648, #443, #2487 ) ;
#4407 = CARTESIAN_POINT ( 'NONE',  ( 0.4000000000000000777, -1.820969194338321939, -31.49013263996618051 ) ) ;
#4408 = VECTOR ( 'NONE', #35, 1000.000000000000000 ) ;
#4409 = ADVANCED_FACE ( 'NONE', ( #5658, #324 ), #6800, .F. ) ;
#4410 = DIRECTION ( 'NONE',  ( 1.000000000000000000, 0.000000000000000000, 0.000000000000000000 ) ) ;
#4411 = CARTESIAN_POINT ( 'NONE',  ( 19.93899999999999650, 0.000000000000000000, -9.525000000000002132 ) ) ;
#4412 = DIRECTION ( 'NONE',  ( 0.000000000000000000, 1.000000000000000000, 0.000000000000000000 ) ) ;
#4413 = DIRECTION ( 'NONE',  ( 1.000000000000000000, 0.000000000000000000, 0.000000000000000000 ) ) ;
#4414 = CARTESIAN_POINT ( 'NONE',  ( -5.068629150101525482, -0.1999999999999996503, -12.69999999999999929 ) ) ;
#4415 = CONICAL_SURFACE ( 'NONE', #5193, 2.299999999999999822, 0.3141592653589760364 ) ;
#4416 = VECTOR ( 'NONE', #222, 1000.000000000000000 ) ;
#4417 = CYLINDRICAL_SURFACE ( 'NONE', #2542, 3.174999999999999822 ) ;
#4418 = DIRECTION ( 'NONE',  ( -8.115498896123205041E-15, 0.000000000000000000, 1.000000000000000000 ) ) ;
#4419 = ORIENTED_EDGE ( 'NONE', *, *, #4252, .F. ) ;
#4420 = CIRCLE ( 'NONE', #6095, 2.268258436585968152 ) ;
#4421 = CARTESIAN_POINT ( 'NONE',  ( 0.4000000000000000777, -2.264950330581225746, -30.92307225861762987 ) ) ;
#4422 = ORIENTED_EDGE ( 'NONE', *, *, #3622, .T. ) ;
#4423 = AXIS2_PLACEMENT_3D ( 'NONE', #6328, #6761, #1390 ) ;
#4424 = EDGE_LOOP ( 'NONE', ( #1294, #5851, #6891, #3869, #48, #1907 ) ) ;
#4425 = ORIENTED_EDGE ( 'NONE', *, *, #6739, .T. ) ;
#4426 = CARTESIAN_POINT ( 'NONE',  ( 19.93900000000000361, 0.000000000000000000, -19.04999999999999716 ) ) ;
#4427 = ORIENTED_EDGE ( 'NONE', *, *, #1601, .T. ) ;
#4428 = CARTESIAN_POINT ( 'NONE',  ( 12.30000000000000071, -2.061552812808830293, -30.83899999999999864 ) ) ;
#4429 = EDGE_CURVE ( 'NONE', #6433, #237, #5997, .T. ) ;
#4430 = AXIS2_PLACEMENT_3D ( 'NONE', #903, #1997, #6199 ) ;
#4431 = EDGE_CURVE ( 'NONE', #4183, #3876, #726, .T. ) ;
#4432 = VECTOR ( 'NONE', #5769, 1000.000000000000000 ) ;
#4433 = DIRECTION ( 'NONE',  ( 0.000000000000000000, 0.000000000000000000, 1.000000000000000000 ) ) ;
#4434 = ORIENTED_EDGE ( 'NONE', *, *, #541, .F. ) ;
#4435 = EDGE_CURVE ( 'NONE', #340, #3034, #2550, .T. ) ;
#4436 = ORIENTED_EDGE ( 'NONE', *, *, #5540, .F. ) ;
#4437 = VECTOR ( 'NONE', #2556, 1000.000000000000227 ) ;
#4438 = VERTEX_POINT ( 'NONE', #6222 ) ;
#4439 = CARTESIAN_POINT ( 'NONE',  ( 24.57307225861764266, 0.000000000000000000, -19.04999999999999716 ) ) ;
#4440 = CIRCLE ( 'NONE', #4888, 2.268258436585968152 ) ;
#4441 = CARTESIAN_POINT ( 'NONE',  ( 6.350000000000000533, -5.460999999999999410, -10.59999999999999787 ) ) ;
#4442 = CIRCLE ( 'NONE', #5223, 2.100000000000000089 ) ;
#4443 = CARTESIAN_POINT ( 'NONE',  ( 6.499999999999999112, 6.349999999999999645, -23.39999999999999858 ) ) ;
#4444 = DIRECTION ( 'NONE',  ( 0.000000000000000000, 1.000000000000000000, 0.000000000000000000 ) ) ;
#4445 = VECTOR ( 'NONE', #3671, 1000.000000000000000 ) ;
#4446 = CARTESIAN_POINT ( 'NONE',  ( 19.05000000000000071, 6.200000000000000178, 0.000000000000000000 ) ) ;
#4447 = EDGE_LOOP ( 'NONE', ( #5395, #4134, #6750, #6504 ) ) ;
#4448 = B_SPLINE_CURVE_WITH_KNOTS ( 'NONE', 3,
 ( #1680, #2175, #62, #1142, #1581, #4900 ),
 .UNSPECIFIED., .F., .F.,
 ( 4, 2, 4 ),
 ( 0.000000000000000000, 0.0004757001404452622611, 0.0009514002808905249560 ),
 .UNSPECIFIED. ) ;
#4449 = AXIS2_PLACEMENT_3D ( 'NONE', #3091, #3798, #943 ) ;
#4450 = CARTESIAN_POINT ( 'NONE',  ( -5.068629150101525482, -6.200000000000000178, -12.69999999999999929 ) ) ;
#4451 = EDGE_CURVE ( 'NONE', #5826, #1491, #1799, .T. ) ;
#4452 = FACE_OUTER_BOUND ( 'NONE', #6284, .T. ) ;
#4453 = SHAPE_DEFINITION_REPRESENTATION ( #4209, #2662 ) ;
#4454 = DIRECTION ( 'NONE',  ( 1.000000000000000000, 0.000000000000000000, 8.115498896123167176E-15 ) ) ;
#4455 = DIRECTION ( 'NONE',  ( 0.000000000000000000, 0.000000000000000000, -1.000000000000000000 ) ) ;
#4456 = DIRECTION ( 'NONE',  ( 0.000000000000000000, 1.000000000000000000, 0.000000000000000000 ) ) ;
#4457 = CARTESIAN_POINT ( 'NONE',  ( 13.09999999999999964, -2.061552812808830293, -30.83899999999999864 ) ) ;
#4458 = CARTESIAN_POINT ( 'NONE',  ( -0.3999999999999993006, -2.232710535457612888, 5.620762745781209269 ) ) ;
#4459 = ORIENTED_EDGE ( 'NONE', *, *, #1521, .T. ) ;
#4460 = DIRECTION ( 'NONE',  ( -0.000000000000000000, 1.000000000000000000, -0.000000000000000000 ) ) ;
#4461 = B_SPLINE_CURVE_WITH_KNOTS ( 'NONE', 3,
 ( #694, #6031, #2813, #2184, #3802, #724 ),
 .UNSPECIFIED., .F., .F.,
 ( 4, 2, 4 ),
 ( 0.000000000000000000, 0.0004757428370953068354, 0.0009514856741906141044 ),
 .UNSPECIFIED. ) ;
#4462 = ORIENTED_EDGE ( 'NONE', *, *, #431, .T. ) ;
#4463 = DIRECTION ( 'NONE',  ( 1.000000000000000000, 0.000000000000000000, 0.000000000000000000 ) ) ;
#4464 = EDGE_CURVE ( 'NONE', #4501, #3145, #1607, .T. ) ;
#4465 = CARTESIAN_POINT ( 'NONE',  ( 17.05000000000000426, 6.200000000000000178, -2.000000000000003109 ) ) ;
#4466 = ORIENTED_EDGE ( 'NONE', *, *, #3905, .F. ) ;
#4467 = ADVANCED_FACE ( 'NONE', ( #5350 ), #21, .F. ) ;
#4468 = EDGE_CURVE ( 'NONE', #6909, #2694, #3964, .T. ) ;
#4469 = VERTEX_POINT ( 'NONE', #540 ) ;
#4470 = CARTESIAN_POINT ( 'NONE',  ( 21.40322400100831501, -2.057911970479200381, -5.921718032118230113 ) ) ;
#4471 = DIRECTION ( 'NONE',  ( -6.829619984160658046E-17, 0.000000000000000000, 1.000000000000000000 ) ) ;
#4472 = ORIENTED_EDGE ( 'NONE', *, *, #3976, .F. ) ;
#4473 = EDGE_CURVE ( 'NONE', #6077, #6249, #2164, .T. ) ;
#4474 = CARTESIAN_POINT ( 'NONE',  ( 12.21281998814761316, -2.042738830444500220, 2.470636393497685823 ) ) ;
#4475 = PLANE ( 'NONE',  #3985 ) ;
#4476 = CARTESIAN_POINT ( 'NONE',  ( -0.4000000000000000222, 2.264950330581225746, -30.92307225861762987 ) ) ;
#4477 = B_SPLINE_CURVE_WITH_KNOTS ( 'NONE', 3,
 ( #6342, #3053, #4660, #6742 ),
 .UNSPECIFIED., .F., .F.,
 ( 4, 4 ),
 ( 0.003029541235337105450, 0.003249628748158705626 ),
 .UNSPECIFIED. ) ;
#4478 =( BOUNDED_CURVE ( )  B_SPLINE_CURVE ( 3, ( #6887, #4615, #5139, #2590 ),
 .UNSPECIFIED., .F., .T. ) 
 B_SPLINE_CURVE_WITH_KNOTS ( ( 4, 4 ),
 ( 4.362112093716119077, 4.472917508490047211 ),
 .UNSPECIFIED. ) 
 CURVE ( )  GEOMETRIC_REPRESENTATION_ITEM ( )  RATIONAL_B_SPLINE_CURVE ( ( 1.000000000000000000, 0.9989771083553060649, 0.9989771083553060649, 1.000000000000000000 ) ) 
 REPRESENTATION_ITEM ( '' )  );
#4479 = EDGE_CURVE ( 'NONE', #4669, #6656, #4292, .T. ) ;
#4480 = DIRECTION ( 'NONE',  ( -0.000000000000000000, 1.000000000000000000, -0.000000000000000000 ) ) ;
#4481 = EDGE_CURVE ( 'NONE', #6366, #1230, #169, .T. ) ;
#4482 = CARTESIAN_POINT ( 'NONE',  ( 3.128334981051645869, 6.200000000000000178, 0.000000000000000000 ) ) ;
#4483 = APPROVAL_STATUS ( 'not_yet_approved' ) ;
#4484 = DIRECTION ( 'NONE',  ( 0.000000000000000000, 0.000000000000000000, -1.000000000000000000 ) ) ;
#4485 = B_SPLINE_CURVE_WITH_KNOTS ( 'NONE', 3,
 ( #5709, #5292, #4107, #3059 ),
 .UNSPECIFIED., .F., .F.,
 ( 4, 4 ),
 ( 0.002832913685900425270, 0.002935786532568637319 ),
 .UNSPECIFIED. ) ;
#4486 = EDGE_CURVE ( 'NONE', #4728, #1947, #5543, .T. ) ;
#4487 = CARTESIAN_POINT ( 'NONE',  ( 25.18900000000000361, 0.000000000000000000, -19.04999999999999716 ) ) ;
#4488 = CARTESIAN_POINT ( 'NONE',  ( 21.64542212862616566, -2.040073290564207831, -5.851902650954129648 ) ) ;
#4489 = VECTOR ( 'NONE', #3679, 1000.000000000000000 ) ;
#4490 = B_SPLINE_CURVE_WITH_KNOTS ( 'NONE', 3,
 ( #2738, #4765, #1586, #1657, #3863, #516 ),
 .UNSPECIFIED., .F., .F.,
 ( 4, 2, 4 ),
 ( 0.000000000000000000, 0.0004757428370953074859, 0.0009514856741906149717 ),
 .UNSPECIFIED. ) ;
#4491 = DIRECTION ( 'NONE',  ( 1.000000000000000000, 0.000000000000000000, 8.115498896123205041E-15 ) ) ;
#4492 = ORIENTED_EDGE ( 'NONE', *, *, #6378, .F. ) ;
#4493 = ADVANCED_FACE ( 'NONE', ( #5310 ), #4654, .T. ) ;
#4494 = EDGE_LOOP ( 'NONE', ( #3308, #6622, #5346, #634 ) ) ;
#4495 = CIRCLE ( 'NONE', #2935, 2.299999999999999822 ) ;
#4496 = VERTEX_POINT ( 'NONE', #6745 ) ;
#4497 = CARTESIAN_POINT ( 'NONE',  ( 19.93900000000000361, 0.000000000000000000, -19.04999999999999716 ) ) ;
#4498 = VERTEX_POINT ( 'NONE', #2491 ) ;
#4499 = DIRECTION ( 'NONE',  ( -1.000000000000000000, 0.000000000000000000, 0.000000000000000000 ) ) ;
#4500 = EDGE_LOOP ( 'NONE', ( #1072, #4011, #3796, #1633 ) ) ;
#4501 = VERTEX_POINT ( 'NONE', #6379 ) ;
#4502 = ORIENTED_EDGE ( 'NONE', *, *, #4861, .T. ) ;
#4503 = VERTEX_POINT ( 'NONE', #1964 ) ;
#4504 = CARTESIAN_POINT ( 'NONE',  ( -5.200000000000003730, 6.200000000000000178, -23.39999999999999858 ) ) ;
#4505 = CARTESIAN_POINT ( 'NONE',  ( 12.69999999999999929, -0.8890000000000000124, -19.04999999999999716 ) ) ;
#4506 = AXIS2_PLACEMENT_3D ( 'NONE', #2528, #6817, #4206 ) ;
#4507 = CIRCLE ( 'NONE', #1505, 1.554966049364602254 ) ;
#4508 = ORIENTED_EDGE ( 'NONE', *, *, #5408, .T. ) ;
#4509 = AXIS2_PLACEMENT_3D ( 'NONE', #153, #2796, #710 ) ;
#4510 = CARTESIAN_POINT ( 'NONE',  ( -0.4871798639138827935, -2.042738866564660416, -27.87063470255288422 ) ) ;
#4511 = CARTESIAN_POINT ( 'NONE',  ( 9.871665018948347026, 6.200000000000000178, -23.39999999999999858 ) ) ;
#4512 = VERTEX_POINT ( 'NONE', #4693 ) ;
#4513 = ORIENTED_EDGE ( 'NONE', *, *, #1559, .F. ) ;
#4514 = CC_DESIGN_SECURITY_CLASSIFICATION ( #2392, ( #2503 ) ) ;
#4515 = LINE ( 'NONE', #3996, #1749 ) ;
#4516 = VECTOR ( 'NONE', #3126, 1000.000000000000000 ) ;
#4517 = EDGE_CURVE ( 'NONE', #5944, #3110, #6240, .T. ) ;
#4518 = VECTOR ( 'NONE', #586, 1000.000000000000000 ) ;
#4519 = CARTESIAN_POINT ( 'NONE',  ( 0.000000000000000000, -0.8890000000000000124, -6.349999999999999645 ) ) ;
#4520 = EDGE_CURVE ( 'NONE', #3072, #4885, #6382, .T. ) ;
#4521 = DIRECTION ( 'NONE',  ( 0.000000000000000000, 0.000000000000000000, 1.000000000000000000 ) ) ;
#4522 = ADVANCED_FACE ( 'NONE', ( #4205 ), #392, .T. ) ;
#4523 = DIRECTION ( 'NONE',  ( -1.000000000000000000, 0.000000000000000000, 0.000000000000000000 ) ) ;
#4524 = CYLINDRICAL_SURFACE ( 'NONE', #926, 3.174999999999999822 ) ;
#4525 = CARTESIAN_POINT ( 'NONE',  ( 0.000000000000000000, 0.000000000000000000, 5.620762745781208380 ) ) ;
#4526 = EDGE_CURVE ( 'NONE', #1868, #6168, #4210, .T. ) ;
#4527 = CARTESIAN_POINT ( 'NONE',  ( 21.18904005501556753, 2.099990463092004322, -18.92633097849891755 ) ) ;
#4528 = CIRCLE ( 'NONE', #6863, 2.100000000000000977 ) ;
#4529 = ORIENTED_EDGE ( 'NONE', *, *, #4380, .T. ) ;
#4530 = CARTESIAN_POINT ( 'NONE',  ( 0.000000000000000000, -0.8890000000000000124, -22.22499999999999787 ) ) ;
#4531 = ORIENTED_EDGE ( 'NONE', *, *, #4892, .F. ) ;
#4532 = EDGE_CURVE ( 'NONE', #2188, #3418, #4322, .T. ) ;
#4533 = CARTESIAN_POINT ( 'NONE',  ( -0.5734863112436872079, -2.021666578221208432, 3.457121909598156240 ) ) ;
#4534 = CARTESIAN_POINT ( 'NONE',  ( 12.69999999999999929, -5.460999999999999410, -4.250000000000000000 ) ) ;
#4535 = ORIENTED_EDGE ( 'NONE', *, *, #3780, .T. ) ;
#4536 = VECTOR ( 'NONE', #1634, 1000.000000000000000 ) ;
#4537 = EDGE_LOOP ( 'NONE', ( #3038, #1430, #1431, #5757, #5199, #904 ) ) ;
#4538 = ORIENTED_EDGE ( 'NONE', *, *, #910, .F. ) ;
#4539 = ORIENTED_EDGE ( 'NONE', *, *, #1006, .T. ) ;
#4540 = CARTESIAN_POINT ( 'NONE',  ( 21.64542212862616566, -2.040073290564207831, -5.851902650954129648 ) ) ;
#4541 = CARTESIAN_POINT ( 'NONE',  ( 24.48900000000000432, 2.571758278209441957E-16, -21.14999999999999858 ) ) ;
#4542 = ORIENTED_EDGE ( 'NONE', *, *, #2989, .T. ) ;
#4543 = LINE ( 'NONE', #6671, #3523 ) ;
#4544 = CARTESIAN_POINT ( 'NONE',  ( -5.200000000000001066, -4.174999999999999822, -2.000000000000001776 ) ) ;
#4545 = CARTESIAN_POINT ( 'NONE',  ( 13.42063157758646774, -1.972483239316684234, -30.53899999999999793 ) ) ;
#4546 = VECTOR ( 'NONE', #2705, 1000.000000000000000 ) ;
#4547 = EDGE_LOOP ( 'NONE', ( #599, #244 ) ) ;
#4548 = ORIENTED_EDGE ( 'NONE', *, *, #4819, .F. ) ;
#4549 = DIRECTION ( 'NONE',  ( -1.000000000000000000, 0.000000000000000000, 0.000000000000000000 ) ) ;
#4550 = VECTOR ( 'NONE', #4581, 1000.000000000000000 ) ;
#4551 = EDGE_CURVE ( 'NONE', #4203, #4399, #6270, .T. ) ;
#4552 = CYLINDRICAL_SURFACE ( 'NONE', #4996, 3.175000000000000711 ) ;
#4553 = AXIS2_PLACEMENT_3D ( 'NONE', #1678, #3822, #2238 ) ;
#4554 = CARTESIAN_POINT ( 'NONE',  ( 0.000000000000000000, 0.000000000000000000, 0.000000000000000000 ) ) ;
#4555 = DIRECTION ( 'NONE',  ( -1.000000000000000000, 0.000000000000000000, 0.000000000000000000 ) ) ;
#4556 = CIRCLE ( 'NONE', #5340, 3.175000000000000711 ) ;
#4557 = EDGE_CURVE ( 'NONE', #3073, #3939, #2537, .T. ) ;
#4558 = DIRECTION ( 'NONE',  ( 0.000000000000000000, 0.000000000000000000, 1.000000000000000000 ) ) ;
#4559 = DIRECTION ( 'NONE',  ( 1.000000000000000000, 0.000000000000000000, 8.115498896123205041E-15 ) ) ;
#4560 = CARTESIAN_POINT ( 'NONE',  ( 0.000000000000000000, -4.174999999999999822, -6.349999999999999645 ) ) ;
#4561 = EDGE_CURVE ( 'NONE', #2111, #156, #4769, .T. ) ;
#4562 = FACE_OUTER_BOUND ( 'NONE', #5196, .T. ) ;
#4563 = DIRECTION ( 'NONE',  ( -0.000000000000000000, -1.000000000000000000, 0.000000000000000000 ) ) ;
#4564 = ORIENTED_EDGE ( 'NONE', *, *, #3881, .T. ) ;
#4565 = EDGE_CURVE ( 'NONE', #6907, #3524, #446, .T. ) ;
#4566 = CARTESIAN_POINT ( 'NONE',  ( 17.05000000000000426, 6.200000000000000178, -2.000000000000003109 ) ) ;
#4567 = CARTESIAN_POINT ( 'NONE',  ( 21.18904005501556753, -2.099990463092004322, -19.17366902150108388 ) ) ;
#4568 = ORIENTED_EDGE ( 'NONE', *, *, #4254, .F. ) ;
#4569 = EDGE_CURVE ( 'NONE', #6246, #4340, #5855, .T. ) ;
#4570 = ORIENTED_EDGE ( 'NONE', *, *, #1351, .F. ) ;
#4571 = ORIENTED_EDGE ( 'NONE', *, *, #1301, .F. ) ;
#4572 = CARTESIAN_POINT ( 'NONE',  ( 12.69999999999999929, -5.460999999999999410, -3.174999999999999378 ) ) ;
#4573 = DIRECTION ( 'NONE',  ( -1.000000000000000000, 0.000000000000000000, 0.000000000000000000 ) ) ;
#4574 = ORIENTED_EDGE ( 'NONE', *, *, #6552, .F. ) ;
#4575 = CARTESIAN_POINT ( 'NONE',  ( 12.30000000000000071, 2.232710535457612888, 5.620762745781209269 ) ) ;
#4576 = FACE_OUTER_BOUND ( 'NONE', #1884, .T. ) ;
#4577 = DIRECTION ( 'NONE',  ( -1.000000000000000000, 0.000000000000000000, 0.000000000000000000 ) ) ;
#4578 = ORIENTED_EDGE ( 'NONE', *, *, #6684, .T. ) ;
#4579 = CARTESIAN_POINT ( 'NONE',  ( 0.7206315775864680084, 1.972483239316683346, -30.53899999999999082 ) ) ;
#4580 = CARTESIAN_POINT ( 'NONE',  ( 12.69999999999999929, -4.174999999999999822, -6.350000000000000533 ) ) ;
#4581 = DIRECTION ( 'NONE',  ( 0.000000000000000000, 1.000000000000000000, 0.000000000000000000 ) ) ;
#4582 = APPROVAL_DATE_TIME ( #6195, #4760 ) ;
#4583 = CARTESIAN_POINT ( 'NONE',  ( 24.48899999999999366, 0.000000000000000000, -6.350000000000001421 ) ) ;
#4584 = PLANE ( 'NONE',  #4099 ) ;
#4585 = CARTESIAN_POINT ( 'NONE',  ( 24.18899999999999295, -1.972483239316684234, -7.070631577586472538 ) ) ;
#4586 = FACE_OUTER_BOUND ( 'NONE', #1444, .T. ) ;
#4587 = EDGE_CURVE ( 'NONE', #3420, #6072, #2036, .T. ) ;
#4588 = EDGE_CURVE ( 'NONE', #3537, #282, #6658, .T. ) ;
#4589 = ADVANCED_FACE ( 'NONE', ( #69 ), #4938, .T. ) ;
#4590 = AXIS2_PLACEMENT_3D ( 'NONE', #6206, #1370, #5642 ) ;
#4591 = ORIENTED_EDGE ( 'NONE', *, *, #3276, .F. ) ;
#4592 = ORIENTED_EDGE ( 'NONE', *, *, #915, .T. ) ;
#4593 = LINE ( 'NONE', #308, #1353 ) ;
#4594 = VERTEX_POINT ( 'NONE', #4274 ) ;
#4595 = CARTESIAN_POINT ( 'NONE',  ( 13.42063157758646774, -3.174999999999999822, 5.138999999999997570 ) ) ;
#4596 = ORIENTED_EDGE ( 'NONE', *, *, #4219, .T. ) ;
#4597 = EDGE_CURVE ( 'NONE', #638, #6763, #2810, .T. ) ;
#4598 = VECTOR ( 'NONE', #641, 1000.000000000000000 ) ;
#4599 = EDGE_CURVE ( 'NONE', #1020, #3909, #2, .T. ) ;
#4600 = ORIENTED_EDGE ( 'NONE', *, *, #2819, .F. ) ;
#4601 = VERTEX_POINT ( 'NONE', #5956 ) ;
#4602 = CARTESIAN_POINT ( 'NONE',  ( 13.09999999999999964, -2.129368205736811070, 5.466985055468135180 ) ) ;
#4603 = DIRECTION ( 'NONE',  ( 0.000000000000000000, 0.000000000000000000, -1.000000000000000000 ) ) ;
#4604 = ORIENTED_EDGE ( 'NONE', *, *, #523, .T. ) ;
#4605 = VECTOR ( 'NONE', #6474, 1000.000000000000000 ) ;
#4606 = LINE ( 'NONE', #3008, #2366 ) ;
#4607 = DIRECTION ( 'NONE',  ( -0.000000000000000000, 1.000000000000000000, -0.000000000000000000 ) ) ;
#4608 = DIRECTION ( 'NONE',  ( -0.000000000000000000, 0.000000000000000000, 1.000000000000000000 ) ) ;
#4609 = EDGE_CURVE ( 'NONE', #2576, #401, #4344, .T. ) ;
#4610 = VERTEX_POINT ( 'NONE', #3365 ) ;
#4611 = ORIENTED_EDGE ( 'NONE', *, *, #4526, .F. ) ;
#4612 = AXIS2_PLACEMENT_3D ( 'NONE', #5254, #6345, #4663 ) ;
#4613 = CARTESIAN_POINT ( 'NONE',  ( 12.30000000000000071, 2.061552812808830293, -30.53899999999999793 ) ) ;
#4614 = CARTESIAN_POINT ( 'NONE',  ( 12.30000000000000071, -2.182283254615324797, -31.17352969257199646 ) ) ;
#4615 = CARTESIAN_POINT ( 'NONE',  ( -0.6477403412507650726, -1.999113491775012852, -29.70584935626992618 ) ) ;
#4616 = ADVANCED_FACE ( 'NONE', ( #2245 ), #518, .F. ) ;
#4617 = AXIS2_PLACEMENT_3D ( 'NONE', #4766, #2523, #5288 ) ;
#4618 = AXIS2_PLACEMENT_3D ( 'NONE', #5827, #1122, #5933 ) ;
#4619 = CARTESIAN_POINT ( 'NONE',  ( -0.7206315775864664541, 1.972483239316685122, -30.53899999999999082 ) ) ;
#4620 = FACE_OUTER_BOUND ( 'NONE', #4801, .T. ) ;
#4621 = DIRECTION ( 'NONE',  ( 1.000000000000000000, 0.000000000000000000, 0.000000000000000000 ) ) ;
#4622 = EDGE_LOOP ( 'NONE', ( #6174, #2909, #1268, #5087 ) ) ;
#4623 = CONICAL_SURFACE ( 'NONE', #2177, 2.100000000000000089, 1.172861257340199304 ) ;
#4624 = DIRECTION ( 'NONE',  ( 0.000000000000000000, 1.000000000000000000, 0.000000000000000000 ) ) ;
#4625 = ORIENTED_EDGE ( 'NONE', *, *, #3746, .F. ) ;
#4626 = PLANE ( 'NONE',  #5269 ) ;
#4627 = ORIENTED_EDGE ( 'NONE', *, *, #2745, .F. ) ;
#4628 = B_SPLINE_CURVE_WITH_KNOTS ( 'NONE', 3,
 ( #1662, #5992, #1151, #6508 ),
 .UNSPECIFIED., .F., .F.,
 ( 4, 4 ),
 ( 0.007647354141962974666, 0.007869202712918556275 ),
 .UNSPECIFIED. ) ;
#4629 = DIRECTION ( 'NONE',  ( 0.000000000000000000, 0.000000000000000000, 1.000000000000000000 ) ) ;
#4630 = CARTESIAN_POINT ( 'NONE',  ( 25.18899999999999650, -3.174999999999999822, -5.950000000000003730 ) ) ;
#4631 = ORIENTED_EDGE ( 'NONE', *, *, #629, .T. ) ;
#4632 = AXIS2_PLACEMENT_3D ( 'NONE', #1949, #5657, #6697 ) ;
#4633 = EDGE_LOOP ( 'NONE', ( #5299, #802, #3106, #6908 ) ) ;
#4634 = ADVANCED_FACE ( 'NONE', ( #2778 ), #4991, .T. ) ;
#4635 = VERTEX_POINT ( 'NONE', #2181 ) ;
#4636 = EDGE_CURVE ( 'NONE', #3172, #4261, #2677, .T. ) ;
#4637 = LINE ( 'NONE', #4117, #3668 ) ;
#4638 = CARTESIAN_POINT ( 'NONE',  ( -2.099872945368624677, 0.000000000000000000, 6.139000000000000234 ) ) ;
#4639 = EDGE_LOOP ( 'NONE', ( #2933, #5262 ) ) ;
#4640 = AXIS2_PLACEMENT_3D ( 'NONE', #3304, #6487, #2227 ) ;
#4641 = ADVANCED_FACE ( 'NONE', ( #4309 ), #4374, .F. ) ;
#4642 = DIRECTION ( 'NONE',  ( -0.000000000000000000, -1.000000000000000000, -0.000000000000000000 ) ) ;
#4643 = DIRECTION ( 'NONE',  ( -0.000000000000000000, -0.000000000000000000, -1.000000000000000000 ) ) ;
#4644 = FACE_OUTER_BOUND ( 'NONE', #4537, .T. ) ;
#4645 = B_SPLINE_CURVE_WITH_KNOTS ( 'NONE', 3,
 ( #951, #341, #453, #6861, #2609, #4176, #6313, #6749, #3658, #5714 ),
 .UNSPECIFIED., .F., .F.,
 ( 4, 2, 2, 2, 4 ),
 ( 0.000000000000000000, 0.0003704147845104426191, 0.0007408295690208852383, 0.001111244353531327857, 0.001481659138041770477 ),
 .UNSPECIFIED. ) ;
#4646 = VERTEX_POINT ( 'NONE', #3799 ) ;
#4647 = CIRCLE ( 'NONE', #6210, 3.175000000000002487 ) ;
#4648 = ORIENTED_EDGE ( 'NONE', *, *, #3018, .T. ) ;
#4649 = CARTESIAN_POINT ( 'NONE',  ( 24.60563645010066836, -2.254205848354697839, -6.749999999999999112 ) ) ;
#4650 = CARTESIAN_POINT ( 'NONE',  ( 0.4000000000000000222, 2.129368205736809738, -30.86698505546812754 ) ) ;
#4651 = CARTESIAN_POINT ( 'NONE',  ( 21.68900000000000361, -3.175000000000000711, -19.04999999999999716 ) ) ;
#4652 = DIRECTION ( 'NONE',  ( 0.000000000000000000, 0.000000000000000000, 1.000000000000000000 ) ) ;
#4653 = CIRCLE ( 'NONE', #2670, 2.100000000000000977 ) ;
#4654 = CONICAL_SURFACE ( 'NONE', #838, 2.100000000000000977, 1.172861257340199304 ) ;
#4655 = CARTESIAN_POINT ( 'NONE',  ( -0.4871800118523826884, 2.042738830444500220, -27.87063639349767996 ) ) ;
#4656 = CIRCLE ( 'NONE', #628, 3.174999999999999822 ) ;
#4657 = EDGE_CURVE ( 'NONE', #676, #5471, #4805, .T. ) ;
#4658 = AXIS2_PLACEMENT_3D ( 'NONE', #613, #4962, #5946 ) ;
#4659 = CARTESIAN_POINT ( 'NONE',  ( 3.128334981051645869, 6.200000000000000178, -25.39999999999999858 ) ) ;
#4660 = CARTESIAN_POINT ( 'NONE',  ( 24.51698505588080934, -2.129368206736821811, -18.64999999999999503 ) ) ;
#4661 = LINE ( 'NONE', #6238, #3542 ) ;
#4662 = VERTEX_POINT ( 'NONE', #4411 ) ;
#4663 = DIRECTION ( 'NONE',  ( 0.000000000000000000, -0.000000000000000000, 1.000000000000000000 ) ) ;
#4664 = FACE_BOUND ( 'NONE', #4927, .T. ) ;
#4665 = CARTESIAN_POINT ( 'NONE',  ( 21.40322400100832212, 2.057911970479199493, -19.47828196788177024 ) ) ;
#4666 = AXIS2_PLACEMENT_3D ( 'NONE', #1259, #6484, #202 ) ;
#4667 = VERTEX_POINT ( 'NONE', #3336 ) ;
#4668 = CARTESIAN_POINT ( 'NONE',  ( 0.3999999999999993006, 2.264950330581225746, 5.523072258617638397 ) ) ;
#4669 = VERTEX_POINT ( 'NONE', #5921 ) ;
#4670 = LINE ( 'NONE', #3628, #1957 ) ;
#4671 = LINE ( 'NONE', #6790, #4062 ) ;
#4672 = ORIENTED_EDGE ( 'NONE', *, *, #359, .F. ) ;
#4673 = ORIENTED_EDGE ( 'NONE', *, *, #5002, .F. ) ;
#4674 = EDGE_CURVE ( 'NONE', #3282, #483, #2654, .T. ) ;
#4675 = EDGE_LOOP ( 'NONE', ( #5878, #1422, #92, #205 ) ) ;
#4676 = DIRECTION ( 'NONE',  ( -0.000000000000000000, -0.000000000000000000, 1.000000000000000000 ) ) ;
#4677 = DIRECTION ( 'NONE',  ( 0.000000000000000000, 0.000000000000000000, -1.000000000000000000 ) ) ;
#4678 = ORIENTED_EDGE ( 'NONE', *, *, #4314, .T. ) ;
#4679 = CARTESIAN_POINT ( 'NONE',  ( -5.200000000000001066, -2.174999999999999822, -11.15441558772842967 ) ) ;
#4680 = DIRECTION ( 'NONE',  ( -1.000000000000000000, -0.000000000000000000, 0.000000000000000000 ) ) ;
#4681 = EDGE_CURVE ( 'NONE', #676, #5928, #691, .T. ) ;
#4682 = VERTEX_POINT ( 'NONE', #1856 ) ;
#4683 = ORIENTED_EDGE ( 'NONE', *, *, #616, .F. ) ;
#4684 = EDGE_CURVE ( 'NONE', #843, #4155, #5433, .T. ) ;
#4685 = CARTESIAN_POINT ( 'NONE',  ( 12.20190265095412840, 2.040073290564207831, 2.595422128626172054 ) ) ;
#4686 = CARTESIAN_POINT ( 'NONE',  ( -0.3999999999999993006, -1.502637486114517751, 6.139000000000000234 ) ) ;
#4687 = CARTESIAN_POINT ( 'NONE',  ( -0.7206315775864658990, -3.174999999999998934, 5.138999999999997570 ) ) ;
#4688 = CARTESIAN_POINT ( 'NONE',  ( 24.67076274578120376, -2.232710535457612888, -5.950000000000003730 ) ) ;
#4689 = EDGE_CURVE ( 'NONE', #3034, #660, #1968, .T. ) ;
#4690 = DIRECTION ( 'NONE',  ( -0.000000000000000000, -1.000000000000000000, -0.000000000000000000 ) ) ;
#4691 = CARTESIAN_POINT ( 'NONE',  ( 0.3999999999999993006, 2.264950330581225746, 5.523072258617638397 ) ) ;
#4692 = ORIENTED_EDGE ( 'NONE', *, *, #4775, .F. ) ;
#4693 = CARTESIAN_POINT ( 'NONE',  ( -2.268258436585968152, 0.000000000000000000, -31.02076274578120163 ) ) ;
#4694 = LINE ( 'NONE', #2144, #4280 ) ;
#4695 = CARTESIAN_POINT ( 'NONE',  ( 0.000000000000000000, 0.000000000000000000, -30.83899999999999153 ) ) ;
#4696 = CARTESIAN_POINT ( 'NONE',  ( 0.000000000000000000, -6.200000000000001066, -4.249999999999999112 ) ) ;
#4697 = EDGE_CURVE ( 'NONE', #3486, #3226, #2313, .T. ) ;
#4698 = ORIENTED_EDGE ( 'NONE', *, *, #6569, .F. ) ;
#4699 = CARTESIAN_POINT ( 'NONE',  ( 0.000000000000000000, 0.000000000000000000, -25.39999999999999858 ) ) ;
#4700 = ORIENTED_EDGE ( 'NONE', *, *, #81, .T. ) ;
#4701 = CARTESIAN_POINT ( 'NONE',  ( 6.350000000000000533, -5.460999999999999410, -12.69999999999999929 ) ) ;
#4702 = DIRECTION ( 'NONE',  ( 0.000000000000000000, -0.000000000000000000, 1.000000000000000000 ) ) ;
#4703 = VECTOR ( 'NONE', #1538, 1000.000000000000000 ) ;
#4704 = B_SPLINE_CURVE_WITH_KNOTS ( 'NONE', 3,
 ( #2385, #6605, #2426, #6160 ),
 .UNSPECIFIED., .F., .F.,
 ( 4, 4 ),
 ( 0.002832913685900423535, 0.002935786532568634283 ),
 .UNSPECIFIED. ) ;
#4705 = ORIENTED_EDGE ( 'NONE', *, *, #5192, .F. ) ;
#4706 = VERTEX_POINT ( 'NONE', #4482 ) ;
#4707 = LINE ( 'NONE', #6796, #1081 ) ;
#4708 = DIRECTION ( 'NONE',  ( 1.000000000000000000, 0.000000000000000000, 0.000000000000000000 ) ) ;
#4709 = VECTOR ( 'NONE', #4460, 1000.000000000000000 ) ;
#4710 = CARTESIAN_POINT ( 'NONE',  ( 19.05000000000000071, 0.000000000000000000, -6.350000000000001421 ) ) ;
#4711 = DIRECTION ( 'NONE',  ( 0.000000000000000000, -0.000000000000000000, 1.000000000000000000 ) ) ;
#4712 = DIRECTION ( 'NONE',  ( -0.000000000000000000, -0.000000000000000000, -1.000000000000000000 ) ) ;
#4713 = EDGE_CURVE ( 'NONE', #2346, #321, #6704, .T. ) ;
#4714 = ORIENTED_EDGE ( 'NONE', *, *, #4861, .F. ) ;
#4715 = CARTESIAN_POINT ( 'NONE',  ( 24.63819995583811462, -2.243459280444428661, -6.749999999999999112 ) ) ;
#4716 = CIRCLE ( 'NONE', #3944, 2.299999999999999822 ) ;
#4717 = CARTESIAN_POINT ( 'NONE',  ( 24.95694035598735638, -2.081805041010027502, -18.64999999999999858 ) ) ;
#4718 = DIRECTION ( 'NONE',  ( 0.000000000000000000, 0.000000000000000000, 1.000000000000000000 ) ) ;
#4719 = B_SPLINE_CURVE_WITH_KNOTS ( 'NONE', 3,
 ( #698, #5010, #6162, #3511 ),
 .UNSPECIFIED., .F., .F.,
 ( 4, 4 ),
 ( 0.007647354141962972932, 0.007869202712918556275 ),
 .UNSPECIFIED. ) ;
#4720 = LINE ( 'NONE', #5813, #400 ) ;
#4721 = DIRECTION ( 'NONE',  ( 0.000000000000000000, 1.000000000000000000, 0.000000000000000000 ) ) ;
#4722 = CONICAL_SURFACE ( 'NONE', #4386, 2.299999999999999822, 0.3141592653589760364 ) ;
#4723 = EDGE_LOOP ( 'NONE', ( #6425, #502 ) ) ;
#4724 = DIRECTION ( 'NONE',  ( 0.000000000000000000, 0.000000000000000000, 1.000000000000000000 ) ) ;
#4725 = CARTESIAN_POINT ( 'NONE',  ( -5.199999999999997513, -4.174999999999999822, 1.617397523722067091E-15 ) ) ;
#4726 = EDGE_CURVE ( 'NONE', #3226, #3486, #2877, .T. ) ;
#4727 = DIRECTION ( 'NONE',  ( 1.000000000000000000, -0.000000000000000000, -0.000000000000000000 ) ) ;
#4728 = VERTEX_POINT ( 'NONE', #3506 ) ;
#4729 = EDGE_CURVE ( 'NONE', #4778, #4646, #3434, .T. ) ;
#4730 = AXIS2_PLACEMENT_3D ( 'NONE', #1066, #2622, #3140 ) ;
#4731 = DIRECTION ( 'NONE',  ( -0.000000000000000000, -1.000000000000000000, -0.000000000000000000 ) ) ;
#4732 = CARTESIAN_POINT ( 'NONE',  ( -5.200000000000001066, -0.1999999999999996503, -14.24558441227157068 ) ) ;
#4733 = CIRCLE ( 'NONE', #6076, 0.7500000000000006661 ) ;
#4734 = EDGE_CURVE ( 'NONE', #2513, #6406, #3993, .T. ) ;
#4735 = DIRECTION ( 'NONE',  ( 1.000000000000000000, 0.000000000000000000, -3.110379853311669038E-16 ) ) ;
#4736 = DIRECTION ( 'NONE',  ( 1.000000000000000000, 0.000000000000000000, 0.000000000000000000 ) ) ;
#4737 = ORIENTED_EDGE ( 'NONE', *, *, #1742, .F. ) ;
#4738 = DIRECTION ( 'NONE',  ( -0.000000000000000000, 0.000000000000000000, -1.000000000000000000 ) ) ;
#4739 =( GEOMETRIC_REPRESENTATION_CONTEXT ( 3 ) GLOBAL_UNCERTAINTY_ASSIGNED_CONTEXT ( ( #5665 ) ) GLOBAL_UNIT_ASSIGNED_CONTEXT ( ( #4940, #2217, #39 ) ) REPRESENTATION_CONTEXT ( 'NONE', 'WORKASPACE' ) );
#4740 = ORIENTED_EDGE ( 'NONE', *, *, #3577, .F. ) ;
#4741 = EDGE_CURVE ( 'NONE', #6249, #2667, #5033, .T. ) ;
#4742 = CARTESIAN_POINT ( 'NONE',  ( 0.4000000000000000777, -2.232710535457612888, -31.02076274578120163 ) ) ;
#4743 = CARTESIAN_POINT ( 'NONE',  ( 19.05000000000000071, 0.000000000000000000, -19.04999999999999716 ) ) ;
#4744 = B_SPLINE_CURVE_WITH_KNOTS ( 'NONE', 3,
 ( #2628, #4650, #1990, #4124 ),
 .UNSPECIFIED., .F., .F.,
 ( 4, 4 ),
 ( 0.007647354141962972932, 0.007869202712918556275 ),
 .UNSPECIFIED. ) ;
#4745 = EDGE_LOOP ( 'NONE', ( #1375, #4764, #3729, #4698 ) ) ;
#4746 = B_SPLINE_CURVE_WITH_KNOTS ( 'NONE', 3,
 ( #5875, #539, #1674, #1133 ),
 .UNSPECIFIED., .F., .F.,
 ( 4, 4 ),
 ( 0.003655977453372193445, 0.003758849537120528047 ),
 .UNSPECIFIED. ) ;
#4747 = ORIENTED_EDGE ( 'NONE', *, *, #4689, .F. ) ;
#4748 = ADVANCED_FACE ( 'NONE', ( #224 ), #722, .T. ) ;
#4749 = DIRECTION ( 'NONE',  ( 1.000000000000000000, 0.000000000000000000, -8.115498896123167176E-15 ) ) ;
#4750 = PLANE ( 'NONE',  #6710 ) ;
#4751 = CARTESIAN_POINT ( 'NONE',  ( 2.571758278209442943E-16, -0.8890000000000000124, -8.449999999999999289 ) ) ;
#4752 = DIRECTION ( 'NONE',  ( 1.000000000000000000, 0.000000000000000000, 0.000000000000000000 ) ) ;
#4753 = CARTESIAN_POINT ( 'NONE',  ( 21.64542212862616566, 2.040073290564207831, -5.851902650954129648 ) ) ;
#4754 = CIRCLE ( 'NONE', #1395, 2.100000000000000977 ) ;
#4755 = EDGE_LOOP ( 'NONE', ( #2868, #1536, #772, #4385, #2954, #6256, #4897, #2265, #1746, #6212, #6523, #998 ) ) ;
#4756 = CARTESIAN_POINT ( 'NONE',  ( 6.350000000000000533, -4.174999999999999822, -15.87500000000000000 ) ) ;
#4757 = CIRCLE ( 'NONE', #4198, 2.100000000000000089 ) ;
#4758 = DIRECTION ( 'NONE',  ( 0.000000000000000000, 1.000000000000000000, 0.000000000000000000 ) ) ;
#4759 = CARTESIAN_POINT ( 'NONE',  ( 12.69999999999999929, 0.000000000000000000, -30.83899999999999864 ) ) ;
#4760 = APPROVAL ( #6123, 'UNSPECIFIED' ) ;
#4761 = DIRECTION ( 'NONE',  ( 1.000000000000000000, 0.000000000000000000, 0.000000000000000000 ) ) ;
#4762 = FACE_OUTER_BOUND ( 'NONE', #1563, .T. ) ;
#4763 = CIRCLE ( 'NONE', #4983, 2.100000000000000089 ) ;
#4764 = ORIENTED_EDGE ( 'NONE', *, *, #609, .T. ) ;
#4765 = CARTESIAN_POINT ( 'NONE',  ( 25.18900000000000716, 1.663442899047753887, -19.44999999999999929 ) ) ;
#4766 = CARTESIAN_POINT ( 'NONE',  ( -2.099872945368625121, 0.000000000000000000, -31.53899999999999082 ) ) ;
#4767 = ADVANCED_FACE ( 'NONE', ( #4059 ), #2382, .T. ) ;
#4768 = AXIS2_PLACEMENT_3D ( 'NONE', #5883, #3717, #1651 ) ;
#4769 = CIRCLE ( 'NONE', #1290, 3.175000000000000711 ) ;
#4770 = DIRECTION ( 'NONE',  ( 0.000000000000000000, 1.000000000000000000, 0.000000000000000000 ) ) ;
#4771 = FACE_OUTER_BOUND ( 'NONE', #2794, .T. ) ;
#4772 = CARTESIAN_POINT ( 'NONE',  ( -5.200000000000004619, -31.72724035221981964, -25.39999999999999858 ) ) ;
#4773 = CARTESIAN_POINT ( 'NONE',  ( 12.20190265095412840, 3.175000000000000711, -27.99542212862617063 ) ) ;
#4774 = AXIS2_PLACEMENT_3D ( 'NONE', #1829, #2322, #4455 ) ;
#4775 = EDGE_CURVE ( 'NONE', #340, #4181, #5215, .T. ) ;
#4776 = VECTOR ( 'NONE', #6774, 1000.000000000000000 ) ;
#4777 = CIRCLE ( 'NONE', #3105, 2.100000000000000977 ) ;
#4778 = VERTEX_POINT ( 'NONE', #258 ) ;
#4779 = FACE_OUTER_BOUND ( 'NONE', #1705, .T. ) ;
#4780 = ADVANCED_FACE ( 'NONE', ( #4452 ), #4552, .T. ) ;
#4781 = ORIENTED_EDGE ( 'NONE', *, *, #6073, .T. ) ;
#4782 = CIRCLE ( 'NONE', #6899, 2.299999999999999822 ) ;
#4783 = DIRECTION ( 'NONE',  ( 1.000000000000000000, -0.000000000000000000, -0.000000000000000000 ) ) ;
#4784 = CARTESIAN_POINT ( 'NONE',  ( 12.30000000000000071, -2.254205848354697839, -30.95563645010067333 ) ) ;
#4785 = EDGE_LOOP ( 'NONE', ( #3845, #5903, #2963, #3777 ) ) ;
#4786 = EDGE_CURVE ( 'NONE', #3943, #2576, #1360, .T. ) ;
#4787 = ORIENTED_EDGE ( 'NONE', *, *, #3881, .F. ) ;
#4788 = DIRECTION ( 'NONE',  ( -0.000000000000000000, 1.000000000000000000, -0.000000000000000000 ) ) ;
#4789 = CARTESIAN_POINT ( 'NONE',  ( 12.69999999999999929, -0.8890000000000000124, -19.04999999999999716 ) ) ;
#4790 = CARTESIAN_POINT ( 'NONE',  ( 12.30000000000000071, 2.264950330581225746, -30.92307225861763698 ) ) ;
#4791 = CARTESIAN_POINT ( 'NONE',  ( 21.18895999750521497, 2.100009524403047667, -6.473344920336804975 ) ) ;
#4792 = EDGE_CURVE ( 'NONE', #2837, #5304, #6108, .T. ) ;
#4793 = VERTEX_POINT ( 'NONE', #6056 ) ;
#4794 = ORIENTED_EDGE ( 'NONE', *, *, #6396, .T. ) ;
#4795 = DIRECTION ( 'NONE',  ( -1.000000000000000000, -0.000000000000000000, -0.000000000000000000 ) ) ;
#4796 = FACE_BOUND ( 'NONE', #852, .T. ) ;
#4797 = CARTESIAN_POINT ( 'NONE',  ( 24.43900000000000716, 0.000000000000000000, -19.04999999999999716 ) ) ;
#4798 = DIRECTION ( 'NONE',  ( 0.000000000000000000, 1.000000000000000000, 0.000000000000000000 ) ) ;
#4799 = B_SPLINE_CURVE_WITH_KNOTS ( 'NONE', 3,
 ( #2451, #5584, #216, #3953, #6631, #5001 ),
 .UNSPECIFIED., .F., .F.,
 ( 4, 2, 4 ),
 ( 0.000000000000000000, 0.0004757428370953075401, 0.0009514856741906155138 ),
 .UNSPECIFIED. ) ;
#4800 = DIRECTION ( 'NONE',  ( 0.000000000000000000, 0.000000000000000000, 1.000000000000000000 ) ) ;
#4801 = EDGE_LOOP ( 'NONE', ( #6183, #6586, #5747, #5265 ) ) ;
#4802 = B_SPLINE_CURVE_WITH_KNOTS ( 'NONE', 3,
 ( #5256, #2117, #1050, #5293 ),
 .UNSPECIFIED., .F., .F.,
 ( 4, 4 ),
 ( 0.003655977453372193445, 0.003758849537120528047 ),
 .UNSPECIFIED. ) ;
#4803 = CARTESIAN_POINT ( 'NONE',  ( 0.3999999999999993006, 2.232710535457612888, 5.620762745781209269 ) ) ;
#4804 = FACE_BOUND ( 'NONE', #5623, .T. ) ;
#4805 = LINE ( 'NONE', #100, #1527 ) ;
#4806 = DIRECTION ( 'NONE',  ( -0.000000000000000000, -0.000000000000000000, 1.000000000000000000 ) ) ;
#4807 = FACE_BOUND ( 'NONE', #6870, .T. ) ;
#4808 = DIRECTION ( 'NONE',  ( 1.000000000000000000, 0.000000000000000000, -8.260587980841934638E-15 ) ) ;
#4809 = VERTEX_POINT ( 'NONE', #3399 ) ;
#4810 = CARTESIAN_POINT ( 'NONE',  ( 14.80000000000000071, -2.571758278209440971E-16, -30.83899999999999864 ) ) ;
#4811 = ORIENTED_EDGE ( 'NONE', *, *, #1271, .F. ) ;
#4812 = EDGE_CURVE ( 'NONE', #1342, #2071, #3608, .T. ) ;
#4813 = DIRECTION ( 'NONE',  ( 0.000000000000000000, 0.000000000000000000, 1.000000000000000000 ) ) ;
#4814 = EDGE_CURVE ( 'NONE', #114, #1441, #3890, .T. ) ;
#4815 = VERTEX_POINT ( 'NONE', #866 ) ;
#4816 = ORIENTED_EDGE ( 'NONE', *, *, #5770, .T. ) ;
#4817 = ORIENTED_EDGE ( 'NONE', *, *, #6718, .T. ) ;
#4818 = CARTESIAN_POINT ( 'NONE',  ( 12.69999999999999929, 0.000000000000000000, 5.439000000000000945 ) ) ;
#4819 = EDGE_CURVE ( 'NONE', #3911, #4270, #1335, .T. ) ;
#4820 = FACE_BOUND ( 'NONE', #2378, .T. ) ;
#4821 = DIRECTION ( 'NONE',  ( -1.000000000000000000, 0.000000000000000000, 1.084202172485504434E-16 ) ) ;
#4822 = CARTESIAN_POINT ( 'NONE',  ( 17.05000000000000426, 6.200000000000000178, -2.000000000000003109 ) ) ;
#4823 = EDGE_CURVE ( 'NONE', #6585, #4885, #2208, .T. ) ;
#4824 = ORIENTED_EDGE ( 'NONE', *, *, #5031, .T. ) ;
#4825 = CIRCLE ( 'NONE', #3599, 2.299999999999999822 ) ;
#4826 = DIRECTION ( 'NONE',  ( 1.000000000000000000, 0.000000000000000000, 0.000000000000000000 ) ) ;
#4827 = DIRECTION ( 'NONE',  ( 0.000000000000000000, 0.000000000000000000, 1.000000000000000000 ) ) ;
#4828 = EDGE_CURVE ( 'NONE', #6276, #1843, #4478, .T. ) ;
#4829 = FACE_OUTER_BOUND ( 'NONE', #2610, .T. ) ;
#4830 = CARTESIAN_POINT ( 'NONE',  ( 12.69999999999999929, -4.174999999999999822, -6.350000000000000533 ) ) ;
#4831 = DIRECTION ( 'NONE',  ( 0.000000000000000000, 0.000000000000000000, -1.000000000000000000 ) ) ;
#4832 = AXIS2_PLACEMENT_3D ( 'NONE', #5, #3655, #4736 ) ;
#4833 = ORIENTED_EDGE ( 'NONE', *, *, #3595, .T. ) ;
#4834 = B_SPLINE_CURVE_WITH_KNOTS ( 'NONE', 3,
 ( #319, #4602, #6181, #1844 ),
 .UNSPECIFIED., .F., .F.,
 ( 4, 4 ),
 ( 0.007647354141962973799, 0.007869202712918556275 ),
 .UNSPECIFIED. ) ;
#4835 = CARTESIAN_POINT ( 'NONE',  ( 24.67076274578120376, 0.000000000000000000, -6.350000000000001421 ) ) ;
#4836 = CARTESIAN_POINT ( 'NONE',  ( 15.87500000000000000, 0.000000000000000000, -26.28900000000000148 ) ) ;
#4837 = CARTESIAN_POINT ( 'NONE',  ( 23.35584935626993186, -1.999113491775012408, -6.997740341250767493 ) ) ;
#4838 = EDGE_CURVE ( 'NONE', #1631, #1998, #5781, .T. ) ;
#4839 = DIRECTION ( 'NONE',  ( 1.000000000000000000, 0.000000000000000000, 0.000000000000000000 ) ) ;
#4840 = FACE_OUTER_BOUND ( 'NONE', #3341, .T. ) ;
#4841 = VECTOR ( 'NONE', #3684, 1000.000000000000000 ) ;
#4842 = CARTESIAN_POINT ( 'NONE',  ( 12.69999999999999929, -5.460999999999999410, -22.22499999999999787 ) ) ;
#4843 = EDGE_LOOP ( 'NONE', ( #3298, #809 ) ) ;
#4844 = AXIS2_PLACEMENT_3D ( 'NONE', #1948, #2054, #5910 ) ;
#4845 = FACE_OUTER_BOUND ( 'NONE', #3492, .T. ) ;
#4846 = ORIENTED_EDGE ( 'NONE', *, *, #5770, .F. ) ;
#4847 = VECTOR ( 'NONE', #1704, 1000.000000000000000 ) ;
#4848 = DIRECTION ( 'NONE',  ( 0.000000000000000000, 0.000000000000000000, -1.000000000000000000 ) ) ;
#4849 = CIRCLE ( 'NONE', #3741, 3.175000000000000711 ) ;
#4850 = CIRCLE ( 'NONE', #3958, 2.299999999999999822 ) ;
#4851 = EDGE_LOOP ( 'NONE', ( #6748, #534 ) ) ;
#4852 = ORIENTED_EDGE ( 'NONE', *, *, #4271, .T. ) ;
#4853 = ORIENTED_EDGE ( 'NONE', *, *, #4674, .T. ) ;
#4854 = CARTESIAN_POINT ( 'NONE',  ( 0.000000000000000000, -5.460999999999999410, -16.94999999999999574 ) ) ;
#4855 = DIRECTION ( 'NONE',  ( 0.000000000000000000, 0.000000000000000000, -1.000000000000000000 ) ) ;
#4856 = EDGE_CURVE ( 'NONE', #574, #6168, #4720, .T. ) ;
#4857 = EDGE_CURVE ( 'NONE', #3843, #6656, #6336, .T. ) ;
#4858 = VERTEX_POINT ( 'NONE', #1542 ) ;
#4859 = LINE ( 'NONE', #5450, #3778 ) ;
#4860 = CARTESIAN_POINT ( 'NONE',  ( -0.4980973490458714958, 2.040073290564207831, 2.595422128626172054 ) ) ;
#4861 = EDGE_CURVE ( 'NONE', #2305, #6042, #4235, .T. ) ;
#4862 = LINE ( 'NONE', #5846, #3757 ) ;
#4863 = DIRECTION ( 'NONE',  ( 0.000000000000000000, 0.000000000000000000, 1.000000000000000000 ) ) ;
#4864 = CARTESIAN_POINT ( 'NONE',  ( 2.100000000000000089, 2.571758278209441957E-16, 0.8890000000000000124 ) ) ;
#4865 = CIRCLE ( 'NONE', #1847, 3.175000000000000711 ) ;
#4866 = ORIENTED_EDGE ( 'NONE', *, *, #349, .T. ) ;
#4867 = B_SPLINE_CURVE_WITH_KNOTS ( 'NONE', 3,
 ( #3770, #3733, #1560, #4421 ),
 .UNSPECIFIED., .F., .F.,
 ( 4, 4 ),
 ( 0.003655977453372197782, 0.003758849537120532817 ),
 .UNSPECIFIED. ) ;
#4868 = CARTESIAN_POINT ( 'NONE',  ( 0.7206315775864680084, 3.174999999999998934, -30.53899999999999082 ) ) ;
#4869 = CARTESIAN_POINT ( 'NONE',  ( 12.30000000000000071, -2.232710535457612888, -31.02076274578120874 ) ) ;
#4870 = AXIS2_PLACEMENT_3D ( 'NONE', #4878, #2751, #597 ) ;
#4871 = CARTESIAN_POINT ( 'NONE',  ( 13.10000000000000142, -1.502637486114517973, 6.139000000000000234 ) ) ;
#4872 = ADVANCED_FACE ( 'NONE', ( #438 ), #329, .T. ) ;
#4873 = CIRCLE ( 'NONE', #5320, 2.100000000000000089 ) ;
#4874 = ORIENTED_EDGE ( 'NONE', *, *, #6023, .T. ) ;
#4875 = DIRECTION ( 'NONE',  ( 0.000000000000000000, 0.000000000000000000, 1.000000000000000000 ) ) ;
#4876 = CARTESIAN_POINT ( 'NONE',  ( 13.09999999999999964, 2.061552812808831181, 5.139000000000000234 ) ) ;
#4877 = ORIENTED_EDGE ( 'NONE', *, *, #3019, .T. ) ;
#4878 = CARTESIAN_POINT ( 'NONE',  ( 12.69999999999999929, -2.174999999999999822, -19.04999999999999716 ) ) ;
#4879 = DIRECTION ( 'NONE',  ( -0.000000000000000000, 0.000000000000000000, 1.000000000000000000 ) ) ;
#4880 = VECTOR ( 'NONE', #5329, 1000.000000000000000 ) ;
#4881 = ORIENTED_EDGE ( 'NONE', *, *, #5816, .F. ) ;
#4882 = CIRCLE ( 'NONE', #6762, 2.268258436585967264 ) ;
#4883 = EDGE_LOOP ( 'NONE', ( #4190, #232 ) ) ;
#4884 = CARTESIAN_POINT ( 'NONE',  ( 25.18899999999999650, 0.000000000000000000, -6.749999999999999112 ) ) ;
#4885 = VERTEX_POINT ( 'NONE', #3151 ) ;
#4886 = CIRCLE ( 'NONE', #5441, 2.100000000000000977 ) ;
#4887 = FACE_OUTER_BOUND ( 'NONE', #3352, .T. ) ;
#4888 = AXIS2_PLACEMENT_3D ( 'NONE', #6370, #545, #3715 ) ;
#4889 = DIRECTION ( 'NONE',  ( 0.000000000000000000, -0.000000000000000000, 1.000000000000000000 ) ) ;
#4890 = DIRECTION ( 'NONE',  ( 1.000000000000000000, 0.000000000000000000, 0.000000000000000000 ) ) ;
#4891 = VECTOR ( 'NONE', #5963, 1000.000000000000227 ) ;
#4892 = EDGE_CURVE ( 'NONE', #1239, #1669, #1299, .T. ) ;
#4893 = ORIENTED_EDGE ( 'NONE', *, *, #2033, .T. ) ;
#4894 = ORIENTED_EDGE ( 'NONE', *, *, #4229, .F. ) ;
#4895 = DIRECTION ( 'NONE',  ( -1.000000000000000000, -0.000000000000000000, 0.000000000000000000 ) ) ;
#4896 = CARTESIAN_POINT ( 'NONE',  ( 0.000000000000000000, -5.460999999999999410, -19.04999999999999716 ) ) ;
#4897 = ORIENTED_EDGE ( 'NONE', *, *, #4217, .T. ) ;
#4898 = DIRECTION ( 'NONE',  ( -0.000000000000000000, -1.000000000000000000, -0.000000000000000000 ) ) ;
#4899 = EDGE_CURVE ( 'NONE', #3123, #4667, #5170, .T. ) ;
#4900 = CARTESIAN_POINT ( 'NONE',  ( 0.4000000000000010214, -1.502637486114517751, 6.139000000000000234 ) ) ;
#4901 = ADVANCED_FACE ( 'NONE', ( #3541 ), #5334, .T. ) ;
#4902 = FACE_OUTER_BOUND ( 'NONE', #2338, .T. ) ;
#4903 = EDGE_CURVE ( 'NONE', #5026, #1977, #2063, .T. ) ;
#4904 = ORIENTED_EDGE ( 'NONE', *, *, #1320, .T. ) ;
#4905 = CARTESIAN_POINT ( 'NONE',  ( 0.3999999999999993561, 2.243459280444427772, 5.588199955838118349 ) ) ;
#4906 = DIRECTION ( 'NONE',  ( 1.000000000000000000, 0.000000000000000000, 8.260587980841934638E-15 ) ) ;
#4907 = DIRECTION ( 'NONE',  ( 0.000000000000000000, 0.000000000000000000, -1.000000000000000000 ) ) ;
#4908 = CARTESIAN_POINT ( 'NONE',  ( 0.000000000000000000, -0.8890000000000000124, -19.04999999999999716 ) ) ;
#4909 = EDGE_CURVE ( 'NONE', #6398, #4916, #1972, .T. ) ;
#4910 = DIRECTION ( 'NONE',  ( -0.000000000000000000, 0.000000000000000000, 1.000000000000000000 ) ) ;
#4911 = CARTESIAN_POINT ( 'NONE',  ( 21.64542212862617632, -2.040073290564207831, -18.55190265095412627 ) ) ;
#4912 = EDGE_CURVE ( 'NONE', #1977, #3561, #2022, .T. ) ;
#4913 = DIRECTION ( 'NONE',  ( 0.000000000000000000, 1.000000000000000000, 0.000000000000000000 ) ) ;
#4914 = CARTESIAN_POINT ( 'NONE',  ( 22.50712190959816539, 2.021666578221208432, -18.47651368875630951 ) ) ;
#4915 = DIRECTION ( 'NONE',  ( -1.621236893436268647E-16, 0.000000000000000000, -1.000000000000000000 ) ) ;
#4916 = VERTEX_POINT ( 'NONE', #976 ) ;
#4917 = EDGE_CURVE ( 'NONE', #6358, #766, #4160, .T. ) ;
#4918 = CARTESIAN_POINT ( 'NONE',  ( 12.69999999999999929, -0.8890000000000000124, -15.87499999999999645 ) ) ;
#4919 = ORIENTED_EDGE ( 'NONE', *, *, #6452, .T. ) ;
#4920 = VERTEX_POINT ( 'NONE', #1993 ) ;
#4921 = DIRECTION ( 'NONE',  ( 0.3875155864520939408, 0.000000000000000000, -0.9218631515885042926 ) ) ;
#4922 = ORIENTED_EDGE ( 'NONE', *, *, #2782, .T. ) ;
#4923 = CARTESIAN_POINT ( 'NONE',  ( 0.000000000000000000, 0.000000000000000000, -25.39999999999999858 ) ) ;
#4924 = EDGE_CURVE ( 'NONE', #876, #6177, #2659, .T. ) ;
#4925 = CARTESIAN_POINT ( 'NONE',  ( -5.199999999999997513, -2.174999999999999822, 1.617397523722067091E-15 ) ) ;
#4926 = ORIENTED_EDGE ( 'NONE', *, *, #359, .T. ) ;
#4927 = EDGE_LOOP ( 'NONE', ( #8, #1321 ) ) ;
#4928 = ORIENTED_EDGE ( 'NONE', *, *, #3362, .T. ) ;
#4929 =( BOUNDED_CURVE ( )  B_SPLINE_CURVE ( 3, ( #6534, #1216, #5097, #3359 ),
 .UNSPECIFIED., .F., .T. ) 
 B_SPLINE_CURVE_WITH_KNOTS ( ( 4, 4 ),
 ( 1.810267798689539021, 1.921073213463466933 ),
 .UNSPECIFIED. ) 
 CURVE ( )  GEOMETRIC_REPRESENTATION_ITEM ( )  RATIONAL_B_SPLINE_CURVE ( ( 1.000000000000000000, 0.9989771083553060649, 0.9989771083553060649, 1.000000000000000000 ) ) 
 REPRESENTATION_ITEM ( '' )  );
#4930 = CARTESIAN_POINT ( 'NONE',  ( 21.64542212862617632, -2.040073290564207831, -19.54809734904586804 ) ) ;
#4931 = DIRECTION ( 'NONE',  ( -0.7071067811865473507, 0.000000000000000000, -0.7071067811865477948 ) ) ;
#4932 = CARTESIAN_POINT ( 'NONE',  ( 3.174999999999999822, 0.000000000000000000, 0.8890000000000000124 ) ) ;
#4933 = DIRECTION ( 'NONE',  ( -0.000000000000000000, 0.000000000000000000, 1.000000000000000000 ) ) ;
#4934 = CARTESIAN_POINT ( 'NONE',  ( 0.4000000000000000222, -2.081805041010025281, -31.30694035598735070 ) ) ;
#4935 = CIRCLE ( 'NONE', #1808, 3.175000000000002487 ) ;
#4936 = DIRECTION ( 'NONE',  ( 1.000000000000000000, -0.000000000000000000, -0.000000000000000000 ) ) ;
#4937 = CIRCLE ( 'NONE', #3152, 2.299999999999999822 ) ;
#4938 = CYLINDRICAL_SURFACE ( 'NONE', #1408, 2.100000000000000977 ) ;
#4939 = DIRECTION ( 'NONE',  ( 0.000000000000000000, 1.000000000000000000, 0.000000000000000000 ) ) ;
#4940 =( LENGTH_UNIT ( ) NAMED_UNIT ( * ) SI_UNIT ( .MILLI., .METRE. ) );
#4941 = LINE ( 'NONE', #1117, #1248 ) ;
#4942 = AXIS2_PLACEMENT_3D ( 'NONE', #603, #2095, #4289 ) ;
#4943 = EDGE_CURVE ( 'NONE', #3837, #5050, #3775, .T. ) ;
#4944 = ORIENTED_EDGE ( 'NONE', *, *, #6396, .F. ) ;
#4945 = CARTESIAN_POINT ( 'NONE',  ( 0.4000000000000000777, 2.061552812808830293, -30.83899999999999153 ) ) ;
#4946 = CARTESIAN_POINT ( 'NONE',  ( 21.64542212862616566, -2.040073290564207831, -6.848097349045873194 ) ) ;
#4947 = ORIENTED_EDGE ( 'NONE', *, *, #861, .F. ) ;
#4948 = AXIS2_PLACEMENT_3D ( 'NONE', #1889, #793, #1325 ) ;
#4949 = ADVANCED_FACE ( 'NONE', ( #1002 ), #469, .T. ) ;
#4950 = DIRECTION ( 'NONE',  ( 1.000000000000000000, 0.000000000000000000, 0.000000000000000000 ) ) ;
#4951 = VERTEX_POINT ( 'NONE', #896 ) ;
#4952 = VERTEX_POINT ( 'NONE', #6369 ) ;
#4953 = CARTESIAN_POINT ( 'NONE',  ( 24.48900000000000432, 0.000000000000000000, -21.14999999999999858 ) ) ;
#4954 = EDGE_LOOP ( 'NONE', ( #3001, #4747, #3629, #3478 ) ) ;
#4955 = LINE ( 'NONE', #6562, #22 ) ;
#4956 = CARTESIAN_POINT ( 'NONE',  ( -0.3999999999999993006, -2.264950330581225746, 5.523072258617638397 ) ) ;
#4957 = CARTESIAN_POINT ( 'NONE',  ( 0.000000000000000000, -4.174999999999999822, -22.22499999999999787 ) ) ;
#4958 = AXIS2_PLACEMENT_3D ( 'NONE', #5580, #2801, #778 ) ;
#4959 = ORIENTED_EDGE ( 'NONE', *, *, #6353, .T. ) ;
#4960 = EDGE_LOOP ( 'NONE', ( #3146, #1312, #631 ) ) ;
#4961 = AXIS2_PLACEMENT_3D ( 'NONE', #1830, #5496, #1801 ) ;
#4962 = DIRECTION ( 'NONE',  ( -0.000000000000000000, -0.000000000000000000, 1.000000000000000000 ) ) ;
#4963 = CARTESIAN_POINT ( 'NONE',  ( 21.68899999999999295, -3.174999999999999822, -6.350000000000001421 ) ) ;
#4964 = EDGE_LOOP ( 'NONE', ( #4138, #2080, #2047, #1174 ) ) ;
#4965 = CARTESIAN_POINT ( 'NONE',  ( 13.18717986391388131, -2.042738866564659972, 2.470634702552896744 ) ) ;
#4966 = CARTESIAN_POINT ( 'NONE',  ( 10.40000000000000036, 0.000000000000000000, 5.523072258617638397 ) ) ;
#4967 = FACE_OUTER_BOUND ( 'NONE', #1883, .T. ) ;
#4968 =( BOUNDED_CURVE ( )  B_SPLINE_CURVE ( 3, ( #666, #2855, #1121, #4980 ),
 .UNSPECIFIED., .F., .T. ) 
 B_SPLINE_CURVE_WITH_KNOTS ( ( 4, 4 ),
 ( 4.362112093716119077, 4.472917508490046323 ),
 .UNSPECIFIED. ) 
 CURVE ( )  GEOMETRIC_REPRESENTATION_ITEM ( )  RATIONAL_B_SPLINE_CURVE ( ( 1.000000000000000000, 0.9989771083553060649, 0.9989771083553060649, 1.000000000000000000 ) ) 
 REPRESENTATION_ITEM ( '' )  );
#4969 = DIRECTION ( 'NONE',  ( -1.000000000000000000, 0.000000000000000000, 0.000000000000000000 ) ) ;
#4970 = CARTESIAN_POINT ( 'NONE',  ( 24.51698505588080224, -2.129368206736821367, -5.950000000000003730 ) ) ;
#4971 = CYLINDRICAL_SURFACE ( 'NONE', #6518, 3.174999999999999822 ) ;
#4972 = CARTESIAN_POINT ( 'NONE',  ( 0.000000000000000000, 0.000000000000000000, 0.8890000000000000124 ) ) ;
#4973 = AXIS2_PLACEMENT_3D ( 'NONE', #2055, #2724, #4821 ) ;
#4974 = EDGE_CURVE ( 'NONE', #6022, #2916, #4886, .T. ) ;
#4975 = CARTESIAN_POINT ( 'NONE',  ( 19.93899999999999650, 2.571758278209440971E-16, -8.450000000000002842 ) ) ;
#4976 = DIRECTION ( 'NONE',  ( 1.000000000000000000, 0.000000000000000000, -0.000000000000000000 ) ) ;
#4977 = LINE ( 'NONE', #764, #5447 ) ;
#4978 = ORIENTED_EDGE ( 'NONE', *, *, #4431, .F. ) ;
#4979 = AXIS2_PLACEMENT_3D ( 'NONE', #6136, #1373, #4629 ) ;
#4980 = CARTESIAN_POINT ( 'NONE',  ( 13.19809734904587195, -2.040073290564207387, 2.595422128626172054 ) ) ;
#4981 = EDGE_CURVE ( 'NONE', #816, #3880, #5356, .T. ) ;
#4982 = ADVANCED_FACE ( 'NONE', ( #4194 ), #1865, .T. ) ;
#4983 = AXIS2_PLACEMENT_3D ( 'NONE', #1895, #3445, #6651 ) ;
#4984 = EDGE_CURVE ( 'NONE', #315, #3456, #511, .T. ) ;
#4985 = EDGE_LOOP ( 'NONE', ( #3174, #2921, #5505, #4434, #769, #421 ) ) ;
#4986 = EDGE_LOOP ( 'NONE', ( #1780, #3076, #6877, #5785 ) ) ;
#4987 = FACE_OUTER_BOUND ( 'NONE', #5126, .T. ) ;
#4988 = ORIENTED_EDGE ( 'NONE', *, *, #5761, .F. ) ;
#4989 = LINE ( 'NONE', #4173, #6828 ) ;
#4990 = VECTOR ( 'NONE', #6813, 1000.000000000000000 ) ;
#4991 = CONICAL_SURFACE ( 'NONE', #1758, 2.100000000000000977, 1.172861257340199304 ) ;
#4992 = CARTESIAN_POINT ( 'NONE',  ( 24.43899999999999650, 0.000000000000000000, -7.904966049364603897 ) ) ;
#4993 = TOROIDAL_SURFACE ( 'NONE', #6339, 1.554966049364602254, 0.7500000000000000000 ) ;
#4994 = EDGE_CURVE ( 'NONE', #1868, #1285, #3714, .T. ) ;
#4995 = VERTEX_POINT ( 'NONE', #6916 ) ;
#4996 = AXIS2_PLACEMENT_3D ( 'NONE', #6678, #6157, #1397 ) ;
#4997 = ORIENTED_EDGE ( 'NONE', *, *, #5838, .F. ) ;
#4998 = PLANE ( 'NONE',  #5555 ) ;
#4999 = CARTESIAN_POINT ( 'NONE',  ( 23.35584935626991410, -1.999113491775013296, -5.702259658749237126 ) ) ;
#5000 = CARTESIAN_POINT ( 'NONE',  ( 12.20190265095412840, -2.040073290564207831, 2.595422128626172054 ) ) ;
#5001 = CARTESIAN_POINT ( 'NONE',  ( 0.3999999999999993006, 2.232710535457612888, 5.620762745781209269 ) ) ;
#5002 = EDGE_CURVE ( 'NONE', #1947, #2757, #3084, .T. ) ;
#5003 = AXIS2_PLACEMENT_3D ( 'NONE', #3005, #6594, #1877 ) ;
#5004 = DIRECTION ( 'NONE',  ( 0.000000000000000000, 0.000000000000000000, -1.000000000000000000 ) ) ;
#5005 = VERTEX_POINT ( 'NONE', #4263 ) ;
#5006 = CARTESIAN_POINT ( 'NONE',  ( 17.05000000000000426, -2.174999999999997158, -2.000000000000003109 ) ) ;
#5007 = B_SPLINE_CURVE_WITH_KNOTS ( 'NONE', 3,
 ( #3513, #2639, #4308, #6377, #1588, #6409 ),
 .UNSPECIFIED., .F., .F.,
 ( 4, 2, 4 ),
 ( 0.000000000000000000, 0.0004757428370953066185, 0.0009514856741906136707 ),
 .UNSPECIFIED. ) ;
#5008 = DIRECTION ( 'NONE',  ( 1.000000000000000000, 0.000000000000000000, 0.000000000000000000 ) ) ;
#5009 = CARTESIAN_POINT ( 'NONE',  ( 13.09999999999999964, 2.197165962000668937, 5.495012552331538735 ) ) ;
#5010 = CARTESIAN_POINT ( 'NONE',  ( 12.30000000000000071, 2.129368205736810626, 5.466985055468135180 ) ) ;
#5011 = CARTESIAN_POINT ( 'NONE',  ( 13.09999999999999964, -2.182266827280789023, -31.17357945836740640 ) ) ;
#5012 = FACE_OUTER_BOUND ( 'NONE', #3453, .T. ) ;
#5013 = VERTEX_POINT ( 'NONE', #5208 ) ;
#5014 = VERTEX_POINT ( 'NONE', #2587 ) ;
#5015 = FACE_OUTER_BOUND ( 'NONE', #5538, .T. ) ;
#5016 = VERTEX_POINT ( 'NONE', #365 ) ;
#5017 = EDGE_CURVE ( 'NONE', #4340, #5266, #3663, .T. ) ;
#5018 = DIRECTION ( 'NONE',  ( -0.08715574274765176821, -0.000000000000000000, 0.9961946980917461003 ) ) ;
#5019 = ORIENTED_EDGE ( 'NONE', *, *, #2168, .F. ) ;
#5020 = EDGE_LOOP ( 'NONE', ( #4436, #5829, #894, #1637 ) ) ;
#5021 = EDGE_CURVE ( 'NONE', #3554, #6637, #4744, .T. ) ;
#5022 = ORIENTED_EDGE ( 'NONE', *, *, #14, .T. ) ;
#5023 = EDGE_CURVE ( 'NONE', #6528, #4469, #735, .T. ) ;
#5024 = DIRECTION ( 'NONE',  ( -0.000000000000000000, -0.000000000000000000, -1.000000000000000000 ) ) ;
#5025 = DIRECTION ( 'NONE',  ( -0.08715574274765176821, -0.000000000000000000, 0.9961946980917461003 ) ) ;
#5026 = VERTEX_POINT ( 'NONE', #6259 ) ;
#5027 = LINE ( 'NONE', #2373, #6430 ) ;
#5028 = FACE_OUTER_BOUND ( 'NONE', #3520, .T. ) ;
#5029 = DIRECTION ( 'NONE',  ( 0.000000000000000000, 0.000000000000000000, 1.000000000000000000 ) ) ;
#5030 = ORIENTED_EDGE ( 'NONE', *, *, #4343, .T. ) ;
#5031 = EDGE_CURVE ( 'NONE', #2513, #5014, #5810, .T. ) ;
#5032 = CARTESIAN_POINT ( 'NONE',  ( 12.69999999999999929, -0.8890000000000000124, -15.87499999999999645 ) ) ;
#5033 = LINE ( 'NONE', #5628, #4550 ) ;
#5034 = EDGE_CURVE ( 'NONE', #5577, #2694, #1460, .T. ) ;
#5035 = CARTESIAN_POINT ( 'NONE',  ( 13.09999999999999964, -2.197165962000670270, -30.89501255233153643 ) ) ;
#5036 = FACE_OUTER_BOUND ( 'NONE', #5135, .T. ) ;
#5037 = AXIS2_PLACEMENT_3D ( 'NONE', #4699, #4738, #3026 ) ;
#5038 = CARTESIAN_POINT ( 'NONE',  ( 24.67076274578120376, 0.000000000000000000, -4.081741563414032825 ) ) ;
#5039 = VECTOR ( 'NONE', #2968, 1000.000000000000000 ) ;
#5040 = DIRECTION ( 'NONE',  ( -1.000000000000000000, 0.000000000000000000, 0.000000000000000000 ) ) ;
#5041 = ORIENTED_EDGE ( 'NONE', *, *, #5733, .F. ) ;
#5042 = AXIS2_PLACEMENT_3D ( 'NONE', #4923, #116, #4463 ) ;
#5043 = ORIENTED_EDGE ( 'NONE', *, *, #3588, .F. ) ;
#5044 = CARTESIAN_POINT ( 'NONE',  ( 0.000000000000000000, 0.000000000000000000, 5.523072258617638397 ) ) ;
#5045 = ORIENTED_EDGE ( 'NONE', *, *, #2569, .F. ) ;
#5046 = LINE ( 'NONE', #1935, #6325 ) ;
#5047 = CARTESIAN_POINT ( 'NONE',  ( 13.09999999999999964, -1.821676962433381952, 6.089970303311146971 ) ) ;
#5048 = ORIENTED_EDGE ( 'NONE', *, *, #6139, .F. ) ;
#5049 = AXIS2_PLACEMENT_3D ( 'NONE', #3609, #6299, #4800 ) ;
#5050 = VERTEX_POINT ( 'NONE', #4158 ) ;
#5051 = ORIENTED_EDGE ( 'NONE', *, *, #665, .F. ) ;
#5052 = EDGE_CURVE ( 'NONE', #4728, #5678, #3642, .T. ) ;
#5053 = VERTEX_POINT ( 'NONE', #1711 ) ;
#5054 = CARTESIAN_POINT ( 'NONE',  ( 24.54501255233153501, 2.197165962000668937, -6.749999999999999112 ) ) ;
#5055 = CARTESIAN_POINT ( 'NONE',  ( 24.57307225861763200, 2.264950330581225302, -6.749999999999999112 ) ) ;
#5056 = ORIENTED_EDGE ( 'NONE', *, *, #2198, .T. ) ;
#5057 = VECTOR ( 'NONE', #5789, 1000.000000000000000 ) ;
#5058 = LINE ( 'NONE', #2410, #6405 ) ;
#5059 = DIRECTION ( 'NONE',  ( 1.000000000000000000, 0.000000000000000000, 0.000000000000000000 ) ) ;
#5060 = CARTESIAN_POINT ( 'NONE',  ( 0.000000000000000000, 0.000000000000000000, -30.92307225861762987 ) ) ;
#5061 = CARTESIAN_POINT ( 'NONE',  ( 24.48899999999999721, 2.061552812808830293, -5.950000000000003730 ) ) ;
#5062 = ADVANCED_FACE ( 'NONE', ( #680 ), #3855, .T. ) ;
#5063 = EDGE_CURVE ( 'NONE', #6868, #5465, #1751, .T. ) ;
#5064 = B_SPLINE_CURVE_WITH_KNOTS ( 'NONE', 3,
 ( #2361, #6616, #1333, #3973 ),
 .UNSPECIFIED., .F., .F.,
 ( 4, 4 ),
 ( 0.003655977453372197348, 0.003758849537120531950 ),
 .UNSPECIFIED. ) ;
#5065 = ORIENTED_EDGE ( 'NONE', *, *, #1075, .T. ) ;
#5066 = EDGE_LOOP ( 'NONE', ( #4787, #6351, #3553, #4988 ) ) ;
#5067 = DIRECTION ( 'NONE',  ( 0.000000000000000000, 0.000000000000000000, -1.000000000000000000 ) ) ;
#5068 = DIRECTION ( 'NONE',  ( -0.000000000000000000, -1.000000000000000000, -0.000000000000000000 ) ) ;
#5069 = APPROVAL_DATE_TIME ( #6679, #1024 ) ;
#5070 = CARTESIAN_POINT ( 'NONE',  ( 21.64542212862616566, 2.040073290564206943, -6.848097349045873194 ) ) ;
#5071 = CARTESIAN_POINT ( 'NONE',  ( 9.524999999999998579, -3.888253587292846081E-16, -25.39999999999999858 ) ) ;
#5072 = CARTESIAN_POINT ( 'NONE',  ( 6.350000000000000533, -6.200000000000001066, -12.69999999999999929 ) ) ;
#5073 = DIRECTION ( 'NONE',  ( -0.000000000000000000, 1.000000000000000000, 0.000000000000000000 ) ) ;
#5074 = ORIENTED_EDGE ( 'NONE', *, *, #3446, .T. ) ;
#5075 = AXIS2_PLACEMENT_3D ( 'NONE', #6799, #4643, #2013 ) ;
#5076 = DIRECTION ( 'NONE',  ( -0.000000000000000000, -0.000000000000000000, 1.000000000000000000 ) ) ;
#5077 = ADVANCED_FACE ( 'NONE', ( #5914 ), #1212, .T. ) ;
#5078 = ORIENTED_EDGE ( 'NONE', *, *, #2078, .F. ) ;
#5079 = CIRCLE ( 'NONE', #6649, 2.100000000000000977 ) ;
#5080 = ORIENTED_EDGE ( 'NONE', *, *, #3662, .T. ) ;
#5081 = DIRECTION ( 'NONE',  ( 0.000000000000000000, 0.000000000000000000, -1.000000000000000000 ) ) ;
#5082 = ORIENTED_EDGE ( 'NONE', *, *, #4557, .F. ) ;
#5083 = CARTESIAN_POINT ( 'NONE',  ( -3.654415587728430559, -0.1999999999999996503, -12.69999999999999929 ) ) ;
#5084 = CARTESIAN_POINT ( 'NONE',  ( -0.4980973490458714958, 2.040073290564207831, 2.595422128626172054 ) ) ;
#5085 = ORIENTED_EDGE ( 'NONE', *, *, #5837, .T. ) ;
#5086 = CIRCLE ( 'NONE', #4315, 2.268258436585967264 ) ;
#5087 = ORIENTED_EDGE ( 'NONE', *, *, #479, .F. ) ;
#5088 = ORIENTED_EDGE ( 'NONE', *, *, #5023, .T. ) ;
#5089 = AXIS2_PLACEMENT_3D ( 'NONE', #1180, #3288, #1580 ) ;
#5090 = ORIENTED_EDGE ( 'NONE', *, *, #4551, .T. ) ;
#5091 = TOROIDAL_SURFACE ( 'NONE', #4090, 1.554966049364602254, 0.7500000000000000000 ) ;
#5092 = CARTESIAN_POINT ( 'NONE',  ( 21.23722132339894841, -2.087439085565598429, -6.597091747881984602 ) ) ;
#5093 = CARTESIAN_POINT ( 'NONE',  ( 12.69999999999999929, 0.000000000000000000, 0.000000000000000000 ) ) ;
#5094 = ORIENTED_EDGE ( 'NONE', *, *, #1379, .T. ) ;
#5095 = DIRECTION ( 'NONE',  ( 0.7071067811865476838, -0.7071067811865474617, 0.000000000000000000 ) ) ;
#5096 = CARTESIAN_POINT ( 'NONE',  ( 13.09999999999999964, 2.232710535457612888, 5.620762745781209269 ) ) ;
#5097 = CARTESIAN_POINT ( 'NONE',  ( -0.6477403412507644065, 1.999113491775013296, -29.70584935626991197 ) ) ;
#5098 = ADVANCED_FACE ( 'NONE', ( #3284 ), #4334, .F. ) ;
#5099 = AXIS2_PLACEMENT_3D ( 'NONE', #398, #1456, #931 ) ;
#5100 = VERTEX_POINT ( 'NONE', #2765 ) ;
#5101 = ORIENTED_EDGE ( 'NONE', *, *, #6352, .T. ) ;
#5102 = CARTESIAN_POINT ( 'NONE',  ( 12.30000000000000071, 2.264950330581225746, -30.92307225861763698 ) ) ;
#5103 = AXIS2_PLACEMENT_3D ( 'NONE', #6702, #3013, #3539 ) ;
#5104 = CARTESIAN_POINT ( 'NONE',  ( 17.05000000000000426, 6.200000000000000178, -2.000000000000003109 ) ) ;
#5105 = ADVANCED_FACE ( 'NONE', ( #6497 ), #2237, .T. ) ;
#5106 = EDGE_CURVE ( 'NONE', #1868, #3209, #4859, .T. ) ;
#5107 = CARTESIAN_POINT ( 'NONE',  ( 0.000000000000000000, -0.8890000000000000124, -6.349999999999999645 ) ) ;
#5108 = EDGE_CURVE ( 'NONE', #2006, #6656, #157, .T. ) ;
#5109 = CALENDAR_DATE ( 2022, 6, 6 ) ;
#5110 = AXIS2_PLACEMENT_3D ( 'NONE', #3250, #1106, #4826 ) ;
#5111 = CARTESIAN_POINT ( 'NONE',  ( 13.09999999999999964, -2.061552812808830293, -30.83899999999999864 ) ) ;
#5112 = PLANE ( 'NONE',  #1149 ) ;
#5113 = EDGE_CURVE ( 'NONE', #6085, #4793, #1194, .T. ) ;
#5114 = DIRECTION ( 'NONE',  ( 1.000000000000000000, 0.000000000000000000, 0.000000000000000000 ) ) ;
#5115 = VERTEX_POINT ( 'NONE', #3221 ) ;
#5116 = EDGE_CURVE ( 'NONE', #4116, #876, #2201, .T. ) ;
#5117 = CARTESIAN_POINT ( 'NONE',  ( -0.4871800118523827994, -2.042738830444500664, 2.470636393497685823 ) ) ;
#5118 = EDGE_LOOP ( 'NONE', ( #5839, #3820, #5056, #5176 ) ) ;
#5119 = ORIENTED_EDGE ( 'NONE', *, *, #958, .F. ) ;
#5120 = LINE ( 'NONE', #2894, #218 ) ;
#5121 = EDGE_LOOP ( 'NONE', ( #3748, #144, #3925, #2681 ) ) ;
#5122 = EDGE_CURVE ( 'NONE', #1975, #5448, #4782, .T. ) ;
#5123 = DIRECTION ( 'NONE',  ( 0.000000000000000000, 0.000000000000000000, 1.000000000000000000 ) ) ;
#5124 = CARTESIAN_POINT ( 'NONE',  ( -0.2470917478819852908, 2.087439085565598429, 2.187221323398956141 ) ) ;
#5125 = ORIENTED_EDGE ( 'NONE', *, *, #4431, .T. ) ;
#5126 = EDGE_LOOP ( 'NONE', ( #3377, #3431, #5754, #1231, #3012, #4531 ) ) ;
#5127 = ORIENTED_EDGE ( 'NONE', *, *, #6213, .F. ) ;
#5128 = EDGE_LOOP ( 'NONE', ( #6687, #6423, #3603, #5305, #6618, #3975, #6349, #4604, #423, #5912 ) ) ;
#5129 = CARTESIAN_POINT ( 'NONE',  ( 24.48899999999999366, 0.000000000000000000, -6.350000000000001421 ) ) ;
#5130 = CARTESIAN_POINT ( 'NONE',  ( 12.69999999999999929, 0.000000000000000000, 0.8890000000000000124 ) ) ;
#5131 = ORIENTED_EDGE ( 'NONE', *, *, #5868, .T. ) ;
#5132 = DIRECTION ( 'NONE',  ( -1.000000000000000000, -0.000000000000000000, 0.000000000000000000 ) ) ;
#5133 = DIRECTION ( 'NONE',  ( 0.000000000000000000, 0.000000000000000000, -1.000000000000000000 ) ) ;
#5134 = VERTEX_POINT ( 'NONE', #1648 ) ;
#5135 = EDGE_LOOP ( 'NONE', ( #5819, #2825, #1097, #563, #1787, #5547, #932, #6009, #413 ) ) ;
#5136 = DIRECTION ( 'NONE',  ( -0.000000000000000000, 1.000000000000000000, 0.000000000000000000 ) ) ;
#5137 = CARTESIAN_POINT ( 'NONE',  ( 12.20190265095412840, -2.040073290564207831, -27.99542212862617063 ) ) ;
#5138 = B_SPLINE_CURVE_WITH_KNOTS ( 'NONE', 3,
 ( #217, #5556, #3498, #1319, #1818, #193 ),
 .UNSPECIFIED., .F., .F.,
 ( 4, 2, 4 ),
 ( 0.000000000000000000, 0.0004757001404452625864, 0.0009514002808905251728 ),
 .UNSPECIFIED. ) ;
#5139 = CARTESIAN_POINT ( 'NONE',  ( -0.5734863112436878740, -2.021666578221208432, -28.85712190959815970 ) ) ;
#5140 = DIRECTION ( 'NONE',  ( 0.000000000000000000, 1.000000000000000000, 0.000000000000000000 ) ) ;
#5141 = CARTESIAN_POINT ( 'NONE',  ( 0.3999999999999999667, 2.061552812808830293, -30.53899999999999082 ) ) ;
#5142 = FACE_OUTER_BOUND ( 'NONE', #1344, .T. ) ;
#5143 = CARTESIAN_POINT ( 'NONE',  ( 24.82352969257199504, -2.182283254615324797, -6.749999999999998224 ) ) ;
#5144 = EDGE_LOOP ( 'NONE', ( #279, #303, #4305, #2930, #3080, #4394, #3639, #4853, #3256, #1776, #5335, #265 ) ) ;
#5145 = CARTESIAN_POINT ( 'NONE',  ( 24.67076274578121442, -2.232710535457612888, -19.44999999999999574 ) ) ;
#5146 = ADVANCED_FACE ( 'NONE', ( #5980 ), #2321, .T. ) ;
#5147 = ORIENTED_EDGE ( 'NONE', *, *, #3194, .T. ) ;
#5148 = CARTESIAN_POINT ( 'NONE',  ( -0.3999999999999993006, 2.061552812808830293, 5.139000000000000234 ) ) ;
#5149 = EDGE_CURVE ( 'NONE', #660, #6624, #5415, .T. ) ;
#5150 = ORIENTED_EDGE ( 'NONE', *, *, #223, .T. ) ;
#5151 = CARTESIAN_POINT ( 'NONE',  ( -0.7206315775864658990, -1.972483239316685122, 5.138999999999997570 ) ) ;
#5152 = ORIENTED_EDGE ( 'NONE', *, *, #6535, .F. ) ;
#5153 = AXIS2_PLACEMENT_3D ( 'NONE', #1554, #2885, #4454 ) ;
#5154 = EDGE_LOOP ( 'NONE', ( #6098, #6143, #5468, #4508, #4816, #5351, #2565, #6463, #5147, #1713, #5663, #3055 ) ) ;
#5155 = B_SPLINE_CURVE_WITH_KNOTS ( 'NONE', 3,
 ( #1470, #5143, #6743, #3022, #2460, #5635 ),
 .UNSPECIFIED., .F., .F.,
 ( 4, 2, 4 ),
 ( 0.000000000000000000, 0.0004757001404452626406, 0.0009514002808905252812 ),
 .UNSPECIFIED. ) ;
#5156 = ORIENTED_EDGE ( 'NONE', *, *, #4479, .T. ) ;
#5157 = EDGE_LOOP ( 'NONE', ( #4036, #5101, #6550, #2869 ) ) ;
#5158 = CARTESIAN_POINT ( 'NONE',  ( 0.3999999999999993006, -2.232710535457612888, 5.620762745781209269 ) ) ;
#5159 = DIRECTION ( 'NONE',  ( 0.000000000000000000, 0.000000000000000000, -1.000000000000000000 ) ) ;
#5160 = VERTEX_POINT ( 'NONE', #2270 ) ;
#5161 = CIRCLE ( 'NONE', #3271, 2.100000000000000977 ) ;
#5162 = DIRECTION ( 'NONE',  ( 0.000000000000000000, 0.000000000000000000, 1.000000000000000000 ) ) ;
#5163 = CARTESIAN_POINT ( 'NONE',  ( 0.000000000000000000, -5.460999999999999410, -19.04999999999999716 ) ) ;
#5164 = CARTESIAN_POINT ( 'NONE',  ( 3.888253587292846081E-16, -4.174999999999999822, -3.174999999999999822 ) ) ;
#5165 = VERTEX_POINT ( 'NONE', #6529 ) ;
#5166 = CIRCLE ( 'NONE', #3730, 2.299999999999999822 ) ;
#5167 = LINE ( 'NONE', #292, #3432 ) ;
#5168 = CARTESIAN_POINT ( 'NONE',  ( -0.3999999999999993006, -1.820969194338323938, 6.090132639966191697 ) ) ;
#5169 = CARTESIAN_POINT ( 'NONE',  ( 12.30000000000000071, -1.502637486114517751, -31.53899999999999793 ) ) ;
#5170 = LINE ( 'NONE', #5281, #6892 ) ;
#5171 = CARTESIAN_POINT ( 'NONE',  ( 24.67076274578121442, -2.232710535457612888, -18.64999999999999503 ) ) ;
#5172 = AXIS2_PLACEMENT_3D ( 'NONE', #4743, #3169, #4813 ) ;
#5173 = CARTESIAN_POINT ( 'NONE',  ( -0.4000000000000000222, -2.264950330581225746, -30.92307225861762987 ) ) ;
#5174 = DIRECTION ( 'NONE',  ( -1.000000000000000000, 0.000000000000000000, -0.000000000000000000 ) ) ;
#5175 = CARTESIAN_POINT ( 'NONE',  ( -0.3999999999999993006, -2.197165962000668493, 5.495012552331537847 ) ) ;
#5176 = ORIENTED_EDGE ( 'NONE', *, *, #6452, .F. ) ;
#5177 = AXIS2_PLACEMENT_3D ( 'NONE', #4277, #5994, #1087 ) ;
#5178 = CARTESIAN_POINT ( 'NONE',  ( 24.67076274578121442, -2.232710535457612888, -19.44999999999999574 ) ) ;
#5179 = CARTESIAN_POINT ( 'NONE',  ( 0.000000000000000000, 0.000000000000000000, -30.83899999999999153 ) ) ;
#5180 = DIRECTION ( 'NONE',  ( -0.000000000000000000, 0.000000000000000000, 1.000000000000000000 ) ) ;
#5181 = CARTESIAN_POINT ( 'NONE',  ( -0.4980973490458714958, -2.040073290564207831, 2.595422128626172054 ) ) ;
#5182 = CIRCLE ( 'NONE', #47, 3.174999999999999822 ) ;
#5183 =( BOUNDED_CURVE ( )  B_SPLINE_CURVE ( 3, ( #1484, #3030, #808, #344 ),
 .UNSPECIFIED., .F., .T. ) 
 B_SPLINE_CURVE_WITH_KNOTS ( ( 4, 4 ),
 ( 4.362112093716118189, 4.472917508490046323 ),
 .UNSPECIFIED. ) 
 CURVE ( )  GEOMETRIC_REPRESENTATION_ITEM ( )  RATIONAL_B_SPLINE_CURVE ( ( 1.000000000000000000, 0.9989771083553060649, 0.9989771083553060649, 1.000000000000000000 ) ) 
 REPRESENTATION_ITEM ( '' )  );
#5184 = EDGE_LOOP ( 'NONE', ( #4008, #3700, #147, #596 ) ) ;
#5185 = FACE_OUTER_BOUND ( 'NONE', #2178, .T. ) ;
#5186 = ORIENTED_EDGE ( 'NONE', *, *, #310, .F. ) ;
#5187 = EDGE_CURVE ( 'NONE', #4287, #3282, #1583, .T. ) ;
#5188 = ADVANCED_FACE ( 'NONE', ( #5380 ), #59, .T. ) ;
#5189 = LINE ( 'NONE', #846, #379 ) ;
#5190 = CARTESIAN_POINT ( 'NONE',  ( 21.40322400100832212, -2.057911970479199493, -18.62171803211823118 ) ) ;
#5191 = ORIENTED_EDGE ( 'NONE', *, *, #3320, .F. ) ;
#5192 = EDGE_CURVE ( 'NONE', #4635, #3283, #3821, .T. ) ;
#5193 = AXIS2_PLACEMENT_3D ( 'NONE', #5453, #1076, #6372 ) ;
#5194 = ORIENTED_EDGE ( 'NONE', *, *, #1500, .F. ) ;
#5195 = ORIENTED_EDGE ( 'NONE', *, *, #5352, .T. ) ;
#5196 = EDGE_LOOP ( 'NONE', ( #1270, #497, #856, #4574, #1851, #3877, #3240, #4071, #741, #1419, #893, #5074 ) ) ;
#5197 = CARTESIAN_POINT ( 'NONE',  ( -0.4000000000000000222, 2.232710535457612888, -31.02076274578120163 ) ) ;
#5198 = DIRECTION ( 'NONE',  ( -0.000000000000000000, -0.000000000000000000, -1.000000000000000000 ) ) ;
#5199 = ORIENTED_EDGE ( 'NONE', *, *, #5257, .F. ) ;
#5200 = VECTOR ( 'NONE', #5410, 1000.000000000000000 ) ;
#5201 = DIRECTION ( 'NONE',  ( -0.000000000000000000, -0.000000000000000000, -1.000000000000000000 ) ) ;
#5202 = CARTESIAN_POINT ( 'NONE',  ( 12.69999999999999929, 0.000000000000000000, 5.523072258617638397 ) ) ;
#5203 = ADVANCED_FACE ( 'NONE', ( #3986 ), #4998, .F. ) ;
#5204 = ORIENTED_EDGE ( 'NONE', *, *, #4857, .T. ) ;
#5205 = AXIS2_PLACEMENT_3D ( 'NONE', #161, #686, #3427 ) ;
#5206 = ORIENTED_EDGE ( 'NONE', *, *, #1823, .T. ) ;
#5207 = CARTESIAN_POINT ( 'NONE',  ( 0.3999999999999999667, -2.061552812808830293, -30.53899999999999082 ) ) ;
#5208 = CARTESIAN_POINT ( 'NONE',  ( 12.30000000000000071, 1.502637486114517751, -31.53899999999999793 ) ) ;
#5209 = CARTESIAN_POINT ( 'NONE',  ( 0.000000000000000000, -0.8890000000000000124, -19.04999999999999716 ) ) ;
#5210 = EDGE_CURVE ( 'NONE', #5577, #1197, #1298, .T. ) ;
#5211 = DIRECTION ( 'NONE',  ( -0.000000000000000000, -0.000000000000000000, -1.000000000000000000 ) ) ;
#5212 = VECTOR ( 'NONE', #2014, 1000.000000000000000 ) ;
#5213 = FACE_OUTER_BOUND ( 'NONE', #2512, .T. ) ;
#5214 = CIRCLE ( 'NONE', #6223, 1.554966049364602254 ) ;
#5215 = CIRCLE ( 'NONE', #73, 2.100000000000000977 ) ;
#5216 = CARTESIAN_POINT ( 'NONE',  ( -3.654415587728430559, -6.200000000000001066, -12.69999999999999929 ) ) ;
#5217 = DIRECTION ( 'NONE',  ( 1.000000000000000000, 0.000000000000000000, 0.000000000000000000 ) ) ;
#5218 = CARTESIAN_POINT ( 'NONE',  ( 24.18900000000000361, 1.972483239316684234, -18.32936842241353048 ) ) ;
#5219 = ORIENTED_EDGE ( 'NONE', *, *, #6560, .T. ) ;
#5220 = EDGE_CURVE ( 'NONE', #5377, #3155, #1314, .T. ) ;
#5221 = VECTOR ( 'NONE', #1139, 1000.000000000000000 ) ;
#5222 = DIRECTION ( 'NONE',  ( 0.000000000000000000, 1.000000000000000000, 0.000000000000000000 ) ) ;
#5223 = AXIS2_PLACEMENT_3D ( 'NONE', #1800, #6033, #4523 ) ;
#5224 = CARTESIAN_POINT ( 'NONE',  ( -2.099872945368624677, 0.000000000000000000, 6.139000000000000234 ) ) ;
#5225 = DIRECTION ( 'NONE',  ( 1.000000000000000000, 0.000000000000000000, 0.000000000000000000 ) ) ;
#5226 = AXIS2_PLACEMENT_3D ( 'NONE', #2287, #5431, #1802 ) ;
#5227 = ORIENTED_EDGE ( 'NONE', *, *, #5023, .F. ) ;
#5228 = DIRECTION ( 'NONE',  ( 0.000000000000000000, 0.000000000000000000, 1.000000000000000000 ) ) ;
#5229 = ORIENTED_EDGE ( 'NONE', *, *, #4599, .F. ) ;
#5230 = CARTESIAN_POINT ( 'NONE',  ( 0.000000000000000000, 0.000000000000000000, -31.02076274578120163 ) ) ;
#5231 = CARTESIAN_POINT ( 'NONE',  ( -0.4286119346557870080, 2.057850353472996385, 2.353605336466520370 ) ) ;
#5232 = ORIENTED_EDGE ( 'NONE', *, *, #5488, .F. ) ;
#5233 = AXIS2_PLACEMENT_3D ( 'NONE', #6145, #815, #4708 ) ;
#5234 = EDGE_LOOP ( 'NONE', ( #5342, #2277, #2861, #1457, #6176, #3563, #1237, #4539, #2554, #529, #4529, #565 ) ) ;
#5235 = VERTEX_POINT ( 'NONE', #3461 ) ;
#5236 = CARTESIAN_POINT ( 'NONE',  ( -0.4000000000000000222, 2.264950330581225746, -30.92307225861762987 ) ) ;
#5237 = LINE ( 'NONE', #5268, #335 ) ;
#5238 = FACE_OUTER_BOUND ( 'NONE', #916, .T. ) ;
#5239 = DIRECTION ( 'NONE',  ( 0.000000000000000000, 1.000000000000000000, 0.000000000000000000 ) ) ;
#5240 = EDGE_LOOP ( 'NONE', ( #573, #4046, #390, #3912 ) ) ;
#5241 = ADVANCED_FACE ( 'NONE', ( #2871 ), #777, .T. ) ;
#5242 = EDGE_CURVE ( 'NONE', #1026, #4318, #1813, .T. ) ;
#5243 = CARTESIAN_POINT ( 'NONE',  ( 12.30000000000000071, 2.243459280444428217, -30.98819995583811959 ) ) ;
#5244 = CARTESIAN_POINT ( 'NONE',  ( -0.3999999999999991340, -2.081805041010027058, 5.906940355987360114 ) ) ;
#5245 = DIRECTION ( 'NONE',  ( 0.000000000000000000, 0.000000000000000000, -1.000000000000000000 ) ) ;
#5246 = CARTESIAN_POINT ( 'NONE',  ( 24.48899999999999366, 2.061552812808830737, -6.749999999999999112 ) ) ;
#5247 = EDGE_CURVE ( 'NONE', #3814, #4646, #2665, .T. ) ;
#5248 = ORIENTED_EDGE ( 'NONE', *, *, #3276, .T. ) ;
#5249 = CARTESIAN_POINT ( 'NONE',  ( 24.57307225861763200, 2.264950330581225302, -5.950000000000003730 ) ) ;
#5250 = DIRECTION ( 'NONE',  ( -0.000000000000000000, 1.000000000000000000, -0.000000000000000000 ) ) ;
#5251 = DIRECTION ( 'NONE',  ( -8.115498896123205041E-15, 0.000000000000000000, 1.000000000000000000 ) ) ;
#5252 = ORIENTED_EDGE ( 'NONE', *, *, #659, .T. ) ;
#5253 = DIRECTION ( 'NONE',  ( 1.000000000000000000, 0.000000000000000000, 0.000000000000000000 ) ) ;
#5254 = CARTESIAN_POINT ( 'NONE',  ( 0.000000000000000000, -6.200000000000000178, 0.000000000000000000 ) ) ;
#5255 = DIRECTION ( 'NONE',  ( -3.110379853311669038E-16, 0.000000000000000000, -1.000000000000000000 ) ) ;
#5256 = CARTESIAN_POINT ( 'NONE',  ( 24.67076274578120376, 2.232710535457612888, -6.749999999999999112 ) ) ;
#5257 = EDGE_CURVE ( 'NONE', #382, #361, #6561, .T. ) ;
#5258 = VERTEX_POINT ( 'NONE', #1383 ) ;
#5259 = DIRECTION ( 'NONE',  ( 1.000000000000000000, 0.000000000000000000, -0.000000000000000000 ) ) ;
#5260 = VERTEX_POINT ( 'NONE', #2369 ) ;
#5261 = CARTESIAN_POINT ( 'NONE',  ( 6.350000000000000533, -0.8890000000000000124, -12.69999999999999929 ) ) ;
#5262 = ORIENTED_EDGE ( 'NONE', *, *, #4295, .F. ) ;
#5263 = CIRCLE ( 'NONE', #1012, 2.100000000000000977 ) ;
#5264 = ORIENTED_EDGE ( 'NONE', *, *, #4857, .F. ) ;
#5265 = ORIENTED_EDGE ( 'NONE', *, *, #2211, .F. ) ;
#5266 = VERTEX_POINT ( 'NONE', #4572 ) ;
#5267 = CARTESIAN_POINT ( 'NONE',  ( 17.05000000000000426, -4.174999999999995381, -2.000000000000003109 ) ) ;
#5268 = CARTESIAN_POINT ( 'NONE',  ( 19.04999999999999361, 0.000000000000000000, -9.525000000000002132 ) ) ;
#5269 = AXIS2_PLACEMENT_3D ( 'NONE', #2496, #3586, #5755 ) ;
#5270 = CARTESIAN_POINT ( 'NONE',  ( 24.67076274578120376, -2.232710535457612888, -6.749999999999999112 ) ) ;
#5271 = CARTESIAN_POINT ( 'NONE',  ( 24.57307225861763200, 0.000000000000000000, -6.350000000000001421 ) ) ;
#5272 = LINE ( 'NONE', #997, #4432 ) ;
#5273 = VECTOR ( 'NONE', #2795, 1000.000000000000000 ) ;
#5274 = ORIENTED_EDGE ( 'NONE', *, *, #2033, .F. ) ;
#5275 = ORIENTED_EDGE ( 'NONE', *, *, #3247, .T. ) ;
#5276 = DIRECTION ( 'NONE',  ( -0.3090169943749442316, 0.000000000000000000, -0.9510565162951545304 ) ) ;
#5277 = VECTOR ( 'NONE', #1793, 1000.000000000000000 ) ;
#5278 = DIRECTION ( 'NONE',  ( -0.000000000000000000, -1.000000000000000000, -0.000000000000000000 ) ) ;
#5279 = CARTESIAN_POINT ( 'NONE',  ( 17.05000000000000071, 6.200000000000000178, -23.39999999999999858 ) ) ;
#5280 = EDGE_CURVE ( 'NONE', #5160, #1214, #2776, .T. ) ;
#5281 = CARTESIAN_POINT ( 'NONE',  ( 3.174999999999999822, 0.000000000000000000, -25.39999999999999147 ) ) ;
#5282 = EDGE_CURVE ( 'NONE', #6462, #4793, #5613, .T. ) ;
#5283 = DIRECTION ( 'NONE',  ( -0.000000000000000000, 1.000000000000000000, -0.000000000000000000 ) ) ;
#5284 = VECTOR ( 'NONE', #1143, 1000.000000000000000 ) ;
#5285 = EDGE_CURVE ( 'NONE', #4858, #2071, #6079, .T. ) ;
#5286 = ORIENTED_EDGE ( 'NONE', *, *, #2445, .T. ) ;
#5287 = LINE ( 'NONE', #4164, #2879 ) ;
#5288 = DIRECTION ( 'NONE',  ( 1.000000000000000000, 0.000000000000000000, 0.000000000000000000 ) ) ;
#5289 = DIRECTION ( 'NONE',  ( 1.000000000000000000, -0.000000000000000000, -0.000000000000000000 ) ) ;
#5290 = DIRECTION ( 'NONE',  ( 1.000000000000000000, 0.000000000000000000, 0.000000000000000000 ) ) ;
#5291 = CIRCLE ( 'NONE', #4509, 2.268258436585967264 ) ;
#5292 = CARTESIAN_POINT ( 'NONE',  ( -0.3999999999999993006, 2.254205848354697839, 5.555636450100673862 ) ) ;
#5293 = CARTESIAN_POINT ( 'NONE',  ( 24.57307225861763200, 2.264950330581225302, -6.749999999999999112 ) ) ;
#5294 = AXIS2_PLACEMENT_3D ( 'NONE', #1213, #2407, #4931 ) ;
#5295 = EDGE_CURVE ( 'NONE', #2368, #2229, #1201, .T. ) ;
#5296 = ORIENTED_EDGE ( 'NONE', *, *, #5573, .F. ) ;
#5297 = DIRECTION ( 'NONE',  ( -0.000000000000000000, -1.000000000000000000, -0.000000000000000000 ) ) ;
#5298 = APPROVAL_PERSON_ORGANIZATION ( #2384, #5788, #2884 ) ;
#5299 = ORIENTED_EDGE ( 'NONE', *, *, #1823, .F. ) ;
#5300 = EDGE_CURVE ( 'NONE', #4403, #361, #4834, .T. ) ;
#5301 = CYLINDRICAL_SURFACE ( 'NONE', #261, 3.175000000000001599 ) ;
#5302 = CARTESIAN_POINT ( 'NONE',  ( 0.000000000000000000, -2.174999999999999822, -19.04999999999999716 ) ) ;
#5303 = ORIENTED_EDGE ( 'NONE', *, *, #6519, .T. ) ;
#5304 = VERTEX_POINT ( 'NONE', #1788 ) ;
#5305 = ORIENTED_EDGE ( 'NONE', *, *, #4943, .T. ) ;
#5306 = CARTESIAN_POINT ( 'NONE',  ( 13.09999999999999964, -2.254205848354697839, -30.95563645010067333 ) ) ;
#5307 = DIRECTION ( 'NONE',  ( -1.000000000000000000, 0.000000000000000000, 0.000000000000000000 ) ) ;
#5308 = PLANE ( 'NONE',  #3646 ) ;
#5309 = DIRECTION ( 'NONE',  ( 0.000000000000000000, -0.000000000000000000, -1.000000000000000000 ) ) ;
#5310 = FACE_OUTER_BOUND ( 'NONE', #5020, .T. ) ;
#5311 = ORIENTED_EDGE ( 'NONE', *, *, #2561, .T. ) ;
#5312 = VERTEX_POINT ( 'NONE', #3527 ) ;
#5313 = B_SPLINE_CURVE_WITH_KNOTS ( 'NONE', 3,
 ( #2713, #4216, #46, #456 ),
 .UNSPECIFIED., .F., .F.,
 ( 4, 4 ),
 ( 0.007647354141962971197, 0.007869202712918554540 ),
 .UNSPECIFIED. ) ;
#5314 = AXIS2_PLACEMENT_3D ( 'NONE', #5401, #5966, #110 ) ;
#5315 = CARTESIAN_POINT ( 'NONE',  ( 25.18900000000001782, -1.663442899047754331, -18.65000000000000568 ) ) ;
#5316 = DIRECTION ( 'NONE',  ( 0.000000000000000000, 1.000000000000000000, 0.000000000000000000 ) ) ;
#5317 = DIRECTION ( 'NONE',  ( -0.000000000000000000, -0.000000000000000000, -1.000000000000000000 ) ) ;
#5318 = CARTESIAN_POINT ( 'NONE',  ( 24.60563645010067901, 2.254205848354697839, -19.44999999999999574 ) ) ;
#5319 = LINE ( 'NONE', #6263, #5598 ) ;
#5320 = AXIS2_PLACEMENT_3D ( 'NONE', #3533, #4052, #3142 ) ;
#5321 = ORIENTED_EDGE ( 'NONE', *, *, #5034, .T. ) ;
#5322 = ADVANCED_FACE ( 'NONE', ( #2931 ), #6015, .T. ) ;
#5323 = PLANE ( 'NONE',  #2432 ) ;
#5324 = CARTESIAN_POINT ( 'NONE',  ( 22.50712190959815118, 2.021666578221208432, -6.923486311243690849 ) ) ;
#5325 = AXIS2_PLACEMENT_3D ( 'NONE', #4033, #3054, #1364 ) ;
#5326 = CARTESIAN_POINT ( 'NONE',  ( 19.05000000000000426, 3.888253587292846081E-16, -15.87499999999999645 ) ) ;
#5327 = VECTOR ( 'NONE', #4731, 1000.000000000000000 ) ;
#5328 = EDGE_CURVE ( 'NONE', #1975, #6554, #1992, .T. ) ;
#5329 = DIRECTION ( 'NONE',  ( 0.000000000000000000, -1.000000000000000000, 0.000000000000000000 ) ) ;
#5330 = PLANE ( 'NONE',  #4506 ) ;
#5331 = CARTESIAN_POINT ( 'NONE',  ( 13.09999999999999964, 2.061552812808830293, -30.83899999999999864 ) ) ;
#5332 = CARTESIAN_POINT ( 'NONE',  ( 24.43899999999999650, 0.000000000000000000, -6.350000000000001421 ) ) ;
#5333 = VECTOR ( 'NONE', #6264, 1000.000000000000000 ) ;
#5334 = CONICAL_SURFACE ( 'NONE', #1078, 2.299999999999999822, 0.3141592653589760364 ) ;
#5335 = ORIENTED_EDGE ( 'NONE', *, *, #6552, .T. ) ;
#5336 = CARTESIAN_POINT ( 'NONE',  ( 0.000000000000000000, 0.000000000000000000, 5.389000000000000234 ) ) ;
#5337 = ORIENTED_EDGE ( 'NONE', *, *, #1125, .T. ) ;
#5338 = CIRCLE ( 'NONE', #5666, 1.554966049364602254 ) ;
#5339 = EDGE_CURVE ( 'NONE', #4177, #5797, #860, .T. ) ;
#5340 = AXIS2_PLACEMENT_3D ( 'NONE', #1451, #1566, #6725 ) ;
#5341 = CARTESIAN_POINT ( 'NONE',  ( 24.48899999999999721, 2.061552812808830293, -6.749999999999999112 ) ) ;
#5342 = ORIENTED_EDGE ( 'NONE', *, *, #6028, .F. ) ;
#5343 = EDGE_CURVE ( 'NONE', #1490, #382, #2544, .T. ) ;
#5344 = AXIS2_PLACEMENT_3D ( 'NONE', #6709, #5704, #1861 ) ;
#5345 = EDGE_LOOP ( 'NONE', ( #6520, #5286, #1094, #2380 ) ) ;
#5346 = ORIENTED_EDGE ( 'NONE', *, *, #4814, .F. ) ;
#5347 = DIRECTION ( 'NONE',  ( 0.000000000000000000, 0.000000000000000000, -1.000000000000000000 ) ) ;
#5348 = DIRECTION ( 'NONE',  ( 1.000000000000000000, 0.000000000000000000, 0.000000000000000000 ) ) ;
#5349 = DIRECTION ( 'NONE',  ( 0.000000000000000000, 0.000000000000000000, -1.000000000000000000 ) ) ;
#5350 = FACE_OUTER_BOUND ( 'NONE', #3685, .T. ) ;
#5351 = ORIENTED_EDGE ( 'NONE', *, *, #5210, .T. ) ;
#5352 = EDGE_CURVE ( 'NONE', #779, #6788, #5764, .T. ) ;
#5353 = ORIENTED_EDGE ( 'NONE', *, *, #3079, .F. ) ;
#5354 = DIRECTION ( 'NONE',  ( 0.000000000000000000, 0.000000000000000000, -1.000000000000000000 ) ) ;
#5355 = FACE_BOUND ( 'NONE', #291, .T. ) ;
#5356 = B_SPLINE_CURVE_WITH_KNOTS ( 'NONE', 3,
 ( #4686, #3119, #5168, #5244, #5738, #6804 ),
 .UNSPECIFIED., .F., .F.,
 ( 4, 2, 4 ),
 ( 0.000000000000000000, 0.0004757428370953075401, 0.0009514856741906155138 ),
 .UNSPECIFIED. ) ;
#5357 = DIRECTION ( 'NONE',  ( -1.000000000000000000, 0.000000000000000000, 0.000000000000000000 ) ) ;
#5358 = DIRECTION ( 'NONE',  ( 0.000000000000000000, 1.000000000000000000, 0.000000000000000000 ) ) ;
#5359 = DIRECTION ( 'NONE',  ( -0.000000000000000000, -0.000000000000000000, -1.000000000000000000 ) ) ;
#5360 = ORIENTED_EDGE ( 'NONE', *, *, #2100, .F. ) ;
#5361 = CC_DESIGN_DATE_AND_TIME_ASSIGNMENT ( #5525, #2318, ( #3826 ) ) ;
#5362 = LINE ( 'NONE', #551, #4408 ) ;
#5363 = DIRECTION ( 'NONE',  ( -8.115498896123167176E-15, 0.000000000000000000, -1.000000000000000000 ) ) ;
#5364 = DIRECTION ( 'NONE',  ( 0.000000000000000000, 0.000000000000000000, 1.000000000000000000 ) ) ;
#5365 = DIRECTION ( 'NONE',  ( 0.000000000000000000, 1.000000000000000000, 0.000000000000000000 ) ) ;
#5366 = DIRECTION ( 'NONE',  ( -1.000000000000000000, 0.000000000000000000, 0.000000000000000000 ) ) ;
#5367 = CARTESIAN_POINT ( 'NONE',  ( 0.000000000000000000, 0.000000000000000000, 0.000000000000000000 ) ) ;
#5368 = ORIENTED_EDGE ( 'NONE', *, *, #3193, .T. ) ;
#5369 = CARTESIAN_POINT ( 'NONE',  ( 24.48899999999999366, 0.000000000000000000, -6.350000000000001421 ) ) ;
#5370 = ADVANCED_FACE ( 'NONE', ( #1028 ), #6359, .F. ) ;
#5371 = ADVANCED_FACE ( 'NONE', ( #962 ), #5801, .F. ) ;
#5372 = EDGE_CURVE ( 'NONE', #150, #1982, #4637, .T. ) ;
#5373 = ORIENTED_EDGE ( 'NONE', *, *, #6272, .F. ) ;
#5374 = ORIENTED_EDGE ( 'NONE', *, *, #6055, .F. ) ;
#5375 = CYLINDRICAL_SURFACE ( 'NONE', #6059, 2.100000000000000089 ) ;
#5376 = DIRECTION ( 'NONE',  ( 0.000000000000000000, -0.000000000000000000, 1.000000000000000000 ) ) ;
#5377 = VERTEX_POINT ( 'NONE', #1980 ) ;
#5378 = VERTEX_POINT ( 'NONE', #2506 ) ;
#5379 = AXIS2_PLACEMENT_3D ( 'NONE', #6368, #1575, #3713 ) ;
#5380 = FACE_OUTER_BOUND ( 'NONE', #1120, .T. ) ;
#5381 = CARTESIAN_POINT ( 'NONE',  ( 25.18899999999999650, 0.000000000000000000, -7.904966049364603897 ) ) ;
#5382 = VECTOR ( 'NONE', #4806, 1000.000000000000000 ) ;
#5383 = DIRECTION ( 'NONE',  ( 8.115498896123205041E-15, 0.000000000000000000, -1.000000000000000000 ) ) ;
#5384 = DIRECTION ( 'NONE',  ( 0.000000000000000000, -1.000000000000000000, 0.000000000000000000 ) ) ;
#5385 = CARTESIAN_POINT ( 'NONE',  ( 13.09999999999999964, 2.197165961088449304, -30.89501255195391849 ) ) ;
#5386 = ORIENTED_EDGE ( 'NONE', *, *, #974, .F. ) ;
#5387 = DIRECTION ( 'NONE',  ( 0.000000000000000000, 1.000000000000000000, 0.000000000000000000 ) ) ;
#5388 = DIRECTION ( 'NONE',  ( 0.000000000000000000, 0.000000000000000000, 1.000000000000000000 ) ) ;
#5389 = CARTESIAN_POINT ( 'NONE',  ( 19.93899999999999650, 0.000000000000000000, -6.350000000000001421 ) ) ;
#5390 = CARTESIAN_POINT ( 'NONE',  ( 12.69999999999999929, 0.000000000000000000, -30.53900000000000503 ) ) ;
#5391 = CARTESIAN_POINT ( 'NONE',  ( 11.97936842241353439, -1.972483239316684678, 5.138999999999997570 ) ) ;
#5392 = CIRCLE ( 'NONE', #1023, 2.268258436585968152 ) ;
#5393 = CARTESIAN_POINT ( 'NONE',  ( 25.13997030331114502, -1.821676962433383062, -19.44999999999999574 ) ) ;
#5394 = CARTESIAN_POINT ( 'NONE',  ( 10.40000000000000036, 0.000000000000000000, -30.92307225861763698 ) ) ;
#5395 = ORIENTED_EDGE ( 'NONE', *, *, #3360, .F. ) ;
#5396 = VECTOR ( 'NONE', #6380, 1000.000000000000000 ) ;
#5397 = CARTESIAN_POINT ( 'NONE',  ( -0.7206315775864658990, 1.972483239316684234, 5.138999999999997570 ) ) ;
#5398 = ORIENTED_EDGE ( 'NONE', *, *, #4128, .F. ) ;
#5399 = AXIS2_PLACEMENT_3D ( 'NONE', #5302, #6904, #2125 ) ;
#5400 = EDGE_CURVE ( 'NONE', #1696, #2367, #4556, .T. ) ;
#5401 = CARTESIAN_POINT ( 'NONE',  ( 19.04999999999999361, 0.000000000000000000, -6.350000000000001421 ) ) ;
#5402 = CARTESIAN_POINT ( 'NONE',  ( 24.18899999999999295, -3.174999999999999822, -7.070631577586472538 ) ) ;
#5403 = VERTEX_POINT ( 'NONE', #5725 ) ;
#5404 = VERTEX_POINT ( 'NONE', #5158 ) ;
#5405 = DIRECTION ( 'NONE',  ( 0.000000000000000000, 0.000000000000000000, 1.000000000000000000 ) ) ;
#5406 = ADVANCED_FACE ( 'NONE', ( #924 ), #6756, .T. ) ;
#5407 = ORIENTED_EDGE ( 'NONE', *, *, #81, .F. ) ;
#5408 = EDGE_CURVE ( 'NONE', #6046, #1140, #3785, .T. ) ;
#5409 = CARTESIAN_POINT ( 'NONE',  ( 24.57307225861763200, 0.000000000000000000, -6.350000000000001421 ) ) ;
#5410 = DIRECTION ( 'NONE',  ( 1.000000000000000000, 0.000000000000000000, 0.000000000000000000 ) ) ;
#5411 = CARTESIAN_POINT ( 'NONE',  ( -0.3999999999999993006, 2.061552812808830293, 5.439000000000000945 ) ) ;
#5412 = ORIENTED_EDGE ( 'NONE', *, *, #1663, .F. ) ;
#5413 = CIRCLE ( 'NONE', #5631, 2.268258436585968152 ) ;
#5414 = ORIENTED_EDGE ( 'NONE', *, *, #2445, .F. ) ;
#5415 =( BOUNDED_CURVE ( )  B_SPLINE_CURVE ( 3, ( #3323, #6570, #2800, #4930 ),
 .UNSPECIFIED., .F., .T. ) 
 B_SPLINE_CURVE_WITH_KNOTS ( ( 4, 4 ),
 ( 4.362112093716119077, 4.472917508490046323 ),
 .UNSPECIFIED. ) 
 CURVE ( )  GEOMETRIC_REPRESENTATION_ITEM ( )  RATIONAL_B_SPLINE_CURVE ( ( 1.000000000000000000, 0.9989771083553060649, 0.9989771083553060649, 1.000000000000000000 ) ) 
 REPRESENTATION_ITEM ( '' )  );
#5416 = CARTESIAN_POINT ( 'NONE',  ( -2.453269466693397832E-15, 6.200000000000000178, 0.000000000000000000 ) ) ;
#5417 = CARTESIAN_POINT ( 'NONE',  ( 0.3999999999999993561, -2.243459280444428217, 5.588199955838118349 ) ) ;
#5418 = EDGE_CURVE ( 'NONE', #4115, #1558, #3219, .T. ) ;
#5419 = FACE_OUTER_BOUND ( 'NONE', #4633, .T. ) ;
#5420 = DIRECTION ( 'NONE',  ( 0.000000000000000000, 0.000000000000000000, -1.000000000000000000 ) ) ;
#5421 = CARTESIAN_POINT ( 'NONE',  ( 12.69999999999999929, 0.000000000000000000, 5.523072258617638397 ) ) ;
#5422 = CONICAL_SURFACE ( 'NONE', #2632, 2.299999999999999822, 0.3141592653589760364 ) ;
#5423 = ORIENTED_EDGE ( 'NONE', *, *, #3033, .T. ) ;
#5424 = EDGE_CURVE ( 'NONE', #1708, #6432, #182, .T. ) ;
#5425 = CARTESIAN_POINT ( 'NONE',  ( -6.200000000000001066, 6.200000000000000178, 0.000000000000000000 ) ) ;
#5426 = CARTESIAN_POINT ( 'NONE',  ( 13.42063157758646774, 1.972483239316685122, -30.53899999999999793 ) ) ;
#5427 = DIRECTION ( 'NONE',  ( -1.000000000000000000, 0.000000000000000000, 0.000000000000000000 ) ) ;
#5428 = DIRECTION ( 'NONE',  ( -1.000000000000000000, 0.000000000000000000, 0.000000000000000000 ) ) ;
#5429 = ORIENTED_EDGE ( 'NONE', *, *, #5017, .T. ) ;
#5430 = DIRECTION ( 'NONE',  ( 0.000000000000000000, 0.000000000000000000, 1.000000000000000000 ) ) ;
#5431 = DIRECTION ( 'NONE',  ( -0.000000000000000000, 0.000000000000000000, 1.000000000000000000 ) ) ;
#5432 = VERTEX_POINT ( 'NONE', #5197 ) ;
#5433 = B_SPLINE_CURVE_WITH_KNOTS ( 'NONE', 3,
 ( #2421, #6194, #2846, #2977, #5561, #791 ),
 .UNSPECIFIED., .F., .F.,
 ( 4, 2, 4 ),
 ( 0.000000000000000000, 0.0004757001404452622611, 0.0009514002808905249560 ),
 .UNSPECIFIED. ) ;
#5434 = CIRCLE ( 'NONE', #5778, 2.100000000000000089 ) ;
#5435 = ORIENTED_EDGE ( 'NONE', *, *, #5523, .T. ) ;
#5436 = VECTOR ( 'NONE', #4101, 1000.000000000000000 ) ;
#5437 = ORIENTED_EDGE ( 'NONE', *, *, #5800, .F. ) ;
#5438 = DIRECTION ( 'NONE',  ( 0.000000000000000000, -1.000000000000000000, 0.000000000000000000 ) ) ;
#5439 = ADVANCED_FACE ( 'NONE', ( #3036 ), #6871, .F. ) ;
#5440 = EDGE_LOOP ( 'NONE', ( #3011, #6385, #6695, #2754, #2792 ) ) ;
#5441 = AXIS2_PLACEMENT_3D ( 'NONE', #3606, #3047, #506 ) ;
#5442 = DIRECTION ( 'NONE',  ( -0.000000000000000000, -1.000000000000000000, -0.000000000000000000 ) ) ;
#5443 = AXIS2_PLACEMENT_3D ( 'NONE', #470, #3750, #5882 ) ;
#5444 = CARTESIAN_POINT ( 'NONE',  ( 0.4000000000000000777, 2.061552812808830293, -30.83899999999999153 ) ) ;
#5445 = DIRECTION ( 'NONE',  ( 0.000000000000000000, 0.000000000000000000, -1.000000000000000000 ) ) ;
#5446 = ORIENTED_EDGE ( 'NONE', *, *, #5906, .T. ) ;
#5447 = VECTOR ( 'NONE', #6583, 1000.000000000000000 ) ;
#5448 = VERTEX_POINT ( 'NONE', #3633 ) ;
#5449 = EDGE_LOOP ( 'NONE', ( #2807, #6915, #2017, #6315 ) ) ;
#5450 = CARTESIAN_POINT ( 'NONE',  ( 2.100000000000000089, -2.571758278209441957E-16, -30.83899999999999153 ) ) ;
#5451 = DIRECTION ( 'NONE',  ( 0.000000000000000000, 1.000000000000000000, 0.000000000000000000 ) ) ;
#5452 = VERTEX_POINT ( 'NONE', #5236 ) ;
#5453 = CARTESIAN_POINT ( 'NONE',  ( 12.69999999999999929, 0.000000000000000000, -30.92307225861763698 ) ) ;
#5454 = DIRECTION ( 'NONE',  ( -0.000000000000000000, -0.000000000000000000, -1.000000000000000000 ) ) ;
#5455 = CARTESIAN_POINT ( 'NONE',  ( -6.200000000000001066, -0.1999999999999979294, -2.000000000000000000 ) ) ;
#5456 = EDGE_CURVE ( 'NONE', #5477, #2993, #4184, .T. ) ;
#5457 = EDGE_CURVE ( 'NONE', #4203, #1185, #4707, .T. ) ;
#5458 = ORIENTED_EDGE ( 'NONE', *, *, #3335, .F. ) ;
#5459 = EDGE_CURVE ( 'NONE', #885, #1105, #3999, .T. ) ;
#5460 = FACE_OUTER_BOUND ( 'NONE', #6485, .T. ) ;
#5461 = DIRECTION ( 'NONE',  ( -1.000000000000000000, -0.000000000000000000, 0.000000000000000000 ) ) ;
#5462 = CARTESIAN_POINT ( 'NONE',  ( 24.95559739064391280, -2.083236664664703586, -19.44999999999999574 ) ) ;
#5463 = DIRECTION ( 'NONE',  ( -8.115498896123205041E-15, 0.000000000000000000, 1.000000000000000000 ) ) ;
#5464 = EDGE_CURVE ( 'NONE', #4498, #2714, #311, .T. ) ;
#5465 = VERTEX_POINT ( 'NONE', #5267 ) ;
#5466 = CYLINDRICAL_SURFACE ( 'NONE', #3512, 2.100000000000000089 ) ;
#5467 = CARTESIAN_POINT ( 'NONE',  ( -2.268258436585968152, 0.000000000000000000, 5.620762745781208380 ) ) ;
#5468 = ORIENTED_EDGE ( 'NONE', *, *, #6053, .T. ) ;
#5469 = CARTESIAN_POINT ( 'NONE',  ( -6.200000000000001954, 6.200000000000000178, -23.39999999999999858 ) ) ;
#5470 = EDGE_CURVE ( 'NONE', #483, #1274, #4977, .T. ) ;
#5471 = VERTEX_POINT ( 'NONE', #5532 ) ;
#5472 = EDGE_LOOP ( 'NONE', ( #3585, #737, #6830, #6798 ) ) ;
#5473 = CARTESIAN_POINT ( 'NONE',  ( -2.168404344971008868E-15, 6.199999999999999289, -23.39999999999999858 ) ) ;
#5474 = ORIENTED_EDGE ( 'NONE', *, *, #3879, .F. ) ;
#5475 = LINE ( 'NONE', #2827, #5273 ) ;
#5476 = CARTESIAN_POINT ( 'NONE',  ( 13.09999999999999964, -2.232710535457612888, 5.620762745781209269 ) ) ;
#5477 = VERTEX_POINT ( 'NONE', #4876 ) ;
#5478 = EDGE_LOOP ( 'NONE', ( #6164, #4422 ) ) ;
#5479 = ORIENTED_EDGE ( 'NONE', *, *, #2569, .T. ) ;
#5480 = DIRECTION ( 'NONE',  ( 0.000000000000000000, 0.000000000000000000, 1.000000000000000000 ) ) ;
#5481 = DIRECTION ( 'NONE',  ( 1.000000000000000000, 0.000000000000000000, 0.000000000000000000 ) ) ;
#5482 = VERTEX_POINT ( 'NONE', #700 ) ;
#5483 = DIRECTION ( 'NONE',  ( -0.000000000000000000, -1.000000000000000000, -0.000000000000000000 ) ) ;
#5484 = DIRECTION ( 'NONE',  ( -0.000000000000000000, -0.000000000000000000, -1.000000000000000000 ) ) ;
#5485 = EDGE_CURVE ( 'NONE', #1410, #2489, #3439, .T. ) ;
#5486 = CARTESIAN_POINT ( 'NONE',  ( -6.200000000000001954, -4.174999999999998934, -23.39999999999999858 ) ) ;
#5487 = CARTESIAN_POINT ( 'NONE',  ( 24.57307225861763200, 0.000000000000000000, -6.350000000000001421 ) ) ;
#5488 = EDGE_CURVE ( 'NONE', #5624, #706, #5497, .T. ) ;
#5489 = AXIS2_PLACEMENT_3D ( 'NONE', #6171, #2329, #206 ) ;
#5490 = CARTESIAN_POINT ( 'NONE',  ( 9.524999999999998579, 3.888253587292846081E-16, 0.000000000000000000 ) ) ;
#5491 = EDGE_CURVE ( 'NONE', #6344, #1274, #6017, .T. ) ;
#5492 = DIRECTION ( 'NONE',  ( 0.000000000000000000, 0.000000000000000000, 1.000000000000000000 ) ) ;
#5493 = CARTESIAN_POINT ( 'NONE',  ( 12.94707237833307367, -2.087434397081523674, -27.58728260441153779 ) ) ;
#5494 = AXIS2_PLACEMENT_3D ( 'NONE', #2690, #3779, #6360 ) ;
#5495 = DIRECTION ( 'NONE',  ( 0.7071067811865477948, 0.000000000000000000, -0.7071067811865473507 ) ) ;
#5496 = DIRECTION ( 'NONE',  ( -0.000000000000000000, 1.000000000000000000, 0.000000000000000000 ) ) ;
#5497 = LINE ( 'NONE', #172, #975 ) ;
#5498 = ORIENTED_EDGE ( 'NONE', *, *, #4248, .T. ) ;
#5499 = AXIS2_PLACEMENT_3D ( 'NONE', #4972, #104, #6511 ) ;
#5500 = EDGE_CURVE ( 'NONE', #6495, #1644, #6773, .T. ) ;
#5501 = LINE ( 'NONE', #5469, #2521 ) ;
#5502 = VERTEX_POINT ( 'NONE', #4457 ) ;
#5503 = VECTOR ( 'NONE', #101, 1000.000000000000000 ) ;
#5504 = ORIENTED_EDGE ( 'NONE', *, *, #41, .T. ) ;
#5505 = ORIENTED_EDGE ( 'NONE', *, *, #4984, .T. ) ;
#5506 = CARTESIAN_POINT ( 'NONE',  ( 0.3999999999999993006, -2.264950330581225746, 5.523072258617638397 ) ) ;
#5507 = VERTEX_POINT ( 'NONE', #1228 ) ;
#5508 = EDGE_CURVE ( 'NONE', #285, #574, #1293, .T. ) ;
#5509 = CARTESIAN_POINT ( 'NONE',  ( 2.571758278209445408E-16, -0.8890000000000000124, -21.14999999999999858 ) ) ;
#5510 = LINE ( 'NONE', #3351, #3618 ) ;
#5511 = CIRCLE ( 'NONE', #5857, 2.100000000000000977 ) ;
#5512 = EDGE_LOOP ( 'NONE', ( #4824, #5685, #3571, #422 ) ) ;
#5513 = ORIENTED_EDGE ( 'NONE', *, *, #1742, .T. ) ;
#5514 = CARTESIAN_POINT ( 'NONE',  ( 21.52063639349768209, -2.042738830444500220, -5.862819988147621508 ) ) ;
#5515 = CARTESIAN_POINT ( 'NONE',  ( 12.69999999999999929, -0.8890000000000000124, -6.350000000000000533 ) ) ;
#5516 = LOCAL_TIME ( 14, 4, 1.000000000000000000, #1254 ) ;
#5517 = ORIENTED_EDGE ( 'NONE', *, *, #3144, .F. ) ;
#5518 = LINE ( 'NONE', #1280, #1954 ) ;
#5519 = CARTESIAN_POINT ( 'NONE',  ( 12.69999999999999929, -0.8890000000000000124, -3.174999999999999378 ) ) ;
#5520 = CYLINDRICAL_SURFACE ( 'NONE', #2607, 3.175000000000000711 ) ;
#5521 = ORIENTED_EDGE ( 'NONE', *, *, #1762, .F. ) ;
#5522 = LINE ( 'NONE', #2349, #933 ) ;
#5523 = EDGE_CURVE ( 'NONE', #5452, #6433, #1306, .T. ) ;
#5524 = CARTESIAN_POINT ( 'NONE',  ( 24.57307225861763200, -2.264950330581225746, -5.950000000000003730 ) ) ;
#5525 = DATE_AND_TIME ( #6705, #2847 ) ;
#5526 = DIRECTION ( 'NONE',  ( -1.000000000000000000, -0.000000000000000000, -0.000000000000000000 ) ) ;
#5527 = AXIS2_PLACEMENT_3D ( 'NONE', #3252, #579, #5357 ) ;
#5528 = EDGE_CURVE ( 'NONE', #4503, #2327, #3107, .T. ) ;
#5529 = LINE ( 'NONE', #1362, #2990 ) ;
#5530 = CARTESIAN_POINT ( 'NONE',  ( 17.05000000000000071, 6.200000000000000178, -23.39999999999999858 ) ) ;
#5531 = EDGE_CURVE ( 'NONE', #6788, #4498, #5925, .T. ) ;
#5532 = CARTESIAN_POINT ( 'NONE',  ( -2.453269466693397832E-15, 6.200000000000000178, -25.39999999999999858 ) ) ;
#5533 = EDGE_LOOP ( 'NONE', ( #2398, #4692, #682, #6724, #6902, #5303, #3273, #1962, #3137, #1777, #919, #6496 ) ) ;
#5534 = DIRECTION ( 'NONE',  ( -0.7071067811865477948, 0.000000000000000000, 0.7071067811865473507 ) ) ;
#5535 = ADVANCED_FACE ( 'NONE', ( #1771 ), #6064, .F. ) ;
#5536 = VECTOR ( 'NONE', #4798, 1000.000000000000000 ) ;
#5537 = EDGE_LOOP ( 'NONE', ( #3159, #3650, #2709, #2365, #1740, #3732, #5683, #3630, #2918, #6900 ) ) ;
#5538 = EDGE_LOOP ( 'NONE', ( #2002, #1355, #6129, #3104, #6172, #3031 ) ) ;
#5539 = DIRECTION ( 'NONE',  ( 0.000000000000000000, 1.000000000000000000, 0.000000000000000000 ) ) ;
#5540 = EDGE_CURVE ( 'NONE', #5686, #382, #6609, .T. ) ;
#5541 = ORIENTED_EDGE ( 'NONE', *, *, #1521, .F. ) ;
#5542 = CONICAL_SURFACE ( 'NONE', #503, 2.100000000000000089, 1.172861257340199304 ) ;
#5543 = CIRCLE ( 'NONE', #4096, 3.175000000000002487 ) ;
#5544 = CARTESIAN_POINT ( 'NONE',  ( 12.69999999999999929, 0.000000000000000000, 5.439000000000000057 ) ) ;
#5545 = ADVANCED_FACE ( 'NONE', ( #1158 ), #1831, .F. ) ;
#5546 = VECTOR ( 'NONE', #5136, 1000.000000000000000 ) ;
#5547 = ORIENTED_EDGE ( 'NONE', *, *, #5668, .T. ) ;
#5548 = VECTOR ( 'NONE', #1822, 999.9999999999998863 ) ;
#5549 = EDGE_LOOP ( 'NONE', ( #5773, #3460 ) ) ;
#5550 = CARTESIAN_POINT ( 'NONE',  ( 24.18900000000001071, 0.000000000000000000, -19.04999999999999716 ) ) ;
#5551 = DIRECTION ( 'NONE',  ( 1.000000000000000000, 0.000000000000000000, 0.000000000000000000 ) ) ;
#5552 = AXIS2_PLACEMENT_3D ( 'NONE', #6512, #4913, #2221 ) ;
#5553 = FACE_OUTER_BOUND ( 'NONE', #3983, .T. ) ;
#5554 = CARTESIAN_POINT ( 'NONE',  ( 12.69999999999999929, 0.000000000000000000, -30.78899999999999793 ) ) ;
#5555 = AXIS2_PLACEMENT_3D ( 'NONE', #6111, #2340, #1240 ) ;
#5556 = CARTESIAN_POINT ( 'NONE',  ( 12.30000000000000071, 2.182283254615324797, 5.773529692572009431 ) ) ;
#5557 = VERTEX_POINT ( 'NONE', #3300 ) ;
#5558 = VERTEX_POINT ( 'NONE', #107 ) ;
#5559 = CARTESIAN_POINT ( 'NONE',  ( 4.522792206135783033, -2.174999999999999822, -4.522792206135780368 ) ) ;
#5560 = APPLICATION_CONTEXT ( 'configuration controlled 3d designs of mechanical parts and assemblies' ) ;
#5561 = CARTESIAN_POINT ( 'NONE',  ( -0.3999999999999994116, 1.663407726524676500, 6.139000000000002899 ) ) ;
#5562 = CARTESIAN_POINT ( 'NONE',  ( 24.67076274578120376, 2.232710535457612888, -6.749999999999999112 ) ) ;
#5563 = PLANE ( 'NONE',  #6231 ) ;
#5564 = DIRECTION ( 'NONE',  ( 0.000000000000000000, 0.000000000000000000, 1.000000000000000000 ) ) ;
#5565 = DIRECTION ( 'NONE',  ( 1.000000000000000000, 0.000000000000000000, -1.621236893436268647E-16 ) ) ;
#5566 = ORIENTED_EDGE ( 'NONE', *, *, #2976, .F. ) ;
#5567 = CARTESIAN_POINT ( 'NONE',  ( -0.2470723783330720513, -2.087434397081524118, 2.187282604411544096 ) ) ;
#5568 = B_SPLINE_CURVE_WITH_KNOTS ( 'NONE', 3,
 ( #3827, #1147, #2179, #4341 ),
 .UNSPECIFIED., .F., .F.,
 ( 4, 4 ),
 ( 0.003029541235337105450, 0.003249628748158706060 ),
 .UNSPECIFIED. ) ;
#5569 = VERTEX_POINT ( 'NONE', #633 ) ;
#5570 = VERTEX_POINT ( 'NONE', #2253 ) ;
#5571 = CARTESIAN_POINT ( 'NONE',  ( -0.4000000000000000222, -2.129368205736809738, -30.86698505546812754 ) ) ;
#5572 = ORIENTED_EDGE ( 'NONE', *, *, #4713, .F. ) ;
#5573 = EDGE_CURVE ( 'NONE', #6001, #1377, #1070, .T. ) ;
#5574 = DIRECTION ( 'NONE',  ( -0.7071067811865473507, 0.000000000000000000, -0.7071067811865477948 ) ) ;
#5575 = EDGE_LOOP ( 'NONE', ( #5296, #1969, #6557, #1175 ) ) ;
#5576 = VERTEX_POINT ( 'NONE', #3871 ) ;
#5577 = VERTEX_POINT ( 'NONE', #4946 ) ;
#5578 = ORIENTED_EDGE ( 'NONE', *, *, #298, .F. ) ;
#5579 = CARTESIAN_POINT ( 'NONE',  ( 12.69999999999999929, 0.000000000000000000, 5.439000000000000945 ) ) ;
#5580 = CARTESIAN_POINT ( 'NONE',  ( 6.350000000000000533, -0.8890000000000000124, -12.69999999999999929 ) ) ;
#5581 = VERTEX_POINT ( 'NONE', #3343 ) ;
#5582 = DIRECTION ( 'NONE',  ( -8.115498896123205041E-15, 0.000000000000000000, -1.000000000000000000 ) ) ;
#5583 = CARTESIAN_POINT ( 'NONE',  ( -0.4286119346557875076, -2.057850353472996385, -27.75360533646651362 ) ) ;
#5584 = CARTESIAN_POINT ( 'NONE',  ( 0.4000000000000010214, 1.663442899047754109, 6.139000000000001123 ) ) ;
#5585 = CARTESIAN_POINT ( 'NONE',  ( -0.4000000000000000222, 2.197165962000669381, -30.89501255233152932 ) ) ;
#5586 = ORIENTED_EDGE ( 'NONE', *, *, #1221, .F. ) ;
#5587 = VERTEX_POINT ( 'NONE', #5467 ) ;
#5588 = DIRECTION ( 'NONE',  ( -0.000000000000000000, 1.000000000000000000, 0.000000000000000000 ) ) ;
#5589 = ADVANCED_FACE ( 'NONE', ( #663 ), #5542, .T. ) ;
#5590 = DIRECTION ( 'NONE',  ( 1.000000000000000000, 0.000000000000000000, 0.000000000000000000 ) ) ;
#5591 = CONICAL_SURFACE ( 'NONE', #6275, 2.299999999999999822, 0.3141592653589760364 ) ;
#5592 = PERSON_AND_ORGANIZATION ( #5737, #3625 ) ;
#5593 = DIRECTION ( 'NONE',  ( -0.9961946980917461003, 0.000000000000000000, -0.08715574274765176821 ) ) ;
#5594 = VECTOR ( 'NONE', #1119, 1000.000000000000227 ) ;
#5595 = CARTESIAN_POINT ( 'NONE',  ( 0.4000000000000010214, 0.000000000000000000, 6.139000000000000234 ) ) ;
#5596 = CARTESIAN_POINT ( 'NONE',  ( 21.52063639349769275, 2.042738830444500220, -19.53718001185237796 ) ) ;
#5597 = ORIENTED_EDGE ( 'NONE', *, *, #3577, .T. ) ;
#5598 = VECTOR ( 'NONE', #1464, 1000.000000000000000 ) ;
#5599 = ORIENTED_EDGE ( 'NONE', *, *, #1568, .T. ) ;
#5600 = DIRECTION ( 'NONE',  ( -1.000000000000000000, 0.000000000000000000, 0.000000000000000000 ) ) ;
#5601 = ORIENTED_EDGE ( 'NONE', *, *, #5418, .F. ) ;
#5602 = EDGE_CURVE ( 'NONE', #3456, #644, #5155, .T. ) ;
#5603 = PLANE ( 'NONE',  #2967 ) ;
#5604 = CARTESIAN_POINT ( 'NONE',  ( 0.2470723783330722179, 2.087434397081523674, 2.187282604411544096 ) ) ;
#5605 = ORIENTED_EDGE ( 'NONE', *, *, #1985, .T. ) ;
#5606 = CIRCLE ( 'NONE', #6509, 2.100000000000000977 ) ;
#5607 = ORIENTED_EDGE ( 'NONE', *, *, #337, .F. ) ;
#5608 = ADVANCED_FACE ( 'NONE', ( #333 ), #872, .T. ) ;
#5609 = B_SPLINE_CURVE_WITH_KNOTS ( 'NONE', 3,
 ( #6683, #5638, #1405, #3477, #4527, #234, #2991, #4665, #5596, #336 ),
 .UNSPECIFIED., .F., .F.,
 ( 4, 2, 2, 2, 4 ),
 ( 0.000000000000000000, 0.0003704147845104401255, 0.0007408295690208802509, 0.001111244353531320485, 0.001481659138041760502 ),
 .UNSPECIFIED. ) ;
#5610 = EDGE_CURVE ( 'NONE', #3172, #4353, #6214, .T. ) ;
#5611 = ORIENTED_EDGE ( 'NONE', *, *, #734, .F. ) ;
#5612 = ORIENTED_EDGE ( 'NONE', *, *, #4812, .T. ) ;
#5613 = LINE ( 'NONE', #814, #1656 ) ;
#5614 = DIRECTION ( 'NONE',  ( -0.000000000000000000, 1.000000000000000000, -0.000000000000000000 ) ) ;
#5615 = AXIS2_PLACEMENT_3D ( 'NONE', #5336, #5962, #3806 ) ;
#5616 = ORIENTED_EDGE ( 'NONE', *, *, #267, .F. ) ;
#5617 = EDGE_CURVE ( 'NONE', #1904, #1937, #3313, .T. ) ;
#5618 = AXIS2_PLACEMENT_3D ( 'NONE', #5261, #5866, #598 ) ;
#5619 = B_SPLINE_CURVE_WITH_KNOTS ( 'NONE', 3,
 ( #2680, #482, #2076, #4208 ),
 .UNSPECIFIED., .F., .F.,
 ( 4, 4 ),
 ( 0.007647354141962974666, 0.007869202712918558010 ),
 .UNSPECIFIED. ) ;
#5620 = DIRECTION ( 'NONE',  ( 1.000000000000000000, -0.000000000000000000, -0.000000000000000000 ) ) ;
#5621 = FACE_OUTER_BOUND ( 'NONE', #1313, .T. ) ;
#5622 = DIRECTION ( 'NONE',  ( 0.000000000000000000, 0.000000000000000000, -1.000000000000000000 ) ) ;
#5623 = EDGE_LOOP ( 'NONE', ( #6712, #3214 ) ) ;
#5624 = VERTEX_POINT ( 'NONE', #3613 ) ;
#5625 = CARTESIAN_POINT ( 'NONE',  ( 24.57307225861763200, -2.264950330581225746, -6.749999999999999112 ) ) ;
#5626 = CARTESIAN_POINT ( 'NONE',  ( 12.69999999999999929, -2.174999999999999822, -3.174999999999999378 ) ) ;
#5627 = EDGE_CURVE ( 'NONE', #4601, #6907, #2312, .T. ) ;
#5628 = CARTESIAN_POINT ( 'NONE',  ( -5.200000000000001066, -31.72724035221981964, -11.15441558772842967 ) ) ;
#5629 = CARTESIAN_POINT ( 'NONE',  ( 13.19809734904587195, -2.040073290564207387, 2.595422128626172054 ) ) ;
#5630 = EDGE_CURVE ( 'NONE', #5587, #108, #4661, .T. ) ;
#5631 = AXIS2_PLACEMENT_3D ( 'NONE', #6539, #2280, #1358 ) ;
#5632 = CARTESIAN_POINT ( 'NONE',  ( 0.000000000000000000, -0.8890000000000000124, -6.349999999999999645 ) ) ;
#5633 = FACE_OUTER_BOUND ( 'NONE', #1102, .T. ) ;
#5634 =( BOUNDED_CURVE ( )  B_SPLINE_CURVE ( 3, ( #2784, #1093, #4914, #557 ),
 .UNSPECIFIED., .F., .T. ) 
 B_SPLINE_CURVE_WITH_KNOTS ( ( 4, 4 ),
 ( 4.362112093716119077, 4.472917508490047211 ),
 .UNSPECIFIED. ) 
 CURVE ( )  GEOMETRIC_REPRESENTATION_ITEM ( )  RATIONAL_B_SPLINE_CURVE ( ( 1.000000000000000000, 0.9989771083553060649, 0.9989771083553060649, 1.000000000000000000 ) ) 
 REPRESENTATION_ITEM ( '' )  );
#5635 = CARTESIAN_POINT ( 'NONE',  ( 25.18899999999999650, -1.502637486114517751, -6.749999999999999112 ) ) ;
#5636 = EDGE_LOOP ( 'NONE', ( #2403, #2535, #1841, #4037 ) ) ;
#5637 = CIRCLE ( 'NONE', #607, 3.375000000000000000 ) ;
#5638 = CARTESIAN_POINT ( 'NONE',  ( 21.52063470255290056, 2.042738866564660416, -18.56282013608611692 ) ) ;
#5639 = ORIENTED_EDGE ( 'NONE', *, *, #4741, .T. ) ;
#5640 = VECTOR ( 'NONE', #2441, 1000.000000000000000 ) ;
#5641 = VERTEX_POINT ( 'NONE', #4067 ) ;
#5642 = DIRECTION ( 'NONE',  ( 0.000000000000000000, -0.000000000000000000, 1.000000000000000000 ) ) ;
#5643 = ORIENTED_EDGE ( 'NONE', *, *, #1386, .F. ) ;
#5644 = CARTESIAN_POINT ( 'NONE',  ( -0.6477403412507644065, -1.999113491775013296, 4.305849356269921380 ) ) ;
#5645 = LINE ( 'NONE', #6720, #3396 ) ;
#5646 = ORIENTED_EDGE ( 'NONE', *, *, #4561, .F. ) ;
#5647 = CIRCLE ( 'NONE', #957, 3.175000000000000711 ) ;
#5648 = ORIENTED_EDGE ( 'NONE', *, *, #5573, .T. ) ;
#5649 = ORIENTED_EDGE ( 'NONE', *, *, #4565, .T. ) ;
#5650 = CIRCLE ( 'NONE', #6746, 2.100000000000000977 ) ;
#5651 = VERTEX_POINT ( 'NONE', #5038 ) ;
#5652 = AXIS2_PLACEMENT_3D ( 'NONE', #2114, #624, #1764 ) ;
#5653 = CARTESIAN_POINT ( 'NONE',  ( 14.80000000000000071, 0.000000000000000000, -30.83899999999999864 ) ) ;
#5654 = FACE_OUTER_BOUND ( 'NONE', #5679, .T. ) ;
#5655 = ORIENTED_EDGE ( 'NONE', *, *, #6690, .F. ) ;
#5656 = DIRECTION ( 'NONE',  ( 0.000000000000000000, 0.000000000000000000, -1.000000000000000000 ) ) ;
#5657 = DIRECTION ( 'NONE',  ( 0.000000000000000000, 0.000000000000000000, 1.000000000000000000 ) ) ;
#5658 = FACE_BOUND ( 'NONE', #5478, .T. ) ;
#5659 = AXIS2_PLACEMENT_3D ( 'NONE', #1045, #2213, #3292 ) ;
#5660 = AXIS2_PLACEMENT_3D ( 'NONE', #5699, #1506, #4761 ) ;
#5661 = EDGE_LOOP ( 'NONE', ( #952, #4737, #1052, #739, #5756, #3776, #2128 ) ) ;
#5662 = VECTOR ( 'NONE', #1034, 1000.000000000000000 ) ;
#5663 = ORIENTED_EDGE ( 'NONE', *, *, #1833, .T. ) ;
#5664 = CARTESIAN_POINT ( 'NONE',  ( 0.4980973490458738828, 3.174999999999998934, -27.99542212862616353 ) ) ;
#5665 = UNCERTAINTY_MEASURE_WITH_UNIT (LENGTH_MEASURE( 1.000000000000000082E-05 ), #4940, 'distance_accuracy_value', 'NONE');
#5666 = AXIS2_PLACEMENT_3D ( 'NONE', #74, #1728, #5998 ) ;
#5667 = CARTESIAN_POINT ( 'NONE',  ( 11.97936842241353261, -1.972483239316684234, -30.53899999999999793 ) ) ;
#5668 = EDGE_CURVE ( 'NONE', #3283, #3587, #231, .T. ) ;
#5669 = CARTESIAN_POINT ( 'NONE',  ( 24.48900000000000432, 0.000000000000000000, -19.04999999999999716 ) ) ;
#5670 = ADVANCED_FACE ( 'NONE', ( #2488 ), #4002, .F. ) ;
#5671 = DIRECTION ( 'NONE',  ( 1.000000000000000000, 0.000000000000000000, 0.000000000000000000 ) ) ;
#5672 = CARTESIAN_POINT ( 'NONE',  ( 24.82357945836739077, 2.182266827280790356, -6.749999999999997335 ) ) ;
#5673 = DIRECTION ( 'NONE',  ( 1.000000000000000000, 0.000000000000000000, 0.000000000000000000 ) ) ;
#5674 = PLANE ( 'NONE',  #4617 ) ;
#5675 = LINE ( 'NONE', #5595, #2531 ) ;
#5676 = ORIENTED_EDGE ( 'NONE', *, *, #4823, .F. ) ;
#5677 = CARTESIAN_POINT ( 'NONE',  ( 0.2470917478819857349, -2.087439085565598429, 2.187221323398956141 ) ) ;
#5678 = VERTEX_POINT ( 'NONE', #1402 ) ;
#5679 = EDGE_LOOP ( 'NONE', ( #458, #2657, #5599, #6855, #2058, #853 ) ) ;
#5680 = DIRECTION ( 'NONE',  ( 0.000000000000000000, -0.000000000000000000, -1.000000000000000000 ) ) ;
#5681 = ORIENTED_EDGE ( 'NONE', *, *, #3885, .F. ) ;
#5682 = CARTESIAN_POINT ( 'NONE',  ( 0.000000000000000000, -6.200000000000001066, -6.349999999999999645 ) ) ;
#5683 = ORIENTED_EDGE ( 'NONE', *, *, #4856, .F. ) ;
#5684 = ORIENTED_EDGE ( 'NONE', *, *, #5798, .F. ) ;
#5685 = ORIENTED_EDGE ( 'NONE', *, *, #1075, .F. ) ;
#5686 = VERTEX_POINT ( 'NONE', #6128 ) ;
#5687 = DIRECTION ( 'NONE',  ( -8.260587980841934638E-15, 0.000000000000000000, -1.000000000000000000 ) ) ;
#5688 = LINE ( 'NONE', #4118, #6002 ) ;
#5689 = ORIENTED_EDGE ( 'NONE', *, *, #1753, .F. ) ;
#5690 = CARTESIAN_POINT ( 'NONE',  ( 6.350000000000000533, -0.8890000000000000124, -12.69999999999999929 ) ) ;
#5691 = PLANE ( 'NONE',  #2750 ) ;
#5692 = DIRECTION ( 'NONE',  ( 0.000000000000000000, -0.000000000000000000, 1.000000000000000000 ) ) ;
#5693 = ORIENTED_EDGE ( 'NONE', *, *, #4141, .F. ) ;
#5694 = VERTEX_POINT ( 'NONE', #4103 ) ;
#5695 = DIRECTION ( 'NONE',  ( -0.000000000000000000, 1.000000000000000000, -0.000000000000000000 ) ) ;
#5696 = CARTESIAN_POINT ( 'NONE',  ( 0.000000000000000000, 0.000000000000000000, 5.139000000000003787 ) ) ;
#5697 = DIRECTION ( 'NONE',  ( 0.000000000000000000, 1.000000000000000000, 0.000000000000000000 ) ) ;
#5698 = EDGE_CURVE ( 'NONE', #3673, #6042, #3557, .T. ) ;
#5699 = CARTESIAN_POINT ( 'NONE',  ( 12.69999999999999929, 0.000000000000000000, 5.439000000000000057 ) ) ;
#5700 = CARTESIAN_POINT ( 'NONE',  ( 24.95694035598735638, 2.081805041010026613, -6.749999999999998224 ) ) ;
#5701 = ADVANCED_FACE ( 'NONE', ( #1328 ), #3548, .T. ) ;
#5702 = DIRECTION ( 'NONE',  ( -0.08715574274765176821, -0.000000000000000000, 0.9961946980917461003 ) ) ;
#5703 = CARTESIAN_POINT ( 'NONE',  ( 12.30000000000000071, -1.820969194338324160, 6.090132639966193473 ) ) ;
#5704 = DIRECTION ( 'NONE',  ( 0.000000000000000000, 1.000000000000000000, 0.000000000000000000 ) ) ;
#5705 = ORIENTED_EDGE ( 'NONE', *, *, #3242, .F. ) ;
#5706 = EDGE_CURVE ( 'NONE', #4503, #2966, #5675, .T. ) ;
#5707 = DIRECTION ( 'NONE',  ( 0.000000000000000000, 0.000000000000000000, -1.000000000000000000 ) ) ;
#5708 = B_SPLINE_CURVE_WITH_KNOTS ( 'NONE', 3,
 ( #658, #4097, #2352, #5700, #5672, #5562 ),
 .UNSPECIFIED., .F., .F.,
 ( 4, 2, 4 ),
 ( 0.000000000000000000, 0.0004757428370953085701, 0.0009514856741906167065 ),
 .UNSPECIFIED. ) ;
#5709 = CARTESIAN_POINT ( 'NONE',  ( -0.3999999999999993006, 2.264950330581225746, 5.523072258617638397 ) ) ;
#5710 = DIRECTION ( 'NONE',  ( 0.000000000000000000, -0.000000000000000000, 1.000000000000000000 ) ) ;
#5711 = CIRCLE ( 'NONE', #2143, 3.175000000000000711 ) ;
#5712 = ADVANCED_FACE ( 'NONE', ( #797 ), #2951, .F. ) ;
#5713 = ORIENTED_EDGE ( 'NONE', *, *, #5485, .F. ) ;
#5714 = CARTESIAN_POINT ( 'NONE',  ( 12.20190265095412840, 2.040073290564207831, -27.99542212862617063 ) ) ;
#5715 = ORIENTED_EDGE ( 'NONE', *, *, #6329, .F. ) ;
#5716 = ADVANCED_FACE ( 'NONE', ( #1440 ), #1892, .T. ) ;
#5717 = DIRECTION ( 'NONE',  ( 0.7071067811865477948, 0.000000000000000000, -0.7071067811865473507 ) ) ;
#5718 = CARTESIAN_POINT ( 'NONE',  ( 21.23722132339895907, -2.087439085565598429, -19.29709174788197856 ) ) ;
#5719 = EDGE_LOOP ( 'NONE', ( #2157, #3166, #85, #3891 ) ) ;
#5720 = VECTOR ( 'NONE', #3882, 1000.000000000000000 ) ;
#5721 = ORIENTED_EDGE ( 'NONE', *, *, #3255, .T. ) ;
#5722 = EDGE_CURVE ( 'NONE', #3529, #5935, #2330, .T. ) ;
#5723 = ORIENTED_EDGE ( 'NONE', *, *, #1253, .T. ) ;
#5724 = ORIENTED_EDGE ( 'NONE', *, *, #4163, .T. ) ;
#5725 = CARTESIAN_POINT ( 'NONE',  ( 19.93900000000000361, 0.000000000000000000, -22.22499999999999787 ) ) ;
#5726 = CARTESIAN_POINT ( 'NONE',  ( -5.204170427930421283E-15, 6.199999999999998401, 0.000000000000000000 ) ) ;
#5727 = ORIENTED_EDGE ( 'NONE', *, *, #6066, .T. ) ;
#5728 = AXIS2_PLACEMENT_3D ( 'NONE', #3188, #6847, #4236 ) ;
#5729 = FACE_OUTER_BOUND ( 'NONE', #6207, .T. ) ;
#5730 = FACE_OUTER_BOUND ( 'NONE', #2092, .T. ) ;
#5731 = DIRECTION ( 'NONE',  ( 1.000000000000000000, 0.000000000000000000, -8.260587980841937794E-15 ) ) ;
#5732 = ORIENTED_EDGE ( 'NONE', *, *, #5456, .T. ) ;
#5733 = EDGE_CURVE ( 'NONE', #3411, #5432, #5007, .T. ) ;
#5734 = ORIENTED_EDGE ( 'NONE', *, *, #1942, .T. ) ;
#5735 = AXIS2_PLACEMENT_3D ( 'NONE', #5957, #625, #3865 ) ;
#5736 = CARTESIAN_POINT ( 'NONE',  ( 24.67076274578120376, 2.232710535457612888, -5.950000000000003730 ) ) ;
#5737 = PERSON ( 'UNSPECIFIED', 'UNSPECIFIED', 'UNSPECIFIED', ('UNSPECIFIED'), ('UNSPECIFIED'), ('UNSPECIFIED') ) ;
#5738 = CARTESIAN_POINT ( 'NONE',  ( -0.3999999999999994116, -2.182266827280791244, 5.773579458367406936 ) ) ;
#5739 = DIRECTION ( 'NONE',  ( -0.000000000000000000, 0.000000000000000000, 1.000000000000000000 ) ) ;
#5740 = AXIS2_PLACEMENT_3D ( 'NONE', #1598, #3771, #2043 ) ;
#5741 = CARTESIAN_POINT ( 'NONE',  ( 25.18899999999999650, -1.502637486114517751, -5.950000000000003730 ) ) ;
#5742 = CARTESIAN_POINT ( 'NONE',  ( -0.4980973490458723840, 2.040073290564207831, -27.99542212862616353 ) ) ;
#5743 = CIRCLE ( 'NONE', #6081, 2.100000000000000977 ) ;
#5744 = DIRECTION ( 'NONE',  ( -1.000000000000000000, 0.000000000000000000, 0.000000000000000000 ) ) ;
#5745 = CARTESIAN_POINT ( 'NONE',  ( 0.000000000000000000, -0.8890000000000000124, -9.524999999999998579 ) ) ;
#5746 = CARTESIAN_POINT ( 'NONE',  ( -6.200000000000001954, -2.175000000000000711, -23.39999999999999858 ) ) ;
#5747 = ORIENTED_EDGE ( 'NONE', *, *, #2685, .T. ) ;
#5748 = CARTESIAN_POINT ( 'NONE',  ( -0.4000000000000000222, -2.232710535457612888, -31.02076274578120163 ) ) ;
#5749 = CYLINDRICAL_SURFACE ( 'NONE', #920, 2.100000000000000089 ) ;
#5750 = CARTESIAN_POINT ( 'NONE',  ( 19.93900000000000361, 0.000000000000000000, -16.94999999999999574 ) ) ;
#5751 = CARTESIAN_POINT ( 'NONE',  ( 0.000000000000000000, 0.000000000000000000, -31.53899999999999082 ) ) ;
#5752 = B_SPLINE_CURVE_WITH_KNOTS ( 'NONE', 3,
 ( #5096, #1913, #1983, #4187 ),
 .UNSPECIFIED., .F., .F.,
 ( 4, 4 ),
 ( 0.003655977453372194746, 0.003758849537120530215 ),
 .UNSPECIFIED. ) ;
#5753 = CONICAL_SURFACE ( 'NONE', #50, 2.100000000000000977, 1.172861257340199304 ) ;
#5754 = ORIENTED_EDGE ( 'NONE', *, *, #1748, .T. ) ;
#5755 = DIRECTION ( 'NONE',  ( 0.000000000000000000, 0.000000000000000000, -1.000000000000000000 ) ) ;
#5756 = ORIENTED_EDGE ( 'NONE', *, *, #4912, .F. ) ;
#5757 = ORIENTED_EDGE ( 'NONE', *, *, #6397, .F. ) ;
#5758 = EDGE_CURVE ( 'NONE', #2111, #4920, #552, .T. ) ;
#5759 = ADVANCED_FACE ( 'NONE', ( #4804, #1 ), #2703, .T. ) ;
#5760 = AXIS2_PLACEMENT_3D ( 'NONE', #1389, #6221, #3600 ) ;
#5761 = EDGE_CURVE ( 'NONE', #1242, #5100, #6545, .T. ) ;
#5762 = ORIENTED_EDGE ( 'NONE', *, *, #1944, .T. ) ;
#5763 = ORIENTED_EDGE ( 'NONE', *, *, #4729, .T. ) ;
#5764 = LINE ( 'NONE', #1423, #4445 ) ;
#5765 = DIRECTION ( 'NONE',  ( -0.000000000000000000, -0.000000000000000000, 1.000000000000000000 ) ) ;
#5766 = CIRCLE ( 'NONE', #3419, 2.299999999999999822 ) ;
#5767 = DIRECTION ( 'NONE',  ( -0.000000000000000000, 1.000000000000000000, -0.000000000000000000 ) ) ;
#5768 = CARTESIAN_POINT ( 'NONE',  ( 24.57307225861763200, 0.000000000000000000, -6.350000000000001421 ) ) ;
#5769 = DIRECTION ( 'NONE',  ( -0.7071067811865473507, 0.000000000000000000, -0.7071067811865477948 ) ) ;
#5770 = EDGE_CURVE ( 'NONE', #1140, #5577, #2560, .T. ) ;
#5771 = ORIENTED_EDGE ( 'NONE', *, *, #5919, .F. ) ;
#5772 = CIRCLE ( 'NONE', #2759, 3.175000000000000711 ) ;
#5773 = ORIENTED_EDGE ( 'NONE', *, *, #4481, .T. ) ;
#5774 = DIRECTION ( 'NONE',  ( -0.000000000000000000, 0.000000000000000000, 1.000000000000000000 ) ) ;
#5775 = CARTESIAN_POINT ( 'NONE',  ( 24.67076274578120376, 0.000000000000000000, -6.350000000000001421 ) ) ;
#5776 = CYLINDRICAL_SURFACE ( 'NONE', #6228, 0.5000000000000004441 ) ;
#5777 = CARTESIAN_POINT ( 'NONE',  ( -0.4000000000000000222, -2.061552812808830293, -30.83899999999999153 ) ) ;
#5778 = AXIS2_PLACEMENT_3D ( 'NONE', #6836, #3601, #5731 ) ;
#5779 = CARTESIAN_POINT ( 'NONE',  ( 24.60563645010067901, -2.254205848354697395, -18.64999999999999503 ) ) ;
#5780 = AXIS2_PLACEMENT_3D ( 'NONE', #67, #6476, #2777 ) ;
#5781 = CIRCLE ( 'NONE', #3435, 1.554966049364600700 ) ;
#5782 = DIRECTION ( 'NONE',  ( 0.000000000000000000, 1.000000000000000000, 0.000000000000000000 ) ) ;
#5783 = CARTESIAN_POINT ( 'NONE',  ( 12.69999999999999929, -2.174999999999999822, -15.87499999999999645 ) ) ;
#5784 = DIRECTION ( 'NONE',  ( 0.000000000000000000, 1.000000000000000000, 0.000000000000000000 ) ) ;
#5785 = ORIENTED_EDGE ( 'NONE', *, *, #746, .F. ) ;
#5786 = CARTESIAN_POINT ( 'NONE',  ( 9.871665018948352355, 6.200000000000000178, -25.39999999999999858 ) ) ;
#5787 = DIRECTION ( 'NONE',  ( 0.000000000000000000, 0.000000000000000000, -1.000000000000000000 ) ) ;
#5788 = APPROVAL ( #4483, 'UNSPECIFIED' ) ;
#5789 = DIRECTION ( 'NONE',  ( -0.000000000000000000, -1.000000000000000000, -0.000000000000000000 ) ) ;
#5790 = VECTOR ( 'NONE', #6469, 1000.000000000000000 ) ;
#5791 = ORIENTED_EDGE ( 'NONE', *, *, #2332, .F. ) ;
#5792 = CARTESIAN_POINT ( 'NONE',  ( 0.3999999999999993561, 2.129368206736822700, 5.466985055880805078 ) ) ;
#5793 = ORIENTED_EDGE ( 'NONE', *, *, #65, .F. ) ;
#5794 = EDGE_CURVE ( 'NONE', #3444, #6728, #725, .T. ) ;
#5795 = DIRECTION ( 'NONE',  ( 1.000000000000000000, 0.000000000000000000, 0.000000000000000000 ) ) ;
#5796 = DIRECTION ( 'NONE',  ( 1.000000000000000000, 0.000000000000000000, -8.115498896123167176E-15 ) ) ;
#5797 = VERTEX_POINT ( 'NONE', #5218 ) ;
#5798 = EDGE_CURVE ( 'NONE', #1136, #4237, #412, .T. ) ;
#5799 = ORIENTED_EDGE ( 'NONE', *, *, #102, .T. ) ;
#5800 = EDGE_CURVE ( 'NONE', #3667, #1805, #2029, .T. ) ;
#5801 = PLANE ( 'NONE',  #1420 ) ;
#5802 = DIRECTION ( 'NONE',  ( 0.000000000000000000, 0.000000000000000000, 1.000000000000000000 ) ) ;
#5803 = EDGE_CURVE ( 'NONE', #4072, #1018, #2876, .T. ) ;
#5804 = CARTESIAN_POINT ( 'NONE',  ( -0.4000000000000000222, -2.232710535457612888, -31.02076274578120163 ) ) ;
#5805 = CARTESIAN_POINT ( 'NONE',  ( 0.000000000000000000, 0.000000000000000000, -30.78899999999999082 ) ) ;
#5806 = CARTESIAN_POINT ( 'NONE',  ( 0.4000000000000001887, 1.502637486114517751, -31.53899999999999082 ) ) ;
#5807 = ORIENTED_EDGE ( 'NONE', *, *, #3926, .T. ) ;
#5808 = ORIENTED_EDGE ( 'NONE', *, *, #154, .T. ) ;
#5809 = DIRECTION ( 'NONE',  ( 1.000000000000000000, 0.000000000000000000, 8.115498896123205041E-15 ) ) ;
#5810 = LINE ( 'NONE', #1503, #1414 ) ;
#5811 = CARTESIAN_POINT ( 'NONE',  ( 25.18900000000000361, -1.502637486114517751, -19.44999999999999574 ) ) ;
#5812 = EDGE_CURVE ( 'NONE', #5557, #4282, #4653, .T. ) ;
#5813 = CARTESIAN_POINT ( 'NONE',  ( 0.4000000000000000777, -2.061552812808830293, -30.83899999999999153 ) ) ;
#5814 = CARTESIAN_POINT ( 'NONE',  ( 24.57307225861764266, -2.264950330581225746, -18.64999999999999503 ) ) ;
#5815 = ORIENTED_EDGE ( 'NONE', *, *, #1330, .T. ) ;
#5816 = EDGE_CURVE ( 'NONE', #6565, #6152, #2422, .T. ) ;
#5817 = CARTESIAN_POINT ( 'NONE',  ( 19.05000000000000071, 0.000000000000000000, -22.22499999999999787 ) ) ;
#5818 = DIRECTION ( 'NONE',  ( 1.000000000000000000, 0.000000000000000000, 0.000000000000000000 ) ) ;
#5819 = ORIENTED_EDGE ( 'NONE', *, *, #2284, .F. ) ;
#5820 = DIRECTION ( 'NONE',  ( 0.000000000000000000, 0.000000000000000000, -1.000000000000000000 ) ) ;
#5821 = DIRECTION ( 'NONE',  ( 1.000000000000000000, 0.000000000000000000, -1.621236893436268647E-16 ) ) ;
#5822 = CARTESIAN_POINT ( 'NONE',  ( 12.30000000000000071, -2.061552812808830293, -30.53899999999999793 ) ) ;
#5823 = FACE_BOUND ( 'NONE', #6802, .T. ) ;
#5824 = ORIENTED_EDGE ( 'NONE', *, *, #2219, .T. ) ;
#5825 = DIRECTION ( 'NONE',  ( -0.000000000000000000, 1.000000000000000000, -0.000000000000000000 ) ) ;
#5826 = VERTEX_POINT ( 'NONE', #2070 ) ;
#5827 = CARTESIAN_POINT ( 'NONE',  ( 12.69999999999999929, -9.092978597543523083E-17, 0.8890000000000000124 ) ) ;
#5828 = ORIENTED_EDGE ( 'NONE', *, *, #6808, .F. ) ;
#5829 = ORIENTED_EDGE ( 'NONE', *, *, #2774, .T. ) ;
#5830 = DIRECTION ( 'NONE',  ( 1.000000000000000000, 0.000000000000000000, 0.000000000000000000 ) ) ;
#5831 = FACE_OUTER_BOUND ( 'NONE', #1565, .T. ) ;
#5832 = CIRCLE ( 'NONE', #1916, 3.174999999999999822 ) ;
#5833 = LINE ( 'NONE', #5874, #3615 ) ;
#5834 = CARTESIAN_POINT ( 'NONE',  ( -0.4000000000000000222, 2.061552812808830293, -30.83899999999999153 ) ) ;
#5835 = DIRECTION ( 'NONE',  ( 0.000000000000000000, 0.000000000000000000, 1.000000000000000000 ) ) ;
#5836 = VECTOR ( 'NONE', #3200, 1000.000000000000000 ) ;
#5837 = EDGE_CURVE ( 'NONE', #2764, #3678, #6754, .T. ) ;
#5838 = EDGE_CURVE ( 'NONE', #188, #4662, #6331, .T. ) ;
#5839 = ORIENTED_EDGE ( 'NONE', *, *, #5295, .T. ) ;
#5840 = ORIENTED_EDGE ( 'NONE', *, *, #2897, .F. ) ;
#5841 = ADVANCED_FACE ( 'NONE', ( #1114 ), #3883, .T. ) ;
#5842 = DIRECTION ( 'NONE',  ( 0.000000000000000000, 0.000000000000000000, -1.000000000000000000 ) ) ;
#5843 = VECTOR ( 'NONE', #126, 1000.000000000000000 ) ;
#5844 = DIRECTION ( 'NONE',  ( -0.000000000000000000, -1.000000000000000000, -0.000000000000000000 ) ) ;
#5845 = CARTESIAN_POINT ( 'NONE',  ( 12.69999999999999929, 0.000000000000000000, -25.39999999999999858 ) ) ;
#5846 = CARTESIAN_POINT ( 'NONE',  ( -6.200000000000001954, -1.734723475976807094E-15, -25.39999999999999858 ) ) ;
#5847 = CARTESIAN_POINT ( 'NONE',  ( 12.69999999999999929, -5.460999999999999410, -19.04999999999999716 ) ) ;
#5848 = CARTESIAN_POINT ( 'NONE',  ( 0.000000000000000000, 6.200000000000000178, 0.000000000000000000 ) ) ;
#5849 = ADVANCED_FACE ( 'NONE', ( #647 ), #6886, .F. ) ;
#5850 = AXIS2_PLACEMENT_3D ( 'NONE', #1723, #4375, #6541 ) ;
#5851 = ORIENTED_EDGE ( 'NONE', *, *, #3588, .T. ) ;
#5852 = ADVANCED_FACE ( 'NONE', ( #5419 ), #617, .F. ) ;
#5853 = CARTESIAN_POINT ( 'NONE',  ( 13.09999999999999964, -2.264950330581225302, 5.523072258617638397 ) ) ;
#5854 = LINE ( 'NONE', #3192, #3864 ) ;
#5855 = LINE ( 'NONE', #6895, #5327 ) ;
#5856 = CARTESIAN_POINT ( 'NONE',  ( 3.174999999999999822, 0.000000000000000000, -25.39999999999999858 ) ) ;
#5857 = AXIS2_PLACEMENT_3D ( 'NONE', #6363, #1104, #1571 ) ;
#5858 = LINE ( 'NONE', #5331, #6191 ) ;
#5859 = CARTESIAN_POINT ( 'NONE',  ( -3.654415587728430559, -4.174999999999998046, -12.69999999999999929 ) ) ;
#5860 = AXIS2_PLACEMENT_3D ( 'NONE', #4505, #3391, #6080 ) ;
#5861 = EDGE_CURVE ( 'NONE', #708, #4223, #1616, .T. ) ;
#5862 = VERTEX_POINT ( 'NONE', #3858 ) ;
#5863 = DIRECTION ( 'NONE',  ( 0.000000000000000000, 0.000000000000000000, 1.000000000000000000 ) ) ;
#5864 = AXIS2_PLACEMENT_3D ( 'NONE', #2604, #377, #2075 ) ;
#5865 = EDGE_LOOP ( 'NONE', ( #3898, #380, #6215, #3374 ) ) ;
#5866 = DIRECTION ( 'NONE',  ( -0.000000000000000000, -1.000000000000000000, -0.000000000000000000 ) ) ;
#5867 = AXIS2_PLACEMENT_3D ( 'NONE', #2180, #4936, #5388 ) ;
#5868 = EDGE_CURVE ( 'NONE', #3696, #6153, #2204, .T. ) ;
#5869 = EDGE_LOOP ( 'NONE', ( #2903, #6648, #884, #714 ) ) ;
#5870 = ORIENTED_EDGE ( 'NONE', *, *, #1685, .F. ) ;
#5871 = EDGE_LOOP ( 'NONE', ( #1458, #6318, #4833, #3286 ) ) ;
#5872 = LINE ( 'NONE', #4225, #2595 ) ;
#5873 =( BOUNDED_CURVE ( )  B_SPLINE_CURVE ( 3, ( #5954, #3333, #2141, #4372 ),
 .UNSPECIFIED., .F., .T. ) 
 B_SPLINE_CURVE_WITH_KNOTS ( ( 4, 4 ),
 ( 1.810267798689539909, 1.921073213463467821 ),
 .UNSPECIFIED. ) 
 CURVE ( )  GEOMETRIC_REPRESENTATION_ITEM ( )  RATIONAL_B_SPLINE_CURVE ( ( 1.000000000000000000, 0.9989771083553060649, 0.9989771083553060649, 1.000000000000000000 ) ) 
 REPRESENTATION_ITEM ( '' )  );
#5874 = CARTESIAN_POINT ( 'NONE',  ( 13.09999999999999964, -2.061552812808830293, -30.83899999999999864 ) ) ;
#5875 = CARTESIAN_POINT ( 'NONE',  ( 24.67076274578120376, -2.232710535457612888, -5.950000000000003730 ) ) ;
#5876 = CARTESIAN_POINT ( 'NONE',  ( 21.23722132339894486, 2.087439085565597541, -6.102908252118014687 ) ) ;
#5877 = VECTOR ( 'NONE', #5941, 1000.000000000000000 ) ;
#5878 = ORIENTED_EDGE ( 'NONE', *, *, #5285, .F. ) ;
#5879 = EDGE_LOOP ( 'NONE', ( #6244, #4080 ) ) ;
#5880 = CONICAL_SURFACE ( 'NONE', #2753, 2.299999999999999822, 0.3141592653589760364 ) ;
#5881 = CARTESIAN_POINT ( 'NONE',  ( 12.69999999999999929, 0.000000000000000000, 0.000000000000000000 ) ) ;
#5882 = DIRECTION ( 'NONE',  ( -1.000000000000000000, 0.000000000000000000, 0.000000000000000000 ) ) ;
#5883 = CARTESIAN_POINT ( 'NONE',  ( 6.499999999999999112, 6.349999999999999645, -25.39999999999999858 ) ) ;
#5884 = CARTESIAN_POINT ( 'NONE',  ( 0.000000000000000000, 0.000000000000000000, -30.83899999999999153 ) ) ;
#5885 = CARTESIAN_POINT ( 'NONE',  ( 0.7206315775864675643, -1.972483239316683346, 5.138999999999997570 ) ) ;
#5886 = AXIS2_PLACEMENT_3D ( 'NONE', #4367, #5454, #6501 ) ;
#5887 = ORIENTED_EDGE ( 'NONE', *, *, #3457, .F. ) ;
#5888 = FACE_BOUND ( 'NONE', #1778, .T. ) ;
#5889 = AXIS2_PLACEMENT_3D ( 'NONE', #1625, #4273, #3724 ) ;
#5890 = EDGE_CURVE ( 'NONE', #1305, #4399, #6878, .T. ) ;
#5891 = VECTOR ( 'NONE', #3260, 1000.000000000000000 ) ;
#5892 = DIRECTION ( 'NONE',  ( -0.000000000000000000, -1.000000000000000000, -0.000000000000000000 ) ) ;
#5893 = EDGE_CURVE ( 'NONE', #4181, #6146, #5650, .T. ) ;
#5894 = DIRECTION ( 'NONE',  ( 1.000000000000000000, 0.000000000000000000, 0.000000000000000000 ) ) ;
#5895 = CIRCLE ( 'NONE', #3888, 3.175000000000000711 ) ;
#5896 = B_SPLINE_CURVE_WITH_KNOTS ( 'NONE', 3,
 ( #6502, #2275, #5385, #3290 ),
 .UNSPECIFIED., .F., .F.,
 ( 4, 4 ),
 ( 0.007647354141962972932, 0.007869202712918556275 ),
 .UNSPECIFIED. ) ;
#5897 = AXIS2_PLACEMENT_3D ( 'NONE', #6020, #121, #90 ) ;
#5898 = DIRECTION ( 'NONE',  ( 0.000000000000000000, 0.000000000000000000, 1.000000000000000000 ) ) ;
#5899 = CARTESIAN_POINT ( 'NONE',  ( 13.09999999999999964, -2.232710535457612888, 5.620762745781209269 ) ) ;
#5900 = EDGE_LOOP ( 'NONE', ( #3984, #6676, #5131, #5094, #6791, #1584 ) ) ;
#5901 = AXIS2_PLACEMENT_3D ( 'NONE', #3138, #3703, #5830 ) ;
#5902 = CARTESIAN_POINT ( 'NONE',  ( 0.000000000000000000, 0.000000000000000000, 5.439000000000000057 ) ) ;
#5903 = ORIENTED_EDGE ( 'NONE', *, *, #3198, .F. ) ;
#5904 = ORIENTED_EDGE ( 'NONE', *, *, #5418, .T. ) ;
#5905 = VERTEX_POINT ( 'NONE', #6918 ) ;
#5906 = EDGE_CURVE ( 'NONE', #4237, #5694, #1679, .T. ) ;
#5907 = DIRECTION ( 'NONE',  ( -1.000000000000000000, 0.000000000000000000, 0.000000000000000000 ) ) ;
#5908 = ORIENTED_EDGE ( 'NONE', *, *, #2342, .F. ) ;
#5909 = CIRCLE ( 'NONE', #3795, 3.175000000000000711 ) ;
#5910 = DIRECTION ( 'NONE',  ( 0.000000000000000000, 0.000000000000000000, 1.000000000000000000 ) ) ;
#5911 = CARTESIAN_POINT ( 'NONE',  ( -0.3999999999999993006, 2.197165961088448860, 5.495012551953919910 ) ) ;
#5912 = ORIENTED_EDGE ( 'NONE', *, *, #1762, .T. ) ;
#5913 = ORIENTED_EDGE ( 'NONE', *, *, #820, .T. ) ;
#5914 = FACE_OUTER_BOUND ( 'NONE', #2083, .T. ) ;
#5915 = LINE ( 'NONE', #4264, #849 ) ;
#5916 = DIRECTION ( 'NONE',  ( 0.000000000000000000, 0.000000000000000000, -1.000000000000000000 ) ) ;
#5917 = CARTESIAN_POINT ( 'NONE',  ( 24.18899999999999650, 2.061552812808830737, -5.950000000000003730 ) ) ;
#5918 = LINE ( 'NONE', #5486, #6503 ) ;
#5919 = EDGE_CURVE ( 'NONE', #4594, #6801, #4754, .T. ) ;
#5920 = DIRECTION ( 'NONE',  ( 0.000000000000000000, 0.000000000000000000, -1.000000000000000000 ) ) ;
#5921 = CARTESIAN_POINT ( 'NONE',  ( 3.128334981051645869, 6.200000000000000178, -2.000000000000001332 ) ) ;
#5922 = FACE_OUTER_BOUND ( 'NONE', #5943, .T. ) ;
#5923 = DIRECTION ( 'NONE',  ( 0.000000000000000000, 0.000000000000000000, 1.000000000000000000 ) ) ;
#5924 = CARTESIAN_POINT ( 'NONE',  ( -0.3999999999999993006, -3.174999999999998934, 5.139000000000000234 ) ) ;
#5925 = B_SPLINE_CURVE_WITH_KNOTS ( 'NONE', 3,
 ( #3908, #6035, #139, #3373, #5011, #4349 ),
 .UNSPECIFIED., .F., .F.,
 ( 4, 2, 4 ),
 ( 0.000000000000000000, 0.0004757428370953068896, 0.0009514856741906137791 ),
 .UNSPECIFIED. ) ;
#5926 = ADVANCED_FACE ( 'NONE', ( #5984 ), #6438, .T. ) ;
#5927 = EDGE_CURVE ( 'NONE', #4353, #2798, #5949, .T. ) ;
#5928 = VERTEX_POINT ( 'NONE', #93 ) ;
#5929 = CARTESIAN_POINT ( 'NONE',  ( 12.69999999999999929, 0.000000000000000000, 5.439000000000000057 ) ) ;
#5930 = EDGE_CURVE ( 'NONE', #4610, #3843, #4862, .T. ) ;
#5931 = ORIENTED_EDGE ( 'NONE', *, *, #1500, .T. ) ;
#5932 = DIRECTION ( 'NONE',  ( -0.000000000000000000, -0.000000000000000000, -1.000000000000000000 ) ) ;
#5933 = DIRECTION ( 'NONE',  ( -1.000000000000000000, 0.000000000000000000, -0.000000000000000000 ) ) ;
#5934 = EDGE_LOOP ( 'NONE', ( #4571, #4122, #6305, #5521, #1610, #2256 ) ) ;
#5935 = VERTEX_POINT ( 'NONE', #3327 ) ;
#5936 = ADVANCED_FACE ( 'NONE', ( #1108 ), #4415, .T. ) ;
#5937 = EDGE_LOOP ( 'NONE', ( #4425, #3249, #6531, #1682, #6794, #813, #1275, #2442, #2048, #992 ) ) ;
#5938 = PLANE ( 'NONE',  #907 ) ;
#5939 = AXIS2_PLACEMENT_3D ( 'NONE', #6041, #2793, #2231 ) ;
#5940 = CARTESIAN_POINT ( 'NONE',  ( -0.3999999999999993006, 2.061552812808830293, 5.439000000000000945 ) ) ;
#5941 = DIRECTION ( 'NONE',  ( 0.7071067811865477948, 0.000000000000000000, -0.7071067811865473507 ) ) ;
#5942 = EDGE_CURVE ( 'NONE', #1441, #114, #3302, .T. ) ;
#5943 = EDGE_LOOP ( 'NONE', ( #6592, #4781, #3937, #1369 ) ) ;
#5944 = VERTEX_POINT ( 'NONE', #2698 ) ;
#5945 = AXIS2_PLACEMENT_3D ( 'NONE', #2648, #6901, #2003 ) ;
#5946 = DIRECTION ( 'NONE',  ( 1.000000000000000000, 0.000000000000000000, 0.000000000000000000 ) ) ;
#5947 = CARTESIAN_POINT ( 'NONE',  ( 24.48900000000000432, 2.061552812808830293, -18.64999999999999503 ) ) ;
#5948 = AXIS2_PLACEMENT_3D ( 'NONE', #130, #5892, #2182 ) ;
#5949 = LINE ( 'NONE', #2803, #1279 ) ;
#5950 = CARTESIAN_POINT ( 'NONE',  ( 12.69999999999999929, 0.000000000000000000, 5.389000000000000234 ) ) ;
#5951 = CARTESIAN_POINT ( 'NONE',  ( 24.57307225861764266, 0.000000000000000000, -19.04999999999999716 ) ) ;
#5952 = CONICAL_SURFACE ( 'NONE', #6824, 2.100000000000000977, 1.172861257340199304 ) ;
#5953 = VERTEX_POINT ( 'NONE', #3185 ) ;
#5954 = CARTESIAN_POINT ( 'NONE',  ( 0.4980973490458738828, -2.040073290564206054, -27.99542212862616353 ) ) ;
#5955 = LINE ( 'NONE', #1188, #4518 ) ;
#5956 = CARTESIAN_POINT ( 'NONE',  ( 3.888253587292845095E-16, -0.8890000000000000124, -15.87499999999999645 ) ) ;
#5957 = CARTESIAN_POINT ( 'NONE',  ( 12.69999999999999929, 0.000000000000000000, 0.8890000000000000124 ) ) ;
#5958 = VECTOR ( 'NONE', #1507, 1000.000000000000114 ) ;
#5959 = DIRECTION ( 'NONE',  ( 0.000000000000000000, -1.000000000000000000, 0.000000000000000000 ) ) ;
#5960 = LINE ( 'NONE', #2984, #1302 ) ;
#5961 = VECTOR ( 'NONE', #4241, 1000.000000000000000 ) ;
#5962 = DIRECTION ( 'NONE',  ( 0.000000000000000000, 0.000000000000000000, 1.000000000000000000 ) ) ;
#5963 = DIRECTION ( 'NONE',  ( 0.9218631515885042926, 0.000000000000000000, 0.3875155864520939408 ) ) ;
#5964 = ORIENTED_EDGE ( 'NONE', *, *, #5220, .F. ) ;
#5965 = AXIS2_PLACEMENT_3D ( 'NONE', #4, #3691, #3163 ) ;
#5966 = DIRECTION ( 'NONE',  ( 1.000000000000000000, 0.000000000000000000, 0.000000000000000000 ) ) ;
#5967 = AXIS2_PLACEMENT_3D ( 'NONE', #4554, #1888, #5671 ) ;
#5968 = ORIENTED_EDGE ( 'NONE', *, *, #4481, .F. ) ;
#5969 = ORIENTED_EDGE ( 'NONE', *, *, #5339, .F. ) ;
#5970 = PLANE ( 'NONE',  #5939 ) ;
#5971 = ORIENTED_EDGE ( 'NONE', *, *, #5002, .T. ) ;
#5972 = CARTESIAN_POINT ( 'NONE',  ( 12.69999999999999929, -5.460999999999999410, -19.04999999999999716 ) ) ;
#5973 = EDGE_CURVE ( 'NONE', #2608, #3220, #1513, .T. ) ;
#5974 = ADVANCED_FACE ( 'NONE', ( #2671 ), #4189, .T. ) ;
#5975 = FACE_OUTER_BOUND ( 'NONE', #883, .T. ) ;
#5976 = ORIENTED_EDGE ( 'NONE', *, *, #6431, .T. ) ;
#5977 = B_SPLINE_CURVE_WITH_KNOTS ( 'NONE', 3,
 ( #328, #4614, #4159, #2517, #3048, #5169 ),
 .UNSPECIFIED., .F., .F.,
 ( 4, 2, 4 ),
 ( 0.000000000000000000, 0.0004757001404452622069, 0.0009514002808905244139 ),
 .UNSPECIFIED. ) ;
#5978 = ORIENTED_EDGE ( 'NONE', *, *, #5890, .T. ) ;
#5979 = EDGE_LOOP ( 'NONE', ( #2009, #5815, #6821, #4627 ) ) ;
#5980 = FACE_OUTER_BOUND ( 'NONE', #5472, .T. ) ;
#5981 = CARTESIAN_POINT ( 'NONE',  ( 12.69999999999999929, -5.460999999999999410, -15.87499999999999645 ) ) ;
#5982 = ADVANCED_FACE ( 'NONE', ( #4829 ), #28, .F. ) ;
#5983 = AXIS2_PLACEMENT_3D ( 'NONE', #3635, #965, #3114 ) ;
#5984 = FACE_OUTER_BOUND ( 'NONE', #1334, .T. ) ;
#5985 = LINE ( 'NONE', #547, #6542 ) ;
#5986 = DIRECTION ( 'NONE',  ( 1.000000000000000000, 0.000000000000000000, 0.000000000000000000 ) ) ;
#5987 = VECTOR ( 'NONE', #6494, 1000.000000000000000 ) ;
#5988 = ORIENTED_EDGE ( 'NONE', *, *, #41, .F. ) ;
#5989 = CARTESIAN_POINT ( 'NONE',  ( -0.4000000000000000222, -2.061552812808830293, -30.83899999999999153 ) ) ;
#5990 = EDGE_CURVE ( 'NONE', #4203, #4815, #5637, .T. ) ;
#5991 = DIRECTION ( 'NONE',  ( 0.000000000000000000, 0.000000000000000000, -1.000000000000000000 ) ) ;
#5992 = CARTESIAN_POINT ( 'NONE',  ( 0.3999999999999993561, -2.129368205736811070, 5.466985055468135180 ) ) ;
#5993 = CONICAL_SURFACE ( 'NONE', #5886, 2.299999999999999822, 0.3141592653589760364 ) ;
#5994 = DIRECTION ( 'NONE',  ( -1.000000000000000000, 0.000000000000000000, 0.000000000000000000 ) ) ;
#5995 = CARTESIAN_POINT ( 'NONE',  ( 12.45290825211801078, -2.087439085565598429, -27.58722132339894628 ) ) ;
#5996 = VECTOR ( 'NONE', #2769, 1000.000000000000000 ) ;
#5997 = CIRCLE ( 'NONE', #3208, 2.299999999999999822 ) ;
#5998 = DIRECTION ( 'NONE',  ( 1.000000000000000000, 0.000000000000000000, 0.000000000000000000 ) ) ;
#5999 = CARTESIAN_POINT ( 'NONE',  ( 12.69999999999999929, -4.174999999999999822, -22.22499999999999787 ) ) ;
#6000 = DIRECTION ( 'NONE',  ( 0.000000000000000000, 0.000000000000000000, -1.000000000000000000 ) ) ;
#6001 = VERTEX_POINT ( 'NONE', #752 ) ;
#6002 = VECTOR ( 'NONE', #5614, 1000.000000000000000 ) ;
#6003 = CARTESIAN_POINT ( 'NONE',  ( 0.4871798639138832376, -2.042738866564660416, 2.470634702552896744 ) ) ;
#6004 = AXIS2_PLACEMENT_3D ( 'NONE', #5202, #4712, #6733 ) ;
#6005 = CIRCLE ( 'NONE', #2988, 2.299999999999999822 ) ;
#6006 = ORIENTED_EDGE ( 'NONE', *, *, #2805, .F. ) ;
#6007 = VERTEX_POINT ( 'NONE', #4932 ) ;
#6008 = CARTESIAN_POINT ( 'NONE',  ( 6.350000000000000533, -2.174999999999999822, -12.69999999999999929 ) ) ;
#6009 = ORIENTED_EDGE ( 'NONE', *, *, #5457, .F. ) ;
#6010 = VECTOR ( 'NONE', #2109, 1000.000000000000000 ) ;
#6011 = FACE_OUTER_BOUND ( 'NONE', #475, .T. ) ;
#6012 = EDGE_CURVE ( 'NONE', #1843, #3110, #1578, .T. ) ;
#6013 = CARTESIAN_POINT ( 'NONE',  ( 13.09999999999999964, -2.264950330581225302, 5.523072258617638397 ) ) ;
#6014 = ORIENTED_EDGE ( 'NONE', *, *, #5017, .F. ) ;
#6015 = CONICAL_SURFACE ( 'NONE', #3552, 2.100000000000000977, 1.172861257340199304 ) ;
#6016 = EDGE_LOOP ( 'NONE', ( #4548, #6753, #1596, #4672, #49 ) ) ;
#6017 = B_SPLINE_CURVE_WITH_KNOTS ( 'NONE', 3,
 ( #3933, #76, #3836, #2785 ),
 .UNSPECIFIED., .F., .F.,
 ( 4, 4 ),
 ( 0.003029541235337107185, 0.003249628748158706927 ),
 .UNSPECIFIED. ) ;
#6018 = EDGE_CURVE ( 'NONE', #2090, #1011, #5027, .T. ) ;
#6019 = ORIENTED_EDGE ( 'NONE', *, *, #5630, .T. ) ;
#6020 = CARTESIAN_POINT ( 'NONE',  ( 21.64542212862616566, -3.174999999999999822, -6.848097349045873194 ) ) ;
#6021 = CYLINDRICAL_SURFACE ( 'NONE', #2498, 0.5000000000000004441 ) ;
#6022 = VERTEX_POINT ( 'NONE', #1215 ) ;
#6023 = EDGE_CURVE ( 'NONE', #1092, #2367, #3496, .T. ) ;
#6024 = DIRECTION ( 'NONE',  ( -0.000000000000000000, -0.000000000000000000, 1.000000000000000000 ) ) ;
#6025 = LINE ( 'NONE', #753, #2079 ) ;
#6026 = CARTESIAN_POINT ( 'NONE',  ( 11.97936842241353261, 3.175000000000000711, -30.53899999999999793 ) ) ;
#6027 = LINE ( 'NONE', #1222, #3637 ) ;
#6028 = EDGE_CURVE ( 'NONE', #3044, #3522, #6200, .T. ) ;
#6029 = CARTESIAN_POINT ( 'NONE',  ( 24.48900000000000432, 0.000000000000000000, -19.04999999999999716 ) ) ;
#6030 = CARTESIAN_POINT ( 'NONE',  ( 0.3999999999999993006, -3.174999999999998934, 5.139000000000000234 ) ) ;
#6031 = CARTESIAN_POINT ( 'NONE',  ( 12.30000000000000249, 1.663442899047753887, -31.53899999999999082 ) ) ;
#6032 = EDGE_CURVE ( 'NONE', #219, #2119, #2960, .T. ) ;
#6033 = DIRECTION ( 'NONE',  ( -0.000000000000000000, -0.000000000000000000, 1.000000000000000000 ) ) ;
#6034 = CARTESIAN_POINT ( 'NONE',  ( -0.4000000000000000222, 2.061552812808830293, -30.83899999999999153 ) ) ;
#6035 = CARTESIAN_POINT ( 'NONE',  ( 13.10000000000000142, -1.663442899047753887, -31.53899999999999082 ) ) ;
#6036 = ORIENTED_EDGE ( 'NONE', *, *, #2826, .T. ) ;
#6037 = CARTESIAN_POINT ( 'NONE',  ( 12.30000000000000071, 2.264950330581225302, 5.523072258617638397 ) ) ;
#6038 = ORIENTED_EDGE ( 'NONE', *, *, #4473, .T. ) ;
#6039 = ORIENTED_EDGE ( 'NONE', *, *, #4984, .F. ) ;
#6040 = ORIENTED_EDGE ( 'NONE', *, *, #115, .F. ) ;
#6041 = CARTESIAN_POINT ( 'NONE',  ( -5.200000000000001066, -31.72724035221981964, -11.15441558772842967 ) ) ;
#6042 = VERTEX_POINT ( 'NONE', #215 ) ;
#6043 = CARTESIAN_POINT ( 'NONE',  ( 9.524999999999998579, 3.888253587292845095E-16, 0.000000000000000000 ) ) ;
#6044 = CARTESIAN_POINT ( 'NONE',  ( -2.299999999999999822, 0.000000000000000000, -30.92307225861762987 ) ) ;
#6045 = ORIENTED_EDGE ( 'NONE', *, *, #3069, .T. ) ;
#6046 = VERTEX_POINT ( 'NONE', #782 ) ;
#6047 = ORIENTED_EDGE ( 'NONE', *, *, #528, .T. ) ;
#6048 = DIRECTION ( 'NONE',  ( 0.000000000000000000, -1.000000000000000000, 0.000000000000000000 ) ) ;
#6049 = DIRECTION ( 'NONE',  ( 0.9961946980917461003, 0.000000000000000000, 0.08715574274765176821 ) ) ;
#6050 = CARTESIAN_POINT ( 'NONE',  ( 12.94709174788198069, -2.087439085565598429, 2.187221323398955253 ) ) ;
#6051 = ADVANCED_FACE ( 'NONE', ( #5621 ), #3920, .F. ) ;
#6052 = PLANE ( 'NONE',  #2269 ) ;
#6053 = EDGE_CURVE ( 'NONE', #2368, #6046, #1848, .T. ) ;
#6054 = DIRECTION ( 'NONE',  ( -0.000000000000000000, -0.000000000000000000, 1.000000000000000000 ) ) ;
#6055 = EDGE_CURVE ( 'NONE', #2717, #1943, #1735, .T. ) ;
#6056 = CARTESIAN_POINT ( 'NONE',  ( 24.57307225861764266, 0.000000000000000000, -16.74999999999999645 ) ) ;
#6057 = APPROVAL_ROLE ( '' ) ;
#6058 = CARTESIAN_POINT ( 'NONE',  ( 3.888253587292846081E-16, -2.174999999999999822, -3.174999999999999822 ) ) ;
#6059 = AXIS2_PLACEMENT_3D ( 'NONE', #2719, #3740, #5907 ) ;
#6060 = EDGE_CURVE ( 'NONE', #4706, #5026, #2294, .T. ) ;
#6061 = B_SPLINE_CURVE_WITH_KNOTS ( 'NONE', 3,
 ( #4476, #5585, #6597, #2875 ),
 .UNSPECIFIED., .F., .F.,
 ( 4, 4 ),
 ( 0.003029541235337105017, 0.003249628748158705626 ),
 .UNSPECIFIED. ) ;
#6062 = DIRECTION ( 'NONE',  ( -0.7071067811865473507, 0.000000000000000000, -0.7071067811865477948 ) ) ;
#6063 = CARTESIAN_POINT ( 'NONE',  ( 12.27138806534421356, 2.057850353472996385, 2.353605336466521258 ) ) ;
#6064 = PLANE ( 'NONE',  #3332 ) ;
#6065 = AXIS2_PLACEMENT_3D ( 'NONE', #2248, #5526, #3867 ) ;
#6066 = EDGE_CURVE ( 'NONE', #1267, #5016, #4543, .T. ) ;
#6067 = FACE_OUTER_BOUND ( 'NONE', #5240, .T. ) ;
#6068 = CIRCLE ( 'NONE', #5735, 3.175000000000000711 ) ;
#6069 = ORIENTED_EDGE ( 'NONE', *, *, #294, .T. ) ;
#6070 = DIRECTION ( 'NONE',  ( 1.000000000000000000, 0.000000000000000000, 1.084202172485504434E-16 ) ) ;
#6071 = CIRCLE ( 'NONE', #1146, 2.100000000000000089 ) ;
#6072 = VERTEX_POINT ( 'NONE', #3393 ) ;
#6073 = EDGE_CURVE ( 'NONE', #2578, #4496, #5518, .T. ) ;
#6074 = CARTESIAN_POINT ( 'NONE',  ( 13.09999999999999964, -2.254205848354697839, 5.555636450100673862 ) ) ;
#6075 = ORIENTED_EDGE ( 'NONE', *, *, #5930, .T. ) ;
#6076 = AXIS2_PLACEMENT_3D ( 'NONE', #4992, #3978, #5445 ) ;
#6077 = VERTEX_POINT ( 'NONE', #3426 ) ;
#6078 = ORIENTED_EDGE ( 'NONE', *, *, #3812, .T. ) ;
#6079 = LINE ( 'NONE', #3918, #3900 ) ;
#6080 = DIRECTION ( 'NONE',  ( 0.000000000000000000, 0.000000000000000000, -1.000000000000000000 ) ) ;
#6081 = AXIS2_PLACEMENT_3D ( 'NONE', #657, #5365, #554 ) ;
#6082 = CARTESIAN_POINT ( 'NONE',  ( 0.2470723783330741052, -2.087434397081523674, -27.58728260441153068 ) ) ;
#6083 = LINE ( 'NONE', #5519, #270 ) ;
#6084 = CARTESIAN_POINT ( 'NONE',  ( 13.27348631124368872, -2.021666578221207988, -28.85712190959815615 ) ) ;
#6085 = VERTEX_POINT ( 'NONE', #6595 ) ;
#6086 = CARTESIAN_POINT ( 'NONE',  ( 12.69999999999999929, 0.000000000000000000, -26.28900000000000148 ) ) ;
#6087 = DIRECTION ( 'NONE',  ( 0.000000000000000000, 1.000000000000000000, 0.000000000000000000 ) ) ;
#6088 = PERSON_AND_ORGANIZATION_ROLE ( 'creator' ) ;
#6089 = AXIS2_PLACEMENT_3D ( 'NONE', #3041, #5201, #6760 ) ;
#6090 = ADVANCED_FACE ( 'NONE', ( #5553 ), #5422, .T. ) ;
#6091 = EDGE_CURVE ( 'NONE', #2608, #1490, #5752, .T. ) ;
#6092 = DIRECTION ( 'NONE',  ( 0.000000000000000000, 0.000000000000000000, -1.000000000000000000 ) ) ;
#6093 = CARTESIAN_POINT ( 'NONE',  ( 0.000000000000000000, 0.000000000000000000, -26.28899999999999437 ) ) ;
#6094 = CARTESIAN_POINT ( 'NONE',  ( 0.000000000000000000, 0.000000000000000000, 6.139000000000000234 ) ) ;
#6095 = AXIS2_PLACEMENT_3D ( 'NONE', #5230, #6826, #2042 ) ;
#6096 = LINE ( 'NONE', #875, #3197 ) ;
#6097 = CONICAL_SURFACE ( 'NONE', #3201, 2.100000000000000089, 1.172861257340199304 ) ;
#6098 = ORIENTED_EDGE ( 'NONE', *, *, #4265, .F. ) ;
#6099 = EDGE_LOOP ( 'NONE', ( #1842, #3594, #1450, #1498 ) ) ;
#6100 = PLANE ( 'NONE',  #4590 ) ;
#6101 = ORIENTED_EDGE ( 'NONE', *, *, #4786, .T. ) ;
#6102 = VECTOR ( 'NONE', #3760, 1000.000000000000000 ) ;
#6103 = DIRECTION ( 'NONE',  ( -0.000000000000000000, -0.000000000000000000, 1.000000000000000000 ) ) ;
#6104 = DIRECTION ( 'NONE',  ( 0.000000000000000000, 0.000000000000000000, -1.000000000000000000 ) ) ;
#6105 = ORIENTED_EDGE ( 'NONE', *, *, #2123, .F. ) ;
#6106 = ORIENTED_EDGE ( 'NONE', *, *, #3534, .F. ) ;
#6107 = EDGE_CURVE ( 'NONE', #779, #5005, #2065, .T. ) ;
#6108 = CIRCLE ( 'NONE', #6453, 2.268258436585967264 ) ;
#6109 = VERTEX_POINT ( 'NONE', #4051 ) ;
#6110 = ORIENTED_EDGE ( 'NONE', *, *, #3756, .T. ) ;
#6111 = CARTESIAN_POINT ( 'NONE',  ( 21.64542212862617632, -3.175000000000000711, -19.54809734904586804 ) ) ;
#6112 = DIRECTION ( 'NONE',  ( 0.000000000000000000, 1.000000000000000000, 0.000000000000000000 ) ) ;
#6113 = ORIENTED_EDGE ( 'NONE', *, *, #6431, .F. ) ;
#6114 = CARTESIAN_POINT ( 'NONE',  ( 13.19809734904587195, -2.040073290564207387, 2.595422128626172054 ) ) ;
#6115 = CARTESIAN_POINT ( 'NONE',  ( 6.350000000000000533, -5.460999999999999410, -12.69999999999999929 ) ) ;
#6116 = AXIS2_PLACEMENT_3D ( 'NONE', #6144, #3490, #3424 ) ;
#6117 = CARTESIAN_POINT ( 'NONE',  ( 24.54501255195391352, 2.197165961088448416, -5.950000000000003730 ) ) ;
#6118 = ORIENTED_EDGE ( 'NONE', *, *, #2301, .T. ) ;
#6119 = ORIENTED_EDGE ( 'NONE', *, *, #1400, .T. ) ;
#6120 = FACE_OUTER_BOUND ( 'NONE', #4985, .T. ) ;
#6121 = DIRECTION ( 'NONE',  ( 0.000000000000000000, 0.000000000000000000, 1.000000000000000000 ) ) ;
#6122 = AXIS2_PLACEMENT_3D ( 'NONE', #2474, #2580, #4603 ) ;
#6123 = APPROVAL_STATUS ( 'not_yet_approved' ) ;
#6124 = PLANE ( 'NONE',  #4948 ) ;
#6125 = EDGE_CURVE ( 'NONE', #4155, #816, #4304, .T. ) ;
#6126 = FACE_BOUND ( 'NONE', #4883, .T. ) ;
#6127 = DIRECTION ( 'NONE',  ( -0.000000000000000000, 1.000000000000000000, -0.000000000000000000 ) ) ;
#6128 = CARTESIAN_POINT ( 'NONE',  ( 14.80000000000000071, 2.571758278209440971E-16, 5.439000000000000057 ) ) ;
#6129 = ORIENTED_EDGE ( 'NONE', *, *, #6032, .T. ) ;
#6130 = FACE_OUTER_BOUND ( 'NONE', #2666, .T. ) ;
#6131 = EDGE_CURVE ( 'NONE', #4778, #3537, #54, .T. ) ;
#6132 = ADVANCED_FACE ( 'NONE', ( #2477 ), #428, .T. ) ;
#6133 = EDGE_LOOP ( 'NONE', ( #4362, #2767, #862, #5368 ) ) ;
#6134 = CARTESIAN_POINT ( 'NONE',  ( 13.10000000000000142, 1.502637486114517751, -31.53899999999999793 ) ) ;
#6135 = ORIENTED_EDGE ( 'NONE', *, *, #3124, .T. ) ;
#6136 = CARTESIAN_POINT ( 'NONE',  ( 0.000000000000000000, -4.174999999999999822, -6.349999999999999645 ) ) ;
#6137 = CARTESIAN_POINT ( 'NONE',  ( 21.64542212862617632, -2.040073290564207831, -18.55190265095412627 ) ) ;
#6138 = EDGE_LOOP ( 'NONE', ( #1007, #2726, #5727, #2059 ) ) ;
#6139 = EDGE_CURVE ( 'NONE', #1631, #155, #2509, .T. ) ;
#6140 = ORIENTED_EDGE ( 'NONE', *, *, #6808, .T. ) ;
#6141 = ORIENTED_EDGE ( 'NONE', *, *, #4435, .F. ) ;
#6142 = B_SPLINE_CURVE_WITH_KNOTS ( 'NONE', 3,
 ( #3518, #5571, #768, #2920 ),
 .UNSPECIFIED., .F., .F.,
 ( 4, 4 ),
 ( 0.007647354141962973799, 0.007869202712918556275 ),
 .UNSPECIFIED. ) ;
#6143 = ORIENTED_EDGE ( 'NONE', *, *, #5295, .F. ) ;
#6144 = CARTESIAN_POINT ( 'NONE',  ( 12.69999999999999929, -0.8890000000000000124, -19.04999999999999716 ) ) ;
#6145 = CARTESIAN_POINT ( 'NONE',  ( 12.69999999999999929, 0.000000000000000000, 5.439000000000000057 ) ) ;
#6146 = VERTEX_POINT ( 'NONE', #3675 ) ;
#6147 = LINE ( 'NONE', #817, #2944 ) ;
#6148 = DIRECTION ( 'NONE',  ( 0.000000000000000000, 0.000000000000000000, 1.000000000000000000 ) ) ;
#6149 = DIRECTION ( 'NONE',  ( -0.000000000000000000, -1.000000000000000000, 0.000000000000000000 ) ) ;
#6150 = ADVANCED_FACE ( 'NONE', ( #4576 ), #159, .T. ) ;
#6151 = CARTESIAN_POINT ( 'NONE',  ( 0.000000000000000000, 0.000000000000000000, 5.139000000000003787 ) ) ;
#6152 = VERTEX_POINT ( 'NONE', #323 ) ;
#6153 = VERTEX_POINT ( 'NONE', #3532 ) ;
#6154 = DIRECTION ( 'NONE',  ( -0.000000000000000000, -1.000000000000000000, -0.000000000000000000 ) ) ;
#6155 = DESIGN_CONTEXT ( 'detailed design', #1774, 'design' ) ;
#6156 = DIRECTION ( 'NONE',  ( 1.000000000000000000, 0.000000000000000000, 0.000000000000000000 ) ) ;
#6157 = DIRECTION ( 'NONE',  ( -0.000000000000000000, -1.000000000000000000, -0.000000000000000000 ) ) ;
#6158 = EDGE_CURVE ( 'NONE', #5641, #4438, #930, .T. ) ;
#6159 = PERSON_AND_ORGANIZATION ( #5737, #3625 ) ;
#6160 = CARTESIAN_POINT ( 'NONE',  ( 0.4000000000000000777, 2.232710535457612888, -31.02076274578120163 ) ) ;
#6161 = DIRECTION ( 'NONE',  ( 1.000000000000000000, 0.000000000000000000, 0.000000000000000000 ) ) ;
#6162 = CARTESIAN_POINT ( 'NONE',  ( 12.30000000000000071, 2.197165961088449304, 5.495012551953919910 ) ) ;
#6163 = DIRECTION ( 'NONE',  ( 1.000000000000000000, 0.000000000000000000, 0.000000000000000000 ) ) ;
#6164 = ORIENTED_EDGE ( 'NONE', *, *, #6906, .T. ) ;
#6165 = VECTOR ( 'NONE', #3915, 1000.000000000000000 ) ;
#6166 = EDGE_CURVE ( 'NONE', #3678, #2764, #4865, .T. ) ;
#6167 = CYLINDRICAL_SURFACE ( 'NONE', #2195, 2.100000000000000977 ) ;
#6168 = VERTEX_POINT ( 'NONE', #6731 ) ;
#6169 = CONICAL_SURFACE ( 'NONE', #6713, 2.299999999999999822, 0.3141592653589760364 ) ;
#6170 = ORIENTED_EDGE ( 'NONE', *, *, #2091, .T. ) ;
#6171 = CARTESIAN_POINT ( 'NONE',  ( 12.69999999999999929, 0.000000000000000000, -30.83899999999999864 ) ) ;
#6172 = ORIENTED_EDGE ( 'NONE', *, *, #6266, .T. ) ;
#6173 = CARTESIAN_POINT ( 'NONE',  ( 17.05000000000000071, -2.174999999999997158, -23.39999999999999858 ) ) ;
#6174 = ORIENTED_EDGE ( 'NONE', *, *, #6365, .F. ) ;
#6175 = VECTOR ( 'NONE', #2939, 1000.000000000000000 ) ;
#6176 = ORIENTED_EDGE ( 'NONE', *, *, #5794, .F. ) ;
#6177 = VERTEX_POINT ( 'NONE', #4087 ) ;
#6178 = EDGE_CURVE ( 'NONE', #1267, #5378, #486, .T. ) ;
#6179 = EDGE_LOOP ( 'NONE', ( #4113, #4250, #1080, #6189 ) ) ;
#6180 = ADVANCED_FACE ( 'NONE', ( #2549, #5730 ), #5691, .F. ) ;
#6181 = CARTESIAN_POINT ( 'NONE',  ( 13.09999999999999964, -2.197165961088450192, 5.495012551953919910 ) ) ;
#6182 = DIRECTION ( 'NONE',  ( -1.000000000000000000, 0.000000000000000000, 0.000000000000000000 ) ) ;
#6183 = ORIENTED_EDGE ( 'NONE', *, *, #5803, .F. ) ;
#6184 = AXIS2_PLACEMENT_3D ( 'NONE', #3386, #1810, #4433 ) ;
#6185 = DIRECTION ( 'NONE',  ( -0.000000000000000000, -1.000000000000000000, -0.000000000000000000 ) ) ;
#6186 = DIRECTION ( 'NONE',  ( -0.000000000000000000, -0.000000000000000000, -1.000000000000000000 ) ) ;
#6187 = AXIS2_PLACEMENT_3D ( 'NONE', #4759, #4233, #6884 ) ;
#6188 = CARTESIAN_POINT ( 'NONE',  ( 13.10000000000000142, 1.663407726524676056, -31.53899999999999793 ) ) ;
#6189 = ORIENTED_EDGE ( 'NONE', *, *, #1218, .F. ) ;
#6190 = EDGE_LOOP ( 'NONE', ( #2585, #670, #3688 ) ) ;
#6191 = VECTOR ( 'NONE', #5180, 1000.000000000000000 ) ;
#6192 = CARTESIAN_POINT ( 'NONE',  ( 0.3999999999999993006, -3.174999999999998934, 5.139000000000000234 ) ) ;
#6193 = DIRECTION ( 'NONE',  ( -1.000000000000000000, 0.000000000000000000, 0.000000000000000000 ) ) ;
#6194 = CARTESIAN_POINT ( 'NONE',  ( -0.3999999999999993006, 2.182283254615324353, 5.773529692572011207 ) ) ;
#6195 = DATE_AND_TIME ( #260, #1620 ) ;
#6196 = CARTESIAN_POINT ( 'NONE',  ( 0.2470917478819858459, 2.087439085565598429, -27.58722132339893918 ) ) ;
#6197 = DIRECTION ( 'NONE',  ( -1.000000000000000000, 0.000000000000000000, 1.084202172485504434E-16 ) ) ;
#6198 = CARTESIAN_POINT ( 'NONE',  ( 12.30000000000000071, -1.502637486114518195, 6.139000000000000234 ) ) ;
#6199 = DIRECTION ( 'NONE',  ( 1.000000000000000000, 0.000000000000000000, 8.260587980841934638E-15 ) ) ;
#6200 = CIRCLE ( 'NONE', #1163, 2.100000000000000089 ) ;
#6201 = FACE_OUTER_BOUND ( 'NONE', #4043, .T. ) ;
#6202 = AXIS2_PLACEMENT_3D ( 'NONE', #5487, #2911, #2315 ) ;
#6203 = VERTEX_POINT ( 'NONE', #4679 ) ;
#6204 = CONICAL_SURFACE ( 'NONE', #58, 2.100000000000000089, 1.172861257340199304 ) ;
#6205 = EDGE_LOOP ( 'NONE', ( #3916, #822, #1872, #1340, #2711, #4014, #5337, #6118, #6795, #4091, #5904, #6036 ) ) ;
#6206 = CARTESIAN_POINT ( 'NONE',  ( 0.000000000000000000, -5.460999999999999410, -6.349999999999999645 ) ) ;
#6207 = EDGE_LOOP ( 'NONE', ( #5689, #3136, #959, #6669 ) ) ;
#6208 = DIRECTION ( 'NONE',  ( 8.115498896123167176E-15, 0.000000000000000000, 1.000000000000000000 ) ) ;
#6209 = EDGE_LOOP ( 'NONE', ( #309, #4881 ) ) ;
#6210 = AXIS2_PLACEMENT_3D ( 'NONE', #1318, #1755, #3465 ) ;
#6211 = ORIENTED_EDGE ( 'NONE', *, *, #5942, .T. ) ;
#6212 = ORIENTED_EDGE ( 'NONE', *, *, #5459, .F. ) ;
#6213 = EDGE_CURVE ( 'NONE', #5260, #882, #6644, .T. ) ;
#6214 = CIRCLE ( 'NONE', #1773, 3.174999999999999822 ) ;
#6215 = ORIENTED_EDGE ( 'NONE', *, *, #6739, .F. ) ;
#6216 = VECTOR ( 'NONE', #1287, 1000.000000000000000 ) ;
#6217 = DIRECTION ( 'NONE',  ( -0.000000000000000000, -0.000000000000000000, -1.000000000000000000 ) ) ;
#6218 = FACE_OUTER_BOUND ( 'NONE', #6, .T. ) ;
#6219 = ORIENTED_EDGE ( 'NONE', *, *, #3293, .F. ) ;
#6220 = DIRECTION ( 'NONE',  ( -1.000000000000000000, 0.000000000000000000, 1.305705842133080558E-16 ) ) ;
#6221 = DIRECTION ( 'NONE',  ( 0.000000000000000000, 1.000000000000000000, 0.000000000000000000 ) ) ;
#6222 = CARTESIAN_POINT ( 'NONE',  ( 0.7206315775864675643, 1.972483239316684234, 5.138999999999997570 ) ) ;
#6223 = AXIS2_PLACEMENT_3D ( 'NONE', #6803, #3045, #364 ) ;
#6224 = ADVANCED_FACE ( 'NONE', ( #4152, #6290, #2582 ), #1496, .F. ) ;
#6225 = ADVANCED_FACE ( 'NONE', ( #5238 ), #6835, .F. ) ;
#6226 = VECTOR ( 'NONE', #576, 1000.000000000000000 ) ;
#6227 = EDGE_LOOP ( 'NONE', ( #3747, #6689 ) ) ;
#6228 = AXIS2_PLACEMENT_3D ( 'NONE', #4651, #5697, #3014 ) ;
#6229 = ORIENTED_EDGE ( 'NONE', *, *, #6560, .F. ) ;
#6230 = FACE_OUTER_BOUND ( 'NONE', #2495, .T. ) ;
#6231 = AXIS2_PLACEMENT_3D ( 'NONE', #5632, #6645, #1890 ) ;
#6232 = FACE_OUTER_BOUND ( 'NONE', #1873, .T. ) ;
#6233 = AXIS2_PLACEMENT_3D ( 'NONE', #4082, #4749, #2619 ) ;
#6234 = CARTESIAN_POINT ( 'NONE',  ( 13.19809734904587195, 3.175000000000000711, -27.99542212862617063 ) ) ;
#6235 = EDGE_CURVE ( 'NONE', #2667, #2431, #1606, .T. ) ;
#6236 = FACE_OUTER_BOUND ( 'NONE', #57, .T. ) ;
#6237 = LINE ( 'NONE', #411, #2052 ) ;
#6238 = CARTESIAN_POINT ( 'NONE',  ( -2.299999999999999822, 0.000000000000000000, 5.523072258617638397 ) ) ;
#6239 = ORIENTED_EDGE ( 'NONE', *, *, #4892, .T. ) ;
#6240 = LINE ( 'NONE', #4105, #4880 ) ;
#6241 = PLANE ( 'NONE',  #363 ) ;
#6242 = DIRECTION ( 'NONE',  ( -0.000000000000000000, 1.000000000000000000, -0.000000000000000000 ) ) ;
#6243 = EDGE_CURVE ( 'NONE', #3444, #1785, #1480, .T. ) ;
#6244 = ORIENTED_EDGE ( 'NONE', *, *, #3242, .T. ) ;
#6245 = DIRECTION ( 'NONE',  ( 1.000000000000000000, 0.000000000000000000, 0.000000000000000000 ) ) ;
#6246 = VERTEX_POINT ( 'NONE', #4360 ) ;
#6247 = VERTEX_POINT ( 'NONE', #2197 ) ;
#6248 = ORIENTED_EDGE ( 'NONE', *, *, #1320, .F. ) ;
#6249 = VERTEX_POINT ( 'NONE', #3216 ) ;
#6250 = ORIENTED_EDGE ( 'NONE', *, *, #145, .T. ) ;
#6251 = DIRECTION ( 'NONE',  ( 0.000000000000000000, 0.000000000000000000, -1.000000000000000000 ) ) ;
#6252 = DIRECTION ( 'NONE',  ( 0.000000000000000000, -0.000000000000000000, 1.000000000000000000 ) ) ;
#6253 = ORIENTED_EDGE ( 'NONE', *, *, #780, .F. ) ;
#6254 = CARTESIAN_POINT ( 'NONE',  ( 0.7206315775864675643, -3.174999999999998934, 5.138999999999997570 ) ) ;
#6255 = CARTESIAN_POINT ( 'NONE',  ( 13.09999999999999964, 2.232710535457612888, -31.02076274578120874 ) ) ;
#6256 = ORIENTED_EDGE ( 'NONE', *, *, #2718, .T. ) ;
#6257 = ORIENTED_EDGE ( 'NONE', *, *, #1482, .F. ) ;
#6258 = PLANE ( 'NONE',  #1863 ) ;
#6259 = CARTESIAN_POINT ( 'NONE',  ( 9.871665018948352355, 6.200000000000000178, 0.000000000000000000 ) ) ;
#6260 = CARTESIAN_POINT ( 'NONE',  ( 12.12651368875630986, -2.021666578221208432, -28.85712190959816681 ) ) ;
#6261 = DIRECTION ( 'NONE',  ( 1.000000000000000000, 0.000000000000000000, 0.000000000000000000 ) ) ;
#6262 = EDGE_CURVE ( 'NONE', #3807, #5482, #4528, .T. ) ;
#6263 = CARTESIAN_POINT ( 'NONE',  ( -5.200000000000001066, -31.72724035221981964, -11.15441558772842967 ) ) ;
#6264 = DIRECTION ( 'NONE',  ( -0.000000000000000000, -0.000000000000000000, -1.000000000000000000 ) ) ;
#6265 = DIRECTION ( 'NONE',  ( 0.000000000000000000, 0.000000000000000000, 1.000000000000000000 ) ) ;
#6266 = EDGE_CURVE ( 'NONE', #3592, #4951, #3868, .T. ) ;
#6267 = DIRECTION ( 'NONE',  ( 0.000000000000000000, 0.000000000000000000, -1.000000000000000000 ) ) ;
#6268 = VERTEX_POINT ( 'NONE', #6875 ) ;
#6269 = EDGE_CURVE ( 'NONE', #4270, #4778, #4746, .T. ) ;
#6270 = LINE ( 'NONE', #5786, #1646 ) ;
#6271 = CARTESIAN_POINT ( 'NONE',  ( 6.350000000000000533, -0.8890000000000000124, -12.69999999999999929 ) ) ;
#6272 = EDGE_CURVE ( 'NONE', #5266, #4340, #2725, .T. ) ;
#6273 = DIRECTION ( 'NONE',  ( -0.08715574274765176821, 0.000000000000000000, -0.9961946980917461003 ) ) ;
#6274 = CARTESIAN_POINT ( 'NONE',  ( 12.69999999999999929, 0.000000000000000000, -30.53900000000000503 ) ) ;
#6275 = AXIS2_PLACEMENT_3D ( 'NONE', #5044, #4006, #2955 ) ;
#6276 = VERTEX_POINT ( 'NONE', #606 ) ;
#6277 = CARTESIAN_POINT ( 'NONE',  ( 0.000000000000000000, 0.000000000000000000, -30.78899999999999082 ) ) ;
#6278 = ORIENTED_EDGE ( 'NONE', *, *, #4994, .F. ) ;
#6279 = EDGE_CURVE ( 'NONE', #6495, #1343, #2097, .T. ) ;
#6280 = CIRCLE ( 'NONE', #163, 2.100000000000000089 ) ;
#6281 = CARTESIAN_POINT ( 'NONE',  ( -8.177207793864212704, -2.174999999999999822, -8.177207793864218033 ) ) ;
#6282 = EDGE_LOOP ( 'NONE', ( #6615, #1172, #5971, #621 ) ) ;
#6283 = CIRCLE ( 'NONE', #455, 1.554966049364602254 ) ;
#6284 = EDGE_LOOP ( 'NONE', ( #3500, #255, #1698, #4144 ) ) ;
#6285 = ORIENTED_EDGE ( 'NONE', *, *, #5300, .F. ) ;
#6286 = ORIENTED_EDGE ( 'NONE', *, *, #330, .T. ) ;
#6287 = EDGE_CURVE ( 'NONE', #5377, #3044, #6515, .T. ) ;
#6288 = DIRECTION ( 'NONE',  ( -0.9961946980917461003, 0.000000000000000000, -0.08715574274765176821 ) ) ;
#6289 = DIRECTION ( 'NONE',  ( -0.000000000000000000, -1.000000000000000000, -0.000000000000000000 ) ) ;
#6290 = FACE_BOUND ( 'NONE', #6375, .T. ) ;
#6291 = FACE_OUTER_BOUND ( 'NONE', #3526, .T. ) ;
#6292 = ORIENTED_EDGE ( 'NONE', *, *, #1218, .T. ) ;
#6293 = VECTOR ( 'NONE', #4412, 1000.000000000000000 ) ;
#6294 = DIRECTION ( 'NONE',  ( -1.000000000000000000, -0.000000000000000000, -0.000000000000000000 ) ) ;
#6295 = CARTESIAN_POINT ( 'NONE',  ( 0.000000000000000000, -5.460999999999999410, -6.349999999999999645 ) ) ;
#6296 = DIRECTION ( 'NONE',  ( -0.000000000000000000, -0.000000000000000000, -1.000000000000000000 ) ) ;
#6297 = CIRCLE ( 'NONE', #3281, 2.268258436585967264 ) ;
#6298 = CARTESIAN_POINT ( 'NONE',  ( 24.95694035598735638, -2.081805041010026613, -5.950000000000003730 ) ) ;
#6299 = DIRECTION ( 'NONE',  ( -1.000000000000000000, -0.000000000000000000, 0.000000000000000000 ) ) ;
#6300 = LINE ( 'NONE', #5216, #3326 ) ;
#6301 = DIRECTION ( 'NONE',  ( 0.000000000000000000, 0.000000000000000000, -1.000000000000000000 ) ) ;
#6302 = ADVANCED_FACE ( 'NONE', ( #4291 ), #3246, .T. ) ;
#6303 = TOROIDAL_SURFACE ( 'NONE', #1155, 1.554966049364602254, 0.7500000000000000000 ) ;
#6304 = DIRECTION ( 'NONE',  ( -0.000000000000000000, 1.000000000000000000, -0.000000000000000000 ) ) ;
#6305 = ORIENTED_EDGE ( 'NONE', *, *, #871, .T. ) ;
#6306 = DIRECTION ( 'NONE',  ( 0.000000000000000000, 0.000000000000000000, -1.000000000000000000 ) ) ;
#6307 = FACE_BOUND ( 'NONE', #1602, .T. ) ;
#6308 = CARTESIAN_POINT ( 'NONE',  ( 17.05000000000000426, 6.200000000000000178, -16.07166501894835164 ) ) ;
#6309 = DIRECTION ( 'NONE',  ( 1.000000000000000000, 0.000000000000000000, 0.000000000000000000 ) ) ;
#6310 = ADVANCED_FACE ( 'NONE', ( #4330 ), #584, .T. ) ;
#6311 = EDGE_CURVE ( 'NONE', #6330, #2608, #1901, .T. ) ;
#6312 = ORIENTED_EDGE ( 'NONE', *, *, #27, .F. ) ;
#6313 = CARTESIAN_POINT ( 'NONE',  ( 12.45292762166692846, 2.087434397081523674, -27.58728260441153779 ) ) ;
#6314 = EDGE_CURVE ( 'NONE', #3134, #3814, #5511, .T. ) ;
#6315 = ORIENTED_EDGE ( 'NONE', *, *, #6864, .T. ) ;
#6316 = CONICAL_SURFACE ( 'NONE', #6202, 2.299999999999999822, 0.3141592653589760364 ) ;
#6317 = DIRECTION ( 'NONE',  ( 1.000000000000000000, 0.000000000000000000, 0.000000000000000000 ) ) ;
#6318 = ORIENTED_EDGE ( 'NONE', *, *, #5424, .F. ) ;
#6319 = AXIS2_PLACEMENT_3D ( 'NONE', #546, #3792, #6472 ) ;
#6320 = ORIENTED_EDGE ( 'NONE', *, *, #1585, .F. ) ;
#6321 = ORIENTED_EDGE ( 'NONE', *, *, #5540, .T. ) ;
#6322 = ORIENTED_EDGE ( 'NONE', *, *, #6765, .F. ) ;
#6323 = DIRECTION ( 'NONE',  ( 1.000000000000000000, 0.000000000000000000, 0.000000000000000000 ) ) ;
#6324 = FACE_OUTER_BOUND ( 'NONE', #2396, .T. ) ;
#6325 = VECTOR ( 'NONE', #2400, 1000.000000000000000 ) ;
#6326 = FACE_BOUND ( 'NONE', #3463, .T. ) ;
#6327 = DIRECTION ( 'NONE',  ( 0.000000000000000000, 0.000000000000000000, -1.000000000000000000 ) ) ;
#6328 = CARTESIAN_POINT ( 'NONE',  ( 25.18899999999999650, 0.000000000000000000, -4.250127054631374968 ) ) ;
#6329 = EDGE_CURVE ( 'NONE', #4858, #1105, #3707, .T. ) ;
#6330 = VERTEX_POINT ( 'NONE', #500 ) ;
#6331 = CIRCLE ( 'NONE', #1183, 3.175000000000000711 ) ;
#6332 = ORIENTED_EDGE ( 'NONE', *, *, #2386, .F. ) ;
#6333 = LINE ( 'NONE', #4953, #4370 ) ;
#6334 = CARTESIAN_POINT ( 'NONE',  ( 0.000000000000000000, 0.000000000000000000, 5.439000000000000945 ) ) ;
#6335 = DIRECTION ( 'NONE',  ( 0.000000000000000000, 0.000000000000000000, 1.000000000000000000 ) ) ;
#6336 = LINE ( 'NONE', #6807, #6010 ) ;
#6337 = AXIS2_PLACEMENT_3D ( 'NONE', #6603, #3470, #6121 ) ;
#6338 = LINE ( 'NONE', #1544, #5958 ) ;
#6339 = AXIS2_PLACEMENT_3D ( 'NONE', #1546, #5673, #3546 ) ;
#6340 = VECTOR ( 'NONE', #6400, 1000.000000000000000 ) ;
#6341 = DIRECTION ( 'NONE',  ( 0.000000000000000000, 1.000000000000000000, 0.000000000000000000 ) ) ;
#6342 = CARTESIAN_POINT ( 'NONE',  ( 24.57307225861764266, -2.264950330581225746, -18.64999999999999503 ) ) ;
#6343 = DIRECTION ( 'NONE',  ( 0.000000000000000000, 1.000000000000000000, 0.000000000000000000 ) ) ;
#6344 = VERTEX_POINT ( 'NONE', #4790 ) ;
#6345 = DIRECTION ( 'NONE',  ( 0.000000000000000000, 1.000000000000000000, 0.000000000000000000 ) ) ;
#6346 = DIRECTION ( 'NONE',  ( 0.9961946980917461003, 0.000000000000000000, -0.08715574274765176821 ) ) ;
#6347 = FACE_OUTER_BOUND ( 'NONE', #3346, .T. ) ;
#6348 = AXIS2_PLACEMENT_3D ( 'NONE', #6094, #1199, #3967 ) ;
#6349 = ORIENTED_EDGE ( 'NONE', *, *, #2292, .F. ) ;
#6350 = DIRECTION ( 'NONE',  ( 0.000000000000000000, 0.000000000000000000, -1.000000000000000000 ) ) ;
#6351 = ORIENTED_EDGE ( 'NONE', *, *, #879, .F. ) ;
#6352 = EDGE_CURVE ( 'NONE', #5905, #6521, #2131, .T. ) ;
#6353 = EDGE_CURVE ( 'NONE', #4501, #3283, #6591, .T. ) ;
#6354 = DIRECTION ( 'NONE',  ( 0.000000000000000000, 0.000000000000000000, -1.000000000000000000 ) ) ;
#6355 = CARTESIAN_POINT ( 'NONE',  ( 19.93899999999999650, 0.000000000000000000, -6.350000000000001421 ) ) ;
#6356 = ADVANCED_FACE ( 'NONE', ( #5975 ), #3887, .F. ) ;
#6357 = VERTEX_POINT ( 'NONE', #4957 ) ;
#6358 = VERTEX_POINT ( 'NONE', #2364 ) ;
#6359 = PLANE ( 'NONE',  #635 ) ;
#6360 = DIRECTION ( 'NONE',  ( 1.000000000000000000, 0.000000000000000000, 0.000000000000000000 ) ) ;
#6361 = EDGE_CURVE ( 'NONE', #3220, #1054, #5291, .T. ) ;
#6362 = DIRECTION ( 'NONE',  ( 1.000000000000000000, 0.000000000000000000, 0.000000000000000000 ) ) ;
#6363 = CARTESIAN_POINT ( 'NONE',  ( 24.48899999999999366, 0.000000000000000000, -6.350000000000001421 ) ) ;
#6364 = CARTESIAN_POINT ( 'NONE',  ( 21.52063470255290056, 2.042738866564660416, -5.862820136086119405 ) ) ;
#6365 = EDGE_CURVE ( 'NONE', #315, #1837, #4733, .T. ) ;
#6366 = VERTEX_POINT ( 'NONE', #4534 ) ;
#6367 = ORIENTED_EDGE ( 'NONE', *, *, #3677, .F. ) ;
#6368 = CARTESIAN_POINT ( 'NONE',  ( 0.000000000000000000, -2.174999999999999822, -6.349999999999999645 ) ) ;
#6369 = CARTESIAN_POINT ( 'NONE',  ( 0.7206315775864680084, -1.972483239316683346, -30.53899999999999082 ) ) ;
#6370 = CARTESIAN_POINT ( 'NONE',  ( 0.000000000000000000, 0.000000000000000000, 5.620762745781208380 ) ) ;
#6371 = EDGE_CURVE ( 'NONE', #4469, #6528, #4397, .T. ) ;
#6372 = DIRECTION ( 'NONE',  ( -1.000000000000000000, 0.000000000000000000, 0.000000000000000000 ) ) ;
#6373 = CARTESIAN_POINT ( 'NONE',  ( 0.000000000000000000, 0.000000000000000000, 5.523072258617638397 ) ) ;
#6374 = PLANE ( 'NONE',  #1820 ) ;
#6375 = EDGE_LOOP ( 'NONE', ( #1167, #5646 ) ) ;
#6376 = CARTESIAN_POINT ( 'NONE',  ( 0.000000000000000000, 6.200000000000000178, 0.000000000000000000 ) ) ;
#6377 = CARTESIAN_POINT ( 'NONE',  ( -0.3999999999999999667, 2.081805041010025281, -31.30694035598735070 ) ) ;
#6378 = EDGE_CURVE ( 'NONE', #1943, #505, #186, .T. ) ;
#6379 = CARTESIAN_POINT ( 'NONE',  ( -5.200000000000001066, -2.174999999999999822, -14.24558441227156891 ) ) ;
#6380 = DIRECTION ( 'NONE',  ( 1.000000000000000000, 0.000000000000000000, -0.000000000000000000 ) ) ;
#6381 = CARTESIAN_POINT ( 'NONE',  ( 24.48899999999999721, -2.061552812808830293, -6.749999999999999112 ) ) ;
#6382 = B_SPLINE_CURVE_WITH_KNOTS ( 'NONE', 3,
 ( #1047, #4135, #3689, #6816 ),
 .UNSPECIFIED., .F., .F.,
 ( 4, 4 ),
 ( 0.003029541235337107185, 0.003249628748158705626 ),
 .UNSPECIFIED. ) ;
#6383 = ORIENTED_EDGE ( 'NONE', *, *, #4856, .T. ) ;
#6384 = DIRECTION ( 'NONE',  ( 0.000000000000000000, 0.000000000000000000, 1.000000000000000000 ) ) ;
#6385 = ORIENTED_EDGE ( 'NONE', *, *, #6125, .F. ) ;
#6386 = CC_DESIGN_DATE_AND_TIME_ASSIGNMENT ( #3963, #723, ( #2392 ) ) ;
#6387 = CARTESIAN_POINT ( 'NONE',  ( -8.673617379884035472E-16, 6.199999999999999289, -2.000000000000000888 ) ) ;
#6388 = ORIENTED_EDGE ( 'NONE', *, *, #1663, .T. ) ;
#6389 = ORIENTED_EDGE ( 'NONE', *, *, #4178, .T. ) ;
#6390 = CARTESIAN_POINT ( 'NONE',  ( 25.18900000000000361, 0.000000000000000000, -16.95012705463136982 ) ) ;
#6391 = CARTESIAN_POINT ( 'NONE',  ( -0.3999999999999999667, 1.502637486114517751, -31.53899999999999082 ) ) ;
#6392 = CARTESIAN_POINT ( 'NONE',  ( -3.174999999999999822, -3.888253587292846081E-16, -25.39999999999999147 ) ) ;
#6393 = DIRECTION ( 'NONE',  ( -1.000000000000000000, 0.000000000000000000, 0.000000000000000000 ) ) ;
#6394 = VECTOR ( 'NONE', #671, 1000.000000000000000 ) ;
#6395 = ORIENTED_EDGE ( 'NONE', *, *, #4128, .T. ) ;
#6396 = EDGE_CURVE ( 'NONE', #5953, #1020, #2300, .T. ) ;
#6397 = EDGE_CURVE ( 'NONE', #361, #1054, #4074, .T. ) ;
#6398 = VERTEX_POINT ( 'NONE', #1209 ) ;
#6399 = VECTOR ( 'NONE', #132, 1000.000000000000114 ) ;
#6400 = DIRECTION ( 'NONE',  ( -0.000000000000000000, -1.000000000000000000, -0.000000000000000000 ) ) ;
#6401 = CARTESIAN_POINT ( 'NONE',  ( -6.700000000000000178, -0.4999999999999998890, 0.000000000000000000 ) ) ;
#6402 = DIRECTION ( 'NONE',  ( 1.000000000000000000, 0.000000000000000000, 0.000000000000000000 ) ) ;
#6403 = CARTESIAN_POINT ( 'NONE',  ( -0.3999999999999993006, 1.502637486114517751, 6.139000000000000234 ) ) ;
#6404 = CARTESIAN_POINT ( 'NONE',  ( -0.2470723783330726342, 2.087434397081524118, -27.58728260441153068 ) ) ;
#6405 = VECTOR ( 'NONE', #5767, 1000.000000000000000 ) ;
#6406 = VERTEX_POINT ( 'NONE', #1308 ) ;
#6407 = DIRECTION ( 'NONE',  ( -1.000000000000000000, 0.000000000000000000, -0.000000000000000000 ) ) ;
#6408 = CARTESIAN_POINT ( 'NONE',  ( 13.19809734904587195, -3.174999999999999822, 2.595422128626172054 ) ) ;
#6409 = CARTESIAN_POINT ( 'NONE',  ( -0.4000000000000000222, 2.232710535457612888, -31.02076274578120163 ) ) ;
#6410 = AXIS2_PLACEMENT_3D ( 'NONE', #1401, #6301, #1439 ) ;
#6411 = CARTESIAN_POINT ( 'NONE',  ( 17.05000000000000426, -6.200000000000000178, -2.000000000000003109 ) ) ;
#6412 = CARTESIAN_POINT ( 'NONE',  ( 13.09999999999999964, -2.061552812808830737, 5.439000000000000057 ) ) ;
#6413 = DIRECTION ( 'NONE',  ( 1.000000000000000000, 0.000000000000000000, 1.084202172485504434E-16 ) ) ;
#6414 = FACE_OUTER_BOUND ( 'NONE', #3805, .T. ) ;
#6415 = VECTOR ( 'NONE', #2307, 1000.000000000000000 ) ;
#6416 = ORIENTED_EDGE ( 'NONE', *, *, #1564, .T. ) ;
#6417 = PLANE ( 'NONE',  #2045 ) ;
#6418 = AXIS2_PLACEMENT_3D ( 'NONE', #5224, #417, #2567 ) ;
#6419 = ORIENTED_EDGE ( 'NONE', *, *, #450, .F. ) ;
#6420 = CARTESIAN_POINT ( 'NONE',  ( 0.000000000000000000, 0.000000000000000000, 5.523072258617638397 ) ) ;
#6421 = LINE ( 'NONE', #1635, #2387 ) ;
#6422 = VECTOR ( 'NONE', #4480, 1000.000000000000000 ) ;
#6423 = ORIENTED_EDGE ( 'NONE', *, *, #316, .T. ) ;
#6424 = ORIENTED_EDGE ( 'NONE', *, *, #4429, .T. ) ;
#6425 = ORIENTED_EDGE ( 'NONE', *, *, #4343, .F. ) ;
#6426 = DIRECTION ( 'NONE',  ( 0.000000000000000000, 0.000000000000000000, 1.000000000000000000 ) ) ;
#6427 = CARTESIAN_POINT ( 'NONE',  ( 25.18900000000000006, 1.663407726524676944, -5.950000000000003730 ) ) ;
#6428 = DIRECTION ( 'NONE',  ( 0.000000000000000000, 0.000000000000000000, 1.000000000000000000 ) ) ;
#6429 = CARTESIAN_POINT ( 'NONE',  ( 21.18904005501556398, 2.099990463092004767, -6.226330978498920921 ) ) ;
#6430 = VECTOR ( 'NONE', #6024, 1000.000000000000000 ) ;
#6431 = EDGE_CURVE ( 'NONE', #2090, #2346, #2497, .T. ) ;
#6432 = VERTEX_POINT ( 'NONE', #1272 ) ;
#6433 = VERTEX_POINT ( 'NONE', #6044 ) ;
#6434 = AXIS2_PLACEMENT_3D ( 'NONE', #6659, #4076, #4112 ) ;
#6435 = DIRECTION ( 'NONE',  ( 1.000000000000000000, 0.000000000000000000, -3.110379853311669038E-16 ) ) ;
#6436 = CARTESIAN_POINT ( 'NONE',  ( 24.48899999999999366, 0.000000000000000000, -4.250000000000000888 ) ) ;
#6437 = VECTOR ( 'NONE', #2588, 1000.000000000000000 ) ;
#6438 = CYLINDRICAL_SURFACE ( 'NONE', #6319, 3.174999999999998934 ) ;
#6439 = ADVANCED_FACE ( 'NONE', ( #2401 ), #3455, .F. ) ;
#6440 = CARTESIAN_POINT ( 'NONE',  ( 24.48900000000000432, 2.571758278209440971E-16, -21.14999999999999858 ) ) ;
#6441 = EDGE_CURVE ( 'NONE', #5686, #5558, #5510, .T. ) ;
#6442 = CARTESIAN_POINT ( 'NONE',  ( 19.04999999999999361, 3.888253587292846081E-16, -3.175000000000001599 ) ) ;
#6443 = CIRCLE ( 'NONE', #3536, 2.100000000000000089 ) ;
#6444 = ADVANCED_FACE ( 'NONE', ( #1871 ), #6621, .T. ) ;
#6445 = EDGE_LOOP ( 'NONE', ( #2088, #15, #2260, #6527, #748, #1911, #1902, #5065, #3669, #2886, #1525, #5721 ) ) ;
#6446 = FACE_BOUND ( 'NONE', #2715, .T. ) ;
#6447 = CARTESIAN_POINT ( 'NONE',  ( 21.64542212862616566, -2.040073290564207831, -6.848097349045873194 ) ) ;
#6448 = VECTOR ( 'NONE', #1031, 1000.000000000000000 ) ;
#6449 = CARTESIAN_POINT ( 'NONE',  ( 24.48900000000000432, 2.061552812808830293, -19.44999999999999574 ) ) ;
#6450 = PLANE ( 'NONE',  #24 ) ;
#6451 = AXIS2_PLACEMENT_3D ( 'NONE', #4200, #901, #1995 ) ;
#6452 = EDGE_CURVE ( 'NONE', #2368, #2133, #297, .T. ) ;
#6453 = AXIS2_PLACEMENT_3D ( 'NONE', #1796, #1251, #3928 ) ;
#6454 = DIRECTION ( 'NONE',  ( -0.000000000000000000, 0.000000000000000000, 1.000000000000000000 ) ) ;
#6455 = CARTESIAN_POINT ( 'NONE',  ( 24.18900000000000361, 1.972483239316684234, -19.77063157758646739 ) ) ;
#6456 = ORIENTED_EDGE ( 'NONE', *, *, #3287, .F. ) ;
#6457 = B_SPLINE_CURVE_WITH_KNOTS ( 'NONE', 3,
 ( #383, #1446, #1415, #4009 ),
 .UNSPECIFIED., .F., .F.,
 ( 4, 4 ),
 ( 0.003655977453372194312, 0.003758849537120529782 ),
 .UNSPECIFIED. ) ;
#6458 = EDGE_CURVE ( 'NONE', #1054, #2617, #2744, .T. ) ;
#6459 = CARTESIAN_POINT ( 'NONE',  ( 12.05225965874923233, 1.999113491775012852, 4.305849356269931150 ) ) ;
#6460 = CARTESIAN_POINT ( 'NONE',  ( 10.59999999999999787, 0.000000000000000000, 5.439000000000000057 ) ) ;
#6461 = EDGE_LOOP ( 'NONE', ( #2973, #4568 ) ) ;
#6462 = VERTEX_POINT ( 'NONE', #642 ) ;
#6463 = ORIENTED_EDGE ( 'NONE', *, *, #604, .T. ) ;
#6464 = AXIS2_PLACEMENT_3D ( 'NONE', #751, #5025, #6049 ) ;
#6465 = FACE_OUTER_BOUND ( 'NONE', #6205, .T. ) ;
#6466 = CARTESIAN_POINT ( 'NONE',  ( -0.3999999999999993006, 2.129368205736810182, 5.466985055468135180 ) ) ;
#6467 = ORIENTED_EDGE ( 'NONE', *, *, #2805, .T. ) ;
#6468 = ORIENTED_EDGE ( 'NONE', *, *, #5149, .F. ) ;
#6469 = DIRECTION ( 'NONE',  ( -0.000000000000000000, 1.000000000000000000, -0.000000000000000000 ) ) ;
#6470 = FACE_OUTER_BOUND ( 'NONE', #1510, .T. ) ;
#6471 = B_SPLINE_CURVE_WITH_KNOTS ( 'NONE', 3,
 ( #5947, #1577, #6498, #3184 ),
 .UNSPECIFIED., .F., .F.,
 ( 4, 4 ),
 ( 0.007647354141962972064, 0.007869202712918556275 ),
 .UNSPECIFIED. ) ;
#6472 = DIRECTION ( 'NONE',  ( 0.000000000000000000, 0.000000000000000000, -1.000000000000000000 ) ) ;
#6473 = CARTESIAN_POINT ( 'NONE',  ( -0.4000000000000000222, -2.232710535457612888, -31.02076274578120163 ) ) ;
#6474 = DIRECTION ( 'NONE',  ( 0.000000000000000000, 0.000000000000000000, 1.000000000000000000 ) ) ;
#6475 = ORIENTED_EDGE ( 'NONE', *, *, #6657, .T. ) ;
#6476 = DIRECTION ( 'NONE',  ( 0.000000000000000000, 0.000000000000000000, -1.000000000000000000 ) ) ;
#6477 = CARTESIAN_POINT ( 'NONE',  ( 0.000000000000000000, -0.8890000000000000124, -9.524999999999998579 ) ) ;
#6478 = FACE_OUTER_BOUND ( 'NONE', #4675, .T. ) ;
#6479 = DIRECTION ( 'NONE',  ( 0.000000000000000000, 0.000000000000000000, -1.000000000000000000 ) ) ;
#6480 = B_SPLINE_CURVE_WITH_KNOTS ( 'NONE', 3,
 ( #4803, #4905, #6921, #1623 ),
 .UNSPECIFIED., .F., .F.,
 ( 4, 4 ),
 ( 0.003655977453372194312, 0.003758849537120529782 ),
 .UNSPECIFIED. ) ;
#6481 = EDGE_CURVE ( 'NONE', #543, #5944, #5183, .T. ) ;
#6482 = EDGE_LOOP ( 'NONE', ( #5407, #3389, #922, #6239 ) ) ;
#6483 = CARTESIAN_POINT ( 'NONE',  ( 12.69999999999999929, 0.000000000000000000, 6.139000000000000234 ) ) ;
#6484 = DIRECTION ( 'NONE',  ( -0.000000000000000000, 0.000000000000000000, -1.000000000000000000 ) ) ;
#6485 = EDGE_LOOP ( 'NONE', ( #1636, #3406, #6456, #2832 ) ) ;
#6486 = EDGE_CURVE ( 'NONE', #1412, #5100, #1416, .T. ) ;
#6487 = DIRECTION ( 'NONE',  ( -0.000000000000000000, -0.000000000000000000, 1.000000000000000000 ) ) ;
#6488 = DIRECTION ( 'NONE',  ( -1.000000000000000000, -0.000000000000000000, -0.000000000000000000 ) ) ;
#6489 = ORIENTED_EDGE ( 'NONE', *, *, #1958, .F. ) ;
#6490 = EDGE_CURVE ( 'NONE', #1805, #706, #2155, .T. ) ;
#6491 = ORIENTED_EDGE ( 'NONE', *, *, #3111, .T. ) ;
#6492 = LINE ( 'NONE', #3348, #4489 ) ;
#6493 = VERTEX_POINT ( 'NONE', #1974 ) ;
#6494 = DIRECTION ( 'NONE',  ( -0.000000000000000000, 1.000000000000000000, -0.000000000000000000 ) ) ;
#6495 = VERTEX_POINT ( 'NONE', #955 ) ;
#6496 = ORIENTED_EDGE ( 'NONE', *, *, #3746, .T. ) ;
#6497 = FACE_OUTER_BOUND ( 'NONE', #1987, .T. ) ;
#6498 = CARTESIAN_POINT ( 'NONE',  ( 24.54501255195392417, 2.197165961088449304, -18.64999999999999503 ) ) ;
#6499 = AXIS2_PLACEMENT_3D ( 'NONE', #6797, #2011, #855 ) ;
#6500 = DIRECTION ( 'NONE',  ( 1.000000000000000000, 0.000000000000000000, 0.000000000000000000 ) ) ;
#6501 = DIRECTION ( 'NONE',  ( -1.000000000000000000, 0.000000000000000000, 0.000000000000000000 ) ) ;
#6502 = CARTESIAN_POINT ( 'NONE',  ( 13.09999999999999964, 2.061552812808830293, -30.83899999999999864 ) ) ;
#6503 = VECTOR ( 'NONE', #5986, 1000.000000000000000 ) ;
#6504 = ORIENTED_EDGE ( 'NONE', *, *, #3754, .T. ) ;
#6505 = CC_DESIGN_PERSON_AND_ORGANIZATION_ASSIGNMENT ( #198, #6088, ( #2503 ) ) ;
#6506 = CARTESIAN_POINT ( 'NONE',  ( 25.13997030331115212, 1.821676962433383062, -18.64999999999999858 ) ) ;
#6507 = DIRECTION ( 'NONE',  ( 0.000000000000000000, 0.000000000000000000, -1.000000000000000000 ) ) ;
#6508 = CARTESIAN_POINT ( 'NONE',  ( 0.3999999999999993006, -2.264950330581225746, 5.523072258617638397 ) ) ;
#6509 = AXIS2_PLACEMENT_3D ( 'NONE', #1882, #2375, #5029 ) ;
#6510 = CARTESIAN_POINT ( 'NONE',  ( 25.18900000000001782, -1.663407726524676278, -19.44999999999999929 ) ) ;
#6511 = DIRECTION ( 'NONE',  ( 1.000000000000000000, 0.000000000000000000, 0.000000000000000000 ) ) ;
#6512 = CARTESIAN_POINT ( 'NONE',  ( 6.350000000000000533, -0.8890000000000000124, -12.69999999999999929 ) ) ;
#6513 = DIRECTION ( 'NONE',  ( -0.000000000000000000, -0.000000000000000000, 1.000000000000000000 ) ) ;
#6514 = ORIENTED_EDGE ( 'NONE', *, *, #5116, .F. ) ;
#6515 = CIRCLE ( 'NONE', #3851, 2.100000000000000089 ) ;
#6516 = CARTESIAN_POINT ( 'NONE',  ( 0.4980973490458732167, -2.040073290564207831, 2.595422128626172054 ) ) ;
#6517 = ADVANCED_FACE ( 'NONE', ( #2501 ), #3590, .F. ) ;
#6518 = AXIS2_PLACEMENT_3D ( 'NONE', #2742, #1628, #4413 ) ;
#6519 = EDGE_CURVE ( 'NONE', #6624, #2513, #3408, .T. ) ;
#6520 = ORIENTED_EDGE ( 'NONE', *, *, #2553, .F. ) ;
#6521 = VERTEX_POINT ( 'NONE', #2469 ) ;
#6522 = LINE ( 'NONE', #4356, #4703 ) ;
#6523 = ORIENTED_EDGE ( 'NONE', *, *, #18, .T. ) ;
#6524 = LINE ( 'NONE', #2298, #5720 ) ;
#6525 = CARTESIAN_POINT ( 'NONE',  ( 13.09999999999999964, -2.182283254615324797, 5.773529692572009431 ) ) ;
#6526 = EDGE_CURVE ( 'NONE', #1939, #4177, #5645, .T. ) ;
#6527 = ORIENTED_EDGE ( 'NONE', *, *, #3638, .F. ) ;
#6528 = VERTEX_POINT ( 'NONE', #1936 ) ;
#6529 = CARTESIAN_POINT ( 'NONE',  ( 24.18900000000000361, 1.972483239316684234, -19.77063157758646739 ) ) ;
#6530 = FACE_OUTER_BOUND ( 'NONE', #5440, .T. ) ;
#6531 = ORIENTED_EDGE ( 'NONE', *, *, #2511, .T. ) ;
#6532 = AXIS2_PLACEMENT_3D ( 'NONE', #4120, #6327, #858 ) ;
#6533 = CARTESIAN_POINT ( 'NONE',  ( -0.1236690215010792931, -2.099990463092004322, -27.53904005501555829 ) ) ;
#6534 = CARTESIAN_POINT ( 'NONE',  ( -0.4980973490458723840, 2.040073290564207831, -27.99542212862616353 ) ) ;
#6535 = EDGE_CURVE ( 'NONE', #44, #5312, #471, .T. ) ;
#6536 = LINE ( 'NONE', #6442, #2266 ) ;
#6537 = AXIS2_PLACEMENT_3D ( 'NONE', #3977, #6103, #3454 ) ;
#6538 = AXIS2_PLACEMENT_3D ( 'NONE', #897, #2062, #4718 ) ;
#6539 = CARTESIAN_POINT ( 'NONE',  ( 0.000000000000000000, 0.000000000000000000, -31.02076274578120163 ) ) ;
#6540 = DIRECTION ( 'NONE',  ( 1.000000000000000000, 0.000000000000000000, -8.260587980841934638E-15 ) ) ;
#6541 = DIRECTION ( 'NONE',  ( 0.000000000000000000, 0.000000000000000000, 1.000000000000000000 ) ) ;
#6542 = VECTOR ( 'NONE', #4933, 1000.000000000000000 ) ;
#6543 = CARTESIAN_POINT ( 'NONE',  ( 21.64542212862616566, 2.040073290564207831, -5.851902650954129648 ) ) ;
#6544 = CARTESIAN_POINT ( 'NONE',  ( 13.18718001185238542, -2.042738830444499776, -27.87063639349768351 ) ) ;
#6545 = CIRCLE ( 'NONE', #4095, 3.175000000000000711 ) ;
#6546 = AXIS2_PLACEMENT_3D ( 'NONE', #5390, #2740, #6540 ) ;
#6547 = CARTESIAN_POINT ( 'NONE',  ( 12.69999999999999929, 0.000000000000000000, -31.53899999999999793 ) ) ;
#6548 = DIRECTION ( 'NONE',  ( -1.000000000000000000, -0.000000000000000000, 0.000000000000000000 ) ) ;
#6549 = CARTESIAN_POINT ( 'NONE',  ( 14.80000000000000071, 0.000000000000000000, 5.439000000000000945 ) ) ;
#6550 = ORIENTED_EDGE ( 'NONE', *, *, #3892, .F. ) ;
#6551 = VECTOR ( 'NONE', #5695, 1000.000000000000000 ) ;
#6552 = EDGE_CURVE ( 'NONE', #4951, #2916, #4671, .T. ) ;
#6553 = DIRECTION ( 'NONE',  ( 0.000000000000000000, 0.000000000000000000, -1.000000000000000000 ) ) ;
#6554 = VERTEX_POINT ( 'NONE', #5341 ) ;
#6555 = AXIS2_PLACEMENT_3D ( 'NONE', #5696, #3183, #4232 ) ;
#6556 = VECTOR ( 'NONE', #6454, 1000.000000000000000 ) ;
#6557 = ORIENTED_EDGE ( 'NONE', *, *, #6107, .F. ) ;
#6558 = CARTESIAN_POINT ( 'NONE',  ( 19.05000000000000071, -6.200000000000000178, -25.39999999999999858 ) ) ;
#6559 = ORIENTED_EDGE ( 'NONE', *, *, #4398, .T. ) ;
#6560 = EDGE_CURVE ( 'NONE', #708, #5258, #1371, .T. ) ;
#6561 = CIRCLE ( 'NONE', #515, 2.299999999999999822 ) ;
#6562 = CARTESIAN_POINT ( 'NONE',  ( -0.3999999999999993006, 2.061552812808830293, 5.439000000000000057 ) ) ;
#6563 = ADVANCED_FACE ( 'NONE', ( #4249 ), #560, .F. ) ;
#6564 = DIRECTION ( 'NONE',  ( 1.621236893436268647E-16, 0.000000000000000000, 1.000000000000000000 ) ) ;
#6565 = VERTEX_POINT ( 'NONE', #6866 ) ;
#6566 = AXIS2_PLACEMENT_3D ( 'NONE', #4525, #2986, #6163 ) ;
#6567 = ORIENTED_EDGE ( 'NONE', *, *, #2819, .T. ) ;
#6568 = ORIENTED_EDGE ( 'NONE', *, *, #5610, .F. ) ;
#6569 = EDGE_CURVE ( 'NONE', #340, #3073, #5313, .T. ) ;
#6570 = CARTESIAN_POINT ( 'NONE',  ( 23.35584935626992475, -1.999113491775012408, -19.69774034125075701 ) ) ;
#6571 = LINE ( 'NONE', #3425, #296 ) ;
#6572 = DIRECTION ( 'NONE',  ( 0.000000000000000000, 0.000000000000000000, 1.000000000000000000 ) ) ;
#6573 = CARTESIAN_POINT ( 'NONE',  ( 6.350000000000000533, -5.460999999999999410, -15.87500000000000000 ) ) ;
#6574 = CARTESIAN_POINT ( 'NONE',  ( 0.4000000000000000777, -2.264950330581225746, -30.92307225861762987 ) ) ;
#6575 = ORIENTED_EDGE ( 'NONE', *, *, #695, .F. ) ;
#6576 = EDGE_CURVE ( 'NONE', #4662, #188, #702, .T. ) ;
#6577 = CARTESIAN_POINT ( 'NONE',  ( 24.18899999999999650, 2.061552812808831181, -6.749999999999999112 ) ) ;
#6578 =( BOUNDED_CURVE ( )  B_SPLINE_CURVE ( 3, ( #2345, #6633, #3395, #3955 ),
 .UNSPECIFIED., .F., .T. ) 
 B_SPLINE_CURVE_WITH_KNOTS ( ( 4, 4 ),
 ( 1.810267798689539687, 1.921073213463467599 ),
 .UNSPECIFIED. ) 
 CURVE ( )  GEOMETRIC_REPRESENTATION_ITEM ( )  RATIONAL_B_SPLINE_CURVE ( ( 1.000000000000000000, 0.9989771083553060649, 0.9989771083553060649, 1.000000000000000000 ) ) 
 REPRESENTATION_ITEM ( '' )  );
#6579 = CARTESIAN_POINT ( 'NONE',  ( -6.200000000000003730, -0.1999999999999996503, -11.56862915010152193 ) ) ;
#6580 = CARTESIAN_POINT ( 'NONE',  ( 24.67076274578120376, 0.000000000000000000, -6.350000000000001421 ) ) ;
#6581 = DIRECTION ( 'NONE',  ( 0.7071067811865473507, -0.000000000000000000, 0.7071067811865477948 ) ) ;
#6582 = CARTESIAN_POINT ( 'NONE',  ( 12.30000000000000071, -2.232710535457612888, 5.620762745781209269 ) ) ;
#6583 = DIRECTION ( 'NONE',  ( 0.000000000000000000, -0.000000000000000000, -1.000000000000000000 ) ) ;
#6584 = LINE ( 'NONE', #4351, #3873 ) ;
#6585 = VERTEX_POINT ( 'NONE', #6460 ) ;
#6586 = ORIENTED_EDGE ( 'NONE', *, *, #2168, .T. ) ;
#6587 = ORIENTED_EDGE ( 'NONE', *, *, #6279, .T. ) ;
#6588 = FACE_OUTER_BOUND ( 'NONE', #1145, .T. ) ;
#6589 = ORIENTED_EDGE ( 'NONE', *, *, #4429, .F. ) ;
#6590 = CARTESIAN_POINT ( 'NONE',  ( 0.3999999999999993006, 2.061552812808830293, 5.439000000000000945 ) ) ;
#6591 = LINE ( 'NONE', #4925, #2615 ) ;
#6592 = ORIENTED_EDGE ( 'NONE', *, *, #1436, .T. ) ;
#6593 = ORIENTED_EDGE ( 'NONE', *, *, #1482, .T. ) ;
#6594 = DIRECTION ( 'NONE',  ( -0.000000000000000000, -1.000000000000000000, -0.000000000000000000 ) ) ;
#6595 = CARTESIAN_POINT ( 'NONE',  ( 24.57307225861764266, -2.264950330581225746, -18.64999999999999503 ) ) ;
#6596 = DIRECTION ( 'NONE',  ( -0.000000000000000000, 0.000000000000000000, 1.000000000000000000 ) ) ;
#6597 = CARTESIAN_POINT ( 'NONE',  ( -0.4000000000000000222, 2.129368206736822255, -30.86698505588079655 ) ) ;
#6598 = ADVANCED_FACE ( 'NONE', ( #1668 ), #3270, .T. ) ;
#6599 = ADVANCED_FACE ( 'NONE', ( #3810, #2085 ), #1022, .F. ) ;
#6600 = ORIENTED_EDGE ( 'NONE', *, *, #4657, .T. ) ;
#6601 = ADVANCED_FACE ( 'NONE', ( #1058 ), #2613, .T. ) ;
#6602 = CARTESIAN_POINT ( 'NONE',  ( 0.000000000000000000, -6.200000000000001066, -6.349999999999999645 ) ) ;
#6603 = CARTESIAN_POINT ( 'NONE',  ( 0.000000000000000000, -0.8890000000000000124, -6.349999999999999645 ) ) ;
#6604 = PERSON_AND_ORGANIZATION_ROLE ( 'design_owner' ) ;
#6605 = CARTESIAN_POINT ( 'NONE',  ( 0.4000000000000000222, 2.254205848354697395, -30.95563645010066622 ) ) ;
#6606 = AXIS2_PLACEMENT_3D ( 'NONE', #461, #4328, #5307 ) ;
#6607 = CARTESIAN_POINT ( 'NONE',  ( -5.200000000000001066, -31.72724035221981964, -11.15441558772842967 ) ) ;
#6608 = DIRECTION ( 'NONE',  ( 1.000000000000000000, 0.000000000000000000, 0.000000000000000000 ) ) ;
#6609 = LINE ( 'NONE', #6549, #4891 ) ;
#6610 = EDGE_LOOP ( 'NONE', ( #4256, #1210, #4391, #2038, #6848, #3062, #290, #2596, #5964, #5248 ) ) ;
#6611 = CONICAL_SURFACE ( 'NONE', #5049, 2.299999999999999822, 0.3141592653589760364 ) ;
#6612 = LINE ( 'NONE', #174, #1747 ) ;
#6613 = AXIS2_PLACEMENT_3D ( 'NONE', #1641, #2723, #6362 ) ;
#6614 = ORIENTED_EDGE ( 'NONE', *, *, #746, .T. ) ;
#6615 = ORIENTED_EDGE ( 'NONE', *, *, #5052, .F. ) ;
#6616 = CARTESIAN_POINT ( 'NONE',  ( -0.4000000000000000222, 2.243459280444428217, -30.98819995583811249 ) ) ;
#6617 = AXIS2_PLACEMENT_3D ( 'NONE', #1171, #242, #4499 ) ;
#6618 = ORIENTED_EDGE ( 'NONE', *, *, #2773, .T. ) ;
#6619 = CIRCLE ( 'NONE', #6727, 3.174999999999999822 ) ;
#6620 = CARTESIAN_POINT ( 'NONE',  ( 6.350000000000000533, -5.460999999999999410, -9.524999999999996803 ) ) ;
#6621 = PLANE ( 'NONE',  #1827 ) ;
#6622 = ORIENTED_EDGE ( 'NONE', *, *, #3764, .T. ) ;
#6623 = ORIENTED_EDGE ( 'NONE', *, *, #5500, .F. ) ;
#6624 = VERTEX_POINT ( 'NONE', #4180 ) ;
#6625 = AXIS2_PLACEMENT_3D ( 'NONE', #6408, #3258, #1624 ) ;
#6626 = ORIENTED_EDGE ( 'NONE', *, *, #3033, .F. ) ;
#6627 = CARTESIAN_POINT ( 'NONE',  ( 12.69999999999999929, 0.000000000000000000, 5.523072258617638397 ) ) ;
#6628 = DIRECTION ( 'NONE',  ( 0.000000000000000000, 0.000000000000000000, 1.000000000000000000 ) ) ;
#6629 = ORIENTED_EDGE ( 'NONE', *, *, #1250, .T. ) ;
#6630 = DIRECTION ( 'NONE',  ( 0.000000000000000000, 0.000000000000000000, 1.000000000000000000 ) ) ;
#6631 = CARTESIAN_POINT ( 'NONE',  ( 0.3999999999999994671, 2.182266827280791244, 5.773579458367406936 ) ) ;
#6632 = ADVANCED_FACE ( 'NONE', ( #2752 ), #1561, .F. ) ;
#6633 = CARTESIAN_POINT ( 'NONE',  ( 13.27348631124368694, 2.021666578221208432, 3.457121909598157128 ) ) ;
#6634 = CIRCLE ( 'NONE', #3854, 2.100000000000000977 ) ;
#6635 = CIRCLE ( 'NONE', #4306, 3.175000000000000711 ) ;
#6636 = ORIENTED_EDGE ( 'NONE', *, *, #4943, .F. ) ;
#6637 = VERTEX_POINT ( 'NONE', #990 ) ;
#6638 = CARTESIAN_POINT ( 'NONE',  ( 24.18900000000000716, -3.175000000000000711, -18.64999999999999503 ) ) ;
#6639 = EDGE_CURVE ( 'NONE', #156, #2111, #1614, .T. ) ;
#6640 = EDGE_CURVE ( 'NONE', #6728, #5935, #6071, .T. ) ;
#6641 = CARTESIAN_POINT ( 'NONE',  ( 24.48900000000000432, 0.000000000000000000, -19.04999999999999716 ) ) ;
#6642 = EDGE_CURVE ( 'NONE', #2119, #3301, #1809, .T. ) ;
#6643 = FACE_OUTER_BOUND ( 'NONE', #5128, .T. ) ;
#6644 = CIRCLE ( 'NONE', #5075, 2.268258436585967264 ) ;
#6645 = DIRECTION ( 'NONE',  ( 0.000000000000000000, 1.000000000000000000, 0.000000000000000000 ) ) ;
#6646 = DIRECTION ( 'NONE',  ( -1.000000000000000000, -0.000000000000000000, 0.000000000000000000 ) ) ;
#6647 = DIRECTION ( 'NONE',  ( -0.000000000000000000, 1.000000000000000000, -0.000000000000000000 ) ) ;
#6648 = ORIENTED_EDGE ( 'NONE', *, *, #369, .F. ) ;
#6649 = AXIS2_PLACEMENT_3D ( 'NONE', #3809, #4783, #488 ) ;
#6650 = EDGE_CURVE ( 'NONE', #4055, #3524, #3058, .T. ) ;
#6651 = DIRECTION ( 'NONE',  ( 0.000000000000000000, 0.000000000000000000, 1.000000000000000000 ) ) ;
#6652 = AXIS2_PLACEMENT_3D ( 'NONE', #2492, #909, #4069 ) ;
#6653 = ORIENTED_EDGE ( 'NONE', *, *, #2136, .T. ) ;
#6654 = ORIENTED_EDGE ( 'NONE', *, *, #2552, .F. ) ;
#6655 = FACE_OUTER_BOUND ( 'NONE', #6461, .T. ) ;
#6656 = VERTEX_POINT ( 'NONE', #6387 ) ;
#6657 = EDGE_CURVE ( 'NONE', #6249, #3909, #3734, .T. ) ;
#6658 = CIRCLE ( 'NONE', #5652, 2.299999999999999822 ) ;
#6659 = CARTESIAN_POINT ( 'NONE',  ( 6.350000000000000533, -5.460999999999999410, -12.69999999999999929 ) ) ;
#6660 = CARTESIAN_POINT ( 'NONE',  ( 24.57307225861763200, -2.264950330581225746, -6.749999999999999112 ) ) ;
#6661 = EDGE_LOOP ( 'NONE', ( #2472, #4371, #1233, #1025, #334, #3025 ) ) ;
#6662 = AXIS2_PLACEMENT_3D ( 'NONE', #2974, #863, #3118 ) ;
#6663 = ORIENTED_EDGE ( 'NONE', *, *, #4040, .T. ) ;
#6664 = AXIS2_PLACEMENT_3D ( 'NONE', #5775, #4795, #936 ) ;
#6665 = EDGE_LOOP ( 'NONE', ( #5988, #2395 ) ) ;
#6666 = EDGE_LOOP ( 'NONE', ( #5232, #4247, #395, #204 ) ) ;
#6667 = CARTESIAN_POINT ( 'NONE',  ( 21.18895999750521497, -2.100009524403047667, -6.226655079663201420 ) ) ;
#6668 = LINE ( 'NONE', #4541, #6415 ) ;
#6669 = ORIENTED_EDGE ( 'NONE', *, *, #1619, .F. ) ;
#6670 = CARTESIAN_POINT ( 'NONE',  ( 13.27348631124368694, 2.021666578221207988, -28.85712190959815970 ) ) ;
#6671 = CARTESIAN_POINT ( 'NONE',  ( 0.000000000000000000, -0.8890000000000000124, -9.524999999999998579 ) ) ;
#6672 = CARTESIAN_POINT ( 'NONE',  ( 12.69999999999999929, -4.174999999999999822, -19.04999999999999716 ) ) ;
#6673 = AXIS2_PLACEMENT_3D ( 'NONE', #2447, #1909, #4048 ) ;
#6674 = LINE ( 'NONE', #253, #6175 ) ;
#6675 = ORIENTED_EDGE ( 'NONE', *, *, #5803, .T. ) ;
#6676 = ORIENTED_EDGE ( 'NONE', *, *, #2123, .T. ) ;
#6677 = FACE_OUTER_BOUND ( 'NONE', #2405, .T. ) ;
#6678 = CARTESIAN_POINT ( 'NONE',  ( 0.000000000000000000, -0.8890000000000000124, -19.04999999999999716 ) ) ;
#6679 = DATE_AND_TIME ( #1289, #1376 ) ;
#6680 = CARTESIAN_POINT ( 'NONE',  ( 2.100000000000000089, 2.571758278209441957E-16, 5.439000000000000057 ) ) ;
#6681 = CARTESIAN_POINT ( 'NONE',  ( 19.05000000000000071, 6.200000000000000178, -9.328334981051643382 ) ) ;
#6682 = DIRECTION ( 'NONE',  ( -0.000000000000000000, 0.000000000000000000, 1.000000000000000000 ) ) ;
#6683 = CARTESIAN_POINT ( 'NONE',  ( 21.64542212862617632, 2.040073290564207831, -18.55190265095412627 ) ) ;
#6684 = EDGE_CURVE ( 'NONE', #3524, #4055, #3951, .T. ) ;
#6685 = LINE ( 'NONE', #4530, #120 ) ;
#6686 = EDGE_CURVE ( 'NONE', #6077, #2431, #6421, .T. ) ;
#6687 = ORIENTED_EDGE ( 'NONE', *, *, #99, .T. ) ;
#6688 = FACE_OUTER_BOUND ( 'NONE', #2463, .T. ) ;
#6689 = ORIENTED_EDGE ( 'NONE', *, *, #5627, .T. ) ;
#6690 = EDGE_CURVE ( 'NONE', #5050, #6462, #6297, .T. ) ;
#6691 = ORIENTED_EDGE ( 'NONE', *, *, #3019, .F. ) ;
#6692 = ORIENTED_EDGE ( 'NONE', *, *, #154, .F. ) ;
#6693 = DIRECTION ( 'NONE',  ( -0.9510565162951545304, 0.000000000000000000, 0.3090169943749442316 ) ) ;
#6694 = DIRECTION ( 'NONE',  ( 1.000000000000000000, 0.000000000000000000, 0.000000000000000000 ) ) ;
#6695 = ORIENTED_EDGE ( 'NONE', *, *, #4684, .F. ) ;
#6696 = CARTESIAN_POINT ( 'NONE',  ( 17.05000000000000426, -0.1999999999999996503, -2.000000000000003109 ) ) ;
#6697 = DIRECTION ( 'NONE',  ( 1.000000000000000000, 0.000000000000000000, 0.000000000000000000 ) ) ;
#6698 = CARTESIAN_POINT ( 'NONE',  ( 13.10000000000000142, 2.083236664664702253, -31.30559739064391778 ) ) ;
#6699 = ADVANCED_FACE ( 'NONE', ( #2228 ), #80, .F. ) ;
#6700 = VERTEX_POINT ( 'NONE', #1514 ) ;
#6701 = ORIENTED_EDGE ( 'NONE', *, *, #2611, .T. ) ;
#6702 = CARTESIAN_POINT ( 'NONE',  ( 24.48899999999999721, 0.000000000000000000, -6.350000000000001421 ) ) ;
#6703 = CARTESIAN_POINT ( 'NONE',  ( 11.97936842241353261, 3.175000000000000711, -30.53899999999999793 ) ) ;
#6704 = LINE ( 'NONE', #5490, #6216 ) ;
#6705 = CALENDAR_DATE ( 2022, 6, 6 ) ;
#6706 = CARTESIAN_POINT ( 'NONE',  ( 19.05000000000000071, 6.200000000000000178, -25.39999999999999858 ) ) ;
#6707 = DIRECTION ( 'NONE',  ( 0.000000000000000000, 0.000000000000000000, 1.000000000000000000 ) ) ;
#6708 = CIRCLE ( 'NONE', #5945, 0.7499999999999997780 ) ;
#6709 = CARTESIAN_POINT ( 'NONE',  ( 0.000000000000000000, -0.8890000000000000124, -19.04999999999999716 ) ) ;
#6710 = AXIS2_PLACEMENT_3D ( 'NONE', #6872, #4255, #1672 ) ;
#6711 = FACE_BOUND ( 'NONE', #2674, .T. ) ;
#6712 = ORIENTED_EDGE ( 'NONE', *, *, #3212, .F. ) ;
#6713 = AXIS2_PLACEMENT_3D ( 'NONE', #2520, #2139, #439 ) ;
#6714 = VERTEX_POINT ( 'NONE', #5822 ) ;
#6715 = DIRECTION ( 'NONE',  ( 1.000000000000000000, 0.000000000000000000, 0.000000000000000000 ) ) ;
#6716 = ORIENTED_EDGE ( 'NONE', *, *, #6365, .T. ) ;
#6717 = EDGE_CURVE ( 'NONE', #3705, #1485, #3727, .T. ) ;
#6718 = EDGE_CURVE ( 'NONE', #246, #652, #1476, .T. ) ;
#6719 = DIRECTION ( 'NONE',  ( 1.000000000000000000, 0.000000000000000000, -8.115498896123167176E-15 ) ) ;
#6720 = CARTESIAN_POINT ( 'NONE',  ( 24.48900000000000432, 2.061552812808830293, -18.64999999999999503 ) ) ;
#6721 = ORIENTED_EDGE ( 'NONE', *, *, #4218, .F. ) ;
#6722 = ORIENTED_EDGE ( 'NONE', *, *, #1700, .F. ) ;
#6723 = EDGE_LOOP ( 'NONE', ( #2444, #873, #5412, #5414, #705 ) ) ;
#6724 = ORIENTED_EDGE ( 'NONE', *, *, #4689, .T. ) ;
#6725 = DIRECTION ( 'NONE',  ( 0.000000000000000000, 0.000000000000000000, 1.000000000000000000 ) ) ;
#6726 = DIRECTION ( 'NONE',  ( -1.000000000000000000, 0.000000000000000000, 0.000000000000000000 ) ) ;
#6727 = AXIS2_PLACEMENT_3D ( 'NONE', #6093, #3442, #2914 ) ;
#6728 = VERTEX_POINT ( 'NONE', #1015 ) ;
#6729 = VECTOR ( 'NONE', #117, 1000.000000000000000 ) ;
#6730 = CYLINDRICAL_SURFACE ( 'NONE', #4844, 2.100000000000000977 ) ;
#6731 = CARTESIAN_POINT ( 'NONE',  ( 0.4000000000000000777, -2.061552812808830293, -30.83899999999999153 ) ) ;
#6732 = AXIS2_PLACEMENT_3D ( 'NONE', #3222, #2697, #4827 ) ;
#6733 = DIRECTION ( 'NONE',  ( -1.000000000000000000, 0.000000000000000000, 0.000000000000000000 ) ) ;
#6734 = ADVANCED_FACE ( 'NONE', ( #4807, #985, #4172, #4664, #6897, #2679 ), #1553, .T. ) ;
#6735 = VERTEX_POINT ( 'NONE', #1592 ) ;
#6736 = ORIENTED_EDGE ( 'NONE', *, *, #441, .F. ) ;
#6737 = CARTESIAN_POINT ( 'NONE',  ( 25.18899999999999650, 0.000000000000000000, -6.350000000000001421 ) ) ;
#6738 = LINE ( 'NONE', #4687, #3665 ) ;
#6739 = EDGE_CURVE ( 'NONE', #1785, #843, #4485, .T. ) ;
#6740 = CARTESIAN_POINT ( 'NONE',  ( -6.200000000000001066, 6.200000000000000178, 0.000000000000000000 ) ) ;
#6741 = CARTESIAN_POINT ( 'NONE',  ( 10.40000000000000036, 0.000000000000000000, -30.92307225861763698 ) ) ;
#6742 = CARTESIAN_POINT ( 'NONE',  ( 24.48900000000000432, -2.061552812808830293, -18.64999999999999503 ) ) ;
#6743 = CARTESIAN_POINT ( 'NONE',  ( 24.95559739064390214, -2.083236664664703142, -6.750000000000000000 ) ) ;
#6744 = ORIENTED_EDGE ( 'NONE', *, *, #2301, .F. ) ;
#6745 = CARTESIAN_POINT ( 'NONE',  ( -3.174999999999999822, 3.888253587292846081E-16, 0.8890000000000000124 ) ) ;
#6746 = AXIS2_PLACEMENT_3D ( 'NONE', #4336, #6500, #2108 ) ;
#6747 = CARTESIAN_POINT ( 'NONE',  ( 0.1236690215010804589, -2.099990463092003878, 2.139040055015563713 ) ) ;
#6748 = ORIENTED_EDGE ( 'NONE', *, *, #836, .T. ) ;
#6749 = CARTESIAN_POINT ( 'NONE',  ( 12.27171803211823153, 2.057911970479198160, -27.75322400100831643 ) ) ;
#6750 = ORIENTED_EDGE ( 'NONE', *, *, #5861, .T. ) ;
#6751 = CARTESIAN_POINT ( 'NONE',  ( 12.30000000000000071, -2.061552812808830293, -30.83899999999999864 ) ) ;
#6752 = DIRECTION ( 'NONE',  ( 1.000000000000000000, 0.000000000000000000, 0.000000000000000000 ) ) ;
#6753 = ORIENTED_EDGE ( 'NONE', *, *, #528, .F. ) ;
#6754 = CIRCLE ( 'NONE', #3772, 3.175000000000000711 ) ;
#6755 = ORIENTED_EDGE ( 'NONE', *, *, #2377, .F. ) ;
#6756 = CYLINDRICAL_SURFACE ( 'NONE', #4221, 3.175000000000000711 ) ;
#6757 = CARTESIAN_POINT ( 'NONE',  ( 12.69999999999999929, 0.000000000000000000, -31.53899999999999793 ) ) ;
#6758 = ORIENTED_EDGE ( 'NONE', *, *, #3666, .F. ) ;
#6759 = EDGE_CURVE ( 'NONE', #4261, #2798, #2946, .T. ) ;
#6760 = DIRECTION ( 'NONE',  ( -1.000000000000000000, 0.000000000000000000, 0.000000000000000000 ) ) ;
#6761 = DIRECTION ( 'NONE',  ( 1.000000000000000000, 0.000000000000000000, 0.000000000000000000 ) ) ;
#6762 = AXIS2_PLACEMENT_3D ( 'NONE', #4835, #3227, #34 ) ;
#6763 = VERTEX_POINT ( 'NONE', #6308 ) ;
#6764 = ADVANCED_FACE ( 'NONE', ( #2644 ), #6241, .T. ) ;
#6765 = EDGE_CURVE ( 'NONE', #2818, #3911, #3619, .T. ) ;
#6766 = AXIS2_PLACEMENT_3D ( 'NONE', #3607, #1991, #1540 ) ;
#6767 = EDGE_LOOP ( 'NONE', ( #6039, #6716, #6248, #3872 ) ) ;
#6768 = PLANE ( 'NONE',  #3995 ) ;
#6769 = AXIS2_PLACEMENT_3D ( 'NONE', #6547, #262, #6161 ) ;
#6770 = DIRECTION ( 'NONE',  ( 0.000000000000000000, 0.000000000000000000, 1.000000000000000000 ) ) ;
#6771 = CARTESIAN_POINT ( 'NONE',  ( 0.000000000000000000, 0.000000000000000000, 5.523072258617638397 ) ) ;
#6772 = ADVANCED_FACE ( 'NONE', ( #4243 ), #4068, .T. ) ;
#6773 = CIRCLE ( 'NONE', #4666, 3.175000000000000711 ) ;
#6774 = DIRECTION ( 'NONE',  ( -0.000000000000000000, -1.000000000000000000, -0.000000000000000000 ) ) ;
#6775 = CARTESIAN_POINT ( 'NONE',  ( 12.30000000000000071, 0.000000000000000000, 6.139000000000000234 ) ) ;
#6776 = B_SPLINE_CURVE_WITH_KNOTS ( 'NONE', 3,
 ( #95, #2242, #4407, #4934, #1110, #548 ),
 .UNSPECIFIED., .F., .F.,
 ( 4, 2, 4 ),
 ( 0.000000000000000000, 0.0004757428370953066727, 0.0009514856741906137791 ),
 .UNSPECIFIED. ) ;
#6777 = EDGE_CURVE ( 'NONE', #6493, #2305, #5858, .T. ) ;
#6778 = CARTESIAN_POINT ( 'NONE',  ( 12.30000000000000071, 2.061552812808830737, 5.439000000000000057 ) ) ;
#6779 = LINE ( 'NONE', #372, #699 ) ;
#6780 = DIRECTION ( 'NONE',  ( 0.000000000000000000, 0.000000000000000000, -1.000000000000000000 ) ) ;
#6781 = ORIENTED_EDGE ( 'NONE', *, *, #4271, .F. ) ;
#6782 = LINE ( 'NONE', #6412, #2161 ) ;
#6783 = CARTESIAN_POINT ( 'NONE',  ( 11.97936842241353261, -1.972483239316684234, -30.53899999999999793 ) ) ;
#6784 = FACE_BOUND ( 'NONE', #5549, .T. ) ;
#6785 = ADVANCED_FACE ( 'NONE', ( #1049 ), #3199, .T. ) ;
#6786 = VERTEX_POINT ( 'NONE', #6783 ) ;
#6787 = CARTESIAN_POINT ( 'NONE',  ( 0.3999999999999993561, 2.197165962000668049, 5.495012552331537847 ) ) ;
#6788 = VERTEX_POINT ( 'NONE', #4207 ) ;
#6789 = FACE_OUTER_BOUND ( 'NONE', #4018, .T. ) ;
#6790 = CARTESIAN_POINT ( 'NONE',  ( 10.59999999999999787, 0.000000000000000000, -30.83899999999999864 ) ) ;
#6791 = ORIENTED_EDGE ( 'NONE', *, *, #1392, .T. ) ;
#6792 = CC_DESIGN_PERSON_AND_ORGANIZATION_ASSIGNMENT ( #5592, #1398, ( #2392 ) ) ;
#6793 = EDGE_LOOP ( 'NONE', ( #5386, #3516, #2102, #2901 ) ) ;
#6794 = ORIENTED_EDGE ( 'NONE', *, *, #4252, .T. ) ;
#6795 = ORIENTED_EDGE ( 'NONE', *, *, #4468, .T. ) ;
#6796 = CARTESIAN_POINT ( 'NONE',  ( -6.200000000000001954, 6.200000000000000178, -23.39999999999999858 ) ) ;
#6797 = CARTESIAN_POINT ( 'NONE',  ( 12.69999999999999929, 0.000000000000000000, 0.8890000000000000124 ) ) ;
#6798 = ORIENTED_EDGE ( 'NONE', *, *, #2947, .F. ) ;
#6799 = CARTESIAN_POINT ( 'NONE',  ( 12.69999999999999929, 0.000000000000000000, 5.620762745781208380 ) ) ;
#6800 = PLANE ( 'NONE',  #2427 ) ;
#6801 = VERTEX_POINT ( 'NONE', #5750 ) ;
#6802 = EDGE_LOOP ( 'NONE', ( #2140, #1574 ) ) ;
#6803 = CARTESIAN_POINT ( 'NONE',  ( 25.18899999999999650, 0.000000000000000000, -6.350000000000001421 ) ) ;
#6804 = CARTESIAN_POINT ( 'NONE',  ( -0.3999999999999993006, -2.232710535457612888, 5.620762745781209269 ) ) ;
#6805 = DIRECTION ( 'NONE',  ( -0.000000000000000000, -1.000000000000000000, -0.000000000000000000 ) ) ;
#6806 = ADVANCED_FACE ( 'NONE', ( #1442 ), #3583, .T. ) ;
#6807 = CARTESIAN_POINT ( 'NONE',  ( 8.524999999999998579, 14.72500000000000142, -2.000000000000001776 ) ) ;
#6808 = EDGE_CURVE ( 'NONE', #1342, #885, #928, .T. ) ;
#6809 = DIRECTION ( 'NONE',  ( 1.000000000000000000, 0.000000000000000000, 0.000000000000000000 ) ) ;
#6810 = ADVANCED_FACE ( 'NONE', ( #2145 ), #2731, .T. ) ;
#6811 = CYLINDRICAL_SURFACE ( 'NONE', #731, 3.174999999999998934 ) ;
#6812 = LINE ( 'NONE', #2563, #1727 ) ;
#6813 = DIRECTION ( 'NONE',  ( 0.000000000000000000, -1.000000000000000000, 0.000000000000000000 ) ) ;
#6814 = ORIENTED_EDGE ( 'NONE', *, *, #3923, .T. ) ;
#6815 = VECTOR ( 'NONE', #5276, 1000.000000000000114 ) ;
#6816 = CARTESIAN_POINT ( 'NONE',  ( 12.30000000000000071, -2.061552812808830293, 5.439000000000000945 ) ) ;
#6817 = DIRECTION ( 'NONE',  ( 0.000000000000000000, 0.000000000000000000, 1.000000000000000000 ) ) ;
#6818 = DIRECTION ( 'NONE',  ( 0.000000000000000000, 0.000000000000000000, -1.000000000000000000 ) ) ;
#6819 = DIRECTION ( 'NONE',  ( -0.000000000000000000, -0.000000000000000000, 1.000000000000000000 ) ) ;
#6820 = AXIS2_PLACEMENT_3D ( 'NONE', #2039, #1518, #6384 ) ;
#6821 = ORIENTED_EDGE ( 'NONE', *, *, #776, .T. ) ;
#6822 = CYLINDRICAL_SURFACE ( 'NONE', #2592, 2.100000000000000977 ) ;
#6823 = ORIENTED_EDGE ( 'NONE', *, *, #812, .F. ) ;
#6824 = AXIS2_PLACEMENT_3D ( 'NONE', #4818, #4185, #17 ) ;
#6825 = ADVANCED_FACE ( 'NONE', ( #131, #3903 ), #3866, .F. ) ;
#6826 = DIRECTION ( 'NONE',  ( -0.000000000000000000, -0.000000000000000000, 1.000000000000000000 ) ) ;
#6827 = CARTESIAN_POINT ( 'NONE',  ( 21.40360533646652286, -2.057850353472996385, -19.47861193465578467 ) ) ;
#6828 = VECTOR ( 'NONE', #3692, 1000.000000000000000 ) ;
#6829 = ORIENTED_EDGE ( 'NONE', *, *, #6777, .F. ) ;
#6830 = ORIENTED_EDGE ( 'NONE', *, *, #1611, .T. ) ;
#6831 = DIRECTION ( 'NONE',  ( -1.000000000000000000, 0.000000000000000000, 0.000000000000000000 ) ) ;
#6832 = CARTESIAN_POINT ( 'NONE',  ( 0.000000000000000000, 6.200000000000000178, 0.000000000000000000 ) ) ;
#6833 = CIRCLE ( 'NONE', #3726, 2.100000000000000977 ) ;
#6834 = FACE_OUTER_BOUND ( 'NONE', #4447, .T. ) ;
#6835 = PLANE ( 'NONE',  #4973 ) ;
#6836 = CARTESIAN_POINT ( 'NONE',  ( 0.000000000000000000, 0.000000000000000000, 5.139000000000003787 ) ) ;
#6837 = VERTEX_POINT ( 'NONE', #103 ) ;
#6838 = ORIENTED_EDGE ( 'NONE', *, *, #6690, .T. ) ;
#6839 = CIRCLE ( 'NONE', #4730, 2.100000000000000977 ) ;
#6840 = CIRCLE ( 'NONE', #3848, 3.374999999999999556 ) ;
#6841 = DIRECTION ( 'NONE',  ( 1.000000000000000000, 0.000000000000000000, -8.260587980841934638E-15 ) ) ;
#6842 = CARTESIAN_POINT ( 'NONE',  ( 24.82357945836741209, -2.182266827280789911, -18.64999999999999147 ) ) ;
#6843 = DIRECTION ( 'NONE',  ( -0.9961946980917461003, 0.000000000000000000, 0.08715574274765176821 ) ) ;
#6844 = AXIS2_PLACEMENT_3D ( 'NONE', #3130, #908, #448 ) ;
#6845 = ADVANCED_FACE ( 'NONE', ( #626 ), #3801, .F. ) ;
#6846 = DIRECTION ( 'NONE',  ( -1.000000000000000000, 0.000000000000000000, 0.000000000000000000 ) ) ;
#6847 = DIRECTION ( 'NONE',  ( 0.000000000000000000, -1.000000000000000000, 0.000000000000000000 ) ) ;
#6848 = ORIENTED_EDGE ( 'NONE', *, *, #430, .T. ) ;
#6849 = ADVANCED_FACE ( 'NONE', ( #2247 ), #1832, .T. ) ;
#6850 = EDGE_CURVE ( 'NONE', #3939, #1631, #201, .T. ) ;
#6851 = PLANE ( 'NONE',  #6451 ) ;
#6852 = DIRECTION ( 'NONE',  ( 0.000000000000000000, 0.000000000000000000, -1.000000000000000000 ) ) ;
#6853 = VECTOR ( 'NONE', #1886, 1000.000000000000000 ) ;
#6854 = DIRECTION ( 'NONE',  ( 0.000000000000000000, 0.000000000000000000, 1.000000000000000000 ) ) ;
#6855 = ORIENTED_EDGE ( 'NONE', *, *, #4551, .F. ) ;
#6856 = ADVANCED_FACE ( 'NONE', ( #3295 ), #4623, .T. ) ;
#6857 = CARTESIAN_POINT ( 'NONE',  ( 24.48899999999999721, 2.061552812808830293, -5.950000000000003730 ) ) ;
#6858 = CARTESIAN_POINT ( 'NONE',  ( 12.69999999999999929, 0.000000000000000000, -30.78899999999999793 ) ) ;
#6859 = CARTESIAN_POINT ( 'NONE',  ( 0.4000000000000001887, -1.502637486114517751, -31.53899999999999082 ) ) ;
#6860 = EDGE_LOOP ( 'NONE', ( #5227, #119, #664, #2235 ) ) ;
#6861 = CARTESIAN_POINT ( 'NONE',  ( 12.94709174788198069, 2.087439085565598429, -27.58722132339894628 ) ) ;
#6862 = ORIENTED_EDGE ( 'NONE', *, *, #6906, .F. ) ;
#6863 = AXIS2_PLACEMENT_3D ( 'NONE', #1067, #3744, #3280 ) ;
#6864 = EDGE_CURVE ( 'NONE', #2714, #4318, #4850, .T. ) ;
#6865 = CARTESIAN_POINT ( 'NONE',  ( 12.20190265095412840, 2.040073290564207831, 2.595422128626172054 ) ) ;
#6866 = CARTESIAN_POINT ( 'NONE',  ( 19.05000000000000071, 3.888253587292846081E-16, -3.175000000000001599 ) ) ;
#6867 = CIRCLE ( 'NONE', #2074, 3.175000000000002487 ) ;
#6868 = VERTEX_POINT ( 'NONE', #3338 ) ;
#6869 = EDGE_CURVE ( 'NONE', #4601, #4055, #1191, .T. ) ;
#6870 = EDGE_LOOP ( 'NONE', ( #1303, #536 ) ) ;
#6871 = CYLINDRICAL_SURFACE ( 'NONE', #4109, 3.374999999999999556 ) ;
#6872 = CARTESIAN_POINT ( 'NONE',  ( 25.18900000000000361, 0.000000000000000000, -16.95012705463136982 ) ) ;
#6873 = AXIS2_PLACEMENT_3D ( 'NONE', #6115, #4444, #3394 ) ;
#6874 = LINE ( 'NONE', #2096, #5200 ) ;
#6875 = CARTESIAN_POINT ( 'NONE',  ( 24.18899999999999295, -1.972483239316685122, -5.629368422413537409 ) ) ;
#6876 = DIRECTION ( 'NONE',  ( -1.000000000000000000, 0.000000000000000000, 1.305705842133080558E-16 ) ) ;
#6877 = ORIENTED_EDGE ( 'NONE', *, *, #830, .T. ) ;
#6878 = CIRCLE ( 'NONE', #4768, 3.374999999999999556 ) ;
#6879 = VECTOR ( 'NONE', #4680, 1000.000000000000000 ) ;
#6880 = ORIENTED_EDGE ( 'NONE', *, *, #5890, .F. ) ;
#6881 = CARTESIAN_POINT ( 'NONE',  ( 24.18899999999999650, -2.061552812808830293, -5.950000000000003730 ) ) ;
#6882 =( BOUNDED_CURVE ( )  B_SPLINE_CURVE ( 3, ( #5667, #1003, #6260, #5137 ),
 .UNSPECIFIED., .F., .T. ) 
 B_SPLINE_CURVE_WITH_KNOTS ( ( 4, 4 ),
 ( 4.362112093716119077, 4.472917508490047211 ),
 .UNSPECIFIED. ) 
 CURVE ( )  GEOMETRIC_REPRESENTATION_ITEM ( )  RATIONAL_B_SPLINE_CURVE ( ( 1.000000000000000000, 0.9989771083553060649, 0.9989771083553060649, 1.000000000000000000 ) ) 
 REPRESENTATION_ITEM ( '' )  );
#6883 = DIRECTION ( 'NONE',  ( 0.000000000000000000, 1.000000000000000000, 0.000000000000000000 ) ) ;
#6884 = DIRECTION ( 'NONE',  ( 1.000000000000000000, 0.000000000000000000, 0.000000000000000000 ) ) ;
#6885 = AXIS2_PLACEMENT_3D ( 'NONE', #2514, #6154, #3503 ) ;
#6886 = PLANE ( 'NONE',  #5089 ) ;
#6887 = CARTESIAN_POINT ( 'NONE',  ( -0.7206315775864664541, -1.972483239316683346, -30.53899999999999082 ) ) ;
#6888 = AXIS2_PLACEMENT_3D ( 'NONE', #4519, #5068, #2882 ) ;
#6889 = DIRECTION ( 'NONE',  ( 0.000000000000000000, -0.000000000000000000, 1.000000000000000000 ) ) ;
#6890 = CIRCLE ( 'NONE', #6769, 1.554966049364602254 ) ;
#6891 = ORIENTED_EDGE ( 'NONE', *, *, #6718, .F. ) ;
#6892 = VECTOR ( 'NONE', #3016, 1000.000000000000000 ) ;
#6893 = PLANE ( 'NONE',  #1295 ) ;
#6894 = CARTESIAN_POINT ( 'NONE',  ( 2.268258436585967708, 0.000000000000000000, -31.02076274578120163 ) ) ;
#6895 = CARTESIAN_POINT ( 'NONE',  ( 12.69999999999999929, -0.8890000000000000124, -9.525000000000002132 ) ) ;
#6896 = CARTESIAN_POINT ( 'NONE',  ( 24.48899999999999366, -2.061552812808830293, -5.950000000000003730 ) ) ;
#6897 = FACE_BOUND ( 'NONE', #2956, .T. ) ;
#6898 = CARTESIAN_POINT ( 'NONE',  ( 12.69999999999999929, 0.000000000000000000, -26.28900000000000148 ) ) ;
#6899 = AXIS2_PLACEMENT_3D ( 'NONE', #2834, #4895, #2696 ) ;
#6900 = ORIENTED_EDGE ( 'NONE', *, *, #5021, .T. ) ;
#6901 = DIRECTION ( 'NONE',  ( 0.000000000000000000, -1.000000000000000000, 0.000000000000000000 ) ) ;
#6902 = ORIENTED_EDGE ( 'NONE', *, *, #5149, .T. ) ;
#6903 = CARTESIAN_POINT ( 'NONE',  ( 24.43899999999999650, 0.000000000000000000, -6.350000000000001421 ) ) ;
#6904 = DIRECTION ( 'NONE',  ( -0.000000000000000000, -1.000000000000000000, 0.000000000000000000 ) ) ;
#6905 = ADVANCED_FACE ( 'NONE', ( #3232 ), #4971, .T. ) ;
#6906 = EDGE_CURVE ( 'NONE', #1930, #1159, #5743, .T. ) ;
#6907 = VERTEX_POINT ( 'NONE', #2812 ) ;
#6908 = ORIENTED_EDGE ( 'NONE', *, *, #1125, .F. ) ;
#6909 = VERTEX_POINT ( 'NONE', #6543 ) ;
#6910 = DIRECTION ( 'NONE',  ( -1.000000000000000000, -0.000000000000000000, 0.000000000000000000 ) ) ;
#6911 = DIRECTION ( 'NONE',  ( 0.000000000000000000, 1.000000000000000000, 0.000000000000000000 ) ) ;
#6912 = CARTESIAN_POINT ( 'NONE',  ( -0.3999999999999993006, 2.264950330581225746, 5.523072258617638397 ) ) ;
#6913 = CARTESIAN_POINT ( 'NONE',  ( 21.40322400100831501, 2.057911970479199937, -6.778281967881771841 ) ) ;
#6914 = ORIENTED_EDGE ( 'NONE', *, *, #494, .T. ) ;
#6915 = ORIENTED_EDGE ( 'NONE', *, *, #1798, .T. ) ;
#6916 = CARTESIAN_POINT ( 'NONE',  ( 12.30000000000000071, -1.502637486114518195, 6.139000000000000234 ) ) ;
#6917 = FACE_BOUND ( 'NONE', #4723, .T. ) ;
#6918 = CARTESIAN_POINT ( 'NONE',  ( -3.174999999999999822, -3.888253587292846081E-16, -25.39999999999999858 ) ) ;
#6919 = CARTESIAN_POINT ( 'NONE',  ( 12.69999999999999929, -0.8890000000000000124, -4.250000000000000000 ) ) ;
#6920 = ORIENTED_EDGE ( 'NONE', *, *, #654, .T. ) ;
#6921 = CARTESIAN_POINT ( 'NONE',  ( 0.3999999999999993561, 2.254205848354697839, 5.555636450100673862 ) ) ;
#6922 = CARTESIAN_POINT ( 'NONE',  ( 23.35584935626992120, 1.999113491775012852, -6.997740341250766605 ) ) ;
ENDSEC;
END-ISO-10303-21;
